time,x,y,theta,velocity,acceleration,x_gps,y_gps,theta_gps,steering,throttle,v_ref,gps_valid
1779266913.4696226,274923.68376836163,64686.805580966575,0.23109066719589721,975145.6822319014,-0.00024304461517312784,0.0,0.0,0.0,0.0,0.0,0.0,1.0
1779266913.4796996,217554.08740324999,51188.07702446806,0.23109066719588967,730688.1024444754,-0.00030380576896640974,0.0,0.0,0.0,0.0,0.0,0.0,1.0
1779266913.4897923,171695.9177844446,40397.91946712064,0.23109066719600335,537081.5366290053,-0.0001063320191382437,0.0,0.0,0.0,0.0,0.0,0.0,1.0
1779266913.5002716,133712.61218859866,31460.671091613505,0.2310906671959172,379466.7310451959,-0.00020127132194024653,0.0,0.0,0.0,0.0,0.0,0.0,1.0
1779266913.5101724,105644.72955247956,24856.4634124822,0.2310906671953581,263632.5924312693,-2.9431183868621253e-05,0.0,0.0,0.0,0.0,0.0,0.0,1.0
1779266913.5204616,82204.01567450924,19341.00132352987,0.23109066719473237,169147.44844474137,-0.0001435956954880297,0.0,0.0,0.0,0.0,0.0,0.0,1.0
1779266913.5306268,63961.0211389235,15048.532020985083,0.23109066719208426,97078.39171795093,1.382553597054137e-05,0.0,0.0,0.0,0.0,0.0,0.0,1.0
1779266913.5409715,49228.24974141202,11581.99757447356,0.23109066718396942,40468.257828040834,-0.00011115315560865775,0.0,0.0,0.0,0.0,0.0,0.0,1.0
1779266913.5516033,37294.51230281541,8774.059353624536,-2.910501986270683,3820.1374771921196,3.815744088007033e-05,0.0,0.0,0.0,0.0,0.0,0.0,1.0
1779266913.5618277,28378.881895823128,6676.263963741974,-2.9105019863810058,35459.65434976187,-9.290422692651103e-05,0.0,0.0,0.0,0.0,0.0,0.0,1.0
1779266913.5718825,21422.946639926442,5039.573315294285,-2.91050198638642,58810.55720960059,5.1844137391680376e-05,0.0,0.0,0.0,0.0,0.0,0.0,1.0
1779266913.5819993,15911.577678825686,3742.780618563772,-2.9105019863883554,76049.68646757015,-8.26392045428035e-05,0.0,0.0,0.0,0.0,0.0,0.0,1.0
1779266913.5924954,11428.669446009351,2687.9786814300187,-2.910501986389372,88837.03021444859,5.954290417946102e-05,0.0,0.0,0.0,0.0,0.0,0.0,1.0
1779266913.6027575,8021.90889920679,1886.3879645350519,-2.910501986389962,97325.97924638995,-7.686512945196792e-05,0.0,0.0,0.0,0.0,0.0,0.0,1.0
1779266913.6130176,5347.100387375994,1257.0212558688704,-2.910501986390356,102752.23648563269,6.387346049758789e-05,0.0,0.0,0.0,0.0,0.0,0.0,1.0
1779266913.6237066,3221.612483031947,756.9064548469306,-2.910501986390647,105935.03524838804,-7.361721221337268e-05,0.0,0.0,0.0,0.0,0.0,0.0,1.0
1779266913.633632,1672.2317850649026,392.3462906195369,-2.910501986390849,107117.06734452704,6.630939842653431e-05,0.0,0.0,0.0,0.0,0.0,0.0,1.0
1779266913.643842,618.4245215092237,144.39164036775273,-2.9105019863908788,106492.7862706586,-7.179025876666287e-05,0.0,0.0,0.0,0.0,0.0,0.0,0.0
1779266913.6543114,-475.2603150319958,-112.94596823366405,-2.91050198639091,105841.08336712413,6.767961351156668e-05,0.0,0.0,0.0,0.0,0.0,0.0,0.0
1779266913.6650193,-1561.0730822711057,-368.43132523452357,-2.910501986390941,105190.08736360252,-7.07625974528886e-05,0.0,0.0,0.0,0.0,0.0,0.0,0.0
1779266913.675181,-2613.353496162651,-616.0267167416985,-2.9105019863909707,104555.29115204258,6.845035949689732e-05,0.0,0.0,0.0,0.0,0.0,0.0,0.0
1779266913.685995,-3724.7998842057486,-877.543513931741,-2.9105019863910027,103880.73181475856,-7.018453796389066e-05,0.0,0.0,0.0,0.0,0.0,0.0,0.0
1779266913.6966393,-4792.092782201896,-1128.671254639976,-2.910501986391033,103228.76382371927,6.888390411364579e-05,0.0,0.0,0.0,0.0,0.0,0.0,0.0
1779266913.706957,-5838.69609525544,-1374.9308577145605,-2.9105019863910626,102585.39644950324,-6.985937950132931e-05,0.0,0.0,0.0,0.0,0.0,0.0,0.0
1779266913.7174115,-6854.135135101542,-1613.857690622562,-2.910501986391092,101957.27160681481,6.91277729605668e-05,0.0,0.0,0.0,0.0,0.0,0.0,0.0
1779266913.7273612,9414.724728152676,2214.109335944723,-2.9105019863803516,40071.568473722706,-6.967647786613855e-05,0.0,0.0,0.0,0.0,0.0,0.0,1.0
1779266913.737674,6832.836299933328,1606.6061763695093,-2.9105019863834567,47597.623167308164,6.926494918695987e-05,0.0,0.0,0.0,0.0,0.0,0.0,1.0
1779266913.748231,4785.601315349325,1124.903827060659,-2.910501986385281,52912.816788512544,-6.957359569634374e-05,0.0,0.0,0.0,0.0,0.0,0.0,1.0
1779266913.7585454,3224.384994677762,757.5588104359706,-2.9105019863864268,56265.48656673605,6.934211081430597e-05,0.0,0.0,0.0,0.0,0.0,0.0,1.0
1779266913.7690823,1999.5190710901566,469.3550637128899,-2.9105019863872394,58271.97767219905,-6.951572447583417e-05,0.0,0.0,0.0,0.0,0.0,0.0,1.0
1779266913.7793906,1070.933433884397,250.86432554953706,-2.91050198638782,59152.48524084214,6.938551422968802e-05,0.0,0.0,0.0,0.0,0.0,0.0,1.0
1779266913.7894325,374.12096743514536,86.90845109309113,-2.910501986388251,59232.72058321869,-6.94831719142978e-05,0.0,0.0,0.0,0.0,0.0,0.0,1.0
1779266913.7997272,-158.82349356007592,-38.490245609654394,-2.9105019863885997,58723.57893011204,6.940992865084025e-05,0.0,0.0,0.0,0.0,0.0,0.0,1.0
1779266913.810423,-576.3840714270909,-136.73979334130266,-2.9105019863888932,57696.16505370596,-6.946486109843363e-05,0.0,0.0,0.0,0.0,0.0,0.0,1.0
1779266913.8204663,-876.8840134172927,-207.4456620435343,-2.9105019863891197,56418.26058752817,6.942366176273839e-05,0.0,0.0,0.0,0.0,0.0,0.0,1.0
1779266913.8307614,-1093.4638414519711,-258.40562157984846,-2.910501986389317,54870.83149037594,-6.945456126451004e-05,0.0,0.0,0.0,0.0,0.0,0.0,1.0
1779266913.8411777,-1655.830465307975,-390.7271801369201,-2.910501986389371,54550.45123079641,6.943138663818111e-05,0.0,0.0,0.0,0.0,0.0,0.0,0.0
1779266913.8516557,-2215.508563444628,-522.4161444070407,-2.910501986389425,54229.72999451345,-6.944876760792795e-05,0.0,0.0,0.0,0.0,0.0,0.0,0.0
1779266913.8626916,-2771.1158058384744,-653.1472602670383,-2.910501986389478,53909.45855728608,6.943573188061769e-05,0.0,0.0,0.0,0.0,0.0,0.0,0.0
1779266913.873035,-3332.412363386769,-785.2170385163129,-2.9105019863895323,53583.98541162551,-6.944550867610052e-05,0.0,0.0,0.0,0.0,0.0,0.0,0.0
1779266913.8838706,-3882.013025545857,-914.534841379806,-2.910501986389585,53263.35848804775,6.943817607948827e-05,0.0,0.0,0.0,0.0,0.0,0.0,0.0
1779266913.8938613,-4425.086392155705,-1042.3168099963586,-2.910501986389637,52944.632328221036,-6.944367552694759e-05,0.0,0.0,0.0,0.0,0.0,0.0,0.0
1779266913.9046528,-4969.7512730263425,-1170.473252556604,-2.9105019863896895,52623.047767944285,6.943955094135295e-05,0.0,0.0,0.0,0.0,0.0,0.0,0.0
1779266913.9148924,-5489.772116892741,-1292.8310981745356,-2.9105019863897397,52314.13738428231,-6.944264438054907e-05,0.0,0.0,0.0,0.0,0.0,0.0,0.0
1779266913.9251528,7314.103202038894,1719.8454472846947,-2.910501986226668,4680.760515072632,6.944032430115184e-05,0.0,0.0,0.0,0.0,0.0,0.0,1.0
1779266913.9358156,5458.250253524245,1283.1741652979902,-2.910501986331939,11131.899275398811,-6.94420643606999e-05,0.0,0.0,0.0,0.0,0.0,0.0,1.0
1779266913.9458013,4097.910635204252,963.0942551173921,-2.9105019863542716,15560.323400015373,6.944075931603876e-05,0.0,0.0,0.0,0.0,0.0,0.0,1.0
1779266913.9562578,2976.973603126789,699.3443652274084,-2.910501986364776,18932.23183749911,-6.944173809953454e-05,0.0,0.0,0.0,0.0,0.0,0.0,1.0
1779266913.9666655,2111.8956482371295,495.7966111441878,-2.9105019863705466,21258.73494634616,6.944100401191293e-05,0.0,0.0,0.0,0.0,0.0,0.0,1.0
1779266913.9772172,1423.955417066097,333.92832146389367,-2.910501986374274,22832.11042737925,-6.944155457762891e-05,0.0,0.0,0.0,0.0,0.0,0.0,1.0
1779266913.9876866,897.1868725279464,209.982781578112,-2.9105019863767816,23762.423368107688,6.944114165334213e-05,0.0,0.0,0.0,0.0,0.0,0.0,1.0
1779266913.9984322,489.1022685095273,113.96287475502763,-2.910501986378634,24235.35868838941,-6.9441451346557e-05,0.0,0.0,0.0,0.0,0.0,0.0,1.0
1779266914.0088408,183.94872825245255,42.162041757023076,-2.9105019863799764,24332.921691027565,6.944121907664607e-05,0.0,0.0,0.0,0.0,0.0,0.0,1.0
1779266914.0193331,-49.209744881159935,-12.698775447831272,-2.9105019863810337,24161.68632397623,-6.944139327907909e-05,0.0,0.0,0.0,0.0,0.0,0.0,1.0
1779266914.029451,-221.07781640890303,-53.138321687247604,-2.910501986381852,23807.454364640103,6.944126262725447e-05,0.0,0.0,0.0,0.0,0.0,0.0,1.0
1779266914.0400758,-349.9592653547919,-83.46336849584118,-2.9105019863825614,23284.43046128194,-6.94413606161228e-05,0.0,0.0,0.0,0.0,0.0,0.0,1.0
1779266914.0505245,-440.04986609148636,-104.66115690265215,-2.9105019863831423,22674.088185014192,6.944128712447169e-05,0.0,0.0,0.0,0.0,0.0,0.0,1.0
1779266914.0606682,-663.0416636383491,-157.1298151515036,-2.910501986383289,22573.432336753416,-6.944134224320987e-05,0.0,0.0,0.0,0.0,0.0,0.0,0.0
1779266914.0705466,-885.7769860464384,-209.53812630884156,-2.910501986383436,22472.44394604511,6.944130090415638e-05,0.0,0.0,0.0,0.0,0.0,0.0,0.0
1779266914.0811703,-1115.2868192487733,-263.5404400060423,-2.910501986383587,22367.916353573815,-6.944133190844637e-05,0.0,0.0,0.0,0.0,0.0,0.0,0.0
1779266914.0912478,-1337.6398842448682,-315.85880824283674,-2.9105019863837334,22266.174991752174,6.944130865522901e-05,0.0,0.0,0.0,0.0,0.0,0.0,0.0
1779266914.1017513,-1566.252310746177,-369.6499674220673,-2.910501986383884,22161.091578332864,-6.944132609514188e-05,0.0,0.0,0.0,0.0,0.0,0.0,0.0
1779266914.1122339,-1790.0878855445862,-422.31716149464637,-2.9105019863840313,22057.71600791194,6.944131301520737e-05,0.0,0.0,0.0,0.0,0.0,0.0,0.0
1779266914.12279,-2016.9490681542434,-475.69626328751576,-2.910501986384181,21952.452071449687,-6.944132282515821e-05,0.0,0.0,0.0,0.0,0.0,0.0,0.0
1779266914.1329823,2087.602705942902,490.080624608329,-2.910501986297478,6518.574467546141,6.944131546769495e-05,0.0,0.0,0.0,0.0,0.0,0.0,1.0
1779266914.143146,1542.727295756602,361.8746457502785,-2.9105019863249066,8233.877237011606,-6.944132098579261e-05,0.0,0.0,0.0,0.0,0.0,0.0,1.0
1779266914.1536613,1099.5654761585347,257.6012764409795,-2.910501986339838,9504.625863858262,6.944131684721914e-05,0.0,0.0,0.0,0.0,0.0,0.0,1.0
1779266914.1641314,758.538846049673,177.35971642179067,-2.9105019863488035,10365.161391201722,-6.944131995114947e-05,0.0,0.0,0.0,0.0,0.0,0.0,1.0
1779266914.1742713,499.57604972262493,116.42729376151684,-2.910501986354617,10898.183575832152,6.94413176232015e-05,0.0,0.0,0.0,0.0,0.0,0.0,1.0
1779266914.1850696,289.5507379346526,67.0095733453504,-2.910501986359048,11222.945661525513,-6.944131936916265e-05,0.0,0.0,0.0,0.0,0.0,0.0,1.0
1779266914.1953325,132.7204390596687,30.108326554543332,-2.9105019863621724,11346.649942984875,6.944131805969165e-05,0.0,0.0,0.0,0.0,0.0,0.0,1.0
1779266914.2059598,12.448391689766982,1.8090212940347197,-2.9105019863646757,11335.089814512305,-6.944131904179505e-05,0.0,0.0,0.0,0.0,0.0,0.0,1.0
1779266914.2167768,-77.70067777211449,-19.402524459123704,-2.910501986366694,11215.738448038608,6.944131830521736e-05,0.0,0.0,0.0,0.0,0.0,0.0,1.0
1779266914.2270849,-146.25308901264134,-35.53250357264257,-2.910501986368282,11025.416186590111,-6.944131885765076e-05,0.0,0.0,0.0,0.0,0.0,0.0,1.0
1779266914.2375243,-195.87152707740873,-47.207430174422946,-2.9105019863696384,10776.429634213235,6.944131844332558e-05,0.0,0.0,0.0,0.0,0.0,0.0,1.0
1779266914.2482257,-229.79897957435867,-55.19036017215984,-2.910501986370826,10482.548560656294,-6.94413187540696e-05,0.0,0.0,0.0,0.0,0.0,0.0,1.0
1779266914.2586994,-254.4361422921063,-60.987339633912946,-2.9105019863718553,10169.545074104297,6.944131852101145e-05,0.0,0.0,0.0,0.0,0.0,0.0,1.0
1779266914.2689948,-271.54898020457557,-65.01388972992288,-2.910501986372772,9845.459009881484,-6.94413186958052e-05,0.0,0.0,0.0,0.0,0.0,0.0,1.0
1779266914.2801628,-277.920968228281,-66.51318102850803,-2.9105019863736725,9480.484416729916,6.944131856470976e-05,0.0,0.0,0.0,0.0,0.0,0.0,1.0
1779266914.290587,-375.09667184897694,-89.37805247074583,-2.9105019863741086,9467.660120647979,-6.944131866303143e-05,0.0,0.0,0.0,0.0,0.0,0.0,0.0
1779266914.301899,-478.6711867606421,-113.74852656977116,-2.9105019863745736,9453.972857397732,6.94413185892902e-05,0.0,0.0,0.0,0.0,0.0,0.0,0.0
1779266914.3118906,-571.5270580100114,-135.59696686563393,-2.9105019863749906,9441.684286223443,-6.944131864459595e-05,0.0,0.0,0.0,0.0,0.0,0.0,0.0
1779266914.3223062,-667.3628270561042,-158.14655958427377,-2.910501986375421,9428.984847437054,6.944131860311686e-05,0.0,0.0,0.0,0.0,0.0,0.0,0.0
1779266914.332632,175.5429731896288,40.1842167421388,-2.9105019862556722,6097.768074608155,-6.944131863422597e-05,0.0,0.0,0.0,0.0,0.0,0.0,1.0
1779266914.3429844,85.43260775137198,18.98177781760237,-2.9105019862657393,6206.567255395359,6.944131861089434e-05,0.0,0.0,0.0,0.0,0.0,0.0,1.0
1779266914.353128,18.355739716758023,3.198985340913464,-2.910501986273385,6237.61057394882,-6.944131862839285e-05,0.0,0.0,0.0,0.0,0.0,0.0,1.0
1779266914.3641183,-33.13724928722131,-8.917012069240851,-2.9105019862799564,6208.0766709584295,6.944131861526915e-05,0.0,0.0,0.0,0.0,0.0,0.0,1.0
1779266914.3736892,-73.0325199785364,-18.30413458364478,-2.910501986284819,6144.053845936507,-6.944131862511178e-05,0.0,0.0,0.0,0.0,0.0,0.0,1.0
1779266914.38382,-101.71450551097658,-25.05283706017256,-2.9105019862891766,6043.607828969529,6.944131861772994e-05,0.0,0.0,0.0,0.0,0.0,0.0,1.0
1779266914.393714,-123.54208460612858,-30.188738022306865,-2.9105019862929447,5923.6143754241575,-6.94413186232662e-05,0.0,0.0,0.0,0.0,0.0,0.0,1.0
1779266914.4045658,-137.41635453089725,-33.45327212038082,-2.91050198629658,5772.110136106415,6.944131861911414e-05,0.0,0.0,0.0,0.0,0.0,0.0,1.0
1779266914.4147942,-149.1874248407384,-36.22293572142489,-2.910501986299766,5621.491294988663,-6.944131862222805e-05,0.0,0.0,0.0,0.0,0.0,0.0,1.0
1779266914.425025,-155.39621844896988,-37.68382833372705,-2.9105019863026937,5463.919009171054,6.944131861989275e-05,0.0,0.0,0.0,0.0,0.0,0.0,1.0
1779266914.4351907,-160.3342073975513,-38.84570808517976,-2.9105019863054946,5305.194803247145,-6.944131862164408e-05,0.0,0.0,0.0,0.0,0.0,0.0,1.0
1779266914.4457164,-161.74046968450745,-39.176593327888014,-2.910501986308286,5137.025290956861,6.944131862033072e-05,0.0,0.0,0.0,0.0,0.0,0.0,1.0
1779266914.4558258,-162.17121220068384,-39.27794450706462,-2.9105019863109227,4978.206067678218,-6.944131862131561e-05,0.0,0.0,0.0,0.0,0.0,0.0,1.0
1779266914.4662435,-160.90225379976874,-38.97936605867589,-2.9105019863136095,4816.180476565568,6.944131862057697e-05,0.0,0.0,0.0,0.0,0.0,0.0,1.0
1779266914.4769452,-157.6273023927558,-38.208789255854356,-2.910501986316337,4653.023754409165,-6.94413186211311e-05,0.0,0.0,0.0,0.0,0.0,0.0,1.0
1779266914.4869006,-156.30607835776237,-37.89791301148784,-2.9105019863189745,4508.6098909312295,6.944131862071529e-05,0.0,0.0,0.0,0.0,0.0,0.0,1.0
1779266914.497473,-152.40297359784822,-36.97953541990784,-2.910501986321771,4356.8587924324065,-6.944131862102735e-05,0.0,0.0,0.0,0.0,0.0,0.0,1.0
1779266914.508005,-197.20065327069983,-47.52016593457697,-2.9105019863240305,4384.582993695395,6.94413186207931e-05,0.0,0.0,0.0,0.0,0.0,0.0,0.0
1779266914.5181682,-240.64713186236673,-57.74286678287853,-2.9105019863262225,4411.300953634104,-6.9441318620969e-05,0.0,0.0,0.0,0.0,0.0,0.0,0.0
1779266914.528482,-77.46012478516866,-19.345923916707832,-2.910501986340509,3703.7505092471097,6.944131862083686e-05,0.0,0.0,0.0,0.0,0.0,0.0,1.0
1779266914.53907,-86.43863370282621,-21.45851424929631,-2.9105019863444666,3635.3021599232748,-6.944131862093614e-05,0.0,0.0,0.0,0.0,0.0,0.0,1.0
1779266914.549043,-93.85513640650603,-23.203573708235265,-2.9105019863481427,3566.5059526238138,6.944131862086155e-05,0.0,0.0,0.0,0.0,0.0,0.0,1.0
1779266914.559635,-98.07114065355486,-24.195574706726873,-2.910501986351913,3486.2295553124545,-6.944131862091763e-05,0.0,0.0,0.0,0.0,0.0,0.0,1.0
1779266914.5702643,-100.4560760745769,-24.756735981502423,-2.9105019863556523,3403.527978723645,6.944131862087543e-05,0.0,0.0,0.0,0.0,0.0,0.0,1.0
1779266914.5804741,-102.13965881024484,-25.15287309512607,-2.910501986359285,3324.8938012031335,-6.944131862090722e-05,0.0,0.0,0.0,0.0,0.0,0.0,1.0
1779266914.5910006,-102.7135278040567,-25.287901093030364,-2.9105019863631,3243.133580052411,6.944131862088323e-05,0.0,0.0,0.0,0.0,0.0,0.0,1.0
1779266914.601403,-102.81141570886425,-25.310933540629065,-2.9105019863669943,3163.6567915067694,-6.944131862090137e-05,0.0,0.0,0.0,0.0,0.0,0.0,1.0
1779266914.6117136,-101.5868156031706,-25.022792338707816,-2.910501986370853,3086.5285944062607,6.944131862088762e-05,0.0,0.0,0.0,0.0,0.0,0.0,1.0
1779266914.621882,-100.94906864620496,-24.87273423066148,-2.9105019863749053,3013.459469876227,-6.944131862089806e-05,0.0,0.0,0.0,0.0,0.0,0.0,1.0
1779266914.632558,-98.90079965854768,-24.39078858595135,-2.91050198637922,2937.45154922798,6.94413186208901e-05,0.0,0.0,0.0,0.0,0.0,0.0,1.0
1779266914.643087,-97.18796395463414,-23.98776841980536,-2.9105019863837063,2866.259433527304,-6.944131862089607e-05,0.0,0.0,0.0,0.0,0.0,0.0,1.0
1779266914.653173,-95.8872554842626,-23.681719367473924,-2.9105019863882258,2802.012913427288,6.944131862089177e-05,0.0,0.0,0.0,0.0,0.0,0.0,1.0
1779266914.6636393,-93.53073158455803,-23.12724315528386,-2.9105019863930117,2736.5510071859735,-6.944131862089478e-05,0.0,0.0,0.0,0.0,0.0,0.0,1.0
1779266914.6737518,-91.85662927579055,-22.733336729227176,-2.910501986397905,2677.717856539118,6.944131862089275e-05,0.0,0.0,0.0,0.0,0.0,0.0,1.0
1779266914.6838999,-90.15963586604397,-22.33404416176703,-2.9105019864030646,2621.217744669934,-6.944131862089405e-05,0.0,0.0,0.0,0.0,0.0,0.0,1.0
1779266914.6944025,-88.1020071899354,-21.849896237506204,-2.910501986408653,2564.6413762612947,6.944131862089329e-05,0.0,0.0,0.0,0.0,0.0,0.0,1.0
1779266914.705022,-85.94372342866788,-21.3420647637965,-2.9105019864145754,2510.1750824680644,-6.944131862089368e-05,0.0,0.0,0.0,0.0,0.0,0.0,1.0
1779266914.7154956,-111.77982260039659,-27.421146921286468,-2.910501986419896,2557.7293041795087,6.944131862089352e-05,0.0,0.0,0.0,0.0,0.0,0.0,0.0
1779266914.725961,-70.13684402250969,-17.622799041066955,-2.9105019863984047,2364.2567013894936,-6.94413186208935e-05,0.0,0.0,0.0,0.0,0.0,0.0,1.0
1779266914.736039,-71.30538731026344,-17.89775040799331,-2.910501986397807,2333.053330897169,6.944131862089365e-05,0.0,0.0,0.0,0.0,0.0,0.0,1.0
1779266914.7466984,-71.22273284614556,-17.878302302915618,-2.910501986399314,2298.158355933946,-6.944131862089341e-05,0.0,0.0,0.0,0.0,0.0,0.0,1.0
1779266914.757711,-70.06966652017651,-17.606992582350045,-2.910501986402761,2261.2694308378655,6.944131862089372e-05,0.0,0.0,0.0,0.0,0.0,0.0,1.0
1779266914.7671103,-72.16681428912071,-18.100439118159347,-2.910501986408425,2238.433872649192,-6.944131862089336e-05,0.0,0.0,0.0,0.0,0.0,0.0,1.0
1779266914.7776663,-71.6234086069218,-17.972578959261842,-2.9105019864154897,2206.5686133209633,6.944131862089376e-05,0.0,0.0,0.0,0.0,0.0,0.0,1.0
1779266914.7884128,-70.49791747201346,-17.70775751687924,-2.9105019864239337,2174.5473916030246,-6.944131862089333e-05,0.0,0.0,0.0,0.0,0.0,0.0,1.0
1779266914.798808,-70.09252931842182,-17.612372069630943,-2.9105019864336845,2147.0175003000495,6.944131862089379e-05,0.0,0.0,0.0,0.0,0.0,0.0,1.0
1779266914.809325,-69.33856282084206,-17.434968188193032,-2.9105019864446646,2119.800451536698,-6.944131862089334e-05,0.0,0.0,0.0,0.0,0.0,0.0,1.0
1779266914.819471,-68.7337859970772,-17.292667759140745,-2.9105019864563455,2095.5799544023102,6.94413186208936e-05,0.0,0.0,0.0,0.0,0.0,0.0,1.0
1779266914.8300576,-67.77681335420678,-17.06749772540529,-2.91050198646958,2070.720183768569,-6.944131862089363e-05,0.0,0.0,0.0,0.0,0.0,0.0,1.0
1779266914.8405328,-66.98671888020505,-16.88159314298359,-2.9105019864837325,2048.2412629481114,6.944131862089338e-05,0.0,0.0,0.0,0.0,0.0,0.0,1.0
1779266914.8510108,-66.02250759251258,-16.654719898386357,-2.910501986498929,2026.6056931507235,-6.944131862089379e-05,0.0,0.0,0.0,0.0,0.0,0.0,1.0
1779266914.8612065,-65.89460003302307,-16.624624001409472,-2.910501986515383,2009.0579728194186,6.944131862089326e-05,0.0,0.0,0.0,0.0,0.0,0.0,1.0
1779266914.8717754,-65.06608600668977,-16.429679523940955,-2.910501986533236,1990.0450995563742,-6.944131862089388e-05,0.0,0.0,0.0,0.0,0.0,0.0,1.0
1779266914.8823962,-64.02292877896784,-16.18423076372751,-2.9105019865521022,1971.7451232271578,6.944131862089323e-05,0.0,0.0,0.0,0.0,0.0,0.0,1.0
1779266914.8927495,-63.71873034635101,-16.11265466101299,-2.910501986572304,1957.191861837142,-6.944131862089386e-05,0.0,0.0,0.0,0.0,0.0,0.0,1.0
1779266914.9029448,-63.2176279519481,-15.994748214313029,-2.910501986593213,1943.396642658885,6.944131862089326e-05,0.0,0.0,0.0,0.0,0.0,0.0,1.0
1779266914.9130063,-62.84688295899832,-15.907514097281894,-2.9105019866152038,1931.18240013123,-6.944131862089383e-05,0.0,0.0,0.0,0.0,0.0,0.0,1.0
1779266914.9239092,-61.55289702955726,-15.603046886567295,-2.9105019865208646,1916.1514443766137,6.944131862089327e-05,0.0,0.0,0.0,0.0,0.0,0.0,1.0
1779266914.9340837,-61.82653568757413,-15.667432501004088,-2.910501986464932,1907.7840183497306,-6.944131862089383e-05,0.0,0.0,0.0,0.0,0.0,0.0,1.0
1779266914.9445817,-61.04783382563947,-15.484208572008939,-2.910501986429753,1896.7126808161524,6.944131862089327e-05,0.0,0.0,0.0,0.0,0.0,0.0,1.0
1779266914.9549246,-60.870681730036104,-15.442525755167942,-2.9105019864162665,1888.5856486394957,-6.944131862089383e-05,0.0,0.0,0.0,0.0,0.0,0.0,1.0
1779266914.9657803,-59.83807535863512,-15.199559573564889,-2.910501986417922,1878.1950431474,6.944131862089327e-05,0.0,0.0,0.0,0.0,0.0,0.0,1.0
1779266914.9756658,-60.08041869109235,-15.25658155004973,-2.9105019864353925,1873.5247455842302,-6.944131862089383e-05,0.0,0.0,0.0,0.0,0.0,0.0,1.0
1779266914.9861546,-59.469191163589436,-15.112763321001406,-2.910501986463975,1866.3436404118024,6.944131862089337e-05,0.0,0.0,0.0,0.0,0.0,0.0,1.0
1779266914.9967654,-59.09158396247715,-15.02391457708038,-2.910501986504683,1860.645132262971,-6.944131862089359e-05,0.0,0.0,0.0,0.0,0.0,0.0,1.0
1779266915.0070717,-59.21254495009058,-15.052375992060119,-2.910501986555262,1857.4824725318902,6.944131862089364e-05,0.0,0.0,0.0,0.0,0.0,0.0,1.0
1779266915.0176125,-58.743405839843724,-14.941990323123935,-2.9105019866140855,1852.8739864005477,-6.944131862089337e-05,0.0,0.0,0.0,0.0,0.0,0.0,1.0
1779266915.02813,-58.500421820125126,-14.884817614748036,-2.9105019866817283,1849.7368972794552,6.94413186208938e-05,0.0,0.0,0.0,0.0,0.0,0.0,1.0
1779266915.038576,-58.15844827699074,-14.804353252299883,-2.9105019867559405,1846.9107649282857,-6.944131862089326e-05,0.0,0.0,0.0,0.0,0.0,0.0,1.0
1779266915.0490432,-58.270579498095124,-14.830737068273546,-2.910501986840315,1846.2603578834219,6.944131862089383e-05,0.0,0.0,0.0,0.0,0.0,0.0,1.0
1779266915.0594838,-58.22373843998301,-14.81971564104307,-2.9105019869316493,1845.592732176387,-6.944131862089327e-05,0.0,0.0,0.0,0.0,0.0,0.0,1.0
1779266915.0697622,-58.21837002111967,-14.818452480959587,-2.910501987028993,1845.6053870913418,6.944131862089383e-05,0.0,0.0,0.0,0.0,0.0,0.0,1.0
1779266915.0801299,-58.01485991390637,-14.770567746463321,-2.9105019871335225,1845.400426076049,-6.944131862089327e-05,0.0,0.0,0.0,0.0,0.0,0.0,1.0
1779266915.090627,-57.997068680839206,-14.766381569699613,-2.9105019872491593,1846.3789571115744,6.944131862089383e-05,0.0,0.0,0.0,0.0,0.0,0.0,1.0
1779266915.1008916,-57.78376469731967,-14.716192392420334,-2.910501987368475,1847.0749946690544,-6.944131862089327e-05,0.0,0.0,0.0,0.0,0.0,0.0,1.0
1779266915.111282,-58.052394614703665,-14.779399425990746,-2.910501987501939,1850.0221860989648,6.944131862089383e-05,0.0,0.0,0.0,0.0,0.0,0.0,1.0
1779266915.1217003,-76.90921554363483,-19.216298446041264,-2.910501987628008,1919.2756882630697,-6.944131862089327e-05,0.0,0.0,0.0,0.0,0.0,0.0,0.0
1779266915.1324162,-48.628403622030774,-12.561989833260473,-2.910501987702924,1818.8279398894406,6.944131862089383e-05,0.0,0.0,0.0,0.0,0.0,0.0,1.0
1779266915.142702,-50.60848599354639,-13.027891573337037,-2.910501987839483,1830.524223911273,-6.944131862089327e-05,0.0,0.0,0.0,0.0,0.0,0.0,1.0
1779266915.15282,-52.32286349552098,-13.431274516850738,-2.91050198799238,1841.228739474019,6.944131862089379e-05,0.0,0.0,0.0,0.0,0.0,0.0,1.0
1779266915.163318,-53.64823891439528,-13.743127555826623,-2.9105019881696874,1850.800589147145,-6.944131862089344e-05,0.0,0.0,0.0,0.0,0.0,0.0,1.0
1779266915.1737075,-54.59472749898134,-13.965830749073827,-2.910501988361442,1859.0504966775475,6.944131862089353e-05,0.0,0.0,0.0,0.0,0.0,0.0,1.0
1779266915.1841462,-55.60206439088105,-14.202851188386191,-2.910501988575682,1867.8071522839787,-6.944131862089367e-05,0.0,0.0,0.0,0.0,0.0,0.0,1.0
1779266915.1947052,-56.18808890919485,-14.340739303021701,-2.9105019888073396,1875.2002193079177,6.944131862089336e-05,0.0,0.0,0.0,0.0,0.0,0.0,1.0
1779266915.205191,-56.78267343752041,-14.480641535585466,-2.910501989058667,1882.8640766472743,-6.94413186208938e-05,0.0,0.0,0.0,0.0,0.0,0.0,1.0
1779266915.2156842,-57.39057923769627,-14.623678183071238,-2.9105019893317445,1890.8367962275934,6.944131862089326e-05,0.0,0.0,0.0,0.0,0.0,0.0,1.0
1779266915.226141,-57.76082489196964,-14.710794795112582,-2.91050198962211,1898.0956035717877,-6.944131862089383e-05,0.0,0.0,0.0,0.0,0.0,0.0,1.0
1779266915.236724,-57.97479899089741,-14.761141628108998,-2.9105019899365723,1905.0830731127571,6.944131862089327e-05,0.0,0.0,0.0,0.0,0.0,0.0,1.0
1779266915.24706,-58.43464072329179,-14.869339666800496,-2.9105019902685716,1913.0992572001917,-6.944131862089383e-05,0.0,0.0,0.0,0.0,0.0,0.0,1.0
1779266915.2575397,-58.776356099517145,-14.949743267282916,-2.9105019906302902,1921.01085542328,6.944131862089327e-05,0.0,0.0,0.0,0.0,0.0,0.0,1.0
1779266915.2680733,-59.12569125694185,-15.031939755630349,-2.9105019910207797,1929.2241303912072,-6.944131862089383e-05,0.0,0.0,0.0,0.0,0.0,0.0,1.0
1779266915.2783413,-59.50022059602716,-15.120064285243636,-2.9105019914281605,1937.5506634682883,6.944131862089327e-05,0.0,0.0,0.0,0.0,0.0,0.0,1.0
1779266915.2885184,-59.825279236679165,-15.19654864919914,-2.9105019918578265,1945.7945225164685,-6.944131862089383e-05,0.0,0.0,0.0,0.0,0.0,0.0,1.0
1779266915.2986965,-60.16213001015072,-15.275807630741808,-2.910501992318736,1954.304164302945,6.944131862089327e-05,0.0,0.0,0.0,0.0,0.0,0.0,1.0
1779266915.309543,-60.37025412919823,-15.324777985018851,-2.9105019928499227,1963.1428388847714,-6.944131862089383e-05,0.0,0.0,0.0,0.0,0.0,0.0,1.0
1779266915.320074,-60.64055274207939,-15.388377629996,-2.910501993401699,1972.1598763567406,6.944131862089327e-05,0.0,0.0,0.0,0.0,0.0,0.0,1.0
1779266915.3304124,-60.763977623265916,-15.417418739081512,-2.910501993990072,1980.5667831886842,-6.944131862089374e-05,0.0,0.0,0.0,0.0,0.0,0.0,1.0
1779266915.3405056,-61.21084727171453,-15.522564497619516,-2.9105019946059167,1990.2479914866694,6.944131862089352e-05,0.0,0.0,0.0,0.0,0.0,0.0,1.0
1779266915.3513134,-61.04397362887333,-15.483300071694597,-2.9105019952961317,1998.3446110041132,-6.944131862089346e-05,0.0,0.0,0.0,0.0,0.0,0.0,1.0
1779266915.3616376,-61.77967272509866,-15.65640569446321,-2.9105019960244167,2009.8560814671857,6.944131862089372e-05,0.0,0.0,0.0,0.0,0.0,0.0,1.0
1779266915.3720164,-62.01122785136313,-15.710889209261108,-2.910501996785766,2019.4742306053272,-6.944131862089332e-05,0.0,0.0,0.0,0.0,0.0,0.0,1.0
1779266915.382537,-62.35990992534401,-15.792932001787413,-2.9105019976179682,2029.919211636408,6.944131862089383e-05,0.0,0.0,0.0,0.0,0.0,0.0,1.0
1779266915.3931665,-62.31346338678032,-15.782003357262981,-2.9105019985030847,2039.0534228309748,-6.944131862089323e-05,0.0,0.0,0.0,0.0,0.0,0.0,1.0
1779266915.4034216,-62.94728162956868,-15.931137004723878,-2.9105019994375607,2050.7322495621715,6.944131862089386e-05,0.0,0.0,0.0,0.0,0.0,0.0,1.0
1779266915.4136267,-63.658145216967824,-16.09839896372379,-2.910502000440917,2062.840494965111,-6.944131862089326e-05,0.0,0.0,0.0,0.0,0.0,0.0,1.0
1779266915.4239259,-63.67535694732255,-16.102448726430893,-2.910502001485964,2072.2852247395667,6.944131862089383e-05,0.0,0.0,0.0,0.0,0.0,0.0,1.0
1779266915.4343846,-64.0868683720192,-16.199274876910515,-2.910502002648769,2083.7504643844945,-6.944131862089327e-05,0.0,0.0,0.0,0.0,0.0,0.0,1.0
1779266915.4449098,-64.12208229357023,-16.20756043961153,-2.910502003875078,2093.8382120827955,6.944131862089383e-05,0.0,0.0,0.0,0.0,0.0,0.0,1.0
1779266915.4552753,-64.75207822321804,-16.355794695484313,-2.91050200520488,2106.3975952651517,-6.944131862089327e-05,0.0,0.0,0.0,0.0,0.0,0.0,1.0
1779266915.4654112,-65.18825673498121,-16.458424852117435,-2.9105020065816722,2118.001611616913,6.944131862089383e-05,0.0,0.0,0.0,0.0,0.0,0.0,1.0
1779266915.4760773,-65.27242329755184,-16.47822866526503,-2.9105020081223847,2128.9450167354435,-6.944131862089327e-05,0.0,0.0,0.0,0.0,0.0,0.0,1.0
1779266915.4864643,-65.74656683535132,-16.5897917537268,-2.910502009749731,2141.311580607683,6.944131862089383e-05,0.0,0.0,0.0,0.0,0.0,0.0,1.0
1779266915.4970894,-65.84170413202678,-16.612176902753532,-2.910502011511819,2152.547789858248,-6.944131862089327e-05,0.0,0.0,0.0,0.0,0.0,0.0,1.0
1779266915.50769,-65.87254881219337,-16.619434372207664,-2.9105020133788306,2163.5944084987655,6.94413186208937e-05,0.0,0.0,0.0,0.0,0.0,0.0,1.0
1779266915.5176697,-66.87058788117866,-16.854266963464376,-2.910502015325928,2178.0080370461674,-6.944131862089356e-05,0.0,0.0,0.0,0.0,0.0,0.0,1.0
1779266915.5279942,-67.04464133041473,-16.89522054736188,-2.9105020174921976,2189.5247516994355,6.944131862089344e-05,0.0,0.0,0.0,0.0,0.0,0.0,1.0
1779266915.5385191,-67.45510927177737,-16.991801061661608,-2.910502019861975,2202.4329851123866,-6.944131862089375e-05,0.0,0.0,0.0,0.0,0.0,0.0,1.0
1779266915.5491092,-67.73515162865473,-17.057693204129855,-2.9105020223906597,2215.030814150914,6.944131862089329e-05,0.0,0.0,0.0,0.0,0.0,0.0,1.0
1779266915.5594063,-68.20413334124724,-17.168041658801094,-2.91050202501208,2228.1206393629964,-6.944131862089386e-05,0.0,0.0,0.0,0.0,0.0,0.0,1.0
1779266915.5693958,-69.0364284083956,-17.363875591627643,-2.9105020277618965,2242.4418918036513,6.944131862089326e-05,0.0,0.0,0.0,0.0,0.0,0.0,1.0
1779266915.5799823,-69.15168130602616,-17.39099373047131,-2.910502030809538,2254.684598073945,-6.944131862089383e-05,0.0,0.0,0.0,0.0,0.0,0.0,1.0
1779266915.5899966,-69.85216561134108,-17.55581334990168,-2.9105020339367025,2268.703558786582,6.944131862089327e-05,0.0,0.0,0.0,0.0,0.0,0.0,1.0
1779266915.6006556,-69.73270303815107,-17.527704307676462,-2.910502037400929,2280.276608652528,-6.944131862089383e-05,0.0,0.0,0.0,0.0,0.0,0.0,1.0
1779266915.6110363,-70.16321060711013,-17.62899996862243,-2.910502041077111,2293.922119436957,6.944131862089327e-05,0.0,0.0,0.0,0.0,0.0,0.0,1.0
1779266915.6213613,-71.03570067002143,-17.834291470124235,-2.9105020450732226,2309.4702849156533,-6.944131862089383e-05,0.0,0.0,0.0,0.0,0.0,0.0,1.0
1779266915.6317973,-71.06948394635116,-17.842240226621787,-2.9105020492468676,2321.71035832835,6.944131862089327e-05,0.0,0.0,0.0,0.0,0.0,0.0,1.0
1779266915.6420448,-71.81654185096487,-18.01801824852351,-2.91050205374653,2336.7879795469776,-6.944131862089383e-05,0.0,0.0,0.0,0.0,0.0,0.0,1.0
1779266915.6524289,-71.9858561369318,-18.057856608487477,-2.9105020585381385,2349.7708201124515,6.944131862089327e-05,0.0,0.0,0.0,0.0,0.0,0.0,1.0
1779266915.662737,-72.36587022706026,-18.147271358846282,-2.9105020636453642,2363.605233614152,-6.944131862089383e-05,0.0,0.0,0.0,0.0,0.0,0.0,1.0
1779266915.6732702,-72.59793065922054,-18.201873464044237,-2.9105020692346253,2377.309477442658,6.944131862089332e-05,0.0,0.0,0.0,0.0,0.0,0.0,1.0
1779266915.6838462,-73.11208639494748,-18.322850883331075,-2.9105020753105584,2392.360849121559,-6.944131862089361e-05,0.0,0.0,0.0,0.0,0.0,0.0,1.0
1779266915.6941242,-74.0536199696445,-18.54438773239849,-2.9105020817485445,2408.885299799717,6.944131862089361e-05,0.0,0.0,0.0,0.0,0.0,0.0,1.0
1779266915.7047925,-74.15513430120411,-18.568273027033708,-2.910502088713656,2422.5325504720117,-6.94413186208934e-05,0.0,0.0,0.0,0.0,0.0,0.0,1.0
1779266915.7152371,-74.643850995369,-18.68326469381347,-2.910502096119277,2437.6186749698227,6.944131862089378e-05,0.0,0.0,0.0,0.0,0.0,0.0,1.0
1779266915.725398,-75.30133490926731,-18.83796622443675,-2.910502103887102,2453.0587859751913,-6.944131862089327e-05,0.0,0.0,0.0,0.0,0.0,0.0,1.0
1779266915.7358615,-75.40003619548395,-18.86118950736733,-2.9105021122908155,2466.7172451292263,6.944131862089387e-05,0.0,0.0,0.0,0.0,0.0,0.0,1.0
1779266915.7457724,-76.46100673976471,-19.110828953543077,-2.91050212107177,2483.6858390169955,-6.944131862089325e-05,0.0,0.0,0.0,0.0,0.0,0.0,1.0
1779266915.7564998,-76.39021651912701,-19.09417181453214,-2.9105021309265715,2497.25532027981,6.944131862089384e-05,0.0,0.0,0.0,0.0,0.0,0.0,1.0
1779266915.766805,-76.83746983822779,-19.199407177323174,-2.9105021411667225,2512.4395150195055,-6.944131862089326e-05,0.0,0.0,0.0,0.0,0.0,0.0,1.0
1779266915.7772508,-77.51595525503086,-19.359049995440827,-2.910502152412124,2528.930120697806,6.944131862089383e-05,0.0,0.0,0.0,0.0,0.0,0.0,1.0
1779266915.787884,-77.75755292185548,-19.41589569496852,-2.9105021645440528,2544.005863759996,-6.944131862089327e-05,0.0,0.0,0.0,0.0,0.0,0.0,1.0
1779266915.798313,-78.54078790473615,-19.600185320522684,-2.9105021775518107,2561.1739006209814,6.944131862089383e-05,0.0,0.0,0.0,0.0,0.0,0.0,1.0
1779266915.8088245,-78.64653312775894,-19.62506564682313,-2.9105021911950457,2575.6247867956035,-6.944131862089327e-05,0.0,0.0,0.0,0.0,0.0,0.0,1.0
1779266915.8192785,-79.32595632496222,-19.7849288390842,-2.9105022060973584,2592.5953020402385,6.944131862089383e-05,0.0,0.0,0.0,0.0,0.0,0.0,1.0
1779266915.830078,-79.40092167159771,-19.8025666766587,-2.910502222307804,2607.66946763792,-6.944131862089327e-05,0.0,0.0,0.0,0.0,0.0,0.0,1.0
1779266915.8404295,-79.88614672162717,-19.916736071262473,-2.9105022390609183,2623.8218177395165,6.944131862089383e-05,0.0,0.0,0.0,0.0,0.0,0.0,1.0
1779266915.850965,-80.60236886520497,-20.08525755401146,-2.9105022575304464,2641.3494248118573,-6.944131862089337e-05,0.0,0.0,0.0,0.0,0.0,0.0,1.0
1779266915.8613415,-81.21482325430321,-20.229363031508786,-2.9105022769407998,2658.256682842861,6.944131862089359e-05,0.0,0.0,0.0,0.0,0.0,0.0,1.0
1779266915.8720765,-81.60223780108832,-20.320517865346606,-2.9105022985206013,2675.0069327371166,-6.944131862089364e-05,0.0,0.0,0.0,0.0,0.0,0.0,1.0
1779266915.8830378,-81.82105862073185,-20.372003488237205,-2.9105023221127695,2691.5566105295384,6.944131862089337e-05,0.0,0.0,0.0,0.0,0.0,0.0,1.0
1779266915.893638,-82.34614472031461,-20.49555134636607,-2.910502346649177,2708.831115964189,-6.94413186208938e-05,0.0,0.0,0.0,0.0,0.0,0.0,1.0
1779266915.9043698,-82.5442073957592,-20.542152475209736,-2.9105023730715462,2725.0844811518723,6.944131862089326e-05,0.0,0.0,0.0,0.0,0.0,0.0,1.0
1779266915.9148607,-83.23875486186073,-20.705573258704977,-2.9105024010479053,2743.069358992956,-6.944131862089383e-05,0.0,0.0,0.0,0.0,0.0,0.0,1.0
1779266915.925249,-84.27359205264548,-20.94906186381564,-2.910502431301628,2762.46753743083,6.944131862089327e-05,0.0,0.0,0.0,0.0,0.0,0.0,1.0
1779266915.9358482,-84.60973451233015,-21.02815180421777,-2.910502463673366,2779.3362251414173,-6.944131862089383e-05,0.0,0.0,0.0,0.0,0.0,0.0,1.0
1779266915.9461098,-85.31692997689659,-21.19454805302835,-2.910502497373845,2797.210605976877,6.944131862089327e-05,0.0,0.0,0.0,0.0,0.0,0.0,1.0
1779266915.9566865,-85.80737990217582,-21.309945182715403,-2.910502534765459,2814.958767316982,-6.944131862089383e-05,0.0,0.0,0.0,0.0,0.0,0.0,1.0
1779266915.9672086,-86.41331465283955,-21.45251494846756,-2.910502574617161,2833.130012347553,6.944131862089327e-05,0.0,0.0,0.0,0.0,0.0,0.0,1.0
1779266915.9777007,-87.08325212496422,-21.610143897547218,-2.9105026174502653,2851.666527867094,-6.944131862089383e-05,0.0,0.0,0.0,0.0,0.0,0.0,1.0
1779266915.9882984,-87.43696460728724,-21.693366877313938,-2.910502663416528,2869.1572588662557,6.944131862089327e-05,0.0,0.0,0.0,0.0,0.0,0.0,1.0
1779266915.9989426,-87.7355857262821,-21.763626945604035,-2.910502712701167,2886.578780665163,-6.944131862089383e-05,0.0,0.0,0.0,0.0,0.0,0.0,1.0
1779266916.009367,-88.6680949953387,-21.983036462724943,-2.9105027656273728,2906.4573738665053,6.944131862089327e-05,0.0,0.0,0.0,0.0,0.0,0.0,1.0
1779266916.0200996,-88.84792415084696,-22.02534493019186,-2.9105028227742804,2923.777962403711,-6.944131862089379e-05,0.0,0.0,0.0,0.0,0.0,0.0,1.0
1779266916.0299945,-90.25669888664788,-22.356815990390217,-2.910502880918903,2944.810615104981,6.944131862089344e-05,0.0,0.0,0.0,0.0,0.0,0.0,1.0
1779266916.0407321,-89.98499119224392,-22.2928802138181,-2.9105029456935263,2960.4321425435683,-6.944131862089353e-05,0.0,0.0,0.0,0.0,0.0,0.0,1.0
1779266916.0509527,-91.20058561271077,-22.578896293510184,-2.910503014340141,2981.461611080964,6.944131862089367e-05,0.0,0.0,0.0,0.0,0.0,0.0,1.0
1779266916.061365,-91.72468619644398,-22.702208092646895,-2.9105030879804903,3000.0237849348155,-6.944131862089336e-05,0.0,0.0,0.0,0.0,0.0,0.0,1.0
1779266916.0720081,-91.67371990198457,-22.690210101971026,-2.9105031675051625,3016.7575380046874,6.94413186208938e-05,0.0,0.0,0.0,0.0,0.0,0.0,1.0
1779266916.0818236,-93.53560525604914,-23.128292551792676,-2.910503249790646,3039.9959543631294,-6.944131862089326e-05,0.0,0.0,0.0,0.0,0.0,0.0,1.0
1779266916.0921578,-93.77703405913047,-23.185092249831847,-2.91050333880373,3057.490381918225,6.944131862089383e-05,0.0,0.0,0.0,0.0,0.0,0.0,1.0
1779266916.1025739,-94.60797975482251,-23.380600367628098,-2.9105034371383462,3077.8269641141915,-6.944131862089327e-05,0.0,0.0,0.0,0.0,0.0,0.0,1.0
1779266916.1131954,-94.86852862044773,-23.441897473502713,-2.9105035433502797,3096.3053928847717,6.944131862089383e-05,0.0,0.0,0.0,0.0,0.0,0.0,1.0
1779266916.1234572,-95.36353450762296,-23.558360187113763,-2.9105036527940293,3115.073660429181,-6.944131862089327e-05,0.0,0.0,0.0,0.0,0.0,0.0,1.0
1779266916.1335363,-96.23926569814925,-23.76440411967927,-2.910503769089335,3135.21883838215,6.944131862089383e-05,0.0,0.0,0.0,0.0,0.0,0.0,1.0
1779266916.1435778,-97.31640440987572,-24.0178369204818,-2.910503894022322,3156.236674825145,-6.944131862089327e-05,0.0,0.0,0.0,0.0,0.0,0.0,1.0
1779266916.1538372,-97.93043358603572,-24.162302585640074,-2.910504029098698,3175.808256924033,6.944131862089383e-05,0.0,0.0,0.0,0.0,0.0,0.0,1.0
1779266916.1646297,-97.55285800262887,-24.073450074706756,-2.9105041786314274,3192.5174348564447,-6.944131862089327e-05,0.0,0.0,0.0,0.0,0.0,0.0,1.0
1779266916.1747682,-98.92624094792224,-24.39658373374842,-2.9105043351191333,3215.358809254505,6.944131862089383e-05,0.0,0.0,0.0,0.0,0.0,0.0,1.0
1779266916.1850977,-99.30404317880541,-24.485464065929236,-2.910504501821853,3234.5027267537876,-6.944131862089327e-05,0.0,0.0,0.0,0.0,0.0,0.0,1.0
1779266916.195753,-99.45440022775318,-24.520826970029873,-2.910504685584253,3253.5165311436604,6.944131862089374e-05,0.0,0.0,0.0,0.0,0.0,0.0,1.0
1779266916.2061732,-100.49388775784497,-24.765393685787462,-2.9105048828877447,3275.9499838734982,-6.944131862089352e-05,0.0,0.0,0.0,0.0,0.0,0.0,1.0
1779266916.217123,-99.86193645005481,-24.616683514888635,-2.910505094553163,3292.3964978574995,6.944131862089346e-05,0.0,0.0,0.0,0.0,0.0,0.0,1.0
1779266916.2271,-101.62415245311304,-25.031299497952677,-2.9105053135009413,3317.106911460708,-6.944131862089372e-05,0.0,0.0,0.0,0.0,0.0,0.0,1.0
1779266916.2372077,-102.68413331926158,-25.2806840402831,-2.910505547567616,3339.2061264855292,6.944131862089332e-05,0.0,0.0,0.0,0.0,0.0,0.0,1.0
1779266916.2475002,-103.24492846237243,-25.412612834397105,-2.91050580010078,3359.707645106538,-6.944131862089383e-05,0.0,0.0,0.0,0.0,0.0,0.0,1.0
1779266916.2576797,-104.22225354440532,-25.642545481327122,-2.910506070450066,3381.8404214821694,6.944131862089323e-05,0.0,0.0,0.0,0.0,0.0,0.0,1.0
1779266916.2682133,-104.73914820111094,-25.764140643315734,-2.9105063683718715,3402.9393356402998,-6.944131862089386e-05,0.0,0.0,0.0,0.0,0.0,0.0,1.0
1779266916.2783637,-105.43267029572351,-25.927293159031834,-2.910506675421912,3424.041311159498,6.944131862089326e-05,0.0,0.0,0.0,0.0,0.0,0.0,1.0
1779266916.2886908,-105.92558830396092,-26.043243035200135,-2.910507008649406,3444.806700463217,-6.944131862089383e-05,0.0,0.0,0.0,0.0,0.0,0.0,1.0
1779266916.298788,-106.79258098545549,-26.247206869797893,-2.910507359075927,3466.716228817654,6.944131862089327e-05,0.0,0.0,0.0,0.0,0.0,0.0,1.0
1779266916.3091326,-107.52896985550487,-26.420437680732782,-2.9105077448866483,3488.810895810344,-6.944131862089383e-05,0.0,0.0,0.0,0.0,0.0,0.0,1.0
1779266916.3194146,-107.79763679943561,-26.483616326113086,-2.9105081498798553,3508.9189421300034,6.944131862089327e-05,0.0,0.0,0.0,0.0,0.0,0.0,1.0
1779266916.329738,-108.21254500991336,-26.581200858690433,-2.910508586113521,3529.862287991221,-6.944131862089383e-05,0.0,0.0,0.0,0.0,0.0,0.0,1.0
1779266916.3402195,-109.3228944367966,-26.842410092745546,-2.9105090724668092,3554.3131003168432,6.944131862089327e-05,0.0,0.0,0.0,0.0,0.0,0.0,1.0
1779266916.3506303,-109.69072079405397,-26.928909816994498,-2.910509578151704,3575.4828677465375,-6.944131862089383e-05,0.0,0.0,0.0,0.0,0.0,0.0,1.0
1779266916.361385,-109.91326763748552,-26.981222041624996,-2.910510140316399,3597.077085441098,6.944131862089327e-05,0.0,0.0,0.0,0.0,0.0,0.0,1.0
1779266916.3712983,-111.6801453878698,-27.39689316339762,-2.9105107109007085,3623.276774045022,-6.94413186208937e-05,0.0,0.0,0.0,0.0,0.0,0.0,1.0
1779266916.3819976,-111.60971799461211,-27.380264621032644,-2.910511349272165,3643.7338725904515,6.944131862089356e-05,0.0,0.0,0.0,0.0,0.0,0.0,1.0
1779266916.3924708,-112.22312529818325,-27.524528660038428,-2.910512025877059,3666.6488296332923,-6.944131862089344e-05,0.0,0.0,0.0,0.0,0.0,0.0,1.0
1779266916.4033806,-112.44030477054795,-27.57555898731208,-2.910512779137947,3689.0977638562554,6.944131862089375e-05,0.0,0.0,0.0,0.0,0.0,0.0,1.0
1779266916.413762,-113.77126470780118,-27.888640539805678,-2.910513563974145,3715.099034927071,-6.944131862089329e-05,0.0,0.0,0.0,0.0,0.0,0.0,1.0
1779266916.4244034,-114.1479971911271,-27.97720077759288,-2.910514410521313,3737.8138719818953,6.944131862089386e-05,0.0,0.0,0.0,0.0,0.0,0.0,1.0
1779266916.4349349,-114.9192133500562,-28.15856994301179,-2.9105153169327336,3762.094975572964,-6.944131862089326e-05,0.0,0.0,0.0,0.0,0.0,0.0,1.0
1779266916.4453425,-116.11433054745007,-28.439668174037642,-2.910516288564053,3788.018833455631,6.944131862089383e-05,0.0,0.0,0.0,0.0,0.0,0.0,1.0
1779266916.4561353,-115.96596465680742,-28.40466103268759,-2.910517337143821,3809.285383346544,-6.944131862089327e-05,0.0,0.0,0.0,0.0,0.0,0.0,1.0
1779266916.4666839,-116.1807333464509,-28.455086872764692,-2.9105184328795404,3831.539360990311,6.944131862089383e-05,0.0,0.0,0.0,0.0,0.0,0.0,1.0
1779266916.4767995,-117.86161954874345,-28.85045263222134,-2.9105195978689933,3859.1336229918493,-6.944131862089327e-05,0.0,0.0,0.0,0.0,0.0,0.0,1.0
1779266916.487107,-119.37897914809521,-29.20733139571444,-2.9105208755283645,3886.665508093799,6.944131862089383e-05,0.0,0.0,0.0,0.0,0.0,0.0,1.0
1779266916.4971707,-120.51540282390235,-29.474576545430093,-2.9105221964597994,3912.027961025349,-6.944131862089327e-05,0.0,0.0,0.0,0.0,0.0,0.0,1.0
1779266916.5075986,-121.17552146881778,-29.629743403692252,-2.910523658969466,3936.5116190535223,6.944131862089383e-05,0.0,0.0,0.0,0.0,0.0,0.0,1.0
1779266916.517925,-121.79847904638659,-29.77615675272616,-2.910525201247339,3960.6400306717323,-6.944131862089327e-05,0.0,0.0,0.0,0.0,0.0,0.0,1.0
1779266916.5287204,-121.51696339586039,-29.709754879971364,-2.9105269057187266,3982.3800447367066,6.944131862089383e-05,0.0,0.0,0.0,0.0,0.0,0.0,1.0
1779266916.5388975,-123.14277015880552,-30.092082876038752,-2.9105286893353806,4010.726585078618,-6.944131862089332e-05,0.0,0.0,0.0,0.0,0.0,0.0,1.0
1779266916.5493412,-123.63823137558423,-30.208457992360163,-2.910530593651503,4034.9195651152286,6.944131862089361e-05,0.0,0.0,0.0,0.0,0.0,0.0,1.0
1779266916.5595067,-125.12674582155773,-30.55845134451628,-2.9105326373914653,4062.9283472120965,-6.944131862089361e-05,0.0,0.0,0.0,0.0,0.0,0.0,1.0
1779266916.5700397,-125.61192405240037,-30.672370255189904,-2.91053487221674,4087.831045783103,6.94413186208934e-05,0.0,0.0,0.0,0.0,0.0,0.0,1.0
1779266916.5805988,-125.6028613127421,-30.66999540292736,-2.9105372317598457,4110.762019190886,-6.944131862089378e-05,0.0,0.0,0.0,0.0,0.0,0.0,1.0
1779266916.5911105,-126.55990320312378,-30.894886601432596,-2.9105398072285515,4137.891616510161,6.944131862089327e-05,0.0,0.0,0.0,0.0,0.0,0.0,1.0
1779266916.601632,-127.40337795880097,-31.093036940283753,-2.910542565347524,4164.689171506158,-6.944131862089387e-05,0.0,0.0,0.0,0.0,0.0,0.0,1.0
1779266916.6122088,-128.12812390492854,-31.263229555299155,-2.9105455360831964,4191.299126079641,6.944131862089325e-05,0.0,0.0,0.0,0.0,0.0,0.0,1.0
1779266916.622815,-128.87088220332598,-31.437632576833696,-2.9105487288189726,4218.176427737769,-6.944131862089384e-05,0.0,0.0,0.0,0.0,0.0,0.0,1.0
1779266916.6333315,-129.47239810515433,-31.578783480938057,-2.910552101416157,4244.3135354931355,6.944131862089326e-05,0.0,0.0,0.0,0.0,0.0,0.0,1.0
1779266916.6438413,-130.61463892480307,-31.84710599787097,-2.9105557664376365,4272.9268078546675,-6.944131862089383e-05,0.0,0.0,0.0,0.0,0.0,0.0,1.0
1779266916.6544237,-131.44934219204714,-32.04304557380301,-2.910559709949201,4300.603682138124,6.944131862089327e-05,0.0,0.0,0.0,0.0,0.0,0.0,1.0
1779266916.6649494,-132.04325700607447,-32.18230931286923,-2.910563885805299,4327.225543085029,-6.944131862089383e-05,0.0,0.0,0.0,0.0,0.0,0.0,1.0
1779266916.6751244,-133.73140574728433,-32.57894730366349,-2.910568300403504,4357.636835480964,6.944131862089327e-05,0.0,0.0,0.0,0.0,0.0,0.0,1.0
1779266916.6854832,-134.72202477539463,-32.811453600394785,-2.910573075512256,4385.797451346875,-6.944131862089383e-05,0.0,0.0,0.0,0.0,0.0,0.0,1.0
1779266916.6957743,-135.0603477773242,-32.89048598597212,-2.910578055817349,4411.049984143706,6.944131862089327e-05,0.0,0.0,0.0,0.0,0.0,0.0,1.0
1779266916.705978,-136.50649085390063,-33.23005747534935,-2.9105834598239797,4440.882308160449,-6.944131862089383e-05,0.0,0.0,0.0,0.0,0.0,0.0,1.0
1779266916.7166288,-136.72842028135227,-33.281599659161,-2.910589410068834,4467.069893379138,6.944131862089337e-05,0.0,0.0,0.0,0.0,0.0,0.0,1.0
1779266916.7270615,-137.06306818810168,-33.35961676517749,-2.9105956120817105,4493.171140588534,-6.944131862089359e-05,0.0,0.0,0.0,0.0,0.0,0.0,1.0
1779266916.7374923,-138.61547767956233,-33.72399253496136,-2.910602449873257,4524.669748574197,6.944131862089364e-05,0.0,0.0,0.0,0.0,0.0,0.0,1.0
1779266916.7479987,-139.64916480923637,-33.96629111560007,-2.9106097797739454,4554.32879222049,-6.944131862089337e-05,0.0,0.0,0.0,0.0,0.0,0.0,1.0
1779266916.7581322,-141.29945609933472,-34.35355676018687,-2.910617452927893,4585.709152783614,6.94413186208938e-05,0.0,0.0,0.0,0.0,0.0,0.0,1.0
1779266916.7684,-141.62590660010002,-34.42939747414264,-2.9106255451444976,4611.951319289635,-6.944131862089326e-05,0.0,0.0,0.0,0.0,0.0,0.0,1.0
1779266916.7789476,-142.27610723280716,-34.581274481625606,-2.9106345552142434,4640.658115813307,6.944131862089383e-05,0.0,0.0,0.0,0.0,0.0,0.0,1.0
1779266916.7892892,-143.89814316931833,-34.961614990829105,-2.9106442182687386,4673.074801550361,-6.944131862089327e-05,0.0,0.0,0.0,0.0,0.0,0.0,1.0
1779266916.8009443,-139.91017889884438,-34.022540178067835,-2.910654836135692,4685.934360635371,6.944131862089383e-05,0.0,0.0,0.0,0.0,0.0,0.0,1.0
1779266916.8105395,-145.77967469847783,-35.40150371488903,-2.910665855048918,4734.371479403031,-6.944131862089327e-05,0.0,0.0,0.0,0.0,0.0,0.0,1.0
1779266916.8210862,-145.25711891665316,-35.277240961251415,-2.9106774900092454,4758.7112940674,6.944131862089383e-05,0.0,0.0,0.0,0.0,0.0,0.0,1.0
1779266916.8310428,-147.61099894024977,-35.82924815304359,-2.910689830748469,4793.561660973204,-6.944131862089327e-05,0.0,0.0,0.0,0.0,0.0,0.0,1.0
1779266916.841304,-148.77024515087442,-36.100201739961506,-2.910703268487926,4824.5207027598035,6.944131862089383e-05,0.0,0.0,0.0,0.0,0.0,0.0,1.0
1779266916.8514934,-149.42317354151038,-36.25199876938438,-2.9107173571954887,4853.193979771426,-6.944131862089327e-05,0.0,0.0,0.0,0.0,0.0,0.0,1.0
1779266916.8619053,-149.71295910618758,-36.318254221967464,-2.910732716215536,4881.277064468614,6.944131862089383e-05,0.0,0.0,0.0,0.0,0.0,0.0,1.0
1779266916.8723338,-150.36387834832954,-36.469251055950465,-2.9107492526429932,4911.073936931081,-6.944131862089327e-05,0.0,0.0,0.0,0.0,0.0,0.0,1.0
1779266916.8827348,-151.71435961224788,-36.78450710581781,-2.9107672001378986,4943.980044534323,6.944131862089379e-05,0.0,0.0,0.0,0.0,0.0,0.0,1.0
1779266916.8933146,-152.41158557805548,-36.94600124101285,-2.910786555656223,4974.802875270879,-6.944131862089344e-05,0.0,0.0,0.0,0.0,0.0,0.0,1.0
1779266916.90339,-153.90495567228788,-37.29449518561535,-2.9108065200037765,5007.592742432412,6.944131862089353e-05,0.0,0.0,0.0,0.0,0.0,0.0,1.0
1779266916.9140065,-154.3417171869821,-37.39435378561505,-2.910828813452199,5037.887757556134,-6.944131862089367e-05,0.0,0.0,0.0,0.0,0.0,0.0,1.0
1779266916.9242141,-155.55930668561265,-37.67755702026325,-2.910851906666664,5070.237092948761,6.944131862089336e-05,0.0,0.0,0.0,0.0,0.0,0.0,1.0
1779266916.9344087,-156.55324603404634,-37.90797013588703,-2.910876497243718,5101.762945066131,-6.94413186208938e-05,0.0,0.0,0.0,0.0,0.0,0.0,1.0
1779266916.944952,-157.1991014996272,-38.056261566654314,-2.9109035678786612,5133.029554750199,6.944131862089326e-05,0.0,0.0,0.0,0.0,0.0,0.0,1.0
1779266916.9554658,-158.16238852320873,-38.27881245024804,-2.9109328665075465,5165.958914408209,-6.944131862089383e-05,0.0,0.0,0.0,0.0,0.0,0.0,1.0
1779266916.9659224,-159.55466623904974,-38.60181456434778,-2.910964252823081,5200.583930076677,6.944131862089327e-05,0.0,0.0,0.0,0.0,0.0,0.0,1.0
1779266916.9764857,-160.38014208598753,-38.79131397932737,-2.91099797306902,5233.334941161772,-6.944131862089383e-05,0.0,0.0,0.0,0.0,0.0,0.0,1.0
1779266916.9867685,-161.4247706102637,-39.03200455301478,-2.9110331784684185,5266.268861935512,6.944131862089327e-05,0.0,0.0,0.0,0.0,0.0,0.0,1.0
1779266916.9972758,-162.5124565221862,-39.282308825963085,-2.911071936351588,5300.3818622772205,-6.944131862089383e-05,0.0,0.0,0.0,0.0,0.0,0.0,1.0
1779266917.0077505,-163.58066053779984,-39.52761042311217,-2.911113322530029,5334.459462721925,6.944131862089327e-05,0.0,0.0,0.0,0.0,0.0,0.0,1.0
1779266917.0185173,-163.39021740054525,-39.47692017415716,-2.91115818983429,5364.510819618145,-6.944131862089383e-05,0.0,0.0,0.0,0.0,0.0,0.0,1.0
1779266917.028953,-164.99375164948572,-39.84688411958794,-2.9112058028421957,5401.067025902517,6.944131862089327e-05,0.0,0.0,0.0,0.0,0.0,0.0,1.0
1779266917.0389755,-167.1099868415827,-40.336764394070755,-2.9112551919242984,5438.544583676113,-6.944131862089383e-05,0.0,0.0,0.0,0.0,0.0,0.0,1.0
1779266917.0499485,-167.10334805501995,-40.32753729385839,-2.9113120943960076,5470.732987782035,6.944131862089327e-05,0.0,0.0,0.0,0.0,0.0,0.0,1.0
1779266917.060121,-168.60913941548904,-40.67288885991971,-2.911369032030556,5506.4349392665445,-6.944131862089374e-05,0.0,0.0,0.0,0.0,0.0,0.0,1.0
1779266917.0707777,-169.2553850787122,-40.815712825668456,-2.9114325544348993,5540.4790854333805,6.944131862089352e-05,0.0,0.0,0.0,0.0,0.0,0.0,1.0
1779266917.0811193,-171.22170751162247,-41.26736933573666,-2.9115001641963514,5579.288987771135,-6.944131862089346e-05,0.0,0.0,0.0,0.0,0.0,0.0,1.0
1779266917.0914335,-172.23519773963542,-41.49496763481226,-2.9115711746952098,5614.044484396837,6.944131862089372e-05,0.0,0.0,0.0,0.0,0.0,0.0,1.0
1779266917.1020787,-173.04329742778492,-41.67329167868564,-2.911650067775886,5649.463773035852,-6.944131862089332e-05,0.0,0.0,0.0,0.0,0.0,0.0,1.0
1779266917.112779,-172.38013328021265,-41.506228362567576,-2.911732557081353,5678.935310196292,6.944131862089383e-05,0.0,0.0,0.0,0.0,0.0,0.0,1.0
1779266917.123183,-174.94357607684023,-42.09377434292347,-2.911822962184005,5721.2784147431,-6.944131862089323e-05,0.0,0.0,0.0,0.0,0.0,0.0,1.0
1779266917.1336396,-175.6771164306389,-42.251920933680935,-2.9119176394422577,5756.164377288462,6.944131862089386e-05,0.0,0.0,0.0,0.0,0.0,0.0,1.0
1779266917.143985,-177.80260721340585,-42.73459783701843,-2.9120201455529267,5796.68297069189,-6.944131862089326e-05,0.0,0.0,0.0,0.0,0.0,0.0,1.0
1779266917.1545432,-178.58867440757018,-42.90245205931399,-2.9121309234322528,5832.679805510581,6.944131862089383e-05,0.0,0.0,0.0,0.0,0.0,0.0,1.0
1779266917.1649456,-178.88823232506226,-42.95565122146218,-2.9122455889533367,5865.971522518376,-6.944131862089327e-05,0.0,0.0,0.0,0.0,0.0,0.0,1.0
1779266917.1747859,-182.05756740454515,-43.6784962934323,-2.912367017616499,5909.599072953573,6.944131862089383e-05,0.0,0.0,0.0,0.0,0.0,0.0,1.0
1779266917.185514,-181.93317308028077,-43.62932109046688,-2.9125036197495437,5942.938130229934,-6.944131862089327e-05,0.0,0.0,0.0,0.0,0.0,0.0,1.0
1779266917.195937,-183.80102210942053,-44.04377687198699,-2.9126498833974663,5983.804469830047,6.944131862089383e-05,0.0,0.0,0.0,0.0,0.0,0.0,1.0
1779266917.2065077,-184.60468925302825,-44.207866637015485,-2.912806771096654,6020.923607495511,-6.944131862089327e-05,0.0,0.0,0.0,0.0,0.0,0.0,1.0
1779266917.2171078,-185.29359178735726,-44.34321414179111,-2.912974919775769,6057.8629033714615,6.944131862089383e-05,0.0,0.0,0.0,0.0,0.0,0.0,1.0
1779266917.2274132,-186.87429944020957,-44.68472654968918,-2.913151852428795,6097.63075130594,-6.944131862089327e-05,0.0,0.0,0.0,0.0,0.0,0.0,1.0
1779266917.2381282,-187.1129492359755,-44.71076072646978,-2.913345930630509,6133.538526530748,6.94413186208937e-05,0.0,0.0,0.0,0.0,0.0,0.0,1.0
1779266917.2486331,-188.66166629935947,-45.03949161955483,-2.9135529142614796,6174.318927449867,-6.944131862089356e-05,0.0,0.0,0.0,0.0,0.0,0.0,1.0
1779266917.259039,-190.8921594374473,-45.52384674002091,-2.913776004657423,6217.903391014221,6.944131862089344e-05,0.0,0.0,0.0,0.0,0.0,0.0,1.0
1779266917.2695026,-191.28903129441812,-45.57952799627452,-2.91400994515208,6254.101979443516,-6.944131862089375e-05,0.0,0.0,0.0,0.0,0.0,0.0,1.0
1779266917.2796936,-193.27662733181623,-46.00193235104791,-2.914258202520269,6296.042971000276,6.944131862089329e-05,0.0,0.0,0.0,0.0,0.0,0.0,1.0
1779266917.2896416,-195.7811635505591,-46.541194222374514,-2.914520681712173,6339.5065568646305,-6.944131862089386e-05,0.0,0.0,0.0,0.0,0.0,0.0,1.0
1779266917.2999618,-195.85538997218185,-46.513442590375874,-2.914802052554584,6374.295307478269,6.944131862089326e-05,0.0,0.0,0.0,0.0,0.0,0.0,1.0
1779266917.3105848,-196.51017382087835,-46.615093025621974,-2.9151158123693515,6413.077469638968,-6.944131862089383e-05,0.0,0.0,0.0,0.0,0.0,0.0,1.0
1779266917.3207755,-197.99985339222377,-46.907141492486936,-2.915439831117197,6453.779723981462,6.944131862089327e-05,0.0,0.0,0.0,0.0,0.0,0.0,1.0
1779266917.3310766,-199.7838834022947,-47.26189319013074,-2.915793392403202,6496.443972440953,-6.944131862089383e-05,0.0,0.0,0.0,0.0,0.0,0.0,1.0
1779266917.3411763,-201.94671982118695,-47.69960481208119,-2.9161666866762017,6540.076387069436,6.944131862089327e-05,0.0,0.0,0.0,0.0,0.0,0.0,1.0
1779266917.3518972,-201.95267857943855,-47.63312066140639,-2.9165828269964416,6577.5428041730265,-6.944131862089383e-05,0.0,0.0,0.0,0.0,0.0,0.0,1.0
1779266917.362365,-203.5701812067378,-47.93210231079149,-2.9170254333782943,6620.906305015713,6.944131862089327e-05,0.0,0.0,0.0,0.0,0.0,0.0,1.0
1779266917.3728495,-204.82335658035868,-48.141109305838405,-2.917499294589363,6663.067406112322,-6.944131862089383e-05,0.0,0.0,0.0,0.0,0.0,0.0,1.0
1779266917.3832707,-205.55123001414438,-48.224216500342585,-2.9179982289476323,6702.864827395175,6.944131862089327e-05,0.0,0.0,0.0,0.0,0.0,0.0,1.0
1779266917.393398,-207.7270912631219,-48.632464897650564,-2.9185265046711555,6747.759611494788,-6.944131862089383e-05,0.0,0.0,0.0,0.0,0.0,0.0,1.0
1779266917.4039028,-209.08712833202839,-48.844021252839134,-2.9191124691307264,6791.197680320678,6.944131862089332e-05,0.0,0.0,0.0,0.0,0.0,0.0,1.0
1779266917.4140613,-210.45554437484282,-49.052367398323774,-2.9197140938151422,6833.189340611226,-6.944131862089361e-05,0.0,0.0,0.0,0.0,0.0,0.0,1.0
1779266917.4244819,-211.5066185470846,-49.17781768024486,-2.9203752335863995,6875.302476693275,6.944131862089361e-05,0.0,0.0,0.0,0.0,0.0,0.0,1.0
1779266917.4349554,-213.2293600298551,-49.4444522951035,-2.9210946251560648,6920.728945884368,-6.94413186208934e-05,0.0,0.0,0.0,0.0,0.0,0.0,1.0
1779266917.4454236,-214.82944871371026,-49.672190511074845,-2.9218670849511197,6965.941266936216,6.944131862089378e-05,0.0,0.0,0.0,0.0,0.0,0.0,1.0
1779266917.4560902,-215.1483692149415,-49.59917475305307,-2.922698654841962,7006.8864488525005,-6.944131862089327e-05,0.0,0.0,0.0,0.0,0.0,0.0,1.0
1779266917.4662414,-217.10238880891274,-49.886147921275104,-2.923556392211479,7052.538037208031,6.944131862089387e-05,0.0,0.0,0.0,0.0,0.0,0.0,1.0
1779266917.4764292,-218.95795912213356,-50.13759229556248,-2.924478501401752,7098.167001161704,-6.944131862089325e-05,0.0,0.0,0.0,0.0,0.0,0.0,1.0
1779266917.4869819,-219.97498032089743,-50.183815126256576,-2.9254964582629364,7142.198893690605,6.944131862089384e-05,0.0,0.0,0.0,0.0,0.0,0.0,1.0
1779266917.4972858,-221.95256831544916,-50.4301659197333,-2.926571836665422,7189.366745892126,-6.944131862089326e-05,0.0,0.0,0.0,0.0,0.0,0.0,1.0
1779266917.50795,-222.48030601927604,-50.33566479057033,-2.9277486230428753,7232.348959875961,6.944131862089383e-05,0.0,0.0,0.0,0.0,0.0,0.0,1.0
1779266917.518395,-224.34268175048112,-50.51829791472404,-2.929004307467531,7280.291522732163,-6.944131862089327e-05,0.0,0.0,0.0,0.0,0.0,0.0,1.0
1779266917.5289717,-225.26680491438412,-50.47508346561693,-2.930353665293987,7325.121151909716,6.944131862089383e-05,0.0,0.0,0.0,0.0,0.0,0.0,1.0
1779266917.5392466,-226.21167792357676,-50.42365731320289,-2.931746853305589,7368.744566971979,-6.944131862089327e-05,0.0,0.0,0.0,0.0,0.0,0.0,1.0
1779266917.5494764,-227.65258032728116,-50.45939690038888,-2.9332381825630933,7414.4827034269565,6.944131862089383e-05,0.0,0.0,0.0,0.0,0.0,0.0,1.0
1779266917.5593953,-231.75243322864065,-51.043997743303514,-2.934837744213082,7470.131708150506,-6.944131862089327e-05,0.0,0.0,0.0,0.0,0.0,0.0,1.0
1779266917.569959,-232.56723002356316,-50.88812740993563,-2.936613877948475,7515.396288763901,6.944131862089383e-05,0.0,0.0,0.0,0.0,0.0,0.0,1.0
1779266917.5806851,-232.9787329851648,-50.616483875416286,-2.938534383061093,7559.920205932614,-6.944131862089337e-05,0.0,0.0,0.0,0.0,0.0,0.0,1.0
1779266917.590909,-234.9935378087186,-50.66292961010495,-2.9405255207706253,7609.117070489294,6.944131862089359e-05,0.0,0.0,0.0,0.0,0.0,0.0,1.0
1779266917.6013906,-236.57648079012907,-50.580088917904064,-2.9427030579348137,7657.862912375225,-6.944131862089364e-05,0.0,0.0,0.0,0.0,0.0,0.0,1.0
1779266917.6115785,-238.43693724406296,-50.528461856004604,-2.9449734397725713,7706.6260391563055,6.944131862089337e-05,0.0,0.0,0.0,0.0,0.0,0.0,1.0
1779266917.6216128,-240.83911781328925,-50.55407263553862,-2.9473824723931474,7757.165271475543,-6.94413186208938e-05,0.0,0.0,0.0,0.0,0.0,0.0,1.0
1779266917.6317682,-242.39625122806234,-50.36700191193843,-2.949965541194227,7804.902510465868,6.944131862089326e-05,0.0,0.0,0.0,0.0,0.0,0.0,1.0
1779266917.6420712,-244.2612387626998,-50.19007698001508,-2.952793478443288,7855.019277208102,-6.944131862089383e-05,0.0,0.0,0.0,0.0,0.0,0.0,1.0
1779266917.652403,-244.5635207809346,-49.665405491377946,-2.9557606991039314,7898.824178660695,6.944131862089327e-05,0.0,0.0,0.0,0.0,0.0,0.0,1.0
1779266917.662735,-245.8419688082463,-49.28055505502642,-2.9589782150635466,7947.173444854699,-6.944131862089383e-05,0.0,0.0,0.0,0.0,0.0,0.0,1.0
1779266917.673167,-248.40941795410447,-49.07669036781555,-2.9625213135910182,8001.742249146084,6.944131862089327e-05,0.0,0.0,0.0,0.0,0.0,0.0,1.0
1779266917.6835322,-250.15390049557817,-48.663259653660205,-2.966252436637453,8052.636151510285,-6.944131862089383e-05,0.0,0.0,0.0,0.0,0.0,0.0,1.0
1779266917.6936083,-252.57317395896308,-48.32566290971599,-2.970161211091131,8105.177719150926,6.944131862089327e-05,0.0,0.0,0.0,0.0,0.0,0.0,1.0
1779266917.7041838,-253.0723217855982,-47.545992296257594,-2.9744918747707616,8152.631233355143,-6.944131862089383e-05,0.0,0.0,0.0,0.0,0.0,0.0,1.0
1779266917.714608,-255.2235560529689,-46.992685767817406,-2.9791279750153055,8206.382326085615,6.944131862089327e-05,0.0,0.0,0.0,0.0,0.0,0.0,1.0
1779266917.724917,-256.9712355103107,-46.297373206360504,-2.984027364678084,8258.236156646057,-6.944131862089383e-05,0.0,0.0,0.0,0.0,0.0,0.0,1.0
1779266917.7354014,-258.57024835155494,-45.4795671626901,-2.9893559741241784,8310.583664753036,6.944131862089327e-05,0.0,0.0,0.0,0.0,0.0,0.0,1.0
1779266917.7461035,-258.69464797008567,-44.316081625371694,-2.9951205321867356,8358.441076892757,-6.944131862089379e-05,0.0,0.0,0.0,0.0,0.0,0.0,1.0
1779266917.756206,-262.17778372398624,-43.63303658719,-3.00110278196939,8417.225943470168,6.944131862089344e-05,0.0,0.0,0.0,0.0,0.0,0.0,1.0
1779266917.7667363,-263.6337987482426,-42.49357084194935,-3.007680334135967,8470.16573453032,-6.944131862089353e-05,0.0,0.0,0.0,0.0,0.0,0.0,1.0
1779266917.7769723,-264.8666479088986,-41.24687249933264,-3.0144773752055545,8520.901901673764,6.944131862089367e-05,0.0,0.0,0.0,0.0,0.0,0.0,1.0
1779266917.7873409,-268.1794519542068,-40.137209941067766,-3.0220573324360345,8581.520752102191,-6.944131862089336e-05,0.0,0.0,0.0,0.0,0.0,0.0,1.0
1779266917.7979617,-269.28519780336495,-38.56702451769815,-3.0302325541822697,8634.740182224115,6.94413186208938e-05,0.0,0.0,0.0,0.0,0.0,0.0,1.0
1779266917.808524,-270.6468356468017,-36.89712613484912,-3.038933852073512,8688.980420749896,-6.944131862089326e-05,0.0,0.0,0.0,0.0,0.0,0.0,1.0
1779266917.818723,-274.0656188255456,-35.352016354477826,-3.0481110753379754,8750.173024774063,6.944131862089383e-05,0.0,0.0,0.0,0.0,0.0,0.0,1.0
1779266917.8295093,-272.0178179378621,-33.00192240273755,-3.057917309553462,8792.099256710791,-6.944131862089327e-05,0.0,0.0,0.0,0.0,0.0,0.0,1.0
1779266917.8396711,-278.13367235203754,-31.3410466808673,-3.0686974223947625,8865.369741691387,6.944131862089383e-05,0.0,0.0,0.0,0.0,0.0,0.0,1.0
1779266917.8500535,-280.61409651671306,-29.09892436766583,-3.080145678950092,8925.149186126337,-6.944131862089327e-05,0.0,0.0,0.0,0.0,0.0,0.0,1.0
1779266917.8603082,-282.4426111817887,-26.62737845807545,-3.09212715708849,8981.860666196191,6.944131862089383e-05,0.0,0.0,0.0,0.0,0.0,0.0,1.0
1779266917.8707845,-283.1176060100843,-23.844266870723295,-3.1049730354106737,9035.228478582658,-6.944131862089327e-05,0.0,0.0,0.0,0.0,0.0,0.0,1.0
1779266917.8811045,-286.3553042845806,-20.950582815168907,-3.1190832708730807,9099.9236481137,6.944131862089383e-05,0.0,0.0,0.0,0.0,0.0,0.0,1.0
1779266917.891321,-288.80938674948067,-17.78494848590419,-3.1338729864816797,9161.19556679168,-6.944131862089327e-05,0.0,0.0,0.0,0.0,0.0,0.0,1.0
1779266917.901726,-290.8264738643943,-14.262635445644626,3.1331745706512946,9222.78364110039,6.944131862089383e-05,0.0,0.0,0.0,0.0,0.0,0.0,1.0
1779266917.9122472,-292.1869238853626,-10.39257114974514,3.1157907652758787,9283.331488429578,-6.944131862089327e-05,0.0,0.0,0.0,0.0,0.0,0.0,1.0
1779266917.9224102,-294.98080055841274,-6.308691456644619,3.097696262394132,9348.38634015965,6.944131862089374e-05,0.0,0.0,0.0,0.0,0.0,0.0,1.0
1779266917.9330509,-295.46370875053105,-1.7520079692058705,3.0776708556477637,9408.413239537947,-6.944131862089352e-05,0.0,0.0,0.0,0.0,0.0,0.0,1.0
1779266917.9433727,-297.4639043153897,3.1262950321739567,3.0566289753803932,9474.15849274945,6.944131862089346e-05,0.0,0.0,0.0,0.0,0.0,0.0,1.0
1779266917.9537606,-300.384328123271,8.537108967395383,3.0336129108493157,9546.068342676655,-6.944131862089372e-05,0.0,0.0,0.0,0.0,0.0,0.0,1.0
1779266917.9642727,-299.8792571706316,14.138575263032234,3.0095437527887103,9605.952651852898,6.944131862089332e-05,0.0,0.0,0.0,0.0,0.0,0.0,1.0
1779266917.9743187,-303.7384187156765,20.455770205901864,2.9839819276404977,9683.045261606158,-6.944131862089383e-05,0.0,0.0,0.0,0.0,0.0,0.0,1.0
1779266917.9848561,-304.7213556794441,27.222756573319387,2.955721222562584,9754.280288412394,6.944131862089323e-05,0.0,0.0,0.0,0.0,0.0,0.0,1.0
1779266917.995442,-305.354325672959,34.54903842437829,2.9253075329252667,9827.460015429533,-6.944131862089386e-05,0.0,0.0,0.0,0.0,0.0,0.0,1.0
1779266918.0059998,-305.7561575431783,42.448973135963314,2.8927911330884113,9902.961629209913,6.944131862089326e-05,0.0,0.0,0.0,0.0,0.0,0.0,1.0
1779266918.0166912,-305.59713723146035,50.97403380918388,2.8576480391511456,9981.00960868084,-6.944131862089383e-05,0.0,0.0,0.0,0.0,0.0,0.0,1.0
1779266918.0270321,-308.07807107934246,60.710785089612905,2.82031218783158,10072.272038978468,6.944131862089327e-05,0.0,0.0,0.0,0.0,0.0,0.0,1.0
1779266918.0374765,-308.887099143363,70.98091451622658,2.780107688237562,10162.727274640913,-6.944131862089383e-05,0.0,0.0,0.0,0.0,0.0,0.0,1.0
1779266918.0477595,-308.1811627944371,81.49940488521148,2.7384087171031046,10250.197192682881,6.944131862089327e-05,0.0,0.0,0.0,0.0,0.0,0.0,1.0
1779266918.0581357,-308.0467299833006,93.3828661480419,2.6924835665447286,10349.344835237669,-6.944131862089383e-05,0.0,0.0,0.0,0.0,0.0,0.0,1.0
1779266918.0684736,-306.3767887645203,105.68744609594539,2.644068505068506,10448.694520466608,6.944131862089327e-05,0.0,0.0,0.0,0.0,0.0,0.0,1.0
1779266918.0792267,-301.979927684163,118.32403374673846,2.59092087416059,10549.823114684237,-6.944131862089383e-05,0.0,0.0,0.0,0.0,0.0,0.0,1.0
1779266918.089304,-300.59503231224323,133.1281976125975,2.536012978111849,10668.620523145684,6.944131862089327e-05,0.0,0.0,0.0,0.0,0.0,0.0,1.0
1779266918.0999181,-295.2117735066109,147.73045062017798,2.475720024688827,10787.226124608029,-6.94413186208937e-05,0.0,0.0,0.0,0.0,0.0,0.0,1.0
1779266918.110223,-292.06728719129063,165.3557756867982,2.4105883175572984,10931.134906015555,6.944131862089356e-05,0.0,0.0,0.0,0.0,0.0,0.0,1.0
1779266918.1205616,-284.34765865764587,181.60546011717776,2.3428139262848333,11067.597390484929,-6.944131862089344e-05,0.0,0.0,0.0,0.0,0.0,0.0,1.0
1779266918.131019,-276.405404185469,200.31076732850397,2.267851860586255,11229.566295879946,6.944131862089375e-05,0.0,0.0,0.0,0.0,0.0,0.0,1.0
1779266918.1415267,-265.8086537012666,219.45605039946054,2.1874011117859773,11404.267296946398,-6.944131862089329e-05,0.0,0.0,0.0,0.0,0.0,0.0,1.0
1779266918.1522155,-251.5092140297776,238.03657700161634,2.1011461494348245,11590.227615534015,6.944131862089386e-05,0.0,0.0,0.0,0.0,0.0,0.0,1.0
1779266918.1627288,-236.19658589495577,258.7635535067211,2.008947686717269,11804.831111321619,-6.944131862089326e-05,0.0,0.0,0.0,0.0,0.0,0.0,1.0
1779266918.1731918,-218.06088265338167,280.0970107320731,1.9103276534876503,12044.378376926981,6.944131862089383e-05,0.0,0.0,0.0,0.0,0.0,0.0,1.0
1779266918.1834366,-197.18306302439498,301.8003843649618,1.8067759069056928,12308.243510735598,-6.944131862089327e-05,0.0,0.0,0.0,0.0,0.0,0.0,1.0
1779266918.1937099,-172.29657787567362,322.30770484235853,1.6970368746553337,12597.176980971197,6.944131862089383e-05,0.0,0.0,0.0,0.0,0.0,0.0,1.0
1779266918.2042449,-142.38383237716786,342.2053617237191,1.5755530290612372,12936.00509905613,-6.944131862089327e-05,0.0,0.0,0.0,0.0,0.0,0.0,1.0
1779266918.2149596,-107.1041182048069,359.1180952314246,1.4446861670747753,13319.283730260953,6.944131862089383e-05,0.0,0.0,0.0,0.0,0.0,0.0,1.0
1779266918.2255094,-67.20594444389376,375.8083220410484,1.3047695138127562,13767.020676802556,-6.944131862089327e-05,0.0,0.0,0.0,0.0,0.0,0.0,1.0
1779266918.2360709,-21.77976126927243,388.91451125132147,1.1554490141809346,14280.008602447904,6.944131862089383e-05,0.0,0.0,0.0,0.0,0.0,0.0,1.0
1779266918.2466466,29.1929605342244,395.79984714204636,0.9962999474545606,14865.411068298756,-6.944131862089327e-05,0.0,0.0,0.0,0.0,0.0,0.0,1.0
1779266918.256738,85.0297364369954,398.89399828595924,0.8312643463988847,15528.789496685768,6.944131862089383e-05,0.0,0.0,0.0,0.0,0.0,0.0,1.0
1779266918.2668798,145.4090602403423,392.2780663693563,0.6558350218347622,16287.097222328965,-6.944131862089332e-05,0.0,0.0,0.0,0.0,0.0,0.0,1.0
1779266918.2777464,214.28654936113367,373.6400866873886,0.45248247516288087,17276.174973381025,6.944131862089361e-05,0.0,0.0,0.0,0.0,0.0,0.0,1.0
1779266918.2882793,285.390834618897,341.5810814644926,0.24173770019457042,18408.711680465574,-6.944131862089361e-05,0.0,0.0,0.0,0.0,0.0,0.0,1.0
1779266918.2991154,354.1510229733935,289.5848128289849,0.015343281569899947,19755.58380342271,6.94413186208934e-05,0.0,0.0,0.0,0.0,0.0,0.0,1.0
1779266918.309356,427.20736883008067,222.46475102739356,-0.2254130364949174,21404.65067819846,-6.944131862089378e-05,0.0,0.0,0.0,0.0,0.0,0.0,1.0
1779266918.3198755,488.229229462473,129.4444704903244,-0.4856541427728027,23418.328391545496,6.944131862089327e-05,0.0,0.0,0.0,0.0,0.0,0.0,1.0
1779266918.3305082,532.1745763238819,9.922147469129866,-0.7667545961304185,25931.65177151985,-6.944131862089387e-05,0.0,0.0,0.0,0.0,0.0,0.0,1.0
1779266918.341223,546.3246047752668,-134.789138270541,-1.0676573848292197,29067.506807063877,6.944131862089325e-05,0.0,0.0,0.0,0.0,0.0,0.0,1.0
1779266918.3517907,523.1221286239258,-304.7447056465264,-1.3931068244982294,33128.26317199653,-6.944131862089384e-05,0.0,0.0,0.0,0.0,0.0,0.0,1.0
1779266918.3623009,441.42483887281867,-489.74669353264,-1.7431792671532955,38415.83876138458,6.944131862089326e-05,0.0,0.0,0.0,0.0,0.0,0.0,1.0
1779266918.3725858,283.06203462561245,-672.1041411636513,-2.1180999613738725,45395.85344109394,-6.944131862089383e-05,0.0,0.0,0.0,0.0,0.0,0.0,1.0
1779266918.3833199,26.02995719658698,-810.1624071893153,-2.5269143649541275,55046.49444259935,6.944131862089327e-05,0.0,0.0,0.0,0.0,0.0,0.0,1.0
1779266918.3936658,-339.65351358711666,-867.4331778069759,-2.9707121637150316,68870.78775221093,-6.944131862089383e-05,0.0,0.0,0.0,0.0,0.0,0.0,1.0
1779266918.4043784,-796.8371753062606,-745.9500768628536,2.8285021068373233,89501.3953378492,6.944131862089327e-05,0.0,0.0,0.0,0.0,0.0,0.0,1.0
1779266918.4149346,-1276.4428881120164,-342.1321292578262,2.3040211910623976,121553.12326079744,-6.944131862089383e-05,0.0,0.0,0.0,0.0,0.0,0.0,1.0
1779266918.425272,-1615.2086805049535,460.3309491059349,1.7358603882482964,174220.88627909758,6.944131862089327e-05,0.0,0.0,0.0,0.0,0.0,0.0,1.0
1779266918.4356656,-1445.9002077220066,1688.5610020055556,1.125919347543113,264935.3406974364,-6.944131862089383e-05,0.0,0.0,0.0,0.0,0.0,0.0,1.0
1779266918.445701,-224.63377805574854,3141.1687725514257,0.5040035301567243,407353.5955874129,6.944131862089337e-05,0.0,0.0,0.0,0.0,0.0,0.0,1.0
1779266918.4559426,2574.505919129259,3907.1434548812513,-0.16939917518307368,682150.8414763581,-6.944131862089359e-05,0.0,0.0,0.0,0.0,0.0,0.0,1.0
1779266918.4664922,7282.088978025809,2027.586631973706,-0.9113906322047649,1305516.5759563337,6.944131862089364e-05,0.0,0.0,0.0,0.0,0.0,0.0,1.0
1779266918.4768488,11877.325011098546,-6668.579818118233,-1.7019017270697385,2858871.9866771805,-6.944131862089337e-05,0.0,0.0,0.0,0.0,0.0,0.0,1.0
1779266918.4875696,5950.318152205401,-27383.547595204785,-2.507971526256427,7616507.424682553,6.94413186208938e-05,0.0,0.0,0.0,0.0,0.0,0.0,1.0
1779266918.4975421,-43211.40489554507,-56093.06494723895,-2.8946464362624997,24496534.611367714,-6.944131862089326e-05,0.0,0.0,0.0,0.0,0.0,0.0,1.0
1779266918.5077944,-215370.19808705925,-88670.30325356459,-3.0286651845022527,64954166.64696661,6.944131862089383e-05,0.0,0.0,0.0,0.0,0.0,0.0,1.0
1779266918.5182004,-678085.7765376265,-125515.72339387209,-3.0668428562216086,114691628.50970756,-6.944131862089327e-05,0.0,0.0,0.0,0.0,0.0,0.0,1.0
1779266918.5285752,-1396758.6941281194,-161188.52469245577,-3.0824896770027657,162854170.61862993,6.944131862089383e-05,0.0,0.0,0.0,0.0,0.0,0.0,1.0
1779266918.5385537,-2328385.799785395,-197986.60223507375,-3.091381817265587,209791902.28629288,-6.944131862089327e-05,0.0,0.0,0.0,0.0,0.0,0.0,1.0
1779266918.5491033,-3418708.4770075465,-232811.75970778547,-3.0976031262722574,257636652.6545625,6.944131862089383e-05,0.0,0.0,0.0,0.0,0.0,0.0,1.0
1779266918.5592964,-4597533.075784854,-265082.6114053756,-3.1020481882348,302612181.5297075,-6.944131862089327e-05,0.0,0.0,0.0,0.0,0.0,0.0,1.0
1779266918.569647,-5843704.4520853115,-294273.83610716125,-3.1056294093631998,346755604.9762243,6.944131862089383e-05,0.0,0.0,0.0,0.0,0.0,0.0,1.0
1779266918.5819235,-7210486.318752961,-319353.1639293786,-3.1091429107625257,397364538.76029915,-6.944131862089327e-05,0.0,0.0,0.0,0.0,0.0,0.0,1.0
1779266918.5922465,-8603284.627852941,-343999.8281226314,-3.111708604342494,439177905.60716254,6.944131862089383e-05,0.0,0.0,0.0,0.0,0.0,0.0,1.0
1779266918.6026237,-9963383.25643186,-363608.59068586375,-3.114006822083214,479362936.7108982,-6.944131862089327e-05,0.0,0.0,0.0,0.0,0.0,0.0,1.0
1779266918.6128676,-11261135.857552592,-378163.2440664553,-3.116070583588967,517172295.99486786,6.944131862089379e-05,0.0,0.0,0.0,0.0,0.0,0.0,1.0
1779266918.6230807,-12632837.689390378,-391571.8786894805,-3.1180263687561833,554584507.4817417,-6.944131862089344e-05,0.0,0.0,0.0,0.0,0.0,0.0,1.0
1779266918.6335816,-13936097.355277173,-399254.6152934388,-3.1199179623385542,591259824.5304085,6.944131862089353e-05,0.0,0.0,0.0,0.0,0.0,0.0,1.0
1779266918.6441972,-15167281.184926935,-401824.3589367372,-3.121730841527199,626550110.4937212,-6.944131862089367e-05,0.0,0.0,0.0,0.0,0.0,0.0,1.0
1779266918.654593,-16390261.374790478,-401716.9755728938,-3.1234427910299303,660040134.7651358,6.944131862089336e-05,0.0,0.0,0.0,0.0,0.0,0.0,1.0
1779266918.6649108,-17596171.00180355,-398455.993207291,-3.125099998582893,692338008.1657183,-6.94413186208938e-05,0.0,0.0,0.0,0.0,0.0,0.0,1.0
1779266918.6755018,-18776429.68952489,-391163.0795278502,-3.126763222631768,724346409.796949,6.944131862089326e-05,0.0,0.0,0.0,0.0,0.0,0.0,1.0
1779266918.6856325,-19937758.760379497,-381668.04957661376,-3.1283262808395356,754121334.9964256,-6.944131862089383e-05,0.0,0.0,0.0,0.0,0.0,0.0,1.0
1779266918.69608,-20946131.108191404,-366489.0083288876,-3.1298872663597317,782809608.9276172,6.944131862089327e-05,0.0,0.0,0.0,0.0,0.0,0.0,1.0
1779266918.706459,-22118008.497492127,-350762.16142901086,-3.131461717615227,811843392.0908091,-6.944131862089383e-05,0.0,0.0,0.0,0.0,0.0,0.0,1.0
1779266918.7168002,-23012695.831645425,-329235.08904921415,-3.132964544623076,838071619.7155074,6.944131862089327e-05,0.0,0.0,0.0,0.0,0.0,0.0,1.0
1779266918.7270303,-24207617.090753015,-308276.8891896497,-3.1345020580030383,865457106.6392884,-6.944131862089383e-05,0.0,0.0,0.0,0.0,0.0,0.0,1.0
1779266918.737377,-25158272.99851867,-281943.4306056957,-3.1360155678646287,890930713.1043414,6.944131862089327e-05,0.0,0.0,0.0,0.0,0.0,0.0,1.0
1779266918.7477112,-25971812.84808471,-252274.89217610777,-3.1374973946103903,914837753.2061313,-6.944131862089383e-05,0.0,0.0,0.0,0.0,0.0,0.0,1.0
1779266918.7579775,-26955847.99869927,-221317.32490869425,-3.138993489933525,939052216.6261863,6.944131862089327e-05,0.0,0.0,0.0,0.0,0.0,0.0,1.0
1779266918.7682233,-27736879.915253934,-187138.2984881117,-3.140454604843891,961449828.2001575,-6.944131862089383e-05,0.0,0.0,0.0,0.0,0.0,0.0,1.0
1779266918.7781994,-28705731.8188781,-151977.09986086554,3.1412836355950216,983847436.9346292,6.944131862089327e-05,0.0,0.0,0.0,0.0,0.0,0.0,1.0
1779266918.7887104,-29438281.707096793,-112242.00008532505,3.139779661779068,1005611091.9886001,-6.944131862089374e-05,0.0,0.0,0.0,0.0,0.0,0.0,1.0
1779266918.79935,-30121440.09779103,-69885.95384699179,3.138264897181516,1026818183.4590477,6.944131862089352e-05,0.0,0.0,0.0,0.0,0.0,0.0,1.0
1779266918.809826,-30835148.012406114,-25841.834551617427,3.1367707296722305,1047383450.6516892,-6.944131862089346e-05,0.0,0.0,0.0,0.0,0.0,0.0,1.0
1779266918.8202372,-31712898.289942995,20870.100747968096,3.1352612041476817,1068273954.2819648,6.944131862089372e-05,0.0,0.0,0.0,0.0,0.0,0.0,1.0
1779266918.830694,-32231313.346631344,68056.38547717035,3.1337952739686354,1086847780.28558,-6.944131862089332e-05,0.0,0.0,0.0,0.0,0.0,0.0,1.0
1779266918.841178,-32938024.902213663,118514.26247462138,3.1322951705421467,1106120270.009514,6.944131862089383e-05,0.0,0.0,0.0,0.0,0.0,0.0,1.0
1779266918.8513398,-33798697.74368143,171116.58127097998,3.130825686127559,1125194220.7048833,-6.944131862089323e-05,0.0,0.0,0.0,0.0,0.0,0.0,1.0
1779266918.8612795,-34660690.20545618,225227.9647695177,3.1293848411655745,1143558040.0797668,6.944131862089386e-05,0.0,0.0,0.0,0.0,0.0,0.0,1.0
1779266918.8715427,-35131781.05756653,278491.35607206024,3.1279355556145294,1160222126.045182,-6.944131862089326e-05,0.0,0.0,0.0,0.0,0.0,0.0,1.0
1779266918.88214,-35654956.38212119,335465.8832632515,3.12642559569408,1177406409.3786201,6.944131862089383e-05,0.0,0.0,0.0,0.0,0.0,0.0,1.0
1779266918.8923187,-36320987.006694615,394415.4951700546,3.124967803242331,1194245071.2780442,-6.944131862089327e-05,0.0,0.0,0.0,0.0,0.0,0.0,1.0
1779266918.902892,-36766063.783268,453489.0407870286,3.1234705715003885,1210378772.6448963,6.944131862089383e-05,0.0,0.0,0.0,0.0,0.0,0.0,1.0
1779266918.9133797,-37415364.84705848,517437.1228666611,3.121959436149698,1227113145.7784004,-6.944131862089327e-05,0.0,0.0,0.0,0.0,0.0,0.0,1.0
1779266918.923756,-37834083.662855245,578401.1691060544,3.120492874251857,1242291158.1543772,6.944131862089383e-05,0.0,0.0,0.0,0.0,0.0,0.0,1.0
1779266918.9339888,-38707637.79024318,649468.2344487414,3.118995576355182,1259173804.8433328,-6.944131862089327e-05,0.0,0.0,0.0,0.0,0.0,0.0,1.0
1779266918.9441507,-39224230.56052226,714704.9283080748,3.117546033622636,1274038364.0857782,6.944131862089383e-05,0.0,0.0,0.0,0.0,0.0,0.0,1.0
1779266918.9549038,-39470926.23074156,778095.8793291328,3.1160278361960305,1288352239.754982,-6.944131862089327e-05,0.0,0.0,0.0,0.0,0.0,0.0,1.0
1779266918.9652987,-40150506.4879387,851702.8270658274,3.114522248544822,1303926634.4401076,6.94413186208937e-05,0.0,0.0,0.0,0.0,0.0,0.0,1.0
1779266918.9753335,-40785870.43445036,924152.8429185781,3.1130815558980736,1318542703.8279092,-6.944131862089356e-05,0.0,0.0,0.0,0.0,0.0,0.0,1.0
1779266918.9855611,-41169221.60825076,992283.1970045429,3.1116331960072756,1332136009.8557062,6.944131862089344e-05,0.0,0.0,0.0,0.0,0.0,0.0,1.0
1779266918.9956892,-41795743.9676148,1068161.6165973255,3.1101790604177166,1346505956.823477,-6.944131862089375e-05,0.0,0.0,0.0,0.0,0.0,0.0,1.0
1779266919.005679,-42462623.32279057,1146434.4649246088,3.108736845377118,1360750339.2984002,6.944131862089329e-05,0.0,0.0,0.0,0.0,0.0,0.0,1.0
1779266919.016181,-42526518.932508856,1209688.1587223709,3.107273993382856,1372848890.5910034,-6.944131862089386e-05,0.0,0.0,0.0,0.0,0.0,0.0,1.0
1779266919.0259438,-43463712.840293445,1299038.8533175397,3.105845799511446,1387705612.1059103,6.944131862089326e-05,0.0,0.0,0.0,0.0,0.0,0.0,1.0
1779266919.036189,-43694639.77914199,1368436.1162699105,3.1044061783153776,1399956478.7301917,-6.944131862089383e-05,0.0,0.0,0.0,0.0,0.0,0.0,1.0
1779266919.0465915,-44048898.83668328,1444096.3453273948,3.1029319099032566,1412854203.2856762,6.944131862089327e-05,0.0,0.0,0.0,0.0,0.0,0.0,1.0
1779266919.0569618,-44563069.892118715,1527019.8831084194,3.1014444977491946,1426340110.182538,-6.944131862089383e-05,0.0,0.0,0.0,0.0,0.0,0.0,1.0
1779266919.0677533,-44683652.080366805,1598221.1746984497,3.0999286268937922,1438545974.2636747,6.944131862089327e-05,0.0,0.0,0.0,0.0,0.0,0.0,1.0
1779266919.0780823,-45275635.36639458,1686833.7192126806,3.098449583586392,1452094410.5817297,-6.944131862089383e-05,0.0,0.0,0.0,0.0,0.0,0.0,1.0
1779266919.0887465,-45655229.74765962,1770005.0073231533,3.09693318572762,1465086419.878155,6.944131862089327e-05,0.0,0.0,0.0,0.0,0.0,0.0,1.0
1779266919.099085,-45856557.420297876,1844263.8480827059,3.0955003497827027,1476719611.7416456,-6.944131862089383e-05,0.0,0.0,0.0,0.0,0.0,0.0,1.0
1779266919.1094,-46561574.64392091,1942126.5846063816,3.0940219064152714,1490483659.5282168,6.944131862089327e-05,0.0,0.0,0.0,0.0,0.0,0.0,1.0
1779266919.1199877,-46753287.750049055,2019009.1721341906,3.09255275784776,1502256372.5111184,-6.944131862089383e-05,0.0,0.0,0.0,0.0,0.0,0.0,1.0
1779266919.1304936,-47262850.43496199,2111607.235142852,3.0910694315399736,1515259880.1141872,6.944131862089332e-05,0.0,0.0,0.0,0.0,0.0,0.0,1.0
1779266919.1408772,-47576072.20600319,2194989.6329376316,3.0896265301633044,1527199982.8556979,-6.944131862089361e-05,0.0,0.0,0.0,0.0,0.0,0.0,1.0
1779266919.150938,-48239704.851495765,2295245.3996868883,3.0882083294512803,1540181157.406543,6.944131862089361e-05,0.0,0.0,0.0,0.0,0.0,0.0,1.0
1779266919.160967,-48805818.32343419,2391746.6283983607,3.086801842309134,1552669925.552624,-6.94413186208934e-05,0.0,0.0,0.0,0.0,0.0,0.0,1.0
1779266919.1711876,-49146221.42169634,2478541.7745250827,3.0853850053828236,1564398767.8283818,6.944131862089378e-05,0.0,0.0,0.0,0.0,0.0,0.0,1.0
1779266919.1818407,-49325549.4496212,2560083.3616106994,3.0839130533407486,1575976489.564491,-6.944131862089327e-05,0.0,0.0,0.0,0.0,0.0,0.0,1.0
1779266919.1923072,-49843145.82921024,2660471.3789245584,3.082449073662838,1588720151.091136,6.944131862089387e-05,0.0,0.0,0.0,0.0,0.0,0.0,1.0
1779266919.2031133,-49987408.23883386,2742430.5083864983,3.0809654748972015,1600271289.3909378,-6.944131862089325e-05,0.0,0.0,0.0,0.0,0.0,0.0,1.0
1779266919.213577,-50446675.14521914,2841664.21515403,3.0795194712741694,1612693484.8899436,6.944131862089384e-05,0.0,0.0,0.0,0.0,0.0,0.0,1.0
1779266919.223967,-50881546.42907888,2940108.437054389,3.0780886096866222,1624915098.4536538,-6.944131862089326e-05,0.0,0.0,0.0,0.0,0.0,0.0,1.0
1779266919.2344172,-51096552.393178515,3025982.2328806194,3.076672844598111,1636249987.105189,6.944131862089383e-05,0.0,0.0,0.0,0.0,0.0,0.0,1.0
1779266919.244893,-51591554.46334552,3130640.4392617126,3.0752342168175186,1648802632.673288,-6.944131862089327e-05,0.0,0.0,0.0,0.0,0.0,0.0,1.0
1779266919.2554169,-52047722.82640443,3234090.4255286604,3.0737979351789697,1661210227.9642031,6.944131862089383e-05,0.0,0.0,0.0,0.0,0.0,0.0,1.0
1779266919.2658498,-52346237.849112764,3327531.840465909,3.0723903546538427,1672855509.195243,-6.944131862089327e-05,0.0,0.0,0.0,0.0,0.0,0.0,1.0
1779266919.2762158,-52848117.61759454,3435170.165887159,3.0709832146886225,1685266198.050356,6.944131862089383e-05,0.0,0.0,0.0,0.0,0.0,0.0,1.0
1779266919.2863815,-53388504.180085346,3545279.772377467,3.0696086723255522,1697580702.8609195,-6.944131862089327e-05,0.0,0.0,0.0,0.0,0.0,0.0,1.0
1779266919.2971888,-53410120.10758355,3623137.0335611305,3.068188626757756,1708429839.3069549,6.944131862089383e-05,0.0,0.0,0.0,0.0,0.0,0.0,1.0
1779266919.3078437,-53702341.933343105,3720809.386181916,3.066758930263336,1720414245.2764482,-6.944131862089337e-05,0.0,0.0,0.0,0.0,0.0,0.0,1.0
1779266919.318448,-54213279.44974319,3834180.857128429,3.0653493775232725,1733079436.3505929,6.944131862089359e-05,0.0,0.0,0.0,0.0,0.0,0.0,1.0
1779266919.3285913,-54789986.883697994,3951248.8551470106,3.0639945839267586,1745577414.4900763,-6.944131862089364e-05,0.0,0.0,0.0,0.0,0.0,0.0,1.0
1779266919.3393145,-54819704.649675936,4030751.527787993,3.0626016726411063,1756466978.1075606,6.944131862089337e-05,0.0,0.0,0.0,0.0,0.0,0.0,1.0
1779266919.3495078,-55718086.71812793,4175563.405373956,3.0612244290056605,1770424202.943537,-6.94413186208938e-05,0.0,0.0,0.0,0.0,0.0,0.0,1.0
1779266919.3601046,-56089496.621166244,4282122.9665832175,3.059840231303964,1782557534.4806104,6.944131862089326e-05,0.0,0.0,0.0,0.0,0.0,0.0,1.0
1779266919.3701417,-56463385.88003312,4387103.570726968,3.0585209568153475,1794241173.1859798,-6.944131862089383e-05,0.0,0.0,0.0,0.0,0.0,0.0,1.0
1779266919.3806639,-56421278.83721062,4460731.195702021,3.057183060571999,1804666987.8623922,6.944131862089327e-05,0.0,0.0,0.0,0.0,0.0,0.0,1.0
1779266919.3910706,-57106432.153741516,4594786.2893845355,3.055815780050157,1818046152.0428214,-6.944131862089383e-05,0.0,0.0,0.0,0.0,0.0,0.0,1.0
1779266919.4016433,-57446339.58345169,4702056.10774216,3.0544474336497665,1830241096.3917556,6.944131862089327e-05,0.0,0.0,0.0,0.0,0.0,0.0,1.0
1779266919.4123218,-57492860.996207304,4785236.599858301,3.0530918975041956,1841372509.0508564,-6.944131862089383e-05,0.0,0.0,0.0,0.0,0.0,0.0,1.0
1779266919.4221983,-58451394.92134642,4943289.697987065,3.0518047699735256,1855292743.1091125,6.944131862089327e-05,0.0,0.0,0.0,0.0,0.0,0.0,1.0
1779266919.432562,-58444249.68622571,5019913.197364618,3.050512530181008,1865827697.492144,-6.944131862089383e-05,0.0,0.0,0.0,0.0,0.0,0.0,1.0
1779266919.442505,-59291009.504151985,5171060.075557088,3.0492337352809473,1879412529.7310512,6.944131862089327e-05,0.0,0.0,0.0,0.0,0.0,0.0,1.0
1779266919.452797,-59730156.98915024,5288714.314848395,3.047930557507894,1891777713.2108598,-6.944131862089383e-05,0.0,0.0,0.0,0.0,0.0,0.0,1.0
1779266919.4629192,-60368268.43627099,5424889.53721535,3.0466402507679575,1904817273.3830848,6.944131862089327e-05,0.0,0.0,0.0,0.0,0.0,0.0,1.0
1779266919.4732249,-60558016.498609446,5521142.124672897,3.0453560418303987,1916265624.1115062,-6.944131862089379e-05,0.0,0.0,0.0,0.0,0.0,0.0,1.0
1779266919.4835756,-60655465.76737957,5609105.161044454,3.044081028804815,1927423241.8183236,6.944131862089344e-05,0.0,0.0,0.0,0.0,0.0,0.0,1.0
1779266919.49359,-61463338.52801792,5764163.086407847,3.042813447681848,1941169788.151655,-6.944131862089353e-05,0.0,0.0,0.0,0.0,0.0,0.0,1.0
1779266919.5036833,-61913667.34630647,5885955.138848828,3.041560556400727,1953552181.3590717,6.944131862089367e-05,0.0,0.0,0.0,0.0,0.0,0.0,1.0
1779266919.5141943,-61893141.456812024,5963801.863503694,3.040296287915764,1964450643.8549716,-6.944131862089336e-05,0.0,0.0,0.0,0.0,0.0,0.0,1.0
1779266919.5243523,-62569840.172390275,6110369.128560211,3.039032969777586,1977972387.0761588,6.94413186208938e-05,0.0,0.0,0.0,0.0,0.0,0.0,1.0
1779266919.5347204,-62600816.33148998,6193409.606048908,3.0377852717448857,1989119259.8456767,-6.944131862089326e-05,0.0,0.0,0.0,0.0,0.0,0.0,1.0
1779266919.544721,-63264110.66892709,6339236.873024495,3.0365622438843696,2002435409.711497,6.944131862089383e-05,0.0,0.0,0.0,0.0,0.0,0.0,1.0
1779266919.5548167,-63742967.98955214,6467555.574812127,3.0353388166029687,2015163933.8258848,-6.944131862089327e-05,0.0,0.0,0.0,0.0,0.0,0.0,1.0
1779266919.5651553,-64165552.347990505,6592703.844417069,3.034084680640067,2028072342.0753055,6.944131862089383e-05,0.0,0.0,0.0,0.0,0.0,0.0,1.0
1779266919.5754156,-64424760.70181845,6700285.733633289,3.03286232258162,2040205208.2447047,-6.944131862089327e-05,0.0,0.0,0.0,0.0,0.0,0.0,1.0
1779266919.585734,-64751010.92064631,6816099.836350419,3.0316321545158775,2052778155.5297208,6.944131862089383e-05,0.0,0.0,0.0,0.0,0.0,0.0,1.0
1779266919.5958,-65338885.41698359,6959382.123956845,3.030428452499554,2066146458.4344661,-6.944131862089327e-05,0.0,0.0,0.0,0.0,0.0,0.0,1.0
1779266919.6064968,-65268426.60551572,7034988.432881353,3.0291792599855523,2077702907.3758488,6.944131862089383e-05,0.0,0.0,0.0,0.0,0.0,0.0,1.0
1779266919.6170754,-65652703.35709735,7160720.275908599,3.0279307178706016,2091056944.1132505,-6.944131862089327e-05,0.0,0.0,0.0,0.0,0.0,0.0,1.0
1779266919.62719,-66343879.0400849,7318600.804958016,3.026735972553242,2105088736.6024864,6.944131862089383e-05,0.0,0.0,0.0,0.0,0.0,0.0,1.0
1779266919.6377032,-66606444.86570169,7431368.633933511,3.0255110276995776,2117977695.9263558,-6.944131862089327e-05,0.0,0.0,0.0,0.0,0.0,0.0,1.0
1779266919.6485734,-66345014.031675264,7486048.193910858,3.0242777107206624,2129232634.2910905,6.944131862089374e-05,0.0,0.0,0.0,0.0,0.0,0.0,1.0
1779266919.658909,-67210259.40470429,7668603.215598625,3.0230655915092566,2144499816.4768264,-6.944131862089352e-05,0.0,0.0,0.0,0.0,0.0,0.0,1.0
1779266919.6695106,-67315298.57123548,7764185.421544584,3.0218635969863215,2157018592.114666,6.944131862089346e-05,0.0,0.0,0.0,0.0,0.0,0.0,1.0
1779266919.6796024,-68039182.3975571,7930196.623397682,3.0207059127485696,2171441215.948403,-6.944131862089372e-05,0.0,0.0,0.0,0.0,0.0,0.0,1.0
1779266919.6898541,-68716596.80633186,8092845.726448461,3.019531614077568,2185954203.3555226,6.944131862089332e-05,0.0,0.0,0.0,0.0,0.0,0.0,1.0
1779266919.7004004,-68606609.24443185,8162239.8401254695,3.0183675920831554,2197644780.7946415,-6.944131862089383e-05,0.0,0.0,0.0,0.0,0.0,0.0,1.0
1779266919.711032,-69005016.97516,8294666.037305526,3.0171749434361406,2211657254.2054935,6.944131862089323e-05,0.0,0.0,0.0,0.0,0.0,0.0,1.0
1779266919.7210765,-69981520.93299857,8495623.110218909,3.0160336450129286,2227299215.772575,-6.944131862089386e-05,0.0,0.0,0.0,0.0,0.0,0.0,1.0
1779266919.7312412,-70486338.32058012,8639068.100316428,3.0149122475048618,2241092725.5648513,6.944131862089326e-05,0.0,0.0,0.0,0.0,0.0,0.0,1.0
1779266919.7414618,-71179226.82314488,8808219.096673056,3.013766851580102,2255938040.5191865,-6.944131862089383e-05,0.0,0.0,0.0,0.0,0.0,0.0,1.0
1779266919.7520564,-71327777.55035505,8911593.109339539,3.0126034462031432,2269143455.978687,6.944131862089327e-05,0.0,0.0,0.0,0.0,0.0,0.0,1.0
1779266919.7625237,-71395191.34532844,9003577.674654618,3.0114724406044227,2281869576.8970327,-6.944131862089383e-05,0.0,0.0,0.0,0.0,0.0,0.0,1.0
1779266919.7730303,-72001134.17185345,9166165.352192856,3.0103165557740237,2296988300.1722584,6.944131862089327e-05,0.0,0.0,0.0,0.0,0.0,0.0,1.0
1779266919.7836845,-72115198.76591316,9266098.19751053,3.009170063475037,2310363373.8242197,-6.944131862089383e-05,0.0,0.0,0.0,0.0,0.0,0.0,1.0
1779266919.794226,-72614669.11488773,9416339.98951842,3.008029738621839,2325228719.1474857,6.944131862089327e-05,0.0,0.0,0.0,0.0,0.0,0.0,1.0
1779266919.8045688,-72849773.81315283,9530125.972758263,3.006937003144209,2338718725.902554,-6.944131862089383e-05,0.0,0.0,0.0,0.0,0.0,0.0,1.0
1779266919.8147457,-73829141.11532436,9743544.980038896,3.0058335687734186,2355156269.67054,6.944131862089327e-05,0.0,0.0,0.0,0.0,0.0,0.0,1.0
1779266919.8254297,-73981784.0918279,9849535.974874195,3.0047079710751428,2368983636.9855843,-6.94413186208937e-05,0.0,0.0,0.0,0.0,0.0,0.0,1.0
1779266919.8356671,-74520620.91057123,10005446.472047703,3.0036282349392778,2383811805.837842,6.944131862089356e-05,0.0,0.0,0.0,0.0,0.0,0.0,1.0
1779266919.845588,-75480353.78050998,10217873.087064454,3.002574469817824,2399945144.499188,-6.944131862089344e-05,0.0,0.0,0.0,0.0,0.0,0.0,1.0
1779266919.8556044,-76133535.61911026,10389741.778219203,3.0015222087691935,2415034576.4158287,6.944131862089375e-05,0.0,0.0,0.0,0.0,0.0,0.0,1.0
1779266919.8664007,-75886800.9586289,10441675.919135714,3.0004204118450435,2427653286.414924,-6.944131862089329e-05,0.0,0.0,0.0,0.0,0.0,0.0,1.0
1779266919.8763971,-76689548.2058137,10635967.68292624,2.9993803877880882,2443473087.440276,6.944131862089386e-05,0.0,0.0,0.0,0.0,0.0,0.0,1.0
1779266919.8868854,-77097071.84429204,10778719.657862823,2.9982985950632646,2458519206.130593,-6.944131862089326e-05,0.0,0.0,0.0,0.0,0.0,0.0,1.0
1779266919.8970473,-77690332.76412174,10946370.999892883,2.9972544749085834,2473894676.890708,6.944131862089383e-05,0.0,0.0,0.0,0.0,0.0,0.0,1.0
1779266919.9077353,-77824962.98977123,11051916.33019148,2.9961767053969544,2488209055.8076577,-6.944131862089327e-05,0.0,0.0,0.0,0.0,0.0,0.0,1.0
1779266919.918109,-78457803.89735013,11228940.726592086,2.9951094951633976,2504365260.028308,6.944131862089383e-05,0.0,0.0,0.0,0.0,0.0,0.0,1.0
1779266919.9288316,-78340931.02025172,11298599.206875436,2.9940454287699954,2517938074.02213,-6.944131862089327e-05,0.0,0.0,0.0,0.0,0.0,0.0,1.0
1779266919.9392407,-79036348.94147226,11485994.336883627,2.9929942550158746,2534477612.818813,6.944131862089383e-05,0.0,0.0,0.0,0.0,0.0,0.0,1.0
1779266919.9497375,-79576319.54142123,11651797.277191268,2.991942711507221,2550595787.3802805,-6.944131862089327e-05,0.0,0.0,0.0,0.0,0.0,0.0,1.0
1779266919.9603136,-79921013.97216964,11789460.248922134,2.990896199256982,2566099402.28599,6.944131862089383e-05,0.0,0.0,0.0,0.0,0.0,0.0,1.0
1779266919.9704206,-80651598.93343505,11982213.108771319,2.989898373870501,2582470305.002714,-6.944131862089327e-05,0.0,0.0,0.0,0.0,0.0,0.0,1.0
1779266919.9811308,-80335934.57999478,12020607.110580757,2.9888779215195402,2595548409.7784195,6.944131862089383e-05,0.0,0.0,0.0,0.0,0.0,0.0,1.0
1779266919.9909103,-82013650.79403174,12357479.403605983,2.987895133321354,2615470378.000954,-6.944131862089332e-05,0.0,0.0,0.0,0.0,0.0,0.0,1.0
1779266920.0010998,-82528232.90508735,12520188.463414779,2.986905362689006,2631329088.2750654,6.944131862089361e-05,0.0,0.0,0.0,0.0,0.0,0.0,1.0
1779266920.0115306,-82768822.73627433,12642634.3784616,2.985905482216303,2646512324.7021265,-6.944131862089361e-05,0.0,0.0,0.0,0.0,0.0,0.0,1.0
1779266920.0220294,-83287386.62225512,12809634.87946133,2.9848908729146473,2663108523.9910097,6.94413186208934e-05,0.0,0.0,0.0,0.0,0.0,0.0,1.0
1779266920.0329363,-83193496.56921345,12883893.639782824,2.9838585004015084,2677952661.259507,-6.944131862089378e-05,0.0,0.0,0.0,0.0,0.0,0.0,1.0
1779266920.042976,-84349109.06862931,13149514.892595284,2.982889347430362,2696554084.4922023,6.944131862089327e-05,0.0,0.0,0.0,0.0,0.0,0.0,1.0
1779266920.0532207,-84636710.71735829,13279561.925176065,2.981929917973595,2711974071.278275,-6.944131862089387e-05,0.0,0.0,0.0,0.0,0.0,0.0,1.0
1779266920.0635166,-85258635.25265644,13463930.069984652,2.9809587807754436,2728965824.1863375,6.944131862089325e-05,0.0,0.0,0.0,0.0,0.0,0.0,1.0
1779266920.0740237,-85765284.29438953,13632178.796279369,2.9799710826077552,2745960818.9799266,-6.944131862089384e-05,0.0,0.0,0.0,0.0,0.0,0.0,1.0
1779266920.084139,-86355080.04115914,13811457.943507643,2.9790314878858783,2762658299.540513,6.944131862089326e-05,0.0,0.0,0.0,0.0,0.0,0.0,1.0
1779266920.0949187,-86390251.97958507,13905517.920273233,2.978044814601697,2778289272.6166444,-6.944131862089383e-05,0.0,0.0,0.0,0.0,0.0,0.0,1.0
1779266920.1049976,-87127152.75739995,14109912.094019022,2.9771158435943885,2795731997.6502705,6.944131862089327e-05,0.0,0.0,0.0,0.0,0.0,0.0,1.0
1779266920.1152227,-87757536.77883375,14298524.379114173,2.9761788272490026,2813063754.607786,-6.944131862089383e-05,0.0,0.0,0.0,0.0,0.0,0.0,1.0
1779266920.125538,-88706950.05796032,14541904.723792152,2.9752233402668997,2832003916.820954,6.944131862089327e-05,0.0,0.0,0.0,0.0,0.0,0.0,1.0
1779266920.1361954,-88747342.05185778,14636883.45731127,2.9742646539267152,2847863990.7986827,-6.944131862089383e-05,0.0,0.0,0.0,0.0,0.0,0.0,1.0
1779266920.1468358,-88864838.50516348,14744400.90740996,2.973317160746417,2864062577.6798368,6.944131862089327e-05,0.0,0.0,0.0,0.0,0.0,0.0,1.0
1779266920.1570492,-89598754.4278759,14953067.996550243,2.9724027526062518,2882134616.3580294,-6.944131862089383e-05,0.0,0.0,0.0,0.0,0.0,0.0,1.0
1779266920.1674364,-90298343.96603873,15158156.09468757,2.971472574577253,2900509584.896922,6.944131862089337e-05,0.0,0.0,0.0,0.0,0.0,0.0,1.0
1779266920.1776724,-91100890.74202685,15380672.489205508,2.9705580000960143,2919136163.7905793,-6.944131862089359e-05,0.0,0.0,0.0,0.0,0.0,0.0,1.0
1779266920.1882427,-91658837.82039842,15564433.49459619,2.969621820036865,2937419089.7583513,6.944131862089364e-05,0.0,0.0,0.0,0.0,0.0,0.0,1.0
1779266920.198422,-92269344.40534993,15755294.699180938,2.9687261878578832,2955343814.645591,-6.944131862089337e-05,0.0,0.0,0.0,0.0,0.0,0.0,1.0
1779266920.2090507,-92551241.96561329,15892914.168175109,2.9677997873270483,2972828011.124801,6.94413186208938e-05,0.0,0.0,0.0,0.0,0.0,0.0,1.0
1779266920.2194579,-92876902.08696201,16036450.918788467,2.966905741425246,2990100413.4795284,-6.944131862089326e-05,0.0,0.0,0.0,0.0,0.0,0.0,1.0
1779266920.2294662,-94148167.38314454,16344016.328686558,2.9660255115122087,3010720614.815555,6.944131862089383e-05,0.0,0.0,0.0,0.0,0.0,0.0,1.0
1779266920.2400665,-93838274.70880355,16377558.42689586,2.96513527201465,3025946143.509009,-6.944131862089327e-05,0.0,0.0,0.0,0.0,0.0,0.0,1.0
1779266920.2506762,-94545361.40928808,16591515.662654113,2.9642236827908253,3045544338.2895966,6.944131862089383e-05,0.0,0.0,0.0,0.0,0.0,0.0,1.0
1779266920.2612855,-94984423.867896,16758121.015095342,2.9633279245254904,3064052411.81704,-6.944131862089327e-05,0.0,0.0,0.0,0.0,0.0,0.0,1.0
1779266920.2712584,-96246410.68016675,17068455.984285787,2.962474539089376,3084892517.227835,6.944131862089383e-05,0.0,0.0,0.0,0.0,0.0,0.0,1.0
1779266920.2816756,-97012687.39450103,17294408.5390822,2.9615886745989553,3104689826.8381886,-6.944131862089327e-05,0.0,0.0,0.0,0.0,0.0,0.0,1.0
1779266920.2918296,-97497768.82006869,17468049.467764884,2.960742766968581,3122850036.0862517,6.944131862089383e-05,0.0,0.0,0.0,0.0,0.0,0.0,1.0
1779266920.30262,-97390635.47174312,17538709.695027195,2.9598586356759338,3139862685.9008126,-6.944131862089327e-05,0.0,0.0,0.0,0.0,0.0,0.0,1.0
1779266920.313025,-98146400.31811139,17764676.49390033,2.9589934016133217,3159888910.964141,6.944131862089383e-05,0.0,0.0,0.0,0.0,0.0,0.0,1.0
1779266920.3231943,-99216867.8029097,18047671.24074721,2.958146243574051,3180846090.0956674,-6.944131862089327e-05,0.0,0.0,0.0,0.0,0.0,0.0,1.0
1779266920.3337615,-99620180.64605361,18211564.240348957,2.957279284316556,3199955408.149681,6.944131862089379e-05,0.0,0.0,0.0,0.0,0.0,0.0,1.0
1779266920.3446844,-98884520.97213428,18166466.610505257,2.9564161363253465,3215130437.8504643,-6.944131862089344e-05,0.0,0.0,0.0,0.0,0.0,0.0,1.0
1779266920.3548195,-100087760.3233312,18475733.005665522,2.9555980683881753,3236692569.5963345,6.944131862089353e-05,0.0,0.0,0.0,0.0,0.0,0.0,1.0
1779266920.3652518,-100904359.46606378,18717363.928981863,2.9547453220187094,3257738316.7203135,-6.944131862089367e-05,0.0,0.0,0.0,0.0,0.0,0.0,1.0
1779266920.3756142,-102012063.09387222,19013730.452194627,2.9539033751023513,3279772667.8377485,6.944131862089336e-05,0.0,0.0,0.0,0.0,0.0,0.0,1.0
1779266920.3861985,-102347943.40780976,19166881.881956436,2.9530617805291115,3299165715.6474795,-6.94413186208938e-05,0.0,0.0,0.0,0.0,0.0,0.0,1.0
1779266920.396915,-102664900.20382378,19317798.10776868,2.952213778427005,3318891412.687584,6.944131862089326e-05,0.0,0.0,0.0,0.0,0.0,0.0,1.0
1779266920.4075854,-102812167.80958346,19435643.54977803,2.951386293019791,3337801971.6055026,-6.944131862089383e-05,0.0,0.0,0.0,0.0,0.0,0.0,1.0
1779266920.4178205,-104471900.11620054,19841259.04426756,2.950562903501421,3362340084.6473546,6.944131862089327e-05,0.0,0.0,0.0,0.0,0.0,0.0,1.0
1779266920.4281192,-105048690.10841015,20040043.551554266,2.949762285022455,3382520456.794468,-6.944131862089383e-05,0.0,0.0,0.0,0.0,0.0,0.0,1.0
1779266920.4388955,-104922943.99162745,20106805.13206016,2.9489393786296336,3400919384.2275715,6.944131862089327e-05,0.0,0.0,0.0,0.0,0.0,0.0,1.0
1779266920.4490547,-105818079.85734445,20367122.782654576,2.9481570861201494,3422347315.1425605,-6.944131862089383e-05,0.0,0.0,0.0,0.0,0.0,0.0,1.0
1779266920.4592996,-106886517.48260278,20662935.633011423,2.9473646044815895,3444818311.3549447,6.944131862089327e-05,0.0,0.0,0.0,0.0,0.0,0.0,1.0
1779266920.4696653,-107599012.03677355,20890959.46445688,2.9465718630615214,3466170245.865982,-6.944131862089383e-05,0.0,0.0,0.0,0.0,0.0,0.0,1.0
1779266920.4802914,-107881057.49493936,21036914.841865223,2.945769142988002,3486430161.3157535,6.944131862089327e-05,0.0,0.0,0.0,0.0,0.0,0.0,1.0
1779266920.4906247,-108739183.90058014,21294846.98916076,2.9449861005819296,3508550452.4488115,-6.944131862089383e-05,0.0,0.0,0.0,0.0,0.0,0.0,1.0
1779266920.501197,-109136973.93700388,21464049.144804135,2.9441946290434053,3529420698.3160744,6.944131862089327e-05,0.0,0.0,0.0,0.0,0.0,0.0,1.0
1779266920.511551,-110160938.96456109,21756874.32997865,2.9434146399548764,3552517749.087599,-6.944131862089374e-05,0.0,0.0,0.0,0.0,0.0,0.0,1.0
1779266920.5220335,-110666267.54898143,21947823.320745073,2.9426373293711583,3573854095.9405494,6.944131862089352e-05,0.0,0.0,0.0,0.0,0.0,0.0,1.0
1779266920.5327237,-110675839.86892322,22040958.53283686,2.9418581095793996,3593708601.6953254,-6.944131862089346e-05,0.0,0.0,0.0,0.0,0.0,0.0,1.0
1779266920.54335,-111228696.63774496,22243121.80179343,2.9410803561023515,3615811529.2175236,6.944131862089372e-05,0.0,0.0,0.0,0.0,0.0,0.0,1.0
1779266920.5535324,-112964995.09061186,22682623.739547856,2.9403187471328334,3641997394.623086,-6.944131862089332e-05,0.0,0.0,0.0,0.0,0.0,0.0,1.0
1779266920.5639615,-113193268.0356293,22818499.116762273,2.9395699031003417,3662485018.93367,6.944131862089383e-05,0.0,0.0,0.0,0.0,0.0,0.0,1.0
1779266920.5744455,-114049212.26584035,23083405.659439966,2.9388072655811985,3685908350.522628,-6.944131862089323e-05,0.0,0.0,0.0,0.0,0.0,0.0,1.0
1779266920.5851603,-114082937.42743671,23182146.566521164,2.9380458311773268,3706551221.6907487,6.944131862089386e-05,0.0,0.0,0.0,0.0,0.0,0.0,1.0
1779266920.5955198,-115247889.44322097,23511137.921269245,2.937297767375595,3731233894.969666,-6.944131862089326e-05,0.0,0.0,0.0,0.0,0.0,0.0,1.0
1779266920.6056118,-116207543.60865676,23796518.56672568,2.9365801161499387,3754482787.5006475,6.944131862089383e-05,0.0,0.0,0.0,0.0,0.0,0.0,1.0
1779266920.6159956,-116737178.5957331,23995712.371315293,2.9358497145887466,3776738837.0262957,-6.944131862089327e-05,0.0,0.0,0.0,0.0,0.0,0.0,1.0
1779266920.6264195,-117453709.1213162,24234651.13130115,2.9351162887008213,3800018980.2846537,6.944131862089383e-05,0.0,0.0,0.0,0.0,0.0,0.0,1.0
1779266920.6367352,-117750574.57490599,24385413.177252967,2.934405397668951,3821362864.1394157,-6.944131862089327e-05,0.0,0.0,0.0,0.0,0.0,0.0,1.0
1779266920.647146,-118902720.972141,24716750.813602492,2.933673448131856,3846712796.598804,6.944131862089383e-05,0.0,0.0,0.0,0.0,0.0,0.0,1.0
1779266920.6578283,-119297829.47866821,24891607.698059723,2.932939737484798,3869570846.628703,-6.944131862089327e-05,0.0,0.0,0.0,0.0,0.0,0.0,1.0
1779266920.6681721,-119982314.08568043,25125165.05032286,2.9322343527794406,3892909155.7060657,6.944131862089383e-05,0.0,0.0,0.0,0.0,0.0,0.0,1.0
1779266920.6789792,-120500624.51004896,25328390.708062306,2.9314908892264926,3917074486.4425654,-6.944131862089327e-05,0.0,0.0,0.0,0.0,0.0,0.0,1.0
1779266920.6893628,-121846143.52233297,25704736.48851536,2.9307741705404506,3943687806.7353334,6.94413186208937e-05,0.0,0.0,0.0,0.0,0.0,0.0,1.0
1779266920.699932,-122591248.88260256,25955617.02086699,2.930055411484968,3968367679.9045877,-6.944131862089356e-05,0.0,0.0,0.0,0.0,0.0,0.0,1.0
1779266920.710632,-122906489.76211518,26116074.705203183,2.929337748449832,3991723572.7908254,6.944131862089344e-05,0.0,0.0,0.0,0.0,0.0,0.0,1.0
1779266920.7207596,-124163721.77740192,26474819.78769043,2.9286545731623637,4017693757.1505384,-6.944131862089375e-05,0.0,0.0,0.0,0.0,0.0,0.0,1.0
1779266920.7314389,-124227736.10098773,26581457.071975507,2.9279501258397236,4040227880.0830398,6.944131862089329e-05,0.0,0.0,0.0,0.0,0.0,0.0,1.0
1779266920.7419643,-125079467.87799588,26857287.22452843,2.927251577948116,4065778978.7549205,-6.944131862089386e-05,0.0,0.0,0.0,0.0,0.0,0.0,1.0
1779266920.7523997,-125688275.5546839,27080273.170419823,2.9265678487260107,4090208156.0974326,6.944131862089326e-05,0.0,0.0,0.0,0.0,0.0,0.0,1.0
1779266920.762582,-126519966.62018667,27349972.692963675,2.925906065357191,4114979942.818003,-6.944131862089383e-05,0.0,0.0,0.0,0.0,0.0,0.0,1.0
1779266920.7727013,-127899475.72965698,27739778.483760096,2.9252415412012125,4142066334.6169114,6.944131862089327e-05,0.0,0.0,0.0,0.0,0.0,0.0,1.0
1779266920.7829015,-128486665.29411063,27957398.438744668,2.9245866617988145,4166124583.3031235,-6.944131862089383e-05,0.0,0.0,0.0,0.0,0.0,0.0,1.0
1779266920.7929814,-129928654.7706612,28362760.92644317,2.9239303065783524,4193601998.9495807,6.944131862089327e-05,0.0,0.0,0.0,0.0,0.0,0.0,1.0
1779266920.8035023,-131042115.32883243,28700834.452688806,2.9232445726813676,4221093769.292928,-6.944131862089383e-05,0.0,0.0,0.0,0.0,0.0,0.0,1.0
1779266920.8139496,-130687440.14870653,28713946.25440798,2.9225926397502295,4242305733.304757,6.944131862089327e-05,0.0,0.0,0.0,0.0,0.0,0.0,1.0
1779266920.8242428,-132145107.94220334,29128169.069502912,2.921930081587223,4270882357.72574,-6.944131862089383e-05,0.0,0.0,0.0,0.0,0.0,0.0,1.0
1779266920.8349414,-132150340.06688902,29223181.032839533,2.921261367598568,4294611150.811003,6.944131862089327e-05,0.0,0.0,0.0,0.0,0.0,0.0,1.0
1779266920.8457794,-133116108.54738814,29534380.27262465,2.9205707638884366,4323033469.952987,-6.944131862089383e-05,0.0,0.0,0.0,0.0,0.0,0.0,1.0
1779266920.8561428,-133615276.12008312,29737410.657053187,2.919931502152007,4348115836.869594,6.944131862089332e-05,0.0,0.0,0.0,0.0,0.0,0.0,1.0
1779266920.8665473,-134232596.2917067,29967549.442722753,2.919291255666213,4373980871.851202,-6.944131862089361e-05,0.0,0.0,0.0,0.0,0.0,0.0,1.0
1779266920.8765674,-135973282.05609637,30448658.127587482,2.9186650186151066,4403677014.360214,6.944131862089361e-05,0.0,0.0,0.0,0.0,0.0,0.0,1.0
1779266920.886864,-136954623.44406977,30761688.73813364,2.918029731758369,4431117638.853261,-6.94413186208934e-05,0.0,0.0,0.0,0.0,0.0,0.0,1.0
1779266920.8971229,-137598116.48644063,30998435.663338535,2.9174057192694995,4457151838.918642,6.944131862089378e-05,0.0,0.0,0.0,0.0,0.0,0.0,1.0
1779266920.9077022,-137960890.66419137,31174114.552116677,2.9167679675149527,4483019023.5802765,-6.944131862089327e-05,0.0,0.0,0.0,0.0,0.0,0.0,1.0
1779266920.9177878,-139191964.8574574,31544466.56780668,2.9161565324511134,4511330305.567089,6.944131862089387e-05,0.0,0.0,0.0,0.0,0.0,0.0,1.0
1779266920.927768,-140638678.86369157,31964301.78673295,2.9155517599210388,4540372947.171484,-6.944131862089325e-05,0.0,0.0,0.0,0.0,0.0,0.0,1.0
1779266920.9378302,-141631115.99750462,32281607.923280768,2.914949499589527,4567857963.509352,6.944131862089384e-05,0.0,0.0,0.0,0.0,0.0,0.0,1.0
1779266920.9482572,-142191783.10322165,32502843.09262141,2.914333774471256,4594592994.610878,-6.944131862089326e-05,0.0,0.0,0.0,0.0,0.0,0.0,1.0
1779266920.9587631,-142909035.61855012,32761968.44342132,2.9137093411985653,4622595685.208061,6.944131862089383e-05,0.0,0.0,0.0,0.0,0.0,0.0,1.0
1779266920.968901,-143698852.3451411,33035374.332305834,2.9131143500295673,4649935434.427682,-6.944131862089327e-05,0.0,0.0,0.0,0.0,0.0,0.0,1.0
1779266920.97936,-144345367.9494524,33278548.339697234,2.912503161907197,4677748386.393282,6.944131862089383e-05,0.0,0.0,0.0,0.0,0.0,0.0,1.0
1779266920.9898865,-144539244.95187357,33417439.508631345,2.9118959069436166,4704084803.348583,-6.944131862089327e-05,0.0,0.0,0.0,0.0,0.0,0.0,1.0
1779266921.0004292,-145403263.37252408,33712736.93308481,2.911285649370546,4733387647.695508,6.944131862089383e-05,0.0,0.0,0.0,0.0,0.0,0.0,1.0
1779266921.0107622,-146791265.10119843,34130103.72396392,2.910683107340006,4764560525.39464,-6.944131862089327e-05,0.0,0.0,0.0,0.0,0.0,0.0,1.0
1779266921.0211985,-147933655.65319335,34491708.22134138,2.91007967992325,4795121712.586134,6.944131862089383e-05,0.0,0.0,0.0,0.0,0.0,0.0,1.0
1779266921.031778,-148341435.65355578,34682361.45660415,2.9094792662587565,4823161722.613932,-6.944131862089337e-05,0.0,0.0,0.0,0.0,0.0,0.0,1.0
1779266921.042145,-149019453.5092277,34935059.91034989,2.908895736871896,4851791179.764755,6.944131862089359e-05,0.0,0.0,0.0,0.0,0.0,0.0,1.0
1779266921.0529761,-148820415.59129754,34984421.996726245,2.908294083808231,4878430566.336989,-6.944131862089364e-05,0.0,0.0,0.0,0.0,0.0,0.0,1.0
1779266921.063019,-150654664.47370598,35509305.391028546,2.9077275752575336,4911264541.193489,6.944131862089337e-05,0.0,0.0,0.0,0.0,0.0,0.0,1.0
1779266921.0736034,-151648821.60481587,35840014.49634143,2.907136855264821,4942387371.401281,-6.94413186208938e-05,0.0,0.0,0.0,0.0,0.0,0.0,1.0
1779266921.0841088,-152536736.1363423,36145746.57437201,2.90655393082951,4973063903.024429,6.944131862089326e-05,0.0,0.0,0.0,0.0,0.0,0.0,1.0
1779266921.0947564,-152905203.17355865,36328878.319528,2.9059720850079955,5002134781.363205,-6.944131862089383e-05,0.0,0.0,0.0,0.0,0.0,0.0,1.0
1779266921.105151,-154507129.2372205,36805989.33365515,2.9053962094907657,5035801234.649151,6.944131862089327e-05,0.0,0.0,0.0,0.0,0.0,0.0,1.0
1779266921.1155436,-155024054.9071678,37023154.325898536,2.9048367208141723,5064937063.100902,-6.944131862089383e-05,0.0,0.0,0.0,0.0,0.0,0.0,1.0
1779266921.1255367,-157181653.4864186,37632870.19173582,2.9042866603699355,5099931485.064857,6.944131862089327e-05,0.0,0.0,0.0,0.0,0.0,0.0,1.0
1779266921.1356912,-158171187.9924212,37963246.33527065,2.903740635138223,5130621597.119862,-6.944131862089383e-05,0.0,0.0,0.0,0.0,0.0,0.0,1.0
1779266921.146123,-159208194.14420304,38308372.32577552,2.9031774975320648,5162682414.168037,6.944131862089327e-05,0.0,0.0,0.0,0.0,0.0,0.0,1.0
1779266921.156325,-159971050.42740065,38585563.682732746,2.9026370147256007,5192886504.821195,-6.944131862089383e-05,0.0,0.0,0.0,0.0,0.0,0.0,1.0
1779266921.1669655,-160373484.37779462,38779437.62337718,2.902073777276012,5223339317.82043,6.944131862089327e-05,0.0,0.0,0.0,0.0,0.0,0.0,1.0
1779266921.1771173,-161646535.11819714,39181649.054735824,2.9015378993644436,5255915436.850692,-6.944131862089383e-05,0.0,0.0,0.0,0.0,0.0,0.0,1.0
1779266921.187596,-162629791.44279042,39516829.309289366,2.9009851716985215,5288641510.271714,6.944131862089327e-05,0.0,0.0,0.0,0.0,0.0,0.0,1.0
1779266921.1981893,-163206988.53773642,39754080.14644165,2.900433344573126,5320192812.127022,-6.944131862089379e-05,0.0,0.0,0.0,0.0,0.0,0.0,1.0
1779266921.2088175,-162848317.73830518,39761804.25295143,2.899893903328744,5348065131.283674,6.944131862089344e-05,0.0,0.0,0.0,0.0,0.0,0.0,1.0
1779266921.2187874,-165658391.53588492,40543713.76176135,2.899368850262535,5387185838.047738,-6.944131862089353e-05,0.0,0.0,0.0,0.0,0.0,0.0,1.0
1779266921.2292507,-166862018.51961082,40935742.662693426,2.898826615523829,5421525570.504515,6.944131862089367e-05,0.0,0.0,0.0,0.0,0.0,0.0,1.0
1779266921.2397668,-167597766.19565257,41213324.39249726,2.898289215905759,5454217522.484779,-6.944131862089336e-05,0.0,0.0,0.0,0.0,0.0,0.0,1.0
1779266921.2502964,-168011837.83691522,41411561.758373186,2.8977587771434035,5485735833.067072,6.94413186208938e-05,0.0,0.0,0.0,0.0,0.0,0.0,1.0
1779266921.2610347,-168655623.8093557,41668968.61413956,2.8972161526172444,5519262472.376445,-6.944131862089326e-05,0.0,0.0,0.0,0.0,0.0,0.0,1.0
1779266921.2712903,-169589357.8198281,41994344.39341423,2.8967072566876793,5552254197.158563,6.944131862089383e-05,0.0,0.0,0.0,0.0,0.0,0.0,1.0
1779266921.2816553,-171169610.95730254,42483190.41249873,2.896183598585604,5588857840.826768,-6.944131862089327e-05,0.0,0.0,0.0,0.0,0.0,0.0,1.0
1779266921.292182,-171598399.8350532,42685919.8998881,2.895666212377736,5621175079.847937,6.944131862089383e-05,0.0,0.0,0.0,0.0,0.0,0.0,1.0
1779266921.3026137,-173323609.2234604,43213207.33952489,2.89514563844571,5658867573.48889,-6.944131862089327e-05,0.0,0.0,0.0,0.0,0.0,0.0,1.0
1779266921.3133197,-173443607.22886592,43340491.132357635,2.8946261588108015,5690925388.133668,6.944131862089383e-05,0.0,0.0,0.0,0.0,0.0,0.0,1.0
1779266921.3236897,-175028994.76080692,43833482.31661318,2.8941206544694698,5727946869.063369,-6.944131862089327e-05,0.0,0.0,0.0,0.0,0.0,0.0,1.0
1779266921.3337824,-176650955.36127132,44334898.67296381,2.893628992069086,5764505286.964184,6.944131862089383e-05,0.0,0.0,0.0,0.0,0.0,0.0,1.0
1779266921.344549,-176567566.07754093,44411430.62025286,2.893116622615155,5796479433.120878,-6.944131862089327e-05,0.0,0.0,0.0,0.0,0.0,0.0,1.0
1779266921.3548417,-179170840.30277064,45165072.37591261,2.8926113897138546,5838330489.817562,6.944131862089383e-05,0.0,0.0,0.0,0.0,0.0,0.0,1.0
1779266921.3654273,-179767772.06387272,45413544.33959372,2.8921067049287466,5873001593.182478,-6.944131862089327e-05,0.0,0.0,0.0,0.0,0.0,0.0,1.0
1779266921.3757045,-181043053.21044058,45832184.55256228,2.8916188950210557,5909473646.394945,6.944131862089374e-05,0.0,0.0,0.0,0.0,0.0,0.0,1.0
1779266921.386255,-181602282.0597042,46071177.2691683,2.8911243807714584,5944146350.142639,-6.944131862089352e-05,0.0,0.0,0.0,0.0,0.0,0.0,1.0
1779266921.3963213,-183444105.96762097,46634111.5836893,2.8906499614493155,5982577413.083916,6.944131862089346e-05,0.0,0.0,0.0,0.0,0.0,0.0,1.0
1779266921.406923,-183341862.0082992,46704599.68747768,2.890164187992795,6014982063.035377,-6.944131862089372e-05,0.0,0.0,0.0,0.0,0.0,0.0,1.0
1779266921.417397,-185054464.8591041,47239958.04335977,2.8896722915684405,6055006128.824383,6.944131862089332e-05,0.0,0.0,0.0,0.0,0.0,0.0,1.0
1779266921.427896,-186540147.44526827,47717555.69460474,2.88918817480291,6093967220.519483,-6.944131862089383e-05,0.0,0.0,0.0,0.0,0.0,0.0,1.0
1779266921.4380841,-187966536.64401606,48179631.40720864,2.8887145832498,6132303679.714723,6.944131862089323e-05,0.0,0.0,0.0,0.0,0.0,0.0,1.0
1779266921.4487305,-188288242.17825365,48360452.835089654,2.888231961840969,6167625849.636862,-6.944131862089386e-05,0.0,0.0,0.0,0.0,0.0,0.0,1.0
1779266921.4592867,-189028559.78209114,48648807.892682455,2.887755272288766,6204571035.114325,6.944131862089326e-05,0.0,0.0,0.0,0.0,0.0,0.0,1.0
1779266921.4695947,-191473987.53418183,49377716.35533594,2.887280328388221,6248079994.990901,-6.944131862089383e-05,0.0,0.0,0.0,0.0,0.0,0.0,1.0
1779266921.480079,-191830582.47428453,49566974.393182844,2.8868144018163697,6283515232.307126,6.944131862089327e-05,0.0,0.0,0.0,0.0,0.0,0.0,1.0
1779266921.490542,-192849872.86168575,49928516.225901805,2.886348296704348,6321909994.675448,-6.944131862089383e-05,0.0,0.0,0.0,0.0,0.0,0.0,1.0
1779266921.500674,-194578232.92540544,50472577.96138097,2.8858973504310406,6362153260.807579,6.944131862089327e-05,0.0,0.0,0.0,0.0,0.0,0.0,1.0
1779266921.5112188,-195616633.07274905,50841102.101822555,2.8854304377238265,6401455183.027814,-6.944131862089383e-05,0.0,0.0,0.0,0.0,0.0,0.0,1.0
1779266921.5217876,-196595525.95615622,51194891.95085999,2.8849656547670914,6440824411.383827,6.944131862089327e-05,0.0,0.0,0.0,0.0,0.0,0.0,1.0
1779266921.532095,-197168660.74537838,51440211.11520583,2.8845222760220492,6477456236.330013,-6.944131862089383e-05,0.0,0.0,0.0,0.0,0.0,0.0,1.0
1779266921.542614,-198587586.19233674,51909680.88954348,2.8840646317086183,6518837990.394616,6.944131862089327e-05,0.0,0.0,0.0,0.0,0.0,0.0,1.0
1779266921.5531049,-200181112.81901407,52425931.10160096,2.883608347698763,6561151882.703075,-6.94413186208937e-05,0.0,0.0,0.0,0.0,0.0,0.0,1.0
1779266921.5632308,-201639408.19627228,52904202.97123154,2.883174600101377,6601478705.636129,6.944131862089356e-05,0.0,0.0,0.0,0.0,0.0,0.0,1.0
1779266921.5734794,-203685461.13963395,53539456.93993666,2.8827331152360047,6644982975.693109,-6.944131862089344e-05,0.0,0.0,0.0,0.0,0.0,0.0,1.0
1779266921.5836697,-204582355.25097397,53871513.36469351,2.882303032404093,6683634451.573377,6.944131862089375e-05,0.0,0.0,0.0,0.0,0.0,0.0,1.0
1779266921.593654,-206960587.08708242,54594842.82545963,2.881876170552081,6727885650.577555,-6.944131862089329e-05,0.0,0.0,0.0,0.0,0.0,0.0,1.0
1779266921.6039305,-207770821.46834654,54905891.72291984,2.8814455720982064,6766992494.101883,6.944131862089386e-05,0.0,0.0,0.0,0.0,0.0,0.0,1.0
1779266921.6144433,-208476295.0779932,55191619.5974154,2.881006361795368,6806969464.158804,-6.944131862089326e-05,0.0,0.0,0.0,0.0,0.0,0.0,1.0
1779266921.625055,-208855058.63836178,55391487.30734089,2.880567726586615,6846238701.0439415,6.944131862089383e-05,0.0,0.0,0.0,0.0,0.0,0.0,1.0
1779266921.6357346,-209530697.08846563,55670607.32629572,2.880131123939144,6887003440.083879,-6.944131862089327e-05,0.0,0.0,0.0,0.0,0.0,0.0,1.0
1779266921.6462336,-211114567.23013026,56191922.61015616,2.879697187624002,6931400395.253552,6.944131862089383e-05,0.0,0.0,0.0,0.0,0.0,0.0,1.0
1779266921.6566522,-213090753.59186447,56818503.91234704,2.879267053473866,6977305935.496348,-6.944131862089327e-05,0.0,0.0,0.0,0.0,0.0,0.0,1.0
1779266921.6672502,-213784142.62749958,57103424.02183798,2.878838717075743,7018724127.735112,6.944131862089383e-05,0.0,0.0,0.0,0.0,0.0,0.0,1.0
1779266921.677135,-216817283.85277575,58011451.70517197,2.878432655108085,7067146661.792924,-6.944131862089327e-05,0.0,0.0,0.0,0.0,0.0,0.0,1.0
1779266921.6875973,-217453841.0017802,58281037.05718431,2.878013551081901,7108250043.921648,6.944131862089383e-05,0.0,0.0,0.0,0.0,0.0,0.0,1.0
1779266921.6979814,-218736274.48100826,58724416.72104025,2.877597286592467,7152011683.561277,-6.944131862089327e-05,0.0,0.0,0.0,0.0,0.0,0.0,1.0
1779266921.7086337,-218895775.56374347,58867405.877559885,2.8771774846596756,7192494368.445141,6.944131862089383e-05,0.0,0.0,0.0,0.0,0.0,0.0,1.0
1779266921.718909,-220624225.7066529,59431417.653480574,2.876770477724257,7238103675.77012,-6.944131862089332e-05,0.0,0.0,0.0,0.0,0.0,0.0,1.0
1779266921.7293532,-222291584.80591142,59981398.24646452,2.8763567294706247,7284586060.526162,6.944131862089361e-05,0.0,0.0,0.0,0.0,0.0,0.0,1.0
1779266921.7394156,-224039810.02496657,60550635.459563285,2.875963607966627,7329709801.819388,-6.944131862089361e-05,0.0,0.0,0.0,0.0,0.0,0.0,1.0
1779266921.7495155,-225576117.87913042,61063421.00659579,2.875571369543918,7374370042.448463,6.94413186208934e-05,0.0,0.0,0.0,0.0,0.0,0.0,1.0
1779266921.7598739,-226025425.9332626,61282974.54816531,2.875176146560608,7415799741.92676,-6.944131862089378e-05,0.0,0.0,0.0,0.0,0.0,0.0,1.0
1779266921.7704751,-226900742.06051412,61620962.5308276,2.874770020253454,7460546657.064042,6.944131862089327e-05,0.0,0.0,0.0,0.0,0.0,0.0,1.0
1779266921.7807152,-228874991.8903517,62256412.76656018,2.87437712766409,7508480245.852241,-6.944131862089387e-05,0.0,0.0,0.0,0.0,0.0,0.0,1.0
1779266921.7907796,-231438776.14176887,63052653.97026804,2.87399050928539,7558296623.757509,6.944131862089325e-05,0.0,0.0,0.0,0.0,0.0,0.0,1.0
1779266921.8013442,-231973675.52309352,63298935.16712039,2.8735921565036104,7602277298.908535,-6.944131862089384e-05,0.0,0.0,0.0,0.0,0.0,0.0,1.0
1779266921.8121629,-232726005.64027554,63605316.902109295,2.8731947362366093,7647593942.123256,6.944131862089326e-05,0.0,0.0,0.0,0.0,0.0,0.0,1.0
1779266921.8228981,-234968061.54606572,64323029.6825687,2.8727849191907238,7700383032.381564,-6.944131862089383e-05,0.0,0.0,0.0,0.0,0.0,0.0,1.0
1779266921.8333323,-235425035.7862211,64547618.4698636,2.872401660590187,7744057941.56653,6.944131862089327e-05,0.0,0.0,0.0,0.0,0.0,0.0,1.0
1779266921.8435986,-238072385.48390192,65374854.89091971,2.8720166315919293,7796612842.211956,-6.944131862089383e-05,0.0,0.0,0.0,0.0,0.0,0.0,1.0
1779266921.8540077,-238900794.6835276,65702166.75969854,2.8716369857520467,7842226420.184348,6.944131862089327e-05,0.0,0.0,0.0,0.0,0.0,0.0,1.0
1779266921.8646927,-239001134.37515378,65830758.49673712,2.8712515708536355,7886457316.795698,-6.944131862089383e-05,0.0,0.0,0.0,0.0,0.0,0.0,1.0
1779266921.8751192,-241175171.2923311,66531160.20142978,2.870870936404348,7938456733.238017,6.944131862089327e-05,0.0,0.0,0.0,0.0,0.0,0.0,1.0
1779266921.8858569,-241356846.21225303,66682892.37258476,2.8704871286641387,7983969813.80724,-6.944131862089383e-05,0.0,0.0,0.0,0.0,0.0,0.0,1.0
1779266921.8960867,-245206152.19329295,67848962.64982343,2.8701106186782726,8042778847.699324,6.944131862089337e-05,0.0,0.0,0.0,0.0,0.0,0.0,1.0
1779266921.9065537,-245802172.31478816,68113826.96321777,2.869741163717327,8088989732.822828,-6.944131862089359e-05,0.0,0.0,0.0,0.0,0.0,0.0,1.0
1779266921.916965,-247895126.44798678,68795698.81772104,2.869368206069426,8141791744.998671,6.944131862089364e-05,0.0,0.0,0.0,0.0,0.0,0.0,1.0
1779266921.9275024,-249100388.42608038,69232076.0572521,2.8689957555995482,8191741548.268217,-6.944131862089337e-05,0.0,0.0,0.0,0.0,0.0,0.0,1.0
1779266921.9375658,-251365315.00308958,69960722.10724257,2.8686412212782244,8243892661.655255,6.94413186208938e-05,0.0,0.0,0.0,0.0,0.0,0.0,1.0
1779266921.9482768,-251217601.05606884,70020994.34992912,2.8682721846661163,8289486013.593299,-6.944131862089326e-05,0.0,0.0,0.0,0.0,0.0,0.0,1.0
1779266921.9584901,-253682899.689256,70808718.91071454,2.867915471407949,8343861666.418338,6.944131862089383e-05,0.0,0.0,0.0,0.0,0.0,0.0,1.0
1779266921.9689338,-255862244.25855678,71519607.40883514,2.8675509743256242,8398633661.404665,-6.944131862089327e-05,0.0,0.0,0.0,0.0,0.0,0.0,1.0
1779266921.979312,-256986814.27210373,71934402.06860943,2.867196685642811,8448652078.800451,6.944131862089383e-05,0.0,0.0,0.0,0.0,0.0,0.0,1.0
1779266921.9898343,-258505477.01194012,72461722.79252861,2.866837292121552,8501429842.343593,-6.944131862089327e-05,0.0,0.0,0.0,0.0,0.0,0.0,1.0
1779266922.0000396,-259819061.18968588,72929199.7376447,2.866493243666664,8551936809.883364,6.944131862089383e-05,0.0,0.0,0.0,0.0,0.0,0.0,1.0
1779266922.0102816,-261796676.8563682,73584661.67193711,2.8661473019306456,8605727802.807768,-6.944131862089327e-05,0.0,0.0,0.0,0.0,0.0,0.0,1.0
1779266922.0212233,-259202273.53230226,72954668.28522499,2.8657979677890495,8643718944.758318,6.944131862089383e-05,0.0,0.0,0.0,0.0,0.0,0.0,1.0
1779266922.0308428,-266957793.09596264,75240062.8789814,2.8654580531072913,8719534167.727179,-6.944131862089327e-05,0.0,0.0,0.0,0.0,0.0,0.0,1.0
1779266922.0412118,-267490308.8161086,75490027.5638081,2.86511712660295,8768661452.30694,6.944131862089383e-05,0.0,0.0,0.0,0.0,0.0,0.0,1.0
1779266922.0513089,-269966023.6056852,76288875.2805743,2.864781537194795,8824873483.900204,-6.944131862089327e-05,0.0,0.0,0.0,0.0,0.0,0.0,1.0
1779266922.0618532,-270828768.23797965,76634966.89253014,2.8644357725446916,8877100325.504473,6.944131862089379e-05,0.0,0.0,0.0,0.0,0.0,0.0,1.0
1779266922.072409,-271866777.194707,77031280.44491734,2.8640919915963288,8930397379.848885,-6.944131862089344e-05,0.0,0.0,0.0,0.0,0.0,0.0,1.0
1779266922.0827372,-272740589.2513437,77379184.25658704,2.863760114141906,8982000037.320625,6.944131862089353e-05,0.0,0.0,0.0,0.0,0.0,0.0,1.0
1779266922.0931141,-275838843.4009551,78362086.46024136,2.86341922275966,9043850115.282526,-6.944131862089367e-05,0.0,0.0,0.0,0.0,0.0,0.0,1.0
1779266922.103925,-275789957.1150282,78452126.85021669,2.863074568330873,9095134993.168125,6.944131862089336e-05,0.0,0.0,0.0,0.0,0.0,0.0,1.0
1779266922.1141775,-278115828.0405754,79215617.12901638,2.8627459833818394,9153531529.188463,-6.94413186208938e-05,0.0,0.0,0.0,0.0,0.0,0.0,1.0
1779266922.124847,-278786137.1674958,79509859.85595495,2.8624096674990787,9207587588.555952,6.944131862089326e-05,0.0,0.0,0.0,0.0,0.0,0.0,1.0
1779266922.135162,-281112431.1155654,80275620.70377257,2.862082976923026,9266975626.506516,-6.944131862089383e-05,0.0,0.0,0.0,0.0,0.0,0.0,1.0
1779266922.146055,-279495643.43132186,79916047.63404466,2.8617508735338273,9313284831.82796,6.944131862089327e-05,0.0,0.0,0.0,0.0,0.0,0.0,1.0
1779266922.155854,-285673846.41979504,81784550.54388736,2.8614358047058204,9386559395.304035,-6.944131862089383e-05,0.0,0.0,0.0,0.0,0.0,0.0,1.0
1779266922.1660724,-287743088.956132,82477931.24997643,2.861118965325236,9444995167.196154,6.944131862089327e-05,0.0,0.0,0.0,0.0,0.0,0.0,1.0
1779266922.176354,-288798121.31676257,82880653.15313426,2.8608050365207855,9499782667.774158,-6.944131862089383e-05,0.0,0.0,0.0,0.0,0.0,0.0,1.0
1779266922.1867738,-291030859.15751565,83624738.05272692,2.8604829830417735,9560993058.097889,6.944131862089327e-05,0.0,0.0,0.0,0.0,0.0,0.0,1.0
1779266922.196952,-293516289.17284864,84440556.77016944,2.860170775738375,9622024545.371403,-6.944131862089383e-05,0.0,0.0,0.0,0.0,0.0,0.0,1.0
1779266922.2073143,-294482460.749705,84819888.27571815,2.859859080701682,9677910237.252062,6.944131862089327e-05,0.0,0.0,0.0,0.0,0.0,0.0,1.0
1779266922.217867,-295904432.0229876,85333394.00458261,2.85954000869169,9737527643.300793,-6.944131862089383e-05,0.0,0.0,0.0,0.0,0.0,0.0,1.0
1779266922.228547,-295819962.81518084,85411981.13386908,2.8592245617731242,9791691289.20934,6.944131862089327e-05,0.0,0.0,0.0,0.0,0.0,0.0,1.0
1779266922.2384765,-300154072.90846545,86764892.42539278,2.858924085014346,9860345255.529549,-6.944131862089374e-05,0.0,0.0,0.0,0.0,0.0,0.0,1.0
1779266922.2487009,-301453179.7060895,87241054.20211592,2.858623509239102,9918129839.491892,6.944131862089352e-05,0.0,0.0,0.0,0.0,0.0,0.0,1.0
1779266922.2591877,-302107324.4300784,87532350.43064213,2.8583181667830733,9975136243.161203,-6.944131862089346e-05,0.0,0.0,0.0,0.0,0.0,0.0,1.0
1779266922.2695127,-305463843.0746398,88608873.28249067,2.8580114906192833,10043173972.79929,6.944131862089372e-05,0.0,0.0,0.0,0.0,0.0,0.0,1.0
1779266922.2801979,-306171711.7533517,88918523.24011901,2.8577016582755483,10102528739.506874,-6.944131862089332e-05,0.0,0.0,0.0,0.0,0.0,0.0,1.0
1779266922.2907567,-307022451.9808301,89268524.15665549,2.8573996076077286,10161796202.123302,6.944131862089383e-05,0.0,0.0,0.0,0.0,0.0,0.0,1.0
1779266922.301266,-309193048.8731354,90003940.26565555,2.8570961070469316,10227045392.665907,-6.944131862089323e-05,0.0,0.0,0.0,0.0,0.0,0.0,1.0
1779266922.3117096,-312381757.8254112,91036895.8892487,2.856794655728298,10296305164.604755,6.944131862089386e-05,0.0,0.0,0.0,0.0,0.0,0.0,1.0
1779266922.3221495,-314163789.2971358,91660211.23337306,2.8564960717700263,10360339817.057045,-6.944131862089326e-05,0.0,0.0,0.0,0.0,0.0,0.0,1.0
1779266922.3327682,-315016300.1280812,92012938.59394774,2.8561979234496153,10421598351.89243,6.944131862089383e-05,0.0,0.0,0.0,0.0,0.0,0.0,1.0
1779266922.3431785,-318686650.1411671,93190512.69494149,2.85590056059994,10493953431.222519,-6.944131862089327e-05,0.0,0.0,0.0,0.0,0.0,0.0,1.0
1779266922.3538077,-319001843.92451626,93386613.87663375,2.8556060401329395,10553847104.871267,6.944131862089383e-05,0.0,0.0,0.0,0.0,0.0,0.0,1.0
1779266922.3640704,-321092557.62137365,94100971.47632673,2.8553217250202696,10619116487.767143,-6.944131862089327e-05,0.0,0.0,0.0,0.0,0.0,0.0,1.0
1779266922.3746204,-322159150.7048616,94516642.97678621,2.8550342397751223,10681968050.413284,6.944131862089383e-05,0.0,0.0,0.0,0.0,0.0,0.0,1.0
1779266922.385203,-325135174.34066343,95495847.67385834,2.854740334509274,10754089398.925356,-6.944131862089327e-05,0.0,0.0,0.0,0.0,0.0,0.0,1.0
1779266922.3958297,-326667722.55723315,96050312.45972848,2.854452900323679,10820105558.349728,6.944131862089383e-05,0.0,0.0,0.0,0.0,0.0,0.0,1.0
1779266922.4063952,-328467136.35764784,96684408.29703943,2.854165205553853,10887981349.350605,-6.944131862089327e-05,0.0,0.0,0.0,0.0,0.0,0.0,1.0
1779266922.4169135,-330558076.20567393,97404550.04671058,2.853880997477299,10956949892.781755,6.94413186208937e-05,0.0,0.0,0.0,0.0,0.0,0.0,1.0
1779266922.4270773,-333206863.36220306,98286734.32091665,2.8536096965241784,11025815624.438343,-6.944131862089356e-05,0.0,0.0,0.0,0.0,0.0,0.0,1.0
1779266922.437284,-338217832.0449128,99870235.1697919,2.853330086085373,11105900291.977955,6.944131862089344e-05,0.0,0.0,0.0,0.0,0.0,0.0,1.0
1779266922.4478116,-338550658.07418424,100072018.56206696,2.853053116729833,11168472085.2646,-6.944131862089375e-05,0.0,0.0,0.0,0.0,0.0,0.0,1.0
1779266922.4585145,-339603783.1949849,100488446.23007031,2.8527733356117473,11235368916.676506,6.944131862089329e-05,0.0,0.0,0.0,0.0,0.0,0.0,1.0
1779266922.4689116,-342516930.72205144,101456103.47828946,2.8524962936633784,11309417632.75699,-6.944131862089386e-05,0.0,0.0,0.0,0.0,0.0,0.0,1.0
1779266922.4795072,-343462584.41260195,101841080.68617743,2.852221288124129,11376400224.862284,6.944131862089326e-05,0.0,0.0,0.0,0.0,0.0,0.0,1.0
1779266922.4899974,-345706064.2464776,102611449.4978492,2.8519487047475174,11448547570.086117,-6.944131862089383e-05,0.0,0.0,0.0,0.0,0.0,0.0,1.0
1779266922.5005498,-347492574.34847856,103246681.6788933,2.8516777743251875,11519384134.128378,6.944131862089327e-05,0.0,0.0,0.0,0.0,0.0,0.0,1.0
1779266922.5109744,-350362620.15361327,104204662.07535717,2.8514089588400315,11594542756.47555,-6.944131862089383e-05,0.0,0.0,0.0,0.0,0.0,0.0,1.0
1779266922.5212493,-353534112.3137295,105252270.32695745,2.85114521346563,11670237506.522747,6.944131862089327e-05,0.0,0.0,0.0,0.0,0.0,0.0,1.0
1779266922.5317883,-353714796.0572328,105409467.31088524,2.8508823906571727,11735314668.237633,-6.944131862089383e-05,0.0,0.0,0.0,0.0,0.0,0.0,1.0
1779266922.5420566,-356652859.1630948,106388735.07512468,2.850623250470761,11810696744.016449,6.944131862089327e-05,0.0,0.0,0.0,0.0,0.0,0.0,1.0
1779266922.5522642,-360054931.2857485,107507171.45929739,2.850366416768958,11887870017.38234,-6.944131862089383e-05,0.0,0.0,0.0,0.0,0.0,0.0,1.0
1779266922.5627959,-361988446.68492377,108189780.97366521,2.850104036560354,11961699998.423988,6.944131862089327e-05,0.0,0.0,0.0,0.0,0.0,0.0,1.0
1779266922.572937,-364540890.55902797,109055060.55592297,2.849853542512774,12035525152.299702,-6.944131862089383e-05,0.0,0.0,0.0,0.0,0.0,0.0,1.0
1779266922.5835829,-366064244.64522064,109616942.20263073,2.84959125356327,12109462036.153584,6.944131862089332e-05,0.0,0.0,0.0,0.0,0.0,0.0,1.0
1779266922.594037,-368702460.7276067,110512643.42341773,2.8493339257940686,12187125481.540442,-6.944131862089361e-05,0.0,0.0,0.0,0.0,0.0,0.0,1.0
1779266922.6045835,-368592812.25852376,110583026.2001515,2.8490828556824894,12253717854.794186,6.944131862089361e-05,0.0,0.0,0.0,0.0,0.0,0.0,1.0
1779266922.6151633,-370570153.9895245,111282063.52738467,2.8488271397738476,12330484340.033619,-6.94413186208934e-05,0.0,0.0,0.0,0.0,0.0,0.0,1.0
1779266922.6254537,-375693258.86504614,112926847.90761778,2.848575069006648,12418733883.326769,6.944131862089378e-05,0.0,0.0,0.0,0.0,0.0,0.0,1.0
1779266922.6357179,-377124599.40615284,113459582.30056407,2.8483324826327445,12491092019.363749,-6.944131862089327e-05,0.0,0.0,0.0,0.0,0.0,0.0,1.0
1779266922.6456673,-382162515.7232667,115078361.51240748,2.848093088740848,12576773580.228708,6.944131862089387e-05,0.0,0.0,0.0,0.0,0.0,0.0,1.0
1779266922.6563652,-382414108.4121571,115259733.13231608,2.8478424815810097,12648489669.873442,-6.944131862089325e-05,0.0,0.0,0.0,0.0,0.0,0.0,1.0
1779266922.6666293,-385957394.89983666,116432654.98060307,2.847599378763425,12731329574.316217,6.944131862089384e-05,0.0,0.0,0.0,0.0,0.0,0.0,1.0
1779266922.6769862,-387275969.32668024,116934186.07466361,2.8473592591130767,12805754937.01158,-6.944131862089326e-05,0.0,0.0,0.0,0.0,0.0,0.0,1.0
1779266922.687486,-389635958.4478015,117752949.01831305,2.847114340483957,12886491678.009947,6.944131862089383e-05,0.0,0.0,0.0,0.0,0.0,0.0,1.0
1779266922.6975632,-393168739.27746934,118923971.51139143,2.846880760981116,12968977518.88563,-6.944131862089327e-05,0.0,0.0,0.0,0.0,0.0,0.0,1.0
1779266922.7079322,-393547440.6937845,119141409.43931767,2.846646625471937,13040676215.442162,6.944131862089383e-05,0.0,0.0,0.0,0.0,0.0,0.0,1.0
1779266922.7183373,-397267629.854879,120374066.77897495,2.846406668275293,13127699638.02586,-6.944131862089327e-05,0.0,0.0,0.0,0.0,0.0,0.0,1.0
1779266922.7289948,-397682709.3714373,120605674.17034832,2.8461669581554307,13203163673.753458,6.944131862089383e-05,0.0,0.0,0.0,0.0,0.0,0.0,1.0
1779266922.739408,-401850421.8205528,121976730.12949425,2.845928897204754,13293182172.278059,-6.944131862089327e-05,0.0,0.0,0.0,0.0,0.0,0.0,1.0
1779266922.7498746,-404839870.1388982,122990986.35181813,2.845692300546234,13379052885.317621,6.944131862089383e-05,0.0,0.0,0.0,0.0,0.0,0.0,1.0
1779266922.7602715,-404843486.8105425,123095175.36390668,2.845465211591957,13451621110.2119,-6.944131862089337e-05,0.0,0.0,0.0,0.0,0.0,0.0,1.0
1779266922.7708905,-407161541.43054086,123906733.27231121,2.845230717866005,13536472234.42284,6.944131862089359e-05,0.0,0.0,0.0,0.0,0.0,0.0,1.0
1779266922.780951,-413027836.6063393,125797181.90955019,2.845005402381889,13632290598.575342,-6.944131862089364e-05,0.0,0.0,0.0,0.0,0.0,0.0,1.0
1779266922.791142,-415582061.0160617,126678884.21228822,2.844782600086619,13715440963.80289,6.944131862089337e-05,0.0,0.0,0.0,0.0,0.0,0.0,1.0
1779266922.8016374,-417942801.1116265,127505136.26791254,2.8445529518512522,13801147302.433167,-6.94413186208938e-05,0.0,0.0,0.0,0.0,0.0,0.0,1.0
1779266922.8123055,-418502482.46338904,127782415.92952271,2.84432380910488,13881020212.898266,6.944131862089326e-05,0.0,0.0,0.0,0.0,0.0,0.0,1.0
1779266922.8228738,-420954021.2642282,128637940.40905568,2.844096648887028,13968459796.94963,-6.944131862089383e-05,0.0,0.0,0.0,0.0,0.0,0.0,1.0
1779266922.833065,-424804612.168546,129919805.77499339,2.843877147384216,14059311263.588852,6.944131862089327e-05,0.0,0.0,0.0,0.0,0.0,0.0,1.0
1779266922.8436058,-426359468.472257,130501626.08569542,2.8436538081552136,14143842843.393309,-6.944131862089383e-05,0.0,0.0,0.0,0.0,0.0,0.0,1.0
1779266922.854064,-430187964.4969821,131781135.11691116,2.84343019116553,14238026956.178085,6.944131862089327e-05,0.0,0.0,0.0,0.0,0.0,0.0,1.0
1779266922.8648012,-429891756.9102503,131797033.19807017,2.8432074327568415,14317477262.99031,-6.944131862089383e-05,0.0,0.0,0.0,0.0,0.0,0.0,1.0
1779266922.875153,-432047065.47058,132562326.54818714,2.8429935676312956,14404066566.261833,6.944131862089327e-05,0.0,0.0,0.0,0.0,0.0,0.0,1.0
1779266922.8854916,-436481130.2262718,134029319.74827805,2.8427770717154246,14501131233.407051,-6.944131862089383e-05,0.0,0.0,0.0,0.0,0.0,0.0,1.0
1779266922.8954253,-442767591.9007041,136064292.85540408,2.8425684873341908,14602711722.701805,6.944131862089327e-05,0.0,0.0,0.0,0.0,0.0,0.0,1.0
1779266922.9059415,-444600473.10289335,136734265.53112057,2.84235219265684,14691281880.163046,-6.944131862089383e-05,0.0,0.0,0.0,0.0,0.0,0.0,1.0
1779266922.9163158,-445557782.09722733,137133090.06107005,2.8421429323996943,14774989682.293701,6.944131862089327e-05,0.0,0.0,0.0,0.0,0.0,0.0,1.0
1779266922.9268878,-447824037.4830004,137937899.12561393,2.841928295875279,14866945657.718985,-6.944131862089379e-05,0.0,0.0,0.0,0.0,0.0,0.0,1.0
1779266922.936843,-453172312.29913497,139689570.42322993,2.8417252649958593,14966693234.01225,6.944131862089344e-05,0.0,0.0,0.0,0.0,0.0,0.0,1.0
1779266922.9474635,-453413141.79783154,139870200.85278362,2.84151410922388,15051495669.159266,-6.944131862089353e-05,0.0,0.0,0.0,0.0,0.0,0.0,1.0
1779266922.9576132,-459865309.89254165,141967826.77800876,2.8413070944588146,15158972632.254047,6.944131862089367e-05,0.0,0.0,0.0,0.0,0.0,0.0,1.0
1779266922.9681454,-458577890.7732786,141674630.90135485,2.8411033487614183,15236962243.912632,-6.944131862089336e-05,0.0,0.0,0.0,0.0,0.0,0.0,1.0
1779266922.9780877,-464965834.172387,143753042.42328918,2.8409045692094024,15342834382.00175,6.94413186208938e-05,0.0,0.0,0.0,0.0,0.0,0.0,1.0
1779266922.9887946,-464035527.0363587,143571733.62263852,2.8406980886637303,15425449548.031332,-6.944131862089326e-05,0.0,0.0,0.0,0.0,0.0,0.0,1.0
1779266922.999138,-469383936.4059894,145334546.66245654,2.840493362309168,15532167368.528185,6.944131862089383e-05,0.0,0.0,0.0,0.0,0.0,0.0,1.0
1779266923.009189,-473207606.55643326,146622696.73288321,2.8402983711251792,15629663203.587326,-6.944131862089327e-05,0.0,0.0,0.0,0.0,0.0,0.0,1.0
1779266923.0196168,-472928505.1419908,146640172.87437654,2.8401021511190674,15713414424.994368,6.944131862089383e-05,0.0,0.0,0.0,0.0,0.0,0.0,1.0
1779266923.0299003,-479037000.57718354,148642440.8811665,2.8399010309755406,15824524608.31777,-6.944131862089327e-05,0.0,0.0,0.0,0.0,0.0,0.0,1.0
1779266923.0400503,-481734328.80568695,149583679.334538,2.8397087147007554,15919619873.22354,6.944131862089383e-05,0.0,0.0,0.0,0.0,0.0,0.0,1.0
1779266923.0505552,-484283348.4435387,150482858.7865789,2.839509241645776,16018559776.59779,-6.944131862089327e-05,0.0,0.0,0.0,0.0,0.0,0.0,1.0
1779266923.0607755,-487862418.1362006,151700911.94657424,2.839316261719299,16119453220.422617,6.944131862089383e-05,0.0,0.0,0.0,0.0,0.0,0.0,1.0
1779266923.0713065,-488746519.2452182,152082409.0042705,2.8391210986006925,16212410633.006533,-6.944131862089327e-05,0.0,0.0,0.0,0.0,0.0,0.0,1.0
1779266923.081509,-493493088.76043415,153665875.17528662,2.838929943179874,16319167050.08501,6.944131862089383e-05,0.0,0.0,0.0,0.0,0.0,0.0,1.0
1779266923.0917706,-496672979.9791368,154762132.98258716,2.838739900192511,16420438393.977163,-6.944131862089327e-05,0.0,0.0,0.0,0.0,0.0,0.0,1.0
1779266923.1028376,-495575854.7667255,154530552.76281565,2.8385383945025353,16512625442.122715,6.944131862089374e-05,0.0,0.0,0.0,0.0,0.0,0.0,1.0
1779266923.11381,-495874945.9078902,154734117.33658552,2.8383393827994974,16610623289.363558,-6.944131862089352e-05,0.0,0.0,0.0,0.0,0.0,0.0,1.0
1779266923.1240888,-502230674.6030896,156825355.34501535,2.838150892890244,16727345882.980755,6.944131862089346e-05,0.0,0.0,0.0,0.0,0.0,0.0,1.0
1779266923.1346564,-505045582.51695913,157812503.44524258,2.837960645105963,16832547606.093878,-6.944131862089372e-05,0.0,0.0,0.0,0.0,0.0,0.0,1.0
1779266923.1452224,-508631239.5077828,159041727.13171303,2.837770554585239,16941763848.50828,6.944131862089332e-05,0.0,0.0,0.0,0.0,0.0,0.0,1.0
1779266923.1554546,-513410700.517552,160642908.95649242,2.837587147592701,17053021910.98942,-6.944131862089383e-05,0.0,0.0,0.0,0.0,0.0,0.0,1.0
1779266923.1663842,-512567810.6819938,160485582.56092444,2.8374019548008143,17145336065.326225,6.944131862089323e-05,0.0,0.0,0.0,0.0,0.0,0.0,1.0
1779266923.1759813,-525627589.49877334,164681870.9713619,2.837224051345256,17286971491.153534,-6.944131862089386e-05,0.0,0.0,0.0,0.0,0.0,0.0,1.0
1779266923.1866384,-524561791.29859936,164455044.60076007,2.837039707760967,17379510915.828983,6.944131862089326e-05,0.0,0.0,0.0,0.0,0.0,0.0,1.0
1779266923.1968963,-529047622.22736216,165968591.72254908,2.8368597454185656,17492055651.627327,-6.944131862089383e-05,0.0,0.0,0.0,0.0,0.0,0.0,1.0
1779266923.2074988,-529238018.4866773,166135665.61735946,2.8366782213591577,17590579968.47647,6.944131862089327e-05,0.0,0.0,0.0,0.0,0.0,0.0,1.0
1779266923.217426,-537931562.1051979,168971911.69608378,2.8365029387404928,17718757300.70338,-6.944131862089383e-05,0.0,0.0,0.0,0.0,0.0,0.0,1.0
1779266923.227751,-540310445.7913526,169826029.2376145,2.8363261714115158,17824798173.29446,6.944131862089327e-05,0.0,0.0,0.0,0.0,0.0,0.0,1.0
1779266923.2386243,-537234640.2730305,168966930.4116104,2.836145870353697,17914028974.858047,-6.944131862089383e-05,0.0,0.0,0.0,0.0,0.0,0.0,1.0
1779266923.2490077,-543457963.1011047,171034103.0279633,2.8359670442417775,18039087975.221363,6.944131862089327e-05,0.0,0.0,0.0,0.0,0.0,0.0,1.0
1779266923.259591,-546754427.779295,172181383.05503824,2.835787988029333,18154305595.148373,-6.944131862089383e-05,0.0,0.0,0.0,0.0,0.0,0.0,1.0
1779266923.2697134,-550968048.2432745,173614149.72276056,2.8356190510518466,18268163932.81626,6.944131862089327e-05,0.0,0.0,0.0,0.0,0.0,0.0,1.0
1779266923.2802656,-553642068.5591718,174565715.4732347,2.835443555567444,18381401621.21184,-6.94413186208937e-05,0.0,0.0,0.0,0.0,0.0,0.0,1.0
1779266923.2908015,-554421031.6540307,174918304.0729036,2.835272356909856,18486391969.42212,6.944131862089356e-05,0.0,0.0,0.0,0.0,0.0,0.0,1.0
1779266923.30104,-560908473.0032709,177073529.05994618,2.8351018527567557,18613771723.55725,-6.944131862089344e-05,0.0,0.0,0.0,0.0,0.0,0.0,1.0
1779266923.3115153,-563127198.4198503,177881746.77859765,2.8349316451841737,18725991438.184868,6.944131862089375e-05,0.0,0.0,0.0,0.0,0.0,0.0,1.0
1779266923.3215926,-570353959.0072994,180272033.33264175,2.834765614985031,18855590444.880257,-6.944131862089329e-05,0.0,0.0,0.0,0.0,0.0,0.0,1.0
1779266923.3319693,-571284768.6379116,180672435.78075588,2.8346001563072694,18962223119.4138,6.944131862089386e-05,0.0,0.0,0.0,0.0,0.0,0.0,1.0
1779266923.342613,-571285640.8386352,180780373.33018085,2.8344321411888496,19068742083.452217,-6.944131862089326e-05,0.0,0.0,0.0,0.0,0.0,0.0,1.0
1779266923.3531182,-574888244.4218919,182028927.2034109,2.8342650343028533,19189872691.895454,6.944131862089383e-05,0.0,0.0,0.0,0.0,0.0,0.0,1.0
1779266923.3638384,-580412723.7950006,183890282.38589036,2.834092710395778,19323004232.97378,-6.944131862089327e-05,0.0,0.0,0.0,0.0,0.0,0.0,1.0
1779266923.3742497,-585213006.5824165,185520200.81000745,2.8339277391330295,19449588970.04468,6.944131862089383e-05,0.0,0.0,0.0,0.0,0.0,0.0,1.0
1779266923.3851547,-582666945.005127,184821862.42893043,2.8337608080199175,19551487956.397793,-6.944131862089327e-05,0.0,0.0,0.0,0.0,0.0,0.0,1.0
1779266923.39519,-592776703.392478,188137139.94214132,2.833601257340286,19697481624.135223,6.944131862089383e-05,0.0,0.0,0.0,0.0,0.0,0.0,1.0
1779266923.405564,-595505483.7231402,189110422.93198338,2.8334416791823536,19816532106.18691,-6.944131862089327e-05,0.0,0.0,0.0,0.0,0.0,0.0,1.0
1779266923.4157646,-599931322.8299813,190622388.12130058,2.8332851345420504,19941204007.79914,6.944131862089383e-05,0.0,0.0,0.0,0.0,0.0,0.0,1.0
1779266923.4260228,-605202548.3454173,192404955.0351395,2.8331275404274,20071000100.870014,-6.944131862089327e-05,0.0,0.0,0.0,0.0,0.0,0.0,1.0
1779266923.4364731,-608398803.2354466,193529426.5861143,2.832968943269604,20194982836.32764,6.944131862089383e-05,0.0,0.0,0.0,0.0,0.0,0.0,1.0
1779266923.446964,-612262991.8884639,194868024.1095306,2.832809757244079,20323374483.780777,-6.944131862089332e-05,0.0,0.0,0.0,0.0,0.0,0.0,1.0
1779266923.457589,-614555617.3250326,195707448.18785226,2.8326505149102275,20447418117.251324,6.944131862089361e-05,0.0,0.0,0.0,0.0,0.0,0.0,1.0
1779266923.4680376,-617107906.7806464,196628312.65608698,2.8324955934714096,20570843028.854836,-6.944131862089361e-05,0.0,0.0,0.0,0.0,0.0,0.0,1.0
1779266923.4787915,-616667438.213743,196596844.85986835,2.832338651096106,20686346764.166798,6.94413186208934e-05,0.0,0.0,0.0,0.0,0.0,0.0,1.0
1779266923.4888618,-625381390.1078494,199481910.7258215,2.8321896725354136,20831691504.169518,-6.944131862089378e-05,0.0,0.0,0.0,0.0,0.0,0.0,1.0
1779266923.4991584,-633267368.0620494,202107195.22684228,2.8320359777497615,20978379847.378918,6.944131862089327e-05,0.0,0.0,0.0,0.0,0.0,0.0,1.0
1779266923.5092468,-637603929.3105705,203597182.49283975,2.8318891603265453,21107324139.994553,-6.944131862089387e-05,0.0,0.0,0.0,0.0,0.0,0.0,1.0
1779266923.5199234,-637637400.0475098,203716787.54360098,2.8317361807341257,21226595541.24417,6.944131862089325e-05,0.0,0.0,0.0,0.0,0.0,0.0,1.0
1779266923.5305896,-639737069.633733,204497508.36725116,2.8315833110150486,21355549955.21984,-6.944131862089384e-05,0.0,0.0,0.0,0.0,0.0,0.0,1.0
1779266923.541052,-643810330.0915053,205908618.79498777,2.8314337463851675,21490914150.79709,6.944131862089326e-05,0.0,0.0,0.0,0.0,0.0,0.0,1.0
1779266923.5511994,-652919944.5470665,208931399.5304109,2.831286649422889,21644403421.800686,-6.944131862089383e-05,0.0,0.0,0.0,0.0,0.0,0.0,1.0
1779266923.5616722,-652197715.8277546,208806670.97346696,2.8311419153674997,21760174153.318203,6.944131862089327e-05,0.0,0.0,0.0,0.0,0.0,0.0,1.0
1779266923.5720828,-659477140.2107117,211247788.86061096,2.8309935547056977,21910937316.278175,-6.944131862089383e-05,0.0,0.0,0.0,0.0,0.0,0.0,1.0
1779266923.5823762,-664795870.8194267,213060000.5484128,2.830849274511804,22051977225.135456,6.944131862089327e-05,0.0,0.0,0.0,0.0,0.0,0.0,1.0
1779266923.5927477,-667154636.8360137,213923542.60922152,2.8307064160976942,22182138713.555576,-6.944131862089383e-05,0.0,0.0,0.0,0.0,0.0,0.0,1.0
1779266923.6028724,-673334033.2561429,216012345.54582897,2.8305660770698866,22326022137.19611,6.944131862089327e-05,0.0,0.0,0.0,0.0,0.0,0.0,1.0
1779266923.613137,-676317619.192458,217075997.48095706,2.830426931670967,22458188934.36002,-6.944131862089383e-05,0.0,0.0,0.0,0.0,0.0,0.0,1.0
1779266923.6234272,-684172415.4174562,219707428.40214556,2.8302838814808275,22613678064.09811,6.944131862089337e-05,0.0,0.0,0.0,0.0,0.0,0.0,1.0
1779266923.6339736,-686565103.35934,220585743.70964587,2.8301408215022104,22749977579.507454,-6.944131862089359e-05,0.0,0.0,0.0,0.0,0.0,0.0,1.0
1779266923.64429,-688281362.7316391,221244240.28939614,2.8300034130972964,22880411523.451096,6.944131862089364e-05,0.0,0.0,0.0,0.0,0.0,0.0,1.0
1779266923.6545742,-693194589.18067,222931920.2386372,2.8298656122179526,23025014626.738644,-6.944131862089337e-05,0.0,0.0,0.0,0.0,0.0,0.0,1.0
1779266923.665322,-695450680.7113276,223769149.68211132,2.8297222321943636,23166618096.649452,6.94413186208938e-05,0.0,0.0,0.0,0.0,0.0,0.0,1.0
1779266923.6757958,-699068564.7230095,225042768.92543724,2.8295839948389263,23310322320.847332,-6.944131862089326e-05,0.0,0.0,0.0,0.0,0.0,0.0,1.0
1779266923.6861014,-704295582.9444027,226834124.01100004,2.829448398502489,23459171447.44745,6.944131862089383e-05,0.0,0.0,0.0,0.0,0.0,0.0,1.0
1779266923.6967266,-707066509.4684763,227836727.4277861,2.829310303289893,23602912707.348145,-6.944131862089327e-05,0.0,0.0,0.0,0.0,0.0,0.0,1.0
1779266923.7071984,-712069566.8649387,229558778.11940014,2.829174191437067,23754897763.289024,6.944131862089383e-05,0.0,0.0,0.0,0.0,0.0,0.0,1.0
1779266923.7173352,-720726811.2517004,232458697.68889272,2.829041596440284,23918471052.57884,-6.944131862089327e-05,0.0,0.0,0.0,0.0,0.0,0.0,1.0
1779266923.7279568,-722949302.3152907,233285837.4847847,2.8289057313981623,24062578300.48342,6.944131862089383e-05,0.0,0.0,0.0,0.0,0.0,0.0,1.0
1779266923.7381501,-727571285.8602443,234884665.13415483,2.8287761878787414,24211066540.87304,-6.944131862089327e-05,0.0,0.0,0.0,0.0,0.0,0.0,1.0
1779266923.7487948,-729418024.2032954,235590818.60215324,2.828642338558385,24355452186.83577,6.944131862089383e-05,0.0,0.0,0.0,0.0,0.0,0.0,1.0
1779266923.7594388,-731895206.5386041,236500525.74780136,2.8285100557965555,24502666647.478947,-6.944131862089327e-05,0.0,0.0,0.0,0.0,0.0,0.0,1.0
1779266923.769659,-743484493.3600872,240356603.4799965,2.828378849579563,24684634191.824173,6.944131862089383e-05,0.0,0.0,0.0,0.0,0.0,0.0,1.0
1779266923.780044,-744279010.4091711,240720582.86784062,2.828251716573787,24822765949.256905,-6.944131862089327e-05,0.0,0.0,0.0,0.0,0.0,0.0,1.0
1779266923.790378,-750556498.5165166,242860203.52189666,2.828123406151766,24984840159.37117,6.944131862089379e-05,0.0,0.0,0.0,0.0,0.0,0.0,1.0
1779266923.8006907,-754621602.4616408,244283328.90279114,2.8279976188865437,25137372775.82985,-6.944131862089344e-05,0.0,0.0,0.0,0.0,0.0,0.0,1.0
1779266923.8110256,-760066282.8532917,246154781.16855448,2.827871159385115,25297621314.283237,6.944131862089353e-05,0.0,0.0,0.0,0.0,0.0,0.0,1.0
1779266923.8216298,-763565544.8815924,247398569.56988752,2.827742584102875,25454767043.668682,-6.944131862089367e-05,0.0,0.0,0.0,0.0,0.0,0.0,1.0
1779266923.8320403,-770524196.7544695,249763864.92504472,2.8276157486738533,25624774083.12428,6.944131862089336e-05,0.0,0.0,0.0,0.0,0.0,0.0,1.0
1779266923.8423395,-775283423.1245911,251414969.06330028,2.8274925889820945,25783780921.78763,-6.94413186208938e-05,0.0,0.0,0.0,0.0,0.0,0.0,1.0
1779266923.8526993,-777072953.8483677,252102273.49875617,2.8273713903689357,25931201623.967773,6.944131862089326e-05,0.0,0.0,0.0,0.0,0.0,0.0,1.0
1779266923.863184,-784060240.8836635,254480291.98387867,2.8272459866940647,26105277087.095585,-6.944131862089383e-05,0.0,0.0,0.0,0.0,0.0,0.0,1.0
1779266923.873248,-791121158.8379805,256879269.73407716,2.827127281111837,26272963315.747574,6.944131862089327e-05,0.0,0.0,0.0,0.0,0.0,0.0,1.0
1779266923.8837688,-791462328.8749895,257097707.48309702,2.8270068514905002,26419286049.308105,-6.944131862089383e-05,0.0,0.0,0.0,0.0,0.0,0.0,1.0
1779266923.8934207,-808626893.6635914,262781830.3021618,2.8268902597289483,26625772116.095684,6.944131862089327e-05,0.0,0.0,0.0,0.0,0.0,0.0,1.0
1779266923.9038389,-809643293.7969737,263220544.28034812,2.826770615629112,26776158584.483353,-6.944131862089383e-05,0.0,0.0,0.0,0.0,0.0,0.0,1.0
1779266923.9141142,-811967248.912194,264083598.01346403,2.826653451550972,26930674135.41055,6.944131862089327e-05,0.0,0.0,0.0,0.0,0.0,0.0,1.0
1779266923.9247017,-814609031.6754636,265053217.91567427,2.8265329817790663,27092930829.26035,-6.944131862089383e-05,0.0,0.0,0.0,0.0,0.0,0.0,1.0
1779266923.9352643,-817824110.1325309,266209846.10688055,2.826413368587718,27258521848.346485,6.944131862089327e-05,0.0,0.0,0.0,0.0,0.0,0.0,1.0
1779266923.9457588,-824463150.7837737,268481976.12745726,2.826294637088843,27437927868.10883,-6.944131862089383e-05,0.0,0.0,0.0,0.0,0.0,0.0,1.0
1779266923.955945,-831172032.4917076,270775517.69965756,2.826179805150292,27614062313.47239,6.944131862089327e-05,0.0,0.0,0.0,0.0,0.0,0.0,1.0
1779266923.966251,-833784763.663126,271734387.47504085,2.8260661630719985,27775031638.114376,-6.944131862089374e-05,0.0,0.0,0.0,0.0,0.0,0.0,1.0
1779266923.9768903,-836843394.3273516,272841690.17798024,2.8259493470644372,27944380480.43502,6.944131862089352e-05,0.0,0.0,0.0,0.0,0.0,0.0,1.0
1779266923.9872901,-842898955.0815182,274926499.1011798,2.8258339885808788,28125172126.552994,-6.944131862089346e-05,0.0,0.0,0.0,0.0,0.0,0.0,1.0
1779266923.9974008,-852627231.1849015,278208513.8724015,2.8257222264523527,28316376486.615597,6.944131862089372e-05,0.0,0.0,0.0,0.0,0.0,0.0,1.0
1779266924.0076675,-857787118.2590774,280000703.8890157,2.8256107021176966,28491570120.120144,-6.944131862089332e-05,0.0,0.0,0.0,0.0,0.0,0.0,1.0
1779266924.0180824,-860467129.8240631,280983998.3390974,2.825499390254553,28659238377.280167,6.944131862089383e-05,0.0,0.0,0.0,0.0,0.0,0.0,1.0
1779266924.0284414,-866636692.3522327,283108633.07602865,2.825387494870192,28843147556.86042,-6.944131862089323e-05,0.0,0.0,0.0,0.0,0.0,0.0,1.0
1779266924.039018,-870164329.9409529,284371704.8039833,2.8252748618226127,29020294689.459217,6.944131862089386e-05,0.0,0.0,0.0,0.0,0.0,0.0,1.0
1779266924.0491264,-876882117.3959405,286674499.80005914,2.8251679146897395,29203036209.987404,-6.944131862089326e-05,0.0,0.0,0.0,0.0,0.0,0.0,1.0
1779266924.059325,-883212063.4094305,288851972.93304074,2.8250605235549724,29386813799.403507,6.944131862089383e-05,0.0,0.0,0.0,0.0,0.0,0.0,1.0
1779266924.0693862,-890588981.1971225,291371787.10670716,2.824955019708775,29573435315.641273,-6.944131862089327e-05,0.0,0.0,0.0,0.0,0.0,0.0,1.0
1779266924.0797887,-895389246.3984643,293051716.840598,2.824846769909115,29756526435.502934,6.944131862089383e-05,0.0,0.0,0.0,0.0,0.0,0.0,1.0
1779266924.0904808,-895796673.1975536,293295231.6247329,2.824737478705787,29927172603.23229,-6.944131862089327e-05,0.0,0.0,0.0,0.0,0.0,0.0,1.0
1779266924.1010196,-901124307.4723777,295150257.88380283,2.8246292360539655,30117379397.98106,6.944131862089383e-05,0.0,0.0,0.0,0.0,0.0,0.0,1.0
1779266924.1113076,-907929442.31568,297488104.3687425,2.8245241954940905,30310047670.188763,-6.944131862089327e-05,0.0,0.0,0.0,0.0,0.0,0.0,1.0
1779266924.1220593,-908300994.181411,297720331.77228713,2.8244164561583,30485241312.90109,6.944131862089383e-05,0.0,0.0,0.0,0.0,0.0,0.0,1.0
1779266924.1320267,-923208683.9595265,302715802.941996,2.8243139358708795,30708710465.764874,-6.944131862089327e-05,0.0,0.0,0.0,0.0,0.0,0.0,1.0
1779266924.1427004,-924136523.3345375,303130170.50296986,2.824208074303768,30886654310.920372,6.94413186208937e-05,0.0,0.0,0.0,0.0,0.0,0.0,1.0
1779266924.1531143,-933889246.8464717,306440859.3868249,2.8241027641033236,31099455753.277653,-6.944131862089356e-05,0.0,0.0,0.0,0.0,0.0,0.0,1.0
1779266924.1637561,-935264864.306915,307002579.02634156,2.823998335626978,31281248368.95101,6.944131862089344e-05,0.0,0.0,0.0,0.0,0.0,0.0,1.0
1779266924.1739,-945244776.0954151,310387256.0239696,2.823898029362538,31490687114.81806,-6.944131862089375e-05,0.0,0.0,0.0,0.0,0.0,0.0,1.0
1779266924.1839461,-954912880.28256,313669887.0218302,2.8237991675428997,31697961244.96101,6.944131862089329e-05,0.0,0.0,0.0,0.0,0.0,0.0,1.0
1779266924.1944125,-957399417.9064975,314595812.89787716,2.8236981986599403,31883945588.18386,-6.944131862089386e-05,0.0,0.0,0.0,0.0,0.0,0.0,1.0
1779266924.205031,-955662395.1438239,314133561.8225715,2.823597845638453,32055863011.69387,6.944131862089326e-05,0.0,0.0,0.0,0.0,0.0,0.0,1.0
1779266924.2151935,-971192394.6676078,319349474.5827005,2.823497975326431,32294545370.025978,-6.944131862089383e-05,0.0,0.0,0.0,0.0,0.0,0.0,1.0
1779266924.225517,-979998321.2893002,322355573.6575948,2.823398421876945,32508519527.726612,6.944131862089327e-05,0.0,0.0,0.0,0.0,0.0,0.0,1.0
1779266924.2359998,-980276906.2718464,322555847.810755,2.823300398944374,32689790970.5138,-6.944131862089383e-05,0.0,0.0,0.0,0.0,0.0,0.0,1.0
1779266924.2464125,-986144280.6377988,324596302.2236744,2.823202468663352,32894845511.179146,6.944131862089327e-05,0.0,0.0,0.0,0.0,0.0,0.0,1.0
1779266924.2568345,-994523661.0064905,327465594.40747166,2.8231040269659875,33112646847.197567,-6.944131862089383e-05,0.0,0.0,0.0,0.0,0.0,0.0,1.0
1779266924.2674735,-995861967.1132138,328016785.6482461,2.8230058643015994,33305787463.322388,6.944131862089327e-05,0.0,0.0,0.0,0.0,0.0,0.0,1.0
1779266924.2778814,-1003985072.9598453,330803094.3339664,2.8229091799870902,33524382585.81106,-6.944131862089383e-05,0.0,0.0,0.0,0.0,0.0,0.0,1.0
1779266924.288569,-1005166992.5584787,331303158.9109173,2.822812045744671,33720219866.528904,6.944131862089327e-05,0.0,0.0,0.0,0.0,0.0,0.0,1.0
1779266924.2989855,-1009979818.1227043,332998320.2041222,2.8227179882055387,33926457517.45675,-6.944131862089383e-05,0.0,0.0,0.0,0.0,0.0,0.0,1.0
1779266924.309342,-1022620797.0723748,337277649.0167334,2.8226225821265523,34167284532.01395,6.944131862089332e-05,0.0,0.0,0.0,0.0,0.0,0.0,1.0
1779266924.3193955,-1032909679.80315,340778906.85560286,2.8225315702961744,34391620953.58278,-6.944131862089361e-05,0.0,0.0,0.0,0.0,0.0,0.0,1.0
1779266924.3295026,-1041540428.9962702,343734168.29822046,2.8224408240469065,34610996566.88695,6.944131862089361e-05,0.0,0.0,0.0,0.0,0.0,0.0,1.0
1779266924.3396342,-1047690230.0722575,345870946.98041433,2.8223509218839578,34821360387.05431,-6.94413186208934e-05,0.0,0.0,0.0,0.0,0.0,0.0,1.0
1779266924.3502214,-1051010259.3045266,347077552.9433128,2.8222574646758494,35031359751.99005,6.944131862089378e-05,0.0,0.0,0.0,0.0,0.0,0.0,1.0
1779266924.3604934,-1058481872.4896609,349653706.3034743,2.822167287758507,35252580890.215836,-6.944131862089327e-05,0.0,0.0,0.0,0.0,0.0,0.0,1.0
1779266924.3709955,-1064258387.2490208,351672656.8960314,2.8220752950092685,35473898193.34375,6.944131862089387e-05,0.0,0.0,0.0,0.0,0.0,0.0,1.0
1779266924.3812711,-1068461215.1838567,353169201.1720083,2.8219869359547074,35683810459.69714,-6.944131862089325e-05,0.0,0.0,0.0,0.0,0.0,0.0,1.0
1779266924.391619,-1076279922.0047376,355863049.50589097,2.8218976993500418,35912015832.64638,6.944131862089384e-05,0.0,0.0,0.0,0.0,0.0,0.0,1.0
1779266924.402063,-1086028376.25347,359197712.98045623,2.821807239754765,36152639743.38576,-6.944131862089326e-05,0.0,0.0,0.0,0.0,0.0,0.0,1.0
1779266924.412402,-1091884453.3227065,361243754.477818,2.821719327206184,36374965768.63601,6.944131862089383e-05,0.0,0.0,0.0,0.0,0.0,0.0,1.0
1779266924.423028,-1095442918.5490623,362532251.06645083,2.821629522124648,36595968775.148834,-6.944131862089327e-05,0.0,0.0,0.0,0.0,0.0,0.0,1.0
1779266924.4334228,-1100110357.115816,364185975.91412336,2.8215426993182406,36817068255.615746,6.944131862089383e-05,0.0,0.0,0.0,0.0,0.0,0.0,1.0
1779266924.4435322,-1115328167.221023,369333794.0538181,2.8214566905825755,37078375332.130615,-6.944131862089327e-05,0.0,0.0,0.0,0.0,0.0,0.0,1.0
1779266924.454069,-1120423713.889328,371132279.51271474,2.821368855204269,37307918199.37609,6.944131862089383e-05,0.0,0.0,0.0,0.0,0.0,0.0,1.0
1779266924.4646513,-1117685537.1458852,370333628.88132733,2.8212834701080336,37505164893.62836,-6.944131862089327e-05,0.0,0.0,0.0,0.0,0.0,0.0,1.0
1779266924.4748304,-1133388314.035277,375647180.3816922,2.821198511394476,37774077146.13054,6.944131862089383e-05,0.0,0.0,0.0,0.0,0.0,0.0,1.0
1779266924.485525,-1136062611.5543854,376644851.5220264,2.8211117544710085,38000532162.535225,-6.944131862089337e-05,0.0,0.0,0.0,0.0,0.0,0.0,1.0
1779266924.496349,-1132390464.2763932,375537558.89147055,2.8210259217976894,38204428815.26371,6.944131862089359e-05,0.0,0.0,0.0,0.0,0.0,0.0,1.0
1779266924.5064404,-1157357404.8991892,383929981.79905224,2.820941669740959,38515224962.38168,-6.944131862089364e-05,0.0,0.0,0.0,0.0,0.0,0.0,1.0
1779266924.5174718,-1146057264.208083,380290976.2156315,2.8208565527389107,38693427313.41131,6.944131862089337e-05,0.0,0.0,0.0,0.0,0.0,0.0,1.0
1779266924.5278168,-1163357080.860828,386143712.3060279,2.8207726958711463,38980373040.4337,-6.94413186208938e-05,0.0,0.0,0.0,0.0,0.0,0.0,1.0
1779266924.537895,-1175998354.6135092,390447942.10851353,2.820692625848662,39240889546.40593,6.944131862089326e-05,0.0,0.0,0.0,0.0,0.0,0.0,1.0
1779266924.548245,-1183018496.0654764,392887972.6810284,2.82061143668985,39485505776.039314,-6.944131862089383e-05,0.0,0.0,0.0,0.0,0.0,0.0,1.0
1779266924.5588899,-1184659201.1043544,393543053.64084977,2.8205292240565516,39715816936.34143,6.944131862089327e-05,0.0,0.0,0.0,0.0,0.0,0.0,1.0
1779266924.569251,-1200351213.825661,398868070.01100963,2.8204473164979147,40001361646.600204,-6.944131862089383e-05,0.0,0.0,0.0,0.0,0.0,0.0,1.0
1779266924.579401,-1209327616.9504712,401959133.542094,2.8203689893054147,40253274274.30576,6.944131862089327e-05,0.0,0.0,0.0,0.0,0.0,0.0,1.0
1779266924.589872,-1216440784.772101,404434384.8182026,2.820288395196787,40507425821.65094,-6.944131862089383e-05,0.0,0.0,0.0,0.0,0.0,0.0,1.0
1779266924.6005778,-1216810136.0661054,404667921.63794565,2.8202078800939585,40739260244.09601,6.944131862089327e-05,0.0,0.0,0.0,0.0,0.0,0.0,1.0
1779266924.6106257,-1232423238.967102,409969525.7736026,2.8201309082581814,41021317627.91368,-6.944131862089383e-05,0.0,0.0,0.0,0.0,0.0,0.0,1.0
1779266924.6207633,-1240268933.6711044,412687199.4186287,2.820054887220474,41273256031.648605,6.944131862089327e-05,0.0,0.0,0.0,0.0,0.0,0.0,1.0
1779266924.6309433,-1247594183.8754773,415232529.9107667,2.8199790764929933,41525405092.0931,-6.944131862089383e-05,0.0,0.0,0.0,0.0,0.0,0.0,1.0
1779266924.6412864,-1258801224.2346292,419073581.7695043,2.8199012855499586,41801073168.674614,6.944131862089327e-05,0.0,0.0,0.0,0.0,0.0,0.0,1.0
1779266924.6517327,-1259340528.725363,419361595.3256386,2.819825370079883,42033642377.762955,-6.944131862089379e-05,0.0,0.0,0.0,0.0,0.0,0.0,1.0
1779266924.661964,-1274688758.9478805,424583798.5938516,2.8197489010610504,42327170882.22656,6.944131862089344e-05,0.0,0.0,0.0,0.0,0.0,0.0,1.0
1779266924.6725705,-1266740481.5422173,422043879.7976798,2.8196739412505325,42531007719.19621,-6.944131862089353e-05,0.0,0.0,0.0,0.0,0.0,0.0,1.0
1779266924.682872,-1285227879.4033256,428315531.5137722,2.819597792943359,42842559371.72572,6.944131862089367e-05,0.0,0.0,0.0,0.0,0.0,0.0,1.0
1779266924.6936116,-1282483940.4022267,427511306.10357505,2.819521823047607,43075988643.11853,-6.944131862089336e-05,0.0,0.0,0.0,0.0,0.0,0.0,1.0
1779266924.7038486,-1302746372.0422022,434377972.8516083,2.819446740945855,43396936769.020744,6.94413186208938e-05,0.0,0.0,0.0,0.0,0.0,0.0,1.0
1779266924.7142947,-1305081931.5816195,435265688.3913423,2.819373383210455,43646594163.66273,-6.944131862089326e-05,0.0,0.0,0.0,0.0,0.0,0.0,1.0
1779266924.7247663,-1315424952.3000553,438826725.5596215,2.819298979973757,43933644969.30257,6.944131862089383e-05,0.0,0.0,0.0,0.0,0.0,0.0,1.0
1779266924.7353702,-1319750972.5393717,440381052.9747124,2.819224802248696,44200402114.239685,-6.944131862089327e-05,0.0,0.0,0.0,0.0,0.0,0.0,1.0
1779266924.7458017,-1332833938.524114,444858653.3668105,2.8191511948699954,44501635798.7849,6.944131862089383e-05,0.0,0.0,0.0,0.0,0.0,0.0,1.0
1779266924.7565467,-1333026663.468255,445034078.7425883,2.8190776932562915,44757035935.45978,-6.944131862089327e-05,0.0,0.0,0.0,0.0,0.0,0.0,1.0
1779266924.766857,-1349412789.6884108,450616310.12954044,2.8190055928137303,45072250608.928986,6.944131862089383e-05,0.0,0.0,0.0,0.0,0.0,0.0,1.0
1779266924.7773666,-1357607469.980738,453464349.87305814,2.818933360649826,45359534298.61766,-6.944131862089327e-05,0.0,0.0,0.0,0.0,0.0,0.0,1.0
1779266924.7877588,-1364666962.3066983,455932269.678143,2.818862867382128,45639516659.85857,6.944131862089383e-05,0.0,0.0,0.0,0.0,0.0,0.0,1.0
1779266924.7983575,-1371431491.7990334,458303216.2167369,2.818791884076237,45923740826.655846,-6.944131862089327e-05,0.0,0.0,0.0,0.0,0.0,0.0,1.0
1779266924.8086703,-1381525103.0670886,461786115.7514106,2.818722514571979,46217842186.51476,6.944131862089383e-05,0.0,0.0,0.0,0.0,0.0,0.0,1.0
1779266924.8192055,-1390176076.1373749,464789295.08518493,2.81865201329186,46514027917.90306,-6.944131862089327e-05,0.0,0.0,0.0,0.0,0.0,0.0,1.0
1779266924.829361,-1404420100.7778468,469661108.5728874,2.8185841180600946,46824295275.766815,6.944131862089374e-05,0.0,0.0,0.0,0.0,0.0,0.0,1.0
1779266924.8402689,-1404168019.2095616,469689450.5587518,2.8185128543537328,47096354411.603905,-6.944131862089352e-05,0.0,0.0,0.0,0.0,0.0,0.0,1.0
1779266924.8505597,-1415966073.2328491,473745813.1087676,2.818445291162483,47403435619.83662,6.944131862089346e-05,0.0,0.0,0.0,0.0,0.0,0.0,1.0
1779266924.861063,-1424623852.9873042,476753530.71702564,2.818376943100569,47704956866.38035,-6.944131862089372e-05,0.0,0.0,0.0,0.0,0.0,0.0,1.0
1779266924.8716536,-1430874317.7220967,478956570.6977725,2.8183086190036875,48000946382.80451,6.944131862089332e-05,0.0,0.0,0.0,0.0,0.0,0.0,1.0
1779266924.8818874,-1442908180.2604928,483093927.5239003,2.8182427733962054,48312091320.45353,-6.944131862089383e-05,0.0,0.0,0.0,0.0,0.0,0.0,1.0
1779266924.8920195,-1458342888.0816512,488370717.14132595,2.818177593190738,48636054555.06648,6.944131862089323e-05,0.0,0.0,0.0,0.0,0.0,0.0,1.0
1779266924.9021375,-1469029952.1132164,492057515.83136654,2.818113413014511,48940518126.37419,-6.944131862089386e-05,0.0,0.0,0.0,0.0,0.0,0.0,1.0
1779266924.912751,-1473958752.659919,493819667.65597034,2.8180466091255703,49237958527.74763,6.944131862089326e-05,0.0,0.0,0.0,0.0,0.0,0.0,1.0
1779266924.9231958,-1484281077.2991493,497389069.4894185,2.817980830695153,49555298543.34765,-6.944131862089383e-05,0.0,0.0,0.0,0.0,0.0,0.0,1.0
1779266924.9341016,-1484170399.7620437,497464745.9504995,2.8179134674212616,49844255249.66391,6.944131862089327e-05,0.0,0.0,0.0,0.0,0.0,0.0,1.0
1779266924.9441922,-1499670220.3187745,502768746.76081014,2.817850763020175,50175663455.88602,-6.944131862089383e-05,0.0,0.0,0.0,0.0,0.0,0.0,1.0
1779266924.9549532,-1499615852.7167585,502861582.2563263,2.8177854619159906,50463503183.69538,6.944131862089327e-05,0.0,0.0,0.0,0.0,0.0,0.0,1.0
1779266924.9654834,-1511444391.5438728,506939653.76455677,2.8177209475742284,50797197684.21734,-6.944131862089383e-05,0.0,0.0,0.0,0.0,0.0,0.0,1.0
1779266924.9756448,-1528179864.2413719,512662135.5822738,2.8176588439580783,51141285319.59421,6.944131862089327e-05,0.0,0.0,0.0,0.0,0.0,0.0,1.0
1779266924.9858258,-1541038803.8211987,517084674.47428375,2.8175973010164626,51470799613.86171,-6.944131862089383e-05,0.0,0.0,0.0,0.0,0.0,0.0,1.0
1779266924.996488,-1542932190.9388134,517830575.5078397,2.8175339886018076,51770998373.57938,6.944131862089327e-05,0.0,0.0,0.0,0.0,0.0,0.0,1.0
1779266925.0069807,-1558556680.3243372,523186796.26666397,2.817470705963096,52127232741.706436,-6.94413186208937e-05,0.0,0.0,0.0,0.0,0.0,0.0,1.0
1779266925.017573,-1563477535.0573223,524949556.3777754,2.817408321731392,52442146316.00249,6.944131862089356e-05,0.0,0.0,0.0,0.0,0.0,0.0,1.0
1779266925.0276575,-1580827597.7671704,530883863.7960964,2.8173485775236102,52794832917.79385,-6.944131862089344e-05,0.0,0.0,0.0,0.0,0.0,0.0,1.0
1779266925.0381198,-1587938653.6158528,533382056.72213346,2.817287624543594,53117991700.53077,6.944131862089375e-05,0.0,0.0,0.0,0.0,0.0,0.0,1.0
1779266925.0486064,-1597529295.5076427,536714503.99783766,2.817226602420112,53455001220.94043,-6.944131862089329e-05,0.0,0.0,0.0,0.0,0.0,0.0,1.0
1779266925.0590537,-1610089307.8986292,541045656.5159074,2.817165892625166,53805445502.206345,6.944131862089386e-05,0.0,0.0,0.0,0.0,0.0,0.0,1.0
1779266925.069383,-1615025940.320209,542812643.8418484,2.81710745489742,54119166163.17815,-6.944131862089326e-05,0.0,0.0,0.0,0.0,0.0,0.0,1.0
1779266925.079482,-1635372339.0628166,549760809.3129389,2.817049097455552,54494424621.00611,6.944131862089383e-05,0.0,0.0,0.0,0.0,0.0,0.0,1.0
1779266925.0899858,-1641224323.9435084,551838532.6243241,2.8169897309817653,54823366083.95866,-6.944131862089327e-05,0.0,0.0,0.0,0.0,0.0,0.0,1.0
1779266925.1006718,-1645950070.9471626,553539218.2962635,2.816929847732859,55155561661.48847,6.944131862089383e-05,0.0,0.0,0.0,0.0,0.0,0.0,1.0
1779266925.1110115,-1658251132.0858774,557785975.1986095,2.8168721106752823,55509151624.344315,-6.944131862089327e-05,0.0,0.0,0.0,0.0,0.0,0.0,1.0
1779266925.1212957,-1678278635.188871,564634404.6707125,2.8168138583162374,55898103248.27887,6.944131862089383e-05,0.0,0.0,0.0,0.0,0.0,0.0,1.0
1779266925.131948,-1673106970.128703,563003780.0458308,2.8167562597573887,56192065289.432884,-6.944131862089327e-05,0.0,0.0,0.0,0.0,0.0,0.0,1.0
1779266925.1423798,-1690567850.987073,568991555.9905908,2.8166983167089246,56578802223.7841,6.944131862089383e-05,0.0,0.0,0.0,0.0,0.0,0.0,1.0
1779266925.1527748,-1701389172.8976958,572743875.2269464,2.816641712221408,56936182745.93963,-6.944131862089327e-05,0.0,0.0,0.0,0.0,0.0,0.0,1.0
1779266925.1632164,-1715202082.792431,577505517.5943811,2.8165845786347425,57311895191.07495,6.944131862089383e-05,0.0,0.0,0.0,0.0,0.0,0.0,1.0
1779266925.1736846,-1727038896.5394113,581602588.6291785,2.816527844490306,57681641210.09929,-6.944131862089332e-05,0.0,0.0,0.0,0.0,0.0,0.0,1.0
1779266925.1839435,-1737031472.7296996,585076775.6652539,2.8164730918428766,58036715468.2576,6.944131862089361e-05,0.0,0.0,0.0,0.0,0.0,0.0,1.0
1779266925.1941512,-1749139976.0891612,589264032.1091156,2.816418884246784,58400562943.871056,-6.944131862089361e-05,0.0,0.0,0.0,0.0,0.0,0.0,1.0
1779266925.204376,-1759734450.2868896,592941752.6647716,2.8163650242163296,58760512056.87688,6.94413186208934e-05,0.0,0.0,0.0,0.0,0.0,0.0,1.0
1779266925.214457,-1777404756.2910838,599004584.3249336,2.8163116560075645,59147916008.673584,-6.944131862089378e-05,0.0,0.0,0.0,0.0,0.0,0.0,1.0
1779266925.2252178,-1778019180.012241,599323545.6220542,2.816255790476893,59490547681.3195,6.944131862089327e-05,0.0,0.0,0.0,0.0,0.0,0.0,1.0
1779266925.235894,-1783042678.6752095,601128459.9824016,2.816200760921122,59850358457.94046,-6.944131862089387e-05,0.0,0.0,0.0,0.0,0.0,0.0,1.0
1779266925.246347,-1799581727.2754223,606816521.938292,2.816146337661838,60254588856.372925,6.944131862089325e-05,0.0,0.0,0.0,0.0,0.0,0.0,1.0
1779266925.2567296,-1810824095.935864,610717663.7847358,2.816093218313968,60634169905.88115,-6.944131862089384e-05,0.0,0.0,0.0,0.0,0.0,0.0,1.0
1779266925.2672634,-1819913501.0291333,613894399.0663778,2.816039645613224,61013112907.83147,6.944131862089326e-05,0.0,0.0,0.0,0.0,0.0,0.0,1.0
1779266925.277641,-1833816030.267067,618694731.0725076,2.8159869661899837,61408826860.41922,-6.944131862089383e-05,0.0,0.0,0.0,0.0,0.0,0.0,1.0
1779266925.2883587,-1839354333.5604033,620675445.6133757,2.8159332789521283,61784314840.211945,6.944131862089327e-05,0.0,0.0,0.0,0.0,0.0,0.0,1.0
1779266925.2985353,-1858567362.946908,627268072.2511476,2.815882344338352,62197315825.92484,-6.944131862089383e-05,0.0,0.0,0.0,0.0,0.0,0.0,1.0
1779266925.30918,-1864795332.2448897,629481458.4672825,2.8158297778081733,62576539599.35094,6.944131862089327e-05,0.0,0.0,0.0,0.0,0.0,0.0,1.0
1779266925.319532,-1885466364.3418517,636571036.8669001,2.815777997849162,63009539026.00712,-6.944131862089383e-05,0.0,0.0,0.0,0.0,0.0,0.0,1.0
1779266925.3300846,-1887701523.2627902,637435591.9513487,2.8157269031576924,63372145143.64389,6.944131862089327e-05,0.0,0.0,0.0,0.0,0.0,0.0,1.0
1779266925.3406675,-1882487690.7899323,635782829.328241,2.815676944556177,63704689365.6776,-6.944131862089383e-05,0.0,0.0,0.0,0.0,0.0,0.0,1.0
1779266925.350815,-1919906212.6204648,648532685.4223373,2.8156263715183325,64207848813.39002,6.944131862089337e-05,0.0,0.0,0.0,0.0,0.0,0.0,1.0
1779266925.360918,-1939129539.10982,655134975.9351857,2.815577475256367,64631506500.648766,-6.944131862089359e-05,0.0,0.0,0.0,0.0,0.0,0.0,1.0
1779266925.371464,-1949827018.4603455,658860827.2156907,2.815526827352155,65039952159.62901,6.944131862089364e-05,0.0,0.0,0.0,0.0,0.0,0.0,1.0
1779266925.3816547,-1961354613.3946323,662864220.1605612,2.8154787225528946,65437164684.90998,-6.944131862089337e-05,0.0,0.0,0.0,0.0,0.0,0.0,1.0
1779266925.3920906,-1974336301.2270157,667362652.4930265,2.815429232419449,65855082689.12296,6.94413186208938e-05,0.0,0.0,0.0,0.0,0.0,0.0,1.0
1779266925.4021468,-1994468476.8688638,674276574.3478107,2.81538170045775,66289089401.51947,-6.944131862089326e-05,0.0,0.0,0.0,0.0,0.0,0.0,1.0
1779266925.4128392,-1993288364.0966837,673988737.0908306,2.81533231311297,66661665404.6328,6.944131862089383e-05,0.0,0.0,0.0,0.0,0.0,0.0,1.0
1779266925.4233992,-2004205066.782372,677791946.4733922,2.815283301893185,67083371191.47016,-6.944131862089327e-05,0.0,0.0,0.0,0.0,0.0,0.0,1.0
1779266925.433419,-2029525664.964625,686464613.9604944,2.8152365129917776,67545978321.3797,6.944131862089383e-05,0.0,0.0,0.0,0.0,0.0,0.0,1.0
1779266925.4437795,-2040939081.1698365,690435593.7578114,2.8151889663567626,67965769729.85468,-6.944131862089327e-05,0.0,0.0,0.0,0.0,0.0,0.0,1.0
1779266925.4541385,-2049080173.712277,693299459.6111066,2.8151420215180156,68373442638.7041,6.944131862089383e-05,0.0,0.0,0.0,0.0,0.0,0.0,1.0
1779266925.4647024,-2051411812.405414,694198569.9250218,2.815094882979011,68766628744.63377,-6.944131862089327e-05,0.0,0.0,0.0,0.0,0.0,0.0,1.0
1779266925.4750645,-2074365916.8950841,702078606.955201,2.815047613170604,69244461518.72041,6.944131862089383e-05,0.0,0.0,0.0,0.0,0.0,0.0,1.0
1779266925.4857903,-2074920479.8384848,702377947.7184808,2.815000224827239,69643355538.58337,-6.944131862089327e-05,0.0,0.0,0.0,0.0,0.0,0.0,1.0
1779266925.496153,-2097405495.630621,710101439.0311693,2.814953695392216,70123644399.12733,6.944131862089383e-05,0.0,0.0,0.0,0.0,0.0,0.0,1.0
1779266925.506607,-2114708505.417788,716071896.205076,2.8149071898365126,70588156304.02057,-6.944131862089327e-05,0.0,0.0,0.0,0.0,0.0,0.0,1.0
1779266925.5171883,-2121569928.7870295,718507051.565422,2.81486093166869,71016117511.80586,6.944131862089379e-05,0.0,0.0,0.0,0.0,0.0,0.0,1.0
1779266925.5277452,-2126391296.3339815,720250683.5054005,2.8148154009994872,71436086210.19135,-6.944131862089344e-05,0.0,0.0,0.0,0.0,0.0,0.0,1.0
1779266925.5376737,-2156148670.690321,730439160.5970857,2.8147718619281825,71937176716.87212,6.944131862089353e-05,0.0,0.0,0.0,0.0,0.0,0.0,1.0
1779266925.5481722,-2154693523.5603166,730054928.586988,2.8147276238064594,72330890910.82588,-6.944131862089367e-05,0.0,0.0,0.0,0.0,0.0,0.0,1.0
1779266925.558448,-2183755015.5879292,740013708.5412512,2.8146828662651995,72850745863.27249,6.944131862089336e-05,0.0,0.0,0.0,0.0,0.0,0.0,1.0
1779266925.56878,-2184327366.8734784,740315147.9960063,2.814639887756334,73250284886.08499,-6.94413186208938e-05,0.0,0.0,0.0,0.0,0.0,0.0,1.0
1779266925.5789704,-2208266561.119817,748538824.2534361,2.8145964738196003,73748179507.62177,6.944131862089326e-05,0.0,0.0,0.0,0.0,0.0,0.0,1.0
1779266925.5891576,-2223777188.446905,753905003.2536361,2.814553909044619,74210008304.23961,-6.944131862089383e-05,0.0,0.0,0.0,0.0,0.0,0.0,1.0
1779266925.5996847,-2235366932.3401604,757945571.0275869,2.8145100020767595,74675413713.01186,6.944131862089327e-05,0.0,0.0,0.0,0.0,0.0,0.0,1.0
1779266925.6096413,-2264011938.755755,767767357.3020812,2.81446814727383,75189657770.02556,-6.944131862089383e-05,0.0,0.0,0.0,0.0,0.0,0.0,1.0
1779266925.6203146,-2261581327.1231546,767053884.5622005,2.814424755050002,75606578813.96472,6.944131862089327e-05,0.0,0.0,0.0,0.0,0.0,0.0,1.0
1779266925.6307232,-2282648149.4317627,774311424.2143881,2.814381637210568,76116432560.04465,-6.944131862089383e-05,0.0,0.0,0.0,0.0,0.0,0.0,1.0
1779266925.641016,-2290530163.305857,777093987.9498897,2.8143401744777083,76564407067.49326,6.944131862089327e-05,0.0,0.0,0.0,0.0,0.0,0.0,1.0
1779266925.6511092,-2313290685.1901317,784925134.229388,2.8142991282596235,77069790743.62943,-6.944131862089383e-05,0.0,0.0,0.0,0.0,0.0,0.0,1.0
1779266925.6615837,-2320577260.5448856,787507886.5261952,2.814257361436149,77529266670.58517,6.944131862089327e-05,0.0,0.0,0.0,0.0,0.0,0.0,1.0
1779266925.6719253,-2342645160.0312767,795108651.4654003,2.814215588696876,78050651078.5037,-6.944131862089383e-05,0.0,0.0,0.0,0.0,0.0,0.0,1.0
1779266925.6826372,-2345037033.6693115,796032694.4535923,2.8141733555930077,78508252894.00844,6.944131862089327e-05,0.0,0.0,0.0,0.0,0.0,0.0,1.0
1779266925.6931882,-2358291282.527182,800644065.4031966,2.814131771110069,79006960038.08849,-6.944131862089374e-05,0.0,0.0,0.0,0.0,0.0,0.0,1.0
1779266925.7036846,-2356625013.321583,800187031.5193075,2.8140916550378883,79439473298.55602,6.944131862089352e-05,0.0,0.0,0.0,0.0,0.0,0.0,1.0
1779266925.7139852,-2391632061.070571,812186526.7336433,2.814050685865375,80026764131.2094,-6.944131862089346e-05,0.0,0.0,0.0,0.0,0.0,0.0,1.0
1779266925.7244194,-2401198396.378798,815545293.2472818,2.814010634344484,80511356913.60039,6.944131862089372e-05,0.0,0.0,0.0,0.0,0.0,0.0,1.0
1779266925.7349026,-2422118398.5462747,822763015.1260171,2.8139700193914567,81051563038.74576,-6.944131862089332e-05,0.0,0.0,0.0,0.0,0.0,0.0,1.0
1779266925.7451901,-2436972095.254403,827918197.8815042,2.813930870059192,81556867536.22723,6.944131862089383e-05,0.0,0.0,0.0,0.0,0.0,0.0,1.0
1779266925.7552924,-2456782351.8908043,834756838.6933844,2.813892563211649,82076356159.80194,-6.944131862089323e-05,0.0,0.0,0.0,0.0,0.0,0.0,1.0
1779266925.7655861,-2467789773.547128,838605758.1202768,2.813854029326154,82570723493.78421,6.944131862089386e-05,0.0,0.0,0.0,0.0,0.0,0.0,1.0
1779266925.7761245,-2484601419.103535,844430872.502428,2.813814349005196,83107318907.64905,-6.944131862089326e-05,0.0,0.0,0.0,0.0,0.0,0.0,1.0
1779266925.7866986,-2490010082.9368305,846379836.4983554,2.8137753331173334,83599032996.21971,6.944131862089383e-05,0.0,0.0,0.0,0.0,0.0,0.0,1.0
1779266925.7967994,-2517477214.821603,855825425.9799526,2.8137377932558136,84162018375.42755,-6.944131862089327e-05,0.0,0.0,0.0,0.0,0.0,0.0,1.0
1779266925.8073637,-2527447602.421396,859325855.9463145,2.813699236941579,84676823801.48683,6.944131862089383e-05,0.0,0.0,0.0,0.0,0.0,0.0,1.0
1779266925.8178048,-2547830450.334088,866367876.8010594,2.813660791448225,85236140513.8692,-6.944131862089327e-05,0.0,0.0,0.0,0.0,0.0,0.0,1.0
1779266925.8286154,-2549486521.6946716,867043417.175843,2.813621927237307,85736676098.1353,6.944131862089383e-05,0.0,0.0,0.0,0.0,0.0,0.0,1.0
1779266925.8386493,-2586482495.1096115,879735411.542227,2.8135851760852066,86349634112.46529,-6.944131862089327e-05,0.0,0.0,0.0,0.0,0.0,0.0,1.0
1779266925.8489325,-2595280237.695509,882836058.8205895,2.8135487843341975,86855498502.03009,6.944131862089383e-05,0.0,0.0,0.0,0.0,0.0,0.0,1.0
1779266925.8596642,-2612976371.3729296,888969969.0857474,2.8135101986024296,87431638221.59024,-6.944131862089327e-05,0.0,0.0,0.0,0.0,0.0,0.0,1.0
1779266925.8704097,-2621839422.0329695,892098535.2664833,2.8134721941545706,87973338265.89214,6.94413186208937e-05,0.0,0.0,0.0,0.0,0.0,0.0,1.0
1779266925.8810081,-2636405977.68079,897167334.0842588,2.8134349502441287,88533580164.86705,-6.944131862089356e-05,0.0,0.0,0.0,0.0,0.0,0.0,1.0
1779266925.8914251,-2658283791.1685586,904724230.4937601,2.813398333316507,89119166369.11688,6.944131862089344e-05,0.0,0.0,0.0,0.0,0.0,0.0,1.0
1779266925.9020915,-2658946890.6344066,905060789.802808,2.8133618616523712,89629246785.64381,-6.944131862089375e-05,0.0,0.0,0.0,0.0,0.0,0.0,1.0
1779266925.91205,-2695509648.091797,917615071.0681374,2.8133271690045127,90256391046.90408,6.944131862089329e-05,0.0,0.0,0.0,0.0,0.0,0.0,1.0
1779266925.9224958,-2705042628.8291764,920969801.9994643,2.813291804868685,90795847004.024,-6.944131862089386e-05,0.0,0.0,0.0,0.0,0.0,0.0,1.0
1779266925.932832,-2737295975.777491,932062998.4246156,2.813256053742398,91433483933.98294,6.944131862089326e-05,0.0,0.0,0.0,0.0,0.0,0.0,1.0
1779266925.9429321,-2756770370.9045696,938802262.9852674,2.8132219393850306,92003173802.72768,-6.944131862089383e-05,0.0,0.0,0.0,0.0,0.0,0.0,1.0
1779266925.9532142,-2769134379.59342,943121592.8946341,2.8131875691800623,92556161878.76549,6.944131862089327e-05,0.0,0.0,0.0,0.0,0.0,0.0,1.0
1779266925.9637792,-2786886108.722874,949279912.6237212,2.81315207619494,93153818528.0229,-6.944131862089383e-05,0.0,0.0,0.0,0.0,0.0,0.0,1.0
1779266925.9740372,-2812031159.3087244,957955682.8509634,2.813117695588332,93768569622.85469,6.944131862089327e-05,0.0,0.0,0.0,0.0,0.0,0.0,1.0
1779266925.9848192,-2807476192.5552144,956515418.7573924,2.8130826602697567,94288400105.87004,-6.944131862089383e-05,0.0,0.0,0.0,0.0,0.0,0.0,1.0
1779266925.9950728,-2838444480.431158,967177655.0992639,2.813048653812345,94934710604.96216,6.944131862089327e-05,0.0,0.0,0.0,0.0,0.0,0.0,1.0
1779266926.0055223,-2855249613.6784773,973015066.580632,2.8130145979266326,95533844233.01239,-6.944131862089383e-05,0.0,0.0,0.0,0.0,0.0,0.0,1.0
1779266926.0160158,-2872251413.705268,978920759.7473888,2.8129805281589997,96141088251.12997,6.944131862089327e-05,0.0,0.0,0.0,0.0,0.0,0.0,1.0
1779266926.026353,-2885657769.4886065,983599214.5891039,2.812947589976046,96723257264.09001,-6.944131862089383e-05,0.0,0.0,0.0,0.0,0.0,0.0,1.0
1779266926.0364528,-2912975053.809299,993019449.0735073,2.8129152095857304,97355428872.2351,6.944131862089332e-05,0.0,0.0,0.0,0.0,0.0,0.0,1.0
1779266926.0468917,-2936474252.0499496,1001142232.1456878,2.8128817386338287,97997407921.28584,-6.944131862089361e-05,0.0,0.0,0.0,0.0,0.0,0.0,1.0
1779266926.0573654,-2950834265.238611,1006149370.5523801,2.8128486360227223,98605344161.0954,6.944131862089361e-05,0.0,0.0,0.0,0.0,0.0,0.0,1.0
1779266926.067792,-2965215176.4962487,1011163569.5325342,2.812815995941402,99213088494.33702,-6.94413186208934e-05,0.0,0.0,0.0,0.0,0.0,0.0,1.0
1779266926.0784075,-2974849182.1169257,1014560549.2490587,2.812783087437298,99815699277.36102,6.944131862089378e-05,0.0,0.0,0.0,0.0,0.0,0.0,1.0
1779266926.0886407,-3008690140.598585,1026212097.5595882,2.8127513821476384,100495767236.87627,-6.944131862089327e-05,0.0,0.0,0.0,0.0,0.0,0.0,1.0
1779266926.099046,-3031848392.152216,1034223297.790377,2.812718890568953,101155168919.1818,6.944131862089387e-05,0.0,0.0,0.0,0.0,0.0,0.0,1.0
1779266926.1096098,-3043074469.609894,1038164773.0117991,2.8126865516505575,101774079493.72186,-6.944131862089325e-05,0.0,0.0,0.0,0.0,0.0,0.0,1.0
1779266926.1199684,-3058880531.389763,1043667434.5487566,2.8126551493298244,102401343226.66371,6.944131862089384e-05,0.0,0.0,0.0,0.0,0.0,0.0,1.0
1779266926.1302752,-3072948865.9985065,1048576806.2764401,2.8126242216352786,103020961683.78673,-6.944131862089326e-05,0.0,0.0,0.0,0.0,0.0,0.0,1.0
1779266926.1407955,-3095172077.349553,1056272392.3727487,2.8125924600932457,103695107879.8929,6.944131862089383e-05,0.0,0.0,0.0,0.0,0.0,0.0,1.0
1779266926.1516867,-3058079416.129179,1043721890.2261987,2.812561530302574,104138809977.57843,-6.944131862089327e-05,0.0,0.0,0.0,0.0,0.0,0.0,1.0
1779266926.1614742,-3150149970.6175156,1075258765.108101,2.8125308867566963,105075148184.74702,6.944131862089383e-05,0.0,0.0,0.0,0.0,0.0,0.0,1.0
1779266926.1716182,-3176549230.1102366,1084379041.1262317,2.8125008355739727,105751231403.27223,-6.944131862089327e-05,0.0,0.0,0.0,0.0,0.0,0.0,1.0
1779266926.1821818,-3187198263.70072,1088125849.102112,2.812469935113289,106391956925.4572,6.944131862089383e-05,0.0,0.0,0.0,0.0,0.0,0.0,1.0
1779266926.192805,-3174719405.9974785,1083974495.9987986,2.8124398092781018,106939751276.39388,-6.944131862089327e-05,0.0,0.0,0.0,0.0,0.0,0.0,1.0
1779266926.2029684,-3205515733.467349,1094598833.3683305,2.81241038172311,107647095791.77724,6.944131862089383e-05,0.0,0.0,0.0,0.0,0.0,0.0,1.0
1779266926.2132213,-3241368755.889307,1106952406.8951483,2.8123806659738797,108385332772.08972,-6.944131862089337e-05,0.0,0.0,0.0,0.0,0.0,0.0,1.0
1779266926.2232459,-3285010091.0680923,1121966125.1250346,2.81235158263185,109144680695.46439,6.944131862089359e-05,0.0,0.0,0.0,0.0,0.0,0.0,1.0
1779266926.2340984,-3268753194.4516835,1116524722.7990675,2.812321418900561,109707615521.65004,-6.944131862089364e-05,0.0,0.0,0.0,0.0,0.0,0.0,1.0
1779266926.2446415,-3289826127.2928047,1123834748.670467,2.8122916673227607,110414760320.51088,6.944131862089337e-05,0.0,0.0,0.0,0.0,0.0,0.0,1.0
1779266926.2548866,-3328672438.820096,1137216462.426248,2.812262582891316,111181693002.71304,-6.94413186208938e-05,0.0,0.0,0.0,0.0,0.0,0.0,1.0
1779266926.2654638,-3342368639.160411,1142007734.9702883,2.8122331255746342,111868371882.08752,6.944131862089326e-05,0.0,0.0,0.0,0.0,0.0,0.0,1.0
1779266926.2756677,-3372898386.8150005,1152549260.0255792,2.812204742119916,112603083860.91257,-6.944131862089383e-05,0.0,0.0,0.0,0.0,0.0,0.0,1.0
1779266926.2861757,-3390495647.7681856,1158674354.6187084,2.81217577150189,113309514584.24722,6.944131862089327e-05,0.0,0.0,0.0,0.0,0.0,0.0,1.0
1779266926.2968361,-3397102820.719596,1161044222.848225,2.8121468623020833,113982426703.17053,-6.944131862089383e-05,0.0,0.0,0.0,0.0,0.0,0.0,1.0
1779266926.3075075,-3408592836.2775936,1165083745.3037832,2.812117994201089,114683379325.26086,6.944131862089327e-05,0.0,0.0,0.0,0.0,0.0,0.0,1.0
1779266926.317814,-3452971210.074276,1180365396.7569482,2.8120896796768795,115504165383.40453,-6.944131862089383e-05,0.0,0.0,0.0,0.0,0.0,0.0,1.0
1779266926.3285873,-3448210461.551673,1178849619.0963316,2.8120612499632376,116149308043.25127,6.944131862089327e-05,0.0,0.0,0.0,0.0,0.0,0.0,1.0
1779266926.3391373,-3473169911.225771,1187495146.5276208,2.8120330669067144,116912184647.91057,-6.944131862089383e-05,0.0,0.0,0.0,0.0,0.0,0.0,1.0
1779266926.3493097,-3516052647.320546,1202267964.6323757,2.812005798742157,117727600921.85611,6.944131862089327e-05,0.0,0.0,0.0,0.0,0.0,0.0,1.0
1779266926.359643,-3539942173.8845177,1210547139.4005227,2.811978605842249,118475542509.8066,-6.944131862089383e-05,0.0,0.0,0.0,0.0,0.0,0.0,1.0
1779266926.369864,-3562821060.6058006,1218480119.505258,2.811951982572806,119213519306.77028,6.944131862089327e-05,0.0,0.0,0.0,0.0,0.0,0.0,1.0
1779266926.3802493,-3572014165.039357,1221733280.9104805,2.811925318977428,119909640670.54527,-6.944131862089379e-05,0.0,0.0,0.0,0.0,0.0,0.0,1.0
1779266926.3904803,-3598599690.3197556,1230935440.593709,2.8118989986783838,120672187919.46147,6.944131862089344e-05,0.0,0.0,0.0,0.0,0.0,0.0,1.0
1779266926.4006972,-3632890552.2891235,1242774905.196618,2.8118726602014625,121471828765.82524,-6.944131862089353e-05,0.0,0.0,0.0,0.0,0.0,0.0,1.0
1779266926.4112623,-3653192223.7219057,1249831999.884399,2.811845661192116,122243685369.91188,6.944131862089367e-05,0.0,0.0,0.0,0.0,0.0,0.0,1.0
1779266926.4216998,-3681515020.2303696,1259633815.6695254,2.8118190183340186,123045389035.79237,-6.944131862089336e-05,0.0,0.0,0.0,0.0,0.0,0.0,1.0
1779266926.4324148,-3684330999.3794727,1260709180.570522,2.811792310336121,123761885745.29279,6.94413186208938e-05,0.0,0.0,0.0,0.0,0.0,0.0,1.0
1779266926.4430053,-3702367085.6478605,1266992819.1271608,2.8117659072187653,124539154577.16272,-6.944131862089326e-05,0.0,0.0,0.0,0.0,0.0,0.0,1.0
1779266926.453468,-3731621849.8061075,1277116025.492341,2.8117398339670334,125359144851.91512,6.944131862089383e-05,0.0,0.0,0.0,0.0,0.0,0.0,1.0
1779266926.464029,-3735162505.891083,1278437809.0823019,2.8117141708315785,126079760945.1227,-6.944131862089327e-05,0.0,0.0,0.0,0.0,0.0,0.0,1.0
1779266926.4741318,-3798897829.2188363,1300364307.4171445,2.811688791634621,127029180107.34163,6.944131862089383e-05,0.0,0.0,0.0,0.0,0.0,0.0,1.0
1779266926.4845853,-3808917745.740247,1303902395.7369285,2.8116640156219646,127763591943.75223,-6.944131862089327e-05,0.0,0.0,0.0,0.0,0.0,0.0,1.0
1779266926.4950223,-3847984632.4790707,1317388656.3061433,2.811638421866868,128641560252.58101,6.944131862089383e-05,0.0,0.0,0.0,0.0,0.0,0.0,1.0
1779266926.5054166,-3879118958.0795007,1328159488.9158468,2.811613199147752,129486116197.92784,-6.944131862089327e-05,0.0,0.0,0.0,0.0,0.0,0.0,1.0
1779266926.5158255,-3881673586.8435087,1329143143.1235237,2.811588661794529,130211686770.57004,6.944131862089383e-05,0.0,0.0,0.0,0.0,0.0,0.0,1.0
1779266926.526098,-3935127503.5530443,1347559356.0640702,2.8115636897522016,131153172194.27194,-6.944131862089327e-05,0.0,0.0,0.0,0.0,0.0,0.0,1.0
1779266926.536253,-3954781391.023176,1354398053.1822019,2.8115398429090614,131938954219.33995,6.944131862089383e-05,0.0,0.0,0.0,0.0,0.0,0.0,1.0
1779266926.5464885,-3975599963.8807945,1361636834.8161259,2.8115159357295774,132740760560.05202,-6.944131862089327e-05,0.0,0.0,0.0,0.0,0.0,0.0,1.0
1779266926.5568683,-4007303292.2329063,1372606960.1466613,2.811491498366067,133609904134.12856,6.944131862089374e-05,0.0,0.0,0.0,0.0,0.0,0.0,1.0
1779266926.5675395,-4007151177.9777575,1372666374.6303065,2.81146700199847,134370730989.11267,-6.944131862089352e-05,0.0,0.0,0.0,0.0,0.0,0.0,1.0
1779266926.5775402,-4063511612.00616,1392083329.057209,2.811443529571884,135323070065.84552,6.944131862089346e-05,0.0,0.0,0.0,0.0,0.0,0.0,1.0
1779266926.588312,-4063692257.2833743,1392257948.0188146,2.8114190140252893,136104840263.49695,-6.944131862089372e-05,0.0,0.0,0.0,0.0,0.0,0.0,1.0
1779266926.5991004,-4080882993.495352,1398262018.830412,2.81139439550625,136967910700.58795,6.944131862089332e-05,0.0,0.0,0.0,0.0,0.0,0.0,1.0
1779266926.6091778,-4118510940.345769,1411264060.5456998,2.8113715474898067,137859146485.82126,-6.944131862089383e-05,0.0,0.0,0.0,0.0,0.0,0.0,1.0
1779266926.6197243,-4138106857.3710194,1418090960.0921557,2.81134786009505,138719711835.44705,6.944131862089323e-05,0.0,0.0,0.0,0.0,0.0,0.0,1.0
1779266926.6303062,-4153940985.173858,1423629045.7824492,2.8113243443099565,139571545263.7254,-6.944131862089386e-05,0.0,0.0,0.0,0.0,0.0,0.0,1.0
1779266926.6410477,-4154687852.7141876,1423996820.1057343,2.8113008287206815,140378936873.4002,6.944131862089326e-05,0.0,0.0,0.0,0.0,0.0,0.0,1.0
1779266926.6510444,-4217690381.1741123,1445700564.1999617,2.8112784905244297,141391056772.95816,-6.944131862089383e-05,0.0,0.0,0.0,0.0,0.0,0.0,1.0
1779266926.6611016,-4256335479.94945,1459055430.972918,2.8112564366345794,142306423368.90128,6.944131862089327e-05,0.0,0.0,0.0,0.0,0.0,0.0,1.0
1779266926.671497,-4281956360.5551214,1467948859.017893,2.8112337977925606,143202479751.73404,-6.944131862089383e-05,0.0,0.0,0.0,0.0,0.0,0.0,1.0
1779266926.681964,-4311882445.677355,1478320191.0882769,2.8112110156038543,144130447086.32837,6.944131862089327e-05,0.0,0.0,0.0,0.0,0.0,0.0,1.0
1779266926.6921735,-4332159370.990468,1485380552.4107397,2.8111892530985436,144994365624.42355,-6.944131862089383e-05,0.0,0.0,0.0,0.0,0.0,0.0,1.0
1779266926.702568,-4353904313.875637,1492946529.1639562,2.811167148207934,145887758708.9533,6.944131862089327e-05,0.0,0.0,0.0,0.0,0.0,0.0,1.0
1779266926.712757,-4381976873.036033,1502681237.1174421,2.811145625095805,146793671458.96353,-6.944131862089383e-05,0.0,0.0,0.0,0.0,0.0,0.0,1.0
1779266926.7229419,-4422468857.53957,1516676564.7884688,2.811124054911229,147757870326.9255,6.944131862089327e-05,0.0,0.0,0.0,0.0,0.0,0.0,1.0
1779266926.7334292,-4448651616.9994545,1525767617.3687687,2.8111019910734445,148696519293.65973,-6.94413186208937e-05,0.0,0.0,0.0,0.0,0.0,0.0,1.0
1779266926.743726,-4485604561.960206,1538552406.5177956,2.8110804014849116,149667693143.2968,6.944131862089356e-05,0.0,0.0,0.0,0.0,0.0,0.0,1.0
1779266926.754383,-4494911813.776821,1541856845.0641868,2.8110584535585943,150559479798.49048,-6.944131862089344e-05,0.0,0.0,0.0,0.0,0.0,0.0,1.0
1779266926.7649379,-4516970599.93484,1549535673.9496121,2.811036744195558,151503278888.68735,6.944131862089375e-05,0.0,0.0,0.0,0.0,0.0,0.0,1.0
1779266926.7756927,-4523902291.310263,1552026219.6802623,2.811014928485621,152407236204.4155,-6.944131862089329e-05,0.0,0.0,0.0,0.0,0.0,0.0,1.0
1779266926.7860293,-4578273030.591272,1570791901.7937744,2.810993638540367,153481169053.7336,6.944131862089386e-05,0.0,0.0,0.0,0.0,0.0,0.0,1.0
1779266926.7965736,-4591528067.000914,1575450656.961441,2.810972553702169,154400209585.74066,-6.944131862089326e-05,0.0,0.0,0.0,0.0,0.0,0.0,1.0
1779266926.8069556,-4638088330.389549,1591538718.406316,2.8109515276137937,155454846212.7704,6.944131862089383e-05,0.0,0.0,0.0,0.0,0.0,0.0,1.0
1779266926.8172765,-4681127968.123593,1606419203.590711,2.810930768911538,156493500315.93945,-6.944131862089327e-05,0.0,0.0,0.0,0.0,0.0,0.0,1.0
1779266926.8275423,-4692007021.75125,1610260700.5422363,2.810910744857255,157388899153.50018,6.944131862089383e-05,0.0,0.0,0.0,0.0,0.0,0.0,1.0
1779266926.837673,-4741766391.727061,1627447706.10582,2.810890642989383,158446612565.16794,-6.944131862089327e-05,0.0,0.0,0.0,0.0,0.0,0.0,1.0
1779266926.8482077,-4758516758.268065,1633307856.671244,2.810870145220413,159407088580.9863,6.944131862089383e-05,0.0,0.0,0.0,0.0,0.0,0.0,1.0
1779266926.8582833,-4798992124.245831,1647309168.4680567,2.810850559359827,160427977810.39664,-6.944131862089327e-05,0.0,0.0,0.0,0.0,0.0,0.0,1.0
1779266926.869052,-4800658941.2602,1647993411.8407152,2.8108299761702327,161359646233.05325,6.944131862089383e-05,0.0,0.0,0.0,0.0,0.0,0.0,1.0
1779266926.8796213,-4831089099.117945,1658552126.7928,2.8108096457153158,162403386445.15576,-6.944131862089327e-05,0.0,0.0,0.0,0.0,0.0,0.0,1.0
1779266926.8895361,-4899253047.417389,1682062549.6103904,2.8107904770849075,163544712965.78156,6.944131862089383e-05,0.0,0.0,0.0,0.0,0.0,0.0,1.0
1779266926.89984,-4918283278.809574,1688705348.5789957,2.810771094956575,164518490308.03906,-6.944131862089332e-05,0.0,0.0,0.0,0.0,0.0,0.0,1.0
1779266926.9101772,-4961287264.652376,1703582335.8069386,2.8107514588707216,165607522688.2524,6.944131862089361e-05,0.0,0.0,0.0,0.0,0.0,0.0,1.0
1779266926.9207945,-4972513427.738279,1707548935.0096838,2.810731682456529,166594990982.2271,-6.944131862089361e-05,0.0,0.0,0.0,0.0,0.0,0.0,1.0
1779266926.9312837,-4999174235.280346,1716815794.1872933,2.810712196035153,167641010470.28238,6.94413186208934e-05,0.0,0.0,0.0,0.0,0.0,0.0,1.0
1779266926.941571,-5048819302.236884,1733976465.7687902,2.8106929910455722,168771674828.87207,-6.944131862089378e-05,0.0,0.0,0.0,0.0,0.0,0.0,1.0
1779266926.9523056,-5044318217.850751,1732542156.5194635,2.8106735670134615,169720822942.28635,6.944131862089327e-05,0.0,0.0,0.0,0.0,0.0,0.0,1.0
1779266926.9628353,-5079458323.385074,1744723874.614396,2.810654325764416,170826754874.1562,-6.944131862089387e-05,0.0,0.0,0.0,0.0,0.0,0.0,1.0
1779266926.973243,-5132936894.625557,1763205846.7462332,2.8106352162726775,172006543377.88885,6.944131862089325e-05,0.0,0.0,0.0,0.0,0.0,0.0,1.0
1779266926.9836447,-5151877726.828253,1769822118.7553182,2.8106166565552826,173037443916.186,-6.944131862089384e-05,0.0,0.0,0.0,0.0,0.0,0.0,1.0
1779266926.9941645,-5184886432.8282175,1781273715.1750507,2.81059779105067,174151892833.4641,6.944131862089326e-05,0.0,0.0,0.0,0.0,0.0,0.0,1.0
1779266927.0045402,-5199640331.769769,1786451361.1149921,2.810579625770827,175172495738.32355,-6.944131862089383e-05,0.0,0.0,0.0,0.0,0.0,0.0,1.0
1779266927.0149462,-5260406626.895328,1807441739.6768389,2.810560974452149,176407174415.38998,6.944131862089327e-05,0.0,0.0,0.0,0.0,0.0,0.0,1.0
1779266927.0253162,-5297564862.848457,1820319904.724802,2.8105427449165328,177538793143.86105,-6.944131862089383e-05,0.0,0.0,0.0,0.0,0.0,0.0,1.0
1779266927.0358062,-5322883452.540297,1829130898.9841928,2.810524493732016,178639644651.35364,6.944131862089327e-05,0.0,0.0,0.0,0.0,0.0,0.0,1.0
1779266927.045906,-5369072133.379969,1845111722.3253634,2.810506978723496,179790259607.6351,-6.944131862089383e-05,0.0,0.0,0.0,0.0,0.0,0.0,1.0
1779266927.0566194,-5372005813.741551,1846231387.9501534,2.8104887328711428,180832449073.92892,6.944131862089327e-05,0.0,0.0,0.0,0.0,0.0,0.0,1.0
1779266927.0666494,-5445920960.697571,1871743798.3388462,2.8104714095630197,182103300927.5582,-6.944131862089383e-05,0.0,0.0,0.0,0.0,0.0,0.0,1.0
1779266927.0770988,-5457005547.529126,1875663165.011419,2.8104538217107553,183161953027.33264,6.944131862089337e-05,0.0,0.0,0.0,0.0,0.0,0.0,1.0
1779266927.0874255,-5529773537.690645,1900787452.1885426,2.810436040554352,184479412066.31735,-6.944131862089359e-05,0.0,0.0,0.0,0.0,0.0,0.0,1.0
1779266927.0980358,-5547891657.559165,1907127588.8615062,2.8104182206160546,185602874634.72342,6.944131862089364e-05,0.0,0.0,0.0,0.0,0.0,0.0,1.0
1779266927.1081061,-5596943019.077653,1924098396.5088594,2.8104013534389436,186799185592.378,-6.944131862089337e-05,0.0,0.0,0.0,0.0,0.0,0.0,1.0
1779266927.1183965,-5625902464.732378,1934163676.4783297,2.810384343012519,187940255060.69632,6.94413186208938e-05,0.0,0.0,0.0,0.0,0.0,0.0,1.0
1779266927.1287541,-5646593998.973124,1941386957.2497525,2.810367407132442,189059864268.6741,-6.944131862089326e-05,0.0,0.0,0.0,0.0,0.0,0.0,1.0
1779266927.1388793,-5693399642.002507,1957588588.4618113,2.8103507900699842,190272043699.16397,6.944131862089383e-05,0.0,0.0,0.0,0.0,0.0,0.0,1.0
1779266927.1492991,-5747038396.46971,1976144342.985053,2.81033356213469,191561223264.61578,-6.944131862089327e-05,0.0,0.0,0.0,0.0,0.0,0.0,1.0
1779266927.1599698,-5753617271.484837,1978518776.3511279,2.810316379355302,192683149928.43555,6.944131862089383e-05,0.0,0.0,0.0,0.0,0.0,0.0,1.0
1779266927.1707387,-5769067934.06608,1983945418.505301,2.810299104701997,193863420397.63263,-6.944131862089327e-05,0.0,0.0,0.0,0.0,0.0,0.0,1.0
1779266927.1812773,-5800296583.140904,1994796983.0241542,2.8102822856688796,195089756088.11334,6.944131862089383e-05,0.0,0.0,0.0,0.0,0.0,0.0,1.0
1779266927.1913993,-5867222415.988458,2017924185.2124238,2.810266051143582,196424513392.61804,-6.944131862089327e-05,0.0,0.0,0.0,0.0,0.0,0.0,1.0
1779266927.2017658,-5898672759.136835,2028851433.963962,2.81024974587892,197641108404.4973,6.944131862089383e-05,0.0,0.0,0.0,0.0,0.0,0.0,1.0
1779266927.2124314,-5907195494.182828,2031894542.663662,2.8102331856400244,198805045370.99005,-6.944131862089327e-05,0.0,0.0,0.0,0.0,0.0,0.0,1.0
1779266927.222694,-5954901104.35883,2048413774.1748567,2.810217231244051,200091106153.79388,6.944131862089383e-05,0.0,0.0,0.0,0.0,0.0,0.0,1.0
1779266927.2328615,-6011988336.902361,2068160769.8930411,2.810201444908828,201412695641.6665,-6.944131862089327e-05,0.0,0.0,0.0,0.0,0.0,0.0,1.0
1779266927.2430873,-6068174490.858514,2087599596.5907538,2.810185601941795,202746340233.289,6.944131862089379e-05,0.0,0.0,0.0,0.0,0.0,0.0,1.0
1779266927.2533672,-6116332413.994451,2104277804.5018215,2.810169788144787,204059544086.67963,-6.944131862089344e-05,0.0,0.0,0.0,0.0,0.0,0.0,1.0
1779266927.2642245,-6089168954.144956,2095043567.0288253,2.810153676018002,205126720636.3202,6.944131862089353e-05,0.0,0.0,0.0,0.0,0.0,0.0,1.0
1779266927.2745645,-6172314745.71851,2123763887.1897922,2.8101377780382553,206615175121.1577,-6.944131862089367e-05,0.0,0.0,0.0,0.0,0.0,0.0,1.0
1779266927.285133,-6188774633.874233,2129538842.5053105,2.8101220204764124,207852184827.57758,6.944131862089336e-05,0.0,0.0,0.0,0.0,0.0,0.0,1.0
1779266927.295506,-6245912586.992106,2149311896.5956736,2.810106422500173,209247514999.11102,-6.94413186208938e-05,0.0,0.0,0.0,0.0,0.0,0.0,1.0
1779266927.3061047,-6266443734.332552,2156488382.4449344,2.8100908910909688,210513451066.21912,6.944131862089326e-05,0.0,0.0,0.0,0.0,0.0,0.0,1.0
1779266927.3167834,-6273955501.209071,2159184893.5842137,2.8100753813801997,211747334272.716,-6.944131862089383e-05,0.0,0.0,0.0,0.0,0.0,0.0,1.0
1779266927.3270066,-6361169309.770948,2189311418.0372715,2.8100602085031046,213272286555.29602,6.944131862089327e-05,0.0,0.0,0.0,0.0,0.0,0.0,1.0
1779266927.3376825,-6377501122.28712,2195044576.041773,2.8100447719173136,214562427276.04083,-6.944131862089383e-05,0.0,0.0,0.0,0.0,0.0,0.0,1.0
1779266927.3482158,-6413691851.697024,2207612728.1964345,2.810029595429306,215924856317.96906,6.944131862089327e-05,0.0,0.0,0.0,0.0,0.0,0.0,1.0
1779266927.3582232,-6496729261.148073,2236303877.9844522,2.8100151068545767,217420822120.63666,-6.944131862089383e-05,0.0,0.0,0.0,0.0,0.0,0.0,1.0
1779266927.3688302,-6496998145.005759,2236506600.4453483,2.8100002462821863,218648001984.1455,6.944131862089327e-05,0.0,0.0,0.0,0.0,0.0,0.0,1.0
1779266927.379291,-6558380503.29683,2257749224.9785132,2.8099852898605038,220133916840.73215,-6.944131862089383e-05,0.0,0.0,0.0,0.0,0.0,0.0,1.0
1779266927.3897285,-6632382991.347293,2283338414.1060557,2.809970331389909,221680577408.6076,6.944131862089327e-05,0.0,0.0,0.0,0.0,0.0,0.0,1.0
1779266927.4005568,-6612140045.890036,2276480928.6079235,2.8099554822863437,222877030216.09647,-6.944131862089383e-05,0.0,0.0,0.0,0.0,0.0,0.0,1.0
1779266927.4105997,-6695802915.416112,2305394788.831911,2.8099414056353282,224418376440.01785,6.944131862089327e-05,0.0,0.0,0.0,0.0,0.0,0.0,1.0
1779266927.4209557,-6730563541.538174,2317473084.121458,2.8099271667086496,225801261181.73264,-6.944131862089374e-05,0.0,0.0,0.0,0.0,0.0,0.0,1.0
1779266927.4310732,-6785299203.297553,2336428367.898712,2.809913308485731,227240953838.4506,6.944131862089352e-05,0.0,0.0,0.0,0.0,0.0,0.0,1.0
1779266927.4415154,-6845150998.2045,2357149910.0781116,2.8098989293872947,228762211164.0701,-6.944131862089346e-05,0.0,0.0,0.0,0.0,0.0,0.0,1.0
1779266927.4521787,-6855299993.422845,2360756638.131892,2.8098845780053843,230109460433.21902,6.944131862089372e-05,0.0,0.0,0.0,0.0,0.0,0.0,1.0
1779266927.4627974,-6888392523.747093,2372265056.555175,2.8098703279879267,231554989928.8144,-6.944131862089332e-05,0.0,0.0,0.0,0.0,0.0,0.0,1.0
1779266927.4732673,-6932138047.153971,2387442124.0256205,2.809856309648036,233036759890.67603,6.944131862089383e-05,0.0,0.0,0.0,0.0,0.0,0.0,1.0
1779266927.4833815,-6996357941.676117,2409668688.7181234,2.809842861241245,234556167012.6705,-6.944131862089323e-05,0.0,0.0,0.0,0.0,0.0,0.0,1.0
1779266927.4938047,-7060567014.021675,2431895911.1795454,2.8098289369168175,236136185206.6531,6.944131862089386e-05,0.0,0.0,0.0,0.0,0.0,0.0,1.0
1779266927.504751,-7032850785.858475,2422461417.7464266,2.8098149111927953,237397280554.07663,-6.944131862089326e-05,0.0,0.0,0.0,0.0,0.0,0.0,1.0
1779266927.5151317,-7114909147.302038,2450839107.190573,2.809801194573698,239066169984.39563,6.944131862089383e-05,0.0,0.0,0.0,0.0,0.0,0.0,1.0
1779266927.5255141,-7198269522.757774,2479667041.527273,2.809787506379431,240749189592.2766,-6.944131862089327e-05,0.0,0.0,0.0,0.0,0.0,0.0,1.0
1779266927.5357964,-7234078101.795893,2492112062.26268,2.8097743289760277,242213333535.68988,6.944131862089383e-05,0.0,0.0,0.0,0.0,0.0,0.0,1.0
1779266927.546013,-7290421530.836321,2511632157.3923144,2.8097612270411103,243764785918.7843,-6.944131862089327e-05,0.0,0.0,0.0,0.0,0.0,0.0,1.0
1779266927.5564253,-7305707822.777171,2517007978.581409,2.8097481482205335,245175947970.9069,6.944131862089383e-05,0.0,0.0,0.0,0.0,0.0,0.0,1.0
1779266927.5668619,-7363923765.319206,2537176861.160641,2.80973489054173,246789004775.34726,-6.944131862089327e-05,0.0,0.0,0.0,0.0,0.0,0.0,1.0
1779266927.5771835,-7406010020.814607,2551787357.9866743,2.809721971438229,248320899279.3706,6.944131862089383e-05,0.0,0.0,0.0,0.0,0.0,0.0,1.0
1779266927.5878575,-7438285602.602899,2563021096.0416627,2.809708645755567,249879824254.26694,-6.944131862089327e-05,0.0,0.0,0.0,0.0,0.0,0.0,1.0
1779266927.5983195,-7487053584.445346,2579936857.6947985,2.8096956627852006,251482852700.20233,6.94413186208937e-05,0.0,0.0,0.0,0.0,0.0,0.0,1.0
1779266927.6084993,-7542560508.813749,2599172846.3792086,2.8096831704382,253073171543.3056,-6.944131862089356e-05,0.0,0.0,0.0,0.0,0.0,0.0,1.0
1779266927.619263,-7594217325.381634,2617088700.980757,2.8096698565770772,254760815171.02774,6.944131862089344e-05,0.0,0.0,0.0,0.0,0.0,0.0,1.0
1779266927.6293344,-7668546754.938141,2642813151.4980073,2.809657550530197,256434266486.6594,-6.944131862089375e-05,0.0,0.0,0.0,0.0,0.0,0.0,1.0
1779266927.6395648,-7705206585.113565,2655556164.2097974,2.8096452623747616,257978753802.90292,6.944131862089329e-05,0.0,0.0,0.0,0.0,0.0,0.0,1.0
1779266927.6499832,-7773847144.038492,2679325250.360038,2.8096326051580505,259706811158.38248,-6.944131862089386e-05,0.0,0.0,0.0,0.0,0.0,0.0,1.0
1779266927.660129,-7824211884.747255,2696792878.3722963,2.8096205116828763,261314362375.06793,6.944131862089326e-05,0.0,0.0,0.0,0.0,0.0,0.0,1.0
1779266927.6707897,-7819405884.349506,2695247391.9431696,2.809608041525162,262779850009.77866,-6.944131862089383e-05,0.0,0.0,0.0,0.0,0.0,0.0,1.0
1779266927.6812224,-7894373224.289358,2721200457.410632,2.8095956013737275,264567388581.0151,6.944131862089327e-05,0.0,0.0,0.0,0.0,0.0,0.0,1.0
1779266927.6914022,-7939000093.878646,2736691935.953921,2.8095837746808385,266179810688.97437,-6.944131862089383e-05,0.0,0.0,0.0,0.0,0.0,0.0,1.0
1779266927.7013404,-8037235012.2408905,2770663977.7771816,2.809572067955467,267996388635.50345,6.944131862089327e-05,0.0,0.0,0.0,0.0,0.0,0.0,1.0
1779266927.7121613,-8022181902.311273,2765586949.380621,2.8095596937168263,269487028006.54773,-6.944131862089383e-05,0.0,0.0,0.0,0.0,0.0,0.0,1.0
1779266927.7221453,-8126885763.357654,2801792456.732562,2.809548071078444,271356940665.59802,6.944131862089327e-05,0.0,0.0,0.0,0.0,0.0,0.0,1.0
1779266927.732363,-8158737756.42959,2812881978.3303165,2.809536513016501,272956900864.56268,-6.944131862089383e-05,0.0,0.0,0.0,0.0,0.0,0.0,1.0
1779266927.743062,-8183061119.598558,2821380689.9644217,2.80952438549863,274626876530.2844,6.944131862089327e-05,0.0,0.0,0.0,0.0,0.0,0.0,1.0
1779266927.75339,-8251096199.224318,2844949125.4826994,2.80951269060004,276426134036.56506,-6.944131862089383e-05,0.0,0.0,0.0,0.0,0.0,0.0,1.0
1779266927.7639062,-8300913945.2828865,2862238482.4862757,2.8095008517403386,278194748932.85846,6.944131862089332e-05,0.0,0.0,0.0,0.0,0.0,0.0,1.0
1779266927.7740207,-8392563006.81815,2893950375.2987437,2.8094894676493354,280077233950.58276,-6.944131862089361e-05,0.0,0.0,0.0,0.0,0.0,0.0,1.0
1779266927.7843049,-8407878033.594277,2899339760.8166513,2.809478239737386,281666317282.4557,6.944131862089361e-05,0.0,0.0,0.0,0.0,0.0,0.0,1.0
1779266927.7947013,-8453809038.863222,2915288735.8605886,2.809466877281145,283414063433.9506,-6.94413186208934e-05,0.0,0.0,0.0,0.0,0.0,0.0,1.0
1779266927.8047323,-8554817305.555809,2950231117.4234934,2.809455776738936,285351017655.09393,6.944131862089378e-05,0.0,0.0,0.0,0.0,0.0,0.0,1.0
1779266927.8151045,-8582875108.269561,2960017011.4817495,2.8094445794129275,287042308450.3532,-6.944131862089327e-05,0.0,0.0,0.0,0.0,0.0,0.0,1.0
1779266927.825594,-8640060895.703745,2979851291.20874,2.8094331874440392,288895653524.3784,6.944131862089387e-05,0.0,0.0,0.0,0.0,0.0,0.0,1.0
1779266927.8358269,-8706244155.643848,3002787396.8927526,2.809422171090704,290747067662.41614,-6.944131862089325e-05,0.0,0.0,0.0,0.0,0.0,0.0,1.0
1779266927.8463178,-8742956737.064493,3015561128.3416004,2.8094110006338546,292530688947.8396,6.944131862089384e-05,0.0,0.0,0.0,0.0,0.0,0.0,1.0
1779266927.856751,-8792550496.396078,3032778193.243969,2.809399937223395,294370142974.935,-6.944131862089326e-05,0.0,0.0,0.0,0.0,0.0,0.0,1.0
1779266927.8668504,-8871465608.357674,3060107438.7481427,2.8093892767674813,296278527759.96686,6.944131862089383e-05,0.0,0.0,0.0,0.0,0.0,0.0,1.0
1779266927.8772225,-8931877650.512981,3081057444.2558064,2.809378358043416,298175740361.6757,-6.944131862089327e-05,0.0,0.0,0.0,0.0,0.0,0.0,1.0
1779266927.8876219,-8972937429.186266,3095331962.737229,2.809367563405285,300001801143.3207,6.944131862089383e-05,0.0,0.0,0.0,0.0,0.0,0.0,1.0
1779266927.8978739,-9014335167.570501,3109721331.2759533,2.809357113498386,301797103187.51843,-6.944131862089327e-05,0.0,0.0,0.0,0.0,0.0,0.0,1.0
1779266927.9078953,-9109430425.41616,3142636223.580753,2.8093467255548585,303806000108.51276,6.944131862089383e-05,0.0,0.0,0.0,0.0,0.0,0.0,1.0
1779266927.917881,-9202555937.395569,3174872385.0263133,2.8093364376200505,305806352493.1992,-6.944131862089327e-05,0.0,0.0,0.0,0.0,0.0,0.0,1.0
1779266927.928425,-9196161848.140001,3172775657.545854,2.809326006866744,307474310465.34937,6.944131862089383e-05,0.0,0.0,0.0,0.0,0.0,0.0,1.0
1779266927.9382713,-9307617974.333563,3211338453.1945963,2.8093158592970724,309565678527.5464,-6.944131862089337e-05,0.0,0.0,0.0,0.0,0.0,0.0,1.0
1779266927.9484968,-9331732100.082756,3219766683.627445,2.809305723167169,311341966120.07324,6.944131862089359e-05,0.0,0.0,0.0,0.0,0.0,0.0,1.0
1779266927.9587543,-9426489006.380371,3252572844.9760156,2.8092953587449756,313448565980.8216,-6.944131862089364e-05,0.0,0.0,0.0,0.0,0.0,0.0,1.0
1779266927.9689655,-9448488500.947104,3260272038.2242312,2.8092853569238514,315236500921.55023,6.944131862089337e-05,0.0,0.0,0.0,0.0,0.0,0.0,1.0
1779266927.979418,-9518965684.894398,3284703507.8635254,2.809274968665399,317301948468.72375,-6.94413186208938e-05,0.0,0.0,0.0,0.0,0.0,0.0,1.0
1779266927.9899457,-9552006504.7596,3296216986.7473826,2.809264682028612,319230940778.62244,6.944131862089326e-05,0.0,0.0,0.0,0.0,0.0,0.0,1.0
1779266928.0001874,-9611795160.96518,3316959056.1431484,2.8092547443043943,321223417821.895,-6.944131862089383e-05,0.0,0.0,0.0,0.0,0.0,0.0,1.0
1779266928.0104384,-9650035248.154926,3330264495.0263543,2.8092449409263427,323133040682.4885,6.944131862089327e-05,0.0,0.0,0.0,0.0,0.0,0.0,1.0
1779266928.020496,-9749857594.408184,3364823146.8865204,2.8092352267598812,325281789291.5903,-6.944131862089383e-05,0.0,0.0,0.0,0.0,0.0,0.0,1.0
1779266928.0307012,-9786462776.711266,3377564482.6145873,2.8092256015355916,327194038608.043,6.944131862089327e-05,0.0,0.0,0.0,0.0,0.0,0.0,1.0
1779266928.0411222,-9872457207.735516,3407356124.7724032,2.809215606744125,329388486024.2618,-6.944131862089383e-05,0.0,0.0,0.0,0.0,0.0,0.0,1.0
1779266928.0516787,-9914829124.117994,3422092799.835103,2.809205645850259,331433940012.56915,6.944131862089327e-05,0.0,0.0,0.0,0.0,0.0,0.0,1.0
1779266928.0622306,-9954973780.86227,3436060972.131838,2.809195785081772,333478927877.89276,-6.944131862089383e-05,0.0,0.0,0.0,0.0,0.0,0.0,1.0
1779266928.0728607,-9983527046.459576,3446028834.1029763,2.809185953737785,335502841715.8534,6.944131862089327e-05,0.0,0.0,0.0,0.0,0.0,0.0,1.0
1779266928.083321,-10061348234.169472,3473003126.0805497,2.809176234498146,337718434355.92896,-6.944131862089383e-05,0.0,0.0,0.0,0.0,0.0,0.0,1.0
1779266928.0939941,-10088732479.647491,3482567612.9180346,2.80916657106064,339756793670.9867,6.944131862089327e-05,0.0,0.0,0.0,0.0,0.0,0.0,1.0
1779266928.1040645,-10192363872.782124,3518450151.338935,2.8091573283744955,342022578458.3351,-6.944131862089379e-05,0.0,0.0,0.0,0.0,0.0,0.0,1.0
1779266928.1144354,-10278783373.780825,3548394138.901002,2.8091478850734877,344284621867.52637,6.944131862089344e-05,0.0,0.0,0.0,0.0,0.0,0.0,1.0
1779266928.1249256,-10349185095.352373,3572810389.8883867,2.8091383828560987,346521205220.97766,-6.944131862089353e-05,0.0,0.0,0.0,0.0,0.0,0.0,1.0
1779266928.1355915,-10369801071.401276,3580039721.5308475,2.8091289117603946,348589797372.2935,6.944131862089367e-05,0.0,0.0,0.0,0.0,0.0,0.0,1.0
1779266928.145948,-10485268770.81181,3620016309.17391,2.8091195692729,351017613162.3086,-6.944131862089336e-05,0.0,0.0,0.0,0.0,0.0,0.0,1.0
1779266928.1564453,-10507435355.018887,3627779770.6821337,2.8091104068929056,353074919791.26685,6.94413186208938e-05,0.0,0.0,0.0,0.0,0.0,0.0,1.0
1779266928.1670785,-10541571629.860758,3639677736.637231,2.8091011295111636,355235096505.6867,-6.944131862089326e-05,0.0,0.0,0.0,0.0,0.0,0.0,1.0
1779266928.1774936,-10652672745.122784,3678150265.9500103,2.809091951444543,357691783079.0485,6.944131862089383e-05,0.0,0.0,0.0,0.0,0.0,0.0,1.0
1779266928.187685,-10732299481.751802,3705753041.6029005,2.8090831527044067,359962672432.65796,-6.944131862089327e-05,0.0,0.0,0.0,0.0,0.0,0.0,1.0
1779266928.19782,-10813746961.339825,3733984868.263947,2.8090744418184563,362243028382.8662,6.944131862089383e-05,0.0,0.0,0.0,0.0,0.0,0.0,1.0
1779266928.2081094,-10863156562.044476,3751154789.3430333,2.809065735083008,364425554665.9951,-6.944131862089327e-05,0.0,0.0,0.0,0.0,0.0,0.0,1.0
1779266928.2185218,-10948111628.116516,3780602164.7846193,2.8090568375323484,366814932710.0277,6.944131862089383e-05,0.0,0.0,0.0,0.0,0.0,0.0,1.0
1779266928.2291543,-10977399236.333271,3790827456.4197717,2.809047916713035,369026131892.1735,-6.944131862089327e-05,0.0,0.0,0.0,0.0,0.0,0.0,1.0
1779266928.2391906,-11097323887.654978,3832350065.2598276,2.8090394500988616,371497369254.75745,6.944131862089383e-05,0.0,0.0,0.0,0.0,0.0,0.0,1.0
1779266928.2501256,-10985817627.951046,3793951117.98614,2.8090307575782845,373177650425.5067,-6.944131862089327e-05,0.0,0.0,0.0,0.0,0.0,0.0,1.0
1779266928.2600868,-11259613782.47634,3888620392.1431265,2.8090220770041086,376349904538.6583,6.944131862089383e-05,0.0,0.0,0.0,0.0,0.0,0.0,1.0
1779266928.2706256,-11311836679.592329,3906767810.2369566,2.8090134000218114,378689652328.3736,-6.944131862089327e-05,0.0,0.0,0.0,0.0,0.0,0.0,1.0
1779266928.2811668,-11373593752.32727,3928209089.8320193,2.8090047529405453,381088081540.76746,6.944131862089374e-05,0.0,0.0,0.0,0.0,0.0,0.0,1.0
1779266928.2916012,-11434088074.058765,3949213792.9767103,2.8089962749386146,383467217201.33185,-6.944131862089352e-05,0.0,0.0,0.0,0.0,0.0,0.0,1.0
1779266928.3017714,-11559111319.759146,3992506358.944351,2.808987963372383,386073035433.8735,6.944131862089346e-05,0.0,0.0,0.0,0.0,0.0,0.0,1.0
1779266928.3125272,-11551431729.185646,3989965780.731348,2.808979436743016,388260134863.34735,-6.944131862089372e-05,0.0,0.0,0.0,0.0,0.0,0.0,1.0
1779266928.3227823,-11676756475.549824,4033365588.5080624,2.8089711673553364,390915685849.37195,6.944131862089332e-05,0.0,0.0,0.0,0.0,0.0,0.0,1.0
1779266928.3329988,-11757086058.621038,4061222586.179035,2.808963074115554,393374941191.46136,-6.944131862089383e-05,0.0,0.0,0.0,0.0,0.0,0.0,1.0
1779266928.3434398,-11788555783.605032,4072203306.6776485,2.8089549169644936,395695978308.84375,6.944131862089323e-05,0.0,0.0,0.0,0.0,0.0,0.0,1.0
1779266928.3535695,-11946681815.310493,4126937305.7507334,2.8089468380577447,398503243548.98376,-6.944131862089386e-05,0.0,0.0,0.0,0.0,0.0,0.0,1.0
1779266928.3644567,-11891960821.779406,4108145544.038244,2.808938573320014,400583879550.35065,6.944131862089326e-05,0.0,0.0,0.0,0.0,0.0,0.0,1.0
1779266928.374927,-11979542304.07165,4138513128.2462664,2.808930456470108,403203317461.0401,-6.944131862089383e-05,0.0,0.0,0.0,0.0,0.0,0.0,1.0
1779266928.3851852,-12070335459.130325,4169988720.7927547,2.8089226061597756,405784064829.95886,6.944131862089327e-05,0.0,0.0,0.0,0.0,0.0,0.0,1.0
1779266928.3952568,-12219976735.477272,4221795982.4906926,2.8089148252965996,408590565431.67505,-6.944131862089383e-05,0.0,0.0,0.0,0.0,0.0,0.0,1.0
1779266928.4058468,-12285088578.554811,4244403757.0687246,2.8089067583002842,411185063103.4547,6.944131862089327e-05,0.0,0.0,0.0,0.0,0.0,0.0,1.0
1779266928.416527,-12285555384.0241,4244676524.2167196,2.8088988025856967,413536545998.4001,-6.944131862089383e-05,0.0,0.0,0.0,0.0,0.0,0.0,1.0
1779266928.4270458,-12372649430.220802,4274879924.0700684,2.8088909131532054,416233830204.0536,6.944131862089327e-05,0.0,0.0,0.0,0.0,0.0,0.0,1.0
1779266928.4370267,-12533854629.716248,4330687421.402091,2.808883408445209,419116916889.7068,-6.944131862089383e-05,0.0,0.0,0.0,0.0,0.0,0.0,1.0
1779266928.4474192,-12599928757.603502,4353627510.206283,2.80887577597447,421701608078.3193,6.944131862089327e-05,0.0,0.0,0.0,0.0,0.0,0.0,1.0
1779266928.4578269,-12702407626.232723,4389149045.525192,2.808868051413583,424484025622.1453,-6.94413186208937e-05,0.0,0.0,0.0,0.0,0.0,0.0,1.0
1779266928.468544,-12696069732.79954,4387070716.485262,2.808860328124225,426886993503.35785,6.944131862089356e-05,0.0,0.0,0.0,0.0,0.0,0.0,1.0
1779266928.4789445,-12836603586.564747,4435744665.514533,2.808852673354872,429861589104.42804,-6.944131862089344e-05,0.0,0.0,0.0,0.0,0.0,0.0,1.0
1779266928.4896057,-12864617481.713863,4445537379.565892,2.808845025218549,432436237257.22815,6.944131862089375e-05,0.0,0.0,0.0,0.0,0.0,0.0,1.0
1779266928.499779,-13000776137.148075,4492699391.501282,2.808837686014103,435351221884.8184,-6.944131862089329e-05,0.0,0.0,0.0,0.0,0.0,0.0,1.0
1779266928.510187,-13092217507.579807,4524410753.566817,2.8088302394753715,438158652908.0007,6.944131862089386e-05,0.0,0.0,0.0,0.0,0.0,0.0,1.0
1779266928.5205173,-13156000255.672216,4546562913.880198,2.808822963771542,440834252853.7752,-6.944131862089326e-05,0.0,0.0,0.0,0.0,0.0,0.0,1.0
1779266928.530919,-13259957908.48351,4582601433.976269,2.8088156081093665,443722392369.37,6.944131862089383e-05,0.0,0.0,0.0,0.0,0.0,0.0,1.0
1779266928.5411692,-13316097961.533365,4602112024.001601,2.808808527572478,446363463497.5719,-6.944131862089327e-05,0.0,0.0,0.0,0.0,0.0,0.0,1.0
1779266928.55158,-13446651971.924736,4647345065.369382,2.808801198540192,449407331016.37366,6.944131862089383e-05,0.0,0.0,0.0,0.0,0.0,0.0,1.0
1779266928.5620825,-13525899520.18254,4674846564.441206,2.8087939206559085,452267227675.6173,-6.944131862089327e-05,0.0,0.0,0.0,0.0,0.0,0.0,1.0
1779266928.5723898,-13567048788.552643,4689177895.426212,2.8087869296973764,454913374541.41797,6.944131862089383e-05,0.0,0.0,0.0,0.0,0.0,0.0,1.0
1779266928.5828574,-13670114907.95041,4724913138.920963,2.8087797539285564,457898691857.3882,-6.944131862089327e-05,0.0,0.0,0.0,0.0,0.0,0.0,1.0
1779266928.5933018,-13782501952.05983,4763871189.311418,2.8087726150419305,460936401624.0158,6.944131862089383e-05,0.0,0.0,0.0,0.0,0.0,0.0,1.0
1779266928.6039324,-13809742320.66138,4773398876.056449,2.8087655082708354,463673862116.05896,-6.944131862089327e-05,0.0,0.0,0.0,0.0,0.0,0.0,1.0
1779266928.6145005,-13872689739.036003,4795268973.151773,2.808758483220716,466556797136.5294,6.944131862089383e-05,0.0,0.0,0.0,0.0,0.0,0.0,1.0
1779266928.6248488,-13957553968.182728,4824713885.432927,2.8087516353357547,469490084915.5837,-6.944131862089332e-05,0.0,0.0,0.0,0.0,0.0,0.0,1.0
1779266928.6353638,-14073881971.915325,4865037990.3929,2.808744650043801,472630294484.3151,6.944131862089361e-05,0.0,0.0,0.0,0.0,0.0,0.0,1.0
1779266928.6453574,-14255005138.595665,4927758238.760115,2.8087380111607825,475903933364.0849,-6.944131862089361e-05,0.0,0.0,0.0,0.0,0.0,0.0,1.0
1779266928.655862,-14264875976.802647,4931280179.083248,2.8087312848865604,478592445476.2466,6.94413186208934e-05,0.0,0.0,0.0,0.0,0.0,0.0,1.0
1779266928.6658614,-14451382466.809782,4995864335.5678425,2.8087247117212497,481924051610.2703,-6.944131862089378e-05,0.0,0.0,0.0,0.0,0.0,0.0,1.0
1779266928.6761026,-14519706020.177795,5019593189.810209,2.8087181447748346,484830626734.62756,6.944131862089327e-05,0.0,0.0,0.0,0.0,0.0,0.0,1.0
1779266928.6867115,-14564581036.67366,5035219097.237282,2.8087113739967933,487772999358.6226,-6.944131862089387e-05,0.0,0.0,0.0,0.0,0.0,0.0,1.0
1779266928.696792,-14691217673.202166,5079108536.783988,2.808704960154853,490911189649.41895,6.944131862089325e-05,0.0,0.0,0.0,0.0,0.0,0.0,1.0
1779266928.7070649,-14794191118.505146,5114819408.619238,2.8086984536595807,494029903979.22266,-6.944131862089384e-05,0.0,0.0,0.0,0.0,0.0,0.0,1.0
1779266928.7174911,-14868610217.621395,5140659689.895537,2.808691910560812,497091593937.26666,6.944131862089326e-05,0.0,0.0,0.0,0.0,0.0,0.0,1.0
1779266928.7278337,-14941756976.951748,5166059663.126144,2.8086854845061104,500135314470.7266,-6.944131862089383e-05,0.0,0.0,0.0,0.0,0.0,0.0,1.0
1779266928.7382925,-15033349178.718094,5197839348.963523,2.8086789793130658,503322536916.3588,6.944131862089327e-05,0.0,0.0,0.0,0.0,0.0,0.0,1.0
1779266928.7488806,-15089509666.34092,5217369323.320259,2.8086724741881444,506414786037.7738,-6.944131862089383e-05,0.0,0.0,0.0,0.0,0.0,0.0,1.0
1779266928.7593355,-15209012495.869297,5258801397.80009,2.808666031590546,509758612148.6509,6.944131862089327e-05,0.0,0.0,0.0,0.0,0.0,0.0,1.0
1779266928.7693458,-15377995877.908882,5317340135.531414,2.808659890439105,513180156865.8519,-6.944131862089383e-05,0.0,0.0,0.0,0.0,0.0,0.0,1.0
1779266928.780072,-15360237462.905724,5311311472.013057,2.8086534916359582,516050421804.3795,6.944131862089327e-05,0.0,0.0,0.0,0.0,0.0,0.0,1.0
1779266928.7902005,-15520200716.581932,5366734243.421275,2.8086473700754944,519507401152.33844,-6.944131862089383e-05,0.0,0.0,0.0,0.0,0.0,0.0,1.0
1779266928.8009393,-15531980049.048523,5370919841.494269,2.8086410168811433,522550530020.2271,6.944131862089337e-05,0.0,0.0,0.0,0.0,0.0,0.0,1.0
1779266928.8116736,-15525830839.821123,5368904940.43505,2.808634758554729,525532072746.5201,-6.944131862089359e-05,0.0,0.0,0.0,0.0,0.0,0.0,1.0
1779266928.8219318,-15792029095.853672,5461071120.842917,2.8086285602113517,529557211941.1808,6.944131862089364e-05,0.0,0.0,0.0,0.0,0.0,0.0,1.0
1779266928.8325691,-15836827742.986835,5476675067.62001,2.8086223724148898,532763078887.1442,-6.944131862089337e-05,0.0,0.0,0.0,0.0,0.0,0.0,1.0
1779266928.8426766,-16004769221.42091,5534862111.059722,2.808616467415872,536331936342.97864,6.94413186208938e-05,0.0,0.0,0.0,0.0,0.0,0.0,1.0
1779266928.8533165,-16062868220.47305,5555066481.766184,2.8086103449374056,539630669093.05963,-6.944131862089326e-05,0.0,0.0,0.0,0.0,0.0,0.0,1.0
1779266928.863852,-16169396318.436157,5592019989.03904,2.8086042715649766,543131548481.37024,6.944131862089383e-05,0.0,0.0,0.0,0.0,0.0,0.0,1.0
1779266928.8743296,-16306974314.311758,5639712719.488527,2.8085982474338733,546762220406.61145,-6.944131862089327e-05,0.0,0.0,0.0,0.0,0.0,0.0,1.0
1779266928.8851004,-16294184163.95901,5635401199.480451,2.8085922334362934,549860556969.6824,6.944131862089383e-05,0.0,0.0,0.0,0.0,0.0,0.0,1.0
1779266928.8955216,-16474164641.252686,5697761190.653919,2.808586287540413,553701510229.1864,-6.944131862089327e-05,0.0,0.0,0.0,0.0,0.0,0.0,1.0
1779266928.9059627,-16619144311.198858,5748016547.99756,2.80858039375864,557412569078.8229,6.944131862089383e-05,0.0,0.0,0.0,0.0,0.0,0.0,1.0
1779266928.9161763,-16705760923.26219,5778083272.074397,2.80857475757249,560796063075.8086,-6.944131862089327e-05,0.0,0.0,0.0,0.0,0.0,0.0,1.0
1779266928.9262915,-16858954247.45998,5831178106.117869,2.8085691544579907,564451367226.4412,6.944131862089383e-05,0.0,0.0,0.0,0.0,0.0,0.0,1.0
1779266928.9365115,-16962440237.097324,5867080975.702054,2.8085635647460574,567945309088.5049,-6.944131862089327e-05,0.0,0.0,0.0,0.0,0.0,0.0,1.0
1779266928.9470165,-17051665375.042198,5898054464.153803,2.8085578273743304,571511844034.5214,6.944131862089383e-05,0.0,0.0,0.0,0.0,0.0,0.0,1.0
1779266928.9574628,-17200244288.76426,5949559561.136571,2.808552104378739,575336735551.8615,-6.944131862089327e-05,0.0,0.0,0.0,0.0,0.0,0.0,1.0
1779266928.9677932,-17251965534.194454,5967559245.955454,2.8085465922819397,578710165447.0284,6.944131862089379e-05,0.0,0.0,0.0,0.0,0.0,0.0,1.0
1779266928.9782684,-17374130407.260666,6009929067.4368925,2.8085409545795637,582472249331.0352,-6.944131862089344e-05,0.0,0.0,0.0,0.0,0.0,0.0,1.0
1779266928.9890862,-17392085826.276653,6016251889.442897,2.8085353282720877,585878829193.02,6.944131862089353e-05,0.0,0.0,0.0,0.0,0.0,0.0,1.0
1779266928.9995723,-17537215781.7177,6066568152.875979,2.808529722814633,589805864770.3817,-6.944131862089367e-05,0.0,0.0,0.0,0.0,0.0,0.0,1.0
1779266929.0098877,-17710566440.831642,6126646786.719906,2.808524223945067,593810406449.6649,6.944131862089336e-05,0.0,0.0,0.0,0.0,0.0,0.0,1.0
1779266929.0204558,-17798944373.28837,6157331863.136829,2.808518711270965,597540433968.3119,-6.94413186208938e-05,0.0,0.0,0.0,0.0,0.0,0.0,1.0
1779266929.0306103,-17926247981.205746,6201479969.325247,2.808513467542399,601290542680.1425,6.944131862089326e-05,0.0,0.0,0.0,0.0,0.0,0.0,1.0
1779266929.0409453,-18069317828.429092,6251085262.896396,2.808508118839441,605207730979.8357,-6.944131862089383e-05,0.0,0.0,0.0,0.0,0.0,0.0,1.0
1779266929.0516105,-18103861572.671307,6263147779.575769,2.8085026898279963,608811520500.6921,6.944131862089327e-05,0.0,0.0,0.0,0.0,0.0,0.0,1.0
1779266929.0619676,-18301911110.363316,6331776945.390421,2.808497345045799,613028042577.527,-6.944131862089383e-05,0.0,0.0,0.0,0.0,0.0,0.0,1.0
1779266929.0725822,-18309412310.64642,6334483035.085831,2.808492049649293,616531258758.3701,6.944131862089327e-05,0.0,0.0,0.0,0.0,0.0,0.0,1.0
1779266929.083037,-18472578771.579773,6391046066.763814,2.8084867592005036,620674911725.989,-6.944131862089383e-05,0.0,0.0,0.0,0.0,0.0,0.0,1.0
1779266929.0934954,-18602123604.45241,6435977304.714014,2.808481521608922,624695088503.0936,6.944131862089327e-05,0.0,0.0,0.0,0.0,0.0,0.0,1.0
1779266929.1040528,-18712626555.097168,6474321766.766037,2.8084762742704648,628695294764.9648,-6.944131862089383e-05,0.0,0.0,0.0,0.0,0.0,0.0,1.0
1779266929.1148217,-18717417356.4722,6476091493.229536,2.808471035105745,632342513366.2891,6.944131862089327e-05,0.0,0.0,0.0,0.0,0.0,0.0,1.0
1779266929.1252139,-18910152238.68987,6542888637.91701,2.8084659051722127,636678355946.2267,-6.944131862089383e-05,0.0,0.0,0.0,0.0,0.0,0.0,1.0
1779266929.1354876,-18992738228.672733,6571571900.671923,2.808460969086518,640495652267.8269,6.944131862089327e-05,0.0,0.0,0.0,0.0,0.0,0.0,1.0
1779266929.1459532,-19217329451.48041,6649394430.964137,2.808455857855014,645024749443.0032,-6.944131862089374e-05,0.0,0.0,0.0,0.0,0.0,0.0,1.0
1779266929.1565046,-19316896982.76994,6683957733.779658,2.808450794920674,649082322283.3269,6.944131862089352e-05,0.0,0.0,0.0,0.0,0.0,0.0,1.0
1779266929.1668904,-19436044955.203465,6725295456.06587,2.8084458512630945,653173663888.2576,-6.944131862089346e-05,0.0,0.0,0.0,0.0,0.0,0.0,1.0
1779266929.1772964,-19638045536.53842,6795304853.613201,2.8084408462173114,657669965304.5469,6.944131862089372e-05,0.0,0.0,0.0,0.0,0.0,0.0,1.0
1779266929.1878266,-19742842473.223183,6831679724.994482,2.80843587233744,661815544182.3472,-6.944131862089332e-05,0.0,0.0,0.0,0.0,0.0,0.0,1.0
1779266929.1985781,-19726381595.87638,6826095430.027636,2.808430912412846,665548824382.4364,6.944131862089383e-05,0.0,0.0,0.0,0.0,0.0,0.0,1.0
1779266929.2089899,-19962985338.071167,6908082839.204263,2.8084259947698778,670266159007.5277,-6.944131862089323e-05,0.0,0.0,0.0,0.0,0.0,0.0,1.0
1779266929.2193983,-20026912922.566612,6930314542.728504,2.808421231821141,674245466702.3022,6.944131862089386e-05,0.0,0.0,0.0,0.0,0.0,0.0,1.0
1779266929.229718,-20283245876.525368,7019131403.122688,2.8084164053612204,679054381184.4569,-6.944131862089326e-05,0.0,0.0,0.0,0.0,0.0,0.0,1.0
1779266929.2404892,-20249672804.159374,7007624858.49704,2.8084115676029393,682819292659.7028,6.944131862089383e-05,0.0,0.0,0.0,0.0,0.0,0.0,1.0
1779266929.2507262,-20455388815.28305,7078925842.242934,2.808406902554869,687408734382.369,-6.944131862089327e-05,0.0,0.0,0.0,0.0,0.0,0.0,1.0
1779266929.261325,-20449740508.05167,7077081115.52244,2.808402217116731,691262821474.4622,6.944131862089383e-05,0.0,0.0,0.0,0.0,0.0,0.0,1.0
1779266929.2711265,-20845122937.993237,7214021641.942849,2.8083977138945952,696528645520.1963,-6.944131862089327e-05,0.0,0.0,0.0,0.0,0.0,0.0,1.0
1779266929.2816374,-20954032539.136883,7251824546.812271,2.8083930254941842,700894120773.8542,6.944131862089383e-05,0.0,0.0,0.0,0.0,0.0,0.0,1.0
1779266929.2920203,-21073336375.990128,7293224353.266208,2.80838843154325,705270084440.3348,-6.944131862089327e-05,0.0,0.0,0.0,0.0,0.0,0.0,1.0
1779266929.3019376,-21343416359.16998,7386805006.77405,2.8083840069442143,710111202045.2307,6.944131862089383e-05,0.0,0.0,0.0,0.0,0.0,0.0,1.0
1779266929.3123164,-21321141530.67092,7379204159.836449,2.8083795578419135,713910008702.3165,-6.944131862089327e-05,0.0,0.0,0.0,0.0,0.0,0.0,1.0
1779266929.3222308,-21608050442.661022,7478612022.190102,2.8083751897220974,718863101289.421,6.94413186208937e-05,0.0,0.0,0.0,0.0,0.0,0.0,1.0
1779266929.3324864,-21648019885.4637,7492553835.94962,2.8083708174533353,722923757381.994,-6.944131862089356e-05,0.0,0.0,0.0,0.0,0.0,0.0,1.0
1779266929.3426192,-21782162394.09423,7539090280.890102,2.8083664818452654,727365719648.3527,6.944131862089344e-05,0.0,0.0,0.0,0.0,0.0,0.0,1.0
1779266929.3528838,-21829093572.898685,7555441923.740812,2.8083621661040494,731512849644.3114,-6.944131862089375e-05,0.0,0.0,0.0,0.0,0.0,0.0,1.0
1779266929.3632312,-22098923817.466705,7648948189.830117,2.808357691009128,736711175660.614,6.944131862089329e-05,0.0,0.0,0.0,0.0,0.0,0.0,1.0
1779266929.3736658,-22265736879.142704,7706798723.90937,2.8083532504533473,741525419144.0863,-6.944131862089386e-05,0.0,0.0,0.0,0.0,0.0,0.0,1.0
1779266929.3837776,-22451952520.76689,7771362808.454884,2.8083490106644753,746265135811.3335,6.944131862089326e-05,0.0,0.0,0.0,0.0,0.0,0.0,1.0
1779266929.3944585,-22426886225.191105,7762798447.94091,2.8083446129137215,750417367230.5131,-6.944131862089383e-05,0.0,0.0,0.0,0.0,0.0,0.0,1.0
1779266929.404996,-22474045099.16635,7779233219.957804,2.8083402987316637,754835982255.7614,6.944131862089327e-05,0.0,0.0,0.0,0.0,0.0,0.0,1.0
1779266929.4158406,-22607085174.178715,7825399988.318825,2.808335803589019,759832819477.4833,-6.944131862089383e-05,0.0,0.0,0.0,0.0,0.0,0.0,1.0
1779266929.4258995,-22913196486.5105,7931471079.58083,2.8083316325668015,765199660729.2172,6.944131862089327e-05,0.0,0.0,0.0,0.0,0.0,0.0,1.0
1779266929.4368145,-22856293051.70377,7911885554.6059265,2.808327344166975,769363092032.3898,-6.944131862089383e-05,0.0,0.0,0.0,0.0,0.0,0.0,1.0
1779266929.4470751,-23197487583.379166,8030106369.3658085,2.8083231108436326,775044871533.5688,6.944131862089327e-05,0.0,0.0,0.0,0.0,0.0,0.0,1.0
1779266929.4575932,-23291152729.781185,8062641978.332039,2.8083189027162785,779801801726.2424,-6.944131862089383e-05,0.0,0.0,0.0,0.0,0.0,0.0,1.0
1779266929.467986,-23497874224.288345,8134315165.160812,2.808314723155071,785016311631.0209,6.944131862089327e-05,0.0,0.0,0.0,0.0,0.0,0.0,1.0
1779266929.4787006,-23488246817.444122,8131094730.455978,2.8083105364161955,789479112380.3368,-6.944131862089383e-05,0.0,0.0,0.0,0.0,0.0,0.0,1.0
1779266929.4894128,-23525698862.911373,8144172237.775855,2.8083063774598447,794170116194.8811,6.944131862089332e-05,0.0,0.0,0.0,0.0,0.0,0.0,1.0
1779266929.49935,-23867560867.966797,8262628657.004194,2.8083024427863776,799819118141.5365,-6.944131862089361e-05,0.0,0.0,0.0,0.0,0.0,0.0,1.0
1779266929.509911,-23993930144.00616,8306488583.805925,2.8082983417268155,804882245224.7778,6.944131862089361e-05,0.0,0.0,0.0,0.0,0.0,0.0,1.0
1779266929.5207515,-23994857246.547203,8306921733.806732,2.8082942510740576,809527937571.8127,-6.94413186208934e-05,0.0,0.0,0.0,0.0,0.0,0.0,1.0
1779266929.5310564,-24347761899.22844,8429209526.695705,2.8082902158413106,815508394533.2917,6.944131862089378e-05,0.0,0.0,0.0,0.0,0.0,0.0,1.0
1779266929.5414932,-24530370208.190018,8492541164.047249,2.8082862160038102,820840103160.584,-6.944131862089327e-05,0.0,0.0,0.0,0.0,0.0,0.0,1.0
1779266929.5516756,-24725976157.430443,8560371097.7348385,2.8082823574573723,826105422990.3456,6.944131862089387e-05,0.0,0.0,0.0,0.0,0.0,0.0,1.0
1779266929.5623238,-24778062857.747307,8578516413.344416,2.8082783792811092,831033398828.4071,-6.944131862089325e-05,0.0,0.0,0.0,0.0,0.0,0.0,1.0
1779266929.57305,-24834857056.673996,8598292240.711704,2.808274407118313,836049727425.7687,6.944131862089384e-05,0.0,0.0,0.0,0.0,0.0,0.0,1.0
1779266929.5835135,-25040658463.103573,8669657271.845392,2.8082705046214773,841613868650.9192,-6.944131862089326e-05,0.0,0.0,0.0,0.0,0.0,0.0,1.0
1779266929.5935903,-25337934773.220524,8772691684.902168,2.808266750519536,847385306047.908,6.944131862089383e-05,0.0,0.0,0.0,0.0,0.0,0.0,1.0
1779266929.6044812,-25213872055.035732,8729849263.407312,2.808262861382497,851795041217.1111,-6.944131862089327e-05,0.0,0.0,0.0,0.0,0.0,0.0,1.0
1779266929.6149354,-25476548381.767555,8820909179.278908,2.8082590254310107,857688582114.7402,6.944131862089383e-05,0.0,0.0,0.0,0.0,0.0,0.0,1.0
1779266929.6252086,-25579226066.19039,8856568577.888332,2.808255361680164,862802271223.3456,-6.944131862089327e-05,0.0,0.0,0.0,0.0,0.0,0.0,1.0
1779266929.6353958,-25977055543.989784,8994425597.947725,2.808251624747104,869187772889.0228,6.944131862089383e-05,0.0,0.0,0.0,0.0,0.0,0.0,1.0
1779266929.6461725,-25912327602.65738,8972125223.533905,2.808247844136919,873930722540.6163,-6.944131862089327e-05,0.0,0.0,0.0,0.0,0.0,0.0,1.0
1779266929.6566684,-26171321728.96944,9061914743.58732,2.808244093770405,879942647820.0721,6.944131862089383e-05,0.0,0.0,0.0,0.0,0.0,0.0,1.0
1779266929.6669328,-26373710686.775105,9132102774.290462,2.8082404793580373,885603648352.5479,-6.944131862089337e-05,0.0,0.0,0.0,0.0,0.0,0.0,1.0
1779266929.6776478,-26405030076.275826,9143059127.789087,2.808236773387347,890812232075.3647,6.944131862089359e-05,0.0,0.0,0.0,0.0,0.0,0.0,1.0
1779266929.6875503,-26836633514.52985,9292616868.770065,2.808233262507585,897323785975.3448,-6.944131862089364e-05,0.0,0.0,0.0,0.0,0.0,0.0,1.0
1779266929.6981392,-26847920412.254646,9296635601.44221,2.8082296531142665,902429813409.2401,6.944131862089337e-05,0.0,0.0,0.0,0.0,0.0,0.0,1.0
1779266929.7085958,-26965446562.431694,9337441761.522306,2.8082260936538335,907948736144.4344,-6.94413186208938e-05,0.0,0.0,0.0,0.0,0.0,0.0,1.0
1779266929.7184892,-27411831716.529465,9492123298.944294,2.8082226479154304,914600880479.4012,6.944131862089326e-05,0.0,0.0,0.0,0.0,0.0,0.0,1.0
1779266929.7293463,-27383951397.53873,9482581510.453495,2.8082190096068356,919791872545.4054,-6.944131862089383e-05,0.0,0.0,0.0,0.0,0.0,0.0,1.0
1779266929.739649,-27504919956.104965,9524579588.650742,2.8082155870351997,925309971655.6089,6.944131862089327e-05,0.0,0.0,0.0,0.0,0.0,0.0,1.0
1779266929.7498858,-27945042547.235817,9677101389.876488,2.808212063365546,932251026211.4563,-6.944131862089383e-05,0.0,0.0,0.0,0.0,0.0,0.0,1.0
1779266929.7607126,-27899803154.795414,9661547556.377127,2.808208518195464,937439315654.9728,6.944131862089327e-05,0.0,0.0,0.0,0.0,0.0,0.0,1.0
1779266929.771098,-28182107634.06093,9759420782.196028,2.8082050424431744,943847002303.0624,-6.944131862089383e-05,0.0,0.0,0.0,0.0,0.0,0.0,1.0
1779266929.7815661,-28364982140.12458,9822862220.444649,2.808201590428057,949898990620.6948,6.944131862089327e-05,0.0,0.0,0.0,0.0,0.0,0.0,1.0
1779266929.7919414,-28573394216.091717,9895147617.253645,2.808198186957858,956037363597.8103,-6.944131862089383e-05,0.0,0.0,0.0,0.0,0.0,0.0,1.0
1779266929.8023777,-28694283219.809204,9937123335.14877,2.808194815398247,961861557059.113,6.944131862089327e-05,0.0,0.0,0.0,0.0,0.0,0.0,1.0
1779266929.8130188,-28786437576.82831,9969149778.821842,2.8081914034783235,967724726365.7167,-6.944131862089383e-05,0.0,0.0,0.0,0.0,0.0,0.0,1.0
1779266929.8235006,-29038581466.1006,10056583858.380543,2.8081880194212365,974225568035.9398,6.944131862089327e-05,0.0,0.0,0.0,0.0,0.0,0.0,1.0
1779266929.8338032,-29301043129.822395,10147590772.191486,2.808184713938255,980692907029.2393,-6.944131862089379e-05,0.0,0.0,0.0,0.0,0.0,0.0,1.0
1779266929.844068,-29450730806.97917,10199540526.00837,2.8081814861618604,986663505907.8376,6.944131862089344e-05,0.0,0.0,0.0,0.0,0.0,0.0,1.0
1779266929.854017,-29831126851.408314,10331391082.174038,2.8081783148063417,993472689678.9469,-6.944131862089353e-05,0.0,0.0,0.0,0.0,0.0,0.0,1.0
1779266929.8647864,-29665233392.70748,10274047052.929104,2.808175061145538,998424729856.0758,6.944131862089367e-05,0.0,0.0,0.0,0.0,0.0,0.0,1.0
1779266929.8750176,-30134876059.34388,10436813249.488226,2.808171798617738,1005895380552.5898,-6.944131862089336e-05,0.0,0.0,0.0,0.0,0.0,0.0,1.0
1779266929.885501,-30311145727.2659,10497974475.762049,2.8081685453446923,1012284184710.0258,6.94413186208938e-05,0.0,0.0,0.0,0.0,0.0,0.0,1.0
1779266929.8960094,-30366613142.916164,10517296055.061245,2.8081653550318872,1018182587422.912,-6.944131862089326e-05,0.0,0.0,0.0,0.0,0.0,0.0,1.0
1779266929.9061937,-30679746543.42884,10625858703.300642,2.808162235071615,1025007557458.5209,6.944131862089383e-05,0.0,0.0,0.0,0.0,0.0,0.0,1.0
1779266929.9171689,-30523574294.39767,10571880902.515034,2.8081590011557394,1030347852173.1758,-6.944131862089327e-05,0.0,0.0,0.0,0.0,0.0,0.0,1.0
1779266929.9271965,-30974554500.98374,10728189437.427448,2.8081559316702887,1037773474108.7665,6.944131862089383e-05,0.0,0.0,0.0,0.0,0.0,0.0,1.0
1779266929.937397,-31365962195.1634,10863867632.85674,2.8081528236251465,1045087249716.0009,-6.944131862089327e-05,0.0,0.0,0.0,0.0,0.0,0.0,1.0
1779266929.9477885,-31517758050.854034,10916554762.993652,2.8081497323250346,1051518929836.1005,6.944131862089383e-05,0.0,0.0,0.0,0.0,0.0,0.0,1.0
1779266929.9582648,-31612928632.446854,10949629492.71897,2.8081466567158717,1057790990190.773,-6.944131862089327e-05,0.0,0.0,0.0,0.0,0.0,0.0,1.0
1779266929.968489,-31782535455.013245,11008485028.445965,2.808143670723216,1064253295396.7228,6.944131862089383e-05,0.0,0.0,0.0,0.0,0.0,0.0,1.0
1779266929.979062,-31910045535.56592,11052762863.194675,2.8081405956404346,1070819530829.8512,-6.944131862089327e-05,0.0,0.0,0.0,0.0,0.0,0.0,1.0
1779266929.9893394,-32223303573.801884,11161378583.46267,2.8081375901118086,1078027243713.7295,6.944131862089383e-05,0.0,0.0,0.0,0.0,0.0,0.0,1.0
1779266929.9995594,-32440573149.6479,11236745536.560822,2.808134649710807,1084801165681.3153,-6.944131862089327e-05,0.0,0.0,0.0,0.0,0.0,0.0,1.0
1779266930.0101287,-32575730084.29159,11283673656.30729,2.8081316242599383,1091523061854.2646,6.944131862089374e-05,0.0,0.0,0.0,0.0,0.0,0.0,1.0
1779266930.0208051,-32619054475.978695,11298792701.249405,2.808128617054214,1097954447516.6246,-6.944131862089352e-05,0.0,0.0,0.0,0.0,0.0,0.0,1.0
1779266930.031043,-32976754373.118233,11422805999.842417,2.808125717646476,1105432918812.2017,6.944131862089346e-05,0.0,0.0,0.0,0.0,0.0,0.0,1.0
1779266930.0412254,-33236778361.814636,11512985020.194382,2.8081228716567512,1112484779337.7356,-6.944131862089372e-05,0.0,0.0,0.0,0.0,0.0,0.0,1.0
1779266930.0513487,-33625496237.172104,11647745082.09026,2.8081200081535,1120127053175.0847,6.944131862089332e-05,0.0,0.0,0.0,0.0,0.0,0.0,1.0
1779266930.0619383,-33689385229.264107,11669988003.182142,2.808117083035155,1126746492593.2693,-6.944131862089383e-05,0.0,0.0,0.0,0.0,0.0,0.0,1.0
1779266930.072699,-33709555999.14443,11677087976.780209,2.8081141457189123,1133336553457.312,6.944131862089323e-05,0.0,0.0,0.0,0.0,0.0,0.0,1.0
1779266930.083268,-33910271986.81378,11746729496.711487,2.808111250352659,1140619930468.5132,-6.944131862089386e-05,0.0,0.0,0.0,0.0,0.0,0.0,1.0
1779266930.0932894,-34308962225.51176,11884948047.222553,2.808108503272379,1148381648114.0312,6.944131862089326e-05,0.0,0.0,0.0,0.0,0.0,0.0,1.0
1779266930.1036258,-34520845221.75518,11958457032.957338,2.808105712888909,1155600810692.9934,-6.944131862089383e-05,0.0,0.0,0.0,0.0,0.0,0.0,1.0
1779266930.1140192,-34576822955.1607,11977957729.623648,2.808102963550164,1162221395037.3806,6.944131862089327e-05,0.0,0.0,0.0,0.0,0.0,0.0,1.0
1779266930.1243136,-34986785536.51733,12120087569.140505,2.808100176730636,1170363895157.1924,-6.944131862089383e-05,0.0,0.0,0.0,0.0,0.0,0.0,1.0
1779266930.1350582,-35049831431.46794,12142040962.15828,2.808097339579102,1177390429183.7095,6.944131862089327e-05,0.0,0.0,0.0,0.0,0.0,0.0,1.0
1779266930.1456344,-35247369824.86209,12210585457.821724,2.808094551108706,1184911789236.7283,-6.944131862089383e-05,0.0,0.0,0.0,0.0,0.0,0.0,1.0
1779266930.156221,-35424395981.894035,12272024433.839264,2.808091783830873,1192395367760.37,6.944131862089327e-05,0.0,0.0,0.0,0.0,0.0,0.0,1.0
1779266930.1665077,-35785185039.81463,12397123647.08419,2.8080890901965008,1200472866281.241,-6.944131862089383e-05,0.0,0.0,0.0,0.0,0.0,0.0,1.0
1779266930.177341,-35671283256.87583,12357776077.265104,2.808086348594891,1206966551193.1406,6.944131862089327e-05,0.0,0.0,0.0,0.0,0.0,0.0,1.0
1779266930.187686,-36162236763.373184,12527972669.944605,2.808083648157826,1215756356246.0332,-6.94413186208937e-05,0.0,0.0,0.0,0.0,0.0,0.0,1.0
1779266930.1981199,-36465538779.17714,12633160321.636715,2.8080809700297067,1223835234019.65,6.944131862089356e-05,0.0,0.0,0.0,0.0,0.0,0.0,1.0
1779266930.2097495,-36315201191.11386,12581196666.484865,2.8080780251936375,1231021997280.9482,-6.944131862089344e-05,0.0,0.0,0.0,0.0,0.0,0.0,1.0
1779266930.220225,-36530880820.03595,12656029097.438293,2.8080754100106216,1238834847639.788,6.944131862089375e-05,0.0,0.0,0.0,0.0,0.0,0.0,1.0
1779266930.2308676,-36818441211.85946,12755767176.91809,2.8080727453379195,1247149593660.75,-6.944131862089329e-05,0.0,0.0,0.0,0.0,0.0,0.0,1.0
1779266930.241409,-37152004504.46724,12871443405.785614,2.808070114029423,1255629001796.0833,6.944131862089386e-05,0.0,0.0,0.0,0.0,0.0,0.0,1.0
1779266930.2520792,-37282868818.32722,12916893775.23705,2.808067506289577,1263362318099.7075,-6.944131862089326e-05,0.0,0.0,0.0,0.0,0.0,0.0,1.0
1779266930.2623563,-37689395689.72612,13057848458.916994,2.8080649777695097,1272006887850.2002,6.944131862089383e-05,0.0,0.0,0.0,0.0,0.0,0.0,1.0
1779266930.2724211,-38099924650.934906,13200188870.227026,2.8080625215000286,1280520563387.4553,-6.944131862089327e-05,0.0,0.0,0.0,0.0,0.0,0.0,1.0
1779266930.2824955,-38491453929.760956,13335947889.09244,2.8080600722017337,1289005697997.3284,6.944131862089383e-05,0.0,0.0,0.0,0.0,0.0,0.0,1.0
1779266930.2928588,-38677542897.68678,13400530706.099443,2.8080575987644316,1296861476100.0857,-6.944131862089327e-05,0.0,0.0,0.0,0.0,0.0,0.0,1.0
1779266930.303309,-39023561058.676765,13520527276.259832,2.8080550761764744,1305564628212.4526,6.944131862089383e-05,0.0,0.0,0.0,0.0,0.0,0.0,1.0
1779266930.3138206,-39261929068.34541,13603227148.80252,2.8080525669397556,1313905716611.3208,-6.944131862089327e-05,0.0,0.0,0.0,0.0,0.0,0.0,1.0
1779266930.324408,-39361374772.15155,13637794039.268126,2.808050084889656,1321741788830.1138,6.944131862089383e-05,0.0,0.0,0.0,0.0,0.0,0.0,1.0
1779266930.334948,-39545557259.33366,13701720889.19233,2.8080476172664284,1329969633386.5078,-6.944131862089327e-05,0.0,0.0,0.0,0.0,0.0,0.0,1.0
1779266930.3451467,-39806531521.84468,13792252190.46875,2.8080452523478243,1338264612475.9546,6.944131862089383e-05,0.0,0.0,0.0,0.0,0.0,0.0,1.0
1779266930.3554404,-40172783636.267654,13919263023.930868,2.808042854225591,1347152878805.016,-6.944131862089332e-05,0.0,0.0,0.0,0.0,0.0,0.0,1.0
1779266930.3654122,-40681147375.82039,14095512863.95657,2.8080405288415875,1356414841451.153,6.944131862089361e-05,0.0,0.0,0.0,0.0,0.0,0.0,1.0
1779266930.3764548,-40373333240.03963,13988969966.096783,2.808038098548277,1363026944818.0676,-6.944131862089361e-05,0.0,0.0,0.0,0.0,0.0,0.0,1.0
1779266930.3867242,-40860126757.58806,14157750848.822155,2.808035739705895,1372557901322.616,6.94413186208934e-05,0.0,0.0,0.0,0.0,0.0,0.0,1.0
1779266930.3968825,-41219456659.189064,14282365703.11312,2.8080334406317986,1381473905348.1172,-6.944131862089378e-05,0.0,0.0,0.0,0.0,0.0,0.0,1.0
1779266930.406911,-41769665189.56802,14473120908.675024,2.8080311522816412,1391148913588.0483,6.944131862089327e-05,0.0,0.0,0.0,0.0,0.0,0.0,1.0
1779266930.417347,-42052943359.69681,14571388770.24477,2.808028799658615,1400103651643.9177,-6.944131862089387e-05,0.0,0.0,0.0,0.0,0.0,0.0,1.0
1779266930.4278266,-42012168685.49726,14557369886.477211,2.80802651516744,1407707952278.529,6.944131862089325e-05,0.0,0.0,0.0,0.0,0.0,0.0,1.0
1779266930.438111,-42480411535.80794,14719730224.465418,2.808024212372106,1417427374851.5784,-6.944131862089384e-05,0.0,0.0,0.0,0.0,0.0,0.0,1.0
1779266930.4488442,-42415735751.056854,14697431577.067795,2.8080218935392516,1425285301449.3193,6.944131862089326e-05,0.0,0.0,0.0,0.0,0.0,0.0,1.0
1779266930.4594057,-42628333219.92104,14771210991.318693,2.8080195983519474,1434251080682.42,-6.944131862089383e-05,0.0,0.0,0.0,0.0,0.0,0.0,1.0
1779266930.4698675,-43086351830.351746,14930033586.40281,2.808017303304105,1444250934535.5708,6.944131862089327e-05,0.0,0.0,0.0,0.0,0.0,0.0,1.0
1779266930.4803727,-43182508429.08179,14963463362.447958,2.8080150893148925,1452672800370.2937,-6.944131862089383e-05,0.0,0.0,0.0,0.0,0.0,0.0,1.0
1779266930.490742,-43571497043.48408,15098366221.603443,2.8080128674224873,1462350952432.662,6.944131862089327e-05,0.0,0.0,0.0,0.0,0.0,0.0,1.0
1779266930.50128,-43865308651.544266,15200290641.33176,2.808010619109158,1471865326904.7734,-6.944131862089383e-05,0.0,0.0,0.0,0.0,0.0,0.0,1.0
1779266930.51184,-43827540648.62385,15187312927.601051,2.8080084424327696,1479966858712.1016,6.944131862089327e-05,0.0,0.0,0.0,0.0,0.0,0.0,1.0
1779266930.5219378,-44714836354.29465,15494896234.365005,2.808006251137928,1491741008988.6565,-6.944131862089383e-05,0.0,0.0,0.0,0.0,0.0,0.0,1.0
1779266930.5325959,-44760383430.2227,15510791643.376287,2.8080040490399805,1500428498503.9666,6.944131862089337e-05,0.0,0.0,0.0,0.0,0.0,0.0,1.0
1779266930.5428195,-45012559588.88786,15598287444.088657,2.8080019484276395,1509624685517.5745,-6.944131862089359e-05,0.0,0.0,0.0,0.0,0.0,0.0,1.0
1779266930.553211,-45408133237.017166,15735478718.317757,2.807999792822555,1519694018016.7832,6.944131862089364e-05,0.0,0.0,0.0,0.0,0.0,0.0,1.0
1779266930.563563,-45616806750.855515,15807901560.335957,2.807997689952117,1528940441876.0273,-6.944131862089337e-05,0.0,0.0,0.0,0.0,0.0,0.0,1.0
1779266930.5739932,-46022917262.22009,15948746672.908503,2.807995550838389,1539199629496.1582,6.94413186208938e-05,0.0,0.0,0.0,0.0,0.0,0.0,1.0
1779266930.5848048,-45943295017.89684,15921266219.776993,2.807993417280965,1547715227619.071,-6.944131862089326e-05,0.0,0.0,0.0,0.0,0.0,0.0,1.0
1779266930.5952609,-46331475576.97844,16055899675.063992,2.807991308383559,1558046080422.174,6.944131862089383e-05,0.0,0.0,0.0,0.0,0.0,0.0,1.0
1779266930.605663,-46800968084.174255,16218712419.650791,2.807989214861581,1568715602672.2964,-6.944131862089327e-05,0.0,0.0,0.0,0.0,0.0,0.0,1.0
1779266930.6163754,-46833490945.24871,16230095311.020966,2.807987119237387,1577850359086.5708,6.944131862089383e-05,0.0,0.0,0.0,0.0,0.0,0.0,1.0
1779266930.626667,-47303886906.1496,16393221985.790457,2.807985085454864,1588502621182.0767,-6.944131862089327e-05,0.0,0.0,0.0,0.0,0.0,0.0,1.0
1779266930.6372805,-47484073492.70463,16455778262.474846,2.807983019749991,1598304734365.1233,6.944131862089383e-05,0.0,0.0,0.0,0.0,0.0,0.0,1.0
1779266930.6477273,-47917683431.95871,16606160092.048912,2.807980977352125,1609085250694.262,-6.944131862089327e-05,0.0,0.0,0.0,0.0,0.0,0.0,1.0
1779266930.658151,-48210047761.25835,16707592148.635838,2.807978968667533,1619279619812.6138,6.944131862089383e-05,0.0,0.0,0.0,0.0,0.0,0.0,1.0
1779266930.6685197,-48274235456.62862,16729945551.704754,2.8079770204533467,1628453687650.6191,-6.944131862089327e-05,0.0,0.0,0.0,0.0,0.0,0.0,1.0
1779266930.6789258,-48825523510.278885,16921113020.587603,2.8079750160563197,1639870109708.6785,6.944131862089383e-05,0.0,0.0,0.0,0.0,0.0,0.0,1.0
1779266930.6892688,-49376316180.13504,17112109973.323479,2.807973029751034,1651281857215.131,-6.944131862089327e-05,0.0,0.0,0.0,0.0,0.0,0.0,1.0
1779266930.6997337,-49494060356.634415,17153026422.150993,2.8079710817860617,1660971337065.7642,6.944131862089379e-05,0.0,0.0,0.0,0.0,0.0,0.0,1.0
1779266930.7097492,-50003650442.59272,17329742768.19991,2.8079692011302377,1671939877560.2239,-6.944131862089344e-05,0.0,0.0,0.0,0.0,0.0,0.0,1.0
1779266930.7200594,-50215900085.984314,17403411558.10809,2.807967300654492,1681982438560.7705,6.944131862089353e-05,0.0,0.0,0.0,0.0,0.0,0.0,1.0
1779266930.7306,-50439799139.63318,17481120429.71097,2.8079653612533164,1692401009443.5408,-6.944131862089367e-05,0.0,0.0,0.0,0.0,0.0,0.0,1.0
1779266930.7412841,-50536387195.244354,17514707638.95369,2.8079634155847453,1702515103330.2085,6.944131862089336e-05,0.0,0.0,0.0,0.0,0.0,0.0,1.0
1779266930.751542,-50988847622.35498,17671630177.997417,2.8079615439282275,1713733060886.6,-6.94413186208938e-05,0.0,0.0,0.0,0.0,0.0,0.0,1.0
1779266930.7619298,-51530507650.79196,17859470535.146915,2.8079596400109263,1725559570002.0425,6.944131862089326e-05,0.0,0.0,0.0,0.0,0.0,0.0,1.0
1779266930.7727659,-51362979143.879974,17801519996.02179,2.8079577318050433,1734851312250.3152,-6.944131862089383e-05,0.0,0.0,0.0,0.0,0.0,0.0,1.0
1779266930.783048,-52166859607.74921,18080244628.781357,2.807955850627774,1747834964748.9775,6.944131862089327e-05,0.0,0.0,0.0,0.0,0.0,0.0,1.0
1779266930.7934506,-52496589416.37917,18194635220.390614,2.8079540063038717,1758900202700.8442,-6.944131862089383e-05,0.0,0.0,0.0,0.0,0.0,0.0,1.0
1779266930.803724,-52764448460.313545,18287581304.19835,2.8079522039366704,1769627795143.89,6.944131862089327e-05,0.0,0.0,0.0,0.0,0.0,0.0,1.0
1779266930.81441,-52827507428.93359,18309548615.524895,2.807950352678361,1780000077382.1057,-6.944131862089383e-05,0.0,0.0,0.0,0.0,0.0,0.0,1.0
1779266930.824981,-53241995750.46826,18453319838.95381,2.807948501898,1791858493671.0806,6.944131862089327e-05,0.0,0.0,0.0,0.0,0.0,0.0,1.0
1779266930.8352458,-53875009701.27147,18672830310.17005,2.8079467013479285,1804365737093.3228,-6.944131862089383e-05,0.0,0.0,0.0,0.0,0.0,0.0,1.0
1779266930.8454893,-54141188229.24875,18765195806.906868,2.807944951099417,1815293304974.1516,6.944131862089327e-05,0.0,0.0,0.0,0.0,0.0,0.0,1.0
1779266930.8555558,-54675247295.07524,18950408583.821102,2.807943223032286,1827228912471.22,-6.944131862089383e-05,0.0,0.0,0.0,0.0,0.0,0.0,1.0
1779266930.8662982,-54595953371.401764,18923036948.26229,2.807941423872542,1837395896776.4983,6.944131862089327e-05,0.0,0.0,0.0,0.0,0.0,0.0,1.0
1779266930.876729,-54811408787.85141,18997824200.916924,2.8079396827918455,1848511413072.9636,-6.944131862089374e-05,0.0,0.0,0.0,0.0,0.0,0.0,1.0
1779266930.8866658,-55657770402.10444,19291285697.320248,2.8079379921590526,1861825927407.751,6.944131862089352e-05,0.0,0.0,0.0,0.0,0.0,0.0,1.0
1779266930.8971617,-55999540786.45363,19409857270.428143,2.807936235906242,1873718960097.1958,-6.944131862089346e-05,0.0,0.0,0.0,0.0,0.0,0.0,1.0
1779266930.9076293,-56341133311.182434,19528367813.92664,2.8079344960189356,1885648078053.7283,6.944131862089372e-05,0.0,0.0,0.0,0.0,0.0,0.0,1.0
1779266930.9175816,-56980206877.26969,19749985916.57768,2.8079328411516506,1898286519937.3606,-6.944131862089332e-05,0.0,0.0,0.0,0.0,0.0,0.0,1.0
1779266930.9282036,-56670643351.36583,19642796630.849945,2.8079311531820155,1907679629940.2751,6.944131862089383e-05,0.0,0.0,0.0,0.0,0.0,0.0,1.0
1779266930.9386709,-57173861277.22934,19817331230.583206,2.8079294408208373,1920509138192.9556,-6.944131862089323e-05,0.0,0.0,0.0,0.0,0.0,0.0,1.0
1779266930.9490016,-57712890572.05893,20004278749.361183,2.807927759104677,1933389317404.4602,6.944131862089386e-05,0.0,0.0,0.0,0.0,0.0,0.0,1.0
1779266930.959467,-58116717556.705864,20144364522.072926,2.807926069952189,1945928786797.6863,-6.944131862089326e-05,0.0,0.0,0.0,0.0,0.0,0.0,1.0
1779266930.9698236,-58513948510.75231,20282163756.51035,2.8079244128179432,1958363668884.3074,6.944131862089383e-05,0.0,0.0,0.0,0.0,0.0,0.0,1.0
1779266930.9802399,-58795836959.92202,20379983293.262585,2.8079227670711013,1970426448072.1516,-6.944131862089327e-05,0.0,0.0,0.0,0.0,0.0,0.0,1.0
1779266930.9904559,-59074175477.01609,20476570670.406887,2.8079211724282818,1982273954613.396,6.944131862089383e-05,0.0,0.0,0.0,0.0,0.0,0.0,1.0
1779266931.0007458,-59681423459.600845,20687169660.52569,2.8079195443118126,1995741005466.5264,-6.944131862089327e-05,0.0,0.0,0.0,0.0,0.0,0.0,1.0
1779266931.011098,-59947855194.61184,20779632144.878563,2.8079179437968644,2007845530765.3633,6.944131862089383e-05,0.0,0.0,0.0,0.0,0.0,0.0,1.0
1779266931.0214355,-60464127271.93921,20958698586.231575,2.80791633235408,2021123733250.8289,-6.944131862089327e-05,0.0,0.0,0.0,0.0,0.0,0.0,1.0
1779266931.0316923,-60899637692.8919,21109770282.691826,2.807914752752552,2033992754065.4448,6.944131862089383e-05,0.0,0.0,0.0,0.0,0.0,0.0,1.0
1779266931.0420678,-60988618092.24379,21140723125.10367,2.8079131901217558,2045576262761.0938,-6.944131862089327e-05,0.0,0.0,0.0,0.0,0.0,0.0,1.0
1779266931.052761,-61173114354.90332,21204788372.981842,2.807911579707337,2058066592039.1526,6.94413186208937e-05,0.0,0.0,0.0,0.0,0.0,0.0,1.0
1779266931.0631366,-61872438846.36377,21447312378.056274,2.8079099928092113,2072488312712.5198,-6.944131862089356e-05,0.0,0.0,0.0,0.0,0.0,0.0,1.0
1779266931.0733654,-62359559833.77713,21616276645.551414,2.8079084685044595,2085738324841.1116,6.944131862089344e-05,0.0,0.0,0.0,0.0,0.0,0.0,1.0
1779266931.0835824,-62745558801.632416,21750188722.572346,2.8079069513171433,2098686552792.715,-6.944131862089375e-05,0.0,0.0,0.0,0.0,0.0,0.0,1.0
1779266931.093963,-63290080124.38472,21939054648.61554,2.807905399239507,2112653443666.3672,6.944131862089329e-05,0.0,0.0,0.0,0.0,0.0,0.0,1.0
1779266931.104309,-63469982466.165436,22001526180.201965,2.807903894355049,2125011114255.3086,-6.944131862089386e-05,0.0,0.0,0.0,0.0,0.0,0.0,1.0
1779266931.1148322,-63863442032.84685,22138029551.37632,2.8079023516158816,2138658958686.0432,6.944131862089326e-05,0.0,0.0,0.0,0.0,0.0,0.0,1.0
1779266931.1256013,-64000882893.2945,22185786562.138416,2.80790079398602,2151633653837.8557,-6.944131862089383e-05,0.0,0.0,0.0,0.0,0.0,0.0,1.0
1779266931.1363182,-64056929446.68948,22205327172.9239,2.807899269385544,2164233027558.1328,6.944131862089327e-05,0.0,0.0,0.0,0.0,0.0,0.0,1.0
1779266931.1466641,-64944617669.71693,22513157779.78607,2.8078977603020476,2180027968388.5571,-6.944131862089383e-05,0.0,0.0,0.0,0.0,0.0,0.0,1.0
1779266931.1572263,-65165906096.71391,22589979514.72043,2.8078962674806256,2193280670746.0977,6.944131862089327e-05,0.0,0.0,0.0,0.0,0.0,0.0,1.0
1779266931.1676993,-65775712594.71268,22801484256.931915,2.807894771323344,2208207506420.879,-6.944131862089383e-05,0.0,0.0,0.0,0.0,0.0,0.0,1.0
1779266931.1778665,-66325956916.06236,22992338984.244705,2.807893343343702,2222446326193.842,6.944131862089327e-05,0.0,0.0,0.0,0.0,0.0,0.0,1.0
1779266931.1884897,-66492433455.83915,23050161195.90052,2.807891869874255,2235791637758.905,-6.944131862089383e-05,0.0,0.0,0.0,0.0,0.0,0.0,1.0
1779266931.1990826,-66764679259.69866,23144649548.66506,2.8078904085019314,2249628073979.1895,6.944131862089327e-05,0.0,0.0,0.0,0.0,0.0,0.0,1.0
1779266931.209365,-67615802852.000885,23439812720.331787,2.8078889678701575,2265630025028.713,-6.944131862089383e-05,0.0,0.0,0.0,0.0,0.0,0.0,1.0
1779266931.219879,-67771924879.627716,23494045139.293304,2.8078875409287436,2279007866262.9424,6.944131862089332e-05,0.0,0.0,0.0,0.0,0.0,0.0,1.0
1779266931.2304344,-68031244659.10492,23584052400.667465,2.8078861298684066,2292828936256.213,-6.944131862089361e-05,0.0,0.0,0.0,0.0,0.0,0.0,1.0
1779266931.2407615,-68675998975.67085,23807677713.21333,2.8078847231802566,2308241662814.6333,6.944131862089361e-05,0.0,0.0,0.0,0.0,0.0,0.0,1.0
1779266931.2512128,-69304317313.34244,24025607377.869892,2.8078833068241646,2323822913720.2886,-6.94413186208934e-05,0.0,0.0,0.0,0.0,0.0,0.0,1.0
1779266931.2617323,-69777836563.48651,24189874256.561577,2.807881894359088,2338931173287.2476,6.944131862089378e-05,0.0,0.0,0.0,0.0,0.0,0.0,1.0
1779266931.272506,-69693950906.93602,24160904760.10054,2.8078805001935754,2351943334996.9736,-6.944131862089327e-05,0.0,0.0,0.0,0.0,0.0,0.0,1.0
1779266931.28292,-70466192441.72969,24428732345.366024,2.8078791038598823,2368434245898.0596,6.944131862089387e-05,0.0,0.0,0.0,0.0,0.0,0.0,1.0
1779266931.2933023,-71031214702.9535,24624722110.89508,2.8078777382194335,2383966852005.052,-6.944131862089325e-05,0.0,0.0,0.0,0.0,0.0,0.0,1.0
1779266931.3036346,-71579258641.23062,24814826289.75075,2.807876388858057,2399425903628.1606,6.944131862089384e-05,0.0,0.0,0.0,0.0,0.0,0.0,1.0
1779266931.3141043,-72031462690.77452,24971706792.34346,2.80787503111969,2414773132345.987,-6.944131862089326e-05,0.0,0.0,0.0,0.0,0.0,0.0,1.0
1779266931.324455,-72406898433.5181,25101972385.88703,2.807873707493356,2429653017281.1553,6.944131862089383e-05,0.0,0.0,0.0,0.0,0.0,0.0,1.0
1779266931.334985,-72666437649.24356,25192060644.34747,2.8078723713432634,2444418946565.221,-6.944131862089327e-05,0.0,0.0,0.0,0.0,0.0,0.0,1.0
1779266931.345456,-73309700317.75012,25415180414.250507,2.807871030936224,2460876637604.2007,6.944131862089383e-05,0.0,0.0,0.0,0.0,0.0,0.0,1.0
1779266931.3559825,-73618004658.69778,25522175684.54291,2.8078697106313104,2476017963436.9077,-6.944131862089327e-05,0.0,0.0,0.0,0.0,0.0,0.0,1.0
1779266931.3660083,-74467044115.1434,25816633472.903374,2.807868445620258,2492774318381.969,6.944131862089383e-05,0.0,0.0,0.0,0.0,0.0,0.0,1.0
1779266931.376284,-74833873982.33649,25943917372.043518,2.8078671751757796,2507904885514.536,-6.944131862089327e-05,0.0,0.0,0.0,0.0,0.0,0.0,1.0
1779266931.3870358,-74967018716.83156,25990189689.144302,2.807865852980247,2522940238773.805,6.944131862089383e-05,0.0,0.0,0.0,0.0,0.0,0.0,1.0
1779266931.3972838,-75661791189.33453,26231169915.095478,2.807864587724958,2539663204537.3135,-6.944131862089337e-05,0.0,0.0,0.0,0.0,0.0,0.0,1.0
1779266931.4077334,-76363831330.10992,26474673006.551598,2.8078632972351887,2556857575744.2065,6.944131862089359e-05,0.0,0.0,0.0,0.0,0.0,0.0,1.0
1779266931.417842,-76892620013.92842,26658108161.232727,2.8078620739108118,2572769708294.081,-6.944131862089364e-05,0.0,0.0,0.0,0.0,0.0,0.0,1.0
1779266931.428557,-76851798805.57727,26644067252.471733,2.8078608003168544,2587320824497.9146,6.944131862089337e-05,0.0,0.0,0.0,0.0,0.0,0.0,1.0
1779266931.4385889,-77761469710.56113,26959554334.220432,2.807859589031212,2604943348109.9126,-6.94413186208938e-05,0.0,0.0,0.0,0.0,0.0,0.0,1.0
1779266931.448794,-78330247587.20123,27156856622.02114,2.807858374826468,2621445611959.9673,6.944131862089326e-05,0.0,0.0,0.0,0.0,0.0,0.0,1.0
1779266931.4589367,-78997442306.88713,27388280568.133423,2.8078571699080017,2638373068235.523,-6.944131862089383e-05,0.0,0.0,0.0,0.0,0.0,0.0,1.0
1779266931.4696198,-78951061377.72882,27372311635.55356,2.807855930224205,2653225399039.6934,6.944131862089327e-05,0.0,0.0,0.0,0.0,0.0,0.0,1.0
1779266931.4801674,-79430052850.59616,27538490338.115784,2.807854694936566,2670265727901.641,-6.944131862089383e-05,0.0,0.0,0.0,0.0,0.0,0.0,1.0
1779266931.490762,-79844854481.23553,27682415105.90744,2.807853465412977,2687194564748.255,6.944131862089327e-05,0.0,0.0,0.0,0.0,0.0,0.0,1.0
1779266931.5012083,-80578262795.18823,27936802478.63999,2.8078522485376514,2705365289354.1646,-6.944131862089383e-05,0.0,0.0,0.0,0.0,0.0,0.0,1.0
1779266931.511799,-80244645640.34378,27821244366.5433,2.8078510763943516,2719119440987.6885,6.944131862089327e-05,0.0,0.0,0.0,0.0,0.0,0.0,1.0
1779266931.5218508,-82019209462.00954,28436608655.610153,2.807849885603117,2741328807307.8887,-6.944131862089383e-05,0.0,0.0,0.0,0.0,0.0,0.0,1.0
1779266931.532045,-82368542734.75844,28557833219.70536,2.8078487418899165,2757581946707.7256,6.944131862089327e-05,0.0,0.0,0.0,0.0,0.0,0.0,1.0
1779266931.542013,-83395082060.55591,28913852126.941093,2.8078476049367023,2776489405979.69,-6.944131862089383e-05,0.0,0.0,0.0,0.0,0.0,0.0,1.0
1779266931.552184,-83701929552.12953,29020347214.92421,2.807846476836498,2792700575485.24,6.944131862089327e-05,0.0,0.0,0.0,0.0,0.0,0.0,1.0
1779266931.562517,-84024413887.69446,29132265662.18734,2.8078453355775927,2809376613718.6245,-6.944131862089379e-05,0.0,0.0,0.0,0.0,0.0,0.0,1.0
1779266931.5730066,-84492041928.06963,29294509956.50172,2.807844173363181,2827122369000.1523,6.944131862089344e-05,0.0,0.0,0.0,0.0,0.0,0.0,1.0
1779266931.5832133,-85013178686.86603,29475304383.45228,2.807843056796843,2844628953406.1924,-6.944131862089353e-05,0.0,0.0,0.0,0.0,0.0,0.0,1.0
1779266931.5937274,-85589549627.43362,29675253388.62899,2.8078419026138386,2863092002726.3027,6.944131862089367e-05,0.0,0.0,0.0,0.0,0.0,0.0,1.0
1779266931.6041753,-86040735236.12164,29831798249.79339,2.8078407704521346,2880969621348.1743,-6.944131862089336e-05,0.0,0.0,0.0,0.0,0.0,0.0,1.0
1779266931.6145904,-86614420551.80429,30030816660.484154,2.807839645701197,2899419411680.482,6.94413186208938e-05,0.0,0.0,0.0,0.0,0.0,0.0,1.0
1779266931.6250634,-86854786723.28143,30114267037.5291,2.8078385324075104,2916656871281.8804,-6.944131862089326e-05,0.0,0.0,0.0,0.0,0.0,0.0,1.0
1779266931.635192,-87843294826.14146,30457112986.766685,2.807837444783159,2936556268829.1816,6.944131862089383e-05,0.0,0.0,0.0,0.0,0.0,0.0,1.0
1779266931.6454906,-88006155616.11673,30513688932.907127,2.8078363716114048,2953286171873.768,-6.944131862089327e-05,0.0,0.0,0.0,0.0,0.0,0.0,1.0
1779266931.655808,-89026884253.01251,30867710900.9439,2.8078352705017657,2973928962884.5845,6.944131862089383e-05,0.0,0.0,0.0,0.0,0.0,0.0,1.0
1779266931.665928,-89678751973.18729,31093838071.462166,2.807834212934562,2992648029856.629,-6.944131862089327e-05,0.0,0.0,0.0,0.0,0.0,0.0,1.0
1779266931.6766312,-89634948633.32086,31078762154.844242,2.8078331164237156,3009586596974.837,6.944131862089383e-05,0.0,0.0,0.0,0.0,0.0,0.0,1.0
1779266931.6868012,-90527366463.32364,31388297072.93243,2.8078320619401786,3029654724587.591,-6.944131862089327e-05,0.0,0.0,0.0,0.0,0.0,0.0,1.0
1779266931.6974928,-90746744067.1849,31464473959.16295,2.807830972613713,3047949579452.8535,6.944131862089383e-05,0.0,0.0,0.0,0.0,0.0,0.0,1.0
1779266931.707811,-91459305884.65274,31711650506.02659,2.807829920348123,3067749428746.0786,-6.944131862089327e-05,0.0,0.0,0.0,0.0,0.0,0.0,1.0
1779266931.7179058,-92253863795.00919,31987256461.11094,2.807828898929264,3087531971333.8286,6.944131862089383e-05,0.0,0.0,0.0,0.0,0.0,0.0,1.0
1779266931.7282617,-92649161057.32748,32124428247.304085,2.8078278646056045,3106224737443.3315,-6.944131862089327e-05,0.0,0.0,0.0,0.0,0.0,0.0,1.0
1779266931.7386963,-93044925060.70123,32261762951.023445,2.8078268286377295,3125196381003.8154,6.944131862089374e-05,0.0,0.0,0.0,0.0,0.0,0.0,1.0
1779266931.7495356,-93739199201.32611,32502606892.170902,2.8078257389446204,3146492110573.007,-6.944131862089352e-05,0.0,0.0,0.0,0.0,0.0,0.0,1.0
1779266931.7598884,-94201301730.44325,32662943995.269524,2.807824725737884,3165781339982.09,6.944131862089346e-05,0.0,0.0,0.0,0.0,0.0,0.0,1.0
1779266931.770236,-95225199233.56883,33018078357.507797,2.807823698925418,3187665607178.6616,-6.944131862089372e-05,0.0,0.0,0.0,0.0,0.0,0.0,1.0
1779266931.7810674,-94925229311.99858,32914179621.81033,2.8078226646300637,3204905860012.0347,6.944131862089332e-05,0.0,0.0,0.0,0.0,0.0,0.0,1.0
1779266931.7911813,-96134586058.005,33333620167.288376,2.8078216767010176,3227304526915.8022,-6.944131862089383e-05,0.0,0.0,0.0,0.0,0.0,0.0,1.0
1779266931.8016267,-97110896477.38507,33672258543.050663,2.8078206584046113,3249544463320.0195,6.944131862089323e-05,0.0,0.0,0.0,0.0,0.0,0.0,1.0
1779266931.8120093,-97188843216.55644,33699394815.11705,2.8078196834859455,3267785547619.3354,-6.944131862089386e-05,0.0,0.0,0.0,0.0,0.0,0.0,1.0
1779266931.8232033,-95894410535.55423,33250671697.526897,2.8078186729066195,3281889524356.2764,6.944131862089326e-05,0.0,0.0,0.0,0.0,0.0,0.0,1.0
1779266931.832851,-98538350018.42838,34167548721.71055,2.8078177261498443,3309999184638.973,-6.944131862089383e-05,0.0,0.0,0.0,0.0,0.0,0.0,1.0
1779266931.8431091,-100130505897.89223,34719732115.68429,2.807816737249895,3334944923506.532,6.944131862089327e-05,0.0,0.0,0.0,0.0,0.0,0.0,1.0
1779266931.8535728,-100653481432.85327,34901183032.05198,2.8078157593106514,3355773330096.0107,-6.944131862089383e-05,0.0,0.0,0.0,0.0,0.0,0.0,1.0
1779266931.8639765,-100761174881.874,34938634866.73179,2.807814808861888,3374755657231.308,6.944131862089327e-05,0.0,0.0,0.0,0.0,0.0,0.0,1.0
1779266931.8745408,-101194746157.41803,35089086607.69783,2.807813839352697,3395665832673.4277,-6.944131862089383e-05,0.0,0.0,0.0,0.0,0.0,0.0,1.0
1779266931.8849351,-102277325838.36852,35464582424.75447,2.8078128742907946,3419195673008.249,6.944131862089327e-05,0.0,0.0,0.0,0.0,0.0,0.0,1.0
1779266931.8953366,-102259914910.53587,35458654100.83775,2.8078119485428976,3437972058039.3604,-6.944131862089383e-05,0.0,0.0,0.0,0.0,0.0,0.0,1.0
1779266931.905245,-103829363646.7827,36002970958.58596,2.8078110376155827,3462706163946.858,6.944131862089327e-05,0.0,0.0,0.0,0.0,0.0,0.0,1.0
1779266931.9160743,-103524163960.75888,35897253993.066574,2.807810089085967,3481343898583.571,-6.94413186208937e-05,0.0,0.0,0.0,0.0,0.0,0.0,1.0
1779266931.9264328,-104630357723.95581,36280942355.756065,2.807809151059544,3505436501837.67,6.944131862089356e-05,0.0,0.0,0.0,0.0,0.0,0.0,1.0
1779266931.9367661,-105033115898.8258,36420709634.59755,2.8078082471711516,3526333242522.4897,-6.944131862089344e-05,0.0,0.0,0.0,0.0,0.0,0.0,1.0
1779266931.94672,-106421792712.26932,36902349218.22632,2.8078073602749702,3550822389309.5747,6.944131862089375e-05,0.0,0.0,0.0,0.0,0.0,0.0,1.0
1779266931.9571514,-106848302209.94432,37050354770.055084,2.80780645023861,3572376702280.877,-6.944131862089329e-05,0.0,0.0,0.0,0.0,0.0,0.0,1.0
1779266931.967736,-107111631960.87683,37141777917.11474,2.8078055357743983,3593718066996.3257,6.944131862089386e-05,0.0,0.0,0.0,0.0,0.0,0.0,1.0
1779266931.9782436,-107288927760.63142,37203366919.192535,2.8078046415520053,3614592726944.9478,-6.944131862089326e-05,0.0,0.0,0.0,0.0,0.0,0.0,1.0
1779266931.9887302,-108221279729.69363,37526780721.51082,2.807803737517057,3638861239740.184,6.944131862089383e-05,0.0,0.0,0.0,0.0,0.0,0.0,1.0
1779266931.9987404,-109524858702.02182,37978918934.66517,2.8078028768575596,3663710483437.639,-6.944131862089327e-05,0.0,0.0,0.0,0.0,0.0,0.0,1.0
1779266932.0089204,-110261215704.6463,38234367553.19391,2.8078020193925344,3686524192530.922,6.944131862089383e-05,0.0,0.0,0.0,0.0,0.0,0.0,1.0
1779266932.0191698,-111320427130.79504,38601772860.01615,2.8078011468685347,3711162343846.4565,-6.944131862089327e-05,0.0,0.0,0.0,0.0,0.0,0.0,1.0
1779266932.0296,-111549185414.69116,38681207948.28342,2.8078002815476655,3732728955056.584,6.944131862089383e-05,0.0,0.0,0.0,0.0,0.0,0.0,1.0
1779266932.0400267,-112378798321.80673,38968999876.1629,2.807799409037403,3757061976778.278,-6.944131862089327e-05,0.0,0.0,0.0,0.0,0.0,0.0,1.0
1779266932.050426,-112829252155.73817,39125312103.75732,2.807798553740012,3779797206159.8965,6.944131862089383e-05,0.0,0.0,0.0,0.0,0.0,0.0,1.0
1779266932.0609386,-113312003462.22293,39292825474.83135,2.807797693339122,3803096289730.1816,-6.944131862089327e-05,0.0,0.0,0.0,0.0,0.0,0.0,1.0
1779266932.071408,-114144609384.19069,39581657976.773,2.807796835459931,3827953875516.313,6.944131862089383e-05,0.0,0.0,0.0,0.0,0.0,0.0,1.0
1779266932.0819473,-114812954600.66455,39813531257.92685,2.807795978823683,3852431701385.982,-6.944131862089332e-05,0.0,0.0,0.0,0.0,0.0,0.0,1.0
1779266932.0924757,-115199942290.88565,39947837179.65466,2.8077951444033307,3875557143819.894,6.944131862089361e-05,0.0,0.0,0.0,0.0,0.0,0.0,1.0
1779266932.102991,-116108335116.2724,40262953234.69541,2.807794297725911,3901299512187.4785,-6.944131862089361e-05,0.0,0.0,0.0,0.0,0.0,0.0,1.0
1779266932.1131904,-117410447144.41959,40714598781.18836,2.807793477320356,3928056619042.3184,6.94413186208934e-05,0.0,0.0,0.0,0.0,0.0,0.0,1.0
1779266932.1237202,-118057883524.23112,40939223876.15343,2.807792643191112,3952945952151.2334,-6.944131862089378e-05,0.0,0.0,0.0,0.0,0.0,0.0,1.0
1779266932.1341379,-118814387121.00574,41201670416.741486,2.807791823032649,3978159056534.2866,6.944131862089327e-05,0.0,0.0,0.0,0.0,0.0,0.0,1.0
1779266932.1445324,-119195711436.28738,41334013675.98105,2.807791020634096,4001752151987.4873,-6.944131862089387e-05,0.0,0.0,0.0,0.0,0.0,0.0,1.0
1779266932.1548567,-119744294979.74023,41524357963.31196,2.8077902285864855,4026011169617.5415,6.944131862089325e-05,0.0,0.0,0.0,0.0,0.0,0.0,1.0
1779266932.165331,-120873411414.34282,41916020786.699234,2.8077894129732943,4053449973745.991,-6.944131862089384e-05,0.0,0.0,0.0,0.0,0.0,0.0,1.0
1779266932.1759205,-121272396742.16281,42054491347.23278,2.8077886070233156,4078118103521.508,6.944131862089326e-05,0.0,0.0,0.0,0.0,0.0,0.0,1.0
1779266932.1861587,-122710950981.80693,42553460993.81452,2.80778781749372,4106538906675.852,-6.944131862089383e-05,0.0,0.0,0.0,0.0,0.0,0.0,1.0
1779266932.1968582,-122893706709.17084,42616948929.720116,2.8077870168784713,4130798216933.778,6.944131862089327e-05,0.0,0.0,0.0,0.0,0.0,0.0,1.0
1779266932.206983,-123845324825.62073,42947059013.76393,2.8077862594447067,4156998580846.5605,-6.944131862089383e-05,0.0,0.0,0.0,0.0,0.0,0.0,1.0
1779266932.2172127,-124858268399.3927,43298437496.883835,2.807785495526195,4183893140642.4287,6.944131862089327e-05,0.0,0.0,0.0,0.0,0.0,0.0,1.0
1779266932.227718,-125681725243.15547,43584108937.35257,2.807784712557389,4210943715078.2227,-6.944131862089383e-05,0.0,0.0,0.0,0.0,0.0,0.0,1.0
1779266932.2383552,-126068849816.62943,43718468972.87158,2.8077839324480287,4236579059829.1,6.944131862089327e-05,0.0,0.0,0.0,0.0,0.0,0.0,1.0
1779266932.248935,-126821128801.03223,43979458939.817406,2.807783157505897,4263792373007.441,-6.944131862089383e-05,0.0,0.0,0.0,0.0,0.0,0.0,1.0
1779266932.2589803,-128280665061.26166,44485711617.252846,2.8077824213261575,4292702018806.0312,6.944131862089337e-05,0.0,0.0,0.0,0.0,0.0,0.0,1.0
1779266932.2694147,-129115014506.44833,44775162875.06977,2.8077816632466126,4320204256817.746,-6.944131862089359e-05,0.0,0.0,0.0,0.0,0.0,0.0,1.0
1779266932.2796805,-129583377702.53508,44937693216.353,2.807780933670088,4345692855223.448,6.944131862089364e-05,0.0,0.0,0.0,0.0,0.0,0.0,1.0
1779266932.2900586,-131026181159.88089,45438150387.50562,2.8077801802265645,4375995791625.2725,-6.944131862089337e-05,0.0,0.0,0.0,0.0,0.0,0.0,1.0
1779266932.3007321,-131073127445.64566,45454542596.83115,2.807779431589424,4401143547461.68,6.94413186208938e-05,0.0,0.0,0.0,0.0,0.0,0.0,1.0
1779266932.3110204,-132265510632.55338,45868157840.84787,2.8077787017802276,4430362557223.814,-6.944131862089326e-05,0.0,0.0,0.0,0.0,0.0,0.0,1.0
1779266932.3213086,-133130329136.4396,46168177397.05007,2.8077779819943505,4458268253033.733,6.944131862089383e-05,0.0,0.0,0.0,0.0,0.0,0.0,1.0
1779266932.331765,-133898206246.49438,46434580880.72073,2.8077772531465666,4486450542997.425,-6.944131862089327e-05,0.0,0.0,0.0,0.0,0.0,0.0,1.0
1779266932.341974,-135049242161.50757,46833859374.864105,2.8077765438394513,4515697350151.298,6.944131862089383e-05,0.0,0.0,0.0,0.0,0.0,0.0,1.0
1779266932.352272,-135554341112.74017,47009132458.81582,2.8077758431655315,4542486645889.104,-6.944131862089327e-05,0.0,0.0,0.0,0.0,0.0,0.0,1.0
1779266932.3625226,-136536294651.38757,47349776028.4715,2.807775143263221,4571400085374.593,6.944131862089383e-05,0.0,0.0,0.0,0.0,0.0,0.0,1.0
1779266932.3730507,-137263669829.22159,47602136611.47588,2.8077744279078267,4600249750198.817,-6.944131862089327e-05,0.0,0.0,0.0,0.0,0.0,0.0,1.0
1779266932.3831055,-138606914623.1743,48068074411.62117,2.8077737467058164,4630459262171.495,6.944131862089383e-05,0.0,0.0,0.0,0.0,0.0,0.0,1.0
1779266932.3937206,-139051561447.5502,48222387855.15049,2.807773036169344,4658691453873.34,-6.944131862089327e-05,0.0,0.0,0.0,0.0,0.0,0.0,1.0
1779266932.4044325,-139246595239.4252,48290137075.63983,2.8077723290773697,4686269351582.165,6.944131862089383e-05,0.0,0.0,0.0,0.0,0.0,0.0,1.0
1779266932.4143665,-141179176156.78146,48960457645.73715,2.807771663797121,4719138400989.852,-6.944131862089327e-05,0.0,0.0,0.0,0.0,0.0,0.0,1.0
1779266932.4246433,-141786018430.6869,49171017846.83724,2.807770992933989,4747444963287.414,6.944131862089379e-05,0.0,0.0,0.0,0.0,0.0,0.0,1.0
1779266932.4346833,-143139727053.5999,49640589434.32149,2.807770334421611,4778416837880.228,-6.944131862089344e-05,0.0,0.0,0.0,0.0,0.0,0.0,1.0
1779266932.444836,-143873711116.91705,49895242213.451645,2.8077696788827327,4807209391241.566,6.944131862089353e-05,0.0,0.0,0.0,0.0,0.0,0.0,1.0
1779266932.4549353,-145286502290.85617,50385306509.29335,2.8077690213416115,4838977746396.934,-6.944131862089367e-05,0.0,0.0,0.0,0.0,0.0,0.0,1.0
1779266932.4660187,-144836300805.7879,50229291579.264694,2.807768315550497,4866072650414.18,6.944131862089336e-05,0.0,0.0,0.0,0.0,0.0,0.0,1.0
1779266932.4760714,-146405081791.24878,50773455355.226555,2.807767670364311,4898719692288.602,-6.94413186208938e-05,0.0,0.0,0.0,0.0,0.0,0.0,1.0
1779266932.4864151,-147367111891.40125,51107199681.43449,2.8077670138978323,4929832079260.778,6.944131862089326e-05,0.0,0.0,0.0,0.0,0.0,0.0,1.0
1779266932.497018,-147848719254.75455,51274334434.9161,2.807766348576182,4959886646143.675,-6.944131862089383e-05,0.0,0.0,0.0,0.0,0.0,0.0,1.0
1779266932.5075507,-148875034955.89972,51630376676.38576,2.8077656858147755,4992304677746.654,6.944131862089327e-05,0.0,0.0,0.0,0.0,0.0,0.0,1.0
1779266932.5182834,-149299520949.41602,51777703418.56352,2.8077650206289917,5022943668107.181,-6.944131862089383e-05,0.0,0.0,0.0,0.0,0.0,0.0,1.0
1779266932.5290337,-149587787936.42062,51877788552.864845,2.8077643632219784,5053181472692.209,6.944131862089327e-05,0.0,0.0,0.0,0.0,0.0,0.0,1.0
1779266932.5394566,-151364958105.73068,52494233695.58506,2.807763714348223,5089079652055.014,-6.944131862089383e-05,0.0,0.0,0.0,0.0,0.0,0.0,1.0
1779266932.5495927,-152763238886.39764,52979275348.57221,2.807763095034251,5122430336843.989,6.944131862089327e-05,0.0,0.0,0.0,0.0,0.0,0.0,1.0
1779266932.5597525,-154039795922.45523,53422103349.410576,2.807762478288888,5155498936560.878,-6.944131862089383e-05,0.0,0.0,0.0,0.0,0.0,0.0,1.0
1779266932.5704513,-153913855609.84338,53378537595.28902,2.8077618446366035,5184447411544.892,6.944131862089327e-05,0.0,0.0,0.0,0.0,0.0,0.0,1.0
1779266932.5807827,-155556350335.21082,53948279660.88738,2.8077612215647836,5220044940547.651,-6.944131862089383e-05,0.0,0.0,0.0,0.0,0.0,0.0,1.0
1779266932.5912452,-156747573790.2422,54361518644.07474,2.807760596103183,5254354417655.345,6.944131862089327e-05,0.0,0.0,0.0,0.0,0.0,0.0,1.0
1779266932.6016762,-157641740668.7352,54671735575.82555,2.807759979876728,5287450599793.984,-6.944131862089374e-05,0.0,0.0,0.0,0.0,0.0,0.0,1.0
1779266932.612103,-157802584255.35678,54727626319.90698,2.807759383508813,5317200461756.972,6.944131862089352e-05,0.0,0.0,0.0,0.0,0.0,0.0,1.0
1779266932.6219614,-160656157014.34976,55717386527.33594,2.8077587920838782,5357263167008.565,-6.944131862089346e-05,0.0,0.0,0.0,0.0,0.0,0.0,1.0
1779266932.6323225,-160882986474.9194,55796162511.16234,2.8077582000406665,5387634684580.544,6.944131862089372e-05,0.0,0.0,0.0,0.0,0.0,0.0,1.0
1779266932.6425107,-162249644901.26846,56270246100.364426,2.807757611436693,5422581033757.169,-6.944131862089332e-05,0.0,0.0,0.0,0.0,0.0,0.0,1.0
1779266932.6528683,-163236511491.8017,56612614922.248245,2.807757017808413,5456702190022.227,6.944131862089383e-05,0.0,0.0,0.0,0.0,0.0,0.0,1.0
1779266932.6634228,-163949305604.71152,56859933821.06012,2.8077564170240628,5490581059456.092,-6.944131862089323e-05,0.0,0.0,0.0,0.0,0.0,0.0,1.0
1779266932.6737254,-165232351523.8294,57305023531.95421,2.807755831588241,5526214694597.927,6.944131862089386e-05,0.0,0.0,0.0,0.0,0.0,0.0,1.0
1779266932.6843622,-165527839291.67685,57407615042.89398,2.8077552392004517,5558899738783.983,-6.944131862089326e-05,0.0,0.0,0.0,0.0,0.0,0.0,1.0
1779266932.695086,-165586303675.09784,57428003452.8179,2.807754648455033,5591133195386.92,6.944131862089383e-05,0.0,0.0,0.0,0.0,0.0,0.0,1.0
1779266932.7050974,-167808775068.2811,58198902340.97419,2.8077540875866127,5630331865161.759,-6.944131862089327e-05,0.0,0.0,0.0,0.0,0.0,0.0,1.0
1779266932.7152848,-169304105288.9704,58717617992.00562,2.8077535246961887,5667148048507.595,6.944131862089383e-05,0.0,0.0,0.0,0.0,0.0,0.0,1.0
1779266932.7253795,-170906176324.29657,59273353718.02652,2.8077529689537606,5704284230431.87,-6.944131862089327e-05,0.0,0.0,0.0,0.0,0.0,0.0,1.0
1779266932.7359962,-171243411944.82303,59390425104.348495,2.8077523937190385,5738148570223.623,6.944131862089383e-05,0.0,0.0,0.0,0.0,0.0,0.0,1.0
1779266932.74633,-172537961386.43463,59839510374.248955,2.8077518329302773,5775273532214.6,-6.944131862089327e-05,0.0,0.0,0.0,0.0,0.0,0.0,1.0
1779266932.7568955,-173287188350.02777,60099469105.28114,2.8077512661168935,5811107980652.527,6.944131862089383e-05,0.0,0.0,0.0,0.0,0.0,0.0,1.0
1779266932.7669182,-175015387803.472,60698952508.560165,2.807750728365937,5849314636923.05,-6.944131862089327e-05,0.0,0.0,0.0,0.0,0.0,0.0,1.0
1779266932.7775807,-175313684567.2182,60802520256.38054,2.807750166121659,5883993792532.866,6.94413186208937e-05,0.0,0.0,0.0,0.0,0.0,0.0,1.0
1779266932.788109,-176514253736.35907,61219016242.140945,2.8077496078310817,5922364727691.853,-6.944131862089356e-05,0.0,0.0,0.0,0.0,0.0,0.0,1.0
1779266932.7990754,-176277253916.75226,61136933376.72467,2.807749040260239,5956379406467.291,6.944131862089344e-05,0.0,0.0,0.0,0.0,0.0,0.0,1.0
1779266932.8092847,-179081630031.9733,62109667645.12367,2.80774849614109,6000933472525.722,-6.944131862089375e-05,0.0,0.0,0.0,0.0,0.0,0.0,1.0
1779266932.8196685,-179451159516.56302,62237938519.138374,2.8077479670489947,6035592011834.697,6.944131862089329e-05,0.0,0.0,0.0,0.0,0.0,0.0,1.0
1779266932.8298235,-181181227365.87372,62838077382.28781,2.807747442749892,6075562992666.428,-6.944131862089386e-05,0.0,0.0,0.0,0.0,0.0,0.0,1.0
1779266932.8401084,-182129912518.3475,63167214035.443275,2.8077469213008968,6112761558467.542,6.944131862089326e-05,0.0,0.0,0.0,0.0,0.0,0.0,1.0
1779266932.8508825,-182071527372.5962,63147076559.02005,2.807746382021442,6147856598981.038,-6.944131862089383e-05,0.0,0.0,0.0,0.0,0.0,0.0,1.0
1779266932.861046,-184859549557.97552,64114146286.88383,2.80774585907721,6193123434362.889,6.944131862089327e-05,0.0,0.0,0.0,0.0,0.0,0.0,1.0
1779266932.871258,-185668968895.43768,64394982547.09325,2.807745352988059,6230027087709.68,-6.944131862089383e-05,0.0,0.0,0.0,0.0,0.0,0.0,1.0
1779266932.88123,-188088123606.11118,65234119924.60495,2.807744849482603,6273251340232.324,6.944131862089327e-05,0.0,0.0,0.0,0.0,0.0,0.0,1.0
1779266932.8918116,-188675666148.626,65438007790.1114,2.807744326659572,6311242398529.336,-6.944131862089383e-05,0.0,0.0,0.0,0.0,0.0,0.0,1.0
1779266932.902416,-189022408306.11533,65558379180.96976,2.8077438100631626,6348444115856.557,6.944131862089327e-05,0.0,0.0,0.0,0.0,0.0,0.0,1.0
1779266932.9129958,-189902212553.47357,65863632789.363525,2.8077432942237497,6388181147551.81,-6.944131862089383e-05,0.0,0.0,0.0,0.0,0.0,0.0,1.0
1779266932.9234774,-191495587640.38504,66416374642.36221,2.807742781883597,6430855015785.79,6.944131862089327e-05,0.0,0.0,0.0,0.0,0.0,0.0,1.0
1779266932.9337897,-193165614170.6411,66995700629.44827,2.8077422840299597,6473153213849.666,-6.944131862089383e-05,0.0,0.0,0.0,0.0,0.0,0.0,1.0
1779266932.9437847,-195111429426.52368,67670677509.601,2.8077418016356237,6515711850136.748,6.944131862089332e-05,0.0,0.0,0.0,0.0,0.0,0.0,1.0
1779266932.9545155,-194818329514.7931,67569132939.86507,2.807741297953161,6551863584208.581,-6.944131862089361e-05,0.0,0.0,0.0,0.0,0.0,0.0,1.0
1779266932.965121,-195883999371.00494,67938853624.76314,2.8077407959349525,6593688813610.469,6.944131862089361e-05,0.0,0.0,0.0,0.0,0.0,0.0,1.0
1779266932.9755867,-197747587738.94644,68585319019.61656,2.8077402986144513,6638652341631.036,-6.94413186208934e-05,0.0,0.0,0.0,0.0,0.0,0.0,1.0
1779266932.985859,-199050075733.02243,69037174469.3554,2.8077398199462484,6680433398957.128,6.944131862089378e-05,0.0,0.0,0.0,0.0,0.0,0.0,1.0
1779266932.9960473,-200646173706.89755,69590863966.65158,2.8077393468184297,6723332327616.209,-6.944131862089327e-05,0.0,0.0,0.0,0.0,0.0,0.0,1.0
1779266933.0064888,-201304201953.47058,69819200660.61357,2.8077388692915255,6763503058433.23,6.944131862089387e-05,0.0,0.0,0.0,0.0,0.0,0.0,1.0
1779266933.0171025,-202326723338.3031,70173958703.54831,2.8077383832080267,6806323733001.852,-6.944131862089325e-05,0.0,0.0,0.0,0.0,0.0,0.0,1.0
1779266933.0276828,-203661081522.84494,70636873663.6818,2.8077378991650983,6850689776702.33,6.944131862089384e-05,0.0,0.0,0.0,0.0,0.0,0.0,1.0
1779266933.0377038,-206146038886.93854,71498854614.20432,2.807737441024755,6897666014121.483,-6.944131862089326e-05,0.0,0.0,0.0,0.0,0.0,0.0,1.0
1779266933.0479634,-207214402498.295,71869510896.384,2.807736982026224,6939722123581.864,6.944131862089383e-05,0.0,0.0,0.0,0.0,0.0,0.0,1.0
1779266933.0581746,-208976120536.81995,72480649284.89093,2.8077365231425837,6984882164892.529,-6.944131862089327e-05,0.0,0.0,0.0,0.0,0.0,0.0,1.0
1779266933.0687997,-209047516885.38525,72505523304.4022,2.8077360567214296,7024809367496.031,6.944131862089383e-05,0.0,0.0,0.0,0.0,0.0,0.0,1.0
1779266933.0788915,-211201215948.37177,73252616463.24088,2.8077356095077803,7071514079869.927,-6.944131862089327e-05,0.0,0.0,0.0,0.0,0.0,0.0,1.0
1779266933.0896437,-210048262718.0468,72852838202.71358,2.8077351510712685,7107230466025.805,6.944131862089383e-05,0.0,0.0,0.0,0.0,0.0,0.0,1.0
1779266933.0997913,-213927661519.30185,74198476295.00691,2.8077346959753093,7162357931120.376,-6.944131862089327e-05,0.0,0.0,0.0,0.0,0.0,0.0,1.0
1779266933.109846,-216302642850.03726,75022322467.79425,2.807734255912182,7210609475043.369,6.944131862089383e-05,0.0,0.0,0.0,0.0,0.0,0.0,1.0
1779266933.1203501,-216312635500.90884,75025898303.21884,2.8077338097101414,7250939222629.859,-6.944131862089337e-05,0.0,0.0,0.0,0.0,0.0,0.0,1.0
1779266933.130837,-217695745679.50073,75505728505.47787,2.807733359960757,7297464244442.785,6.944131862089359e-05,0.0,0.0,0.0,0.0,0.0,0.0,1.0
1779266933.1414437,-218676691685.53625,75846073106.25624,2.807732909231886,7343117319785.302,-6.944131862089364e-05,0.0,0.0,0.0,0.0,0.0,0.0,1.0
1779266933.1520598,-219864269171.07184,76258086986.47768,2.80773245998585,7390012152498.223,6.944131862089337e-05,0.0,0.0,0.0,0.0,0.0,0.0,1.0
1779266933.162315,-221778506680.83014,76922135098.8823,2.8077320282319684,7438485073145.294,-6.94413186208938e-05,0.0,0.0,0.0,0.0,0.0,0.0,1.0
1779266933.1727376,-223054041164.13904,77364655524.38255,2.807731594205908,7485252194685.152,6.944131862089326e-05,0.0,0.0,0.0,0.0,0.0,0.0,1.0
1779266933.1830165,-224555716890.7561,77885610865.46442,2.8077311692408884,7532511906104.023,-6.944131862089383e-05,0.0,0.0,0.0,0.0,0.0,0.0,1.0
1779266933.1933541,-225700877494.521,78282912121.46454,2.8077307453121385,7578852947127.009,6.944131862089327e-05,0.0,0.0,0.0,0.0,0.0,0.0,1.0
1779266933.2038193,-227017171427.07608,78739571775.92473,2.8077303175704422,7626812063911.556,-6.944131862089383e-05,0.0,0.0,0.0,0.0,0.0,0.0,1.0
1779266933.2140028,-229575098332.33582,79626884632.43388,2.807729899203972,7679004552441.99,6.944131862089327e-05,0.0,0.0,0.0,0.0,0.0,0.0,1.0
1779266933.2240403,-231717688415.23505,80370139539.5483,2.8077294913717514,7728906940493.912,-6.944131862089383e-05,0.0,0.0,0.0,0.0,0.0,0.0,1.0
1779266933.2348955,-230849239949.04562,80069034083.1341,2.8077290645057458,7770019561573.861,6.944131862089327e-05,0.0,0.0,0.0,0.0,0.0,0.0,1.0
1779266933.2451746,-233399152534.95258,80953571886.86353,2.807728649290004,7823582079535.03,-6.944131862089383e-05,0.0,0.0,0.0,0.0,0.0,0.0,1.0
1779266933.2554278,-235558332218.36902,81702585923.06956,2.8077282397318797,7875466109406.872,6.944131862089327e-05,0.0,0.0,0.0,0.0,0.0,0.0,1.0
1779266933.2659369,-236786299844.1306,82128614527.9143,2.8077278245080546,7924965223359.729,-6.944131862089383e-05,0.0,0.0,0.0,0.0,0.0,0.0,1.0
1779266933.2760823,-238509204643.10718,82726308306.24562,2.8077274273861956,7974893986759.247,6.944131862089327e-05,0.0,0.0,0.0,0.0,0.0,0.0,1.0
1779266933.2868128,-238248128506.58966,82635866407.43327,2.8077270159535512,8019563024996.472,-6.944131862089379e-05,0.0,0.0,0.0,0.0,0.0,0.0,1.0
1779266933.2971115,-240573111190.00574,83442393265.08708,2.8077266154010587,8073503735561.904,6.944131862089344e-05,0.0,0.0,0.0,0.0,0.0,0.0,1.0
1779266933.307271,-243045806815.3199,84300154285.61151,2.807726221850986,8127635742410.265,-6.944131862089353e-05,0.0,0.0,0.0,0.0,0.0,0.0,1.0
1779266933.3175642,-244168301321.2373,84689599795.65157,2.8077258314117417,8176782622906.9,6.944131862089367e-05,0.0,0.0,0.0,0.0,0.0,0.0,1.0
1779266933.3280435,-246040002586.23328,85338910850.9429,2.8077254304536066,8230639041889.698,-6.944131862089336e-05,0.0,0.0,0.0,0.0,0.0,0.0,1.0
1779266933.338754,-245965807354.8214,85313288107.88559,2.807725031833021,8277494837747.72,6.94413186208938e-05,0.0,0.0,0.0,0.0,0.0,0.0,1.0
1779266933.3493364,-247384927661.84058,85805623030.72427,2.8077246353622556,8330536800222.13,-6.944131862089326e-05,0.0,0.0,0.0,0.0,0.0,0.0,1.0
1779266933.3597374,-249998889036.39685,86712390256.34448,2.8077242434102123,8388129145917.98,6.944131862089383e-05,0.0,0.0,0.0,0.0,0.0,0.0,1.0
1779266933.370275,-251602922485.42993,87268863889.6904,2.8077238522945134,8442306207032.604,-6.944131862089327e-05,0.0,0.0,0.0,0.0,0.0,0.0,1.0
1779266933.3807101,-252732971074.72354,87660933959.0727,2.8077234711022374,8494061440188.67,6.944131862089383e-05,0.0,0.0,0.0,0.0,0.0,0.0,1.0
1779266933.3908727,-254725817917.59125,88352266251.29294,2.807723100816954,8548305007331.53,-6.944131862089327e-05,0.0,0.0,0.0,0.0,0.0,0.0,1.0
1779266933.4011722,-256182838459.99292,88857747193.52173,2.807722728881595,8601300651754.631,6.944131862089383e-05,0.0,0.0,0.0,0.0,0.0,0.0,1.0
1779266933.4111192,-259695270955.55145,90076153970.73764,2.8077223651361525,8661520892533.72,-6.944131862089327e-05,0.0,0.0,0.0,0.0,0.0,0.0,1.0
1779266933.4217157,-260536123734.42477,90367918812.5249,2.8077219855020807,8714211948329.124,6.944131862089383e-05,0.0,0.0,0.0,0.0,0.0,0.0,1.0
1779266933.4324439,-260513681463.09552,90360246822.73419,2.8077216073812963,8764237640481.969,-6.944131862089327e-05,0.0,0.0,0.0,0.0,0.0,0.0,1.0
1779266933.4426665,-263136938973.4823,91270245383.176,2.807721243755278,8823055256592.443,6.944131862089383e-05,0.0,0.0,0.0,0.0,0.0,0.0,1.0
1779266933.4528382,-265376064384.80536,92047006116.29422,2.8077208853320084,8880191390956.775,-6.944131862089327e-05,0.0,0.0,0.0,0.0,0.0,0.0,1.0
1779266933.463228,-266743043424.23804,92521260107.0612,2.807720524281903,8934977508186.95,6.944131862089374e-05,0.0,0.0,0.0,0.0,0.0,0.0,1.0
1779266933.473723,-268411694201.23596,93100152925.85356,2.807720158632873,8992242542339.713,-6.944131862089352e-05,0.0,0.0,0.0,0.0,0.0,0.0,1.0
1779266933.4838386,-270333349718.3864,93766799291.8866,2.8077198100177094,9048636795472.582,6.944131862089346e-05,0.0,0.0,0.0,0.0,0.0,0.0,1.0
1779266933.4943633,-271842891340.89542,94290505443.14412,2.80771944867292,9105962940155.787,-6.944131862089372e-05,0.0,0.0,0.0,0.0,0.0,0.0,1.0
1779266933.5045938,-273797442027.53436,94968564418.45055,2.807719099828204,9163787975868.38,6.944131862089332e-05,0.0,0.0,0.0,0.0,0.0,0.0,1.0
1779266933.5150385,-275909405729.40155,95701226480.3087,2.8077187431784143,9223999361325.902,-6.944131862089383e-05,0.0,0.0,0.0,0.0,0.0,0.0,1.0
1779266933.5255556,-275759001672.18805,95649167418.35088,2.807718396335412,9274870345313.947,6.944131862089323e-05,0.0,0.0,0.0,0.0,0.0,0.0,1.0
1779266933.5359797,-278909797419.3588,96742159212.71567,2.8077180420945727,9340191851232.77,-6.944131862089386e-05,0.0,0.0,0.0,0.0,0.0,0.0,1.0
1779266933.546504,-280160443307.4649,97176068091.51678,2.8077176930782812,9398071559785.004,6.944131862089326e-05,0.0,0.0,0.0,0.0,0.0,0.0,1.0
1779266933.5571494,-281067964567.90314,97490962313.26573,2.8077173432071003,9455579050867.617,-6.944131862089383e-05,0.0,0.0,0.0,0.0,0.0,0.0,1.0
1779266933.5671399,-284540451253.8123,98695535395.7219,2.8077170122919544,9520452696769.83,6.944131862089327e-05,0.0,0.0,0.0,0.0,0.0,0.0,1.0
1779266933.5777903,-284947354249.2914,98836785523.388,2.807716667852466,9576483858635.361,-6.944131862089383e-05,0.0,0.0,0.0,0.0,0.0,0.0,1.0
1779266933.5887508,-285302901649.8312,98960225267.08704,2.807716314909886,9634665825286.693,6.944131862089327e-05,0.0,0.0,0.0,0.0,0.0,0.0,1.0
1779266933.5992634,-287429489473.51044,99697966518.68596,2.8077159763575406,9698027148739.172,-6.944131862089383e-05,0.0,0.0,0.0,0.0,0.0,0.0,1.0
1779266933.609612,-291116695465.4083,100977026337.0847,2.8077156396906204,9767585074190.016,6.944131862089327e-05,0.0,0.0,0.0,0.0,0.0,0.0,1.0
1779266933.6203027,-291180454293.7422,100999253389.47458,2.80771530498396,9823697170722.822,-6.944131862089383e-05,0.0,0.0,0.0,0.0,0.0,0.0,1.0
1779266933.630801,-293585103848.7521,101833446105.89241,2.8077149723719783,9889202037551.086,6.944131862089327e-05,0.0,0.0,0.0,0.0,0.0,0.0,1.0
1779266933.6411297,-295982504362.2101,102665123720.89679,2.8077146478826815,9953893305992.775,-6.94413186208937e-05,0.0,0.0,0.0,0.0,0.0,0.0,1.0
1779266933.6516707,-297999903424.8977,103364995688.5866,2.8077143185173616,10018680467681.416,6.944131862089356e-05,0.0,0.0,0.0,0.0,0.0,0.0,1.0
1779266933.6618943,-300658598980.26434,104287306667.80908,2.8077140055538043,10083614158139.916,-6.944131862089344e-05,0.0,0.0,0.0,0.0,0.0,0.0,1.0
1779266933.6721022,-303047113300.3119,105115903651.15381,2.8077136903600355,10148533021968.273,6.944131862089375e-05,0.0,0.0,0.0,0.0,0.0,0.0,1.0
1779266933.682682,-304486789667.5767,105615386829.02063,2.8077133668118286,10212100864900.953,-6.944131862089329e-05,0.0,0.0,0.0,0.0,0.0,0.0,1.0
1779266933.6930587,-305110877282.62933,105831969302.48001,2.807713055992826,10271053678121.496,6.944131862089386e-05,0.0,0.0,0.0,0.0,0.0,0.0,1.0
1779266933.7033186,-308976057245.1271,107172773056.16315,2.8077127415033,10343750813068.693,-6.944131862089326e-05,0.0,0.0,0.0,0.0,0.0,0.0,1.0
1779266933.713511,-311170023967.7201,107933891372.93253,2.807712435911581,10408945813724.068,6.944131862089383e-05,0.0,0.0,0.0,0.0,0.0,0.0,1.0
1779266933.7239769,-313126018066.5456,108612468763.45532,2.8077121224062145,10475488519769.73,-6.944131862089327e-05,0.0,0.0,0.0,0.0,0.0,0.0,1.0
1779266933.7349024,-311445934996.63696,108029818195.78897,2.807711807340251,10529512799330.395,6.944131862089383e-05,0.0,0.0,0.0,0.0,0.0,0.0,1.0
1779266933.7449133,-317313932560.0836,110065335674.71408,2.807711504127422,10610735260800.682,-6.944131862089327e-05,0.0,0.0,0.0,0.0,0.0,0.0,1.0
1779266933.7554634,-318663829188.7877,110533680689.1929,2.8077111959764034,10676245800472.994,6.944131862089383e-05,0.0,0.0,0.0,0.0,0.0,0.0,1.0
1779266933.7658997,-320307923816.39166,111104072760.91132,2.8077108931292205,10742658470996.752,-6.944131862089327e-05,0.0,0.0,0.0,0.0,0.0,0.0,1.0
1779266933.776084,-322724235002.708,111942319735.64427,2.8077105991916422,10810943667807.299,6.944131862089383e-05,0.0,0.0,0.0,0.0,0.0,0.0,1.0
1779266933.786225,-325280415978.58344,112829083401.62134,2.807710308036139,10879866960681.662,-6.944131862089327e-05,0.0,0.0,0.0,0.0,0.0,0.0,1.0
1779266933.7966692,-325782734069.58136,113003430785.90654,2.807710014020792,10942397426782.527,6.944131862089383e-05,0.0,0.0,0.0,0.0,0.0,0.0,1.0
1779266933.8069646,-329505587046.79065,114294879547.733,2.8077097181383692,11018391301156.992,-6.944131862089332e-05,0.0,0.0,0.0,0.0,0.0,0.0,1.0
1779266933.8170874,-332094583307.12256,115193028417.08215,2.8077094322870746,11088507616486.775,6.944131862089361e-05,0.0,0.0,0.0,0.0,0.0,0.0,1.0
1779266933.8273199,-333593614633.6249,115713103647.88058,2.8077091478448475,11154931374311.896,-6.944131862089361e-05,0.0,0.0,0.0,0.0,0.0,0.0,1.0
1779266933.837306,-337350622335.6218,117016400552.59198,2.8077088669423986,11229870169819.902,6.94413186208934e-05,0.0,0.0,0.0,0.0,0.0,0.0,1.0
1779266933.84762,-338707454055.14087,117487153028.9682,2.8077085829609487,11297060190018.67,-6.944131862089378e-05,0.0,0.0,0.0,0.0,0.0,0.0,1.0
1779266933.8579266,-341211159711.39087,118355722596.67159,2.8077082975947754,11369769908888.885,6.944131862089327e-05,0.0,0.0,0.0,0.0,0.0,0.0,1.0
1779266933.8687775,-340134510878.606,117982378425.38913,2.8077080060324366,11431293329002.545,-6.944131862089387e-05,0.0,0.0,0.0,0.0,0.0,0.0,1.0
1779266933.8792925,-342114303395.3563,118669221025.02713,2.8077077205860848,11504164279249.795,6.944131862089325e-05,0.0,0.0,0.0,0.0,0.0,0.0,1.0
1779266933.8896568,-345490242249.0308,119840345881.69604,2.8077074381201985,11582429068107.996,-6.944131862089384e-05,0.0,0.0,0.0,0.0,0.0,0.0,1.0
1779266933.9002438,-347264377071.7057,120455853804.43704,2.8077071539985194,11655780741054.207,6.944131862089326e-05,0.0,0.0,0.0,0.0,0.0,0.0,1.0
1779266933.9107485,-348934591095.6444,121035314039.34769,2.807706875466783,11728311483730.693,-6.944131862089383e-05,0.0,0.0,0.0,0.0,0.0,0.0,1.0
1779266933.921075,-351229321822.20605,121831400377.05011,2.8077066031019564,11802586404025.479,6.944131862089327e-05,0.0,0.0,0.0,0.0,0.0,0.0,1.0
1779266933.9312477,-354361857404.8606,122918097342.11661,2.807706335070744,11879736710478.09,-6.944131862089383e-05,0.0,0.0,0.0,0.0,0.0,0.0,1.0
1779266933.941737,-356287724560.50195,123586238061.75026,2.8077060608749758,11954649444136.633,6.944131862089327e-05,0.0,0.0,0.0,0.0,0.0,0.0,1.0
1779266933.9523435,-357696353795.6243,124074964445.8628,2.807705786568377,12028586547952.191,-6.944131862089383e-05,0.0,0.0,0.0,0.0,0.0,0.0,1.0
1779266933.9623919,-361338985397.6106,125338601638.52255,2.8077055268558757,12108080248099.578,6.944131862089327e-05,0.0,0.0,0.0,0.0,0.0,0.0,1.0
1779266933.972869,-363160521466.0901,125970554097.069,2.8077052588522786,12183591656886.916,-6.944131862089383e-05,0.0,0.0,0.0,0.0,0.0,0.0,1.0
1779266933.9833107,-364049578617.7472,126279053716.90604,2.807704996720352,12254998097492.312,6.944131862089337e-05,0.0,0.0,0.0,0.0,0.0,0.0,1.0
1779266933.9939766,-367435213372.3418,127453554712.3911,2.8077047229578804,12340004406896.035,-6.944131862089359e-05,0.0,0.0,0.0,0.0,0.0,0.0,1.0
1779266934.004075,-370665913259.6728,128574308223.94058,2.8077044689997406,12419761162500.299,6.944131862089364e-05,0.0,0.0,0.0,0.0,0.0,0.0,1.0
1779266934.0140421,-374968137161.7355,130066746297.27544,2.8077042176137663,12503538570814.06,-6.944131862089337e-05,0.0,0.0,0.0,0.0,0.0,0.0,1.0
1779266934.024501,-375274644754.83246,130173175516.26102,2.8077039616529778,12574225887426.393,6.94413186208938e-05,0.0,0.0,0.0,0.0,0.0,0.0,1.0
1779266934.034571,-379185044963.6696,131529702886.73462,2.80770371162623,12657897833843.783,-6.944131862089326e-05,0.0,0.0,0.0,0.0,0.0,0.0,1.0
1779266934.0447965,-380617560403.38916,132026714869.15968,2.8077034631897764,12732494841542.52,6.944131862089383e-05,0.0,0.0,0.0,0.0,0.0,0.0,1.0
1779266934.0549576,-385211588764.8811,133620379890.90509,2.8077032113329334,12820935805499.896,-6.944131862089327e-05,0.0,0.0,0.0,0.0,0.0,0.0,1.0
1779266934.0651069,-387118802708.96216,134282054030.18753,2.807702966496251,12897850585385.2,6.944131862089383e-05,0.0,0.0,0.0,0.0,0.0,0.0,1.0
1779266934.0757158,-388101059149.45935,134622887225.08188,2.8077027114506325,12975317890092.812,-6.944131862089327e-05,0.0,0.0,0.0,0.0,0.0,0.0,1.0
1779266934.0864568,-388732879703.67773,134842163803.93634,2.8077024555781414,13052918556380.676,6.944131862089383e-05,0.0,0.0,0.0,0.0,0.0,0.0,1.0
1779266934.0970507,-390600015058.3901,135489941392.4036,2.807702204056845,13135074603413.441,-6.944131862089327e-05,0.0,0.0,0.0,0.0,0.0,0.0,1.0
1779266934.1070857,-394773055063.03625,136937580182.53125,2.80770196589925,13222754547897.459,6.944131862089383e-05,0.0,0.0,0.0,0.0,0.0,0.0,1.0
1779266934.1175604,-397541510770.9196,137898005681.24786,2.807701718481278,13308777065852.469,-6.944131862089327e-05,0.0,0.0,0.0,0.0,0.0,0.0,1.0
1779266934.1283886,-395557675460.27527,137209969852.77684,2.8077014725998666,13377477217743.76,6.944131862089383e-05,0.0,0.0,0.0,0.0,0.0,0.0,1.0
1779266934.1387904,-400096489533.6581,138784494132.81625,2.8077012293464536,13471400806844.26,-6.944131862089327e-05,0.0,0.0,0.0,0.0,0.0,0.0,1.0
1779266934.1489513,-404186187105.05817,140203228683.19714,2.8077009942591893,13561647557313.11,6.944131862089379e-05,0.0,0.0,0.0,0.0,0.0,0.0,1.0
1779266934.1589468,-408729274129.0687,141779233953.54578,2.807700763993706,13652715645570.775,-6.944131862089344e-05,0.0,0.0,0.0,0.0,0.0,0.0,1.0
1779266934.1693828,-411719752052.6902,142816677627.53973,2.807700524625286,13741680161608.55,6.944131862089353e-05,0.0,0.0,0.0,0.0,0.0,0.0,1.0
1779266934.1798425,-411334184205.7434,142683041569.8216,2.807700293029722,13816326751561.482,-6.944131862089367e-05,0.0,0.0,0.0,0.0,0.0,0.0,1.0
1779266934.190125,-416529609586.0946,144485336379.67905,2.8077000579530447,13914471542598.39,6.944131862089336e-05,0.0,0.0,0.0,0.0,0.0,0.0,1.0
1779266934.2009172,-415410839622.4818,144097370340.1134,2.8076998216403464,13990060275909.027,-6.94413186208938e-05,0.0,0.0,0.0,0.0,0.0,0.0,1.0
1779266934.2111576,-420097343106.26746,145723132398.06064,2.8076995923608283,14086483763521.768,6.944131862089326e-05,0.0,0.0,0.0,0.0,0.0,0.0,1.0
1779266934.2216825,-422395441837.4907,146520407887.54132,2.807699360411082,14175645540593.322,-6.944131862089383e-05,0.0,0.0,0.0,0.0,0.0,0.0,1.0
1779266934.2319784,-425298698953.02734,147527599370.0403,2.807699135298267,14265692449777.842,6.944131862089327e-05,0.0,0.0,0.0,0.0,0.0,0.0,1.0
1779266934.2428067,-427504386862.3773,148292823601.9331,2.807698898099545,14358572930172.99,-6.944131862089383e-05,0.0,0.0,0.0,0.0,0.0,0.0,1.0
1779266934.2533565,-429049412042.4503,148828874062.79297,2.8076986717503676,14446136434948.463,6.944131862089327e-05,0.0,0.0,0.0,0.0,0.0,0.0,1.0
1779266934.2639267,-429070272639.3486,148836220158.1809,2.807698449773145,14527582614497.547,-6.944131862089383e-05,0.0,0.0,0.0,0.0,0.0,0.0,1.0
1779266934.27424,-431370757315.5841,149634322929.6157,2.8076982329995346,14616999795965.21,6.944131862089327e-05,0.0,0.0,0.0,0.0,0.0,0.0,1.0
1779266934.284388,-440069796723.9652,152651967759.7049,2.8076980111326186,14733436927086.998,-6.944131862089383e-05,0.0,0.0,0.0,0.0,0.0,0.0,1.0
1779266934.2949586,-442515626294.84534,153500492801.7828,2.807697787739759,14827265984442.39,6.944131862089327e-05,0.0,0.0,0.0,0.0,0.0,0.0,1.0
1779266934.3053591,-444496640537.9067,154187780484.40887,2.8076975712834393,14917763281227.53,-6.944131862089383e-05,0.0,0.0,0.0,0.0,0.0,0.0,1.0
1779266934.3153973,-449460456926.0082,155909747359.52374,2.807697360978189,15018138292862.986,6.944131862089327e-05,0.0,0.0,0.0,0.0,0.0,0.0,1.0
1779266934.3259308,-451832634303.9925,156732725469.19287,2.8076971424534456,15112882755463.459,-6.944131862089374e-05,0.0,0.0,0.0,0.0,0.0,0.0,1.0
1779266934.3366442,-451705852550.1103,156688859004.60327,2.8076969251382424,15198978211361.82,6.944131862089352e-05,0.0,0.0,0.0,0.0,0.0,0.0,1.0
1779266934.3473308,-453801251939.2411,157415829735.87796,2.8076967072720427,15295211093292.559,-6.944131862089346e-05,0.0,0.0,0.0,0.0,0.0,0.0,1.0
1779266934.3577182,-459141322284.8036,159268321366.79312,2.8076964935353983,15403117316509.771,6.944131862089372e-05,0.0,0.0,0.0,0.0,0.0,0.0,1.0
1779266934.3683932,-459812831174.4813,159501368428.81433,2.807696280752978,15493930453132.662,-6.944131862089332e-05,0.0,0.0,0.0,0.0,0.0,0.0,1.0
1779266934.3787766,-461880023581.2958,160218551834.1192,2.807696077534496,15587294993170.52,6.944131862089383e-05,0.0,0.0,0.0,0.0,0.0,0.0,1.0
1779266934.3889375,-468496526632.00433,162513819239.87653,2.8076958716624665,15700069266697.0,-6.944131862089323e-05,0.0,0.0,0.0,0.0,0.0,0.0,1.0
1779266934.3989954,-473294216360.47894,164178169099.27344,2.807695671593871,15804045534001.12,6.944131862089386e-05,0.0,0.0,0.0,0.0,0.0,0.0,1.0
1779266934.4093719,-476016817614.8529,165122706852.02267,2.8076954673463543,15902962400688.945,-6.944131862089326e-05,0.0,0.0,0.0,0.0,0.0,0.0,1.0
1779266934.4194996,-479498498131.00305,166330555960.92426,2.807695269595385,16002954259831.248,6.944131862089383e-05,0.0,0.0,0.0,0.0,0.0,0.0,1.0
1779266934.4297662,-482442277481.5773,167351817341.1443,2.8076950703206647,16102673514898.863,-6.944131862089327e-05,0.0,0.0,0.0,0.0,0.0,0.0,1.0
1779266934.440032,-484687784095.64465,168130858323.435,2.8076948741784182,16199474283428.838,6.944131862089383e-05,0.0,0.0,0.0,0.0,0.0,0.0,1.0
1779266934.45063,-486325357819.5591,168699020079.66083,2.8076946717952804,16298196717580.309,-6.944131862089327e-05,0.0,0.0,0.0,0.0,0.0,0.0,1.0
1779266934.4612522,-488702229508.36523,169523634107.78363,2.807694470391599,16400646737716.973,6.944131862089383e-05,0.0,0.0,0.0,0.0,0.0,0.0,1.0
1779266934.4717648,-491550230346.21857,170511676341.01538,2.8076942710189945,16505208882220.625,-6.944131862089327e-05,0.0,0.0,0.0,0.0,0.0,0.0,1.0
1779266934.4829092,-489974957096.8419,169965350557.6089,2.8076940669649773,16596804690981.893,6.944131862089383e-05,0.0,0.0,0.0,0.0,0.0,0.0,1.0
1779266934.4932065,-498838317638.0173,173040038531.46375,2.807693870380283,16725737015510.969,-6.944131862089327e-05,0.0,0.0,0.0,0.0,0.0,0.0,1.0
1779266934.5039713,-499098498516.4896,173130404493.11078,2.807693672402304,16823573794343.693,6.94413186208937e-05,0.0,0.0,0.0,0.0,0.0,0.0,1.0
1779266934.5145812,-503200450851.3259,174553428868.2088,2.807693476610897,16936390573237.734,-6.944131862089356e-05,0.0,0.0,0.0,0.0,0.0,0.0,1.0
1779266934.5250452,-508148578364.15466,176269980897.04855,2.8076932826458787,17052572043754.217,6.944131862089344e-05,0.0,0.0,0.0,0.0,0.0,0.0,1.0
1779266934.5356412,-510509772089.041,177089160422.5973,2.8076930899473656,17159433911913.035,-6.944131862089375e-05,0.0,0.0,0.0,0.0,0.0,0.0,1.0
1779266934.5457392,-517919778186.39526,179659706513.86987,2.8076929036401594,17283205927060.654,6.944131862089329e-05,0.0,0.0,0.0,0.0,0.0,0.0,1.0
1779266934.556118,-520796283828.76996,180657640740.13495,2.807692716934035,17390863378662.684,-6.944131862089386e-05,0.0,0.0,0.0,0.0,0.0,0.0,1.0
1779266934.5669982,-518154293954.98047,179741279611.25674,2.807692527412403,17480732595821.688,6.944131862089326e-05,0.0,0.0,0.0,0.0,0.0,0.0,1.0
1779266934.5775306,-522001602087.31396,181075975929.9394,2.8076923399917835,17595938059673.492,-6.944131862089383e-05,0.0,0.0,0.0,0.0,0.0,0.0,1.0
1779266934.587448,-530335883715.94946,183967146651.87515,2.807692161990195,17723878428605.727,6.944131862089327e-05,0.0,0.0,0.0,0.0,0.0,0.0,1.0
1779266934.5981472,-530116747420.73425,183891242756.38684,2.8076919766874013,17824453778476.434,-6.944131862089383e-05,0.0,0.0,0.0,0.0,0.0,0.0,1.0
1779266934.6087615,-532064025874.25024,184566842891.31863,2.8076917929942073,17934083239419.69,6.944131862089327e-05,0.0,0.0,0.0,0.0,0.0,0.0,1.0
1779266934.6190794,-534934397835.9641,185562651232.7378,2.8076916163554593,18044600749885.25,-6.944131862089383e-05,0.0,0.0,0.0,0.0,0.0,0.0,1.0
1779266934.6294048,-542480635973.3091,188180468651.87653,2.8076914352088362,18176636284677.094,6.944131862089327e-05,0.0,0.0,0.0,0.0,0.0,0.0,1.0
1779266934.6400115,-544377008147.1122,188838411251.89578,2.8076912545913375,18287948625081.105,-6.944131862089383e-05,0.0,0.0,0.0,0.0,0.0,0.0,1.0
1779266934.6502464,-549508568529.67615,190618603999.0538,2.807691080178845,18409212131974.37,6.944131862089327e-05,0.0,0.0,0.0,0.0,0.0,0.0,1.0
1779266934.6604955,-552361471660.3032,191608354545.15106,2.807690908767446,18521184682289.83,-6.944131862089383e-05,0.0,0.0,0.0,0.0,0.0,0.0,1.0
1779266934.671023,-554464815659.6715,192338093724.94775,2.8076907333159458,18634239466465.996,6.944131862089332e-05,0.0,0.0,0.0,0.0,0.0,0.0,1.0
1779266934.6812854,-561287776478.8336,194705020354.30893,2.8076905596989707,18765378369085.832,-6.944131862089361e-05,0.0,0.0,0.0,0.0,0.0,0.0,1.0
1779266934.6917987,-564759115523.3596,195909305362.45612,2.8076903846935846,18885740286004.36,6.944131862089361e-05,0.0,0.0,0.0,0.0,0.0,0.0,1.0
1779266934.7019506,-568408876792.9277,197175480427.16296,2.8076902181810146,19002743542200.754,-6.94413186208934e-05,0.0,0.0,0.0,0.0,0.0,0.0,1.0
1779266934.7124982,-569341157922.874,197498990698.15472,2.807690047604037,19113532057538.105,6.944131862089378e-05,0.0,0.0,0.0,0.0,0.0,0.0,1.0
1779266934.7226136,-574861610337.7614,199414092521.79825,2.807689882782883,19239479938689.99,-6.944131862089327e-05,0.0,0.0,0.0,0.0,0.0,0.0,1.0
1779266934.7328475,-577635579919.1385,200376465476.13934,2.8076897190907975,19355465284227.84,6.944131862089387e-05,0.0,0.0,0.0,0.0,0.0,0.0,1.0
1779266934.7434754,-581167848061.154,201601889834.7931,2.8076895486479554,19480326606525.21,-6.944131862089325e-05,0.0,0.0,0.0,0.0,0.0,0.0,1.0
1779266934.7540107,-586111345872.8375,203316857567.68036,2.807689380654791,19610278139247.605,6.944131862089384e-05,0.0,0.0,0.0,0.0,0.0,0.0,1.0
1779266934.7640831,-590980561110.0093,205006054753.4341,2.8076892206552087,19735684449449.125,-6.944131862089326e-05,0.0,0.0,0.0,0.0,0.0,0.0,1.0
1779266934.7740455,-597682784222.5931,207331107611.88242,2.807689062054452,19868167334809.043,6.944131862089383e-05,0.0,0.0,0.0,0.0,0.0,0.0,1.0
1779266934.7847419,-596947037804.503,207075995303.3333,2.8076888966002986,19978608322581.914,-6.944131862089327e-05,0.0,0.0,0.0,0.0,0.0,0.0,1.0
1779266934.795539,-597360984538.3959,207219703121.71204,2.807688730550071,20095955687373.4,6.944131862089383e-05,0.0,0.0,0.0,0.0,0.0,0.0,1.0
1779266934.8058257,-604937346887.0126,209847995191.3601,2.807688568857051,20238962696638.242,-6.944131862089327e-05,0.0,0.0,0.0,0.0,0.0,0.0,1.0
1779266934.8167727,-603042013133.9646,209190631537.79346,2.807688404813458,20349204656456.59,6.944131862089383e-05,0.0,0.0,0.0,0.0,0.0,0.0,1.0
1779266934.8271677,-609160817407.0743,211313310798.33142,2.8076882443341464,20489183812050.1,-6.944131862089327e-05,0.0,0.0,0.0,0.0,0.0,0.0,1.0
1779266934.8375378,-611546865355.9773,212141122828.0183,2.8076880890646567,20612420398221.34,6.944131862089383e-05,0.0,0.0,0.0,0.0,0.0,0.0,1.0
1779266934.8475318,-620904579215.2561,215387355778.8957,2.8076879360332008,20761701435061.69,-6.944131862089337e-05,0.0,0.0,0.0,0.0,0.0,0.0,1.0
1779266934.8578093,-625685244946.2537,217045845361.9239,2.8076877816687844,20895553106878.566,6.944131862089359e-05,0.0,0.0,0.0,0.0,0.0,0.0,1.0
1779266934.8680823,-628339003463.7161,217966525138.63528,2.8076876299847413,21020712047353.312,-6.944131862089364e-05,0.0,0.0,0.0,0.0,0.0,0.0,1.0
1779266934.879032,-624887273301.9131,216769255349.7317,2.807687472136757,21129605492005.793,6.944131862089337e-05,0.0,0.0,0.0,0.0,0.0,0.0,1.0
1779266934.8891175,-632982564213.9752,219577568060.06726,2.807687323436811,21276991407748.203,-6.94413186208938e-05,0.0,0.0,0.0,0.0,0.0,0.0,1.0
1779266934.8995306,-640149521414.3677,222063851896.6322,2.8076871703396513,21425401190807.86,6.944131862089326e-05,0.0,0.0,0.0,0.0,0.0,0.0,1.0
1779266934.9094334,-648076317873.608,224813717372.2129,2.80768702421204,21571990210368.06,-6.944131862089383e-05,0.0,0.0,0.0,0.0,0.0,0.0,1.0
1779266934.920062,-648053773337.1063,224806008332.30106,2.807686872526048,21694402500666.227,6.944131862089327e-05,0.0,0.0,0.0,0.0,0.0,0.0,1.0
1779266934.9307523,-650014277123.646,225486207887.69452,2.8076867211425665,21826201890338.383,-6.944131862089383e-05,0.0,0.0,0.0,0.0,0.0,0.0,1.0
1779266934.941282,-653916376168.9136,226839936832.69208,2.807686570078106,21966954712141.535,6.944131862089327e-05,0.0,0.0,0.0,0.0,0.0,0.0,1.0
1779266934.9514096,-660206415170.4675,229022026283.87048,2.8076864264127694,22111872456397.37,-6.944131862089383e-05,0.0,0.0,0.0,0.0,0.0,0.0,1.0
1779266934.9617257,-663697723788.1729,230233252453.1303,2.8076862823009323,22247954232866.168,6.944131862089327e-05,0.0,0.0,0.0,0.0,0.0,0.0,1.0
1779266934.9726355,-663487400752.8875,230160406262.44092,2.8076861313765917,22377970923128.074,-6.944131862089383e-05,0.0,0.0,0.0,0.0,0.0,0.0,1.0
1779266934.983024,-671516126324.0745,232945643723.00238,2.807685985299474,22536825515303.83,6.944131862089327e-05,0.0,0.0,0.0,0.0,0.0,0.0,1.0
1779266934.993314,-677234378463.1575,234929388096.46713,2.807685843682453,22684049280272.7,-6.944131862089383e-05,0.0,0.0,0.0,0.0,0.0,0.0,1.0
1779266935.0040178,-675759712071.2253,234417944250.80457,2.807685700091956,22807602657060.76,6.944131862089327e-05,0.0,0.0,0.0,0.0,0.0,0.0,1.0
1779266935.0144877,-680986074021.9109,236231057208.23352,2.8076855577737216,22957574038178.46,-6.944131862089379e-05,0.0,0.0,0.0,0.0,0.0,0.0,1.0
1779266935.0250063,-686759521939.3143,238233953743.02618,2.807685414771748,23111806879909.6,6.944131862089344e-05,0.0,0.0,0.0,0.0,0.0,0.0,1.0
1779266935.0350804,-695155020180.1906,241146426469.02014,2.807685278293924,23271045642748.21,-6.944131862089353e-05,0.0,0.0,0.0,0.0,0.0,0.0,1.0
1779266935.0452304,-700277588625.2025,242923533700.29492,2.807685142955414,23417968976249.66,6.944131862089367e-05,0.0,0.0,0.0,0.0,0.0,0.0,1.0
1779266935.0557916,-703217574002.9169,243943515205.6217,2.807685002988917,23562820349917.844,-6.944131862089336e-05,0.0,0.0,0.0,0.0,0.0,0.0,1.0
1779266935.066026,-710215505952.0941,246371181730.4982,2.807684868261971,23719578804811.6,6.94413186208938e-05,0.0,0.0,0.0,0.0,0.0,0.0,1.0
1779266935.076416,-710488529193.8184,246466002285.25662,2.807684733224354,23852795225283.48,-6.944131862089326e-05,0.0,0.0,0.0,0.0,0.0,0.0,1.0
1779266935.086866,-716123048341.2484,248420709734.31888,2.8076845965897697,24010042695409.613,6.944131862089383e-05,0.0,0.0,0.0,0.0,0.0,0.0,1.0
1779266935.0973363,-721726479826.334,250364634392.39807,2.8076844601228945,24168609400471.637,-6.944131862089327e-05,0.0,0.0,0.0,0.0,0.0,0.0,1.0
1779266935.1079116,-721864461270.1119,250412609825.4208,2.8076843272538294,24304579697769.246,6.944131862089383e-05,0.0,0.0,0.0,0.0,0.0,0.0,1.0
1779266935.1180608,-729898386373.3394,253199664266.9301,2.8076841975411284,24469116139223.863,-6.944131862089327e-05,0.0,0.0,0.0,0.0,0.0,0.0,1.0
1779266935.128549,-735601267238.4109,255178090169.8842,2.8076840634760174,24630854540257.395,6.944131862089383e-05,0.0,0.0,0.0,0.0,0.0,0.0,1.0
1779266935.1388853,-737881542971.1909,255969220635.48706,2.807683935309937,24775006681443.883,-6.944131862089327e-05,0.0,0.0,0.0,0.0,0.0,0.0,1.0
1779266935.149165,-746568824791.8081,258982928830.3758,2.8076838045417514,24948097130669.82,6.944131862089383e-05,0.0,0.0,0.0,0.0,0.0,0.0,1.0
1779266935.159646,-751761873109.1996,260784497639.30737,2.807683673064913,25110139741233.082,-6.944131862089327e-05,0.0,0.0,0.0,0.0,0.0,0.0,1.0
1779266935.1702237,-754379613899.4143,261692698492.52612,2.8076835424854396,25263336378497.09,6.944131862089383e-05,0.0,0.0,0.0,0.0,0.0,0.0,1.0
1779266935.1808183,-757761581665.1725,262866008915.31934,2.807683412365736,25421079390341.027,-6.944131862089327e-05,0.0,0.0,0.0,0.0,0.0,0.0,1.0
1779266935.1916764,-758549431082.2798,263139424779.12372,2.8076832830564236,25570300032315.164,6.944131862089374e-05,0.0,0.0,0.0,0.0,0.0,0.0,1.0
1779266935.2016582,-772008591574.657,267808495670.75745,2.8076831579634423,25764465179621.605,-6.944131862089352e-05,0.0,0.0,0.0,0.0,0.0,0.0,1.0
1779266935.2122452,-768949398391.4609,266747375666.862,2.8076830341887513,25895843209251.973,6.944131862089346e-05,0.0,0.0,0.0,0.0,0.0,0.0,1.0
1779266935.2222936,-782417032112.5449,271419389042.47455,2.807682911383891,26090881863681.246,-6.944131862089372e-05,0.0,0.0,0.0,0.0,0.0,0.0,1.0
1779266935.2327194,-782210052405.754,271347698098.55386,2.80768278826322,26235745335429.97,6.944131862089332e-05,0.0,0.0,0.0,0.0,0.0,0.0,1.0
1779266935.2428246,-789891896541.3262,274012630179.9453,2.807682668095322,26409093101555.656,-6.944131862089383e-05,0.0,0.0,0.0,0.0,0.0,0.0,1.0
1779266935.2531686,-797156542524.7013,276532840213.63025,2.807682545047392,26585949707985.215,6.944131862089323e-05,0.0,0.0,0.0,0.0,0.0,0.0,1.0
1779266935.2637484,-799033121482.4758,277183935853.393,2.807682421815806,26744497439856.73,-6.944131862089386e-05,0.0,0.0,0.0,0.0,0.0,0.0,1.0
1779266935.2742045,-802235146579.1389,278294827075.6367,2.8076823010027514,26907351916828.082,6.944131862089326e-05,0.0,0.0,0.0,0.0,0.0,0.0,1.0
1779266935.285123,-797489636952.519,276648724518.31036,2.807682178526182,27044890174052.926,-6.944131862089383e-05,0.0,0.0,0.0,0.0,0.0,0.0,1.0
1779266935.2953691,-812200856437.8282,281752152209.8184,2.807682058545833,27255434578606.547,6.944131862089327e-05,0.0,0.0,0.0,0.0,0.0,0.0,1.0
1779266935.3057,-816888671392.6686,283378463896.8125,2.807681941109241,27425629723135.47,-6.944131862089383e-05,0.0,0.0,0.0,0.0,0.0,0.0,1.0
1779266935.3157039,-828222706182.5437,287310348012.18066,2.8076818260650693,27619469684114.105,6.944131862089327e-05,0.0,0.0,0.0,0.0,0.0,0.0,1.0
1779266935.3265784,-824848002992.8337,286139775575.2256,2.8076817066150905,27765358836357.617,-6.944131862089383e-05,0.0,0.0,0.0,0.0,0.0,0.0,1.0
1779266935.3370802,-832460841579.4146,288780782756.7681,2.807681588116944,27954422338051.797,6.944131862089327e-05,0.0,0.0,0.0,0.0,0.0,0.0,1.0
1779266935.347102,-841933282071.6472,292066883328.1805,2.8076814760169446,28143140752853.527,-6.944131862089383e-05,0.0,0.0,0.0,0.0,0.0,0.0,1.0
1779266935.357187,-850202111291.9043,294935452308.5476,2.807681363922642,28328689862370.21,6.944131862089327e-05,0.0,0.0,0.0,0.0,0.0,0.0,1.0
1779266935.367704,-853234717566.6844,295987576594.87524,2.8076812486681666,28500750618053.906,-6.94413186208937e-05,0.0,0.0,0.0,0.0,0.0,0.0,1.0
1779266935.3788137,-846222268639.6161,293555066829.11273,2.8076811312368637,28640873436510.12,6.944131862089356e-05,0.0,0.0,0.0,0.0,0.0,0.0,1.0
1779266935.3888834,-861663552290.2524,298911771029.0979,2.8076810192956945,28860916102660.63,-6.944131862089344e-05,0.0,0.0,0.0,0.0,0.0,0.0,1.0
1779266935.398987,-868598943257.8835,301317772912.3675,2.8076809106039224,29044854198694.227,6.944131862089375e-05,0.0,0.0,0.0,0.0,0.0,0.0,1.0
1779266935.4091525,-875122349999.4089,303580858460.78485,2.807680801738819,29229308604497.72,-6.944131862089329e-05,0.0,0.0,0.0,0.0,0.0,0.0,1.0
1779266935.4196396,-880212536277.2952,305346761832.07227,2.8076806898043953,29415019417853.133,6.944131862089386e-05,0.0,0.0,0.0,0.0,0.0,0.0,1.0
1779266935.4299746,-880336892364.8821,305390009412.1061,2.807680582940767,29576497555268.61,-6.944131862089326e-05,0.0,0.0,0.0,0.0,0.0,0.0,1.0
1779266935.4403713,-887746368449.7212,307960478357.6522,2.8076804731730842,29772670928380.758,6.944131862089383e-05,0.0,0.0,0.0,0.0,0.0,0.0,1.0
1779266935.4510243,-887900521129.3022,308014065264.294,2.8076803638530974,29942894472693.58,-6.944131862089327e-05,0.0,0.0,0.0,0.0,0.0,0.0,1.0
1779266935.4615388,-894507445626.3516,310306129891.354,2.807680254935285,30139634812936.867,6.944131862089383e-05,0.0,0.0,0.0,0.0,0.0,0.0,1.0
1779266935.471983,-903982937389.4036,313593306935.8684,2.807680146277688,30348776217543.758,-6.944131862089327e-05,0.0,0.0,0.0,0.0,0.0,0.0,1.0
1779266935.4819672,-915731586133.8306,317669043915.5585,2.8076800431950666,30558822364441.46,6.944131862089383e-05,0.0,0.0,0.0,0.0,0.0,0.0,1.0
1779266935.4921198,-920634081158.9834,319369837736.94507,2.807679940279681,30744211021607.71,-6.944131862089327e-05,0.0,0.0,0.0,0.0,0.0,0.0,1.0
1779266935.5024397,-923710231891.2717,320437069512.24506,2.807679837687905,30924464374616.004,6.944131862089383e-05,0.0,0.0,0.0,0.0,0.0,0.0,1.0
1779266935.5125685,-930523483674.6392,322800709867.4684,2.8076797365546184,31118721861816.89,-6.944131862089327e-05,0.0,0.0,0.0,0.0,0.0,0.0,1.0
1779266935.5228877,-939502430947.5664,325915638777.6812,2.8076796327118227,31327801057821.39,6.944131862089383e-05,0.0,0.0,0.0,0.0,0.0,0.0,1.0
1779266935.5330849,-946801422522.1084,328447786733.4752,2.8076795310994838,31528468808545.8,-6.944131862089332e-05,0.0,0.0,0.0,0.0,0.0,0.0,1.0
1779266935.5437875,-949488464336.7001,329380042056.0488,2.807679425276036,31721431910890.348,6.944131862089361e-05,0.0,0.0,0.0,0.0,0.0,0.0,1.0
1779266935.5542574,-954148504738.1353,330996734362.45605,2.807679322841734,31918569224762.31,-6.944131862089361e-05,0.0,0.0,0.0,0.0,0.0,0.0,1.0
1779266935.5647135,-955113196089.0349,331331498635.0922,2.8076792225558123,32100486087848.574,6.94413186208934e-05,0.0,0.0,0.0,0.0,0.0,0.0,1.0
1779266935.575106,-965220425007.2073,334837838435.6936,2.807679120811601,32322397348748.004,-6.944131862089378e-05,0.0,0.0,0.0,0.0,0.0,0.0,1.0
1779266935.5852995,-974174816486.917,337944254488.7895,2.807679022144672,32535988440959.375,6.944131862089327e-05,0.0,0.0,0.0,0.0,0.0,0.0,1.0
1779266935.5955446,-978601390143.175,339479956023.08344,2.807678925061989,32731524785425.3,-6.944131862089387e-05,0.0,0.0,0.0,0.0,0.0,0.0,1.0
1779266935.6057186,-985113595047.8036,341739170249.9129,2.8076788287537227,32935906538951.715,6.944131862089325e-05,0.0,0.0,0.0,0.0,0.0,0.0,1.0
1779266935.6160939,-990261252852.3394,343525020526.9646,2.80767873132333,33139624789053.66,-6.944131862089384e-05,0.0,0.0,0.0,0.0,0.0,0.0,1.0
1779266935.626255,-1000844539741.5994,347196509072.49927,2.807678636138909,33361762928439.832,6.944131862089326e-05,0.0,0.0,0.0,0.0,0.0,0.0,1.0
1779266935.6369302,-1001601126961.1387,347459084334.19904,2.807678537253551,33556247343854.0,-6.944131862089383e-05,0.0,0.0,0.0,0.0,0.0,0.0,1.0
1779266935.647241,-1007488877996.9412,349501677131.86707,2.807678442166317,33765559064551.906,6.944131862089327e-05,0.0,0.0,0.0,0.0,0.0,0.0,1.0
1779266935.6575553,-1019648091746.6914,353719867380.6041,2.8076783454732546,34004130347084.066,-6.944131862089383e-05,0.0,0.0,0.0,0.0,0.0,0.0,1.0
1779266935.6682172,-1018939070011.1978,353474016760.2367,2.8076782492582453,34195218777146.6,6.944131862089327e-05,0.0,0.0,0.0,0.0,0.0,0.0,1.0
1779266935.678859,-1021139697980.9226,354237535319.3871,2.8076781538195936,34399168752466.332,-6.944131862089383e-05,0.0,0.0,0.0,0.0,0.0,0.0,1.0
1779266935.6890485,-1034028239095.7944,358708734680.3824,2.807678060734448,34641246918460.38,6.944131862089327e-05,0.0,0.0,0.0,0.0,0.0,0.0,1.0
1779266935.699703,-1036479062162.4792,359559047972.5928,2.8076779658129567,34849813854729.664,-6.944131862089383e-05,0.0,0.0,0.0,0.0,0.0,0.0,1.0
1779266935.7100499,-1048810629652.956,363837035149.15326,2.8076778721005446,35095930184426.37,6.944131862089337e-05,0.0,0.0,0.0,0.0,0.0,0.0,1.0
1779266935.7208607,-1044503697096.7346,362343052622.72546,2.807677778668639,35280917567469.766,-6.944131862089359e-05,0.0,0.0,0.0,0.0,0.0,0.0,1.0
1779266935.7313204,-1054644251046.8889,365860969549.423,2.807677686117911,35522259696355.62,6.944131862089364e-05,0.0,0.0,0.0,0.0,0.0,0.0,1.0
1779266935.7412894,-1071496956339.9368,371707361907.5565,2.807677597210672,35782486882354.234,-6.944131862089337e-05,0.0,0.0,0.0,0.0,0.0,0.0,1.0
1779266935.7515528,-1073753958962.8833,372490435262.8886,2.807677509361959,35986702835330.59,6.94413186208938e-05,0.0,0.0,0.0,0.0,0.0,0.0,1.0
1779266935.7620032,-1078518350523.3298,374143336241.9735,2.80767742010093,36206739522145.086,-6.944131862089326e-05,0.0,0.0,0.0,0.0,0.0,0.0,1.0
1779266935.772204,-1086354048543.0496,376861688018.07385,2.807677332866244,36436356382701.41,6.944131862089383e-05,0.0,0.0,0.0,0.0,0.0,0.0,1.0
1779266935.7825892,-1096841725400.1273,380500028380.5144,2.8076772433980874,36683662030033.02,-6.944131862089327e-05,0.0,0.0,0.0,0.0,0.0,0.0,1.0
1779266935.7931788,-1100701384239.121,381839076114.2727,2.8076771539891894,36908190783318.85,6.944131862089383e-05,0.0,0.0,0.0,0.0,0.0,0.0,1.0
1779266935.803678,-1107328567406.9617,384138193021.6216,2.807677065518291,37143980667677.16,-6.944131862089327e-05,0.0,0.0,0.0,0.0,0.0,0.0,1.0
1779266935.8138363,-1117046919047.0513,387509651082.84204,2.8076769804429844,37385669574800.67,6.944131862089383e-05,0.0,0.0,0.0,0.0,0.0,0.0,1.0
1779266935.8240361,-1125478343971.3633,390434667935.58276,2.8076768959424667,37623322657752.63,-6.944131862089327e-05,0.0,0.0,0.0,0.0,0.0,0.0,1.0
1779266935.834872,-1118789299502.9841,388114311342.80444,2.8076768096808156,37811326707973.734,6.944131862089383e-05,0.0,0.0,0.0,0.0,0.0,0.0,1.0
1779266935.844906,-1135314895645.702,393847244188.91113,2.8076767262478093,38083633638133.6,-6.944131862089327e-05,0.0,0.0,0.0,0.0,0.0,0.0,1.0
1779266935.8552365,-1150335786884.5784,399058190870.56104,2.807676640201459,38358473841494.52,6.944131862089383e-05,0.0,0.0,0.0,0.0,0.0,0.0,1.0
1779266935.865798,-1147454110043.9358,398058629949.04016,2.807676556521047,38561747842187.27,-6.944131862089327e-05,0.0,0.0,0.0,0.0,0.0,0.0,1.0
1779266935.8757002,-1165742363183.88,404403043578.5014,2.8076764751670265,38842212291469.38,6.944131862089379e-05,0.0,0.0,0.0,0.0,0.0,0.0,1.0
1779266935.8859286,-1171129817529.384,406272093269.1189,2.8076763936999996,39075813486005.836,-6.944131862089344e-05,0.0,0.0,0.0,0.0,0.0,0.0,1.0
1779266935.8960927,-1177615574140.4272,408522150858.5735,2.8076763132234692,39313811859467.38,6.944131862089353e-05,0.0,0.0,0.0,0.0,0.0,0.0,1.0
1779266935.9066606,-1182126861320.2695,410087256702.1349,2.807676229785235,39555513434933.29,-6.944131862089367e-05,0.0,0.0,0.0,0.0,0.0,0.0,1.0
1779266935.9170163,-1187841837390.979,412069928179.70056,2.8076761490900877,39797353508558.2,6.944131862089336e-05,0.0,0.0,0.0,0.0,0.0,0.0,1.0
1779266935.9269412,-1204726109258.4243,417927300134.3866,2.8076760702833976,40078669150530.42,-6.94413186208938e-05,0.0,0.0,0.0,0.0,0.0,0.0,1.0
1779266935.9372082,-1212312851983.9312,420559301145.74194,2.807675990368936,40329808422194.65,6.944131862089326e-05,0.0,0.0,0.0,0.0,0.0,0.0,1.0
1779266935.947374,-1217695888110.6792,422426820765.95557,2.8076759124463804,40569769877422.85,-6.944131862089383e-05,0.0,0.0,0.0,0.0,0.0,0.0,1.0
1779266935.9574573,-1226407975685.2979,425449211244.2159,2.807675835103522,40823594771985.586,6.944131862089327e-05,0.0,0.0,0.0,0.0,0.0,0.0,1.0
1779266935.96771,-1229104522975.858,426384770415.63763,2.8076757580433256,41056729643568.695,-6.944131862089383e-05,0.0,0.0,0.0,0.0,0.0,0.0,1.0
1779266935.9784093,-1231541889380.794,427230422192.647,2.807675677683563,41302493793287.32,6.944131862089327e-05,0.0,0.0,0.0,0.0,0.0,0.0,1.0
1779266935.9884996,-1243051085018.979,431223151628.8676,2.807675601627622,41572813219452.164,-6.944131862089383e-05,0.0,0.0,0.0,0.0,0.0,0.0,1.0
1779266935.9987462,-1256444307422.5662,435869466572.9985,2.8076755240413735,41857308005957.984,6.944131862089327e-05,0.0,0.0,0.0,0.0,0.0,0.0,1.0
1779266936.0090427,-1258327477003.641,436522860403.91797,2.8076754486520015,42094028942766.29,-6.944131862089383e-05,0.0,0.0,0.0,0.0,0.0,0.0,1.0
1779266936.0196059,-1265391298844.3767,438973464119.2711,2.8076753704438513,42362966702887.12,6.944131862089327e-05,0.0,0.0,0.0,0.0,0.0,0.0,1.0
1779266936.0298054,-1277315473142.341,443110156760.46893,2.807675296328485,42640120700364.34,-6.944131862089383e-05,0.0,0.0,0.0,0.0,0.0,0.0,1.0
1779266936.040316,-1283172750875.2607,445142202253.8967,2.807675219391866,42906216345474.45,6.944131862089327e-05,0.0,0.0,0.0,0.0,0.0,0.0,1.0
1779266936.0507414,-1289694898690.6064,447404895626.81006,2.807675144007808,43173170872772.63,-6.944131862089374e-05,0.0,0.0,0.0,0.0,0.0,0.0,1.0
1779266936.0612452,-1295688134027.594,449484105769.9844,2.807675069082185,43439991498142.305,6.944131862089352e-05,0.0,0.0,0.0,0.0,0.0,0.0,1.0
1779266936.071157,-1312825321191.55,455429236689.3694,2.8076749971190793,43741880776021.805,-6.944131862089346e-05,0.0,0.0,0.0,0.0,0.0,0.0,1.0
1779266936.0816736,-1318203501933.1277,457295081463.3385,2.8076749223297846,44011232082829.88,6.944131862089372e-05,0.0,0.0,0.0,0.0,0.0,0.0,1.0
1779266936.0919435,-1323542234247.1133,459147239036.09375,2.807674850392077,44274174147393.17,-6.944131862089332e-05,0.0,0.0,0.0,0.0,0.0,0.0,1.0
1779266936.102046,-1333714151968.2976,462676066841.6521,2.8076747795230403,44554956034221.9,6.944131862089383e-05,0.0,0.0,0.0,0.0,0.0,0.0,1.0
1779266936.1126997,-1329838721196.683,461331759147.2576,2.807674707045998,44791754174789.65,-6.944131862089323e-05,0.0,0.0,0.0,0.0,0.0,0.0,1.0
1779266936.122916,-1350833000346.6416,468614956914.71014,2.8076746345129413,45126891132428.414,6.944131862089386e-05,0.0,0.0,0.0,0.0,0.0,0.0,1.0
1779266936.1333938,-1356324121129.1787,470519982909.36646,2.8076745626618127,45402955318277.53,-6.944131862089326e-05,0.0,0.0,0.0,0.0,0.0,0.0,1.0
1779266936.143745,-1360940401199.1597,472121518115.73584,2.8076744926851456,45672526304129.555,6.944131862089383e-05,0.0,0.0,0.0,0.0,0.0,0.0,1.0
1779266936.1541607,-1370797024543.5107,475540973370.6506,2.8076744225688994,45966034963219.36,-6.944131862089327e-05,0.0,0.0,0.0,0.0,0.0,0.0,1.0
1779266936.1647341,-1377480308883.964,477859573208.7446,2.8076743512118885,46255535695526.31,6.944131862089383e-05,0.0,0.0,0.0,0.0,0.0,0.0,1.0
1779266936.1748207,-1396718058088.6907,484533422648.52527,2.807674282271872,46586378343486.19,-6.944131862089327e-05,0.0,0.0,0.0,0.0,0.0,0.0,1.0
1779266936.1850612,-1401642715785.644,486241937410.8725,2.8076742146529456,46860280764782.7,6.944131862089383e-05,0.0,0.0,0.0,0.0,0.0,0.0,1.0
1779266936.1956294,-1407817150888.2239,488384014344.97284,2.8076741448933014,47151157817545.66,-6.944131862089327e-05,0.0,0.0,0.0,0.0,0.0,0.0,1.0
1779266936.2063997,-1416110430509.0012,491261140422.36536,2.8076740733671564,47460989604204.37,6.944131862089383e-05,0.0,0.0,0.0,0.0,0.0,0.0,1.0
1779266936.2170935,-1424718188299.683,494247362008.63245,2.8076740028570537,47771682137960.8,-6.944131862089327e-05,0.0,0.0,0.0,0.0,0.0,0.0,1.0
1779266936.227399,-1430750693907.856,496340201313.1958,2.8076739367431713,48058338003437.22,6.94413186208937e-05,0.0,0.0,0.0,0.0,0.0,0.0,1.0
1779266936.2376313,-1448852020187.2498,502619825869.7813,2.807673869440235,48398960983489.76,-6.944131862089356e-05,0.0,0.0,0.0,0.0,0.0,0.0,1.0
1779266936.2480576,-1444940557372.1887,501263012313.26953,2.807673804403141,48649854975686.484,6.944131862089344e-05,0.0,0.0,0.0,0.0,0.0,0.0,1.0
1779266936.2584445,-1461438584434.6592,506986440929.2616,2.8076737373061222,48991257715344.47,-6.944131862089375e-05,0.0,0.0,0.0,0.0,0.0,0.0,1.0
1779266936.2691796,-1456143124463.9622,505149507411.1222,2.8076736713102832,49248863746248.71,6.944131862089329e-05,0.0,0.0,0.0,0.0,0.0,0.0,1.0
1779266936.279322,-1477447345867.632,512540249913.4365,2.8076736066950563,49605633302233.2,-6.944131862089386e-05,0.0,0.0,0.0,0.0,0.0,0.0,1.0
1779266936.289586,-1496767033346.4788,519242542118.3915,2.807673541270521,49960353027318.86,6.944131862089326e-05,0.0,0.0,0.0,0.0,0.0,0.0,1.0
1779266936.3004313,-1489805584446.94,516827661557.1073,2.807673475339689,50221191274870.055,-6.944131862089383e-05,0.0,0.0,0.0,0.0,0.0,0.0,1.0
1779266936.3103366,-1512995745452.849,524872657667.3013,2.807673413255742,50583433035295.9,6.944131862089327e-05,0.0,0.0,0.0,0.0,0.0,0.0,1.0
1779266936.3209648,-1517620451350.901,526477124678.6748,2.807673348194598,50891455541885.0,-6.944131862089383e-05,0.0,0.0,0.0,0.0,0.0,0.0,1.0
1779266936.331489,-1525079997784.443,529065024933.5321,2.8076732842302583,51209500560186.19,6.944131862089327e-05,0.0,0.0,0.0,0.0,0.0,0.0,1.0
1779266936.3415656,-1542192888816.5674,535001762498.4681,2.8076732227984262,51555730555218.82,-6.944131862089383e-05,0.0,0.0,0.0,0.0,0.0,0.0,1.0
1779266936.3518255,-1551069443477.6716,538081234957.9115,2.807673161776971,51871684659782.95,6.944131862089327e-05,0.0,0.0,0.0,0.0,0.0,0.0,1.0
1779266936.3618548,-1566071625055.3281,543285748337.7876,2.807673101413026,52211076111817.664,-6.944131862089383e-05,0.0,0.0,0.0,0.0,0.0,0.0,1.0
1779266936.3723662,-1574284406050.4937,546134955708.38464,2.8076730386871436,52539479240267.17,6.944131862089327e-05,0.0,0.0,0.0,0.0,0.0,0.0,1.0
1779266936.382767,-1580231766433.6816,548198264702.2315,2.807672977755553,52854631756057.914,-6.944131862089383e-05,0.0,0.0,0.0,0.0,0.0,0.0,1.0
1779266936.3928874,-1593737178223.0837,552883537329.3271,2.8076729181625852,53195676716019.12,6.944131862089332e-05,0.0,0.0,0.0,0.0,0.0,0.0,1.0
1779266936.4029279,-1610737735239.9897,558781312374.7418,2.807672858948848,53551053492569.1,-6.944131862089361e-05,0.0,0.0,0.0,0.0,0.0,0.0,1.0
1779266936.413586,-1609896331103.6973,558489532444.0138,2.807672797789712,53852400800874.75,6.944131862089361e-05,0.0,0.0,0.0,0.0,0.0,0.0,1.0
1779266936.424144,-1616956152559.1846,560938769458.8682,2.8076727369419245,54187330577693.42,-6.94413186208934e-05,0.0,0.0,0.0,0.0,0.0,0.0,1.0
1779266936.434605,-1628282033455.774,564867946998.1599,2.8076726767721336,54539145482371.99,6.944131862089378e-05,0.0,0.0,0.0,0.0,0.0,0.0,1.0
1779266936.4452229,-1633029263596.2822,566514922994.6184,2.807672616624844,54870117548846.52,-6.944131862089327e-05,0.0,0.0,0.0,0.0,0.0,0.0,1.0
1779266936.4554396,-1653374528007.0276,573573020257.3135,2.807672557937864,55256437550446.7,6.944131862089387e-05,0.0,0.0,0.0,0.0,0.0,0.0,1.0
1779266936.4658806,-1658954996143.7861,575509054492.0325,2.8076724995855864,55588215129218.414,-6.944131862089325e-05,0.0,0.0,0.0,0.0,0.0,0.0,1.0
1779266936.4764795,-1661324786121.899,576331270880.0759,2.807672441329263,55912205077323.945,6.944131862089384e-05,0.0,0.0,0.0,0.0,0.0,0.0,1.0
1779266936.486885,-1675337463715.116,581192530225.7683,2.807672383341661,56283547395046.36,-6.944131862089326e-05,0.0,0.0,0.0,0.0,0.0,0.0,1.0
1779266936.4973388,-1688602684599.3835,585794489928.5417,2.8076723255468616,56654613207371.625,6.944131862089383e-05,0.0,0.0,0.0,0.0,0.0,0.0,1.0
1779266936.5075133,-1700374749909.0627,589878455780.8225,2.8076722699871413,57010886649274.65,-6.944131862089327e-05,0.0,0.0,0.0,0.0,0.0,0.0,1.0
1779266936.5179987,-1712752685609.172,594172608545.6068,2.8076722126563363,57383663019031.53,6.944131862089383e-05,0.0,0.0,0.0,0.0,0.0,0.0,1.0
1779266936.528241,-1719554383145.3955,596532300368.5203,2.807672157945756,57723988345050.95,-6.944131862089327e-05,0.0,0.0,0.0,0.0,0.0,0.0,1.0
1779266936.5386949,-1726708222056.4165,599014156406.3174,2.8076721021205913,58076928902472.86,6.944131862089383e-05,0.0,0.0,0.0,0.0,0.0,0.0,1.0
1779266936.5487921,-1749594035135.7468,606953608412.1803,2.807672047536421,58485884001971.35,-6.944131862089327e-05,0.0,0.0,0.0,0.0,0.0,0.0,1.0
1779266936.5588753,-1770529136873.523,614216338522.1294,2.807671993172405,58888550558980.41,6.944131862089383e-05,0.0,0.0,0.0,0.0,0.0,0.0,1.0
1779266936.5690925,-1780027212773.1655,617511436896.3396,2.807671939293095,59248117438115.77,-6.944131862089337e-05,0.0,0.0,0.0,0.0,0.0,0.0,1.0
1779266936.579744,-1782871300372.3943,618498195413.646,2.8076718836398955,59598366595943.15,6.944131862089359e-05,0.0,0.0,0.0,0.0,0.0,0.0,1.0
1779266936.5902898,-1790120944722.2646,621013291308.4343,2.8076718287931834,59965678374944.23,-6.944131862089364e-05,0.0,0.0,0.0,0.0,0.0,0.0,1.0
1779266936.6009426,-1793322791026.1133,622124160536.2052,2.8076717740904886,60321981277295.945,6.944131862089337e-05,0.0,0.0,0.0,0.0,0.0,0.0,1.0
1779266936.6115766,-1802526147595.7344,625317023258.2866,2.8076717194729,60705942477877.63,-6.94413186208938e-05,0.0,0.0,0.0,0.0,0.0,0.0,1.0
1779266936.6218374,-1828054602368.435,634173250734.5293,2.807671665943678,61148637857881.56,6.944131862089326e-05,0.0,0.0,0.0,0.0,0.0,0.0,1.0
1779266936.6321127,-1836887078281.0027,637237448528.0854,2.807671614061605,61520167779720.46,-6.944131862089383e-05,0.0,0.0,0.0,0.0,0.0,0.0,1.0
1779266936.642591,-1835118109644.24,636623881814.5643,2.8076715624278945,61855073374650.29,6.944131862089327e-05,0.0,0.0,0.0,0.0,0.0,0.0,1.0
1779266936.6529229,-1858532632331.9937,644746765812.4229,2.8076715098199863,62297327916903.17,-6.944131862089383e-05,0.0,0.0,0.0,0.0,0.0,0.0,1.0
1779266936.6634371,-1869566716995.1902,648574731523.57,2.8076714573667747,62695016289631.85,6.944131862089327e-05,0.0,0.0,0.0,0.0,0.0,0.0,1.0
1779266936.6741428,-1873057828671.12,649785951978.6493,2.8076714047286293,63070569368780.22,-6.944131862089383e-05,0.0,0.0,0.0,0.0,0.0,0.0,1.0
1779266936.6847444,-1883551813486.0151,653426552399.9341,2.8076713526867456,63474058653847.6,6.944131862089327e-05,0.0,0.0,0.0,0.0,0.0,0.0,1.0
1779266936.694975,-1899787416709.6458,659058986519.6799,2.807671302818843,63888084595399.75,-6.944131862089383e-05,0.0,0.0,0.0,0.0,0.0,0.0,1.0
1779266936.7049239,-1928152182499.6304,668899173246.2341,2.807671253686623,64345929715636.0,6.944131862089327e-05,0.0,0.0,0.0,0.0,0.0,0.0,1.0
1779266936.7150643,-1941020870533.5195,673363584888.0249,2.8076712048019656,64746049386113.03,-6.944131862089383e-05,0.0,0.0,0.0,0.0,0.0,0.0,1.0
1779266936.7255971,-1947328709473.5823,675551962160.6163,2.8076711543792854,65137585604914.75,6.944131862089327e-05,0.0,0.0,0.0,0.0,0.0,0.0,1.0
1779266936.736248,-1950792483628.1775,676753699642.687,2.807671103965424,65524112168664.58,-6.944131862089379e-05,0.0,0.0,0.0,0.0,0.0,0.0,1.0
1779266936.7464716,-1967843661216.327,682669071551.3937,2.8076710554406734,65953015206451.51,6.944131862089344e-05,0.0,0.0,0.0,0.0,0.0,0.0,1.0
1779266936.7568157,-1972367252278.2642,684238469239.7524,2.807671007748894,66332491676570.055,-6.944131862089353e-05,0.0,0.0,0.0,0.0,0.0,0.0,1.0
1779266936.766704,-2004279540773.5244,695309344713.7742,2.807670960579289,66816015401559.29,6.944131862089367e-05,0.0,0.0,0.0,0.0,0.0,0.0,1.0
1779266936.776948,-2016295054194.7515,699477784824.1797,2.8076709128976294,67231000293316.81,-6.944131862089336e-05,0.0,0.0,0.0,0.0,0.0,0.0,1.0
1779266936.7874954,-2023193159205.537,701870935047.8208,2.807670864262281,67639425022511.45,6.94413186208938e-05,0.0,0.0,0.0,0.0,0.0,0.0,1.0
1779266936.7981262,-2031889005934.8076,704887745916.8925,2.807670815391006,68062411238567.89,-6.944131862089326e-05,0.0,0.0,0.0,0.0,0.0,0.0,1.0
1779266936.8087914,-2031947066247.5037,704907999116.2427,2.807670767576016,68450008781878.6,6.944131862089383e-05,0.0,0.0,0.0,0.0,0.0,0.0,1.0
1779266936.8192518,-2055251738616.5825,712992796866.3125,2.80767071959888,68932968636510.516,-6.944131862089327e-05,0.0,0.0,0.0,0.0,0.0,0.0,1.0
1779266936.8296835,-2070885532259.0881,718416469978.9595,2.8076706723226623,69384823508507.11,6.944131862089383e-05,0.0,0.0,0.0,0.0,0.0,0.0,1.0
1779266936.8399372,-2079843187336.7588,721524103471.3723,2.8076706268721168,69800574437294.83,-6.944131862089327e-05,0.0,0.0,0.0,0.0,0.0,0.0,1.0
1779266936.8504832,-2091590740418.6736,725599591823.9805,2.8076705799739132,70245025847681.52,6.944131862089383e-05,0.0,0.0,0.0,0.0,0.0,0.0,1.0
1779266936.8611336,-2098879488427.5552,728128264388.4485,2.807670533156191,70677538928725.78,-6.944131862089327e-05,0.0,0.0,0.0,0.0,0.0,0.0,1.0
1779266936.871695,-2113044280931.875,733042325818.9705,2.8076704867273587,71138486250620.7,6.944131862089383e-05,0.0,0.0,0.0,0.0,0.0,0.0,1.0
1779266936.8816175,-2142875097726.3774,743391130734.0161,2.807670442853576,71639790846712.45,-6.944131862089327e-05,0.0,0.0,0.0,0.0,0.0,0.0,1.0
1779266936.8921692,-2143085628351.916,743464276805.7412,2.8076703978450945,72043335081537.2,6.944131862089383e-05,0.0,0.0,0.0,0.0,0.0,0.0,1.0
1779266936.9022305,-2164883363380.3474,751026303751.7301,2.8076703543956842,72520158101855.38,-6.944131862089327e-05,0.0,0.0,0.0,0.0,0.0,0.0,1.0
1779266936.9129367,-2167247993824.9768,751846736839.1903,2.8076703090706747,72945906988761.55,6.944131862089374e-05,0.0,0.0,0.0,0.0,0.0,0.0,1.0
1779266936.9235754,-2177499846549.912,755403351474.382,2.8076702639943,73405932649939.19,-6.944131862089352e-05,0.0,0.0,0.0,0.0,0.0,0.0,1.0
1779266936.9338775,-2205122513942.748,764986130906.4556,2.8076702197810537,73928547963276.61,6.944131862089346e-05,0.0,0.0,0.0,0.0,0.0,0.0,1.0
1779266936.9439368,-2225776870180.7695,772151508988.9995,2.807670177460974,74409771628835.88,-6.944131862089372e-05,0.0,0.0,0.0,0.0,0.0,0.0,1.0
1779266936.9540262,-2243745733460.8857,778385254964.0247,2.8076701352874176,74883633392865.3,6.944131862089332e-05,0.0,0.0,0.0,0.0,0.0,0.0,1.0
1779266936.964593,-2249685882931.105,780446083547.3099,2.807670091666772,75331680542049.02,-6.944131862089383e-05,0.0,0.0,0.0,0.0,0.0,0.0,1.0
1779266936.9750187,-2252828468979.354,781536397626.9563,2.8076700496100955,75760030260725.97,6.944131862089323e-05,0.0,0.0,0.0,0.0,0.0,0.0,1.0
1779266936.985041,-2285355210636.0254,792820470911.2328,2.807670007896232,76301682293437.66,-6.944131862089386e-05,0.0,0.0,0.0,0.0,0.0,0.0,1.0
1779266936.9952083,-2303669843221.926,799174173258.7241,2.80766996635698,76791018886955.12,6.944131862089326e-05,0.0,0.0,0.0,0.0,0.0,0.0,1.0
1779266937.005626,-2320509960927.82,805016349932.3845,2.8076699238209226,77290215515296.81,-6.944131862089383e-05,0.0,0.0,0.0,0.0,0.0,0.0,1.0
1779266937.0159829,-2325614513591.672,806787298284.1324,2.807669882566941,77737123748691.88,6.944131862089327e-05,0.0,0.0,0.0,0.0,0.0,0.0,1.0
1779266937.0262547,-2345137120972.071,813560067595.965,2.8076698412678267,78245378826841.52,-6.944131862089383e-05,0.0,0.0,0.0,0.0,0.0,0.0,1.0
1779266937.036785,-2329425385488.58,808109559758.3911,2.807669800985293,78615539246921.02,6.944131862089327e-05,0.0,0.0,0.0,0.0,0.0,0.0,1.0
1779266937.0466433,-2376123742504.0244,824309970289.9227,2.80766976093922,79226425391902.67,-6.944131862089383e-05,0.0,0.0,0.0,0.0,0.0,0.0,1.0
1779266937.0571651,-2386776826349.8735,828005783650.8296,2.807669719619625,79717729752762.1,6.944131862089327e-05,0.0,0.0,0.0,0.0,0.0,0.0,1.0
1779266937.0674317,-2401801817390.8335,833218270571.2114,2.8076696796236646,80216793578676.67,-6.944131862089383e-05,0.0,0.0,0.0,0.0,0.0,0.0,1.0
1779266937.0779424,-2417300312491.6274,838595025955.9315,2.8076696386499265,80734683973804.61,6.944131862089327e-05,0.0,0.0,0.0,0.0,0.0,0.0,1.0
1779266937.088611,-2418945210953.17,839165776324.0337,2.807669597992266,81203038697607.9,-6.94413186208937e-05,0.0,0.0,0.0,0.0,0.0,0.0,1.0
1779266937.099251,-2428842153345.044,842599276475.8125,2.807669557453165,81709010839862.66,6.944131862089356e-05,0.0,0.0,0.0,0.0,0.0,0.0,1.0
1779266937.1094174,-2452028784706.5996,850643153173.2972,2.807669518748419,82249475217969.52,-6.944131862089344e-05,0.0,0.0,0.0,0.0,0.0,0.0,1.0
1779266937.1198764,-2470292608320.5703,856979242236.2849,2.807669479028302,82788641094004.64,6.944131862089375e-05,0.0,0.0,0.0,0.0,0.0,0.0,1.0
1779266937.1305757,-2471991360609.408,857568675364.04,2.807669439404247,83270389377180.61,-6.944131862089329e-05,0.0,0.0,0.0,0.0,0.0,0.0,1.0
1779266937.140978,-2496378559559.681,866029051486.373,2.807669400285393,83839017150054.44,6.944131862089386e-05,0.0,0.0,0.0,0.0,0.0,0.0,1.0
1779266937.1515205,-2500077305595.7686,867312309468.9729,2.8076693618266493,84326746700755.11,-6.944131862089326e-05,0.0,0.0,0.0,0.0,0.0,0.0,1.0
1779266937.1618319,-2530840683971.2285,877984674783.9253,2.807669323346609,84923968423882.28,6.944131862089383e-05,0.0,0.0,0.0,0.0,0.0,0.0,1.0
1779266937.1720915,-2543440299769.329,882355769883.9952,2.807669286287215,85438712573277.28,-6.944131862089327e-05,0.0,0.0,0.0,0.0,0.0,0.0,1.0
1779266937.1825483,-2563485403451.868,889309814890.4117,2.8076692481382715,86002164208391.38,6.944131862089383e-05,0.0,0.0,0.0,0.0,0.0,0.0,1.0
1779266937.1931508,-2576689544827.646,893890633416.8057,2.807669209890145,86547119178467.94,-6.944131862089327e-05,0.0,0.0,0.0,0.0,0.0,0.0,1.0
1779266937.2037048,-2589936339402.202,898486248990.4778,2.8076691721570155,87092206139663.95,6.944131862089383e-05,0.0,0.0,0.0,0.0,0.0,0.0,1.0
1779266937.2137766,-2616350865359.9805,907649938325.7346,2.807669136108564,87670326280997.47,-6.944131862089327e-05,0.0,0.0,0.0,0.0,0.0,0.0,1.0
1779266937.223857,-2638986463144.499,915502663341.3762,2.8076691004094894,88234095513802.6,6.944131862089383e-05,0.0,0.0,0.0,0.0,0.0,0.0,1.0
1779266937.2344093,-2650923181456.545,919643796199.2886,2.8076690632574746,88783409145813.16,-6.944131862089327e-05,0.0,0.0,0.0,0.0,0.0,0.0,1.0
1779266937.2450686,-2654522862631.6914,920892689936.7073,2.8076690262968587,89306124588365.0,6.944131862089383e-05,0.0,0.0,0.0,0.0,0.0,0.0,1.0
1779266937.2553508,-2674452035862.49,927806521016.0327,2.807668990667956,89879325254489.1,-6.944131862089332e-05,0.0,0.0,0.0,0.0,0.0,0.0,1.0
1779266937.2658088,-2688520178878.2373,932687076639.9014,2.8076689547395945,90440918895739.16,6.944131862089361e-05,0.0,0.0,0.0,0.0,0.0,0.0,1.0
1779266937.2765646,-2703406058621.7603,937851320724.5781,2.807668917772813,91028026273652.47,-6.944131862089361e-05,0.0,0.0,0.0,0.0,0.0,0.0,1.0
1779266937.2868624,-2722596836851.829,944508994062.8047,2.8076688828421537,91607963329619.64,6.94413186208934e-05,0.0,0.0,0.0,0.0,0.0,0.0,1.0
1779266937.2972603,-2742152017214.488,951293085596.7019,2.807668847691458,92198826839670.36,-6.944131862089378e-05,0.0,0.0,0.0,0.0,0.0,0.0,1.0
1779266937.3076248,-2768893897143.963,960570351257.9692,2.807668812510257,92823397335986.03,6.944131862089327e-05,0.0,0.0,0.0,0.0,0.0,0.0,1.0
1779266937.317927,-2790079273102.538,967919983148.917,2.807668777971294,93422591801721.05,-6.944131862089387e-05,0.0,0.0,0.0,0.0,0.0,0.0,1.0
1779266937.328104,-2809985949298.1255,974826014452.2032,2.807668744219489,94010776050210.95,6.944131862089325e-05,0.0,0.0,0.0,0.0,0.0,0.0,1.0
1779266937.3387344,-2814974101663.3438,976556590510.0297,2.8076687094351076,94565815344123.42,-6.944131862089384e-05,0.0,0.0,0.0,0.0,0.0,0.0,1.0
1779266937.349065,-2840759369010.0176,985501996955.7207,2.8076686752551643,95197813731480.97,6.944131862089326e-05,0.0,0.0,0.0,0.0,0.0,0.0,1.0
1779266937.3594825,-2852625923151.5327,989618792925.3486,2.807668641537454,95775938225125.38,-6.944131862089383e-05,0.0,0.0,0.0,0.0,0.0,0.0,1.0
1779266937.369604,-2884703033671.1597,1000746934922.7749,2.8076686084483153,96427042811592.8,6.944131862089327e-05,0.0,0.0,0.0,0.0,0.0,0.0,1.0
1779266937.3797452,-2907667720040.916,1008713840158.6829,2.807668575701288,97043076477103.03,-6.944131862089383e-05,0.0,0.0,0.0,0.0,0.0,0.0,1.0
1779266937.3902764,-2919910628554.8257,1012961202104.566,2.8076685419976517,97641280038442.39,6.944131862089327e-05,0.0,0.0,0.0,0.0,0.0,0.0,1.0
1779266937.4010313,-2914774965041.7417,1011179674417.1372,2.8076685083584385,98181520197215.08,-6.944131862089383e-05,0.0,0.0,0.0,0.0,0.0,0.0,1.0
1779266937.4115539,-2934914422302.706,1018166470386.6553,2.807668475065194,98821202954255.11,6.944131862089327e-05,0.0,0.0,0.0,0.0,0.0,0.0,1.0
1779266937.4218922,-2969255172368.8965,1030079911893.1611,2.8076684421675067,99514162332665.7,-6.944131862089383e-05,0.0,0.0,0.0,0.0,0.0,0.0,1.0
1779266937.4321172,-2983981863026.903,1035188934589.6466,2.807668410533891,100116138511145.86,6.944131862089337e-05,0.0,0.0,0.0,0.0,0.0,0.0,1.0
1779266937.4428117,-2984395860314.7593,1035332668092.4917,2.807668377850222,100691158243227.25,-6.944131862089359e-05,0.0,0.0,0.0,0.0,0.0,0.0,1.0
1779266937.4527318,-3030054054524.535,1051172305101.6353,2.807668346870174,101414318295969.44,6.944131862089364e-05,0.0,0.0,0.0,0.0,0.0,0.0,1.0
1779266937.462918,-3055966245143.106,1060161752109.2712,2.8076683155829913,102072418252601.06,-6.944131862089337e-05,0.0,0.0,0.0,0.0,0.0,0.0,1.0
1779266937.4734411,-3069465620382.6787,1064845005262.7488,2.807668283551939,102704215143853.97,6.94413186208938e-05,0.0,0.0,0.0,0.0,0.0,0.0,1.0
1779266937.483883,-3076468654126.4204,1067274575964.0691,2.8076682523192895,103304990097038.72,-6.944131862089326e-05,0.0,0.0,0.0,0.0,0.0,0.0,1.0
1779266937.494262,-3110287579446.851,1079006997144.7211,2.807668220795371,104020983203008.52,6.944131862089383e-05,0.0,0.0,0.0,0.0,0.0,0.0,1.0
1779266937.504976,-3108681462433.8916,1078449922085.6053,2.807668189237991,104610638714133.25,-6.944131862089327e-05,0.0,0.0,0.0,0.0,0.0,0.0,1.0
1779266937.5155222,-3128858724637.637,1085449840693.4895,2.8076681579228406,105288042345448.72,6.944131862089383e-05,0.0,0.0,0.0,0.0,0.0,0.0,1.0
1779266937.5259056,-3164528019223.317,1097824187901.9417,2.8076681269014756,106025347439540.95,-6.944131862089327e-05,0.0,0.0,0.0,0.0,0.0,0.0,1.0
1779266937.5365932,-3166487359365.207,1098504025571.6477,2.80766809597705,106640095926729.92,6.944131862089383e-05,0.0,0.0,0.0,0.0,0.0,0.0,1.0
1779266937.5466104,-3202849379162.9062,1111118688695.5303,2.807668066700449,107360267940415.97,-6.944131862089327e-05,0.0,0.0,0.0,0.0,0.0,0.0,1.0
1779266937.5572672,-3205830430327.933,1112152973685.951,2.807668036237624,107985309323059.78,6.944131862089383e-05,0.0,0.0,0.0,0.0,0.0,0.0,1.0
1779266937.5677626,-3234324113891.425,1122037993344.1123,2.8076680059020322,108713758554202.05,-6.944131862089327e-05,0.0,0.0,0.0,0.0,0.0,0.0,1.0
1779266937.5782313,-3250598412052.538,1127683914991.116,2.8076679761730086,109390407941654.9,6.944131862089383e-05,0.0,0.0,0.0,0.0,0.0,0.0,1.0
1779266937.5888073,-3273804965260.5366,1135734747718.3228,2.8076679460980394,110109145171634.3,-6.944131862089327e-05,0.0,0.0,0.0,0.0,0.0,0.0,1.0
1779266937.5990143,-3308491869401.6455,1147768294572.7803,2.8076679171236254,110854559862999.9,6.944131862089379e-05,0.0,0.0,0.0,0.0,0.0,0.0,1.0
1779266937.6095572,-3323857005594.153,1153098816057.2559,2.8076678876434817,111544789186221.05,-6.944131862089344e-05,0.0,0.0,0.0,0.0,0.0,0.0,1.0
1779266937.6197212,-3359241018784.931,1165374203380.9429,2.8076678590829705,112298361066966.77,6.944131862089353e-05,0.0,0.0,0.0,0.0,0.0,0.0,1.0
1779266937.6309617,-3314702816194.841,1149923302373.9402,2.807667829564192,112780570855186.12,-6.944131862089367e-05,0.0,0.0,0.0,0.0,0.0,0.0,1.0
1779266937.6411555,-3379470982874.206,1172392526833.344,2.8076678006809512,113675577082071.6,6.944131862089336e-05,0.0,0.0,0.0,0.0,0.0,0.0,1.0
1779266937.6515253,-3412856362798.24,1183974561197.0295,2.8076677721233665,114447444658429.73,-6.94413186208938e-05,0.0,0.0,0.0,0.0,0.0,0.0,1.0
1779266937.6619184,-3439778081021.3594,1193314248567.6572,2.8076677437751894,115196819888624.08,6.944131862089326e-05,0.0,0.0,0.0,0.0,0.0,0.0,1.0
1779266937.672555,-3453438023001.837,1198053214564.3547,2.80766771516366,115910566305439.08,-6.944131862089383e-05,0.0,0.0,0.0,0.0,0.0,0.0,1.0
1779266937.6827884,-3473443183977.382,1204993436090.1655,2.8076676879697935,116623615246345.33,6.944131862089327e-05,0.0,0.0,0.0,0.0,0.0,0.0,1.0
1779266937.6931162,-3497573670469.0356,1213364801570.017,2.807667660496991,117367390168384.23,-6.944131862089383e-05,0.0,0.0,0.0,0.0,0.0,0.0,1.0
1779266937.7037168,-3515351420590.8774,1219532302976.1992,2.807667632451232,118109803977559.83,6.944131862089327e-05,0.0,0.0,0.0,0.0,0.0,0.0,1.0
1779266937.7141545,-3545722669584.66,1230068693329.6636,2.8076676048467597,118897764095763.62,-6.944131862089383e-05,0.0,0.0,0.0,0.0,0.0,0.0,1.0
1779266937.7248237,-3557358802256.233,1234105569224.6523,2.807667577114154,119626534556187.73,6.944131862089327e-05,0.0,0.0,0.0,0.0,0.0,0.0,1.0
1779266937.7354295,-3576939548988.1943,1240898561409.6062,2.807667549600966,120390059587045.94,-6.944131862089383e-05,0.0,0.0,0.0,0.0,0.0,0.0,1.0
1779266937.7456048,-3610813826524.6064,1252650208956.2205,2.807667523617768,121176441617193.86,6.944131862089327e-05,0.0,0.0,0.0,0.0,0.0,0.0,1.0
1779266937.7555842,-3653125301605.79,1267328858952.8733,2.8076674978489535,121995481122184.34,-6.944131862089383e-05,0.0,0.0,0.0,0.0,0.0,0.0,1.0
1779266937.7663295,-3652156614188.682,1266992917668.2256,2.807667470770453,122693225583111.56,6.944131862089327e-05,0.0,0.0,0.0,0.0,0.0,0.0,1.0
1779266937.7766383,-3684729224879.737,1278293000623.8374,2.8076674446507823,123503244103732.5,-6.944131862089374e-05,0.0,0.0,0.0,0.0,0.0,0.0,1.0
1779266937.787106,-3711597079389.953,1287614012477.4004,2.8076674182017705,124308506593577.52,6.944131862089352e-05,0.0,0.0,0.0,0.0,0.0,0.0,1.0
1779266937.7975307,-3727449473115.773,1293113579153.1143,2.807667392319118,125065483325519.4,-6.944131862089346e-05,0.0,0.0,0.0,0.0,0.0,0.0,1.0
1779266937.807862,-3755884082280.826,1302978124355.437,2.8076673666081184,125874878348038.78,6.944131862089372e-05,0.0,0.0,0.0,0.0,0.0,0.0,1.0
1779266937.8181345,-3788929260922.8853,1314442152886.5347,2.80766734114032,126702977025405.48,-6.944131862089332e-05,0.0,0.0,0.0,0.0,0.0,0.0,1.0
1779266937.8284328,-3815045066644.715,1323502268070.1143,2.8076673158766905,127507004786759.25,6.944131862089383e-05,0.0,0.0,0.0,0.0,0.0,0.0,1.0
1779266937.8389745,-3828646515642.5205,1328220947772.0215,2.8076672902817474,128282740341599.3,-6.944131862089323e-05,0.0,0.0,0.0,0.0,0.0,0.0,1.0
1779266937.8494225,-3862319565563.9062,1339902800263.0376,2.807667264715553,129143832198924.81,6.944131862089386e-05,0.0,0.0,0.0,0.0,0.0,0.0,1.0
1779266937.8597646,-3873922647337.7705,1343928211541.083,2.8076672401845872,129899529252444.05,-6.944131862089326e-05,0.0,0.0,0.0,0.0,0.0,0.0,1.0
1779266937.870162,-3906598212235.2617,1355264021324.2305,2.8076672150579007,130763278652506.69,6.944131862089383e-05,0.0,0.0,0.0,0.0,0.0,0.0,1.0
1779266937.8807206,-3896302207784.411,1351692275263.505,2.8076671905879014,131454503434901.02,-6.944131862089327e-05,0.0,0.0,0.0,0.0,0.0,0.0,1.0
1779266937.890857,-3954533872198.1074,1371893923479.3157,2.8076671662565262,132412365263666.8,6.944131862089383e-05,0.0,0.0,0.0,0.0,0.0,0.0,1.0
1779266937.901346,-3965605885067.763,1375735100695.788,2.8076671418697146,133200128126301.83,-6.944131862089327e-05,0.0,0.0,0.0,0.0,0.0,0.0,1.0
1779266937.9118435,-3995100685588.1714,1385967453688.0898,2.807667117286254,134074908814750.83,6.944131862089383e-05,0.0,0.0,0.0,0.0,0.0,0.0,1.0
1779266937.9220867,-4035142125133.1367,1399858612173.12,2.8076670933722117,134976741138047.64,-6.944131862089327e-05,0.0,0.0,0.0,0.0,0.0,0.0,1.0
1779266937.93278,-4021463394848.7617,1395113341118.7915,2.8076670693444132,135688869584505.38,6.944131862089383e-05,0.0,0.0,0.0,0.0,0.0,0.0,1.0
1779266937.9430268,-4082153214020.576,1416167773918.2588,2.807667045433984,136691129673952.44,-6.944131862089327e-05,0.0,0.0,0.0,0.0,0.0,0.0,1.0
1779266937.9533873,-4104572934765.9688,1423945663773.3223,2.807667021951284,137540603263714.36,6.94413186208937e-05,0.0,0.0,0.0,0.0,0.0,0.0,1.0
1779266937.963996,-4124244318190.4673,1430770111747.975,2.8076669979977478,138406307833704.88,-6.944131862089356e-05,0.0,0.0,0.0,0.0,0.0,0.0,1.0
1779266937.9745336,-4141178667696.3086,1436645035849.3284,2.8076669744798046,139258078753329.67,6.944131862089344e-05,0.0,0.0,0.0,0.0,0.0,0.0,1.0
1779266937.9849415,-4172573101297.283,1447536408583.933,2.8076669512253796,140166390901691.98,-6.944131862089375e-05,0.0,0.0,0.0,0.0,0.0,0.0,1.0
1779266937.9955795,-4185490200912.0664,1452017681897.1353,2.8076669278213338,141020440373779.66,6.944131862089329e-05,0.0,0.0,0.0,0.0,0.0,0.0,1.0
1779266938.0059135,-4232300219184.8994,1468256985167.0935,2.8076669048394347,141998698798797.25,-6.944131862089386e-05,0.0,0.0,0.0,0.0,0.0,0.0,1.0
1779266938.016579,-4240639208754.673,1471150034701.5288,2.8076668817349137,142844934687450.6,6.944131862089326e-05,0.0,0.0,0.0,0.0,0.0,0.0,1.0
1779266938.027144,-4263929989303.8296,1479230115615.767,2.8076668589070177,143750376084547.72,-6.944131862089383e-05,0.0,0.0,0.0,0.0,0.0,0.0,1.0
1779266938.0372875,-4312286655502.992,1496005979230.3926,2.807666836850565,144731890020479.38,6.944131862089327e-05,0.0,0.0,0.0,0.0,0.0,0.0,1.0
1779266938.047902,-4318794806924.743,1498263879389.13,2.8076668143693446,145580058170199.47,-6.944131862089383e-05,0.0,0.0,0.0,0.0,0.0,0.0,1.0
1779266938.0580263,-4375038695041.405,1517775958223.9714,2.807666792520987,146603797979884.16,6.944131862089327e-05,0.0,0.0,0.0,0.0,0.0,0.0,1.0
1779266938.0686789,-4379394405479.424,1519287140202.7559,2.8076667702471862,147456103536826.94,-6.944131862089383e-05,0.0,0.0,0.0,0.0,0.0,0.0,1.0
1779266938.0789402,-4439142613115.425,1540014932273.5469,2.807666748260724,148518757881979.97,6.944131862089327e-05,0.0,0.0,0.0,0.0,0.0,0.0,1.0
1779266938.0894501,-4464782347649.318,1548909909685.0544,2.8076667262053103,149462689865531.66,-6.944131862089383e-05,0.0,0.0,0.0,0.0,0.0,0.0,1.0
1779266938.1003013,-4448574375325.703,1543287196606.8796,2.8076667041532186,150261443497909.16,6.944131862089327e-05,0.0,0.0,0.0,0.0,0.0,0.0,1.0
1779266938.1108692,-4481271377707.352,1554630463677.2021,2.8076666823267633,151252017458289.56,-6.944131862089383e-05,0.0,0.0,0.0,0.0,0.0,0.0,1.0
1779266938.1212556,-4532066679237.816,1572252344240.6445,2.807666660772961,152309723564300.1,6.944131862089332e-05,0.0,0.0,0.0,0.0,0.0,0.0,1.0
1779266938.1319351,-4541632164943.2295,1575570888876.1318,2.8076666392148795,153221351123906.53,-6.944131862089361e-05,0.0,0.0,0.0,0.0,0.0,0.0,1.0
1779266938.1420598,-4582993891097.967,1589920097446.6924,2.807666618766838,154219020666409.94,6.944131862089361e-05,0.0,0.0,0.0,0.0,0.0,0.0,1.0
1779266938.1523414,-4620004203665.5,1602759727276.7937,2.807666598087664,155219254282686.06,-6.94413186208934e-05,0.0,0.0,0.0,0.0,0.0,0.0,1.0
1779266938.1626103,-4651799554968.422,1613790196670.2012,2.807666577645982,156199508397663.12,6.944131862089378e-05,0.0,0.0,0.0,0.0,0.0,0.0,1.0
1779266938.1731477,-4688929864268.057,1626671459373.591,2.8076665566852874,157233254033364.97,-6.944131862089327e-05,0.0,0.0,0.0,0.0,0.0,0.0,1.0
1779266938.1837614,-4707784853996.833,1633212696178.2437,2.8076665357718316,158207068230172.34,6.944131862089387e-05,0.0,0.0,0.0,0.0,0.0,0.0,1.0
1779266938.1937072,-4771087353901.165,1655173547275.7644,2.8076665160123824,159308444038100.97,-6.944131862089325e-05,0.0,0.0,0.0,0.0,0.0,0.0,1.0
1779266938.2037535,-4811587747531.3,1669223950153.798,2.807666496372205,160325233615663.22,6.944131862089384e-05,0.0,0.0,0.0,0.0,0.0,0.0,1.0
1779266938.2144341,-4814189391175.092,1670126617936.0356,2.8076664758290164,161251355879139.84,-6.944131862089326e-05,0.0,0.0,0.0,0.0,0.0,0.0,1.0
1779266938.2250106,-4831005814225.331,1675960641686.02,2.807666455554976,162234333216194.9,6.944131862089383e-05,0.0,0.0,0.0,0.0,0.0,0.0,1.0
1779266938.2354565,-4873363219712.213,1690655281391.4238,2.8076664354017407,163321287161103.1,-6.944131862089327e-05,0.0,0.0,0.0,0.0,0.0,0.0,1.0
1779266938.246227,-4873467693829.448,1690691637952.8945,2.807666415151423,164265289078367.22,6.944131862089383e-05,0.0,0.0,0.0,0.0,0.0,0.0,1.0
1779266938.256789,-4909639419083.787,1703240358589.871,2.807666395164972,165348533128920.47,-6.944131862089327e-05,0.0,0.0,0.0,0.0,0.0,0.0,1.0
1779266938.267229,-4959886489004.429,1720672065058.678,2.8076663753732376,166486520719903.5,6.944131862089383e-05,0.0,0.0,0.0,0.0,0.0,0.0,1.0
1779266938.2777636,-4988997875420.041,1730771430968.9878,2.807666355686358,167549820468470.6,-6.944131862089327e-05,0.0,0.0,0.0,0.0,0.0,0.0,1.0
1779266938.2884405,-4982766977154.571,1728609933210.146,2.807666336315461,168477781670115.9,6.944131862089383e-05,0.0,0.0,0.0,0.0,0.0,0.0,1.0
1779266938.298975,-5028140390814.914,1744350885441.1855,2.8076663168511935,169621792298714.0,-6.944131862089337e-05,0.0,0.0,0.0,0.0,0.0,0.0,1.0
1779266938.3092275,-5079729132398.983,1762248043962.325,2.8076662979844222,170768546289710.25,6.944131862089359e-05,0.0,0.0,0.0,0.0,0.0,0.0,1.0
1779266938.319604,-5120716418598.313,1776467371237.7935,2.807666279080177,171887032548870.16,-6.944131862089364e-05,0.0,0.0,0.0,0.0,0.0,0.0,1.0
1779266938.3300567,-5154826775195.284,1788300970940.4163,2.8076662601666307,172991522666097.7,6.944131862089337e-05,0.0,0.0,0.0,0.0,0.0,0.0,1.0
1779266938.3405359,-5152149316058.603,1787372221724.0684,2.8076662417916065,173941768627712.6,-6.94413186208938e-05,0.0,0.0,0.0,0.0,0.0,0.0,1.0
1779266938.3504224,-5242259171121.289,1818633042968.4155,2.807666223793343,175235932856251.56,6.944131862089326e-05,0.0,0.0,0.0,0.0,0.0,0.0,1.0
1779266938.3609312,-5266427820539.207,1827017689340.9683,2.807666205198193,176320192092763.34,-6.944131862089383e-05,0.0,0.0,0.0,0.0,0.0,0.0,1.0
1779266938.3715131,-5294985703831.652,1836925041003.5938,2.80766618649957,177441006092598.53,6.944131862089327e-05,0.0,0.0,0.0,0.0,0.0,0.0,1.0
1779266938.3816705,-5341406458041.469,1853029339081.3447,2.8076661686752242,178593103771019.25,-6.944131862089383e-05,0.0,0.0,0.0,0.0,0.0,0.0,1.0
1779266938.3923607,-5341473619967.039,1853052750583.386,2.807666150294894,179614380310363.2,6.944131862089327e-05,0.0,0.0,0.0,0.0,0.0,0.0,1.0
1779266938.4025054,-5402539374967.453,1874237664108.98,2.807666132608472,180841876959471.0,-6.944131862089383e-05,0.0,0.0,0.0,0.0,0.0,0.0,1.0
1779266938.412829,-5430109362600.782,1883802296657.999,2.807666114975337,181949789115510.5,6.944131862089327e-05,0.0,0.0,0.0,0.0,0.0,0.0,1.0
1779266938.4234934,-5454274924662.537,1892185876731.4583,2.807666096753458,183094087331515.7,-6.944131862089383e-05,0.0,0.0,0.0,0.0,0.0,0.0,1.0
1779266938.4337957,-5509416197985.961,1911315486291.796,2.807666079110909,184334691829937.72,6.944131862089327e-05,0.0,0.0,0.0,0.0,0.0,0.0,1.0
1779266938.4446318,-5494592248559.037,1906172903455.5203,2.8076660612949187,185334586835058.03,-6.944131862089383e-05,0.0,0.0,0.0,0.0,0.0,0.0,1.0
1779266938.4549494,-5569527107741.738,1932169267782.4585,2.807666043666334,186680090420424.34,6.944131862089327e-05,0.0,0.0,0.0,0.0,0.0,0.0,1.0
1779266938.465795,-5577779607009.015,1935032322467.396,2.8076660257063217,187804953581932.8,-6.944131862089379e-05,0.0,0.0,0.0,0.0,0.0,0.0,1.0
1779266938.4766169,-5574184587415.013,1933785257672.9346,2.8076660081562395,188878077665301.66,6.944131862089344e-05,0.0,0.0,0.0,0.0,0.0,0.0,1.0
1779266938.4865205,-5673029720263.4,1968076528821.344,2.807665991620956,190288743147398.97,-6.944131862089353e-05,0.0,0.0,0.0,0.0,0.0,0.0,1.0
1779266938.4972956,-5681368875566.478,1970969644833.858,2.8076659742891437,191416960786964.75,6.944131862089367e-05,0.0,0.0,0.0,0.0,0.0,0.0,1.0
1779266938.5072863,-5762025313461.587,1998950931970.981,2.807665957954523,192768112702922.88,-6.944131862089336e-05,0.0,0.0,0.0,0.0,0.0,0.0,1.0
1779266938.5173807,-5813611732449.878,2016847304313.2896,2.8076659416316225,194016605756289.16,6.94413186208938e-05,0.0,0.0,0.0,0.0,0.0,0.0,1.0
1779266938.5282116,-5816059532300.302,2017696602775.4595,2.807665924602661,195140269247933.94,-6.944131862089326e-05,0.0,0.0,0.0,0.0,0.0,0.0,1.0
1779266938.5385585,-5878987542255.98,2039527584158.2236,2.807665907928982,196485704187223.94,6.944131862089383e-05,0.0,0.0,0.0,0.0,0.0,0.0,1.0
1779266938.54869,-5919258009540.023,2053498250076.92,2.807665891942401,197709298340226.56,-6.944131862089327e-05,0.0,0.0,0.0,0.0,0.0,0.0,1.0
1779266938.5592926,-5937605710415.618,2059863513594.5737,2.8076658753311285,198908058181183.84,6.944131862089383e-05,0.0,0.0,0.0,0.0,0.0,0.0,1.0
1779266938.5693536,-5994373297584.497,2079557332552.082,2.8076658595610766,200208312126216.7,-6.944131862089327e-05,0.0,0.0,0.0,0.0,0.0,0.0,1.0
1779266938.5796075,-6032444383405.968,2092764996268.2087,2.8076658436530275,201459679091678.44,6.944131862089383e-05,0.0,0.0,0.0,0.0,0.0,0.0,1.0
1779266938.58979,-6082007256523.144,2109959371473.442,2.8076658278684636,202759299090027.88,-6.944131862089327e-05,0.0,0.0,0.0,0.0,0.0,0.0,1.0
1779266938.6005318,-6074909445372.932,2107497123289.8604,2.807665811625035,203893514962362.25,6.944131862089383e-05,0.0,0.0,0.0,0.0,0.0,0.0,1.0
1779266938.6108818,-6113051009877.896,2120729240098.415,2.8076657959037483,205179934625494.66,-6.944131862089327e-05,0.0,0.0,0.0,0.0,0.0,0.0,1.0
1779266938.6208534,-6190583636024.5625,2147626836402.1318,2.8076657806468326,206593241355789.3,6.944131862089383e-05,0.0,0.0,0.0,0.0,0.0,0.0,1.0
1779266938.631357,-6203966254592.342,2152269623008.6445,2.8076657649548338,207808617306636.1,-6.944131862089327e-05,0.0,0.0,0.0,0.0,0.0,0.0,1.0
1779266938.6416607,-6248765932045.485,2167811563276.5146,2.8076657495397175,209138961053309.28,6.944131862089374e-05,0.0,0.0,0.0,0.0,0.0,0.0,1.0
1779266938.6519902,-6296544162579.04,2184386819555.8745,2.807665734143944,210493135505399.6,-6.944131862089352e-05,0.0,0.0,0.0,0.0,0.0,0.0,1.0
1779266938.662026,-6361828521171.145,2207035272462.5854,2.807665719204625,211890392760960.1,6.944131862089346e-05,0.0,0.0,0.0,0.0,0.0,0.0,1.0
1779266938.672763,-6350618149309.709,2203146300322.9746,2.807665703670981,213060405193859.06,-6.944131862089372e-05,0.0,0.0,0.0,0.0,0.0,0.0,1.0
1779266938.6828609,-6433134845718.687,2231772972125.9966,2.807665688728764,214556253550072.97,6.944131862089332e-05,0.0,0.0,0.0,0.0,0.0,0.0,1.0
1779266938.6933827,-6443237651843.459,2235277932905.0576,2.807665673616393,215804361673598.7,-6.944131862089383e-05,0.0,0.0,0.0,0.0,0.0,0.0,1.0
1779266938.703942,-6469188766995.441,2244280965533.563,2.8076656584678332,217135181056483.1,6.944131862089323e-05,0.0,0.0,0.0,0.0,0.0,0.0,1.0
1779266938.7150023,-6420720755911.729,2227466630194.395,2.8076656431441425,218220926093890.3,-6.944131862089386e-05,0.0,0.0,0.0,0.0,0.0,0.0,1.0
1779266938.725138,-6563098888290.799,2276860348790.963,2.807665628211706,220017217550594.38,6.944131862089326e-05,0.0,0.0,0.0,0.0,0.0,0.0,1.0
1779266938.7356634,-6601394689915.11,2290145982973.212,2.807665613337935,221420091988386.88,-6.944131862089383e-05,0.0,0.0,0.0,0.0,0.0,0.0,1.0
1779266938.7459264,-6643526533570.087,2304762409243.5293,2.8076655990085335,222806071911952.6,6.944131862089327e-05,0.0,0.0,0.0,0.0,0.0,0.0,1.0
1779266938.756501,-6666069341172.797,2312583038488.2515,2.8076655843849316,224160896128522.5,-6.944131862089383e-05,0.0,0.0,0.0,0.0,0.0,0.0,1.0
1779266938.767085,-6706952357208.471,2326766227671.9463,2.8076655697066073,225608879507618.9,6.944131862089327e-05,0.0,0.0,0.0,0.0,0.0,0.0,1.0
1779266938.7770002,-6805800696376.146,2361058660673.5127,2.80766555584597,227215480654556.7,-6.944131862089383e-05,0.0,0.0,0.0,0.0,0.0,0.0,1.0
1779266938.787391,-6823508633545.578,2367201982901.1924,2.8076655417751697,228545593746627.6,6.944131862089327e-05,0.0,0.0,0.0,0.0,0.0,0.0,1.0
1779266938.797757,-6857293021263.021,2378922525420.5146,2.8076655277622082,229950381125721.22,-6.944131862089383e-05,0.0,0.0,0.0,0.0,0.0,0.0,1.0
1779266938.8079872,-6908284785990.746,2396612626972.314,2.8076655140071622,231412735218403.3,6.944131862089327e-05,0.0,0.0,0.0,0.0,0.0,0.0,1.0
1779266938.8182523,-6973692432108.593,2419303868739.8843,2.8076655001007182,232958778556443.34,-6.94413186208937e-05,0.0,0.0,0.0,0.0,0.0,0.0,1.0
1779266938.8286984,-6975736676652.67,2420013164653.0264,2.807665486411631,234260111834168.16,6.944131862089356e-05,0.0,0.0,0.0,0.0,0.0,0.0,1.0
1779266938.8390753,-7027360061420.528,2437922391092.7812,2.807665472632239,235778671888292.9,-6.944131862089344e-05,0.0,0.0,0.0,0.0,0.0,0.0,1.0
1779266938.8495238,-7089055551120.238,2459325820995.9727,2.807665458751737,237361150867020.4,6.944131862089375e-05,0.0,0.0,0.0,0.0,0.0,0.0,1.0
1779266938.860098,-7127440284492.504,2472642315058.6567,2.8076654448941394,238869193398802.4,-6.944131862089329e-05,0.0,0.0,0.0,0.0,0.0,0.0,1.0
1779266938.8706121,-7166502786671.842,2486193939837.7344,2.8076654312328078,240378485554114.8,6.944131862089386e-05,0.0,0.0,0.0,0.0,0.0,0.0,1.0
1779266938.881101,-7190392401430.695,2494481805485.0337,2.807665417787492,241827215105105.97,-6.944131862089326e-05,0.0,0.0,0.0,0.0,0.0,0.0,1.0
1779266938.8911788,-7260498441154.8955,2518803013036.373,2.8076654048526457,243415617779959.12,6.944131862089383e-05,0.0,0.0,0.0,0.0,0.0,0.0,1.0
1779266938.9012759,-7339062607901.649,2546058505433.162,2.807665391853586,245055806780283.12,-6.944131862089327e-05,0.0,0.0,0.0,0.0,0.0,0.0,1.0
1779266938.9118872,-7343474239848.279,2547589094710.755,2.80766537853315,246465747923331.75,6.944131862089383e-05,0.0,0.0,0.0,0.0,0.0,0.0,1.0
1779266938.9229066,-7353693869022.053,2551134591431.8467,2.807665364683345,247980282133404.72,-6.944131862089327e-05,0.0,0.0,0.0,0.0,0.0,0.0,1.0
1779266938.933344,-7432978426189.143,2578640007483.0527,2.807665351502804,249703925454243.9,6.944131862089383e-05,0.0,0.0,0.0,0.0,0.0,0.0,1.0
1779266938.9439604,-7455743185200.213,2586537642813.8384,2.8076653383863484,251222685262017.2,-6.944131862089327e-05,0.0,0.0,0.0,0.0,0.0,0.0,1.0
1779266938.9543214,-7514705366565.713,2606992844642.1426,2.8076653255902837,252862668554913.8,6.944131862089383e-05,0.0,0.0,0.0,0.0,0.0,0.0,1.0
1779266938.9650576,-7519361141699.14,2608608132621.6074,2.8076653126143754,254336994540568.28,-6.944131862089327e-05,0.0,0.0,0.0,0.0,0.0,0.0,1.0
1779266938.9753997,-7624779071836.742,2645179713167.658,2.8076652997868363,256196493850174.62,6.944131862089383e-05,0.0,0.0,0.0,0.0,0.0,0.0,1.0
1779266938.9860225,-7646014126038.395,2652546666006.8237,2.807665287015138,257744816031177.25,-6.944131862089332e-05,0.0,0.0,0.0,0.0,0.0,0.0,1.0
1779266938.9962368,-7705825305369.348,2673296402947.7734,2.8076652747688957,259397362110170.5,6.944131862089361e-05,0.0,0.0,0.0,0.0,0.0,0.0,1.0
1779266939.006618,-7786460507799.547,2701270390176.734,2.807665262293897,261172313221661.06,-6.944131862089361e-05,0.0,0.0,0.0,0.0,0.0,0.0,1.0
1779266939.0173416,-7787160305729.009,2701513275119.2974,2.807665249701449,262677030444385.5,6.94413186208934e-05,0.0,0.0,0.0,0.0,0.0,0.0,1.0
1779266939.027695,-7887617533391.752,2736363901497.4883,2.8076652372803004,264560604182803.3,-6.944131862089378e-05,0.0,0.0,0.0,0.0,0.0,0.0,1.0
1779266939.0377026,-7969205927785.262,2764668569653.372,2.8076652254787673,266307269749279.56,6.944131862089327e-05,0.0,0.0,0.0,0.0,0.0,0.0,1.0
1779266939.0479162,-8003841364470.115,2776684367700.8384,2.8076652136704254,267892850839614.5,-6.944131862089387e-05,0.0,0.0,0.0,0.0,0.0,0.0,1.0
1779266939.0586395,-8014918404884.849,2780527315432.3643,2.807665201346884,269477732141827.3,6.944131862089325e-05,0.0,0.0,0.0,0.0,0.0,0.0,1.0
1779266939.0689788,-8047023574133.85,2791665316918.2188,2.807665189639507,271086528451768.06,-6.944131862089384e-05,0.0,0.0,0.0,0.0,0.0,0.0,1.0
1779266939.079229,-8137465258378.174,2823041366165.5034,2.807665177807648,272951860566616.78,6.944131862089326e-05,0.0,0.0,0.0,0.0,0.0,0.0,1.0
1779266939.0891461,-8255829470367.621,2864104270674.7324,2.8076651663405343,274886376168786.75,-6.944131862089383e-05,0.0,0.0,0.0,0.0,0.0,0.0,1.0
1779266939.0995805,-8285538639021.301,2874411057286.1357,2.8076651545706444,276539472097881.62,6.944131862089327e-05,0.0,0.0,0.0,0.0,0.0,0.0,1.0
1779266939.1101842,-8310932157922.779,2883220664151.6235,2.807665142761648,278205177756951.75,-6.944131862089383e-05,0.0,0.0,0.0,0.0,0.0,0.0,1.0
1779266939.12033,-8382019180790.172,2907882216176.604,2.807665131420589,280001172225757.75,6.944131862089327e-05,0.0,0.0,0.0,0.0,0.0,0.0,1.0
1779266939.1305728,-8424406510714.125,2922587298355.3955,2.8076651201149243,281701691214693.0,-6.944131862089383e-05,0.0,0.0,0.0,0.0,0.0,0.0,1.0
1779266939.1407676,-8485617001717.648,2943822495006.2397,2.807665108872003,283484943901012.0,6.944131862089327e-05,0.0,0.0,0.0,0.0,0.0,0.0,1.0
1779266939.1514544,-8502991535044.386,2949850165010.333,2.807665097208351,285183846443498.0,-6.944131862089383e-05,0.0,0.0,0.0,0.0,0.0,0.0,1.0
1779266939.1617138,-8606005723458.74,2985587867108.049,2.8076650858507097,287185274003908.06,6.944131862089337e-05,0.0,0.0,0.0,0.0,0.0,0.0,1.0
1779266939.1720877,-8604488823210.896,2985061734188.142,2.8076650748510428,288756304157944.8,-6.944131862089359e-05,0.0,0.0,0.0,0.0,0.0,0.0,1.0
1779266939.1826124,-8684388229362.915,3012780480117.189,2.807665063411325,290726716086905.8,6.944131862089364e-05,0.0,0.0,0.0,0.0,0.0,0.0,1.0
1779266939.193024,-8721652698012.64,3025708348396.3257,2.807665052351198,292497895276098.6,-6.944131862089337e-05,0.0,0.0,0.0,0.0,0.0,0.0,1.0
1779266939.2034178,-8803611641357.986,3054141588291.0967,2.8076650412001882,294474210176582.44,6.94413186208938e-05,0.0,0.0,0.0,0.0,0.0,0.0,1.0
1779266939.2136629,-8863786206462.074,3075017408548.3213,2.8076650303916173,296333360890448.4,-6.944131862089326e-05,0.0,0.0,0.0,0.0,0.0,0.0,1.0
1779266939.2242572,-8882395641864.814,3081473490551.0967,2.8076650193601997,298092708327202.0,6.944131862089383e-05,0.0,0.0,0.0,0.0,0.0,0.0,1.0
1779266939.234458,-8944032047921.61,3102856452140.913,2.807665008785464,299967412828403.8,-6.944131862089327e-05,0.0,0.0,0.0,0.0,0.0,0.0,1.0
1779266939.2451277,-9004160730530.574,3123716361050.928,2.807664997655678,301947154074544.8,6.944131862089383e-05,0.0,0.0,0.0,0.0,0.0,0.0,1.0
1779266939.2553384,-9052498653362.79,3140485824408.45,2.8076649872422976,303787406064601.9,-6.944131862089327e-05,0.0,0.0,0.0,0.0,0.0,0.0,1.0
1779266939.265722,-9142029593249.346,3171545941519.9688,2.8076649765109627,305857341290833.6,6.944131862089383e-05,0.0,0.0,0.0,0.0,0.0,0.0,1.0
1779266939.276077,-9139051835164.037,3170513008137.644,2.8076649662384234,307521583061940.44,-6.944131862089327e-05,0.0,0.0,0.0,0.0,0.0,0.0,1.0
1779266939.2864873,-9239132880877.055,3205233162501.421,2.807664955603447,309663755254798.2,6.944131862089383e-05,0.0,0.0,0.0,0.0,0.0,0.0,1.0
1779266939.2972033,-9243584978509.633,3206777793054.517,2.807664944978171,311463180614996.1,-6.944131862089327e-05,0.0,0.0,0.0,0.0,0.0,0.0,1.0
1779266939.3072314,-9380604382224.96,3254312575992.543,2.8076649348245803,313707042252513.5,6.944131862089383e-05,0.0,0.0,0.0,0.0,0.0,0.0,1.0
1779266939.3174534,-9463780736433.438,3283168168320.908,2.8076649246279253,315767774563669.2,-6.944131862089327e-05,0.0,0.0,0.0,0.0,0.0,0.0,1.0
1779266939.3280256,-9461560651208.48,3282398088621.9976,2.8076649143703936,317538975256114.44,6.944131862089379e-05,0.0,0.0,0.0,0.0,0.0,0.0,1.0
1779266939.3387492,-9511003862323.016,3299551007453.3516,2.8076649038542207,319583163124499.1,-6.944131862089344e-05,0.0,0.0,0.0,0.0,0.0,0.0,1.0
1779266939.3492258,-9572718430634.38,3320961095902.6196,2.8076648936677966,321638527481587.4,6.944131862089353e-05,0.0,0.0,0.0,0.0,0.0,0.0,1.0
1779266939.3598871,-9597681640381.727,3329621428468.085,2.807664883450469,323585866367821.4,-6.944131862089367e-05,0.0,0.0,0.0,0.0,0.0,0.0,1.0
1779266939.37059,-9621623647474.215,3337927486079.988,2.8076648733191316,325542820220963.94,6.944131862089336e-05,0.0,0.0,0.0,0.0,0.0,0.0,1.0
1779266939.380753,-9747837272811.977,3381713546678.9385,2.8076648635624277,327840074556557.1,-6.94413186208938e-05,0.0,0.0,0.0,0.0,0.0,0.0,1.0
1779266939.3911893,-9824801787255.086,3408414139414.4854,2.807664853642576,329998694554578.06,6.944131862089326e-05,0.0,0.0,0.0,0.0,0.0,0.0,1.0
1779266939.40169,-9895889688062.479,3433076022311.4053,2.807664843732206,332155542910117.5,-6.944131862089383e-05,0.0,0.0,0.0,0.0,0.0,0.0,1.0
1779266939.411783,-9982809296583.662,3463230229019.01,2.8076648343020363,334299207265005.7,6.944131862089327e-05,0.0,0.0,0.0,0.0,0.0,0.0,1.0
1779266939.422275,-10024787862913.32,3477793519439.066,2.8076648245964284,336349826812000.6,-6.944131862089383e-05,0.0,0.0,0.0,0.0,0.0,0.0,1.0
1779266939.4325795,-10077815283766.74,3496189870806.371,2.807664815156338,338415239095261.44,6.944131862089327e-05,0.0,0.0,0.0,0.0,0.0,0.0,1.0
1779266939.4434044,-10109484984784.938,3507176819283.45,2.807664805238254,340525356142301.0,-6.944131862089383e-05,0.0,0.0,0.0,0.0,0.0,0.0,1.0
1779266939.4535456,-10205362949786.695,3540438858368.767,2.8076647959912906,342765811896088.44,6.944131862089327e-05,0.0,0.0,0.0,0.0,0.0,0.0,1.0
1779266939.4640508,-10276454083671.812,3565101867404.278,2.8076647864611104,344993132310399.94,-6.944131862089383e-05,0.0,0.0,0.0,0.0,0.0,0.0,1.0
1779266939.4746807,-10316841329627.61,3579113101210.5054,2.807664776940113,347128271677573.7,6.944131862089327e-05,0.0,0.0,0.0,0.0,0.0,0.0,1.0
1779266939.485177,-10405023397978.703,3609705290388.5195,2.807664767492989,349455929303955.5,-6.944131862089383e-05,0.0,0.0,0.0,0.0,0.0,0.0,1.0
1779266939.4953513,-10470284962933.578,3632345907219.6235,2.807664758530394,351613577104857.94,6.944131862089327e-05,0.0,0.0,0.0,0.0,0.0,0.0,1.0
1779266939.5056145,-10587962416295.53,3673170620966.2754,2.8076647493611944,354037930320000.1,-6.944131862089374e-05,0.0,0.0,0.0,0.0,0.0,0.0,1.0
1779266939.515968,-10590506977170.512,3674053487011.722,2.807664740465225,355987971034056.9,6.944131862089352e-05,0.0,0.0,0.0,0.0,0.0,0.0,1.0
1779266939.5257668,-10780728434309.441,3740045131524.8076,2.807664731701565,358643790884389.25,-6.944131862089346e-05,0.0,0.0,0.0,0.0,0.0,0.0,1.0
1779266939.5365467,-10753804068756.506,3730704655190.5713,2.8076647225138407,360591811737607.6,6.944131862089372e-05,0.0,0.0,0.0,0.0,0.0,0.0,1.0
1779266939.5469728,-10842664987290.045,3761532355925.937,2.8076647134567647,362983667363888.75,-6.944131862089332e-05,0.0,0.0,0.0,0.0,0.0,0.0,1.0
1779266939.5577161,-10829268570387.168,3756884988711.6123,2.8076647044321117,365009101219866.94,6.944131862089383e-05,0.0,0.0,0.0,0.0,0.0,0.0,1.0
1779266939.5677266,-10961248766495.896,3802671608597.39,2.8076646958639344,367507607698047.3,-6.944131862089323e-05,0.0,0.0,0.0,0.0,0.0,0.0,1.0
1779266939.5783398,-11032164441957.55,3827273757151.2925,2.807664686842121,369904727458556.9,6.944131862089386e-05,0.0,0.0,0.0,0.0,0.0,0.0,1.0
1779266939.588662,-11078132340824.254,3843221030432.1924,2.8076646782731256,372124480183569.75,-6.944131862089326e-05,0.0,0.0,0.0,0.0,0.0,0.0,1.0
1779266939.599156,-11159023560702.46,3871283891056.046,2.8076646694863427,374559261632277.25,6.944131862089383e-05,0.0,0.0,0.0,0.0,0.0,0.0,1.0
1779266939.6093974,-11263103182765.607,3907391262008.607,2.8076646609431464,377045280194488.4,-6.944131862089327e-05,0.0,0.0,0.0,0.0,0.0,0.0,1.0
1779266939.6196618,-11312855755850.562,3924651513990.661,2.8076646525664293,379307509944196.06,6.944131862089383e-05,0.0,0.0,0.0,0.0,0.0,0.0,1.0
1779266939.630039,-11407158786443.701,3957367196556.291,2.807664644017951,381810705859598.25,-6.944131862089327e-05,0.0,0.0,0.0,0.0,0.0,0.0,1.0
1779266939.6406314,-11426643576544.46,3964126963790.8423,2.807664635503496,384049625301145.2,6.944131862089383e-05,0.0,0.0,0.0,0.0,0.0,0.0,1.0
1779266939.6510615,-11557020437697.75,4009357370029.1523,2.8076646269316257,386755017188161.7,-6.944131862089327e-05,0.0,0.0,0.0,0.0,0.0,0.0,1.0
1779266939.661684,-11579613917719.928,4017195604057.673,2.807664618465518,389049040820386.3,6.944131862089383e-05,0.0,0.0,0.0,0.0,0.0,0.0,1.0
1779266939.671894,-11664178365531.51,4046532782541.1904,2.8076646103370413,391519081871503.7,-6.944131862089327e-05,0.0,0.0,0.0,0.0,0.0,0.0,1.0
1779266939.682273,-11763730913224.268,4081069630400.6143,2.8076646020648965,394111035562971.8,6.94413186208937e-05,0.0,0.0,0.0,0.0,0.0,0.0,1.0
1779266939.6925354,-11801574068703.457,4094198274003.6562,2.8076645940892506,396414050052448.44,-6.944131862089356e-05,0.0,0.0,0.0,0.0,0.0,0.0,1.0
1779266939.7025476,-11952083347720.26,4146413014438.9033,2.8076645861614633,399157741522768.1,6.944131862089344e-05,0.0,0.0,0.0,0.0,0.0,0.0,1.0
1779266939.7131238,-11902960104485.176,4129371302270.498,2.8076645782286587,401172712301035.9,-6.944131862089375e-05,0.0,0.0,0.0,0.0,0.0,0.0,1.0
1779266939.7229705,-12160793207775.988,4218818796091.3643,2.807664570301151,404380682831972.56,6.944131862089329e-05,0.0,0.0,0.0,0.0,0.0,0.0,1.0
1779266939.7334797,-12202943224574.693,4233441579358.869,2.807664562218644,406829062916194.4,-6.944131862089386e-05,0.0,0.0,0.0,0.0,0.0,0.0,1.0
1779266939.7441506,-12212156518845.465,4236637965040.7246,2.8076645541322476,409190596809545.2,6.944131862089326e-05,0.0,0.0,0.0,0.0,0.0,0.0,1.0
1779266939.7541618,-12345164670797.373,4282781225979.8633,2.807664546479967,411924968977690.4,-6.944131862089383e-05,0.0,0.0,0.0,0.0,0.0,0.0,1.0
1779266939.7645755,-12351685091082.135,4285043397586.7793,2.807664538776528,414222161187907.06,6.944131862089327e-05,0.0,0.0,0.0,0.0,0.0,0.0,1.0
1779266939.7750123,-12476295844330.664,4328273441294.7324,2.8076645308480828,417070637383907.06,-6.944131862089383e-05,0.0,0.0,0.0,0.0,0.0,0.0,1.0
1779266939.7857883,-12473267723393.824,4327223039212.958,2.8076645228982393,419472588824408.06,6.944131862089327e-05,0.0,0.0,0.0,0.0,0.0,0.0,1.0
1779266939.796473,-12520145216406.293,4343485880121.4775,2.807664515103272,422056319433631.8,-6.944131862089383e-05,0.0,0.0,0.0,0.0,0.0,0.0,1.0
1779266939.806614,-12698139824024.322,4405235840099.85,2.807664507519945,425098589463510.5,6.944131862089327e-05,0.0,0.0,0.0,0.0,0.0,0.0,1.0
1779266939.8172817,-12732882313495.74,4417288809576.959,2.807664499762655,427677829617254.3,-6.944131862089383e-05,0.0,0.0,0.0,0.0,0.0,0.0,1.0
1779266939.827686,-12832567634515.633,4451871731903.15,2.8076644921853617,430479681440026.3,6.944131862089327e-05,0.0,0.0,0.0,0.0,0.0,0.0,1.0
1779266939.8380537,-12932468687046.805,4486529496362.665,2.807664484678682,433287551871602.44,-6.944131862089383e-05,0.0,0.0,0.0,0.0,0.0,0.0,1.0
1779266939.848859,-12923261231806.549,4483335360233.57,2.8076644770554786,435755679389701.56,6.944131862089332e-05,0.0,0.0,0.0,0.0,0.0,0.0,1.0
1779266939.859445,-12989281609566.502,4506239249720.866,2.807664469548019,438512240869493.8,-6.944131862089361e-05,0.0,0.0,0.0,0.0,0.0,0.0,1.0
1779266939.869761,-13185262976120.455,4574229184185.421,2.8076644620823217,441775895933118.5,6.944131862089361e-05,0.0,0.0,0.0,0.0,0.0,0.0,1.0
1779266939.8800187,-13226818101694.79,4588645589863.863,2.807664454976302,444351044803878.9,-6.94413186208934e-05,0.0,0.0,0.0,0.0,0.0,0.0,1.0
1779266939.8904102,-13326442028949.33,4623207218042.746,2.8076644477051254,447239333394010.94,6.944131862089378e-05,0.0,0.0,0.0,0.0,0.0,0.0,1.0
1779266939.9005919,-13426000766169.492,4657746229176.8,2.8076644406609983,450075485994421.06,-6.944131862089327e-05,0.0,0.0,0.0,0.0,0.0,0.0,1.0
1779266939.91102,-13567212144468.697,4706735373281.648,2.8076644333603733,453190565225961.1,6.944131862089387e-05,0.0,0.0,0.0,0.0,0.0,0.0,1.0
1779266939.921689,-13577381010653.152,4710263266973.904,2.807664426116119,455819990798904.9,-6.944131862089325e-05,0.0,0.0,0.0,0.0,0.0,0.0,1.0
1779266939.9325888,-13504032278064.826,4684817245503.681,2.807664418896609,458173109596307.56,6.944131862089384e-05,0.0,0.0,0.0,0.0,0.0,0.0,1.0
1779266939.9425097,-13781006623722.914,4780905263000.841,2.807664412042003,461755641000090.75,-6.944131862089326e-05,0.0,0.0,0.0,0.0,0.0,0.0,1.0
1779266939.9524868,-13932555678562.023,4833480753124.779,2.8076644052708524,464841364462634.6,6.944131862089383e-05,0.0,0.0,0.0,0.0,0.0,0.0,1.0
1779266939.9627004,-13988774557865.47,4852984309400.051,2.8076643985068195,467590268822072.1,-6.944131862089327e-05,0.0,0.0,0.0,0.0,0.0,0.0,1.0
1779266939.973281,-14050224557045.262,4874302649607.521,2.8076643914730877,470501762357493.0,6.944131862089383e-05,0.0,0.0,0.0,0.0,0.0,0.0,1.0
1779266939.9838333,-14119935178344.787,4898486764528.656,2.8076643845103106,473455097569045.4,-6.944131862089327e-05,0.0,0.0,0.0,0.0,0.0,0.0,1.0
1779266939.9942496,-14249838410205.307,4943552896080.81,2.8076643776082353,476647325641216.9,6.944131862089383e-05,0.0,0.0,0.0,0.0,0.0,0.0,1.0
1779266940.0049965,-14236507406877.324,4938928217449.135,2.8076643707087303,479332057292734.75,-6.944131862089327e-05,0.0,0.0,0.0,0.0,0.0,0.0,1.0
1779266940.0152383,-14382678775010.809,4989638090189.545,2.8076643640371426,482570273589693.8,6.944131862089383e-05,0.0,0.0,0.0,0.0,0.0,0.0,1.0
1779266940.0257387,-14482042103021.594,5024109322928.972,2.8076643572528717,485707432957906.1,-6.944131862089337e-05,0.0,0.0,0.0,0.0,0.0,0.0,1.0
1779266940.0362759,-14564823276574.977,5052827876180.474,2.807664350508814,488800529195855.94,6.944131862089359e-05,0.0,0.0,0.0,0.0,0.0,0.0,1.0
1779266940.0467231,-14574758248365.883,5056274625529.479,2.8076643440056444,491554904327260.44,-6.944131862089364e-05,0.0,0.0,0.0,0.0,0.0,0.0,1.0
1779266940.0567505,-14753307916977.371,5118217179917.262,2.8076643376333124,494929644870896.56,6.944131862089337e-05,0.0,0.0,0.0,0.0,0.0,0.0,1.0
1779266940.0667145,-14937636980311.547,5182164722731.564,2.8076643313235214,498320144433250.8,-6.94413186208938e-05,0.0,0.0,0.0,0.0,0.0,0.0,1.0
1779266940.077136,-15030456914127.062,5214365924077.711,2.807664324796608,501486188720275.1,6.944131862089326e-05,0.0,0.0,0.0,0.0,0.0,0.0,1.0
1779266940.0874283,-15073149098005.436,5229176805046.281,2.8076643184896843,504402191160507.06,-6.944131862089383e-05,0.0,0.0,0.0,0.0,0.0,0.0,1.0
1779266940.09786,-15186282608738.955,5268425194346.07,2.8076643120233467,507697720014972.75,6.944131862089327e-05,0.0,0.0,0.0,0.0,0.0,0.0,1.0
1779266940.1083012,-15193315864540.838,5270865280891.973,2.8076643057485278,510542183424990.3,-6.944131862089383e-05,0.0,0.0,0.0,0.0,0.0,0.0,1.0
1779266940.1182487,-15424580666126.336,5351095778454.02,2.807664299582843,514223291628190.75,6.944131862089327e-05,0.0,0.0,0.0,0.0,0.0,0.0,1.0
1779266940.1289182,-15341196970144.676,5322168414619.058,2.807664293322212,516788569374874.2,-6.944131862089383e-05,0.0,0.0,0.0,0.0,0.0,0.0,1.0
1779266940.1393013,-15520033942575.28,5384210654296.393,2.807664287003716,520426976679845.25,6.944131862089327e-05,0.0,0.0,0.0,0.0,0.0,0.0,1.0
1779266940.149846,-15619320335183.084,5418655205617.157,2.8076642806842367,523794694223464.5,-6.944131862089383e-05,0.0,0.0,0.0,0.0,0.0,0.0,1.0
1779266940.160524,-15655534295741.873,5431218666632.49,2.807664274405508,526945442946876.3,6.944131862089327e-05,0.0,0.0,0.0,0.0,0.0,0.0,1.0
1779266940.1706476,-15815119491607.432,5486582079889.825,2.807664268428235,530455002068383.2,-6.944131862089383e-05,0.0,0.0,0.0,0.0,0.0,0.0,1.0
1779266940.1811504,-15924445680759.848,5524509639687.389,2.8076642622591876,533902532561468.44,6.944131862089327e-05,0.0,0.0,0.0,0.0,0.0,0.0,1.0
1779266940.1917305,-16007296059110.201,5553252210618.257,2.807664256104067,537282274831049.94,-6.944131862089379e-05,0.0,0.0,0.0,0.0,0.0,0.0,1.0
1779266940.201679,-16209435697934.043,5623378617087.599,2.807664250290566,540973007075280.3,6.944131862089344e-05,0.0,0.0,0.0,0.0,0.0,0.0,1.0
1779266940.2125964,-16140689804889.727,5599529399057.38,2.807664244155305,543842414952383.44,-6.944131862089353e-05,0.0,0.0,0.0,0.0,0.0,0.0,1.0
1779266940.222717,-16326252143898.29,5663904810972.388,2.8076642383402195,547558712359767.5,6.944131862089367e-05,0.0,0.0,0.0,0.0,0.0,0.0,1.0
1779266940.2332406,-16436910302885.227,5702294461851.1,2.807664232349265,551116694232074.06,-6.944131862089336e-05,0.0,0.0,0.0,0.0,0.0,0.0,1.0
1779266940.2433836,-16559102827907.938,5744685613409.559,2.8076642266426237,554601883650710.2,6.94413186208938e-05,0.0,0.0,0.0,0.0,0.0,0.0,1.0
1779266940.253437,-16748368298312.766,5810345719469.838,2.8076642209530345,558364462498655.25,-6.944131862089326e-05,0.0,0.0,0.0,0.0,0.0,0.0,1.0
1779266940.2642665,-16693004167615.965,5791138901333.761,2.8076642150290336,561369866656720.25,6.944131862089383e-05,0.0,0.0,0.0,0.0,0.0,0.0,1.0
1779266940.2743118,-16921759081975.812,5870498692176.074,2.807664209444522,565311118311444.6,-6.944131862089327e-05,0.0,0.0,0.0,0.0,0.0,0.0,1.0
1779266940.2845533,-17022680631622.873,5905510517818.518,2.80766420384996,568801305634896.2,6.944131862089383e-05,0.0,0.0,0.0,0.0,0.0,0.0,1.0
1779266940.2950244,-17145509957625.531,5948122595833.679,2.807664198092322,572509179565948.1,-6.944131862089327e-05,0.0,0.0,0.0,0.0,0.0,0.0,1.0
1779266940.3052375,-17266534433983.805,5990108533681.519,2.807664192532915,576133630140851.2,6.944131862089383e-05,0.0,0.0,0.0,0.0,0.0,0.0,1.0
1779266940.3154383,-17327411441070.504,6011228102083.84,2.8076641870906345,579502134680353.1,-6.944131862089327e-05,0.0,0.0,0.0,0.0,0.0,0.0,1.0
1779266940.3256638,-17452252698098.51,6054538159367.965,2.80766418160532,583182828093384.0,6.944131862089383e-05,0.0,0.0,0.0,0.0,0.0,0.0,1.0
1779266940.3361099,-17502370784627.02,6071925244093.536,2.807664176092672,586639658857572.2,-6.944131862089327e-05,0.0,0.0,0.0,0.0,0.0,0.0,1.0
1779266940.3462675,-17673728302715.59,6131372731840.27,2.807664170682086,590537683107888.1,6.944131862089383e-05,0.0,0.0,0.0,0.0,0.0,0.0,1.0
1779266940.3566272,-17716627137971.254,6146255312301.721,2.807664165299104,593970541655659.9,-6.944131862089327e-05,0.0,0.0,0.0,0.0,0.0,0.0,1.0
1779266940.3666127,-17945008533220.965,6225485534738.824,2.8076641600183603,598083995475509.4,6.944131862089374e-05,0.0,0.0,0.0,0.0,0.0,0.0,1.0
1779266940.377244,-17980025722027.074,6237633816339.892,2.8076641545197756,601638639940035.0,-6.944131862089352e-05,0.0,0.0,0.0,0.0,0.0,0.0,1.0
1779266940.387833,-18061582393388.016,6265927584402.059,2.807664149061564,605397796641154.6,6.944131862089346e-05,0.0,0.0,0.0,0.0,0.0,0.0,1.0
1779266940.398169,-18210666100505.125,6317647844059.482,2.8076641437354244,609372261494421.0,-6.944131862089372e-05,0.0,0.0,0.0,0.0,0.0,0.0,1.0
1779266940.4086967,-18243563453323.52,6329060711147.569,2.8076641384304146,612937043110439.9,6.944131862089332e-05,0.0,0.0,0.0,0.0,0.0,0.0,1.0
1779266940.419126,-18387354734050.67,6378944923577.067,2.8076641331262184,616973217476199.0,-6.944131862089383e-05,0.0,0.0,0.0,0.0,0.0,0.0,1.0
1779266940.4293954,-18492250779969.57,6415335591371.867,2.8076641279926333,620787586071191.1,6.944131862089323e-05,0.0,0.0,0.0,0.0,0.0,0.0,1.0
1779266940.439474,-18676680985899.824,6479318267246.483,2.8076641229384665,624889480386581.6,-6.944131862089386e-05,0.0,0.0,0.0,0.0,0.0,0.0,1.0
1779266940.4499376,-18817270389489.29,6528091686591.726,2.8076641177026733,628988920598663.4,6.944131862089326e-05,0.0,0.0,0.0,0.0,0.0,0.0,1.0
1779266940.4606576,-18847253533723.605,6538493558705.214,2.8076641124367843,632739364612371.4,-6.944131862089383e-05,0.0,0.0,0.0,0.0,0.0,0.0,1.0
1779266940.4711607,-18972053622245.086,6581789346929.193,2.8076641072729327,636832175986384.4,6.944131862089327e-05,0.0,0.0,0.0,0.0,0.0,0.0,1.0
1779266940.4815485,-19162405719945.758,6647826454912.224,2.807664102147651,641188694555849.0,-6.944131862089383e-05,0.0,0.0,0.0,0.0,0.0,0.0,1.0
1779266940.4917657,-19268931444602.957,6684782494789.114,2.807664097225816,645117803037432.1,6.944131862089327e-05,0.0,0.0,0.0,0.0,0.0,0.0,1.0
1779266940.5019245,-19407335221202.83,6732797676943.648,2.807664092342595,649184435626366.1,-6.944131862089383e-05,0.0,0.0,0.0,0.0,0.0,0.0,1.0
1779266940.512359,-19477206241830.203,6757037459204.565,2.8076640874270318,653062042506103.1,6.944131862089327e-05,0.0,0.0,0.0,0.0,0.0,0.0,1.0
1779266940.5227442,-19689075970292.395,6830539473792.935,2.8076640824130648,657601168701792.6,-6.944131862089383e-05,0.0,0.0,0.0,0.0,0.0,0.0,1.0
1779266940.5332701,-19683794017282.77,6828707167399.571,2.807664077525912,661264629739393.4,6.944131862089327e-05,0.0,0.0,0.0,0.0,0.0,0.0,1.0
1779266940.543205,-19975004232849.65,6929734004721.643,2.807664072780332,665991967031920.5,-6.94413186208937e-05,0.0,0.0,0.0,0.0,0.0,0.0,1.0
1779266940.5534143,-20063591708555.953,6960466905206.66,2.8076640680591307,669963881893907.4,6.944131862089356e-05,0.0,0.0,0.0,0.0,0.0,0.0,1.0
1779266940.5636764,-20252016436528.145,7025835376825.464,2.807664063244382,674436593334471.8,-6.944131862089344e-05,0.0,0.0,0.0,0.0,0.0,0.0,1.0
1779266940.574358,-20245250556069.293,7023488267659.668,2.807664058374101,678264133045341.1,6.944131862089375e-05,0.0,0.0,0.0,0.0,0.0,0.0,1.0
1779266940.584994,-20301855988044.42,7043125953377.361,2.807664053528482,682379265833005.1,-6.944131862089329e-05,0.0,0.0,0.0,0.0,0.0,0.0,1.0
1779266940.5950768,-20492520368988.754,7109271406708.088,2.8076640489495723,686832759617774.8,6.944131862089386e-05,0.0,0.0,0.0,0.0,0.0,0.0,1.0
1779266940.605612,-20614925053758.59,7151736189936.677,2.807664044174505,691236815268207.9,-6.944131862089326e-05,0.0,0.0,0.0,0.0,0.0,0.0,1.0
1779266940.615798,-20761829571225.523,7202700460249.589,2.8076640396130426,695600510562693.9,6.944131862089383e-05,0.0,0.0,0.0,0.0,0.0,0.0,1.0
1779266940.6259356,-20984950414003.117,7280105724064.159,2.807664035042446,700303519107853.8,-6.944131862089327e-05,0.0,0.0,0.0,0.0,0.0,0.0,1.0
1779266940.6363242,-20981747629299.227,7278994721668.645,2.807664030525034,704148875870263.8,6.944131862089383e-05,0.0,0.0,0.0,0.0,0.0,0.0,1.0
1779266940.6467586,-21209208547121.02,7357905650884.103,2.8076640258560985,709062374805516.2,-6.944131862089327e-05,0.0,0.0,0.0,0.0,0.0,0.0,1.0
1779266940.6569974,-21350783186989.766,7407020882005.528,2.807664021373065,713524637768127.1,6.944131862089383e-05,0.0,0.0,0.0,0.0,0.0,0.0,1.0
1779266940.6673367,-21424938810532.785,7432747085630.467,2.807664016913911,717762016060574.4,-6.944131862089327e-05,0.0,0.0,0.0,0.0,0.0,0.0,1.0
1779266940.6777868,-21550291477830.223,7476234587415.221,2.8076640123977477,722303692833209.1,6.944131862089383e-05,0.0,0.0,0.0,0.0,0.0,0.0,1.0
1779266940.6882596,-21712265421289.33,7532426756773.389,2.807664007867304,727050313955863.8,-6.944131862089327e-05,0.0,0.0,0.0,0.0,0.0,0.0,1.0
1779266940.6987274,-21732638750070.9,7539494789019.42,2.8076640034708245,731189346458836.6,6.944131862089383e-05,0.0,0.0,0.0,0.0,0.0,0.0,1.0
1779266940.7091105,-22006973079617.742,7634667066226.877,2.8076639989821555,736437815092515.5,-6.944131862089332e-05,0.0,0.0,0.0,0.0,0.0,0.0,1.0
1779266940.719712,-22059834542106.336,7653005895995.957,2.807663994539766,740846878400410.2,6.944131862089361e-05,0.0,0.0,0.0,0.0,0.0,0.0,1.0
1779266940.729648,-22346672344199.344,7752515881145.752,2.807663990328356,745969743252896.0,-6.944131862089361e-05,0.0,0.0,0.0,0.0,0.0,0.0,1.0
1779266940.7401297,-22399696976735.977,7770911317285.662,2.8076639859971984,750367904811238.8,6.94413186208934e-05,0.0,0.0,0.0,0.0,0.0,0.0,1.0
1779266940.7506368,-22508260211279.617,7808574227473.58,2.80766398165847,755049140661909.2,-6.944131862089378e-05,0.0,0.0,0.0,0.0,0.0,0.0,1.0
1779266940.760791,-22687997482829.656,7870928859818.476,2.8076639774929646,759878537119840.9,6.944131862089327e-05,0.0,0.0,0.0,0.0,0.0,0.0,1.0
1779266940.7713633,-22792289649068.508,7907110050871.4375,2.8076639731784407,764628699258267.0,-6.944131862089387e-05,0.0,0.0,0.0,0.0,0.0,0.0,1.0
1779266940.781822,-22953188004038.902,7962929083577.396,2.8076639689142526,769600344047631.5,6.944131862089325e-05,0.0,0.0,0.0,0.0,0.0,0.0,1.0
1779266940.7925081,-23000206207505.414,7979240769867.293,2.8076639646378956,774213539359156.5,-6.944131862089384e-05,0.0,0.0,0.0,0.0,0.0,0.0,1.0
1779266940.8027637,-23152247018322.023,8031986938712.887,2.8076639605533975,779083863513952.0,6.944131862089326e-05,0.0,0.0,0.0,0.0,0.0,0.0,1.0
1779266940.81311,-23255015851828.305,8067639653694.963,2.8076639564789243,783812687892723.5,-6.944131862089383e-05,0.0,0.0,0.0,0.0,0.0,0.0,1.0
1779266940.8233006,-23618212399157.836,8193640061486.627,2.807663952363443,789623626630894.0,6.944131862089327e-05,0.0,0.0,0.0,0.0,0.0,0.0,1.0
1779266940.8339286,-23702004220689.5,8222709267469.083,2.8076639481969003,794471917562352.6,-6.944131862089383e-05,0.0,0.0,0.0,0.0,0.0,0.0,1.0
1779266940.8445368,-23784512798986.426,8251333290399.986,2.8076639440705033,799338972977733.8,6.944131862089327e-05,0.0,0.0,0.0,0.0,0.0,0.0,1.0
1779266940.8554368,-23936689650725.76,8304126664983.533,2.8076639397906007,804715140949317.0,-6.944131862089383e-05,0.0,0.0,0.0,0.0,0.0,0.0,1.0
1779266940.8663235,-24000858576852.95,8326388291342.199,2.8076639356009174,809720765864972.0,6.944131862089327e-05,0.0,0.0,0.0,0.0,0.0,0.0,1.0
1779266940.8769886,-24083005304831.37,8354886782585.689,2.8076639315495235,814706256321611.2,-6.944131862089383e-05,0.0,0.0,0.0,0.0,0.0,0.0,1.0
1779266940.887293,-24319736002537.88,8437013611545.89,2.8076639276205295,820194318395007.9,6.944131862089337e-05,0.0,0.0,0.0,0.0,0.0,0.0,1.0
1779266940.8977532,-24542611964398.363,8514333951953.01,2.8076639236365875,825745010541952.8,-6.944131862089359e-05,0.0,0.0,0.0,0.0,0.0,0.0,1.0
1779266940.9085112,-24554823079900.31,8518570349617.129,2.8076639196555524,830555278961404.4,6.944131862089364e-05,0.0,0.0,0.0,0.0,0.0,0.0,1.0
1779266940.9186757,-24841464569852.883,8618012255519.373,2.807663915843575,836263996164489.4,-6.944131862089337e-05,0.0,0.0,0.0,0.0,0.0,0.0,1.0
1779266940.929831,-24568980550487.0,8523482085341.658,2.8076639118908844,840099225988520.9,6.94413186208938e-05,0.0,0.0,0.0,0.0,0.0,0.0,1.0
1779266940.9398668,-25218170148241.81,8748699354845.651,2.807663908023595,847401570901280.6,-6.944131862089326e-05,0.0,0.0,0.0,0.0,0.0,0.0,1.0
1779266940.950115,-25453574258992.12,8830365969242.44,2.8076639042529585,853018736408736.1,6.944131862089383e-05,0.0,0.0,0.0,0.0,0.0,0.0,1.0
1779266940.9605496,-25546752566317.8,8862691541592.73,2.807663900489082,858144531041207.2,-6.944131862089327e-05,0.0,0.0,0.0,0.0,0.0,0.0,1.0
1779266940.9710877,-25704994293336.668,8917588948815.066,2.8076638966775924,863648744051113.6,6.944131862089383e-05,0.0,0.0,0.0,0.0,0.0,0.0,1.0
1779266940.9817417,-25762241844151.77,8937449408332.379,2.8076638928846815,868814754256289.4,-6.944131862089327e-05,0.0,0.0,0.0,0.0,0.0,0.0,1.0
1779266940.9920015,-26089845616542.695,9051101979532.527,2.8076638891730834,874961651554957.9,6.944131862089383e-05,0.0,0.0,0.0,0.0,0.0,0.0,1.0
1779266941.0022,-26287623015093.176,9119715120681.207,2.8076638855622136,880523068689442.8,-6.944131862089327e-05,0.0,0.0,0.0,0.0,0.0,0.0,1.0
1779266941.0129225,-26247823908934.58,9105908106130.229,2.807663881852303,885390902717911.6,6.944131862089383e-05,0.0,0.0,0.0,0.0,0.0,0.0,1.0
1779266941.0230467,-26633814996059.07,9239816437093.271,2.8076638782481176,891797830419964.1,-6.944131862089327e-05,0.0,0.0,0.0,0.0,0.0,0.0,1.0
1779266941.0332835,-26822093851931.727,9305134341934.664,2.8076638746851215,897437580543871.4,6.944131862089383e-05,0.0,0.0,0.0,0.0,0.0,0.0,1.0
1779266941.0438285,-26940267439826.758,9346131294716.246,2.807663871039919,902994730560200.6,-6.944131862089327e-05,0.0,0.0,0.0,0.0,0.0,0.0,1.0
1779266941.054283,-27141024075935.215,9415778001500.727,2.8076638674257133,908890150860426.6,6.944131862089379e-05,0.0,0.0,0.0,0.0,0.0,0.0,1.0
1779266941.0649972,-27156474234407.195,9421138090583.121,2.8076638638057183,914163953798190.9,-6.944131862089344e-05,0.0,0.0,0.0,0.0,0.0,0.0,1.0
1779266941.075246,-27488490308231.656,9536321390802.277,2.807663860280508,920571259032199.0,6.944131862089353e-05,0.0,0.0,0.0,0.0,0.0,0.0,1.0
1779266941.0858653,-27675997586177.504,9601371626234.066,2.8076638567206142,926534541261566.6,-6.944131862089367e-05,0.0,0.0,0.0,0.0,0.0,0.0,1.0
1779266941.0966637,-27635957853720.188,9587481133599.438,2.807663853154236,931724015607996.2,6.944131862089336e-05,0.0,0.0,0.0,0.0,0.0,0.0,1.0
1779266941.107163,-27916158433006.492,9684688580516.486,2.8076638496288577,938150899985057.9,-6.94413186208938e-05,0.0,0.0,0.0,0.0,0.0,0.0,1.0
1779266941.1174967,-28155244466603.32,9767632546559.69,2.8076638461942203,944334697695069.0,6.944131862089326e-05,0.0,0.0,0.0,0.0,0.0,0.0,1.0
1779266941.1277978,-28260832693183.195,9804263379936.996,2.8076638428558933,949923831022771.9,-6.944131862089383e-05,0.0,0.0,0.0,0.0,0.0,0.0,1.0
1779266941.138114,-28620965679616.11,9929201023864.703,2.8076638394157394,956708817293324.6,6.944131862089327e-05,0.0,0.0,0.0,0.0,0.0,0.0,1.0
1779266941.1486816,-28579518494017.715,9914822253498.621,2.807663836057487,961900630999832.0,-6.944131862089383e-05,0.0,0.0,0.0,0.0,0.0,0.0,1.0
1779266941.159012,-28951957510283.25,10044029114913.93,2.8076638326614205,968806832848841.0,6.944131862089327e-05,0.0,0.0,0.0,0.0,0.0,0.0,1.0
1779266941.1695404,-29052997339902.652,10079082020176.553,2.8076638293035945,974676562560712.0,-6.944131862089383e-05,0.0,0.0,0.0,0.0,0.0,0.0,1.0
1779266941.179626,-29313314527228.785,10169391513159.857,2.807663826086097,980985813199579.6,6.944131862089327e-05,0.0,0.0,0.0,0.0,0.0,0.0,1.0
1779266941.1899865,-29516743176814.863,10239965205750.477,2.8076638227960746,987264998669034.6,-6.944131862089383e-05,0.0,0.0,0.0,0.0,0.0,0.0,1.0
1779266941.2003443,-29613586334491.406,10273562198442.014,2.8076638195711006,993100407357731.0,6.944131862089327e-05,0.0,0.0,0.0,0.0,0.0,0.0,1.0
1779266941.2111728,-29694857482583.1,10301756945413.52,2.8076638161942684,999232074837512.2,-6.944131862089383e-05,0.0,0.0,0.0,0.0,0.0,0.0,1.0
1779266941.2212405,-30011299732182.203,10411537381258.404,2.807663813056843,1005904382015569.4,6.944131862089327e-05,0.0,0.0,0.0,0.0,0.0,0.0,1.0
1779266941.231452,-30272385384278.773,10502113476525.531,2.807663809889286,1012476015941491.0,-6.944131862089374e-05,0.0,0.0,0.0,0.0,0.0,0.0,1.0
1779266941.241879,-30457639479587.33,10566382046379.102,2.807663806682519,1018897975849077.8,6.944131862089352e-05,0.0,0.0,0.0,0.0,0.0,0.0,1.0
1779266941.2526991,-30449564502664.13,10563580783695.807,2.8076638034182704,1024780072464283.4,-6.944131862089346e-05,0.0,0.0,0.0,0.0,0.0,0.0,1.0
1779266941.2628095,-30750454963097.176,10667965988508.242,2.807663800350591,1031553050406317.9,6.944131862089372e-05,0.0,0.0,0.0,0.0,0.0,0.0,1.0
1779266941.273536,-30723758798849.367,10658704650868.8,2.807663797178023,1037358572576019.4,-6.944131862089332e-05,0.0,0.0,0.0,0.0,0.0,0.0,1.0
1779266941.2834039,-31326586232641.234,10867838013059.666,2.807663794151212,1045344801624247.5,6.944131862089383e-05,0.0,0.0,0.0,0.0,0.0,0.0,1.0
1779266941.2934408,-31554530366675.523,10946916636886.05,2.8076637911599702,1051872470989481.0,-6.944131862089323e-05,0.0,0.0,0.0,0.0,0.0,0.0,1.0
1779266941.3036282,-31758169645512.68,11017563407455.97,2.807663788150397,1058413120265926.9,6.944131862089386e-05,0.0,0.0,0.0,0.0,0.0,0.0,1.0
1779266941.314319,-31736699662413.72,11010115139701.006,2.8076637850473674,1064372858123524.5,-6.944131862089326e-05,0.0,0.0,0.0,0.0,0.0,0.0,1.0
1779266941.3249745,-31820595287451.844,11039220373449.266,2.807663781956272,1070815319448939.0,6.944131862089383e-05,0.0,0.0,0.0,0.0,0.0,0.0,1.0
1779266941.3356857,-31630267830988.234,10973191964805.365,2.8076637789650256,1076122148189686.8,-6.944131862089327e-05,0.0,0.0,0.0,0.0,0.0,0.0,1.0
1779266941.3453858,-32589746455407.203,11306054992320.604,2.8076637760131558,1085783381494550.4,6.944131862089383e-05,0.0,0.0,0.0,0.0,0.0,0.0,1.0
1779266941.3555813,-32698547412082.188,11343800395670.613,2.8076637731274836,1092087958546116.2,-6.944131862089327e-05,0.0,0.0,0.0,0.0,0.0,0.0,1.0
1779266941.3663588,-32804191293302.168,11380450550691.424,2.8076637700543454,1098871873021519.8,6.944131862089383e-05,0.0,0.0,0.0,0.0,0.0,0.0,1.0
1779266941.3766994,-32895966299657.49,11412289302410.994,2.807663767177063,1105277505406108.2,-6.944131862089327e-05,0.0,0.0,0.0,0.0,0.0,0.0,1.0
1779266941.3870673,-33276930910009.316,11544453897545.54,2.8076637642213234,1113033290231497.1,6.944131862089383e-05,0.0,0.0,0.0,0.0,0.0,0.0,1.0
1779266941.3977177,-33329324946801.938,11562630582038.451,2.8076637612728748,1119600413093026.0,-6.944131862089327e-05,0.0,0.0,0.0,0.0,0.0,0.0,1.0
1779266941.4085531,-33261219340460.465,11539003453676.873,2.8076637583342947,1125801969122567.1,6.94413186208937e-05,0.0,0.0,0.0,0.0,0.0,0.0,1.0
1779266941.4188259,-33779181318502.535,11718695267120.668,2.807663755447953,1134203174595784.2,-6.944131862089356e-05,0.0,0.0,0.0,0.0,0.0,0.0,1.0
1779266941.4292493,-34097230558131.484,11829033226277.297,2.807663752569539,1141876249567226.5,6.944131862089344e-05,0.0,0.0,0.0,0.0,0.0,0.0,1.0
1779266941.4395986,-34263266489573.75,11886634629224.266,2.8076637497669683,1148871532631493.2,-6.944131862089375e-05,0.0,0.0,0.0,0.0,0.0,0.0,1.0
1779266941.4501624,-34472708546885.266,11959294516614.064,2.807663746901529,1156269093710154.0,6.944131862089329e-05,0.0,0.0,0.0,0.0,0.0,0.0,1.0
1779266941.4608488,-34372135240159.977,11924403669804.242,2.8076637441030856,1162433150501113.2,-6.944131862089386e-05,0.0,0.0,0.0,0.0,0.0,0.0,1.0
1779266941.4712656,-34711330875275.242,12042077753922.373,2.8076637413117114,1170358035020192.8,6.944131862089326e-05,0.0,0.0,0.0,0.0,0.0,0.0,1.0
1779266941.4815102,-35251992779919.4,12229644650950.48,2.807663738532595,1179074886232456.8,-6.944131862089383e-05,0.0,0.0,0.0,0.0,0.0,0.0,1.0
1779266941.4923096,-35139177441224.312,12190506790343.887,2.807663735750067,1185394612219342.5,6.944131862089327e-05,0.0,0.0,0.0,0.0,0.0,0.0,1.0
1779266941.5022767,-35688619984732.01,12381119873171.26,2.807663733094543,1194007114425183.2,-6.944131862089383e-05,0.0,0.0,0.0,0.0,0.0,0.0,1.0
1779266941.5125937,-35825566013946.17,12428629390378.312,2.807663730439055,1201112451496406.0,6.944131862089327e-05,0.0,0.0,0.0,0.0,0.0,0.0,1.0
1779266941.5228822,-36185057749307.484,12553344616029.828,2.8076637277518053,1209230454154709.5,-6.944131862089383e-05,0.0,0.0,0.0,0.0,0.0,0.0,1.0
1779266941.5334082,-36366968147215.375,12616453206230.01,2.8076637250423335,1216810805089691.2,6.944131862089327e-05,0.0,0.0,0.0,0.0,0.0,0.0,1.0
1779266941.5441334,-36320319594793.586,12600269970441.816,2.8076637223496945,1223588911791783.2,-6.944131862089383e-05,0.0,0.0,0.0,0.0,0.0,0.0,1.0
1779266941.5548346,-36352171583694.09,12611320195670.205,2.80766371968068,1230729609888110.0,6.944131862089327e-05,0.0,0.0,0.0,0.0,0.0,0.0,1.0
1779266941.564676,-37056852433882.72,12855788667902.803,2.8076637171413212,1240151358304096.0,-6.944131862089383e-05,0.0,0.0,0.0,0.0,0.0,0.0,1.0
1779266941.5751953,-37271522902561.87,12930262406545.043,2.807663714498263,1248044849777307.5,6.944131862089332e-05,0.0,0.0,0.0,0.0,0.0,0.0,1.0
1779266941.5857618,-37397147493772.67,12973844288189.273,2.807663711880622,1255629790354981.5,-6.944131862089361e-05,0.0,0.0,0.0,0.0,0.0,0.0,1.0
1779266941.5962098,-37583796084380.67,13038596657474.936,2.8076637093123704,1263412058286112.2,6.944131862089361e-05,0.0,0.0,0.0,0.0,0.0,0.0,1.0
1779266941.60668,-37878994683053.75,13141007272962.059,2.807663706728812,1271744339625117.2,-6.94413186208934e-05,0.0,0.0,0.0,0.0,0.0,0.0,1.0
1779266941.6174133,-38091396862807.74,13214694099887.25,2.807663704094221,1280002668232135.0,6.944131862089378e-05,0.0,0.0,0.0,0.0,0.0,0.0,1.0
1779266941.6278708,-38264988624760.04,13274916786799.465,2.8076637015743424,1287879392126253.8,-6.944131862089327e-05,0.0,0.0,0.0,0.0,0.0,0.0,1.0
1779266941.6380477,-38683047516861.13,13419950182721.463,2.8076636991038324,1296626688534362.5,6.944131862089387e-05,0.0,0.0,0.0,0.0,0.0,0.0,1.0
1779266941.6489186,-38482690297919.984,13350442225746.258,2.807663696573015,1303310037628961.5,-6.944131862089325e-05,0.0,0.0,0.0,0.0,0.0,0.0,1.0
1779266941.6592433,-39027885394513.875,13539581808467.197,2.8076636940787942,1312834568755459.2,6.944131862089384e-05,0.0,0.0,0.0,0.0,0.0,0.0,1.0
1779266941.669344,-39454036323074.555,13687422502157.861,2.8076636916748337,1321684168792553.0,-6.944131862089326e-05,0.0,0.0,0.0,0.0,0.0,0.0,1.0
1779266941.679888,-39651301594482.555,13755858023344.273,2.8076636891983604,1329972553957132.8,6.944131862089383e-05,0.0,0.0,0.0,0.0,0.0,0.0,1.0
1779266941.690625,-39635573762797.19,13750401824402.574,2.807663686729428,1337546816627360.2,-6.944131862089327e-05,0.0,0.0,0.0,0.0,0.0,0.0,1.0
1779266941.7006109,-40159725452849.14,13932241015924.785,2.807663684396311,1346840044100279.8,6.944131862089383e-05,0.0,0.0,0.0,0.0,0.0,0.0,1.0
1779266941.7111921,-40373724758818.7,14006481922279.379,2.80766368196198,1355358009144471.2,-6.944131862089327e-05,0.0,0.0,0.0,0.0,0.0,0.0,1.0
1779266941.7215877,-40772098584130.664,14144686171912.547,2.807663679551524,1364593824376576.5,6.944131862089383e-05,0.0,0.0,0.0,0.0,0.0,0.0,1.0
1779266941.7318513,-40938813711123.05,14202523214474.664,2.807663677237219,1372720525114110.8,-6.944131862089327e-05,0.0,0.0,0.0,0.0,0.0,0.0,1.0
1779266941.7419026,-41364339834692.82,14350147158102.855,2.8076636749512147,1381828502894911.0,6.944131862089383e-05,0.0,0.0,0.0,0.0,0.0,0.0,1.0
1779266941.7524588,-41529557213320.91,14407464604629.414,2.8076636725792508,1390329402178472.5,-6.944131862089337e-05,0.0,0.0,0.0,0.0,0.0,0.0,1.0
1779266941.76268,-41717522954442.07,14472673926840.7,2.807663670320731,1398638193482883.5,6.944131862089359e-05,0.0,0.0,0.0,0.0,0.0,0.0,1.0
1779266941.773125,-41999919917240.24,14570643402090.8,2.807663667993806,1407649548904716.0,-6.944131862089364e-05,0.0,0.0,0.0,0.0,0.0,0.0,1.0
1779266941.7835467,-42332561067853.99,14686043629338.379,2.807663665680775,1416900388440718.2,6.944131862089337e-05,0.0,0.0,0.0,0.0,0.0,0.0,1.0
1779266941.7941036,-42501326799444.42,14744592074914.262,2.8076636633721233,1425617133227976.0,-6.94413186208938e-05,0.0,0.0,0.0,0.0,0.0,0.0,1.0
1779266941.804248,-42826246180389.586,14857313458900.098,2.807663661167341,1434657952466573.8,6.944131862089326e-05,0.0,0.0,0.0,0.0,0.0,0.0,1.0
1779266941.8148806,-42949519290252.01,14900079570931.465,2.807663658879499,1443344755743554.0,-6.944131862089383e-05,0.0,0.0,0.0,0.0,0.0,0.0,1.0
1779266941.8252802,-43340311412287.055,15035653580611.86,2.807663656625781,1453034322087667.8,6.944131862089327e-05,0.0,0.0,0.0,0.0,0.0,0.0,1.0
1779266941.8357878,-43603768145436.375,15127052301882.02,2.8076636543793967,1462309464861888.0,-6.944131862089383e-05,0.0,0.0,0.0,0.0,0.0,0.0,1.0
1779266941.846136,-43907109314846.67,15232287761584.186,2.8076636521802367,1471661871160008.8,6.944131862089327e-05,0.0,0.0,0.0,0.0,0.0,0.0,1.0
1779266941.8563292,-44236408234952.51,15346528503240.621,2.8076636500323406,1481013715671482.0,-6.944131862089383e-05,0.0,0.0,0.0,0.0,0.0,0.0,1.0
1779266941.866847,-44361385673619.164,15389885882704.719,2.807663647846761,1489846759406058.2,6.944131862089327e-05,0.0,0.0,0.0,0.0,0.0,0.0,1.0
1779266941.8768842,-44847794321301.94,15558631252739.977,2.8076636457410507,1499843180114381.2,-6.944131862089383e-05,0.0,0.0,0.0,0.0,0.0,0.0,1.0
1779266941.8870585,-45176307072968.07,15672599258399.605,2.807663643635369,1509322953754946.0,6.944131862089327e-05,0.0,0.0,0.0,0.0,0.0,0.0,1.0
1779266941.8973863,-45387657364487.08,15745921174540.914,2.8076636415175766,1518512718952395.5,-6.944131862089383e-05,0.0,0.0,0.0,0.0,0.0,0.0,1.0
1779266941.9075215,-45728423046973.64,15864139977703.443,2.8076636394467505,1528110360746310.2,6.944131862089327e-05,0.0,0.0,0.0,0.0,0.0,0.0,1.0
1779266941.9178624,-46058063468661.125,15978499199733.809,2.8076636373345973,1537938133763372.8,-6.944131862089379e-05,0.0,0.0,0.0,0.0,0.0,0.0,1.0
1779266941.9283452,-46169601868200.88,16017194298869.504,2.8076636352349293,1547002148134828.8,6.944131862089344e-05,0.0,0.0,0.0,0.0,0.0,0.0,1.0
1779266941.9389198,-46456229668397.695,16116631552093.41,2.8076636331046387,1556992811649160.0,-6.944131862089353e-05,0.0,0.0,0.0,0.0,0.0,0.0,1.0
1779266941.9490454,-46789015923827.85,16232082129340.588,2.8076636310922183,1566758146969059.5,6.944131862089367e-05,0.0,0.0,0.0,0.0,0.0,0.0,1.0
1779266941.9591396,-47210695018734.19,16378371481406.809,2.807663629085808,1576932089019691.0,-6.944131862089336e-05,0.0,0.0,0.0,0.0,0.0,0.0,1.0
1779266941.9693427,-47445068375781.75,16459680579994.92,2.80766362708734,1586460775496241.0,6.94413186208938e-05,0.0,0.0,0.0,0.0,0.0,0.0,1.0
1779266941.9795883,-47745782113381.055,16564004537199.234,2.8076636250839133,1596379343799677.2,-6.944131862089326e-05,0.0,0.0,0.0,0.0,0.0,0.0,1.0
1779266941.9897864,-48228224774775.41,16731374038451.54,2.8076636230778913,1607102056626062.2,6.944131862089383e-05,0.0,0.0,0.0,0.0,0.0,0.0,1.0
1779266942.0005796,-48244991310353.09,16737190811539.426,2.8076636210050783,1616481140253336.2,-6.944131862089327e-05,0.0,0.0,0.0,0.0,0.0,0.0,1.0
1779266942.0111992,-48376727293112.55,16782892875941.312,2.807663618978479,1626239755732640.2,6.944131862089383e-05,0.0,0.0,0.0,0.0,0.0,0.0,1.0
1779266942.021756,-48692322090299.766,16892379388248.691,2.807663616957277,1636808643526653.5,-6.944131862089327e-05,0.0,0.0,0.0,0.0,0.0,0.0,1.0
1779266942.0323484,-48923684436853.26,16972643911524.654,2.8076636149547154,1647094136963885.8,6.944131862089383e-05,0.0,0.0,0.0,0.0,0.0,0.0,1.0
1779266942.0425856,-49405318813843.92,17139733007513.832,2.8076636130190398,1658121893900488.5,-6.944131862089327e-05,0.0,0.0,0.0,0.0,0.0,0.0,1.0
1779266942.0531783,-49607234901422.47,17209782011652.799,2.8076636110429263,1668398110900911.0,6.944131862089383e-05,0.0,0.0,0.0,0.0,0.0,0.0,1.0
1779266942.0636697,-49939737863768.67,17325134320313.291,2.8076636090887206,1679193924733499.5,-6.944131862089327e-05,0.0,0.0,0.0,0.0,0.0,0.0,1.0
1779266942.0737941,-50548027480436.664,17536162757891.822,2.807663607195554,1690831565827533.5,6.944131862089383e-05,0.0,0.0,0.0,0.0,0.0,0.0,1.0
1779266942.0845778,-50404596112214.63,17486403542546.352,2.8076636052542536,1699982348642688.5,-6.944131862089327e-05,0.0,0.0,0.0,0.0,0.0,0.0,1.0
1779266942.0950272,-50918697460416.72,17664756114117.38,2.8076636033293365,1711704447020122.0,6.944131862089374e-05,0.0,0.0,0.0,0.0,0.0,0.0,1.0
1779266942.1053016,-51275121866893.31,17788407270481.023,2.807663601471898,1722576923748411.0,-6.944131862089352e-05,0.0,0.0,0.0,0.0,0.0,0.0,1.0
1779266942.115821,-51602812299105.08,17902090015899.445,2.8076635995744468,1733674467625790.5,6.944131862089346e-05,0.0,0.0,0.0,0.0,0.0,0.0,1.0
1779266942.1260989,-51997463183055.07,18039002735154.297,2.807663597732753,1744847428630635.5,-6.944131862089372e-05,0.0,0.0,0.0,0.0,0.0,0.0,1.0
1779266942.136834,-52033578703272.79,18051532072953.766,2.807663595852251,1755007450907145.2,6.944131862089332e-05,0.0,0.0,0.0,0.0,0.0,0.0,1.0
1779266942.1475208,-52163076084490.336,18096457523288.707,2.807663593984408,1765621434358992.8,-6.944131862089383e-05,0.0,0.0,0.0,0.0,0.0,0.0,1.0
1779266942.1577492,-53093052042252.85,18419085665823.37,2.807663592137965,1779271977215692.5,6.944131862089323e-05,0.0,0.0,0.0,0.0,0.0,0.0,1.0
1779266942.168025,-53380683582747.66,18518871147237.25,2.8076635903730267,1790095646353912.5,-6.944131862089386e-05,0.0,0.0,0.0,0.0,0.0,0.0,1.0
1779266942.1783931,-53985259813476.58,18728611346939.918,2.807663588589797,1802341602674214.0,6.944131862089326e-05,0.0,0.0,0.0,0.0,0.0,0.0,1.0
1779266942.1891482,-53822319388994.53,18672084030160.914,2.807663586771187,1812011932589970.5,-6.944131862089383e-05,0.0,0.0,0.0,0.0,0.0,0.0,1.0
1779266942.1993742,-54685292470648.23,18971467486378.945,2.807663584974618,1825600260799123.0,6.944131862089327e-05,0.0,0.0,0.0,0.0,0.0,0.0,1.0
1779266942.2098053,-54823488186904.83,19019410570458.25,2.8076635832158257,1836307583729104.8,-6.944131862089383e-05,0.0,0.0,0.0,0.0,0.0,0.0,1.0
1779266942.2199512,-55451719771241.016,19237357310528.098,2.8076635814785202,1848880332380485.5,6.944131862089327e-05,0.0,0.0,0.0,0.0,0.0,0.0,1.0
1779266942.2299998,-55912277944512.836,19397134648991.113,2.807663579783525,1860656911670792.5,-6.944131862089383e-05,0.0,0.0,0.0,0.0,0.0,0.0,1.0
1779266942.2404528,-56064938996077.66,19450096060819.184,2.8076635780477197,1871647025692119.8,6.944131862089327e-05,0.0,0.0,0.0,0.0,0.0,0.0,1.0
1779266942.2509592,-56341819919082.78,19546151937258.36,2.807663576301713,1883331835387921.2,-6.944131862089383e-05,0.0,0.0,0.0,0.0,0.0,0.0,1.0
1779266942.2614877,-56637993849889.516,19648900961365.86,2.807663574559772,1895214861315933.8,6.944131862089327e-05,0.0,0.0,0.0,0.0,0.0,0.0,1.0
1779266942.2721357,-56734375019182.086,19682337711076.027,2.8076635728269093,1906443134428522.0,-6.94413186208937e-05,0.0,0.0,0.0,0.0,0.0,0.0,1.0
1779266942.2822692,-57254543893794.66,19862795250135.195,2.8076635711755387,1918903663021394.0,6.944131862089356e-05,0.0,0.0,0.0,0.0,0.0,0.0,1.0
1779266942.2929993,-57295513307564.82,19877008506554.62,2.807663569459214,1930115024604733.5,-6.944131862089344e-05,0.0,0.0,0.0,0.0,0.0,0.0,1.0
1779266942.3034558,-57843729152268.66,20067196129625.367,2.807663567764778,1943270944390240.8,6.944131862089375e-05,0.0,0.0,0.0,0.0,0.0,0.0,1.0
1779266942.313773,-58410848415656.195,20263941743035.293,2.8076635661010387,1956405421311178.5,-6.944131862089329e-05,0.0,0.0,0.0,0.0,0.0,0.0,1.0
1779266942.3240578,-58774639104278.766,20390148431766.285,2.80766356447334,1968643630211812.8,6.944131862089386e-05,0.0,0.0,0.0,0.0,0.0,0.0,1.0
1779266942.3347194,-58616405965508.81,20335254165200.586,2.8076635628303723,1979176386334498.2,-6.944131862089326e-05,0.0,0.0,0.0,0.0,0.0,0.0,1.0
1779266942.3450484,-59423747275706.11,20615337822809.87,2.8076635611826557,1993579627225601.8,6.944131862089383e-05,0.0,0.0,0.0,0.0,0.0,0.0,1.0
1779266942.3555307,-59895612301862.73,20779037758878.754,2.80766355953838,2006785980943643.2,-6.944131862089327e-05,0.0,0.0,0.0,0.0,0.0,0.0,1.0
1779266942.366108,-60191662887333.56,20881743997457.727,2.807663557901673,2019415386726751.2,6.944131862089383e-05,0.0,0.0,0.0,0.0,0.0,0.0,1.0
1779266942.3763022,-60590740732726.95,21020192539816.652,2.807663556342396,2032023542283961.2,-6.944131862089327e-05,0.0,0.0,0.0,0.0,0.0,0.0,1.0
1779266942.3864195,-61077376727598.61,21189016831912.027,2.807663554801752,2044959553855740.8,6.944131862089383e-05,0.0,0.0,0.0,0.0,0.0,0.0,1.0
1779266942.3966107,-61448976804731.34,21317932763943.766,2.8076635532629632,2057577082003317.8,-6.944131862089327e-05,0.0,0.0,0.0,0.0,0.0,0.0,1.0
1779266942.4068418,-62009037096462.14,21512229480853.75,2.807663551708287,2071165620293118.2,6.944131862089383e-05,0.0,0.0,0.0,0.0,0.0,0.0,1.0
1779266942.4172752,-62473811826841.266,21673469650043.773,2.8076635501303038,2084700298869751.0,-6.944131862089327e-05,0.0,0.0,0.0,0.0,0.0,0.0,1.0
1779266942.427702,-62660192665171.84,21738129164811.1,2.8076635485867545,2097067653512575.0,6.944131862089383e-05,0.0,0.0,0.0,0.0,0.0,0.0,1.0
1779266942.4383717,-62774838499096.65,21777902310733.793,2.807663547019523,2109536921903233.8,-6.944131862089332e-05,0.0,0.0,0.0,0.0,0.0,0.0,1.0
1779266942.4486792,-63224306946717.33,21933832411521.984,2.807663545505262,2123032620723672.2,6.944131862089361e-05,0.0,0.0,0.0,0.0,0.0,0.0,1.0
1779266942.4587724,-63756282366329.875,22118385902903.6,2.8076635440330957,2136638128905160.0,-6.944131862089361e-05,0.0,0.0,0.0,0.0,0.0,0.0,1.0
1779266942.4694052,-64180166842134.42,22265440394269.77,2.807663542476261,2150666414749215.2,6.94413186208934e-05,0.0,0.0,0.0,0.0,0.0,0.0,1.0
1779266942.4796858,-64571987969806.81,22401371437477.477,2.807663540997358,2164084438771590.8,-6.944131862089378e-05,0.0,0.0,0.0,0.0,0.0,0.0,1.0
1779266942.489848,-65318175467385.6,22660239578453.438,2.8076635395194476,2178975541819140.8,6.944131862089327e-05,0.0,0.0,0.0,0.0,0.0,0.0,1.0
1779266942.5003712,-65294419025210.73,22651998082486.52,2.807663538043947,2191071803304271.0,-6.944131862089387e-05,0.0,0.0,0.0,0.0,0.0,0.0,1.0
1779266942.5104067,-65948177771737.48,22878800759015.72,2.8076635366182074,2205492664027447.2,6.944131862089325e-05,0.0,0.0,0.0,0.0,0.0,0.0,1.0
1779266942.5207117,-66199368630871.125,22965944225661.54,2.8076635351807777,2218626636764250.2,-6.944131862089384e-05,0.0,0.0,0.0,0.0,0.0,0.0,1.0
1779266942.5311298,-66801315105631.555,23174772148250.934,2.8076635337072986,2233573692487949.8,6.944131862089326e-05,0.0,0.0,0.0,0.0,0.0,0.0,1.0
1779266942.5417976,-66892870485331.3,23206534734996.023,2.807663532234117,2246746723653750.0,-6.944131862089383e-05,0.0,0.0,0.0,0.0,0.0,0.0,1.0
1779266942.5519478,-67566401401663.78,23440196795904.496,2.8076635308268845,2261712612123659.5,6.944131862089327e-05,0.0,0.0,0.0,0.0,0.0,0.0,1.0
1779266942.5624938,-67853232944028.47,23539704764937.445,2.807663529381376,2275708041409060.0,-6.944131862089383e-05,0.0,0.0,0.0,0.0,0.0,0.0,1.0
1779266942.572921,-68230893300733.0,23670723147789.74,2.8076635279629016,2289980156299788.0,6.944131862089327e-05,0.0,0.0,0.0,0.0,0.0,0.0,1.0
1779266942.5836253,-68310242335622.9,23698251098832.312,2.807663526527902,2303467740582252.5,-6.944131862089383e-05,0.0,0.0,0.0,0.0,0.0,0.0,1.0
1779266942.593551,-69369326964077.445,24065669806850.086,2.8076635251679045,2320123476455987.0,6.944131862089327e-05,0.0,0.0,0.0,0.0,0.0,0.0,1.0
1779266942.603745,-69676837322273.445,24172351687571.258,2.807663523817416,2333945449609445.0,-6.944131862089383e-05,0.0,0.0,0.0,0.0,0.0,0.0,1.0
1779266942.6141245,-70389488288138.4,24419585320623.312,2.8076635224186965,2349937058566121.0,6.944131862089337e-05,0.0,0.0,0.0,0.0,0.0,0.0,1.0
1779266942.6244478,-70412860926072.72,24427693885652.367,2.8076635210810696,2362875463916833.0,-6.944131862089359e-05,0.0,0.0,0.0,0.0,0.0,0.0,1.0
1779266942.6347919,-71018378977635.69,24637760870169.203,2.807663519735989,2378290870649678.0,6.944131862089364e-05,0.0,0.0,0.0,0.0,0.0,0.0,1.0
1779266942.6453292,-71599797647566.16,24839467279766.617,2.807663518341445,2394266740005007.0,-6.944131862089337e-05,0.0,0.0,0.0,0.0,0.0,0.0,1.0
1779266942.6557045,-72065408450816.55,25000997517006.945,2.8076635169919832,2409504858194902.0,6.94413186208938e-05,0.0,0.0,0.0,0.0,0.0,0.0,1.0
1779266942.6663342,-72179891078955.27,25040714047218.555,2.80766351563396,2423692617713049.5,-6.944131862089326e-05,0.0,0.0,0.0,0.0,0.0,0.0,1.0
1779266942.6766405,-72615936811115.19,25191987542275.594,2.807663514331974,2438719047721425.0,6.944131862089383e-05,0.0,0.0,0.0,0.0,0.0,0.0,1.0
1779266942.6869779,-73338117655387.75,25442527296752.766,2.8076635130032574,2455278368090451.5,-6.944131862089327e-05,0.0,0.0,0.0,0.0,0.0,0.0,1.0
1779266942.6973062,-73984211363585.86,25666670832725.656,2.807663511686787,2471560657640443.5,6.944131862089383e-05,0.0,0.0,0.0,0.0,0.0,0.0,1.0
1779266942.70802,-74297288721333.19,25775284032522.27,2.80766351033581,2487130646766009.5,-6.944131862089327e-05,0.0,0.0,0.0,0.0,0.0,0.0,1.0
1779266942.7186298,-74537982545613.89,25858785869006.992,2.8076635090169972,2502286203672542.0,6.944131862089383e-05,0.0,0.0,0.0,0.0,0.0,0.0,1.0
1779266942.7290862,-75010675681762.34,26022773121470.57,2.8076635077175762,2518312885988278.5,-6.944131862089327e-05,0.0,0.0,0.0,0.0,0.0,0.0,1.0
1779266942.7395442,-75595089563294.12,26225518639740.895,2.807663506420214,2534921120458335.5,6.944131862089383e-05,0.0,0.0,0.0,0.0,0.0,0.0,1.0
1779266942.7498412,-75826600580382.2,26305834765828.81,2.8076635051762526,2549761424948047.5,-6.944131862089327e-05,0.0,0.0,0.0,0.0,0.0,0.0,1.0
1779266942.75992,-76848243597949.88,26660264222284.324,2.807663503931005,2567787818764481.5,6.944131862089383e-05,0.0,0.0,0.0,0.0,0.0,0.0,1.0
1779266942.770511,-77107671718725.1,26750265379799.375,2.807663502654105,2583441612008354.0,-6.944131862089327e-05,0.0,0.0,0.0,0.0,0.0,0.0,1.0
1779266942.7810693,-77362375212074.5,26838627465166.1,2.8076635013917057,2599129745443448.5,6.944131862089379e-05,0.0,0.0,0.0,0.0,0.0,0.0,1.0
1779266942.7915726,-77917992074451.34,27031382698803.1,2.8076635001325503,2616132247512874.5,-6.944131862089344e-05,0.0,0.0,0.0,0.0,0.0,0.0,1.0
1779266942.8019094,-78474632882555.19,27224493159754.348,2.8076634989061304,2632918641664596.0,6.944131862089353e-05,0.0,0.0,0.0,0.0,0.0,0.0,1.0
1779266942.812604,-78483946907747.14,27227724501659.4,2.807663497664941,2648023446952190.5,-6.944131862089367e-05,0.0,0.0,0.0,0.0,0.0,0.0,1.0
1779266942.8225944,-79510051803534.75,27583701884460.996,2.8076634964843485,2666429713258531.0,6.944131862089336e-05,0.0,0.0,0.0,0.0,0.0,0.0,1.0
1779266942.8327365,-80149307010303.3,27805473010518.516,2.807663495306965,2683455290722932.0,-6.94413186208938e-05,0.0,0.0,0.0,0.0,0.0,0.0,1.0
1779266942.842822,-80859422584709.38,28051827082480.67,2.8076634941431102,2700735477383424.5,6.944131862089326e-05,0.0,0.0,0.0,0.0,0.0,0.0,1.0
1779266942.8528275,-81642159579550.9,28323375047225.594,2.807663492985112,2718365106068972.0,-6.944131862089383e-05,0.0,0.0,0.0,0.0,0.0,0.0,1.0
1779266942.863504,-81729287434729.88,28353601636805.336,2.807663491777178,2734200967595938.5,6.944131862089327e-05,0.0,0.0,0.0,0.0,0.0,0.0,1.0
1779266942.873658,-82574474894487.6,28646814980026.06,2.8076634906104774,2752584104899257.5,-6.944131862089383e-05,0.0,0.0,0.0,0.0,0.0,0.0,1.0
1779266942.884119,-82871555467478.69,28749878564956.637,2.8076634894328354,2769213213862708.0,6.944131862089327e-05,0.0,0.0,0.0,0.0,0.0,0.0,1.0
1779266942.8948176,-82762380598316.88,28712003627376.508,2.807663488251973,2784602462636597.0,-6.944131862089383e-05,0.0,0.0,0.0,0.0,0.0,0.0,1.0
1779266942.9046953,-84076755667583.06,29167987983776.164,2.8076634871325137,2804755748683408.0,6.944131862089327e-05,0.0,0.0,0.0,0.0,0.0,0.0,1.0
1779266942.9155183,-83815442254164.34,29077332997833.58,2.8076634859573737,2819881252084291.0,-6.944131862089383e-05,0.0,0.0,0.0,0.0,0.0,0.0,1.0
1779266942.9258075,-84997641730995.5,29487462879097.684,2.8076634847991366,2840496014084160.0,6.944131862089327e-05,0.0,0.0,0.0,0.0,0.0,0.0,1.0
1779266942.9360216,-85309524638238.3,29595661703258.62,2.80766348369462,2857186991525282.5,-6.944131862089383e-05,0.0,0.0,0.0,0.0,0.0,0.0,1.0
1779266942.9464636,-85861188950348.19,29787045724820.36,2.8076634825583238,2875473831315928.5,6.944131862089327e-05,0.0,0.0,0.0,0.0,0.0,0.0,1.0
1779266942.9569325,-86398912462836.2,29973593391974.504,2.807663481424381,2893882973534363.5,-6.944131862089374e-05,0.0,0.0,0.0,0.0,0.0,0.0,1.0
1779266942.967033,-87096571409086.34,30215626010512.824,2.8076634803410387,2912339913347952.5,6.944131862089352e-05,0.0,0.0,0.0,0.0,0.0,0.0,1.0
1779266942.9777875,-86988909421600.97,30178275922688.492,2.8076634792098503,2928695599053990.5,-6.944131862089346e-05,0.0,0.0,0.0,0.0,0.0,0.0,1.0
1779266942.9876435,-88418070974134.38,30674082129683.008,2.8076634781454803,2950079833189313.0,6.944131862089372e-05,0.0,0.0,0.0,0.0,0.0,0.0,1.0
1779266942.998289,-88472676430818.47,30693026018922.742,2.8076634770353515,2967114528258403.0,-6.944131862089332e-05,0.0,0.0,0.0,0.0,0.0,0.0,1.0
1779266943.0088816,-88843818236197.86,30821783003502.863,2.8076634759308687,2985539825731257.0,6.944131862089383e-05,0.0,0.0,0.0,0.0,0.0,0.0,1.0
1779266943.0188963,-89881709780722.27,31181849447522.133,2.8076634748821414,3005810124865963.0,-6.944131862089323e-05,0.0,0.0,0.0,0.0,0.0,0.0,1.0
1779266943.0294676,-90241453750099.72,31306652284700.902,2.8076634737912336,3024370174215354.5,6.944131862089386e-05,0.0,0.0,0.0,0.0,0.0,0.0,1.0
1779266943.0397034,-90870380420126.44,31524840242581.055,2.8076634727411847,3043518284893223.5,-6.944131862089326e-05,0.0,0.0,0.0,0.0,0.0,0.0,1.0
1779266943.0502408,-91164013555544.75,31626707845376.715,2.807663471672944,3061923232518477.5,6.944131862089383e-05,0.0,0.0,0.0,0.0,0.0,0.0,1.0
1779266943.060498,-91961835036483.94,31903488956714.22,2.8076634706307253,3082039598840589.0,-6.944131862089327e-05,0.0,0.0,0.0,0.0,0.0,0.0,1.0
1779266943.0709646,-92263348919258.92,32008090555860.926,2.80766346958597,3100530138548770.0,6.944131862089383e-05,0.0,0.0,0.0,0.0,0.0,0.0,1.0
1779266943.081269,-93249852999985.88,32350329621154.336,2.807663468542261,3121831210946435.0,-6.944131862089327e-05,0.0,0.0,0.0,0.0,0.0,0.0,1.0
1779266943.0913439,-94088241206526.38,32641184181796.266,2.8076634675372283,3142065585812482.5,6.944131862089383e-05,0.0,0.0,0.0,0.0,0.0,0.0,1.0
1779266943.1014752,-94658705867142.19,32839090445660.473,2.8076634665392497,3161352993662824.0,-6.944131862089327e-05,0.0,0.0,0.0,0.0,0.0,0.0,1.0
1779266943.1120048,-94744228877081.2,32868760282043.066,2.807663465517937,3179466523250353.5,6.944131862089383e-05,0.0,0.0,0.0,0.0,0.0,0.0,1.0
1779266943.1218855,-96092243955092.38,33336415096870.016,2.8076634645390097,3201833398264805.5,-6.944131862089327e-05,0.0,0.0,0.0,0.0,0.0,0.0,1.0
1779266943.1327116,-95693664742256.78,33198139718639.945,2.80766346350995,3218700305869040.0,6.94413186208937e-05,0.0,0.0,0.0,0.0,0.0,0.0,1.0
1779266943.1432173,-96580699194551.4,33505870691196.652,2.8076634624896952,3240604843927390.5,-6.944131862089356e-05,0.0,0.0,0.0,0.0,0.0,0.0,1.0
1779266943.1533887,-97539597771705.25,33838532834775.477,2.8076634615079783,3262245905186481.0,6.944131862089344e-05,0.0,0.0,0.0,0.0,0.0,0.0,1.0
1779266943.164181,-97453547245314.44,33808680214120.625,2.807663460495723,3280744784914997.0,-6.944131862089375e-05,0.0,0.0,0.0,0.0,0.0,0.0,1.0
1779266943.1747532,-97902307312298.4,33964364608947.652,2.807663459500425,3301267493374495.5,6.944131862089329e-05,0.0,0.0,0.0,0.0,0.0,0.0,1.0
1779266943.1851342,-99085492974133.0,34374836654050.688,2.807663458510943,3324694926082671.0,-6.944131862089386e-05,0.0,0.0,0.0,0.0,0.0,0.0,1.0
1779266943.1955888,-99697026476013.72,34586990569513.49,2.8076634575367088,3345841695753240.5,6.944131862089326e-05,0.0,0.0,0.0,0.0,0.0,0.0,1.0
1779266943.2058754,-100590038132913.5,34896795164009.934,2.807663456576373,3368007635940859.5,-6.944131862089383e-05,0.0,0.0,0.0,0.0,0.0,0.0,1.0
1779266943.2163332,-101106857384136.5,35076090719575.594,2.8076634556138442,3389015877581516.5,6.944131862089327e-05,0.0,0.0,0.0,0.0,0.0,0.0,1.0
1779266943.226702,-101647782141189.53,35263748980650.29,2.807663454668136,3410031184079323.5,-6.944131862089383e-05,0.0,0.0,0.0,0.0,0.0,0.0,1.0
1779266943.2369769,-102303570594765.19,35491255868826.78,2.807663453735236,3431466487072416.0,6.944131862089327e-05,0.0,0.0,0.0,0.0,0.0,0.0,1.0
1779266943.2473137,-103131389985627.94,35778443901814.04,2.807663452796488,3453911590343887.5,-6.944131862089383e-05,0.0,0.0,0.0,0.0,0.0,0.0,1.0
1779266943.2575653,-104048739644778.98,36096691864729.805,2.807663451868425,3476684849990525.0,6.944131862089327e-05,0.0,0.0,0.0,0.0,0.0,0.0,1.0
1779266943.2679892,-104380184031202.06,36211676990218.39,2.8076634509442977,3497390736020546.0,-6.944131862089383e-05,0.0,0.0,0.0,0.0,0.0,0.0,1.0
1779266943.2783368,-104828186310127.47,36367098495289.31,2.8076634500321918,3518566587868948.5,6.944131862089327e-05,0.0,0.0,0.0,0.0,0.0,0.0,1.0
1779266943.2889373,-105216560406249.5,36501833734419.09,2.8076634491025985,3540193148750815.0,-6.944131862089383e-05,0.0,0.0,0.0,0.0,0.0,0.0,1.0
1779266943.299594,-105835584617657.47,36716586340083.47,2.807663448194612,3562495729220720.0,6.944131862089332e-05,0.0,0.0,0.0,0.0,0.0,0.0,1.0
1779266943.3093445,-107508091909177.23,37296814344914.17,2.807663447306915,3588537185611906.0,-6.944131862089361e-05,0.0,0.0,0.0,0.0,0.0,0.0,1.0
1779266943.3199894,-107671167098977.53,37353388664248.484,2.807663446391506,3609679826100881.5,6.944131862089361e-05,0.0,0.0,0.0,0.0,0.0,0.0,1.0
1779266943.3299947,-108804174195332.8,37746452725182.586,2.807663445525999,3633622961803033.5,-6.94413186208934e-05,0.0,0.0,0.0,0.0,0.0,0.0,1.0
1779266943.3406856,-108589070720437.5,37671828923798.266,2.807663444629398,3653445891491434.0,6.944131862089378e-05,0.0,0.0,0.0,0.0,0.0,0.0,1.0
1779266943.3510964,-109773114566485.19,38082598711249.39,2.8076634437330474,3678902155456284.0,-6.944131862089327e-05,0.0,0.0,0.0,0.0,0.0,0.0,1.0
1779266943.3612897,-110593766299703.61,38367300141235.11,2.8076634428734195,3702300474425829.5,6.944131862089387e-05,0.0,0.0,0.0,0.0,0.0,0.0,1.0
1779266943.3715422,-111374540091371.2,38638167077121.984,2.807663442012881,3725813393198380.0,-6.944131862089325e-05,0.0,0.0,0.0,0.0,0.0,0.0,1.0
1779266943.3821068,-111825614987992.38,38794654544633.54,2.8076634411334442,3748818781490196.5,6.944131862089384e-05,0.0,0.0,0.0,0.0,0.0,0.0,1.0
1779266943.3922756,-112629576414328.39,39073565758624.0,2.8076634402939717,3772446293996330.5,-6.944131862089326e-05,0.0,0.0,0.0,0.0,0.0,0.0,1.0
1779266943.4024553,-113499259232503.19,39375277104888.48,2.8076634394570865,3796501511185068.5,6.944131862089383e-05,0.0,0.0,0.0,0.0,0.0,0.0,1.0
1779266943.4129272,-113793677687456.94,39477417161846.4,2.8076634386077233,3818970799879026.5,-6.944131862089327e-05,0.0,0.0,0.0,0.0,0.0,0.0,1.0
1779266943.4230094,-114951447319210.69,39879071876896.81,2.8076634377853935,3844295092841941.5,6.944131862089383e-05,0.0,0.0,0.0,0.0,0.0,0.0,1.0
1779266943.433138,-116053310147916.53,40261331349208.99,2.807663436961585,3869652051557668.0,-6.944131862089327e-05,0.0,0.0,0.0,0.0,0.0,0.0,1.0
1779266943.443212,-116940889208260.03,40569251280556.65,2.8076634361513397,3894058214869104.0,6.944131862089383e-05,0.0,0.0,0.0,0.0,0.0,0.0,1.0
1779266943.4537818,-117404952538611.22,40730244712090.41,2.8076634353053738,3918097573024988.0,-6.944131862089327e-05,0.0,0.0,0.0,0.0,0.0,0.0,1.0
1779266943.4645069,-117254108667554.5,40677913915915.11,2.8076634344670097,3939961076637982.0,6.944131862089383e-05,0.0,0.0,0.0,0.0,0.0,0.0,1.0
1779266943.475075,-117922911591015.38,40909935815096.484,2.8076634336344384,3965158452864554.0,-6.944131862089337e-05,0.0,0.0,0.0,0.0,0.0,0.0,1.0
1779266943.4851718,-119266744526884.03,41376139807493.12,2.807663432837412,3992176461813004.0,6.944131862089359e-05,0.0,0.0,0.0,0.0,0.0,0.0,1.0
1779266943.495476,-119815889083799.73,41566649703134.69,2.8076634320419736,4016369684383164.5,-6.944131862089364e-05,0.0,0.0,0.0,0.0,0.0,0.0,1.0
1779266943.5056539,-120980469066184.64,41970667081773.32,2.8076634312500737,4043075553202394.0,6.944131862089337e-05,0.0,0.0,0.0,0.0,0.0,0.0,1.0
1779266943.5158591,-121504649275911.72,42152516320755.17,2.807663430472749,4067182604171365.5,-6.94413186208938e-05,0.0,0.0,0.0,0.0,0.0,0.0,1.0
1779266943.5265725,-121676125451348.4,42212005121987.234,2.807663429662508,4091269410633241.0,6.944131862089326e-05,0.0,0.0,0.0,0.0,0.0,0.0,1.0
1779266943.5367117,-123141313970765.19,42720309923306.7,2.8076634288856255,4119580568262611.0,-6.944131862089383e-05,0.0,0.0,0.0,0.0,0.0,0.0,1.0
1779266943.547317,-123647558863931.66,42895937029364.94,2.8076634280865536,4145174547056478.0,6.944131862089327e-05,0.0,0.0,0.0,0.0,0.0,0.0,1.0
1779266943.5573523,-124856577397620.03,43315371079406.234,2.8076634273323133,4172356630035671.0,-6.944131862089383e-05,0.0,0.0,0.0,0.0,0.0,0.0,1.0
1779266943.5679083,-125395206638355.84,43502232996964.78,2.8076634265463216,4198252753577888.0,6.944131862089327e-05,0.0,0.0,0.0,0.0,0.0,0.0,1.0
1779266943.578159,-126103943135459.05,43748108695191.164,2.8076634257922493,4224119429780413.5,-6.944131862089383e-05,0.0,0.0,0.0,0.0,0.0,0.0,1.0
1779266943.5885792,-126429076152415.48,43860904283383.76,2.80766342503515,4248957195943728.0,6.944131862089327e-05,0.0,0.0,0.0,0.0,0.0,0.0,1.0
1779266943.5989575,-127755194434095.9,44320962705352.91,2.8076634242685348,4278225409593190.0,-6.944131862089383e-05,0.0,0.0,0.0,0.0,0.0,0.0,1.0
1779266943.6094334,-128601341074869.98,44614508875704.57,2.807663423505433,4305819150398102.0,6.944131862089327e-05,0.0,0.0,0.0,0.0,0.0,0.0,1.0
1779266943.619756,-129201699351344.83,44822785893502.59,2.8076634227661383,4332009222777817.5,-6.944131862089383e-05,0.0,0.0,0.0,0.0,0.0,0.0,1.0
1779266943.6306376,-129641053130211.72,44975207071663.61,2.8076634219844436,4359377760285099.5,6.944131862089327e-05,0.0,0.0,0.0,0.0,0.0,0.0,1.0
1779266943.6412268,-130283414832923.28,45198055964940.03,2.8076634212320712,4386897453875633.0,-6.944131862089379e-05,0.0,0.0,0.0,0.0,0.0,0.0,1.0
1779266943.6515489,-131414238839875.53,45590362701253.53,2.8076634205001163,4415888276158035.0,6.944131862089344e-05,0.0,0.0,0.0,0.0,0.0,0.0,1.0
1779266943.6621954,-131741267076756.38,45703815785121.266,2.8076634197586667,4442482880397874.0,-6.944131862089353e-05,0.0,0.0,0.0,0.0,0.0,0.0,1.0
1779266943.67273,-132682966830892.03,46030511344322.91,2.8076634190227434,4471587890741637.0,6.944131862089367e-05,0.0,0.0,0.0,0.0,0.0,0.0,1.0
1779266943.6829617,-133992458894063.66,46484801788661.99,2.8076634183101685,4501538513259335.0,-6.944131862089336e-05,0.0,0.0,0.0,0.0,0.0,0.0,1.0
1779266943.693232,-134748466344958.0,46747076781100.76,2.807663417608449,4529272219871441.0,6.94413186208938e-05,0.0,0.0,0.0,0.0,0.0,0.0,1.0
1779266943.7033129,-136256029041390.94,47270082094711.45,2.8076634169131465,4559909196686763.0,-6.944131862089326e-05,0.0,0.0,0.0,0.0,0.0,0.0,1.0
1779266943.7139208,-136514101119758.78,47359612837580.625,2.8076634161974434,4586858553950700.0,6.944131862089383e-05,0.0,0.0,0.0,0.0,0.0,0.0,1.0
1779266943.7239368,-138155280817360.53,47928972701338.63,2.807663415514198,4618173679740699.0,-6.944131862089327e-05,0.0,0.0,0.0,0.0,0.0,0.0,1.0
1779266943.733995,-139581964173126.5,48423919274185.484,2.807663414831641,4648865677373000.0,6.944131862089383e-05,0.0,0.0,0.0,0.0,0.0,0.0,1.0
1779266943.7448127,-139240750533774.38,48305545197845.84,2.807663414119448,4674335625875069.0,-6.944131862089327e-05,0.0,0.0,0.0,0.0,0.0,0.0,1.0
1779266943.7553437,-140039877780307.88,48582779361257.88,2.807663413419103,4704141788271820.0,6.944131862089383e-05,0.0,0.0,0.0,0.0,0.0,0.0,1.0
1779266943.7656877,-141632921429067.0,49135439825930.63,2.8076634127259688,4736993702999729.0,-6.944131862089327e-05,0.0,0.0,0.0,0.0,0.0,0.0,1.0
1779266943.7763884,-141087885219626.0,48946355409062.266,2.8076634120480986,4761474170739520.0,6.944131862089383e-05,0.0,0.0,0.0,0.0,0.0,0.0,1.0
1779266943.7861853,-143349388609544.38,49730918619168.87,2.807663411394884,4795993810453948.0,-6.944131862089327e-05,0.0,0.0,0.0,0.0,0.0,0.0,1.0
1779266943.7964303,-144032456791797.94,49967889450585.64,2.8076634107372147,4824924775169446.0,6.944131862089383e-05,0.0,0.0,0.0,0.0,0.0,0.0,1.0
1779266943.8068788,-145112051572690.16,50342423704832.914,2.807663410062773,4856411879610369.0,-6.944131862089327e-05,0.0,0.0,0.0,0.0,0.0,0.0,1.0
1779266943.8170557,-146255989509915.56,50739279952375.164,2.8076634094110844,4887502824301707.0,6.944131862089374e-05,0.0,0.0,0.0,0.0,0.0,0.0,1.0
1779266943.827174,-147539809812738.2,51184664336404.234,2.8076634087652224,4919175523063883.0,-6.944131862089352e-05,0.0,0.0,0.0,0.0,0.0,0.0,1.0
1779266943.8376186,-148133726274056.06,51390706564435.48,2.8076634081064586,4949118412965917.0,6.944131862089346e-05,0.0,0.0,0.0,0.0,0.0,0.0,1.0
1779266943.848321,-147934049559223.12,51321434622020.516,2.807663407445638,4976593815980940.0,-6.944131862089372e-05,0.0,0.0,0.0,0.0,0.0,0.0,1.0
1779266943.8585072,-149829859700513.34,51979131163477.39,2.8076634068013595,5011706479283654.0,6.944131862089332e-05,0.0,0.0,0.0,0.0,0.0,0.0,1.0
1779266943.8689327,-149957760390353.2,52023502713113.336,2.807663406169641,5039855641488080.0,-6.944131862089383e-05,0.0,0.0,0.0,0.0,0.0,0.0,1.0
1779266943.8795037,-151486891622698.97,52553990630497.33,2.8076634055081797,5075092274783703.0,6.944131862089323e-05,0.0,0.0,0.0,0.0,0.0,0.0,1.0
1779266943.89005,-152385504040988.56,52865738301977.85,2.8076634048608184,5107615148457953.0,-6.944131862089386e-05,0.0,0.0,0.0,0.0,0.0,0.0,1.0
1779266943.9004245,-153037547769682.8,53091946104060.0,2.807663404235501,5138568910483025.0,6.944131862089326e-05,0.0,0.0,0.0,0.0,0.0,0.0,1.0
1779266943.9105656,-154201762540355.53,53495836818869.9,2.8076634036252095,5171134517392659.0,-6.944131862089383e-05,0.0,0.0,0.0,0.0,0.0,0.0,1.0
1779266943.9210136,-155408579990649.0,53914507304035.445,2.8076634029937892,5205211756101414.0,6.944131862089327e-05,0.0,0.0,0.0,0.0,0.0,0.0,1.0
1779266943.9316893,-155864366497248.12,54072629348998.836,2.8076634023595677,5236968131909147.0,-6.944131862089383e-05,0.0,0.0,0.0,0.0,0.0,0.0,1.0
1779266943.9419773,-157730569845905.75,54720054683016.3,2.8076634017397355,5273763121416764.0,6.944131862089327e-05,0.0,0.0,0.0,0.0,0.0,0.0,1.0
1779266943.9526157,-157924581870627.2,54787361649283.67,2.807663401124586,5304324747483187.0,-6.944131862089383e-05,0.0,0.0,0.0,0.0,0.0,0.0,1.0
1779266943.962639,-159278128019685.94,55256935408706.41,2.8076634005347127,5338446133417653.0,6.944131862089327e-05,0.0,0.0,0.0,0.0,0.0,0.0,1.0
1779266943.972778,-160546282650191.25,55696885053938.06,2.8076633999457172,5372520411821263.0,-6.944131862089383e-05,0.0,0.0,0.0,0.0,0.0,0.0,1.0
1779266943.9828498,-162093693209849.78,56233714460517.65,2.8076633993606377,5407770061075825.0,6.944131862089327e-05,0.0,0.0,0.0,0.0,0.0,0.0,1.0
1779266943.9930167,-163176064065679.78,56609211805185.516,2.8076633987764623,5441528843453640.0,-6.94413186208937e-05,0.0,0.0,0.0,0.0,0.0,0.0,1.0
1779266944.0032196,-163968535432488.72,56884136914392.06,2.807663398197663,5474286477361554.0,6.944131862089356e-05,0.0,0.0,0.0,0.0,0.0,0.0,1.0
1779266944.0135868,-164944794519009.56,57222821855526.84,2.807663397608316,5508713426796240.0,-6.944131862089344e-05,0.0,0.0,0.0,0.0,0.0,0.0,1.0
1779266944.0239954,-165622491608082.2,57457929354304.21,2.80766339702412,5542148651107025.0,6.944131862089375e-05,0.0,0.0,0.0,0.0,0.0,0.0,1.0
1779266944.0344381,-166480771487903.38,57755684826245.266,2.807663396440595,5576675740855115.0,-6.944131862089329e-05,0.0,0.0,0.0,0.0,0.0,0.0,1.0
1779266944.044954,-167494000471194.5,58107195406374.984,2.807663395853563,5612414917604026.0,6.944131862089386e-05,0.0,0.0,0.0,0.0,0.0,0.0,1.0
1779266944.0555105,-168262967058426.4,58373966218857.98,2.8076633952700343,5647465621887588.0,-6.944131862089326e-05,0.0,0.0,0.0,0.0,0.0,0.0,1.0
1779266944.0656836,-170312995385534.72,59085164322811.05,2.8076633947021117,5686874141399454.0,6.944131862089383e-05,0.0,0.0,0.0,0.0,0.0,0.0,1.0
1779266944.0760012,-170712704414607.88,59223831910912.7,2.8076633941450417,5719741319051643.0,-6.944131862089327e-05,0.0,0.0,0.0,0.0,0.0,0.0,1.0
1779266944.0861678,-172326386226286.78,59783652221674.2,2.8076633935898894,5757537381137034.0,6.944131862089383e-05,0.0,0.0,0.0,0.0,0.0,0.0,1.0
1779266944.0966647,-172152830875602.0,59723442325311.32,2.8076633930346633,5788979701160203.0,-6.944131862089327e-05,0.0,0.0,0.0,0.0,0.0,0.0,1.0
1779266944.106637,-174289070906626.56,60464549087571.44,2.807663392495492,5828685068885543.0,6.944131862089383e-05,0.0,0.0,0.0,0.0,0.0,0.0,1.0
1779266944.1168277,-175075906333117.1,60737518975548.61,2.8076633919578864,5863494585722204.0,-6.944131862089327e-05,0.0,0.0,0.0,0.0,0.0,0.0,1.0
1779266944.1270678,-177002467093974.56,61405883588134.94,2.8076633914086315,5903738919373066.0,6.944131862089383e-05,0.0,0.0,0.0,0.0,0.0,0.0,1.0
1779266944.1376667,-177370689311881.2,61533627742300.0,2.807663390854284,5938776531047643.0,-6.944131862089327e-05,0.0,0.0,0.0,0.0,0.0,0.0,1.0
1779266944.1476574,-179373950857122.6,62228601472789.06,2.8076633903268142,5978770375068045.0,6.944131862089383e-05,0.0,0.0,0.0,0.0,0.0,0.0,1.0
1779266944.1580884,-179726855055422.06,62351031482194.914,2.8076633897899903,6013475493676667.0,-6.944131862089332e-05,0.0,0.0,0.0,0.0,0.0,0.0,1.0
1779266944.1682787,-180943239556142.56,62773020994977.03,2.807663389264711,6051202065113521.0,6.944131862089361e-05,0.0,0.0,0.0,0.0,0.0,0.0,1.0
1779266944.1786826,-180675786814042.2,62680236113441.03,2.8076633887445563,6083448553742129.0,-6.944131862089361e-05,0.0,0.0,0.0,0.0,0.0,0.0,1.0
1779266944.1888678,-183707544984119.8,63732016995320.734,2.8076633882107433,6129584311133758.0,6.94413186208934e-05,0.0,0.0,0.0,0.0,0.0,0.0,1.0
1779266944.1994364,-183850713916258.0,63781685424665.61,2.807663387680746,6164821388011001.0,-6.944131862089378e-05,0.0,0.0,0.0,0.0,0.0,0.0,1.0
1779266944.2095864,-185595627777643.0,64387032909475.09,2.807663387167378,6205509322933489.0,6.944131862089327e-05,0.0,0.0,0.0,0.0,0.0,0.0,1.0
1779266944.2201002,-185757524965018.88,64443198564543.3,2.8076633866482634,6241024267558925.0,-6.944131862089387e-05,0.0,0.0,0.0,0.0,0.0,0.0,1.0
1779266944.2298727,-189084665435978.3,65597453793015.66,2.8076633861499314,6287513324525529.0,6.944131862089325e-05,0.0,0.0,0.0,0.0,0.0,0.0,1.0
1779266944.2406368,-188762174884482.62,65485575139091.875,2.8076633856244193,6322396145511690.0,-6.944131862089384e-05,0.0,0.0,0.0,0.0,0.0,0.0,1.0
1779266944.2507246,-190482724625266.56,66082470200713.37,2.807663385127621,6363551142162752.0,6.944131862089326e-05,0.0,0.0,0.0,0.0,0.0,0.0,1.0
1779266944.2612526,-191447018281435.38,66417004098004.69,2.807663384612578,6403574391394418.0,-6.944131862089383e-05,0.0,0.0,0.0,0.0,0.0,0.0,1.0
1779266944.2718298,-192055246815412.28,66628011503034.42,2.807663384101472,6442486854053178.0,6.944131862089327e-05,0.0,0.0,0.0,0.0,0.0,0.0,1.0
1779266944.2824311,-192939485903682.56,66934772785462.016,2.807663383591751,6482899462010263.0,-6.944131862089383e-05,0.0,0.0,0.0,0.0,0.0,0.0,1.0
1779266944.292545,-194805340064132.12,67582077016104.35,2.807663383106277,6525673037303446.0,6.944131862089327e-05,0.0,0.0,0.0,0.0,0.0,0.0,1.0
1779266944.303096,-195844287691682.8,67942509951413.7,2.807663382603506,6567048149114969.0,-6.944131862089383e-05,0.0,0.0,0.0,0.0,0.0,0.0,1.0
1779266944.313551,-197339345352649.72,68461177068488.14,2.807663382105906,6610247067889774.0,6.944131862089327e-05,0.0,0.0,0.0,0.0,0.0,0.0,1.0
1779266944.3243892,-196653519394269.1,68223249704218.45,2.807663381607753,6645783499220063.0,-6.944131862089383e-05,0.0,0.0,0.0,0.0,0.0,0.0,1.0
1779266944.3346257,-198785992270898.2,68963049590190.484,2.807663381132622,6690803298463321.0,6.944131862089337e-05,0.0,0.0,0.0,0.0,0.0,0.0,1.0
1779266944.3449836,-201124514596017.3,69774332375789.1,2.8076633806444864,6737996223750135.0,-6.944131862089359e-05,0.0,0.0,0.0,0.0,0.0,0.0,1.0
1779266944.3550506,-202909157914887.1,70393462859678.27,2.807663380179914,6781521079530668.0,6.944131862089364e-05,0.0,0.0,0.0,0.0,0.0,0.0,1.0
1779266944.3652375,-203956623222250.28,70756850757197.4,2.8076633797166544,6822570992468941.0,-6.944131862089337e-05,0.0,0.0,0.0,0.0,0.0,0.0,1.0
1779266944.3754117,-205430301033626.4,71268100755459.62,2.807663379254313,6865641886717169.0,6.94413186208938e-05,0.0,0.0,0.0,0.0,0.0,0.0,1.0
1779266944.385407,-207798040114183.06,72089519450936.1,2.80766337879653,6912119497247689.0,-6.944131862089326e-05,0.0,0.0,0.0,0.0,0.0,0.0,1.0
1779266944.395978,-207940848125926.84,72139062671083.72,2.8076633783254366,6951736209535277.0,6.944131862089383e-05,0.0,0.0,0.0,0.0,0.0,0.0,1.0
1779266944.4060876,-209445567729666.1,72661081723332.3,2.8076633778747233,6995354405019630.0,-6.944131862089327e-05,0.0,0.0,0.0,0.0,0.0,0.0,1.0
1779266944.4164681,-209408670362631.03,72648281357601.06,2.807663377423088,7033739023569298.0,6.944131862089383e-05,0.0,0.0,0.0,0.0,0.0,0.0,1.0
1779266944.426627,-211874503344762.2,73503730901226.25,2.807663376969911,7082312316056989.0,-6.944131862089327e-05,0.0,0.0,0.0,0.0,0.0,0.0,1.0
1779266944.436779,-213833145993997.78,74183225428688.89,2.8076633765228216,7128771615868442.0,6.944131862089383e-05,0.0,0.0,0.0,0.0,0.0,0.0,1.0
1779266944.4471982,-215408597518732.7,74729782881984.17,2.8076633760636733,7175308540678646.0,-6.944131862089327e-05,0.0,0.0,0.0,0.0,0.0,0.0,1.0
1779266944.4573069,-216670854973511.8,75167686707980.5,2.8076633756269214,7219098357611912.0,6.944131862089383e-05,0.0,0.0,0.0,0.0,0.0,0.0,1.0
1779266944.4675517,-217424890099520.9,75429277496200.02,2.8076633751905273,7261462900268055.0,-6.944131862089327e-05,0.0,0.0,0.0,0.0,0.0,0.0,1.0
1779266944.477938,-218810619144126.97,75910016223479.6,2.8076633747442994,7307717642212557.0,6.944131862089383e-05,0.0,0.0,0.0,0.0,0.0,0.0,1.0
1779266944.4881628,-220049831811369.38,76339925329686.61,2.807663374310872,7352722464237266.0,-6.944131862089327e-05,0.0,0.0,0.0,0.0,0.0,0.0,1.0
1779266944.4982092,-221875846511202.75,76973408430659.72,2.8076633738858234,7399641796402172.0,6.944131862089379e-05,0.0,0.0,0.0,0.0,0.0,0.0,1.0
1779266944.508604,-222704990264110.97,77261055988009.28,2.807663373451745,7444165433889348.0,-6.944131862089344e-05,0.0,0.0,0.0,0.0,0.0,0.0,1.0
1779266944.5189764,-224509665437497.12,77887135962427.52,2.807663373015579,7493166157929280.0,6.944131862089353e-05,0.0,0.0,0.0,0.0,0.0,0.0,1.0
1779266944.5293689,-224063499003285.8,77732351528776.75,2.8076633725951163,7532645320271120.0,-6.944131862089367e-05,0.0,0.0,0.0,0.0,0.0,0.0,1.0
1779266944.5397243,-224332379344583.84,77825631896130.4,2.8076633721774,7575307372232991.0,6.944131862089336e-05,0.0,0.0,0.0,0.0,0.0,0.0,1.0
1779266944.5498066,-228248497975517.84,79184216122991.03,2.807663371754818,7632819117255674.0,-6.94413186208938e-05,0.0,0.0,0.0,0.0,0.0,0.0,1.0
1779266944.5601366,-230795203207956.62,80067721973236.33,2.807663371327388,7685895673087098.0,6.944131862089326e-05,0.0,0.0,0.0,0.0,0.0,0.0,1.0
1779266944.5707157,-231432181638042.62,80288703332695.89,2.8076633709005403,7732165590215199.0,-6.944131862089383e-05,0.0,0.0,0.0,0.0,0.0,0.0,1.0
1779266944.5812578,-232560634122005.25,80680187404503.12,2.8076633704761917,7780704054770004.0,6.944131862089327e-05,0.0,0.0,0.0,0.0,0.0,0.0,1.0
1779266944.5920007,-232584697368781.88,80688535564831.69,2.807663370052147,7825710144357636.0,-6.944131862089383e-05,0.0,0.0,0.0,0.0,0.0,0.0,1.0
1779266944.60208,-235718000559160.2,81775544618538.48,2.8076633696465034,7881113613437560.0,6.944131862089327e-05,0.0,0.0,0.0,0.0,0.0,0.0,1.0
1779266944.6124198,-236230168487668.75,81953226581492.47,2.807663369244999,7926563389778218.0,-6.944131862089383e-05,0.0,0.0,0.0,0.0,0.0,0.0,1.0
1779266944.622552,-238188222448436.25,82632516897281.36,2.8076633688485035,7977550078656865.0,6.944131862089327e-05,0.0,0.0,0.0,0.0,0.0,0.0,1.0
1779266944.6329887,-239710928663188.72,83160775903325.75,2.807663368441677,8028583689821855.0,-6.944131862089383e-05,0.0,0.0,0.0,0.0,0.0,0.0,1.0
1779266944.6432414,-241354373976227.84,83730921847635.08,2.807663368045766,8079380480847614.0,6.944131862089327e-05,0.0,0.0,0.0,0.0,0.0,0.0,1.0
1779266944.653631,-243765448515810.75,84567374561599.05,2.8076633676405667,8134698428837736.0,-6.944131862089383e-05,0.0,0.0,0.0,0.0,0.0,0.0,1.0
1779266944.6639864,-244151453608049.62,84701287977397.97,2.8076633672507,8181082511891945.0,6.944131862089327e-05,0.0,0.0,0.0,0.0,0.0,0.0,1.0
1779266944.674549,-245509820894170.47,85172534347285.47,2.80766336684938,8233235840818439.0,-6.944131862089374e-05,0.0,0.0,0.0,0.0,0.0,0.0,1.0
1779266944.6848402,-247022113190720.78,85697180547549.12,2.807663366462469,8284839518852515.0,6.944131862089352e-05,0.0,0.0,0.0,0.0,0.0,0.0,1.0
1779266944.6952682,-248331303060863.8,86151366234233.97,2.807663366073692,8336510530912051.0,-6.944131862089346e-05,0.0,0.0,0.0,0.0,0.0,0.0,1.0
1779266944.7056444,-250575794430081.5,86930027737854.5,2.807663365684208,8392412103132820.0,6.944131862089372e-05,0.0,0.0,0.0,0.0,0.0,0.0,1.0
1779266944.7162817,-251401478098391.75,87216474928671.4,2.8076633652923118,8443829309255079.0,-6.944131862089332e-05,0.0,0.0,0.0,0.0,0.0,0.0,1.0
1779266944.7267845,-253111481351395.0,87809711234581.39,2.8076633649050535,8498704960667871.0,6.944131862089383e-05,0.0,0.0,0.0,0.0,0.0,0.0,1.0
1779266944.7370121,-254923483404111.28,88438333073471.61,2.80766336453223,8552687872990563.0,-6.944131862089323e-05,0.0,0.0,0.0,0.0,0.0,0.0,1.0
1779266944.7476113,-255685855021036.38,88702815978788.88,2.8076633641499598,8604568586242751.0,6.944131862089386e-05,0.0,0.0,0.0,0.0,0.0,0.0,1.0
1779266944.757945,-258601532731077.38,89714326185918.44,2.8076633637723623,8664646114191090.0,-6.944131862089326e-05,0.0,0.0,0.0,0.0,0.0,0.0,1.0
1779266944.768608,-258375460027962.53,89635896907773.06,2.80766336339717,8713086753595772.0,6.944131862089383e-05,0.0,0.0,0.0,0.0,0.0,0.0,1.0
1779266944.7787323,-261004486094168.62,90547961612690.14,2.8076633630371184,8771036848105296.0,-6.944131862089327e-05,0.0,0.0,0.0,0.0,0.0,0.0,1.0
1779266944.7889261,-264020249190659.88,91594193553800.4,2.8076633626718888,8831621319460252.0,6.944131862089383e-05,0.0,0.0,0.0,0.0,0.0,0.0,1.0
1779266944.7993305,-265326048835025.25,92047203104818.44,2.807663362308383,8885996607110963.0,-6.944131862089327e-05,0.0,0.0,0.0,0.0,0.0,0.0,1.0
1779266944.8092694,-268418450404259.25,93120022549058.69,2.8076633619575446,8945939204582267.0,6.944131862089383e-05,0.0,0.0,0.0,0.0,0.0,0.0,1.0
1779266944.8194728,-269291024297588.0,93422736947308.47,2.8076633616069504,8997948089351827.0,-6.944131862089327e-05,0.0,0.0,0.0,0.0,0.0,0.0,1.0
1779266944.8295593,-271568105718369.12,94212704635747.84,2.807663361257773,9055737824999812.0,6.944131862089383e-05,0.0,0.0,0.0,0.0,0.0,0.0,1.0
1779266944.8397267,-273001232174895.16,94709886544251.19,2.8076633609107464,9110592422625346.0,-6.944131862089327e-05,0.0,0.0,0.0,0.0,0.0,0.0,1.0
1779266944.8503613,-273491871863790.94,94880099914626.84,2.807663360550406,9164577867092488.0,6.94413186208937e-05,0.0,0.0,0.0,0.0,0.0,0.0,1.0
1779266944.860606,-275423630259274.75,95550267764193.33,2.807663360204396,9222644489834946.0,-6.944131862089356e-05,0.0,0.0,0.0,0.0,0.0,0.0,1.0
1779266944.8710532,-277430392756803.5,96246456122195.75,2.807663359850946,9282755575803856.0,6.944131862089344e-05,0.0,0.0,0.0,0.0,0.0,0.0,1.0
1779266944.8813286,-279638963299261.5,97012655948126.56,2.807663359505364,9343042393130690.0,-6.944131862089375e-05,0.0,0.0,0.0,0.0,0.0,0.0,1.0
1779266944.8914478,-281443011099479.25,97638518299204.2,2.807663359169922,9400823904807716.0,6.944131862089329e-05,0.0,0.0,0.0,0.0,0.0,0.0,1.0
1779266944.9018195,-283416927731388.56,98323311735325.62,2.8076633588254127,9461326912750758.0,-6.944131862089386e-05,0.0,0.0,0.0,0.0,0.0,0.0,1.0
1779266944.912097,-284016407086411.0,98531283879995.81,2.807663358492995,9515397931898784.0,6.944131862089326e-05,0.0,0.0,0.0,0.0,0.0,0.0,1.0
1779266944.9222095,-286617716173968.9,99433732995407.4,2.8076633581616477,9577612949991836.0,-6.944131862089383e-05,0.0,0.0,0.0,0.0,0.0,0.0,1.0
1779266944.932773,-287822151806245.94,99851577240558.88,2.8076633578194663,9636945208747062.0,6.944131862089327e-05,0.0,0.0,0.0,0.0,0.0,0.0,1.0
1779266944.942939,-289718836526339.2,100509577297450.17,2.8076633574932774,9696989255963272.0,-6.944131862089383e-05,0.0,0.0,0.0,0.0,0.0,0.0,1.0
1779266944.9532678,-292242539633244.06,101385103265841.11,2.8076633571597043,9761294971918114.0,6.944131862089327e-05,0.0,0.0,0.0,0.0,0.0,0.0,1.0
1779266944.9638774,-292522156224280.8,101482108272698.27,2.807663356825504,9817919841519840.0,-6.944131862089383e-05,0.0,0.0,0.0,0.0,0.0,0.0,1.0
1779266944.9744368,-294284893321655.25,102093639078890.66,2.807663356490723,9881156947775508.0,6.944131862089327e-05,0.0,0.0,0.0,0.0,0.0,0.0,1.0
1779266944.9850204,-295659174524443.75,102570406338944.44,2.807663356158768,9943197313402614.0,-6.944131862089383e-05,0.0,0.0,0.0,0.0,0.0,0.0,1.0
1779266944.9956214,-296887323138628.75,102996477120709.86,2.8076633558296136,1.00050080961265e+16,6.944131862089327e-05,0.0,0.0,0.0,0.0,0.0,0.0,1.0
1779266945.0057847,-300809528680294.94,104357173098600.78,2.807663355509968,1.0076013405121026e+16,-6.944131862089383e-05,0.0,0.0,0.0,0.0,0.0,0.0,1.0
1779266945.0164347,-300529678462606.25,104260087263630.11,2.8076633551875476,1.0132229496842436e+16,6.944131862089332e-05,0.0,0.0,0.0,0.0,0.0,0.0,1.0
1779266945.0267458,-303970841488872.8,105453899445281.6,2.807663354868775,1.0202757977970564e+16,-6.944131862089361e-05,0.0,0.0,0.0,0.0,0.0,0.0,1.0
1779266945.0368822,-306153224819783.75,106211014385325.34,2.807663354561581,1.0266909816658766e+16,6.944131862089361e-05,0.0,0.0,0.0,0.0,0.0,0.0,1.0
1779266945.0473397,-307277992447580.1,106601220121742.16,2.8076633542478504,1.0329021225065148e+16,-6.94413186208934e-05,0.0,0.0,0.0,0.0,0.0,0.0,1.0
1779266945.0576758,-311133558711069.2,107938797536283.67,2.8076633539317344,1.0402678890876032e+16,6.944131862089378e-05,0.0,0.0,0.0,0.0,0.0,0.0,1.0
1779266945.0680084,-311189132275439.1,107958077286714.7,2.8076633536295033,1.0459892907047238e+16,-6.944131862089327e-05,0.0,0.0,0.0,0.0,0.0,0.0,1.0
1779266945.0784311,-314240579822875.6,109016688950965.64,2.807663353317311,1.0531291638069602e+16,6.944131862089387e-05,0.0,0.0,0.0,0.0,0.0,0.0,1.0
1779266945.0889394,-316211700426520.4,109700512399826.0,2.80766335300655,1.0598979743866986e+16,-6.944131862089325e-05,0.0,0.0,0.0,0.0,0.0,0.0,1.0
1779266945.0991836,-317694860503003.3,110215052040799.33,2.8076633527096675,1.0662813977948072e+16,6.944131862089384e-05,0.0,0.0,0.0,0.0,0.0,0.0,1.0
1779266945.1094904,-319799373197502.4,110945152020422.72,2.8076633524103443,1.0730289947611126e+16,-6.944131862089326e-05,0.0,0.0,0.0,0.0,0.0,0.0,1.0
1779266945.1199903,-322048455570922.5,111725406275760.19,2.807663352105342,1.080024151623361e+16,6.944131862089383e-05,0.0,0.0,0.0,0.0,0.0,0.0,1.0
1779266945.1302528,-324209375850321.75,112475075238274.4,2.807663351811133,1.08683539938225e+16,-6.944131862089327e-05,0.0,0.0,0.0,0.0,0.0,0.0,1.0
1779266945.140913,-324928004893330.25,112724382932670.62,2.8076633515092935,1.0933450676212898e+16,6.944131862089383e-05,0.0,0.0,0.0,0.0,0.0,0.0,1.0
1779266945.1515436,-326322288722824.44,113208089533681.8,2.8076633512092357,1.1001706408019658e+16,-6.944131862089327e-05,0.0,0.0,0.0,0.0,0.0,0.0,1.0
1779266945.1616156,-330587880150669.1,114687913342745.97,2.8076633509222777,1.1078746422863796e+16,6.944131862089383e-05,0.0,0.0,0.0,0.0,0.0,0.0,1.0
1779266945.1720998,-332937707981357.1,115503118327493.6,2.8076633506269193,1.1150940858529272e+16,-6.944131862089327e-05,0.0,0.0,0.0,0.0,0.0,0.0,1.0
1779266945.1825795,-333955058026796.7,115856058642599.1,2.8076633503375765,1.1217588216000128e+16,6.944131862089383e-05,0.0,0.0,0.0,0.0,0.0,0.0,1.0
1779266945.1926794,-337442982827989.9,117066093487861.56,2.8076633500568615,1.1292488736703348e+16,-6.944131862089337e-05,0.0,0.0,0.0,0.0,0.0,0.0,1.0
1779266945.2035751,-336812671473475.0,116847425287328.34,2.8076633497610786,1.135603785875549e+16,6.944131862089359e-05,0.0,0.0,0.0,0.0,0.0,0.0,1.0
1779266945.213683,-342170714333079.6,118706243566760.25,2.8076633494789185,1.144009641005007e+16,-6.944131862089364e-05,0.0,0.0,0.0,0.0,0.0,0.0,1.0
1779266945.2245967,-341013611744548.4,118304820366483.9,2.807663349187969,1.1502203208506538e+16,6.944131862089337e-05,0.0,0.0,0.0,0.0,0.0,0.0,1.0
1779266945.2348695,-344073383947921.5,119366320043235.36,2.8076633489108023,1.1578159029728092e+16,-6.94413186208938e-05,0.0,0.0,0.0,0.0,0.0,0.0,1.0
1779266945.24517,-348082115256947.6,120757033668276.22,2.807663348630834,1.1659046484545904e+16,6.944131862089326e-05,0.0,0.0,0.0,0.0,0.0,0.0,1.0
1779266945.2554579,-350012180210591.4,121426614053492.97,2.807663348358334,1.1730907605253454e+16,-6.944131862089383e-05,0.0,0.0,0.0,0.0,0.0,0.0,1.0
1779266945.2659645,-352353751921956.25,122238954823284.67,2.807663348078819,1.1806922129506312e+16,6.944131862089327e-05,0.0,0.0,0.0,0.0,0.0,0.0,1.0
1779266945.2764566,-353661431876458.56,122692616716157.86,2.8076633478048176,1.1878543417184762e+16,-6.944131862089383e-05,0.0,0.0,0.0,0.0,0.0,0.0,1.0
1779266945.2870584,-355246751036183.6,123242597512043.4,2.8076633475289743,1.19526805659766e+16,6.944131862089327e-05,0.0,0.0,0.0,0.0,0.0,0.0,1.0
1779266945.2971907,-358389058345738.3,124332730364071.64,2.8076633472660806,1.2030281709196656e+16,-6.944131862089383e-05,0.0,0.0,0.0,0.0,0.0,0.0,1.0
1779266945.307324,-361483844760304.06,125406377215334.88,2.807663347004384,1.210809952467529e+16,6.944131862089327e-05,0.0,0.0,0.0,0.0,0.0,0.0,1.0
1779266945.317482,-365063200299257.4,126648131327712.84,2.80766334674185,1.2188673418367592e+16,-6.944131862089383e-05,0.0,0.0,0.0,0.0,0.0,0.0,1.0
1779266945.3285573,-360657186636857.1,125119592279773.34,2.807663346470785,1.2242322399550446e+16,6.944131862089327e-05,0.0,0.0,0.0,0.0,0.0,0.0,1.0
1779266945.3387454,-367701858601735.3,127563537825780.03,2.8076633462056897,1.2339120332008314e+16,-6.944131862089383e-05,0.0,0.0,0.0,0.0,0.0,0.0,1.0
1779266945.349098,-371860796549413.94,129006361317984.12,2.807663345941008,1.2425206780873362e+16,6.944131862089327e-05,0.0,0.0,0.0,0.0,0.0,0.0,1.0
1779266945.359343,-373090202864671.3,129432868433428.88,2.8076633456882085,1.2497678941687202e+16,-6.944131862089379e-05,0.0,0.0,0.0,0.0,0.0,0.0,1.0
1779266945.3698823,-375041394247921.75,130109778032140.06,2.8076633454261337,1.2576492145036756e+16,6.944131862089344e-05,0.0,0.0,0.0,0.0,0.0,0.0,1.0
1779266945.380183,-376249819177275.3,130529006262843.03,2.8076633451754613,1.2650265645236678e+16,-6.944131862089353e-05,0.0,0.0,0.0,0.0,0.0,0.0,1.0
1779266945.39063,-379745117132320.5,131741599034336.34,2.807663344917459,1.27357737827163e+16,6.944131862089367e-05,0.0,0.0,0.0,0.0,0.0,0.0,1.0
1779266945.4010613,-380324922565957.4,131942745890696.3,2.80766334466714,1.2808898363847524e+16,-6.944131862089336e-05,0.0,0.0,0.0,0.0,0.0,0.0,1.0
1779266945.411077,-386685940872234.1,134149517560137.28,2.807663344419188,1.290412633650853e+16,6.94413186208938e-05,0.0,0.0,0.0,0.0,0.0,0.0,1.0
1779266945.421313,-388048373338996.9,134622174258530.39,2.8076633441752694,1.2979781977560332e+16,-6.944131862089326e-05,0.0,0.0,0.0,0.0,0.0,0.0,1.0
1779266945.431749,-391009113503719.56,135649317649355.36,2.8076633439236227,1.3064816436705644e+16,6.944131862089383e-05,0.0,0.0,0.0,0.0,0.0,0.0,1.0
1779266945.44233,-392390596904904.3,136128583523513.5,2.8076633436729184,1.3144544234359486e+16,-6.944131862089327e-05,0.0,0.0,0.0,0.0,0.0,0.0,1.0
1779266945.4525082,-395283391538109.0,137132155173748.02,2.8076633434328713,1.3227745606260888e+16,6.944131862089383e-05,0.0,0.0,0.0,0.0,0.0,0.0,1.0
1779266945.4629147,-395935852391455.8,137358507730343.38,2.8076633431922655,1.3303607150355232e+16,-6.944131862089327e-05,0.0,0.0,0.0,0.0,0.0,0.0,1.0
1779266945.4730325,-401184419719958.1,139179346675957.06,2.8076633429525755,1.3397583462827454e+16,6.944131862089383e-05,0.0,0.0,0.0,0.0,0.0,0.0,1.0
1779266945.483655,-401496936241871.9,139287765368095.17,2.807663342708673,1.3475006217298384e+16,-6.944131862089327e-05,0.0,0.0,0.0,0.0,0.0,0.0,1.0
1779266945.4938653,-406436197735082.44,141001299591739.47,2.8076633424697315,1.3569441489011196e+16,6.944131862089383e-05,0.0,0.0,0.0,0.0,0.0,0.0,1.0
1779266945.5043526,-407371456676077.44,141325760778889.28,2.8076633422316792,1.364923174764122e+16,-6.944131862089327e-05,0.0,0.0,0.0,0.0,0.0,0.0,1.0
1779266945.5148795,-409534585984809.5,142076196127203.0,2.807663341992355,1.3735279979917764e+16,6.944131862089383e-05,0.0,0.0,0.0,0.0,0.0,0.0,1.0
1779266945.525001,-413096472987454.75,143311890055480.22,2.8076633417629973,1.3824246203560098e+16,-6.944131862089327e-05,0.0,0.0,0.0,0.0,0.0,0.0,1.0
1779266945.5355036,-415375220030587.0,144102435638588.5,2.8076633415266006,1.3911665156947702e+16,6.944131862089374e-05,0.0,0.0,0.0,0.0,0.0,0.0,1.0
1779266945.5460284,-418000672013965.0,145013260488308.5,2.807663341290705,1.4001292340827424e+16,-6.944131862089352e-05,0.0,0.0,0.0,0.0,0.0,0.0,1.0
1779266945.5568655,-417270273229912.94,144759869838029.66,2.807663341054379,1.4079567792764932e+16,6.944131862089346e-05,0.0,0.0,0.0,0.0,0.0,0.0,1.0
1779266945.5670044,-422541948948659.2,146588725585027.94,2.807663340828584,1.4178088247734702e+16,-6.944131862089372e-05,0.0,0.0,0.0,0.0,0.0,0.0,1.0
1779266945.5774393,-425334911467913.9,147557663378237.75,2.8076633405998965,1.4269015831474628e+16,6.944131862089332e-05,0.0,0.0,0.0,0.0,0.0,0.0,1.0
1779266945.588053,-427024503851510.44,148143818770750.5,2.807663340370196,1.4357220221317446e+16,-6.944131862089383e-05,0.0,0.0,0.0,0.0,0.0,0.0,1.0
1779266945.5985134,-430025420205340.06,149184900142712.25,2.8076633401438835,1.4450291583882034e+16,6.944131862089323e-05,0.0,0.0,0.0,0.0,0.0,0.0,1.0
1779266945.6092594,-430287541463185.3,149275835655098.12,2.8076633399161626,1.4534673271979184e+16,-6.944131862089386e-05,0.0,0.0,0.0,0.0,0.0,0.0,1.0
1779266945.6197658,-434852831226944.25,150859631205167.66,2.807663339689527,1.463621248926373e+16,6.944131862089326e-05,0.0,0.0,0.0,0.0,0.0,0.0,1.0
1779266945.6305194,-435805582404385.9,151190160823463.4,2.8076633394635904,1.4724795910882418e+16,-6.944131862089383e-05,0.0,0.0,0.0,0.0,0.0,0.0,1.0
1779266945.6410398,-440499284407305.94,152818505293919.12,2.8076633392395163,1.4828042491956372e+16,6.944131862089327e-05,0.0,0.0,0.0,0.0,0.0,0.0,1.0
1779266945.651329,-443348560432464.2,153806979434893.2,2.807663339025459,1.4921227510281474e+16,-6.944131862089383e-05,0.0,0.0,0.0,0.0,0.0,0.0,1.0
1779266945.6619587,-444961953178492.5,154366699566379.44,2.8076633388061625,1.5012955422547832e+16,6.944131862089327e-05,0.0,0.0,0.0,0.0,0.0,0.0,1.0
1779266945.672014,-451162099029850.1,156517661225454.72,2.8076633385957273,1.5119515092733874e+16,-6.944131862089383e-05,0.0,0.0,0.0,0.0,0.0,0.0,1.0
1779266945.6819844,-456375046461957.7,158326142902253.5,2.807663338389151,1.5221361131883926e+16,6.944131862089327e-05,0.0,0.0,0.0,0.0,0.0,0.0,1.0
1779266945.6922398,-458045002297552.75,158905485962266.66,2.8076633381817144,1.5311011717744322e+16,-6.944131862089383e-05,0.0,0.0,0.0,0.0,0.0,0.0,1.0
1779266945.7028518,-459304220071407.25,159342335316517.0,2.807663337968032,1.5402999212389508e+16,6.944131862089327e-05,0.0,0.0,0.0,0.0,0.0,0.0,1.0
1779266945.7132893,-462188043377092.4,160342794644778.8,2.807663337757287,1.5501193456269414e+16,-6.94413186208937e-05,0.0,0.0,0.0,0.0,0.0,0.0,1.0
1779266945.7238524,-465044509779913.25,161333763287536.34,2.8076633375449687,1.5601113577087916e+16,6.944131862089356e-05,0.0,0.0,0.0,0.0,0.0,0.0,1.0
1779266945.7339575,-468725322395744.5,162610715040507.8,2.8076633373442696,1.5700193428925916e+16,-6.944131862089344e-05,0.0,0.0,0.0,0.0,0.0,0.0,1.0
1779266945.744359,-470867300055633.0,163353812445338.56,2.8076633371399655,1.5796096443956064e+16,6.944131862089375e-05,0.0,0.0,0.0,0.0,0.0,0.0,1.0
1779266945.7548656,-473898589039928.25,164405430735824.8,2.807663336932915,1.5897823373802274e+16,-6.944131862089329e-05,0.0,0.0,0.0,0.0,0.0,0.0,1.0
1779266945.7650905,-476824868177584.6,165420618890152.53,2.8076633367342305,1.5996511938030392e+16,6.944131862089386e-05,0.0,0.0,0.0,0.0,0.0,0.0,1.0
1779266945.776165,-477334623783356.7,165597463993396.72,2.807663336519452,1.6094747769221314e+16,-6.944131862089326e-05,0.0,0.0,0.0,0.0,0.0,0.0,1.0
1779266945.7866838,-481496886623560.1,167041441007751.38,2.8076633363154597,1.6203269809019842e+16,6.944131862089383e-05,0.0,0.0,0.0,0.0,0.0,0.0,1.0
1779266945.796945,-484536393311016.4,168095910193153.66,2.8076633361204477,1.6304369289195336e+16,-6.944131862089327e-05,0.0,0.0,0.0,0.0,0.0,0.0,1.0
1779266945.807137,-490302331127865.4,170096235932807.94,2.8076633359243743,1.6417333323972586e+16,6.944131862089383e-05,0.0,0.0,0.0,0.0,0.0,0.0,1.0
1779266945.817687,-493050831192693.25,171049748777955.62,2.8076633357242553,1.6521757694682556e+16,-6.944131862089327e-05,0.0,0.0,0.0,0.0,0.0,0.0,1.0
1779266945.8279104,-495909565075942.6,172041504060684.28,2.8076633355332143,1.6623415435515448e+16,6.944131862089383e-05,0.0,0.0,0.0,0.0,0.0,0.0,1.0
1779266945.838035,-500958952349512.3,173793243282845.56,2.8076633353426814,1.6734216850066762e+16,-6.944131862089327e-05,0.0,0.0,0.0,0.0,0.0,0.0,1.0
1779266945.8487244,-501140348294423.75,173856173480136.34,2.807663335146124,1.6830741338231782e+16,6.944131862089383e-05,0.0,0.0,0.0,0.0,0.0,0.0,1.0
1779266945.859306,-503753177226740.6,174762619145736.62,2.807663334951176,1.6937251677232516e+16,-6.944131862089327e-05,0.0,0.0,0.0,0.0,0.0,0.0,1.0
1779266945.8697083,-508522590340766.7,176417229423227.44,2.807663334758791,1.7051857960454816e+16,6.944131862089383e-05,0.0,0.0,0.0,0.0,0.0,0.0,1.0
1779266945.8799639,-510521677682426.2,177110755162862.28,2.8076633345741815,1.715304731593936e+16,-6.944131862089332e-05,0.0,0.0,0.0,0.0,0.0,0.0,1.0
1779266945.8905733,-512890525656676.25,177932558681442.12,2.807663334382637,1.7260687888523606e+16,6.944131862089361e-05,0.0,0.0,0.0,0.0,0.0,0.0,1.0
1779266945.9009347,-514503310466602.94,178492067912180.16,2.8076633342006847,1.7361743809606234e+16,-6.944131862089361e-05,0.0,0.0,0.0,0.0,0.0,0.0,1.0
1779266945.9112937,-521280892453721.1,180843354401044.25,2.807663334013,1.7486711779860512e+16,6.94413186208934e-05,0.0,0.0,0.0,0.0,0.0,0.0,1.0
1779266945.9216971,-525538186358553.5,182320299710120.3,2.8076633338270565,1.7602055540517768e+16,-6.944131862089378e-05,0.0,0.0,0.0,0.0,0.0,0.0,1.0
1779266945.932189,-528503829604232.0,183349144118270.3,2.807663333641619,1.7713437280773596e+16,6.944131862089327e-05,0.0,0.0,0.0,0.0,0.0,0.0,1.0
1779266945.9428444,-530666892800159.9,184099556552724.62,2.8076633334550767,1.7823812485791646e+16,-6.944131862089387e-05,0.0,0.0,0.0,0.0,0.0,0.0,1.0
1779266945.953331,-535628957159331.2,185821001626482.5,2.8076633332702965,1.7945182997943122e+16,6.944131862089325e-05,0.0,0.0,0.0,0.0,0.0,0.0,1.0
1779266945.9640863,-534000951865773.6,185256212306123.94,2.8076633330880068,1.8041567119228636e+16,-6.944131862089384e-05,0.0,0.0,0.0,0.0,0.0,0.0,1.0
1779266945.9742734,-540913339564407.56,187654265751728.3,2.8076633329109297,1.8168923314183308e+16,6.944131862089326e-05,0.0,0.0,0.0,0.0,0.0,0.0,1.0
1779266945.9846175,-541825724276353.4,187970791393383.53,2.8076633327376346,1.82723641271948e+16,-6.944131862089383e-05,0.0,0.0,0.0,0.0,0.0,0.0,1.0
1779266945.9955213,-542985054709298.5,188372987728256.88,2.8076633325546556,1.8384246195812788e+16,6.944131862089327e-05,0.0,0.0,0.0,0.0,0.0,0.0,1.0
1779266946.0056508,-554140339109385.8,192242991690686.34,2.807663332377569,1.853167413796717e+16,-6.944131862089383e-05,0.0,0.0,0.0,0.0,0.0,0.0,1.0
1779266946.0161088,-553951002883911.6,192177307062734.78,2.8076633322059097,1.8633521598992184e+16,6.944131862089327e-05,0.0,0.0,0.0,0.0,0.0,0.0,1.0
1779266946.0265238,-561261757318714.56,194713562355686.0,2.8076633320286835,1.8768793368285904e+16,-6.944131862089383e-05,0.0,0.0,0.0,0.0,0.0,0.0,1.0
1779266946.0370133,-559620392821671.3,194144138439774.56,2.8076633318606046,1.8865619284393452e+16,6.944131862089327e-05,0.0,0.0,0.0,0.0,0.0,0.0,1.0
1779266946.0473835,-565868265663308.0,196311657651915.47,2.807663331687931,1.899700014369264e+16,-6.944131862089383e-05,0.0,0.0,0.0,0.0,0.0,0.0,1.0
1779266946.057306,-574449383945683.8,199288629005634.25,2.80766333152258,1.913333801365329e+16,6.944131862089337e-05,0.0,0.0,0.0,0.0,0.0,0.0,1.0
1779266946.0676293,-574825707052430.8,199419183551361.88,2.8076633313575012,1.9239409167651344e+16,-6.944131862089359e-05,0.0,0.0,0.0,0.0,0.0,0.0,1.0
1779266946.0780902,-579650604850019.0,201093042657863.4,2.8076633311870483,1.9367517261094144e+16,6.944131862089364e-05,0.0,0.0,0.0,0.0,0.0,0.0,1.0
