time,x,y,theta,velocity,acceleration,x_gps,y_gps,theta_gps,steering,throttle,v_ref,gps_valid
1779268294.7016609,19906.33220825176,31099.559795900874,1.0014831356942349,63743.29744830037,0.00024304461517312784,0.0,0.0,0.0,0.0,0.0,0.0,1.0
1779268294.711787,17852.488031216846,27890.428269387976,1.0014831356959704,55829.63421963826,0.0003038057689664097,0.0,0.0,0.0,0.0,0.0,0.0,1.0
1779268294.7220864,15974.385142488758,24955.892505919015,1.0014831356994147,48610.55652541118,0.0001063320191382436,0.0,0.0,0.0,0.0,0.0,0.0,1.0
1779268294.7324564,14272.031060369214,22295.96425285482,1.0014831357055556,42122.838745917965,0.00020127132194024648,0.0,0.0,0.0,0.0,0.0,0.0,1.0
1779268294.7425067,12798.733239998293,19993.93640875929,1.0014831357129843,36506.83391792803,2.9431183868621226e-05,0.0,0.0,0.0,0.0,0.0,0.0,1.0
1779268294.752758,11446.047633757627,17880.365149098525,1.0014831357182485,31400.522399960813,0.0001435956954880297,0.0,0.0,0.0,0.0,0.0,0.0,1.0
1779268294.763345,10184.971901372075,15909.934317412817,1.001483135727705,26666.59912325395,-1.382553597054137e-05,0.0,0.0,0.0,0.0,0.0,0.0,1.0
1779268294.7738664,9064.447841630172,14159.115474142138,1.0014831357361977,22487.723454187286,0.00011115315560865775,0.0,0.0,0.0,0.0,0.0,0.0,1.0
1779268294.7843666,8062.830485875486,12594.088355842863,1.001483135746712,18782.638743349875,-3.815744088007033e-05,0.0,0.0,0.0,0.0,0.0,0.0,1.0
1779268294.7947214,7178.7033242525495,11212.639665866038,1.001483135759818,15541.21252000711,9.290422692651103e-05,0.0,0.0,0.0,0.0,0.0,0.0,1.0
1779268294.8049233,6397.724606824051,9992.3604199357,1.0014831357765344,12704.814950351303,-5.1844137391680376e-05,0.0,0.0,0.0,0.0,0.0,0.0,1.0
1779268294.8155444,5666.750573243167,8850.213492513245,1.0014831358000853,10078.521888611407,8.263920454280346e-05,0.0,0.0,0.0,0.0,0.0,0.0,1.0
1779268294.8256764,5044.13079613506,7877.370090822445,1.0014831358317897,7863.630137764914,-5.954290417946118e-05,0.0,0.0,0.0,0.0,0.0,0.0,1.0
1779268294.836266,4458.629069582829,6962.523643121813,1.0014831358822542,5810.1778884995165,7.686512945196772e-05,0.0,0.0,0.0,0.0,0.0,0.0,1.0
1779268294.8464255,3956.900011871396,6178.5719904792395,1.001483135963798,4075.633580640716,-6.387346049758804e-05,0.0,0.0,0.0,0.0,0.0,0.0,1.0
1779268294.856577,3979.37514071567,6213.68937931928,1.0014831359641327,4054.916751397835,7.361721221337258e-05,0.0,0.0,0.0,0.0,0.0,0.0,0.0
1779268294.8667393,4001.5454500226137,6248.330487631984,1.0014831359644667,4034.376668007342,-6.630939842653439e-05,0.0,0.0,0.0,0.0,0.0,0.0,0.0
1779268294.877103,4023.748641048138,6283.022973630027,1.001483135964805,4013.7007744523435,7.179025876666282e-05,0.0,0.0,0.0,0.0,0.0,0.0,0.0
1779268294.887087,4045.52418224431,6317.047256769335,1.00148313596514,3993.3191362537714,-6.767961351156668e-05,0.0,0.0,0.0,0.0,0.0,0.0,0.0
1779268294.8971913,4067.1597609119126,6350.852848457647,1.0014831359654766,3972.9649490458974,7.076259745288863e-05,0.0,0.0,0.0,0.0,0.0,0.0,0.0
1779268294.9075487,4089.4248574258995,6385.642061781548,1.0014831359658256,3951.9090759880837,-6.845035949689731e-05,0.0,0.0,0.0,0.0,0.0,0.0,0.0
1779268294.9176714,4110.862285493478,6419.138043157189,1.0014831359661667,3931.5293641748244,7.018453796389067e-05,0.0,0.0,0.0,0.0,0.0,0.0,0.0
1779268294.9280157,4132.747799014597,6453.334158054431,1.0014831359665166,3910.614117244795,-6.888390411364578e-05,0.0,0.0,0.0,0.0,0.0,0.0,0.0
1779268294.9382439,4154.120629068735,6486.729205034062,1.001483135966863,3890.080294606566,6.985937950132931e-05,0.0,0.0,0.0,0.0,0.0,0.0,0.0
1779268294.9488115,-834.7582465165551,-1308.3940388023693,-2.140109517924592,12178.371991894724,-6.91277729605668e-05,0.0,0.0,0.0,0.0,0.0,0.0,1.0
1779268294.9593194,-792.5854468839235,-1242.499039354821,-2.140109517926578,11781.895257259848,6.967647786613855e-05,0.0,0.0,0.0,0.0,0.0,0.0,1.0
1779268294.9697843,-753.3070974104418,-1181.1266182835166,-2.1401095179284177,11406.431308196428,-6.926494918695987e-05,0.0,0.0,0.0,0.0,0.0,0.0,1.0
1779268294.980267,-717.2931871108144,-1124.8548834234496,-2.1401095179301293,11047.264407132814,6.957359569634374e-05,0.0,0.0,0.0,0.0,0.0,0.0,1.0
1779268294.9908776,-683.1628098865817,-1071.5261689955098,-2.1401095179317355,10700.341843871201,-6.934211081430588e-05,0.0,0.0,0.0,0.0,0.0,0.0,1.0
1779268295.0013998,-651.9691201266215,-1022.7860287323612,-2.1401095179332086,10371.67204636667,6.951572447583441e-05,0.0,0.0,0.0,0.0,0.0,0.0,1.0
1779268295.0122597,-620.4839491621393,-973.5904490885493,-2.1401095179346163,10047.900143363488,-6.938551422968779e-05,0.0,0.0,0.0,0.0,0.0,0.0,1.0
1779268295.022507,-596.0997314921285,-935.4901089689737,-2.1401095179358345,9754.24854386937,6.948317191429798e-05,0.0,0.0,0.0,0.0,0.0,0.0,1.0
1779268295.0331,-570.5349746871955,-895.5451764522675,-2.1401095179369984,9463.565762550406,-6.940992865084012e-05,0.0,0.0,0.0,0.0,0.0,0.0,1.0
1779268295.0435226,-547.2314635343583,-859.1334402681783,-2.1401095179380523,9189.055899083964,6.946486109843374e-05,0.0,0.0,0.0,0.0,0.0,0.0,1.0
1779268295.0536141,-526.5919396928355,-826.8841842591484,-2.1401095179389875,8934.081536668755,-6.94236617627383e-05,0.0,0.0,0.0,0.0,0.0,0.0,1.0
1779268295.06412,-577.0074489288787,-905.6584174329374,-2.140109517938912,8905.577726585541,6.945456126451005e-05,0.0,0.0,0.0,0.0,0.0,0.0,0.0
1779268295.0746698,-627.6440444901401,-984.7780979898602,-2.140109517938835,8876.85679029427,-6.943138663818111e-05,0.0,0.0,0.0,0.0,0.0,0.0,0.0
1779268295.0852861,-677.8896358362626,-1063.2868344607,-2.140109517938759,8848.265481589899,6.944876760792795e-05,0.0,0.0,0.0,0.0,0.0,0.0,0.0
1779268295.0952256,-725.9825621912577,-1138.4320318832358,-2.1401095179386855,8820.812303098499,-6.943573188061769e-05,0.0,0.0,0.0,0.0,0.0,0.0,0.0
1779268295.1053774,-773.887616262108,-1213.2836788618358,-2.140109517938612,8793.381161296873,6.944550867610052e-05,0.0,0.0,0.0,0.0,0.0,0.0,0.0
1779268295.1154053,-821.5927649707105,-1287.822973711965,-2.1401095179385377,8765.9791857023,-6.943817607948827e-05,0.0,0.0,0.0,0.0,0.0,0.0,0.0
1779268295.1255968,-869.5903888846871,-1362.8192610704602,-2.140109517938463,8738.32249189947,6.944367552694759e-05,0.0,0.0,0.0,0.0,0.0,0.0,0.0
1779268295.1358168,-917.8248017992879,-1438.1855312424086,-2.140109517938387,8710.44089423337,-6.943955094135295e-05,0.0,0.0,0.0,0.0,0.0,0.0,0.0
1779268295.1459115,-965.1540557344863,-1512.1374905091861,-2.1401095179383125,8682.995493397184,6.944264438054907e-05,0.0,0.0,0.0,0.0,0.0,0.0,0.0
1779268295.1561446,207.81665565593198,320.62924484184055,-2.140109517737409,4746.061962118358,-6.944032430115184e-05,0.0,0.0,0.0,0.0,0.0,0.0,1.0
1779268295.1662283,160.86522983095117,247.26764200184672,-2.140109517744633,4800.7628863151385,6.944206436069977e-05,0.0,0.0,0.0,0.0,0.0,0.0,1.0
1779268295.1764262,118.77915686406794,181.50815300184487,-2.1401095177509344,4837.68364329685,-6.9440759316039e-05,0.0,0.0,0.0,0.0,0.0,0.0,1.0
1779268295.1867077,81.2492574014869,122.86768510152581,-2.1401095177564438,4858.321710240343,6.944173809953436e-05,0.0,0.0,0.0,0.0,0.0,0.0,1.0
1779268295.197297,47.2245458341296,69.70407328701256,-2.1401095177613936,4864.185009328145,-6.944100401191305e-05,0.0,0.0,0.0,0.0,0.0,0.0,1.0
1779268295.2075882,18.103046200409118,24.201730117726267,-2.140109517765594,4856.9494543202045,6.944155457762882e-05,0.0,0.0,0.0,0.0,0.0,0.0,1.0
1779268295.21779,-7.390081074630644,-15.63128124189054,-2.1401095177692664,4838.617256407996,-6.944114165334222e-05,0.0,0.0,0.0,0.0,0.0,0.0,1.0
1779268295.2280257,-29.574805152240017,-50.294912605966005,-2.140109517772531,4810.716869565706,6.944145134655699e-05,0.0,0.0,0.0,0.0,0.0,0.0,1.0
1779268295.238019,-48.81627675908317,-80.35971198529882,-2.1401095177753637,4775.273034866809,-6.944121907664604e-05,0.0,0.0,0.0,0.0,0.0,0.0,1.0
1779268295.2485344,-66.01566986502394,-107.23376370691219,-2.14010951777803,4730.398561904968,6.944139327907912e-05,0.0,0.0,0.0,0.0,0.0,0.0,1.0
1779268295.258965,-81.13420530985206,-130.8564753337169,-2.1401095177803895,4679.082513467326,-6.944126262725444e-05,0.0,0.0,0.0,0.0,0.0,0.0,1.0
1779268295.2689972,-93.68336291455607,-150.46453408594598,-2.1401095177824208,4624.737216191946,6.944136061612282e-05,0.0,0.0,0.0,0.0,0.0,0.0,1.0
1779268295.2797816,-104.50814942353381,-167.37826300078413,-2.140109517784389,4561.423793161139,-6.944128712447166e-05,0.0,0.0,0.0,0.0,0.0,0.0,1.0
1779268295.2901134,-130.2060311787094,-207.5312032530776,-2.140109517784386,4547.787699464836,6.94413422432099e-05,0.0,0.0,0.0,0.0,0.0,0.0,0.0
1779268295.3001003,-154.85434198428013,-246.0441888962122,-2.1401095177843827,4534.670014013884,-6.944130090415636e-05,0.0,0.0,0.0,0.0,0.0,0.0,0.0
1779268295.31057,-180.3391021801839,-285.86412671206244,-2.1401095177843796,4521.0671555975405,6.944133190844638e-05,0.0,0.0,0.0,0.0,0.0,0.0,0.0
1779268295.3206391,-205.00054733816435,-324.3976347808428,-2.140109517784377,4507.864673591178,-6.9441308655229e-05,0.0,0.0,0.0,0.0,0.0,0.0,0.0
1779268295.3309214,-229.64763588764316,-362.9087106488341,-2.140109517784374,4494.631130575507,6.944132609514194e-05,0.0,0.0,0.0,0.0,0.0,0.0,0.0
1779268295.3414674,-255.31131481092663,-403.0082089762844,-2.1401095177843708,4480.810223873822,-6.944131301520715e-05,0.0,0.0,0.0,0.0,0.0,0.0,0.0
1779268295.351637,-42.0196505287428,-69.73998359766728,-2.140109517748239,3706.856629964672,6.944132282515845e-05,0.0,0.0,0.0,0.0,0.0,0.0,1.0
1779268295.3617308,-54.66809747384033,-89.50318195962052,-2.1401095177472964,3671.9448716413117,-6.944131546769477e-05,0.0,0.0,0.0,0.0,0.0,0.0,1.0
1779268295.3720186,-65.63893039144453,-106.6451084024365,-2.1401095177464375,3631.6812004359645,6.944132098579274e-05,0.0,0.0,0.0,0.0,0.0,0.0,1.0
1779268295.3825598,-75.40086155569043,-121.89812585472535,-2.1401095177456515,3585.955270500372,-6.944131684721905e-05,0.0,0.0,0.0,0.0,0.0,0.0,1.0
1779268295.3927143,-83.55531231527146,-134.63945517345755,-2.140109517744977,3538.680414392648,6.944131995114953e-05,0.0,0.0,0.0,0.0,0.0,0.0,1.0
1779268295.403051,-90.36379251038048,-145.27770548427154,-2.1401095177443605,3487.7478363064147,-6.94413176232015e-05,0.0,0.0,0.0,0.0,0.0,0.0,1.0
1779268295.4139163,-96.01558077463278,-154.10862465237477,-2.140109517743779,3431.590560828261,6.944131936916265e-05,0.0,0.0,0.0,0.0,0.0,0.0,1.0
1779268295.4240086,-101.14416673724857,-162.12204022350377,-2.1401095177432996,3377.4357273148853,-6.944131805969165e-05,0.0,0.0,0.0,0.0,0.0,0.0,1.0
1779268295.4342408,-105.1369506360526,-168.3607650691632,-2.1401095177428617,3321.058503343644,6.944131904179505e-05,0.0,0.0,0.0,0.0,0.0,0.0,1.0
1779268295.4446645,-108.39699915398742,-173.4545908816815,-2.1401095177424607,3262.2188106614417,-6.944131830521736e-05,0.0,0.0,0.0,0.0,0.0,0.0,1.0
1779268295.4552476,-110.8607390258953,-177.30418443422067,-2.1401095177420957,3201.4952224382255,6.944131885765076e-05,0.0,0.0,0.0,0.0,0.0,0.0,1.0
1779268295.4652073,-113.02531163571035,-180.68632913935858,-2.1401095177417897,3143.8417048038636,-6.944131844332558e-05,0.0,0.0,0.0,0.0,0.0,0.0,1.0
1779268295.4753761,-114.35215663845345,-182.75952445790648,-2.140109517741508,3084.620849826117,6.94413187540696e-05,0.0,0.0,0.0,0.0,0.0,0.0,1.0
1779268295.4857843,-115.31515859051615,-184.26421500948368,-2.1401095177412506,3023.5807570475754,-6.944131852101145e-05,0.0,0.0,0.0,0.0,0.0,0.0,1.0
1779268295.4960034,-115.92101027513824,-185.21085826786475,-2.1401095177410276,2964.526865116893,6.94413186958052e-05,0.0,0.0,0.0,0.0,0.0,0.0,1.0
1779268295.5063221,-132.73669263880737,-211.48536197003915,-2.1401095177410703,2955.9941036924315,-6.944131856470985e-05,0.0,0.0,0.0,0.0,0.0,0.0,0.0
1779268295.5167172,-149.0731830502563,-237.01112824661232,-2.140109517741112,2947.6808438345124,6.944131866303121e-05,0.0,0.0,0.0,0.0,0.0,0.0,0.0
1779268295.527037,-165.4071082455519,-262.53288637294224,-2.140109517741154,2939.34538285069,-6.944131858929042e-05,0.0,0.0,0.0,0.0,0.0,0.0,0.0
1779268295.537411,-181.89706034852924,-288.2984365426053,-2.140109517741197,2930.9062522615613,6.944131864459579e-05,0.0,0.0,0.0,0.0,0.0,0.0,0.0
1779268295.5476515,-198.09958887074117,-313.61488736716746,-2.1401095177412386,2922.590482711149,-6.944131860311698e-05,0.0,0.0,0.0,0.0,0.0,0.0,0.0
1779268295.5581214,-56.217675508800966,-91.92439732035464,-2.1401095178740417,2407.456424593064,6.944131863422587e-05,0.0,0.0,0.0,0.0,0.0,0.0,1.0
1779268295.5689304,-61.02182181144731,-99.43087589914322,-2.1401095178815854,2371.328355604771,-6.944131861089438e-05,0.0,0.0,0.0,0.0,0.0,0.0,1.0
1779268295.578952,-64.96487732199247,-105.59190011861145,-2.140109517887844,2336.490681995069,6.944131862839286e-05,0.0,0.0,0.0,0.0,0.0,0.0,1.0
1779268295.5894282,-68.35754493077307,-110.89294324251571,-2.140109517893773,2298.4570563422176,-6.944131861526914e-05,0.0,0.0,0.0,0.0,0.0,0.0,1.0
1779268295.600224,-70.99542808103227,-115.01463565115054,-2.1401095178992873,2258.122634863809,6.94413186251118e-05,0.0,0.0,0.0,0.0,0.0,0.0,1.0
1779268295.610271,-73.20245637381976,-118.46311734733413,-2.1401095179038934,2220.013159584141,-6.944131861772994e-05,0.0,0.0,0.0,0.0,0.0,0.0,1.0
1779268295.6206882,-74.68715976237216,-120.78296638145153,-2.1401095179082303,2179.969563463467,6.94413186232662e-05,0.0,0.0,0.0,0.0,0.0,0.0,1.0
1779268295.6306846,-76.27735744377085,-123.26765024962748,-2.1401095179119833,2140.9362189141225,-6.944131861911414e-05,0.0,0.0,0.0,0.0,0.0,0.0,1.0
1779268295.640867,-77.26921289112308,-124.81742437788698,-2.140109517915464,2100.8576922625552,6.944131862222805e-05,0.0,0.0,0.0,0.0,0.0,0.0,1.0
1779268295.65105,-77.91312261157817,-125.82353330874405,-2.1401095179186194,2060.6602261975736,-6.944131861989275e-05,0.0,0.0,0.0,0.0,0.0,0.0,1.0
1779268295.661567,-78.28932948724766,-126.41135654518779,-2.140109517921578,2018.9101234201364,6.944131862164408e-05,0.0,0.0,0.0,0.0,0.0,0.0,1.0
1779268295.6718323,-78.38612353998414,-126.56259724669957,-2.140109517924184,1978.4346481319046,-6.944131862033068e-05,0.0,0.0,0.0,0.0,0.0,0.0,1.0
1779268295.6821132,-78.40238868653766,-126.58801153291627,-2.140109517926547,1937.9248629124395,6.944131862131577e-05,0.0,0.0,0.0,0.0,0.0,0.0,1.0
1779268295.6926396,-78.02700624779554,-126.00147646759439,-2.1401095179287384,1896.7330020750921,-6.944131862057678e-05,0.0,0.0,0.0,0.0,0.0,0.0,1.0
1779268295.7031722,-77.38954458468123,-125.00544261473891,-2.140109517930719,1855.9723632927678,6.944131862113124e-05,0.0,0.0,0.0,0.0,0.0,0.0,1.0
1779268295.713549,-76.95991802303783,-124.33415110843283,-2.14010951793247,1816.060093198274,-6.944131862071518e-05,0.0,0.0,0.0,0.0,0.0,0.0,1.0
1779268295.7240715,-76.21294371919296,-123.16700375533432,-2.1401095179340723,1776.0646289175409,6.944131862102743e-05,0.0,0.0,0.0,0.0,0.0,0.0,1.0
1779268295.7344892,-86.14251414723307,-138.6819575478343,-2.140109517933873,1771.5819076835025,-6.944131862079303e-05,0.0,0.0,0.0,0.0,0.0,0.0,0.0
1779268295.7446523,-95.88278826552371,-153.9011358563824,-2.1401095179336758,1767.1735965755597,6.944131862096902e-05,0.0,0.0,0.0,0.0,0.0,0.0,0.0
1779268295.754703,-66.77439230959553,-108.41926713271013,-2.140109517959789,1638.7963013195797,-6.944131862083688e-05,0.0,0.0,0.0,0.0,0.0,0.0,1.0
1779268295.7653425,-66.32427571678922,-107.71595994547869,-2.1401095179659575,1603.4399596832038,6.944131862093611e-05,0.0,0.0,0.0,0.0,0.0,0.0,1.0
1779268295.7757754,-65.87654520060903,-107.0163810043712,-2.1401095179714313,1569.119805334439,-6.944131862086156e-05,0.0,0.0,0.0,0.0,0.0,0.0,1.0
1779268295.7859259,-65.35032673908016,-106.19416464994814,-2.140109517976258,1536.1964755220538,6.944131862091762e-05,0.0,0.0,0.0,0.0,0.0,0.0,1.0
1779268295.7961676,-64.6744684964107,-105.13813613834074,-2.140109517980689,1503.3589333019752,-6.944131862087544e-05,0.0,0.0,0.0,0.0,0.0,0.0,1.0
1779268295.8067002,-63.90224153181805,-103.93153149936282,-2.140109517984827,1469.908991912293,6.94413186209072e-05,0.0,0.0,0.0,0.0,0.0,0.0,1.0
1779268295.8171482,-63.070707673603096,-102.63225983992854,-2.140109517988537,1437.2407700132287,-6.944131862088325e-05,0.0,0.0,0.0,0.0,0.0,0.0,1.0
1779268295.8273163,-62.19818677161612,-101.2689459254359,-2.1401095179917977,1406.0743915261196,6.944131862090135e-05,0.0,0.0,0.0,0.0,0.0,0.0,1.0
1779268295.8378263,-61.21006546141251,-99.72500637354243,-2.1401095179948535,1374.2431839954156,-6.944131862088764e-05,0.0,0.0,0.0,0.0,0.0,0.0,1.0
1779268295.8483708,-60.222979185816904,-98.18268406376029,-2.1401095179976077,1342.865466356413,6.944131862089796e-05,0.0,0.0,0.0,0.0,0.0,0.0,1.0
1779268295.858435,-59.28627663036429,-96.71908631735548,-2.1401095179999667,1313.5696601731677,-6.944131862089035e-05,0.0,0.0,0.0,0.0,0.0,0.0,1.0
1779268295.8685338,-58.294793948256185,-95.16989462346105,-2.1401095180020975,1284.7009713131745,6.944131862089585e-05,0.0,0.0,0.0,0.0,0.0,0.0,1.0
1779268295.8791144,-57.10784646665997,-93.31528918065432,-2.140109518004107,1254.9646112834296,-6.944131862089193e-05,0.0,0.0,0.0,0.0,0.0,0.0,1.0
1779268295.8894196,-56.17876554205681,-91.8636002334858,-2.140109518005834,1226.4920869001994,6.944131862089466e-05,0.0,0.0,0.0,0.0,0.0,0.0,1.0
1779268295.8995233,-55.140165415027425,-90.24078753292287,-2.1401095180073426,1199.2589546929769,-6.944131862089283e-05,0.0,0.0,0.0,0.0,0.0,0.0,1.0
1779268295.9097426,-54.07103194791988,-88.570266488735,-2.1401095180086953,1172.2103786551763,6.944131862089399e-05,0.0,0.0,0.0,0.0,0.0,0.0,1.0
1779268295.9198136,-53.05368955239319,-86.98066899414435,-2.140109518009863,1146.1345092927977,-6.944131862089329e-05,0.0,0.0,0.0,0.0,0.0,0.0,1.0
1779268295.9304066,-51.887559412952996,-85.15859064986522,-2.1401095180109424,1119.1543698609883,6.944131862089368e-05,0.0,0.0,0.0,0.0,0.0,0.0,1.0
1779268295.9408815,-58.22512927559348,-95.06104355772962,-2.1401095180104663,1116.8523889111755,-6.944131862089352e-05,0.0,0.0,0.0,0.0,0.0,0.0,0.0
1779268295.9511592,-48.14398272797284,-79.30925225152171,-2.1401095178607203,1062.740693610039,6.94413186208935e-05,0.0,0.0,0.0,0.0,0.0,0.0,1.0
1779268295.961181,-47.326162090613316,-78.03140757090232,-2.140109517801995,1039.585472068727,-6.944131862089365e-05,0.0,0.0,0.0,0.0,0.0,0.0,1.0
1779268295.9714165,-46.439734514772255,-76.64636454349241,-2.140109517746814,1016.3467181430489,6.944131862089341e-05,0.0,0.0,0.0,0.0,0.0,0.0,1.0
1779268295.9816415,-45.483115665269956,-75.15164764462583,-2.1401095176962426,993.6600712243578,-6.944131862089372e-05,0.0,0.0,0.0,0.0,0.0,0.0,1.0
1779268295.9921112,-44.58343402859769,-73.7458951364047,-2.140109517648674,970.794199373214,6.944131862089336e-05,0.0,0.0,0.0,0.0,0.0,0.0,1.0
1779268296.0022516,-43.67120694275792,-72.320540357148,-2.140109517606537,949.2315711349644,-6.944131862089376e-05,0.0,0.0,0.0,0.0,0.0,0.0,1.0
1779268296.012452,-42.734816213422086,-70.85742988065718,-2.140109517567646,928.0231917508416,6.944131862089333e-05,0.0,0.0,0.0,0.0,0.0,0.0,1.0
1779268296.0225775,-41.87884754895412,-69.51997887630539,-2.1401095175322395,907.4005110634379,-6.944131862089365e-05,0.0,0.0,0.0,0.0,0.0,0.0,1.0
1779268296.0331612,-40.91849688201423,-68.01943099078389,-2.140109517498251,886.2460474984817,6.944131862089359e-05,0.0,0.0,0.0,0.0,0.0,0.0,1.0
1779268296.0437376,-39.9699449193223,-66.53731857710581,-2.1401095174672324,865.6098796818674,-6.944131862089342e-05,0.0,0.0,0.0,0.0,0.0,0.0,1.0
1779268296.0541537,-39.12244639426912,-65.21310215631188,-2.140109517439377,845.7602246455111,6.944131862089375e-05,0.0,0.0,0.0,0.0,0.0,0.0,1.0
1779268296.0646415,-38.16279561557484,-63.71364783643149,-2.1401095174137486,826.3001455716671,-6.944131862089329e-05,0.0,0.0,0.0,0.0,0.0,0.0,1.0
1779268296.0749202,-37.34781773778819,-62.440244921553074,-2.1401095173908407,807.6519180752559,6.944131862089386e-05,0.0,0.0,0.0,0.0,0.0,0.0,1.0
1779268296.085479,-36.46552113434595,-61.06165649604864,-2.140109517369353,788.9267412958096,-6.944131862089326e-05,0.0,0.0,0.0,0.0,0.0,0.0,1.0
1779268296.0957503,-35.66997598483984,-59.818617214984855,-2.1401095173503357,771.162347998408,6.944131862089383e-05,0.0,0.0,0.0,0.0,0.0,0.0,1.0
1779268296.1061642,-34.84619026937129,-58.531452048023766,-2.1401095173327525,753.5536219880584,-6.944131862089327e-05,0.0,0.0,0.0,0.0,0.0,0.0,1.0
1779268296.116565,-33.969531748520374,-57.16167312089393,-2.140109517316814,736.4926205827393,6.944131862089383e-05,0.0,0.0,0.0,0.0,0.0,0.0,1.0
1779268296.1268241,-33.2461012739242,-56.03131301478168,-2.140109517302529,719.9815472786446,-6.944131862089327e-05,0.0,0.0,0.0,0.0,0.0,0.0,1.0
1779268296.1373208,-32.46164791682912,-54.80560465363441,-2.140109517289245,703.4601449206369,6.944131862089383e-05,0.0,0.0,0.0,0.0,0.0,0.0,1.0
1779268296.1480308,-31.603102755930035,-53.46412789273078,-2.1401095172162514,687.0230005308513,-6.944131862089327e-05,0.0,0.0,0.0,0.0,0.0,0.0,1.0
1779268296.1580377,-30.925696588228238,-52.40568079987209,-2.1401095171542823,672.134810608935,6.944131862089383e-05,0.0,0.0,0.0,0.0,0.0,0.0,1.0
1779268296.168192,-30.21955364001647,-51.302332483319645,-2.140109517096663,657.3649001952806,-6.944131862089327e-05,0.0,0.0,0.0,0.0,0.0,0.0,1.0
1779268296.1787102,-29.479528369287536,-50.14604303433762,-2.140109517042637,642.563484348704,6.944131862089383e-05,0.0,0.0,0.0,0.0,0.0,0.0,1.0
1779268296.1886578,-28.856537363827343,-49.17261961953746,-2.140109516995677,628.8038757746884,-6.944131862089332e-05,0.0,0.0,0.0,0.0,0.0,0.0,1.0
1779268296.1989725,-28.13458896696963,-48.04457527810803,-2.1401095169510933,614.8510624703798,6.944131862089361e-05,0.0,0.0,0.0,0.0,0.0,0.0,1.0
1779268296.2093978,-27.454737051758034,-46.98230668640804,-2.1401095169101163,601.076850966242,-6.944131862089361e-05,0.0,0.0,0.0,0.0,0.0,0.0,1.0
1779268296.2198725,-26.79112870854919,-45.94541867315129,-2.140109516872736,587.5652434464552,6.94413186208934e-05,0.0,0.0,0.0,0.0,0.0,0.0,1.0
1779268296.230831,-25.97694679145872,-44.673259448459476,-2.140109516837239,573.8194020009437,-6.944131862089378e-05,0.0,0.0,0.0,0.0,0.0,0.0,1.0
1779268296.241071,-25.462107796910473,-43.86882353730769,-2.1401095168075837,561.3122280912253,6.944131862089327e-05,0.0,0.0,0.0,0.0,0.0,0.0,1.0
1779268296.2516878,-24.79595832468376,-42.827965002782044,-2.1401095167796775,548.6557166615943,-6.944131862089387e-05,0.0,0.0,0.0,0.0,0.0,0.0,1.0
1779268296.2616656,-24.259309647222786,-41.989451457574766,-2.140109516756222,537.1251239607063,6.944131862089325e-05,0.0,0.0,0.0,0.0,0.0,0.0,1.0
1779268296.272394,-23.613842836575458,-40.98090957825683,-2.1401095167334394,524.9816229188875,-6.944131862089384e-05,0.0,0.0,0.0,0.0,0.0,0.0,1.0
1779268296.2828245,-23.045820710443195,-40.09337501681433,-2.1401095167137036,513.4813135755533,6.944131862089326e-05,0.0,0.0,0.0,0.0,0.0,0.0,1.0
1779268296.2933836,-22.47835158917772,-39.2067045241987,-2.1401095166959423,502.1394611745799,-6.944131862089383e-05,0.0,0.0,0.0,0.0,0.0,0.0,1.0
1779268296.303894,-21.939686460642896,-38.36504026902511,-2.1401095166803024,491.1206638152488,6.944131862089327e-05,0.0,0.0,0.0,0.0,0.0,0.0,1.0
1779268296.3143847,-21.338005645124383,-37.42491400151284,-2.140109516666448,480.44061619655184,-6.944131862089383e-05,0.0,0.0,0.0,0.0,0.0,0.0,1.0
1779268296.3245258,-20.885028379018337,-36.71713702928202,-2.1401095166549196,470.400838405477,6.944131862089327e-05,0.0,0.0,0.0,0.0,0.0,0.0,1.0
1779268296.3348932,-20.37586959303756,-35.92157643131153,-2.1401095166445834,460.37022469090215,-6.944131862089383e-05,0.0,0.0,0.0,0.0,0.0,0.0,1.0
1779268296.345451,-23.000665749528753,-40.02282043710826,-2.14010951664919,460.4225793261084,6.944131862089327e-05,0.0,0.0,0.0,0.0,0.0,0.0,0.0
1779268296.3558304,-18.71915338424391,-33.33295728798418,-2.1401095167812216,438.5191475759674,-6.944131862089383e-05,0.0,0.0,0.0,0.0,0.0,0.0,1.0
1779268296.3660817,-18.312962172727648,-32.6982834951576,-2.1401095168358384,429.63227944680966,6.944131862089337e-05,0.0,0.0,0.0,0.0,0.0,0.0,1.0
1779268296.3765674,-17.912819455725504,-32.07306047693677,-2.1401095168874877,420.7203640384907,-6.944131862089359e-05,0.0,0.0,0.0,0.0,0.0,0.0,1.0
1779268296.3866255,-17.54951415878667,-31.505395930748378,-2.1401095169330775,412.41485685437624,6.944131862089364e-05,0.0,0.0,0.0,0.0,0.0,0.0,1.0
1779268296.3973403,-17.11991233496278,-30.834143061865593,-2.1401095169779913,403.72004162688614,-6.944131862089337e-05,0.0,0.0,0.0,0.0,0.0,0.0,1.0
1779268296.407751,-16.74328705045621,-30.245666038178197,-2.14010951701823,395.50045810428696,6.94413186208938e-05,0.0,0.0,0.0,0.0,0.0,0.0,1.0
1779268296.4181645,-16.38587077344473,-29.687203090367873,-2.1401095170554276,387.4707625760393,-6.944131862089326e-05,0.0,0.0,0.0,0.0,0.0,0.0,1.0
1779268296.428504,-15.996512324888862,-29.078830500969502,-2.1401095170894555,379.706475311951,6.944131862089383e-05,0.0,0.0,0.0,0.0,0.0,0.0,1.0
1779268296.4393134,-15.575171305376532,-28.42048514517982,-2.140109517122255,371.7901738513511,-6.944131862089327e-05,0.0,0.0,0.0,0.0,0.0,0.0,1.0
1779268296.449685,-15.253061523722312,-27.91718860042672,-2.1401095171515605,364.3747769044318,6.944131862089383e-05,0.0,0.0,0.0,0.0,0.0,0.0,1.0
1779268296.4598317,-14.947409184097236,-27.439606810144074,-2.1401095171780407,357.32370266377666,-6.944131862089327e-05,0.0,0.0,0.0,0.0,0.0,0.0,1.0
1779268296.4704387,-14.581847771151303,-26.868417093179197,-2.1401095172037,350.09188183195937,6.944131862089383e-05,0.0,0.0,0.0,0.0,0.0,0.0,1.0
1779268296.480794,-14.20929291078214,-26.28630011566039,-2.1401095172268216,343.2440764624745,-6.944131862089327e-05,0.0,0.0,0.0,0.0,0.0,0.0,1.0
1779268296.4908075,-13.940689105528042,-25.866606662965637,-2.1401095172477294,336.8115802595899,6.944131862089383e-05,0.0,0.0,0.0,0.0,0.0,0.0,1.0
1779268296.5022519,-13.495172551966597,-25.17048704047306,-2.1401095172697886,329.55044393836624,-6.944131862089327e-05,0.0,0.0,0.0,0.0,0.0,0.0,1.0
1779268296.5118692,-13.305055135151889,-24.873428571362687,-2.1401095172871676,323.73262372085736,6.944131862089383e-05,0.0,0.0,0.0,0.0,0.0,0.0,1.0
1779268296.5226202,-12.954133555838427,-24.325113597945748,-2.1401095173052056,317.2725613305137,-6.944131862089327e-05,0.0,0.0,0.0,0.0,0.0,0.0,1.0
1779268296.533018,-12.670647434754189,-23.882166528824772,-2.140109517321525,311.2179670037868,6.944131862089379e-05,0.0,0.0,0.0,0.0,0.0,0.0,1.0
1779268296.5436218,-12.363909546207958,-23.40288857336828,-2.140109517337032,305.19028506826044,-6.944131862089344e-05,0.0,0.0,0.0,0.0,0.0,0.0,1.0
1779268296.5541458,-12.073599775679492,-22.94927946106119,-2.14010951763657,299.3664159145503,6.944131862089353e-05,0.0,0.0,0.0,0.0,0.0,0.0,1.0
1779268296.564764,-11.775784213938255,-22.48394255947632,-2.140109517910959,293.6422548923256,-6.944131862089367e-05,0.0,0.0,0.0,0.0,0.0,0.0,1.0
1779268296.5750065,-11.501596255260425,-22.055523799696456,-2.140109518150829,288.2917960606708,6.944131862089336e-05,0.0,0.0,0.0,0.0,0.0,0.0,1.0
1779268296.585369,-11.247957208051446,-21.659212721070077,-2.14010951837136,283.01474169556934,-6.94413186208938e-05,0.0,0.0,0.0,0.0,0.0,0.0,1.0
1779268296.5957222,-10.991980225394375,-21.259248625481277,-2.1401095185711725,277.87331560591053,6.944131862089326e-05,0.0,0.0,0.0,0.0,0.0,0.0,1.0
1779268296.6062038,-10.719631716405495,-20.83370402574315,-2.1401095187545014,272.7902466244941,-6.944131862089383e-05,0.0,0.0,0.0,0.0,0.0,0.0,1.0
1779268296.6168272,-10.456267360340009,-20.422197170214076,-2.1401095189220984,267.7780123266531,6.944131862089327e-05,0.0,0.0,0.0,0.0,0.0,0.0,1.0
1779268296.6267686,-10.256218983023976,-20.109621539530906,-2.140109519062964,263.2549909848402,-6.944131862089383e-05,0.0,0.0,0.0,0.0,0.0,0.0,1.0
1779268296.6371644,-9.992596468680848,-19.6977113225888,-2.140109519196336,258.60567110379174,6.944131862089327e-05,0.0,0.0,0.0,0.0,0.0,0.0,1.0
1779268296.6475616,-9.783218104199653,-19.370557593709595,-2.140109519315993,254.0898550043214,-6.944131862089383e-05,0.0,0.0,0.0,0.0,0.0,0.0,1.0
1779268296.658168,-9.549320945622677,-19.005093252343244,-2.140109519425328,249.5855363533779,6.944131862089327e-05,0.0,0.0,0.0,0.0,0.0,0.0,1.0
1779268296.6686294,-9.339254678897534,-18.676864683276914,-2.1401095195212276,245.2730583231387,-6.944131862089383e-05,0.0,0.0,0.0,0.0,0.0,0.0,1.0
1779268296.6792605,-9.110273225041865,-18.3190811370938,-2.1401095196079396,240.9912560546326,6.944131862089327e-05,0.0,0.0,0.0,0.0,0.0,0.0,1.0
1779268296.689648,-8.908881693380854,-18.004406847573186,-2.140109519682478,236.9449564871787,-6.944131862089383e-05,0.0,0.0,0.0,0.0,0.0,0.0,1.0
1779268296.7002232,-8.693721823964346,-17.66821953244196,-2.1401095197494997,232.91515809905948,6.944131862089327e-05,0.0,0.0,0.0,0.0,0.0,0.0,1.0
1779268296.710768,-8.503199445533806,-17.370528299144468,-2.14010951980757,229.01875137557002,-6.944131862089374e-05,0.0,0.0,0.0,0.0,0.0,0.0,1.0
1779268296.721434,-8.297451633588613,-17.04904732792522,-2.1401095198585947,225.17286058993145,6.944131862089352e-05,0.0,0.0,0.0,0.0,0.0,0.0,1.0
1779268296.7318451,-8.121452617149393,-16.774048851660726,-2.1401095199010434,221.5392310866433,-6.944131862089346e-05,0.0,0.0,0.0,0.0,0.0,0.0,1.0
1779268296.7420201,-7.937785522838423,-16.48706900564419,-2.140109519936505,218.08352014953246,6.944131862089372e-05,0.0,0.0,0.0,0.0,0.0,0.0,1.0
1779268296.7524192,-7.757154882839897,-16.20483358984926,-2.1401095201001623,214.64548486169986,-6.944131862089332e-05,0.0,0.0,0.0,0.0,0.0,0.0,1.0
1779268296.7627885,-7.598758213501025,-15.957338757638563,-2.14010952024473,211.3189149823198,6.944131862089383e-05,0.0,0.0,0.0,0.0,0.0,0.0,1.0
1779268296.7733397,-7.426547273308401,-15.688259130733814,-2.14010952037505,208.0018898840247,-6.944131862089323e-05,0.0,0.0,0.0,0.0,0.0,0.0,1.0
1779268296.7838378,-7.252150346970481,-15.415763904410289,-2.14010952048888,204.7903484717935,6.944131862089386e-05,0.0,0.0,0.0,0.0,0.0,0.0,1.0
1779268296.7943692,-7.09080524827383,-15.163662161915758,-2.140109520588184,201.66482058487867,-6.944131862089326e-05,0.0,0.0,0.0,0.0,0.0,0.0,1.0
1779268296.805248,-6.912644210567795,-14.88528551717511,-2.140109520676864,198.5149740846334,6.944131862089383e-05,0.0,0.0,0.0,0.0,0.0,0.0,1.0
1779268296.8159773,-6.747787749708095,-14.627697276906385,-2.140109520750937,195.52771236811546,-6.944131862089327e-05,0.0,0.0,0.0,0.0,0.0,0.0,1.0
1779268296.8260403,-6.647879403139154,-14.471590468036789,-2.1401095208087306,192.83359460408425,6.944131862089383e-05,0.0,0.0,0.0,0.0,0.0,0.0,1.0
1779268296.8361177,-6.513606288531686,-14.261788711446615,-2.1401095208579246,190.1757771434543,-6.944131862089327e-05,0.0,0.0,0.0,0.0,0.0,0.0,1.0
1779268296.8467019,-6.367058447372558,-14.032807695783807,-2.1401095209004812,187.43449801071114,6.944131862089383e-05,0.0,0.0,0.0,0.0,0.0,0.0,1.0
1779268296.8567927,-6.240030823894546,-13.834327022445759,-2.140109520932387,184.9187056054188,-6.944131862089327e-05,0.0,0.0,0.0,0.0,0.0,0.0,1.0
1779268296.8669994,-6.1059880325734746,-13.624885150726692,-2.1401095209573877,182.4306092837642,6.944131862089383e-05,0.0,0.0,0.0,0.0,0.0,0.0,1.0
1779268296.8774076,-5.9877770054487165,-13.440180411510545,-2.1401095209750296,179.9711753517929,-6.944131862089327e-05,0.0,0.0,0.0,0.0,0.0,0.0,1.0
1779268296.8880787,-5.824564956479526,-13.185161577150183,-2.1401095209879215,177.47238141668885,6.94413186208937e-05,0.0,0.0,0.0,0.0,0.0,0.0,1.0
1779268296.8982654,-5.719106458143808,-13.020382666582611,-2.140109520992398,175.2225730271144,-6.944131862089356e-05,0.0,0.0,0.0,0.0,0.0,0.0,1.0
1779268296.9082456,-5.627953756259906,-12.877956563889072,-2.1401095209910115,173.08549069310672,6.944131862089344e-05,0.0,0.0,0.0,0.0,0.0,0.0,1.0
1779268296.9188614,-5.5001762322015235,-12.678304177369078,-2.140109520985481,170.81883226353557,-6.944131862089375e-05,0.0,0.0,0.0,0.0,0.0,0.0,1.0
1779268296.929505,-5.368870336860387,-12.473138711582271,-2.140109520975275,168.6118688312293,6.944131862089329e-05,0.0,0.0,0.0,0.0,0.0,0.0,1.0
1779268296.9397008,-5.283417676619222,-12.339618926102492,-2.1401095209594954,166.61462935735435,-6.944131862089386e-05,0.0,0.0,0.0,0.0,0.0,0.0,1.0
1779268296.950716,-5.155732918448651,-12.14011151327197,-2.140109520798256,164.44385101544694,6.944131862089326e-05,0.0,0.0,0.0,0.0,0.0,0.0,1.0
1779268296.9612792,-5.05103013765151,-11.976513436916663,-2.1401095206544065,162.4581908494693,-6.944131862089383e-05,0.0,0.0,0.0,0.0,0.0,0.0,1.0
1779268296.9712994,-4.96995250227513,-11.84982964742805,-2.140109520526913,160.6655692539185,6.944131862089327e-05,0.0,0.0,0.0,0.0,0.0,0.0,1.0
1779268296.9821777,-4.853171491544176,-11.667359334064802,-2.1401095203974,158.70697614111614,-6.944131862089383e-05,0.0,0.0,0.0,0.0,0.0,0.0,1.0
1779268296.992782,-4.75743861625455,-11.517776730256092,-2.140109520279028,156.88758074295228,6.944131862089327e-05,0.0,0.0,0.0,0.0,0.0,0.0,1.0
1779268297.0030022,-4.6815937300769335,-11.399269107568175,-2.1401095201712614,155.21043991005627,-6.944131862089383e-05,0.0,0.0,0.0,0.0,0.0,0.0,1.0
1779268297.0135224,-4.581658844460592,-11.243120860184817,-2.1401095200674205,153.4908939155299,6.944131862089327e-05,0.0,0.0,0.0,0.0,0.0,0.0,1.0
1779268297.023633,-4.5055777394392305,-11.124244143387116,-2.1401095199727163,151.9224118247192,-6.944131862089383e-05,0.0,0.0,0.0,0.0,0.0,0.0,1.0
1779268297.0337546,-4.437722439549661,-11.018220246230074,-2.1401095198821833,150.40074342134216,6.944131862089327e-05,0.0,0.0,0.0,0.0,0.0,0.0,1.0
1779268297.0443432,-4.347585346506486,-10.877381047000698,-2.140109519792957,148.81417700897345,-6.944131862089383e-05,0.0,0.0,0.0,0.0,0.0,0.0,1.0
1779268297.0545828,-4.265189449754959,-10.748637465870404,-2.1401095197116833,147.34727691414733,6.944131862089332e-05,0.0,0.0,0.0,0.0,0.0,0.0,1.0
1779268297.0649314,-4.200946636137315,-10.648258076503803,-2.1401095196317708,145.92282637222243,-6.944131862089361e-05,0.0,0.0,0.0,0.0,0.0,0.0,1.0
1779268297.0756533,-4.110471255015012,-10.506890300167298,-2.1401095195540156,144.44866159595156,6.944131862089361e-05,0.0,0.0,0.0,0.0,0.0,0.0,1.0
1779268297.086026,-4.03975237432527,-10.396392054899199,-2.1401095194814133,143.0952672742305,-6.94413186208934e-05,0.0,0.0,0.0,0.0,0.0,0.0,1.0
1779268297.0961604,-3.97176357745038,-10.290159564995685,-2.140109519413243,141.81183097267194,6.944131862089378e-05,0.0,0.0,0.0,0.0,0.0,0.0,1.0
1779268297.105998,-3.927981535005202,-10.221750128217074,-2.140109519348598,140.6424181038701,-6.944131862089327e-05,0.0,0.0,0.0,0.0,0.0,0.0,1.0
1779268297.1163218,-3.850579471787685,-10.100809408998302,-2.1401095192843576,139.38490409957382,6.944131862089387e-05,0.0,0.0,0.0,0.0,0.0,0.0,1.0
1779268297.126753,-3.769296937246201,-9.973805453035673,-2.140109519221927,138.1456860306943,-6.944131862089325e-05,0.0,0.0,0.0,0.0,0.0,0.0,1.0
1779268297.1370742,-3.720277005920102,-9.89721181408916,-2.14010951916062,137.01301179181203,6.944131862089384e-05,0.0,0.0,0.0,0.0,0.0,0.0,1.0
1779268297.1475992,-3.6601596019223845,-9.803278265731901,-2.1401095198413542,135.86876450525645,-6.944131862089326e-05,0.0,0.0,0.0,0.0,0.0,0.0,1.0
1779268297.158204,-3.595042151884276,-9.701532156441088,-2.140109520442101,134.7445192826436,6.944131862089383e-05,0.0,0.0,0.0,0.0,0.0,0.0,1.0
1779268297.1687007,-3.5411927847529223,-9.617392437314493,-2.1401095209634633,133.68158039466977,-6.944131862089327e-05,0.0,0.0,0.0,0.0,0.0,0.0,1.0
1779268297.1794014,-3.4780492876718627,-9.518730648276371,-2.1401095214240335,132.61758694155483,6.944131862089383e-05,0.0,0.0,0.0,0.0,0.0,0.0,1.0
1779268297.1904268,-3.40988030684014,-9.412216547055111,-2.1401095218349977,131.54189031313024,-6.944131862089327e-05,0.0,0.0,0.0,0.0,0.0,0.0,1.0
1779268297.2010314,-3.352126546860612,-9.32197623868574,-2.140109522170708,130.5623451908343,6.944131862089383e-05,0.0,0.0,0.0,0.0,0.0,0.0,1.0
1779268297.2114897,-3.310943849601323,-9.257628222774509,-2.140109522450043,129.65765663689535,-6.944131862089327e-05,0.0,0.0,0.0,0.0,0.0,0.0,1.0
1779268297.2215023,-3.2744150166410395,-9.200551877351007,-2.1401095226746407,128.8255002049039,6.944131862089383e-05,0.0,0.0,0.0,0.0,0.0,0.0,1.0
1779268297.231594,-3.229270411888363,-9.130013393104653,-2.1401095228639626,127.9932420717542,-6.944131862089337e-05,0.0,0.0,0.0,0.0,0.0,0.0,1.0
1779268297.2419858,-3.1900685170464773,-9.06876039624651,-2.1401095230215645,127.17337441794497,6.944131862089359e-05,0.0,0.0,0.0,0.0,0.0,0.0,1.0
1779268297.2525156,-3.142805915732419,-8.994912549398647,-2.140109523148202,126.3510662325004,-6.944131862089364e-05,0.0,0.0,0.0,0.0,0.0,0.0,1.0
1779268297.2628336,-3.0907779997028433,-8.913618903007547,-2.140109523242742,125.56649451273232,6.944131862089337e-05,0.0,0.0,0.0,0.0,0.0,0.0,1.0
1779268297.2733119,-3.054674364174269,-8.857206947176206,-2.1401095233088254,124.82218523482382,-6.94413186208938e-05,0.0,0.0,0.0,0.0,0.0,0.0,1.0
1779268297.283951,-3.004194421438722,-8.778332014461125,-2.1401095233524057,124.06346272830432,6.944131862089326e-05,0.0,0.0,0.0,0.0,0.0,0.0,1.0
1779268297.2941875,-2.9777968201068914,-8.73708574317531,-2.140109523367942,123.4073157622959,-6.944131862089383e-05,0.0,0.0,0.0,0.0,0.0,0.0,1.0
1779268297.304728,-2.940568783624716,-8.678916919003127,-2.1401095233648926,122.72776416880083,6.944131862089327e-05,0.0,0.0,0.0,0.0,0.0,0.0,1.0
1779268297.314943,-2.901023552499457,-8.617127480936535,-2.1401095233449126,122.08582914798528,-6.944131862089383e-05,0.0,0.0,0.0,0.0,0.0,0.0,1.0
1779268297.3256085,-2.854797282912659,-8.544898921661588,-2.14010952330767,121.42178862347298,6.944131862089327e-05,0.0,0.0,0.0,0.0,0.0,0.0,1.0
1779268297.3358438,-2.83207014574487,-8.509387758659905,-2.140109523252627,120.8613673293855,-6.944131862089383e-05,0.0,0.0,0.0,0.0,0.0,0.0,1.0
1779268297.3461542,-2.8012294903483363,-8.46119922501009,-2.1401095231854352,120.29618308199423,6.944131862089327e-05,0.0,0.0,0.0,0.0,0.0,0.0,1.0
1779268297.3564603,-2.7707834953514885,-8.413627392709305,-2.1401095227708735,119.75091248716087,-6.944131862089383e-05,0.0,0.0,0.0,0.0,0.0,0.0,1.0
1779268297.3671327,-2.7314953962000237,-8.35223977060451,-2.140109522372548,119.18427808000843,6.944131862089327e-05,0.0,0.0,0.0,0.0,0.0,0.0,1.0
1779268297.3773062,-2.702174401517449,-8.306425744476389,-2.1401095220192685,118.68808469624723,-6.944131862089383e-05,0.0,0.0,0.0,0.0,0.0,0.0,1.0
1779268297.387867,-2.6761676676353163,-8.26579024916178,-2.1401095216746717,118.19978201147343,6.944131862089327e-05,0.0,0.0,0.0,0.0,0.0,0.0,1.0
1779268297.3985212,-2.6430266147049513,-8.214007378094333,-2.140109521351371,117.70801570547808,-6.944131862089379e-05,0.0,0.0,0.0,0.0,0.0,0.0,1.0
1779268297.4086912,-2.6251017618746784,-8.185999816297027,-2.1401095210593146,117.29311933633359,6.944131862089344e-05,0.0,0.0,0.0,0.0,0.0,0.0,1.0
1779268297.4189548,-2.6088301964796776,-8.160575514425492,-2.140109520780682,116.89363362029852,-6.944131862089353e-05,0.0,0.0,0.0,0.0,0.0,0.0,1.0
1779268297.4294658,-2.584153208660401,-8.122017738801672,-2.1401095205124716,116.47776928991698,6.944131862089367e-05,0.0,0.0,0.0,0.0,0.0,0.0,1.0
1779268297.4400625,-2.5556522424234887,-8.077484995433021,-2.140109520257775,116.0652372152445,-6.944131862089336e-05,0.0,0.0,0.0,0.0,0.0,0.0,1.0
1779268297.4504352,-2.522042924374328,-8.02497045053245,-2.140109520024598,115.66541569448393,6.94413186208938e-05,0.0,0.0,0.0,0.0,0.0,0.0,1.0
1779268297.4608796,-2.5052879173165685,-7.99879076528016,-2.1401095197976883,115.32349251039842,-6.944131862089326e-05,0.0,0.0,0.0,0.0,0.0,0.0,1.0
1779268297.4713457,-2.4853417159891835,-7.967624837873863,-2.1401095195816646,114.98669790538926,6.944131862089383e-05,0.0,0.0,0.0,0.0,0.0,0.0,1.0
1779268297.4820144,-2.461181264481959,-7.929874143701531,-2.1401095193730093,114.64824644332451,-6.944131862089327e-05,0.0,0.0,0.0,0.0,0.0,0.0,1.0
1779268297.492042,-2.456110306330064,-7.921950781270176,-2.1401095191818555,114.39402095893995,6.944131862089383e-05,0.0,0.0,0.0,0.0,0.0,0.0,1.0
1779268297.5022085,-2.4385398100244897,-7.894496889890473,-2.1401095189974684,114.11285155671878,-6.944131862089327e-05,0.0,0.0,0.0,0.0,0.0,0.0,1.0
1779268297.5128875,-2.4132381814872996,-7.8549631040959955,-2.140109518812391,113.81047725758448,6.944131862089383e-05,0.0,0.0,0.0,0.0,0.0,0.0,1.0
1779268297.5228472,-2.412662388430663,-7.8540634349203,-2.1401095186425554,113.60911834532855,-6.944131862089327e-05,0.0,0.0,0.0,0.0,0.0,0.0,1.0
1779268297.5332518,-2.3927964349853217,-7.823022889947708,-2.1401095184736536,113.35330481607238,6.944131862089383e-05,0.0,0.0,0.0,0.0,0.0,0.0,1.0
1779268297.543689,-2.3688594328538306,-7.785621330876557,-2.140109518310468,113.09788918769641,-6.944131862089327e-05,0.0,0.0,0.0,0.0,0.0,0.0,1.0
1779268297.553832,-2.3649310200833225,-7.7794832167451675,-2.140109517949385,112.91866624175437,6.944131862089383e-05,0.0,0.0,0.0,0.0,0.0,0.0,1.0
1779268297.5645616,-2.34014249972784,-7.740751183053852,-2.140109517602176,112.67900271237038,-6.944131862089327e-05,0.0,0.0,0.0,0.0,0.0,0.0,1.0
1779268297.5750449,-2.33198498343352,-7.728005089713816,-2.14010951728801,112.50461542307643,6.944131862089374e-05,0.0,0.0,0.0,0.0,0.0,0.0,1.0
1779268297.5857143,-2.3134936423002617,-7.699112392811703,-2.1401095169963904,112.3085696402241,-6.944131862089352e-05,0.0,0.0,0.0,0.0,0.0,0.0,1.0
1779268297.596099,-2.298923159316762,-7.676346033814318,-2.1401095167354414,112.14059518036589,6.944131862089346e-05,0.0,0.0,0.0,0.0,0.0,0.0,1.0
1779268297.6065366,-2.2921059386544353,-7.665694145326902,-2.140109516491744,112.0055387227079,-6.944131862089372e-05,0.0,0.0,0.0,0.0,0.0,0.0,1.0
1779268297.6172776,-2.27055684837904,-7.632023709185655,-2.1401095162611683,111.83251913760243,6.944131862089332e-05,0.0,0.0,0.0,0.0,0.0,0.0,1.0
1779268297.6274836,-2.2820694357142792,-7.650012141965678,-2.140109516054763,111.7769046805262,-6.944131862089383e-05,0.0,0.0,0.0,0.0,0.0,0.0,1.0
1779268297.638037,-2.2712079698570626,-7.63304111556004,-2.1401095158585504,111.65812889914058,6.944131862089323e-05,0.0,0.0,0.0,0.0,0.0,0.0,1.0
1779268297.6486251,-2.2444493098810683,-7.591230721878789,-2.140109515678022,111.50111959811102,-6.944131862089386e-05,0.0,0.0,0.0,0.0,0.0,0.0,1.0
1779268297.6587784,-2.2469364131765706,-7.595116831840853,-2.1401095155135277,111.44807632557601,6.944131862089326e-05,0.0,0.0,0.0,0.0,0.0,0.0,1.0
1779268297.669246,-2.2254603335573733,-7.5615604676298975,-2.1401095153568255,111.32691604846279,-6.944131862089383e-05,0.0,0.0,0.0,0.0,0.0,0.0,1.0
1779268297.6795244,-2.2324513197774243,-7.572483892863235,-2.140109515210124,111.30518829643738,6.944131862089327e-05,0.0,0.0,0.0,0.0,0.0,0.0,1.0
1779268297.689582,-2.2307890202951164,-7.569886558110863,-2.140109515075878,111.26558758505871,-6.944131862089383e-05,0.0,0.0,0.0,0.0,0.0,0.0,1.0
1779268297.6999133,-2.230891404375498,-7.570046540948027,-2.1401095149448466,111.23779849367067,6.944131862089327e-05,0.0,0.0,0.0,0.0,0.0,0.0,1.0
1779268297.709959,-2.2283686539421463,-7.56610475020334,-2.1401095148248377,111.2109872853643,-6.944131862089383e-05,0.0,0.0,0.0,0.0,0.0,0.0,1.0
1779268297.72063,-2.1947299348739193,-7.513544257920325,-2.1401095147071967,111.09181504857035,6.944131862089327e-05,0.0,0.0,0.0,0.0,0.0,0.0,1.0
1779268297.7307649,-2.2168904523057615,-7.548170072375298,-2.1401095145961104,111.16028188826418,-6.944131862089383e-05,0.0,0.0,0.0,0.0,0.0,0.0,1.0
1779268297.7408423,-2.2159152084907685,-7.546646259146721,-2.140109514492498,111.16135784422,6.944131862089327e-05,0.0,0.0,0.0,0.0,0.0,0.0,1.0
1779268297.7513254,-2.1954015970091434,-7.514593784128537,-2.14010951407205,111.10694045135507,-6.94413186208937e-05,0.0,0.0,0.0,0.0,0.0,0.0,1.0
1779268297.761777,-2.192778635957689,-7.5104954462148825,-2.1401095136946986,111.1181978802156,6.944131862089356e-05,0.0,0.0,0.0,0.0,0.0,0.0,1.0
1779268297.7718902,-2.2005605333812945,-7.522654694528302,-2.140109513370073,111.16997440527578,-6.944131862089344e-05,0.0,0.0,0.0,0.0,0.0,0.0,1.0
1779268297.7818677,-2.2077197632780514,-7.533841021162098,-2.1401095130828596,111.22579870652966,6.944131862089375e-05,0.0,0.0,0.0,0.0,0.0,0.0,1.0
1779268297.792948,-2.192493097200119,-7.510049385075158,-2.140109512797321,111.21768232979927,-6.944131862089329e-05,0.0,0.0,0.0,0.0,0.0,0.0,1.0
1779268297.8033519,-2.1955933164653345,-7.514893502598734,-2.140109512561411,111.27555346255495,6.944131862089386e-05,0.0,0.0,0.0,0.0,0.0,0.0,1.0
1779268297.8135793,-2.193103015313071,-7.511002428878026,-2.140109512356008,111.32090168715102,-6.944131862089326e-05,0.0,0.0,0.0,0.0,0.0,0.0,1.0
1779268297.823647,-2.1979867763393117,-7.518633324962982,-2.1401095121755693,111.39611467701259,6.944131862089383e-05,0.0,0.0,0.0,0.0,0.0,0.0,1.0
1779268297.8339984,-2.2070211982077703,-7.53274962732213,-2.1401095120096523,111.4924231519332,-6.944131862089327e-05,0.0,0.0,0.0,0.0,0.0,0.0,1.0
1779268297.8445349,-2.197245317366579,-7.51747482966017,-2.1401095118613145,111.53340936970945,6.944131862089383e-05,0.0,0.0,0.0,0.0,0.0,0.0,1.0
1779268297.854809,-2.201748709224158,-7.524511393853169,-2.1401095117330926,111.62693957676633,-6.944131862089327e-05,0.0,0.0,0.0,0.0,0.0,0.0,1.0
1779268297.865063,-2.1980449601487817,-7.518724298537894,-2.140109511621382,111.69811400729112,6.944131862089383e-05,0.0,0.0,0.0,0.0,0.0,0.0,1.0
1779268297.875213,-2.20399263270303,-7.528017548416856,-2.140109511522947,111.80717605924804,-6.944131862089327e-05,0.0,0.0,0.0,0.0,0.0,0.0,1.0
1779268297.8855646,-2.2109557393591897,-7.538897413130268,-2.1401095114348,111.92659383828877,6.944131862089383e-05,0.0,0.0,0.0,0.0,0.0,0.0,1.0
1779268297.8959506,-2.2070878646053274,-7.5328538680850485,-2.1401095113575677,112.01545067612594,-6.944131862089327e-05,0.0,0.0,0.0,0.0,0.0,0.0,1.0
1779268297.9063635,-2.207202064990928,-7.53303231456945,-2.140109511290192,112.12372695910568,6.944131862089383e-05,0.0,0.0,0.0,0.0,0.0,0.0,1.0
1779268297.916769,-2.2101017234381866,-7.5375630384361205,-2.140109511231974,112.24678458857646,-6.944131862089332e-05,0.0,0.0,0.0,0.0,0.0,0.0,1.0
1779268297.9272535,-2.21131196010763,-7.539454039990387,-2.1401095111814556,112.3703336438506,6.944131862089361e-05,0.0,0.0,0.0,0.0,0.0,0.0,1.0
1779268297.9381332,-2.2012781083508632,-7.523776152607308,-2.140109511136638,112.46544572661364,-6.944131862089361e-05,0.0,0.0,0.0,0.0,0.0,0.0,1.0
1779268297.9485533,-2.211856220507765,-7.540304356716283,-2.1401095119407088,112.63132068465106,6.94413186208934e-05,0.0,0.0,0.0,0.0,0.0,0.0,1.0
1779268297.9586504,-2.2178516315401366,-7.549672103004143,-2.1401095126198135,112.78242543758014,-6.944131862089378e-05,0.0,0.0,0.0,0.0,0.0,0.0,1.0
1779268297.9691734,-2.2217400752873218,-7.555747718370316,-2.1401095132359447,112.93624341561647,6.944131862089327e-05,0.0,0.0,0.0,0.0,0.0,0.0,1.0
1779268297.9795349,-2.2218092919962356,-7.555855800945283,-2.140109513758844,113.07966026508458,-6.944131862089387e-05,0.0,0.0,0.0,0.0,0.0,0.0,1.0
1779268297.9896448,-2.228370881502298,-7.566108224866823,-2.1401095141969395,113.2466791721986,6.944131862089325e-05,0.0,0.0,0.0,0.0,0.0,0.0,1.0
1779268298.0000784,-2.225153926463708,-7.5610816774748795,-2.1401095145840565,113.38862719385267,-6.944131862089384e-05,0.0,0.0,0.0,0.0,0.0,0.0,1.0
1779268298.0104609,-2.238912139735767,-7.582578836894903,-2.140109514908013,113.5933137082262,6.944131862089326e-05,0.0,0.0,0.0,0.0,0.0,0.0,1.0
1779268298.0210423,-2.2382285432782343,-7.581510672945238,-2.1401095151855105,113.75529721133191,-6.944131862089383e-05,0.0,0.0,0.0,0.0,0.0,0.0,1.0
1779268298.0311706,-2.2459047011413436,-7.593504631856644,-2.1401095154029637,113.94367708862454,6.944131862089327e-05,0.0,0.0,0.0,0.0,0.0,0.0,1.0
1779268298.0413742,-2.2517010010013863,-7.602561316430242,-2.140109515581425,114.13071676575149,-6.944131862089383e-05,0.0,0.0,0.0,0.0,0.0,0.0,1.0
1779268298.0518708,-2.2587737208745517,-7.6136124101407745,-2.140109515726386,114.33104079005538,6.944131862089327e-05,0.0,0.0,0.0,0.0,0.0,0.0,1.0
1779268298.0624564,-2.263198729815067,-7.62052645882666,-2.1401095158375854,114.52768208621117,-6.944131862089383e-05,0.0,0.0,0.0,0.0,0.0,0.0,1.0
1779268298.072732,-2.2677593118823354,-7.627652344453383,-2.140109515915258,114.72364607873715,6.944131862089327e-05,0.0,0.0,0.0,0.0,0.0,0.0,1.0
1779268298.0832262,-2.2717657198834154,-7.63391233537787,-2.140109515967221,114.92541646914027,-6.944131862089383e-05,0.0,0.0,0.0,0.0,0.0,0.0,1.0
1779268298.0936658,-2.284291893054006,-7.653484462083869,-2.1401095159925005,115.1600394833536,6.944131862089337e-05,0.0,0.0,0.0,0.0,0.0,0.0,1.0
1779268298.1042259,-2.283532659848713,-7.652298143320655,-2.140109515998614,115.35390205150857,-6.944131862089359e-05,0.0,0.0,0.0,0.0,0.0,0.0,1.0
1779268298.11492,-2.2819737972061036,-7.649862405442079,-2.1401095159848267,115.55157109879323,6.944131862089364e-05,0.0,0.0,0.0,0.0,0.0,0.0,1.0
1779268298.1252444,-2.3041171950458494,-7.684461452079724,-2.1401095159493138,115.82951842273769,-6.944131862089337e-05,0.0,0.0,0.0,0.0,0.0,0.0,1.0
1779268298.135554,-2.3120073607831295,-7.696789825071108,-2.140109515901853,116.06006905505257,6.94413186208938e-05,0.0,0.0,0.0,0.0,0.0,0.0,1.0
1779268298.146285,-2.3095880547006686,-7.693009649353634,-2.1401095158407615,116.26520758220676,-6.944131862089326e-05,0.0,0.0,0.0,0.0,0.0,0.0,1.0
1779268298.1561725,-2.334155979335099,-7.73139701864511,-2.140109515808908,116.55335095003211,6.944131862089383e-05,0.0,0.0,0.0,0.0,0.0,0.0,1.0
1779268298.1671445,-2.3300590345958057,-7.724995529667126,-2.1401095157622514,116.76527170723944,-6.944131862089327e-05,0.0,0.0,0.0,0.0,0.0,0.0,1.0
1779268298.1771467,-2.3469124745224206,-7.751329019596261,-2.1401095157019046,117.0347169620937,6.944131862089383e-05,0.0,0.0,0.0,0.0,0.0,0.0,1.0
1779268298.187701,-2.354162290353652,-7.762656847622578,-2.1401095156269885,117.28482121560141,-6.944131862089327e-05,0.0,0.0,0.0,0.0,0.0,0.0,1.0
1779268298.1981966,-2.363452748726603,-7.7771731809820785,-2.140109515540442,117.54411884210401,6.944131862089383e-05,0.0,0.0,0.0,0.0,0.0,0.0,1.0
1779268298.2083945,-2.373632027251184,-7.793078297171704,-2.1401095154465932,117.80316338433981,-6.944131862089327e-05,0.0,0.0,0.0,0.0,0.0,0.0,1.0
1779268298.218488,-2.3835443225221598,-7.808566253053515,-2.140109515345413,118.06182481060945,6.944131862089383e-05,0.0,0.0,0.0,0.0,0.0,0.0,1.0
1779268298.2285936,-2.3939746545507625,-7.824863642229035,-2.140109515236612,118.32521265734118,-6.944131862089327e-05,0.0,0.0,0.0,0.0,0.0,0.0,1.0
1779268298.238862,-2.405584946543694,-7.84300471956639,-2.1401095151186222,118.59964055569097,6.944131862089383e-05,0.0,0.0,0.0,0.0,0.0,0.0,1.0
1779268298.2492056,-2.4084398631129877,-7.847465523414827,-2.1401095149958502,118.84724798342235,-6.944131862089327e-05,0.0,0.0,0.0,0.0,0.0,0.0,1.0
1779268298.2596965,-2.4214853135470347,-7.867849037144726,-2.1401095148632097,119.13787994935585,6.944131862089379e-05,0.0,0.0,0.0,0.0,0.0,0.0,1.0
1779268298.2703187,-2.4258402632631055,-7.874653643992144,-2.140109514726137,119.4031346752208,-6.944131862089344e-05,0.0,0.0,0.0,0.0,0.0,0.0,1.0
1779268298.280801,-2.441710415525645,-7.899450755513783,-2.1401095145839597,119.70964814509313,6.944131862089353e-05,0.0,0.0,0.0,0.0,0.0,0.0,1.0
1779268298.2914655,-2.444290174020592,-7.903481627087689,-2.1401095144385627,119.97571130361857,-6.944131862089367e-05,0.0,0.0,0.0,0.0,0.0,0.0,1.0
1779268298.3014846,-2.4628793284476225,-7.932527180473553,-2.14010951429639,120.28603493286649,6.944131862089336e-05,0.0,0.0,0.0,0.0,0.0,0.0,1.0
1779268298.311609,-2.474233294474388,-7.950267752249576,-2.140109514151715,120.57532911540606,-6.94413186208938e-05,0.0,0.0,0.0,0.0,0.0,0.0,1.0
1779268298.3219056,-2.490713744570791,-7.9760184557810545,-2.1401095140009057,120.88988518714521,6.944131862089326e-05,0.0,0.0,0.0,0.0,0.0,0.0,1.0
1779268298.3327012,-2.485477925685385,-7.967837489056002,-2.1401095138460255,121.14044169259654,-6.944131862089383e-05,0.0,0.0,0.0,0.0,0.0,0.0,1.0
1779268298.342568,-2.515603923237842,-8.014909361236382,-2.140109513695819,121.49842295879454,6.944131862089327e-05,0.0,0.0,0.0,0.0,0.0,0.0,1.0
1779268298.3527992,-2.5208796794719475,-8.023152750850926,-2.1401095133945227,121.77790035553646,-6.944131862089383e-05,0.0,0.0,0.0,0.0,0.0,0.0,1.0
1779268298.3631854,-2.5156711875309874,-8.015014500942792,-2.1401095131102097,122.02566839253164,6.944131862089327e-05,0.0,0.0,0.0,0.0,0.0,0.0,1.0
1779268298.3733962,-2.547473360316644,-8.064705413374814,-2.140109512838399,122.4065573869174,-6.944131862089383e-05,0.0,0.0,0.0,0.0,0.0,0.0,1.0
1779268298.383663,-2.553208848982981,-8.07366713000277,-2.1401095125863203,122.69592149707553,6.944131862089327e-05,0.0,0.0,0.0,0.0,0.0,0.0,1.0
1779268298.3940206,-2.5745849587709215,-8.10706731617955,-2.1401095123429075,123.04624643527448,-6.944131862089383e-05,0.0,0.0,0.0,0.0,0.0,0.0,1.0
1779268298.404501,-2.57914023124216,-8.11418494271044,-2.140109512111791,123.34205081782709,6.944131862089327e-05,0.0,0.0,0.0,0.0,0.0,0.0,1.0
1779268298.414623,-2.593919837602324,-8.137278089593101,-2.1401095118984523,123.66736320842767,-6.944131862089383e-05,0.0,0.0,0.0,0.0,0.0,0.0,1.0
1779268298.4247441,-2.61050505030577,-8.163192495486888,-2.1401095116944875,124.00135530587119,6.944131862089327e-05,0.0,0.0,0.0,0.0,0.0,0.0,1.0
1779268298.434892,-2.6283029213538294,-8.191001679250226,-2.1401095114986144,124.34247247961004,-6.944131862089374e-05,0.0,0.0,0.0,0.0,0.0,0.0,1.0
1779268298.445159,-2.6369821747304734,-8.20456302205029,-2.1401095113100315,124.65609326001349,6.944131862089352e-05,0.0,0.0,0.0,0.0,0.0,0.0,1.0
1779268298.4554367,-2.6476531053992662,-8.221236359962612,-2.140109511128435,124.97952288282235,-6.944131862089346e-05,0.0,0.0,0.0,0.0,0.0,0.0,1.0
1779268298.4656723,-2.661039893997752,-8.242153225276827,-2.140109510954083,125.3136246787251,6.944131862089372e-05,0.0,0.0,0.0,0.0,0.0,0.0,1.0
1779268298.4760528,-2.6731073203808173,-8.261008586634976,-2.140109510783532,125.64929551509813,-6.944131862089332e-05,0.0,0.0,0.0,0.0,0.0,0.0,1.0
1779268298.4865663,-2.683883225987536,-8.277845946306746,-2.140109510616797,125.98621546187314,6.944131862089383e-05,0.0,0.0,0.0,0.0,0.0,0.0,1.0
1779268298.496743,-2.695865494646517,-8.29656824758334,-2.1401095104608205,126.31982348495556,-6.944131862089323e-05,0.0,0.0,0.0,0.0,0.0,0.0,1.0
1779268298.5075161,-2.697377951854466,-8.298931468095807,-2.1401095103027012,126.63317389663507,6.944131862089386e-05,0.0,0.0,0.0,0.0,0.0,0.0,1.0
1779268298.517424,-2.7266967891649974,-8.344742157410703,-2.1401095101569725,127.02663920361245,-6.944131862089326e-05,0.0,0.0,0.0,0.0,0.0,0.0,1.0
1779268298.5279758,-2.7388818652052085,-8.363781344306064,-2.1401095100077803,127.37849487849502,6.944131862089383e-05,0.0,0.0,0.0,0.0,0.0,0.0,1.0
1779268298.5386758,-2.7424815566547727,-8.369405867292341,-2.140109509861637,127.70565536366522,-6.944131862089327e-05,0.0,0.0,0.0,0.0,0.0,0.0,1.0
1779268298.549072,-2.7619476714392155,-8.399821741953486,-2.140109509247313,128.08359782804806,6.944131862089383e-05,0.0,0.0,0.0,0.0,0.0,0.0,1.0
1779268298.5597777,-2.7650005095997217,-8.404591865968612,-2.1401095086861743,128.41222674970115,-6.944131862089327e-05,0.0,0.0,0.0,0.0,0.0,0.0,1.0
1779268298.5700107,-2.788834040567102,-8.441831814006635,-2.1401095082057155,128.80551330942515,6.944131862089383e-05,0.0,0.0,0.0,0.0,0.0,0.0,1.0
1779268298.5805924,-2.7899744561244098,-8.443613764567495,-2.14010950776427,129.12827896844487,-6.944131862089327e-05,0.0,0.0,0.0,0.0,0.0,0.0,1.0
1779268298.5906334,-2.8180057246273145,-8.487412666062403,-2.1401095073899317,129.53453550559624,6.944131862089383e-05,0.0,0.0,0.0,0.0,0.0,0.0,1.0
1779268298.6010013,-2.829423637368924,-8.505253195557946,-2.140109507045397,129.89181968075076,-6.944131862089327e-05,0.0,0.0,0.0,0.0,0.0,0.0,1.0
1779268298.6110659,-2.846417856696191,-8.531806699083846,-2.140109506747406,130.26170708185754,6.94413186208937e-05,0.0,0.0,0.0,0.0,0.0,0.0,1.0
1779268298.621459,-2.859841393695569,-8.55278100888567,-2.1401095064725113,130.6309049430621,-6.944131862089356e-05,0.0,0.0,0.0,0.0,0.0,0.0,1.0
1779268298.6316388,-2.8754127924569444,-8.577111348788632,-2.1401095062332156,131.0028244984649,6.944131862089344e-05,0.0,0.0,0.0,0.0,0.0,0.0,1.0
1779268298.6417418,-2.8931711843580077,-8.604858862481022,-2.1401095060215165,131.38218095434027,-6.944131862089375e-05,0.0,0.0,0.0,0.0,0.0,0.0,1.0
1779268298.651958,-2.9033427437746653,-8.620751947782043,-2.1401095058312163,131.73886376169062,6.944131862089329e-05,0.0,0.0,0.0,0.0,0.0,0.0,1.0
1779268298.6628923,-2.897396160245549,-8.611460433100552,-2.140109505651044,132.06083282536625,-6.944131862089386e-05,0.0,0.0,0.0,0.0,0.0,0.0,1.0
1779268298.6730542,-2.930564074811551,-8.663285319616124,-2.1401095055019015,132.50541192711052,6.944131862089326e-05,0.0,0.0,0.0,0.0,0.0,0.0,1.0
1779268298.6835704,-2.945906673097824,-8.68725814733412,-2.1401095053658197,132.89668199279103,-6.944131862089383e-05,0.0,0.0,0.0,0.0,0.0,0.0,1.0
1779268298.6937559,-2.969052621557912,-8.723423707734145,-2.140109505249552,133.3072802389763,6.944131862089327e-05,0.0,0.0,0.0,0.0,0.0,0.0,1.0
1779268298.7041698,-2.9801074798115135,-8.740696937943829,-2.140109505144593,133.68269926931237,-6.944131862089383e-05,0.0,0.0,0.0,0.0,0.0,0.0,1.0
1779268298.7144012,-2.989271817787186,-8.755016228488872,-2.140109505053875,134.04685350087297,6.944131862089327e-05,0.0,0.0,0.0,0.0,0.0,0.0,1.0
1779268298.7250504,-2.9975391939693603,-8.76793401539018,-2.1401095049707592,134.423631850316,-6.944131862089383e-05,0.0,0.0,0.0,0.0,0.0,0.0,1.0
1779268298.7355604,-3.014218195658096,-8.793994966184428,-2.1401095048990704,134.82874758008867,6.944131862089327e-05,0.0,0.0,0.0,0.0,0.0,0.0,1.0
1779268298.746067,-3.030226129488127,-8.81900737234477,-2.1401095048367194,135.2322749247264,-6.944131862089383e-05,0.0,0.0,0.0,0.0,0.0,0.0,1.0
1779268298.7565625,-3.036639863408832,-8.82902889088435,-2.1401095044317713,135.6016989421225,6.944131862089327e-05,0.0,0.0,0.0,0.0,0.0,0.0,1.0
1779268298.7669077,-3.0455534808231373,-8.842956470503953,-2.140109504085594,135.97742062479423,-6.944131862089383e-05,0.0,0.0,0.0,0.0,0.0,0.0,1.0
1779268298.7769883,-3.0937575295771946,-8.918275344320964,-2.1401095037951374,136.49086189226117,6.944131862089332e-05,0.0,0.0,0.0,0.0,0.0,0.0,1.0
1779268298.7871456,-3.1088816501126693,-8.94190682430033,-2.1401095035423916,136.88584621786802,-6.944131862089361e-05,0.0,0.0,0.0,0.0,0.0,0.0,1.0
1779268298.797745,-3.119480092249816,-8.958466928873193,-2.1401095033166206,137.28140253741986,6.944131862089361e-05,0.0,0.0,0.0,0.0,0.0,0.0,1.0
1779268298.8079195,-3.1360589084408512,-8.984371362628387,-2.140109503134218,137.68572695363144,-6.94413186208934e-05,0.0,0.0,0.0,0.0,0.0,0.0,1.0
1779268298.8181436,-3.1489782609316634,-9.004557880841924,-2.140109502980075,138.0798717673389,6.944131862089378e-05,0.0,0.0,0.0,0.0,0.0,0.0,1.0
1779268298.8281398,-3.1757300027883923,-9.046357504427936,-2.140109502855977,138.51869368432082,-6.944131862089327e-05,0.0,0.0,0.0,0.0,0.0,0.0,1.0
1779268298.838689,-3.1888390947551004,-9.066840485400165,-2.140109502748268,138.92817141294964,6.944131862089387e-05,0.0,0.0,0.0,0.0,0.0,0.0,1.0
1779268298.849312,-3.197389346525579,-9.08020027575756,-2.140109502662094,139.3252250310405,-6.944131862089325e-05,0.0,0.0,0.0,0.0,0.0,0.0,1.0
1779268298.8598228,-3.2177430276297416,-9.11200292238117,-2.1401095025978156,139.7633140566988,6.944131862089384e-05,0.0,0.0,0.0,0.0,0.0,0.0,1.0
1779268298.8704264,-3.2258273100744437,-9.12463463094957,-2.14010950254974,140.1612801198204,-6.944131862089326e-05,0.0,0.0,0.0,0.0,0.0,0.0,1.0
1779268298.8808944,-3.237565281849145,-9.142975227133158,-2.1401095025181682,140.56973939325854,6.944131862089383e-05,0.0,0.0,0.0,0.0,0.0,0.0,1.0
1779268298.8914895,-3.2502105401777963,-9.162733457015376,-2.1401095025003642,140.98719836249188,-6.944131862089327e-05,0.0,0.0,0.0,0.0,0.0,0.0,1.0
1779268298.9013445,-3.286219565174236,-9.218997571201692,-2.1401095024972103,141.4663496891483,6.944131862089383e-05,0.0,0.0,0.0,0.0,0.0,0.0,1.0
1779268298.9118407,-3.301130509299604,-9.242295932270785,-2.1401095025026318,141.89143805104285,-6.944131862089327e-05,0.0,0.0,0.0,0.0,0.0,0.0,1.0
1779268298.9219794,-3.3236586322762514,-9.277496134170134,-2.1401095025178445,142.3340285036042,6.944131862089383e-05,0.0,0.0,0.0,0.0,0.0,0.0,1.0
1779268298.9329612,-3.3197084280399283,-9.2713239479286,-2.140109502540932,142.70978798759887,-6.944131862089327e-05,0.0,0.0,0.0,0.0,0.0,0.0,1.0
1779268298.9434505,-3.353790702070255,-9.32457750961064,-2.1401095025744468,143.2117570359652,6.944131862089383e-05,0.0,0.0,0.0,0.0,0.0,0.0,1.0
1779268298.9539828,-3.3622193303636623,-9.337747389016254,-2.1401095016960827,143.621706015201,-6.944131862089337e-05,0.0,0.0,0.0,0.0,0.0,0.0,1.0
1779268298.9642603,-3.3755794180078955,-9.358622654633107,-2.1401095009663753,144.04163844064072,6.944131862089359e-05,0.0,0.0,0.0,0.0,0.0,0.0,1.0
1779268298.9747963,-3.3974888437696227,-9.392856250400968,-2.1401095003350554,144.50321143848075,-6.944131862089364e-05,0.0,0.0,0.0,0.0,0.0,0.0,1.0
1779268298.9848602,-3.4208415643408174,-9.429344977481998,-2.1401094998275747,144.95565694475965,6.944131862089337e-05,0.0,0.0,0.0,0.0,0.0,0.0,1.0
1779268298.9954443,-3.4336793433029467,-9.449404101536764,-2.1401094993822585,145.38977421619654,-6.94413186208938e-05,0.0,0.0,0.0,0.0,0.0,0.0,1.0
1779268299.006146,-3.445424134667559,-9.467755422491845,-2.1401094990174143,145.82436697837016,6.944131862089326e-05,0.0,0.0,0.0,0.0,0.0,0.0,1.0
1779268299.0161183,-3.478971419908214,-9.520173127269924,-2.1401094987502014,146.31496416386253,-6.944131862089383e-05,0.0,0.0,0.0,0.0,0.0,0.0,1.0
1779268299.0261729,-3.4986029785157444,-9.550847501347507,-2.1401094985369076,146.75847663900691,6.944131862089327e-05,0.0,0.0,0.0,0.0,0.0,0.0,1.0
1779268299.036774,-3.511985546075089,-9.57175782265158,-2.14010949836779,147.20136599510272,-6.944131862089383e-05,0.0,0.0,0.0,0.0,0.0,0.0,1.0
1779268299.047223,-3.5177445101993365,-9.580756255476496,-2.140109498250562,147.61159768105594,6.944131862089327e-05,0.0,0.0,0.0,0.0,0.0,0.0,1.0
1779268299.05776,-3.5406973232718624,-9.616620072924663,-2.1401094981830724,148.09117350844687,-6.944131862089383e-05,0.0,0.0,0.0,0.0,0.0,0.0,1.0
1779268299.0681152,-3.5655006349847858,-9.65537528848438,-2.1401094981577464,148.57181752143205,6.944131862089327e-05,0.0,0.0,0.0,0.0,0.0,0.0,1.0
1779268299.078947,-3.5747278444745225,-9.669792840130862,-2.14010949816492,149.0149346668772,-6.944131862089383e-05,0.0,0.0,0.0,0.0,0.0,0.0,1.0
1779268299.0895383,-3.587448866205957,-9.689669468158234,-2.1401094982052262,149.4607830050823,6.944131862089327e-05,0.0,0.0,0.0,0.0,0.0,0.0,1.0
1779268299.0995655,-3.61256193898114,-9.728908671718186,-2.1401094982737097,149.93574318042732,-6.944131862089383e-05,0.0,0.0,0.0,0.0,0.0,0.0,1.0
1779268299.1095023,-3.644434238596847,-9.778709164194579,-2.140109498366394,150.43200261228566,6.944131862089327e-05,0.0,0.0,0.0,0.0,0.0,0.0,1.0
1779268299.1196878,-3.657696331113244,-9.799431204476692,-2.1401094984769418,150.86990349075722,-6.944131862089379e-05,0.0,0.0,0.0,0.0,0.0,0.0,1.0
1779268299.1298535,-3.6791011904124784,-9.832876315729877,-2.1401094986084783,151.33891058249029,6.944131862089344e-05,0.0,0.0,0.0,0.0,0.0,0.0,1.0
1779268299.1400678,-3.700352759799605,-9.866081909184352,-2.140109498757587,151.81095040759854,-6.944131862089353e-05,0.0,0.0,0.0,0.0,0.0,0.0,1.0
1779268299.150164,-3.7205532675639326,-9.897645269260183,-2.1401094985964564,152.27561581253835,6.944131862089367e-05,0.0,0.0,0.0,0.0,0.0,0.0,1.0
1779268299.1608298,-3.732285895508805,-9.915977562510493,-2.140109498482696,152.73361147259183,-6.944131862089336e-05,0.0,0.0,0.0,0.0,0.0,0.0,1.0
1779268299.1717384,-3.737287456409444,-9.923792556912336,-2.140109498420099,153.17831315548418,6.94413186208938e-05,0.0,0.0,0.0,0.0,0.0,0.0,1.0
1779268299.1822412,-3.7583221614300912,-9.956659331275848,-2.1401094984120292,153.6664352306563,-6.944131862089326e-05,0.0,0.0,0.0,0.0,0.0,0.0,1.0
1779268299.1921449,-3.793653339255669,-10.011864337504267,-2.1401094984469844,154.18581150069113,6.944131862089383e-05,0.0,0.0,0.0,0.0,0.0,0.0,1.0
1779268299.202263,-3.813607822931166,-10.043043254253806,-2.140109498511593,154.6578960445119,-6.944131862089327e-05,0.0,0.0,0.0,0.0,0.0,0.0,1.0
1779268299.2125475,-3.8170721019826286,-10.048456221409866,-2.1401094986025435,155.07715036858806,6.944131862089383e-05,0.0,0.0,0.0,0.0,0.0,0.0,1.0
1779268299.2230368,-3.841574733148129,-10.086741611592466,-2.1401094987310523,155.58298109186592,-6.944131862089327e-05,0.0,0.0,0.0,0.0,0.0,0.0,1.0
1779268299.2334256,-3.867601380061455,-10.12740827265979,-2.140109498884885,156.09359005182822,6.944131862089383e-05,0.0,0.0,0.0,0.0,0.0,0.0,1.0
1779268299.243534,-3.892306428217209,-10.166009931751574,-2.1401094990551264,156.58870108595178,-6.944131862089327e-05,0.0,0.0,0.0,0.0,0.0,0.0,1.0
1779268299.2544205,-3.894515032501782,-10.169460894353328,-2.1401094992527336,157.03475607470358,6.944131862089383e-05,0.0,0.0,0.0,0.0,0.0,0.0,1.0
1779268299.264898,-3.912203984582421,-10.197099897928823,-2.1401094994648515,157.52275476292192,-6.944131862089327e-05,0.0,0.0,0.0,0.0,0.0,0.0,1.0
1779268299.2753506,-3.9420097197542043,-10.243671373411555,-2.1401094996961563,158.05593855884123,6.944131862089383e-05,0.0,0.0,0.0,0.0,0.0,0.0,1.0
1779268299.2859306,-3.9582750310920676,-10.269085933789476,-2.1401094999396855,158.5459695737713,-6.944131862089327e-05,0.0,0.0,0.0,0.0,0.0,0.0,1.0
1779268299.2968144,-3.9618349460616673,-10.274648309828542,-2.140109500198233,159.0028293507705,6.944131862089374e-05,0.0,0.0,0.0,0.0,0.0,0.0,1.0
1779268299.306768,-3.995939285256153,-10.327936348185386,-2.1401095004527013,159.53554044843978,-6.944131862089352e-05,0.0,0.0,0.0,0.0,0.0,0.0,1.0
1779268299.317511,-3.9755742322271543,-10.296115956894448,-2.140109500716521,159.89868769776214,6.944131862089346e-05,0.0,0.0,0.0,0.0,0.0,0.0,1.0
1779268299.3274205,-4.044402768697604,-10.403660552791285,-2.1401095009989657,160.5642557328017,-6.944131862089372e-05,0.0,0.0,0.0,0.0,0.0,0.0,1.0
1779268299.3380785,-4.0541435048602255,-10.418880456254739,-2.1401095012882987,161.04112177546062,6.944131862089332e-05,0.0,0.0,0.0,0.0,0.0,0.0,1.0
1779268299.3486874,-4.070926502062845,-10.445103810503198,-2.140109502052577,161.543426120401,-6.944131862089383e-05,0.0,0.0,0.0,0.0,0.0,0.0,1.0
1779268299.3592594,-4.08100357638068,-10.46084916792101,-2.1401095027528765,162.02081586338232,6.944131862089323e-05,0.0,0.0,0.0,0.0,0.0,0.0,1.0
1779268299.3696146,-4.1023305772656835,-10.494172544656545,-2.14010950338822,162.5306812256294,-6.944131862089386e-05,0.0,0.0,0.0,0.0,0.0,0.0,1.0
1779268299.3796716,-4.136239031609271,-10.547154450389387,-2.1401095039671905,163.07721655424783,6.944131862089326e-05,0.0,0.0,0.0,0.0,0.0,0.0,1.0
1779268299.3898828,-4.163850241459641,-10.590296915526269,-2.140109504514672,163.60821086863024,-6.944131862089383e-05,0.0,0.0,0.0,0.0,0.0,0.0,1.0
1779268299.4002264,-4.182706017530627,-10.619759019007311,-2.140109505031272,164.1140526867099,6.944131862089327e-05,0.0,0.0,0.0,0.0,0.0,0.0,1.0
1779268299.4104083,-4.204606725914035,-10.653978834357117,-2.140109505507871,164.62549345658695,-6.944131862089383e-05,0.0,0.0,0.0,0.0,0.0,0.0,1.0
1779268299.4208891,-4.224787888701982,-10.685511862228003,-2.1401095059694297,165.1454553277806,6.944131862089327e-05,0.0,0.0,0.0,0.0,0.0,0.0,1.0
1779268299.4316041,-4.2163683897592215,-10.67235635785175,-2.140109506404881,165.57008663682174,-6.944131862089383e-05,0.0,0.0,0.0,0.0,0.0,0.0,1.0
1779268299.4416385,-4.2642201123371155,-10.747124644768313,-2.1401095068019926,166.1761828022303,6.944131862089327e-05,0.0,0.0,0.0,0.0,0.0,0.0,1.0
1779268299.4521215,-4.290391158800245,-10.788016875723903,-2.1401095071911467,166.72278293519062,-6.944131862089383e-05,0.0,0.0,0.0,0.0,0.0,0.0,1.0
1779268299.4622574,-4.306562186225839,-10.81328408005739,-2.1401095075450973,167.21825916965315,6.944131862089327e-05,0.0,0.0,0.0,0.0,0.0,0.0,1.0
1779268299.4729803,-4.314445948675312,-10.825602433441981,-2.140109507899199,167.7088483672421,-6.94413186208937e-05,0.0,0.0,0.0,0.0,0.0,0.0,1.0
1779268299.482857,-4.356421377309236,-10.891189020324404,-2.1401095082178143,168.29228964930914,6.944131862089356e-05,0.0,0.0,0.0,0.0,0.0,0.0,1.0
1779268299.4936516,-4.356540543933652,-10.89137519620858,-2.1401095085433743,168.76274542744397,-6.944131862089344e-05,0.0,0.0,0.0,0.0,0.0,0.0,1.0
1779268299.5040562,-4.388414665354527,-10.941178492534931,-2.140109508849355,169.33506015004022,6.944131862089375e-05,0.0,0.0,0.0,0.0,0.0,0.0,1.0
1779268299.514745,-4.401018516446421,-10.960871991974674,-2.1401095091457676,169.84716452146216,-6.944131862089329e-05,0.0,0.0,0.0,0.0,0.0,0.0,1.0
1779268299.5252426,-4.437629802720857,-11.018077111202453,-2.140109509432426,170.44432647135764,6.944131862089386e-05,0.0,0.0,0.0,0.0,0.0,0.0,1.0
1779268299.5354624,-4.460791362592777,-11.054267034143267,-2.140109509698811,170.98027100720887,-6.944131862089326e-05,0.0,0.0,0.0,0.0,0.0,0.0,1.0
1779268299.5456223,-4.476235786159497,-11.078398932517622,-2.140109509953223,171.48593793072908,6.944131862089383e-05,0.0,0.0,0.0,0.0,0.0,0.0,1.0
1779268299.5561163,-4.4995700296220456,-11.114858775813541,-2.140109509666136,172.03847265538045,-6.944131862089327e-05,0.0,0.0,0.0,0.0,0.0,0.0,1.0
1779268299.5663912,-4.512206881238542,-11.134603932543378,-2.1401095094468383,172.54245087956525,6.944131862089383e-05,0.0,0.0,0.0,0.0,0.0,0.0,1.0
1779268299.5766268,-4.529746183268481,-11.162009159330177,-2.1401095092853657,173.0635717128219,-6.944131862089327e-05,0.0,0.0,0.0,0.0,0.0,0.0,1.0
1779268299.5866199,-4.56636899070849,-11.219232355031416,-2.140109509180016,173.64646308858585,6.944131862089383e-05,0.0,0.0,0.0,0.0,0.0,0.0,1.0
1779268299.59758,-4.579958188199202,-11.24046553298966,-2.1401095091076012,174.1908231136244,-6.944131862089327e-05,0.0,0.0,0.0,0.0,0.0,0.0,1.0
1779268299.607987,-4.6011532922871625,-11.273582930736385,-2.1401095090822304,174.73915729989645,6.944131862089383e-05,0.0,0.0,0.0,0.0,0.0,0.0,1.0
1779268299.618402,-4.627875936651778,-11.31533710468494,-2.140109509094508,175.3097000334894,-6.944131862089327e-05,0.0,0.0,0.0,0.0,0.0,0.0,1.0
1779268299.628783,-4.652358105128131,-11.353590529390363,-2.140109509137485,175.86618571985943,6.944131862089383e-05,0.0,0.0,0.0,0.0,0.0,0.0,1.0
1779268299.6393383,-4.671111499864651,-11.382892741434993,-2.140109509209478,176.41715705549151,-6.944131862089332e-05,0.0,0.0,0.0,0.0,0.0,0.0,1.0
1779268299.6497562,-4.700008549583152,-11.428044410108667,-2.1401095093084788,177.00065473772656,6.944131862089361e-05,0.0,0.0,0.0,0.0,0.0,0.0,1.0
1779268299.6601179,-4.720383420884956,-11.459880170974712,-2.1401095094270213,177.55163305207574,-6.944131862089361e-05,0.0,0.0,0.0,0.0,0.0,0.0,1.0
1779268299.6705973,-4.746898901147749,-11.501310630475421,-2.1401095095685836,178.1323646401656,6.94413186208934e-05,0.0,0.0,0.0,0.0,0.0,0.0,1.0
1779268299.6810195,-4.760528524169493,-11.522606934568866,-2.1401095097231124,178.66343190923627,-6.944131862089378e-05,0.0,0.0,0.0,0.0,0.0,0.0,1.0
1779268299.6915004,-4.787418646916683,-11.564622767324174,-2.1401095098979304,179.24922694817514,6.944131862089327e-05,0.0,0.0,0.0,0.0,0.0,0.0,1.0
1779268299.7019558,-4.808466714143081,-11.597510385727443,-2.140109510084383,179.81355307010264,-6.944131862089387e-05,0.0,0.0,0.0,0.0,0.0,0.0,1.0
1779268299.712596,-4.819566461330629,-11.61485375184578,-2.1401095102838976,180.35147183042284,6.944131862089325e-05,0.0,0.0,0.0,0.0,0.0,0.0,1.0
1779268299.7230875,-4.850672698359332,-11.663457256762499,-2.1401095104962233,180.9585019929912,-6.944131862089384e-05,0.0,0.0,0.0,0.0,0.0,0.0,1.0
1779268299.7336574,-4.870561014558615,-11.694532758407783,-2.140109510716572,181.52904523256132,6.944131862089326e-05,0.0,0.0,0.0,0.0,0.0,0.0,1.0
1779268299.7439134,-4.890285820771834,-11.725352773976182,-2.1401095109373047,182.08528702674366,-6.944131862089383e-05,0.0,0.0,0.0,0.0,0.0,0.0,1.0
1779268299.7545245,-4.9054949491193405,-11.749117023080434,-2.1401095112664485,182.64408280985998,6.944131862089327e-05,0.0,0.0,0.0,0.0,0.0,0.0,1.0
1779268299.764917,-4.918616309744542,-11.76961913610236,-2.140109511580736,183.18588723315244,-6.944131862089383e-05,0.0,0.0,0.0,0.0,0.0,0.0,1.0
1779268299.7754998,-4.953336337624196,-11.823869167564622,-2.140109511900741,183.81917504672845,6.944131862089327e-05,0.0,0.0,0.0,0.0,0.0,0.0,1.0
1779268299.7858312,-4.983627289635305,-11.871198768748394,-2.1401095122061142,184.42505373650903,-6.944131862089383e-05,0.0,0.0,0.0,0.0,0.0,0.0,1.0
1779268299.7962904,-4.998302825284493,-11.894129281968112,-2.1401095125048624,184.9782288125228,6.944131862089327e-05,0.0,0.0,0.0,0.0,0.0,0.0,1.0
1779268299.806369,-5.033878332773126,-11.94971600235155,-2.140109512794813,185.59584111007044,-6.944131862089383e-05,0.0,0.0,0.0,0.0,0.0,0.0,1.0
1779268299.8165503,-5.0564420300111514,-11.984971769298875,-2.1401095130792647,186.16941511653707,6.944131862089337e-05,0.0,0.0,0.0,0.0,0.0,0.0,1.0
1779268299.8266191,-5.090586718751993,-12.038322836106751,-2.1401095133595134,186.78239557968755,-6.944131862089359e-05,0.0,0.0,0.0,0.0,0.0,0.0,1.0
1779268299.8372376,-5.102580395305255,-12.057062945788857,-2.1401095136470536,187.34238234728107,6.944131862089364e-05,0.0,0.0,0.0,0.0,0.0,0.0,1.0
1779268299.847616,-5.107930978701256,-12.065423222881973,-2.1401095139216975,187.86722631516608,-6.944131862089337e-05,0.0,0.0,0.0,0.0,0.0,0.0,1.0
1779268299.8578362,-5.156182974910679,-12.140816958490932,-2.1401095141983766,188.54544796415126,6.94413186208938e-05,0.0,0.0,0.0,0.0,0.0,0.0,1.0
1779268299.8682044,-5.17113558743841,-12.164180406789773,-2.14010951446745,189.1067692584827,-6.944131862089326e-05,0.0,0.0,0.0,0.0,0.0,0.0,1.0
1779268299.878612,-5.205213903853777,-12.217427767787242,-2.14010951473981,189.7446927971175,6.944131862089383e-05,0.0,0.0,0.0,0.0,0.0,0.0,1.0
1779268299.8889327,-5.227809243902071,-12.252732978341935,-2.1401095150043687,190.33728582827146,-6.944131862089327e-05,0.0,0.0,0.0,0.0,0.0,0.0,1.0
1779268299.899117,-5.248204503277029,-12.28460056313683,-2.140109515261006,190.91485356657662,6.944131862089383e-05,0.0,0.0,0.0,0.0,0.0,0.0,1.0
1779268299.9093928,-5.276669339034321,-12.329076861176144,-2.1401095155193226,191.52885985528997,-6.944131862089327e-05,0.0,0.0,0.0,0.0,0.0,0.0,1.0
1779268299.91938,-5.310597831288455,-12.382090122876884,-2.1401095157692485,192.1509659625494,6.944131862089383e-05,0.0,0.0,0.0,0.0,0.0,0.0,1.0
1779268299.929736,-5.315439813638598,-12.389655712474326,-2.1401095160202273,192.68541223685864,-6.944131862089327e-05,0.0,0.0,0.0,0.0,0.0,0.0,1.0
1779268299.9396687,-5.3582047334756755,-12.456475892585575,-2.14010951626571,193.34073847176322,6.944131862089383e-05,0.0,0.0,0.0,0.0,0.0,0.0,1.0
1779268299.950038,-5.378602048615742,-12.488346686362975,-2.1401095165333026,193.93719264157642,-6.944131862089327e-05,0.0,0.0,0.0,0.0,0.0,0.0,1.0
1779268299.9605632,-5.40228329592005,-12.525348624479806,-2.1401095168011057,194.5556301171816,6.944131862089383e-05,0.0,0.0,0.0,0.0,0.0,0.0,1.0
1779268299.97126,-5.414130404598246,-12.543859721229275,-2.1401095170664166,195.14068254171576,-6.944131862089327e-05,0.0,0.0,0.0,0.0,0.0,0.0,1.0
1779268299.981486,-5.439059356064235,-12.582811198245192,-2.140109517317685,195.7518700941324,6.944131862089379e-05,0.0,0.0,0.0,0.0,0.0,0.0,1.0
1779268299.9920466,-5.462992331000045,-12.620206461952487,-2.1401095175738254,196.3786633534122,-6.944131862089344e-05,0.0,0.0,0.0,0.0,0.0,0.0,1.0
1779268300.0027735,-5.46632240278201,-12.625409689645743,-2.140109517826322,196.93956578288692,6.944131862089353e-05,0.0,0.0,0.0,0.0,0.0,0.0,1.0
1779268300.0131323,-5.502446608887538,-12.681853752865393,-2.14010951807211,197.60463650029178,-6.944131862089367e-05,0.0,0.0,0.0,0.0,0.0,0.0,1.0
1779268300.0231318,-5.5441593430363465,-12.747029891702995,-2.140109518306595,198.2716804321294,6.944131862089336e-05,0.0,0.0,0.0,0.0,0.0,0.0,1.0
1779268300.0336704,-5.569786298193071,-12.787072000615805,-2.1401095185493633,198.9103823015182,-6.94413186208938e-05,0.0,0.0,0.0,0.0,0.0,0.0,1.0
1779268300.0441172,-5.576282834521206,-12.79722283045449,-2.140109518782992,199.47440416638568,6.944131862089326e-05,0.0,0.0,0.0,0.0,0.0,0.0,1.0
1779268300.054579,-5.6169404737823285,-12.860750383688705,-2.1401095190209873,200.16899401438567,-6.944131862089383e-05,0.0,0.0,0.0,0.0,0.0,0.0,1.0
1779268300.0650158,-5.6344457492838185,-12.888102368823859,-2.1401095192513724,200.77730838935003,6.944131862089327e-05,0.0,0.0,0.0,0.0,0.0,0.0,1.0
1779268300.075382,-5.669308208394382,-12.942574953466211,-2.1401095194809336,201.4484774978343,-6.944131862089383e-05,0.0,0.0,0.0,0.0,0.0,0.0,1.0
1779268300.085498,-5.702830319298573,-12.994953244352883,-2.140109519702067,202.10236262490878,6.944131862089327e-05,0.0,0.0,0.0,0.0,0.0,0.0,1.0
1779268300.0961397,-5.688687446640622,-12.972854998516882,-2.140109519923074,202.6059516077323,-6.944131862089383e-05,0.0,0.0,0.0,0.0,0.0,0.0,1.0
1779268300.1058977,-5.759247577736206,-13.083105196145915,-2.1401095201383016,203.38253938613937,6.944131862089327e-05,0.0,0.0,0.0,0.0,0.0,0.0,1.0
1779268300.1165125,-5.773874438508965,-13.105959658794035,-2.140109520361452,203.9985279735532,-6.944131862089383e-05,0.0,0.0,0.0,0.0,0.0,0.0,1.0
1779268300.1271114,-5.798204055944121,-13.143974678758386,-2.1401095205836618,204.65168238585161,6.944131862089327e-05,0.0,0.0,0.0,0.0,0.0,0.0,1.0
1779268300.1373146,-5.825534100898287,-13.186677867061647,-2.14010952079497,205.29481391591312,-6.944131862089383e-05,0.0,0.0,0.0,0.0,0.0,0.0,1.0
1779268300.147825,-5.850837159268484,-13.226213888694998,-2.140109521011428,205.95034391714267,6.944131862089327e-05,0.0,0.0,0.0,0.0,0.0,0.0,1.0
1779268300.1578677,-5.8826751745144055,-13.275960912085543,-2.140109520625254,206.6059640366925,-6.944131862089374e-05,0.0,0.0,0.0,0.0,0.0,0.0,1.0
1779268300.168015,-5.904621306338855,-13.310251855463994,-2.140109520309187,207.23201996419166,6.944131862089352e-05,0.0,0.0,0.0,0.0,0.0,0.0,1.0
1779268300.178466,-5.934761178854437,-13.357345509325516,-2.140109520056106,207.9076332157072,-6.944131862089346e-05,0.0,0.0,0.0,0.0,0.0,0.0,1.0
1779268300.1886494,-5.9633766522138245,-13.402057275427248,-2.1401095198717854,208.56407693614366,6.944131862089372e-05,0.0,0.0,0.0,0.0,0.0,0.0,1.0
1779268300.1992846,-5.977730821035131,-13.424485746763704,-2.1401095197344215,209.19476412996613,-6.944131862089332e-05,0.0,0.0,0.0,0.0,0.0,0.0,1.0
1779268300.2094638,-6.004420327740129,-13.466188170444143,-2.1401095196550686,209.84636348919565,6.944131862089383e-05,0.0,0.0,0.0,0.0,0.0,0.0,1.0
1779268300.219796,-6.035114907685153,-13.514148514108149,-2.140109519619518,210.52484108200855,-6.944131862089323e-05,0.0,0.0,0.0,0.0,0.0,0.0,1.0
1779268300.230409,-6.0504221106733675,-13.538066075365784,-2.140109519620993,211.16367490399207,6.944131862089386e-05,0.0,0.0,0.0,0.0,0.0,0.0,1.0
1779268300.2408576,-6.086736516809418,-13.594807383600502,-2.1401095196633317,211.8733246940102,-6.944131862089326e-05,0.0,0.0,0.0,0.0,0.0,0.0,1.0
1779268300.2514415,-6.106936307113395,-13.626369599113078,-2.140109519735254,212.5326321327382,6.944131862089383e-05,0.0,0.0,0.0,0.0,0.0,0.0,1.0
1779268300.2615106,-6.136542735207562,-13.67262967866773,-2.1401095198319675,213.19902016346288,-6.944131862089327e-05,0.0,0.0,0.0,0.0,0.0,0.0,1.0
1779268300.2720366,-6.16411142225935,-13.715705784687634,-2.140109519958202,213.8862148551492,6.944131862089383e-05,0.0,0.0,0.0,0.0,0.0,0.0,1.0
1779268300.2825296,-6.174255253678457,-13.731555549319832,-2.140109520101964,214.50832441033904,-6.944131862089327e-05,0.0,0.0,0.0,0.0,0.0,0.0,1.0
1779268300.293076,-6.202808390782133,-13.776169850083924,-2.1401095202707148,215.20447185001325,6.944131862089383e-05,0.0,0.0,0.0,0.0,0.0,0.0,1.0
1779268300.303108,-6.245258338326681,-13.8424979124192,-2.1401095204499994,215.92368734773586,-6.944131862089327e-05,0.0,0.0,0.0,0.0,0.0,0.0,1.0
1779268300.3134384,-6.257747284642275,-13.862011908142998,-2.140109520642561,216.5504883781278,6.944131862089383e-05,0.0,0.0,0.0,0.0,0.0,0.0,1.0
1779268300.3235068,-6.299845514153508,-13.927790405414774,-2.140109520849119,217.27365199369478,-6.944131862089327e-05,0.0,0.0,0.0,0.0,0.0,0.0,1.0
1779268300.3340485,-6.325350814503589,-13.967642449174594,-2.1401095210743954,217.9652219676611,6.94413186208937e-05,0.0,0.0,0.0,0.0,0.0,0.0,1.0
1779268300.3442538,-6.349392969218807,-14.005208325234575,-2.1401095213011185,218.63300844648532,-6.944131862089356e-05,0.0,0.0,0.0,0.0,0.0,0.0,1.0
1779268300.354365,-6.378713948713866,-14.051022373487303,-2.1401095214904102,219.31693345915477,6.944131862089344e-05,0.0,0.0,0.0,0.0,0.0,0.0,1.0
1779268300.3645523,-6.413669333216358,-14.105640176734088,-2.140109521695647,220.02710252422617,-6.944131862089375e-05,0.0,0.0,0.0,0.0,0.0,0.0,1.0
1779268300.3752155,-6.425924300624908,-14.124788576583693,-2.1401095219189488,220.68420745957263,6.944131862089329e-05,0.0,0.0,0.0,0.0,0.0,0.0,1.0
1779268300.3852797,-6.472703587173732,-14.197881221468542,-2.140109522146635,221.43566736449876,-6.944131862089386e-05,0.0,0.0,0.0,0.0,0.0,0.0,1.0
1779268300.3954782,-6.495238460994617,-14.233091969871088,-2.1401095223807647,222.10613987591833,6.944131862089326e-05,0.0,0.0,0.0,0.0,0.0,0.0,1.0
1779268300.4060724,-6.515551706182757,-14.264831421937581,-2.140109522632856,222.7948305537327,-6.944131862089383e-05,0.0,0.0,0.0,0.0,0.0,0.0,1.0
1779268300.4167337,-6.529346822266794,-14.286386295605926,-2.1401095228922866,223.4655164883966,6.944131862089327e-05,0.0,0.0,0.0,0.0,0.0,0.0,1.0
1779268300.4267936,-6.580613509822392,-14.366490497229503,-2.1401095231497553,224.24031910873939,-6.944131862089383e-05,0.0,0.0,0.0,0.0,0.0,0.0,1.0
1779268300.4373255,-6.606282174561837,-14.406597787397455,-2.1401095234200773,224.9509661292466,6.944131862089327e-05,0.0,0.0,0.0,0.0,0.0,0.0,1.0
1779268300.4475956,-6.639475167344534,-14.458461838683197,-2.1401095236889316,225.67522358053563,-6.944131862089383e-05,0.0,0.0,0.0,0.0,0.0,0.0,1.0
1779268300.457767,-6.673097968486369,-14.510997464414121,-2.1401095239588472,226.39709644958165,6.944131862089327e-05,0.0,0.0,0.0,0.0,0.0,0.0,1.0
1779268300.4686172,-6.691451247149857,-14.53967446049241,-2.1401095242483734,227.10618013342267,-6.944131862089383e-05,0.0,0.0,0.0,0.0,0.0,0.0,1.0
1779268300.4793184,-6.709076378044881,-14.567213724763402,-2.1401095245355695,227.80531390403195,6.944131862089327e-05,0.0,0.0,0.0,0.0,0.0,0.0,1.0
1779268300.489794,-6.743330683201477,-14.620736072657142,-2.1401095248219923,228.55494122823265,-6.944131862089383e-05,0.0,0.0,0.0,0.0,0.0,0.0,1.0
1779268300.5000396,-6.754913827812345,-14.638834732112823,-2.1401095250973126,229.2066145125851,6.944131862089332e-05,0.0,0.0,0.0,0.0,0.0,0.0,1.0
1779268300.5105467,-6.789673274490367,-14.693146362221977,-2.1401095253872073,229.964088094196,-6.944131862089361e-05,0.0,0.0,0.0,0.0,0.0,0.0,1.0
1779268300.5208714,-6.819634237584894,-14.73996036134963,-2.140109525671354,230.69401178772023,6.944131862089361e-05,0.0,0.0,0.0,0.0,0.0,0.0,1.0
1779268300.5312297,-6.850751745211653,-14.788581460740346,-2.1401095259572824,231.43221565042748,-6.94413186208934e-05,0.0,0.0,0.0,0.0,0.0,0.0,1.0
1779268300.5412765,-6.900269015666705,-14.86595218874714,-2.1401095262382244,232.22103747545114,6.944131862089378e-05,0.0,0.0,0.0,0.0,0.0,0.0,1.0
1779268300.551824,-6.923149285430101,-14.901702597682553,-2.140109526550896,232.94429339424838,-6.944131862089327e-05,0.0,0.0,0.0,0.0,0.0,0.0,1.0
1779268300.5620375,-6.948700132064411,-14.941625783503966,-2.140109526849944,233.6580739899808,6.944131862089387e-05,0.0,0.0,0.0,0.0,0.0,0.0,1.0
1779268300.572056,-6.9852532497543285,-14.998740017894766,-2.140109527142456,234.4026395857809,-6.944131862089325e-05,0.0,0.0,0.0,0.0,0.0,0.0,1.0
1779268300.5825477,-7.003829954340354,-15.027766107006276,-2.1401095274433524,235.11229532746484,6.944131862089384e-05,0.0,0.0,0.0,0.0,0.0,0.0,1.0
1779268300.5927906,-7.025792064099155,-15.062081892032477,-2.1401095277340585,235.82056223005787,-6.944131862089326e-05,0.0,0.0,0.0,0.0,0.0,0.0,1.0
1779268300.6030698,-7.061334529764799,-15.117616982792631,-2.1401095280260587,236.5838243615294,6.944131862089383e-05,0.0,0.0,0.0,0.0,0.0,0.0,1.0
1779268300.6136537,-7.090263055888209,-15.16281779303234,-2.140109528323579,237.3441615356611,-6.944131862089327e-05,0.0,0.0,0.0,0.0,0.0,0.0,1.0
1779268300.624131,-7.125020739851404,-15.217126662407415,-2.140109528616414,238.12147650206643,6.944131862089383e-05,0.0,0.0,0.0,0.0,0.0,0.0,1.0
1779268300.6344252,-7.141391290350571,-15.24270563672467,-2.1401095288973764,238.82025087659943,-6.944131862089327e-05,0.0,0.0,0.0,0.0,0.0,0.0,1.0
1779268300.6450179,-7.172985824941551,-15.29207208540346,-2.140109529187624,239.5970747098818,6.944131862089383e-05,0.0,0.0,0.0,0.0,0.0,0.0,1.0
1779268300.655439,-7.2141469140671415,-15.356386275413056,-2.14010952947244,240.40074871347116,-6.944131862089327e-05,0.0,0.0,0.0,0.0,0.0,0.0,1.0
1779268300.6657684,-7.248233344065169,-15.409646310969368,-2.140109529751018,241.17404098432817,6.944131862089383e-05,0.0,0.0,0.0,0.0,0.0,0.0,1.0
1779268300.67591,-7.28497748963111,-15.467059027239305,-2.1401095300224027,241.94664968783525,-6.944131862089337e-05,0.0,0.0,0.0,0.0,0.0,0.0,1.0
1779268300.6863866,-7.311872150012565,-15.509081923041817,-2.1401095302994797,242.7064931978245,6.944131862089359e-05,0.0,0.0,0.0,0.0,0.0,0.0,1.0
1779268300.6966429,-7.326437254013895,-15.531839887824338,-2.1401095305653124,243.40746429690338,-6.944131862089364e-05,0.0,0.0,0.0,0.0,0.0,0.0,1.0
1779268300.7068248,-7.376194956444985,-15.609586286227675,-2.1401095308337683,244.2374119228242,6.944131862089337e-05,0.0,0.0,0.0,0.0,0.0,0.0,1.0
1779268300.7172246,-7.380034740778686,-15.615585939527424,-2.140109531096725,244.9099078297156,-6.94413186208938e-05,0.0,0.0,0.0,0.0,0.0,0.0,1.0
1779268300.7272854,-7.443112943839727,-15.714145619780803,-2.1401095313583403,245.78136256197416,6.944131862089326e-05,0.0,0.0,0.0,0.0,0.0,0.0,1.0
1779268300.7376938,-7.475952419005726,-15.765457288646967,-2.140109531626237,246.5738097057267,-6.944131862089383e-05,0.0,0.0,0.0,0.0,0.0,0.0,1.0
1779268300.7483954,-7.484163261214715,-15.7782867176632,-2.140109531900559,247.2914037027889,6.944131862089327e-05,0.0,0.0,0.0,0.0,0.0,0.0,1.0
1779268300.7587337,-7.536295413885582,-15.859743192783313,-2.140109532169669,248.15144893919208,-6.944131862089383e-05,0.0,0.0,0.0,0.0,0.0,0.0,1.0
1779268300.7690015,-7.554714543863109,-15.888523071878954,-2.140109532428052,248.88245681016903,6.944131862089327e-05,0.0,0.0,0.0,0.0,0.0,0.0,1.0
1779268300.7797189,-7.572511631268028,-15.916331009222343,-2.1401095326955186,249.6431398332903,-6.944131862089383e-05,0.0,0.0,0.0,0.0,0.0,0.0,1.0
1779268300.7897165,-7.633431284184259,-16.011517953869614,-2.140109532948689,250.51911078108594,6.944131862089327e-05,0.0,0.0,0.0,0.0,0.0,0.0,1.0
1779268300.80019,-7.654010742061235,-16.043673345504317,-2.1401095332054383,251.27824197728924,-6.944131862089383e-05,0.0,0.0,0.0,0.0,0.0,0.0,1.0
1779268300.8102586,-7.695590381004892,-16.108641519485897,-2.1401095334526405,252.0906099309317,6.944131862089327e-05,0.0,0.0,0.0,0.0,0.0,0.0,1.0
1779268300.8203657,-7.724499443252169,-16.153811918127538,-2.1401095336966476,252.86027051757145,-6.944131862089383e-05,0.0,0.0,0.0,0.0,0.0,0.0,1.0
1779268300.8306928,-7.753580925993053,-16.19925172367826,-2.140109533944124,253.64742047772796,6.944131862089327e-05,0.0,0.0,0.0,0.0,0.0,0.0,1.0
1779268300.8408704,-7.776786367111534,-16.2355102147624,-2.14010953418473,254.40504324867328,-6.944131862089379e-05,0.0,0.0,0.0,0.0,0.0,0.0,1.0
1779268300.8510108,-7.820339923050009,-16.303562634235263,-2.1401095344254997,255.23774631939543,6.944131862089344e-05,0.0,0.0,0.0,0.0,0.0,0.0,1.0
1779268300.8614025,-7.867077068866717,-16.376589412594697,-2.140109534669666,256.09698100196766,-6.944131862089353e-05,0.0,0.0,0.0,0.0,0.0,0.0,1.0
1779268300.8715632,-7.898968171353162,-16.42641924931863,-2.140109534905547,256.89174460997185,6.944131862089367e-05,0.0,0.0,0.0,0.0,0.0,0.0,1.0
1779268300.881634,-7.935524491738643,-16.48353848888139,-2.140109535137987,257.6995791766708,-6.944131862089336e-05,0.0,0.0,0.0,0.0,0.0,0.0,1.0
1779268300.8919024,-7.964405008147004,-16.528664285055026,-2.1401095353724697,258.49504174999345,6.94413186208938e-05,0.0,0.0,0.0,0.0,0.0,0.0,1.0
1779268300.9026809,-7.991444402775985,-16.570913328154905,-2.1401095356173574,259.3217347545161,-6.944131862089326e-05,0.0,0.0,0.0,0.0,0.0,0.0,1.0
1779268300.9131,-7.991413156208919,-16.57086449649953,-2.140109535845547,260.0205178129694,6.944131862089383e-05,0.0,0.0,0.0,0.0,0.0,0.0,1.0
1779268300.92336,-8.062955561172242,-16.682649491069945,-2.1401095360801072,260.98132249107266,-6.944131862089327e-05,0.0,0.0,0.0,0.0,0.0,0.0,1.0
1779268300.9339638,-8.066437783801145,-16.688090454734557,-2.140109536311193,261.7146016468005,6.944131862089383e-05,0.0,0.0,0.0,0.0,0.0,0.0,1.0
1779268300.9439735,-8.116436535922134,-16.766213493356354,-2.1401095365328597,262.58142369718905,-6.944131862089327e-05,0.0,0.0,0.0,0.0,0.0,0.0,1.0
1779268300.954416,-8.159906632647745,-16.834135529822372,-2.14010953668549,263.4575237009746,6.944131862089383e-05,0.0,0.0,0.0,0.0,0.0,0.0,1.0
1779268300.9650052,-8.151378090494596,-16.820809694265762,-2.1401095368414986,264.15234063820935,-6.944131862089327e-05,0.0,0.0,0.0,0.0,0.0,0.0,1.0
1779268300.9750388,-8.227787342758488,-16.9401991543973,-2.140109537007326,265.1261478476865,6.944131862089383e-05,0.0,0.0,0.0,0.0,0.0,0.0,1.0
1779268300.9855766,-8.247250705683705,-16.97061066478609,-2.140109537180787,265.9262776304101,-6.944131862089327e-05,0.0,0.0,0.0,0.0,0.0,0.0,1.0
1779268300.9959016,-8.270067695573522,-17.00626221528496,-2.1401095373550683,266.721489656428,6.944131862089383e-05,0.0,0.0,0.0,0.0,0.0,0.0,1.0
1779268301.006071,-8.309748058273684,-17.06826278321369,-2.140109537534776,267.5755963187052,-6.944131862089327e-05,0.0,0.0,0.0,0.0,0.0,0.0,1.0
1779268301.0162024,-8.359457295405196,-17.14593346547338,-2.140109537719026,268.46527071499014,6.944131862089374e-05,0.0,0.0,0.0,0.0,0.0,0.0,1.0
1779268301.026665,-8.393295054603891,-17.198804963442722,-2.1401095379114325,269.32244573835015,-6.944131862089352e-05,0.0,0.0,0.0,0.0,0.0,0.0,1.0
1779268301.0369647,-8.421168105527387,-17.242356604065087,-2.140109538102711,270.14786684444204,6.944131862089346e-05,0.0,0.0,0.0,0.0,0.0,0.0,1.0
1779268301.0472434,-8.433746160103139,-17.262009813039203,-2.1401095382936814,270.9168015503109,-6.944131862089372e-05,0.0,0.0,0.0,0.0,0.0,0.0,1.0
1779268301.057546,-8.483409310777347,-17.339608481229074,-2.1401095384919677,271.82693815142966,6.944131862089332e-05,0.0,0.0,0.0,0.0,0.0,0.0,1.0
1779268301.0680468,-8.522257664166483,-17.400309028611076,-2.1401095386949875,272.7140929275605,-6.944131862089383e-05,0.0,0.0,0.0,0.0,0.0,0.0,1.0
1779268301.0786562,-8.544835724281741,-17.435587243182784,-2.140109538899643,273.55160637043275,6.944131862089323e-05,0.0,0.0,0.0,0.0,0.0,0.0,1.0
1779268301.0891025,-8.582853012232027,-17.49498924954675,-2.1401095391042326,274.43807416702515,-6.944131862089386e-05,0.0,0.0,0.0,0.0,0.0,0.0,1.0
1779268301.0996535,-8.586804453991281,-17.50116337314651,-2.140109539306814,275.20665052161917,6.944131862089326e-05,0.0,0.0,0.0,0.0,0.0,0.0,1.0
1779268301.109709,-8.663821893461812,-17.62150311249235,-2.1401095395092526,276.213626620695,-6.944131862089383e-05,0.0,0.0,0.0,0.0,0.0,0.0,1.0
1779268301.1198096,-8.70033651253657,-17.67855719751657,-2.140109539707938,277.0747140509462,6.944131862089327e-05,0.0,0.0,0.0,0.0,0.0,0.0,1.0
1779268301.1303442,-8.722996008138075,-17.71396265254936,-2.1401095399144525,277.9198134482767,-6.944131862089383e-05,0.0,0.0,0.0,0.0,0.0,0.0,1.0
1779268301.1408718,-8.761431889225342,-17.774018708352656,-2.140109540122654,278.8253397348127,6.944131862089327e-05,0.0,0.0,0.0,0.0,0.0,0.0,1.0
1779268301.1515076,-8.780029750073059,-17.803077858663205,-2.140109540330474,279.6679850672561,-6.944131862089383e-05,0.0,0.0,0.0,0.0,0.0,0.0,1.0
1779268301.1616535,-8.832481660231842,-17.885033958413654,-2.140109540531644,280.60179102291545,6.944131862089327e-05,0.0,0.0,0.0,0.0,0.0,0.0,1.0
1779268301.17175,-8.87312251673319,-17.948535287518894,-2.14010954072999,281.48979782240355,-6.944131862089383e-05,0.0,0.0,0.0,0.0,0.0,0.0,1.0
1779268301.182415,-8.895816422164238,-17.983994506402414,-2.140109540937717,282.35676200635925,6.944131862089327e-05,0.0,0.0,0.0,0.0,0.0,0.0,1.0
1779268301.192923,-8.931510583798026,-18.03976662446823,-2.1401095411430053,283.2630367161052,-6.94413186208937e-05,0.0,0.0,0.0,0.0,0.0,0.0,1.0
1779268301.203424,-8.964030838169107,-18.090579512508718,-2.1401095413470483,284.15962405907374,6.944131862089356e-05,0.0,0.0,0.0,0.0,0.0,0.0,1.0
1779268301.2135775,-9.001076486524699,-18.148463328367665,-2.1401095415433744,285.0482908607539,-6.944131862089344e-05,0.0,0.0,0.0,0.0,0.0,0.0,1.0
1779268301.2238607,-9.041512741270259,-18.211644966197138,-2.140109541742159,285.96230467140697,6.944131862089375e-05,0.0,0.0,0.0,0.0,0.0,0.0,1.0
1779268301.2345593,-9.051668810587266,-18.227513816368035,-2.1401095419449874,286.7980542478283,-6.944131862089329e-05,0.0,0.0,0.0,0.0,0.0,0.0,1.0
1779268301.2447412,-9.10568864641108,-18.31191979833786,-2.1401095421411065,287.75960218012983,6.944131862089386e-05,0.0,0.0,0.0,0.0,0.0,0.0,1.0
1779268301.2548444,-9.15269107358826,-18.385361079823305,-2.1401095423340233,288.6910724579816,-6.944131862089326e-05,0.0,0.0,0.0,0.0,0.0,0.0,1.0
1779268301.265065,-9.185834094706163,-18.437147040330238,-2.1401095425267576,289.5820434528409,6.944131862089383e-05,0.0,0.0,0.0,0.0,0.0,0.0,1.0
1779268301.2755103,-9.227920484326395,-18.50290701311019,-2.140109542724204,290.52684983492736,-6.944131862089327e-05,0.0,0.0,0.0,0.0,0.0,0.0,1.0
1779268301.2857351,-9.254359512010767,-18.54421798429623,-2.1401095429142813,291.39852023315206,6.944131862089383e-05,0.0,0.0,0.0,0.0,0.0,0.0,1.0
1779268301.295832,-9.290745261991761,-18.60107070826036,-2.140109543101606,292.2990181836714,-6.944131862089327e-05,0.0,0.0,0.0,0.0,0.0,0.0,1.0
1779268301.3061485,-9.317515795313009,-18.642899656828178,-2.140109543290757,293.18190759973334,6.944131862089383e-05,0.0,0.0,0.0,0.0,0.0,0.0,1.0
1779268301.316164,-9.376047517486576,-18.734355460363734,-2.1401095434765818,294.1627171370678,-6.944131862089327e-05,0.0,0.0,0.0,0.0,0.0,0.0,1.0
1779268301.32624,-9.428120177070367,-18.815718979051514,-2.1401095436622453,295.12725590910924,6.944131862089383e-05,0.0,0.0,0.0,0.0,0.0,0.0,1.0
1779268301.3364787,-9.451630456351381,-18.852453780884492,-2.14010954384695,296.0006585157159,-6.944131862089327e-05,0.0,0.0,0.0,0.0,0.0,0.0,1.0
1779268301.3471432,-9.448978657878888,-18.848310338391727,-2.140109544031783,296.7970491812848,6.944131862089383e-05,0.0,0.0,0.0,0.0,0.0,0.0,1.0
1779268301.3568156,-9.557117817367134,-19.017277758254448,-2.1401095442130664,297.9503964262934,-6.944131862089332e-05,0.0,0.0,0.0,0.0,0.0,0.0,1.0
1779268301.3674207,-9.57939830543749,-19.052091011074605,-2.1401095444015534,298.85602300936443,6.944131862089361e-05,0.0,0.0,0.0,0.0,0.0,0.0,1.0
1779268301.3778005,-9.621043603447161,-19.117161777812505,-2.1401095445863145,299.8182378191415,-6.944131862089361e-05,0.0,0.0,0.0,0.0,0.0,0.0,1.0
1779268301.3882508,-9.649146922895493,-19.161073204217914,-2.1401095447698184,300.73845534842616,6.94413186208934e-05,0.0,0.0,0.0,0.0,0.0,0.0,1.0
1779268301.3986244,-9.683310790906052,-19.21445423733113,-2.140109544948879,301.66790415720703,-6.944131862089378e-05,0.0,0.0,0.0,0.0,0.0,0.0,1.0
1779268301.409096,-9.736520890366815,-19.297595005161764,-2.140109545131854,302.684454059118,6.944131862089327e-05,0.0,0.0,0.0,0.0,0.0,0.0,1.0
1779268301.4197206,-9.733938312118887,-19.293559719144515,-2.140109545311825,303.51280841285603,-6.944131862089387e-05,0.0,0.0,0.0,0.0,0.0,0.0,1.0
1779268301.4297652,-9.796432831745093,-19.39120739285904,-2.1401095454859567,304.5386034328925,6.944131862089325e-05,0.0,0.0,0.0,0.0,0.0,0.0,1.0
1779268301.439797,-9.855469564305249,-19.483452274592278,-2.140109545658459,305.5519859131627,-6.944131862089384e-05,0.0,0.0,0.0,0.0,0.0,0.0,1.0
1779268301.4499388,-9.892392127865662,-19.541143769268235,-2.14010954582995,306.49493666814635,6.944131862089326e-05,0.0,0.0,0.0,0.0,0.0,0.0,1.0
1779268301.4607275,-9.922505748419274,-19.588196290657603,-2.140109546011427,307.4688795377701,-6.944131862089383e-05,0.0,0.0,0.0,0.0,0.0,0.0,1.0
1779268301.471314,-9.952548628937153,-19.635138280898282,-2.140109546187958,308.4294671713466,6.944131862089327e-05,0.0,0.0,0.0,0.0,0.0,0.0,1.0
1779268301.481742,-9.96252766353153,-19.650730513978285,-2.140109546358222,309.30452939811835,-6.944131862089383e-05,0.0,0.0,0.0,0.0,0.0,0.0,1.0
1779268301.491757,-10.036320665536389,-19.7660320651935,-2.140109546525783,310.3853685195109,6.944131862089327e-05,0.0,0.0,0.0,0.0,0.0,0.0,1.0
1779268301.5019379,-10.075080756352644,-19.826594695983875,-2.1401095466921283,311.35175768977837,-6.944131862089383e-05,0.0,0.0,0.0,0.0,0.0,0.0,1.0
1779268301.5128646,-10.069825579361856,-19.818383474738305,-2.1401095468643185,312.2103580503885,6.944131862089327e-05,0.0,0.0,0.0,0.0,0.0,0.0,1.0
1779268301.5230818,-10.160712428220531,-19.960394159733923,-2.1401095470335165,313.38044202362937,-6.944131862089383e-05,0.0,0.0,0.0,0.0,0.0,0.0,1.0
1779268301.5338664,-10.165411592658552,-19.967736596033017,-2.1401095472039224,314.2801052224097,6.944131862089337e-05,0.0,0.0,0.0,0.0,0.0,0.0,1.0
1779268301.544223,-10.217178170598878,-20.048621861523316,-2.140109547369447,315.3207454862554,-6.944131862089359e-05,0.0,0.0,0.0,0.0,0.0,0.0,1.0
1779268301.554306,-10.271237925260964,-20.133090115388313,-2.140109547824282,316.34936093300996,6.944131862089364e-05,0.0,0.0,0.0,0.0,0.0,0.0,1.0
1779268301.5648425,-10.281077830801227,-20.148464865811988,-2.140109548253913,317.2520641690838,-6.944131862089337e-05,0.0,0.0,0.0,0.0,0.0,0.0,1.0
1779268301.5748563,-10.356965404047024,-20.2670391041719,-2.140109548632539,318.363824479748,6.94413186208938e-05,0.0,0.0,0.0,0.0,0.0,0.0,1.0
1779268301.5865972,-10.119094111522703,-19.895365142943074,-2.1401095490174624,318.4590299305483,-6.944131862089326e-05,0.0,0.0,0.0,0.0,0.0,0.0,1.0
1779268301.5957491,-10.422722021214486,-20.369783655907465,-2.140109549316164,320.34725200106595,6.944131862089383e-05,0.0,0.0,0.0,0.0,0.0,0.0,1.0
1779268301.605618,-10.500245317236725,-20.4909137347935,-2.1401095496023927,321.4574095031737,-6.944131862089327e-05,0.0,0.0,0.0,0.0,0.0,0.0,1.0
1779268301.6157887,-10.53324521717185,-20.542476016196655,-2.140109549872083,322.4296814945602,6.944131862089383e-05,0.0,0.0,0.0,0.0,0.0,0.0,1.0
1779268301.6264582,-10.545255861212716,-20.56124259049794,-2.1401095501323035,323.37075906228614,-6.944131862089327e-05,0.0,0.0,0.0,0.0,0.0,0.0,1.0
1779268301.636522,-10.600902605327235,-20.64819057467139,-2.1401095503599863,324.4239779336502,6.944131862089383e-05,0.0,0.0,0.0,0.0,0.0,0.0,1.0
1779268301.6470218,-10.642960993969659,-20.71390675742185,-2.1401095505799246,325.4675427909553,-6.944131862089327e-05,0.0,0.0,0.0,0.0,0.0,0.0,1.0
1779268301.6575837,-10.675502382482225,-20.764752632565532,-2.140109550784474,326.4843563103056,6.944131862089383e-05,0.0,0.0,0.0,0.0,0.0,0.0,1.0
1779268301.6677349,-10.719820962804869,-20.834000373897883,-2.1401095509671837,327.511471416764,-6.944131862089327e-05,0.0,0.0,0.0,0.0,0.0,0.0,1.0
1779268301.678115,-10.749524156344695,-20.880411577519865,-2.1401095511410877,328.5075522390706,6.944131862089383e-05,0.0,0.0,0.0,0.0,0.0,0.0,1.0
1779268301.6881113,-10.804883435762774,-20.96691041653285,-2.1401095512983446,329.567357770957,-6.944131862089327e-05,0.0,0.0,0.0,0.0,0.0,0.0,1.0
1779268301.698317,-10.825432078716103,-20.99901764203618,-2.1401095514477118,330.5187932354846,6.944131862089379e-05,0.0,0.0,0.0,0.0,0.0,0.0,1.0
1779268301.7085066,-10.883710695782717,-21.090077950137825,-2.14010955158948,331.61216059437567,-6.944131862089344e-05,0.0,0.0,0.0,0.0,0.0,0.0,1.0
1779268301.7254221,-10.73344618933551,-20.855289639170774,-2.1401095518114484,332.5649479816448,6.944131862089353e-05,0.0,0.0,0.0,0.0,0.0,0.0,1.0
1779268301.735592,-10.792623897381986,-20.94775478215906,-2.1401095519320306,333.67171302468,-6.944131862089367e-05,0.0,0.0,0.0,-0.03367000656755866,0.0,0.0,1.0
1779268301.7460148,-10.816702942086739,-20.985378269052926,-2.140109552047361,334.6670428861044,6.944131862089336e-05,0.0,0.0,0.0,-0.033508336517173345,0.0,0.0,1.0
1779268301.7559907,-10.909446288910447,-21.13028970285061,-2.1401095522084614,335.88683844257235,-6.94413186208938e-05,0.0,0.0,0.0,-0.03344299653828254,0.0,0.0,1.0
1779268301.7660828,-10.987501829474349,-21.252251443914993,-2.1401095523591107,337.0634041884028,6.944131862089326e-05,0.0,0.0,0.0,-0.033193690552887005,0.0,0.0,1.0
1779268301.7761838,-11.040157695313901,-21.33452619912724,-2.1401095524983207,338.1480773186077,-6.944131862089383e-05,0.0,0.0,0.0,-0.032986724463363586,0.0,0.0,1.0
1779268301.7865236,-11.094298668323255,-21.419121436129114,-2.1401095526311433,339.26278760908843,6.944131862089327e-05,0.0,0.0,0.0,-0.03284855509291328,0.0,0.0,1.0
1779268301.7973573,-11.082347262201088,-21.400447340081822,-2.140109552758282,340.17569887285174,-6.944131862089383e-05,0.0,0.0,0.0,-0.032707688314764456,0.0,0.0,1.0
1779268301.8072202,-11.19845859769263,-21.581871266774563,-2.140109552870243,341.4868260381651,6.944131862089327e-05,0.0,0.0,0.0,-0.03273867999053272,0.0,0.0,1.0
1779268301.81753,-11.25077898934446,-21.6636218526654,-2.1401095529766505,342.58767811999974,-6.944131862089383e-05,0.0,0.0,0.0,-0.03244004377655378,0.0,0.0,1.0
1779268301.8277743,-11.321449797221423,-21.77404496333168,-2.1401095530777994,343.764728699721,6.944131862089327e-05,0.0,0.0,0.0,-0.032307246703308,0.0,0.0,1.0
1779268301.83792,-11.367056355525117,-21.84530518880431,-2.140109553171533,344.84240293573856,-6.944131862089383e-05,0.0,0.0,0.0,-0.032129587103227025,0.0,0.0,1.0
1779268301.8480275,-11.413764459330586,-21.918286580456126,-2.1401095532597365,345.9229056616572,6.944131862089327e-05,0.0,0.0,0.0,-0.0320159683952796,0.0,0.0,1.0
1779268301.8584201,-11.462131582191198,-21.993860190039843,-2.140109553345878,347.0395145841052,-6.944131862089383e-05,0.0,0.0,0.0,-0.031900433889571415,0.0,0.0,1.0
1779268301.8685496,-11.506101861018024,-22.06256373288305,-2.140109553425247,348.11728189450696,6.944131862089327e-05,0.0,0.0,0.0,-0.03178166973056096,0.0,0.0,1.0
1779268301.878727,-11.547525200770288,-22.127287684699336,-2.140109553501116,349.1926824164181,-6.944131862089374e-05,0.0,0.0,0.0,-0.031674465362353466,0.0,0.0,1.0
1779268301.8891501,-11.572769028526382,-22.16673115176652,-2.1401095535742938,350.2258211453637,6.944131862089352e-05,0.0,0.0,0.0,-0.031574129081800656,0.0,0.0,1.0
1779268301.8989704,-11.675408239010562,-22.327104896194637,-2.1401095536424033,351.5005928811529,-6.944131862089346e-05,0.0,0.0,0.0,-0.031513293642667944,0.0,0.0,1.0
1779268301.9095688,-11.707138168288571,-22.376682897458586,-2.140109553711592,352.58720751189867,6.944131862089372e-05,0.0,0.0,0.0,-0.03126833379073769,0.0,0.0,1.0
1779268301.9196846,-11.76871680571331,-22.472899502638615,-2.1401095537755217,353.7430470855111,-6.944131862089332e-05,0.0,0.0,0.0,-0.03119337421721723,0.0,0.0,1.0
1779268301.9299252,-11.807089032649516,-22.532856094793146,-2.1401095538374406,354.82751550302635,6.944131862089383e-05,0.0,0.0,0.0,-0.031048918489867294,0.0,0.0,1.0
1779268301.940174,-11.856147516365512,-22.609509962391986,-2.140109553897474,355.9553344781411,-6.944131862089323e-05,0.0,0.0,0.0,-0.030959575617960176,0.0,0.0,1.0
1779268301.950444,-11.887286721055048,-22.658164909119442,-2.140109554085824,357.02114705003635,6.944131862089386e-05,0.0,0.0,0.0,-0.03084609663571191,0.0,0.0,1.0
1779268301.9608333,-11.92789609315618,-22.721616996293083,-2.1401095542575317,358.138039224306,-6.944131862089326e-05,0.0,0.0,0.0,-0.03077449676519337,0.0,0.0,1.0
1779268301.970895,-11.986303712927242,-22.812878849957855,-2.1401095544069983,359.2915805025274,6.944131862089383e-05,0.0,0.0,0.0,-0.03068161897130651,0.0,0.0,1.0
1779268301.9817328,-11.983613309627412,-22.80867505186774,-2.140109554550253,360.2886715807058,-6.944131862089327e-05,0.0,0.0,0.0,-0.03054901221299005,0.0,0.0,1.0
1779268301.9920077,-12.078512493978554,-22.9569549784539,-2.140109554674034,361.6051786952868,6.944131862089383e-05,0.0,0.0,0.0,-0.030555094836440536,0.0,0.0,1.0
1779268302.002172,-12.132814660200564,-23.041802073379078,-2.1401095547838014,362.7624794080275,-6.944131862089327e-05,0.0,0.0,0.0,-0.03034197801342855,0.0,0.0,1.0
1779268302.0125918,-12.146394697988834,-23.063020850309105,-2.140109554884844,363.79640715781426,6.944131862089383e-05,0.0,0.0,0.0,-0.03022136036920645,0.0,0.0,1.0
1779268302.0228927,-12.221681635478966,-23.180656653567297,-2.1401095549753855,365.0513325534537,-6.944131862089327e-05,0.0,0.0,0.0,-0.03019134527516333,0.0,0.0,1.0
1779268302.033038,-12.258210528861426,-23.23773302089361,-2.140109555055456,366.15005477332505,6.944131862089383e-05,0.0,0.0,0.0,-0.030026018542631882,0.0,0.0,1.0
1779268302.0435503,-12.303889044929713,-23.309105674072434,-2.140109555130587,367.3225241333331,-6.944131862089327e-05,0.0,0.0,0.0,-0.030341956575318307,0.0,0.0,1.0
1779268302.0541189,-12.343122079103761,-23.370407264786298,-2.140109555198596,368.4798906378404,6.94413186208937e-05,0.0,0.0,0.0,-0.030241711159642568,0.0,0.0,1.0
1779268302.064708,-12.377136201739164,-23.42355430892075,-2.1401095552599614,369.6231936056633,-6.944131862089356e-05,0.0,0.0,0.0,-0.030156137351820374,0.0,0.0,1.0
1779268302.07495,-12.412242463692596,-23.47840782298529,-2.1401095553134626,370.73912126405264,6.944131862089344e-05,0.0,0.0,0.0,-0.03008233722321043,0.0,0.0,1.0
1779268302.0853837,-12.47156483840173,-23.571099011400783,-2.1401095553630283,371.96762458949183,-6.944131862089375e-05,0.0,0.0,0.0,-0.03000654477097329,0.0,0.0,1.0
1779268302.095733,-12.487480777881897,-23.59596765192049,-2.1401095554072604,373.029177461508,6.944131862089329e-05,0.0,0.0,0.0,-0.02987933412329705,0.0,0.0,1.0
1779268302.1058295,-12.559961695874275,-23.70921906562326,-2.1401095554467107,374.27923818050164,-6.944131862089386e-05,0.0,0.0,0.0,-0.02984538698830015,0.0,0.0,1.0
1779268302.116345,-12.603618670633285,-23.777433072450837,-2.1401095554838774,375.4638708168927,6.944131862089326e-05,0.0,0.0,0.0,-0.029691761736249073,0.0,0.0,1.0
1779268302.1268802,-12.642013837119476,-23.837425505546427,-2.14010955551778,376.6375958424483,-6.944131862089383e-05,0.0,0.0,0.0,-0.029599989235279813,0.0,0.0,1.0
1779268302.137451,-12.704564316940084,-23.93516061352514,-2.1401095555488476,377.9089448275722,6.944131862089327e-05,0.0,0.0,0.0,-0.029519744606148833,0.0,0.0,1.0
1779268302.1474965,-12.769673723702999,-24.036894052779118,-2.1401095555584995,379.13821154026346,-6.944131862089383e-05,0.0,0.0,0.0,-0.029389942503685592,0.0,0.0,1.0
1779268302.1577032,-12.815165336417953,-24.10797469135251,-2.140109555568222,380.31448975282046,6.944131862089327e-05,0.0,0.0,0.0,-0.029256035499915803,0.0,0.0,1.0
1779268302.1683726,-12.84064609994687,-24.147788380633283,-2.140109555578304,381.46712759156475,-6.944131862089383e-05,0.0,0.0,0.0,-0.02916319610973975,0.0,0.0,1.0
1779268302.1791027,-12.854648923841252,-24.169667790710655,-2.140109555588299,382.5816845374522,6.944131862089327e-05,0.0,0.0,0.0,-0.02911145151969149,0.0,0.0,1.0
1779268302.1891277,-12.961575522223658,-24.33674058638771,-2.1401095555979994,383.97817644803524,-6.944131862089383e-05,0.0,0.0,0.0,-0.02908309353409022,0.0,0.0,1.0
1779268302.19955,-13.002506192021904,-24.400694752185856,-2.1401095556077765,385.17066899033983,6.944131862089327e-05,0.0,0.0,0.0,-0.02886835546696777,0.0,0.0,1.0
1779268302.2097564,-13.059151772845674,-24.489203464420452,-2.140109555617396,386.4062084086785,-6.944131862089383e-05,0.0,0.0,0.0,-0.028786991096589453,0.0,0.0,1.0
1779268302.2204354,-13.074522759033918,-24.513220627865707,-2.1401095556272605,387.539546181522,6.944131862089332e-05,0.0,0.0,0.0,-0.02867514027968031,0.0,0.0,1.0
1779268302.2308004,-13.091965567660353,-24.540475013610916,-2.1401095556367453,388.6506120431041,-6.944131862089361e-05,0.0,0.0,0.0,-0.028644938707381076,0.0,0.0,1.0
1779268302.2410114,-13.201324916878715,-24.71134898209224,-2.140109555646422,390.09173553213407,6.944131862089361e-05,0.0,0.0,0.0,-0.02861074318675196,0.0,0.0,1.0
1779268302.2514746,-13.251359595350575,-24.789528160219117,-2.1401095556560703,391.34132816615477,-6.94413186208934e-05,0.0,0.0,0.0,-0.028398195245823814,0.0,0.0,1.0
1779268302.2616203,-13.293556888734262,-24.855461425174667,-2.140109555665312,392.53080826624813,6.944131862089378e-05,0.0,0.0,0.0,-0.02830199710853789,0.0,0.0,1.0
1779268302.2717268,-13.352600575410552,-24.947717177457395,-2.1401095556745333,393.78210032863274,-6.944131862089327e-05,0.0,0.0,0.0,-0.028221371815819275,0.0,0.0,1.0
1779268302.2819939,-13.402063518900585,-25.025003019744723,-2.1401095556838268,395.0181186165397,6.944131862089387e-05,0.0,0.0,0.0,-0.028109325488592896,0.0,0.0,1.0
1779268302.2922244,-13.445086550954507,-25.09222650124893,-2.140109555693001,396.2293072397975,-6.944131862089325e-05,0.0,0.0,0.0,-0.028016142060665463,0.0,0.0,1.0
1779268302.3024864,-13.48772989139042,-25.158856714645133,-2.1401095557021437,397.44529714553664,6.944121768453468e-05,0.0,0.0,0.0,-0.027935591075559832,0.0,0.0,1.0
1779268302.31294,-13.521433814218884,-25.211519089180342,-2.1401095557113874,398.6533378495265,-6.944096453802005e-05,0.0,0.0,0.0,-0.027856206144749214,0.0,0.0,1.0
1779268302.3233879,-13.571206609979981,-25.2892890755798,-2.1401095557206244,399.9240431470526,6.94406403588931e-05,0.0,0.0,0.0,-0.027793780928812906,0.0,0.0,1.0
1779268302.3334646,-13.644848715245505,-25.404354854989954,-2.1401095557295164,401.2435451508327,-6.944022590360351e-05,0.0,0.0,0.0,-0.02770210282088404,0.0,0.0,1.0
1779268302.3436341,-13.703340832899865,-25.495748780721332,-2.1401095557384155,402.52258189906,6.943976843851255e-05,0.0,0.0,0.0,-0.027567561632919763,0.0,0.0,1.0
1779268302.353632,-13.77083193746651,-25.601203780979553,-2.140109555381549,403.819556805046,-6.943925896255149e-05,0.0,0.0,0.0,-0.027461625305219325,0.0,0.0,1.0
1779268302.364199,-13.819755174539926,-25.677646482576726,-2.1401095550541633,405.1129692012429,6.943872744480246e-05,0.0,0.0,0.0,-0.027340398065416053,0.0,0.0,1.0
1779268302.374596,-13.834515794989981,-25.700710081620215,-2.1401095547778364,406.26396495542457,-6.94381660478418e-05,0.0,0.0,0.0,-0.027253188802593857,0.0,0.0,1.0
1779268302.3850133,-13.902415962940388,-25.806804203042525,-2.140109554542233,407.6192296473497,6.943760484587368e-05,0.0,0.0,0.0,-0.027226986695365187,0.0,0.0,1.0
1779268302.395249,-13.944276986259997,-25.872212149725154,-2.140109554346005,408.860565384298,-6.943703440874115e-05,0.0,0.0,0.0,-0.02710709562708871,0.0,0.0,1.0
1779268302.4056654,-13.989388017841765,-25.942698224506188,-2.140109554178329,410.13749733585183,6.943647310530094e-05,0.0,0.0,0.0,-0.027033706098078744,0.0,0.0,1.0
1779268302.415825,-14.06716466782431,-26.064224311631726,-2.1401095540437596,411.51024768441897,-6.943591307635299e-05,0.0,0.0,0.0,-0.02695506161443029,0.0,0.0,1.0
1779268302.4259062,-14.132885158397043,-26.166912641952308,-2.140109553934301,412.833223129558,6.943537077657906e-05,0.0,0.0,0.0,-0.026820536541058836,0.0,0.0,1.0
1779268302.436039,-14.173843234876095,-26.230909695890066,-2.1401095538454564,414.0727822032754,-6.94348353199128e-05,0.0,0.0,0.0,-0.026707905229293862,0.0,0.0,1.0
1779268302.4466653,-14.203883022388531,-26.277846920415485,-2.1401095537727484,415.3312936696221,6.943432170273722e-05,0.0,0.0,0.0,-0.02663818839966667,0.0,0.0,1.0
1779268302.456932,-14.233169401878191,-26.323606935962633,-2.1401095537208916,416.5441847861921,-6.943382322277659e-05,0.0,0.0,0.0,-0.026587286912429755,0.0,0.0,1.0
1779268302.4675581,-14.288400883742966,-26.409906166632044,-2.1401095536845367,417.8993782955457,6.94333429670286e-05,0.0,0.0,0.0,-0.02653784868551445,0.0,0.0,1.0
1779268302.477678,-14.380470237100962,-26.55376455963552,-2.140109553665118,419.3435718471541,-6.94328880890439e-05,0.0,0.0,0.0,-0.026445110152493338,0.0,0.0,1.0
1779268302.4881577,-14.408958753661242,-26.598277899524753,-2.1401095536559596,420.5915628876811,6.943245706900476e-05,0.0,0.0,0.0,-0.026291947957627786,0.0,0.0,1.0
1779268302.4986484,-14.477776085097,-26.70580500332812,-2.140109553659772,421.9942777568849,-6.94320450263813e-05,0.0,0.0,0.0,-0.02624491439250762,0.0,0.0,1.0
1779268302.509296,-14.471983390742956,-26.696753947451306,-2.140109553671639,423.13869819436525,6.943165618368273e-05,0.0,0.0,0.0,-0.026131989210120662,0.0,0.0,1.0
1779268302.5191345,-14.603778251864767,-26.902683424692313,-2.140109553695394,424.71193592202917,-6.943129027670971e-05,0.0,0.0,0.0,-0.026141457565674,0.0,0.0,1.0
1779268302.5297663,-14.641212368029802,-26.96117424832773,-2.1401095537261208,426.0262705238154,6.94309419222943e-05,0.0,0.0,0.0,-0.025927722987172348,0.0,0.0,1.0
1779268302.5403764,-14.67796434764281,-27.018599230733713,-2.1401095537641517,427.34089918125716,-6.943061620778545e-05,0.0,0.0,0.0,-0.025867650548487588,0.0,0.0,1.0
1779268302.550694,-14.733177796362128,-27.104870219175677,-2.140109553881655,428.69066645908447,6.943031097017937e-05,0.0,0.0,0.0,-0.02580894262616269,0.0,0.0,1.0
1779268302.561012,-14.798790179840745,-27.207389543274658,-2.1401095539949897,430.0807332694144,-6.94300233003986e-05,0.0,0.0,0.0,-0.025721242399721272,0.0,0.0,1.0
1779268302.571627,-14.872604857304717,-27.322724951363803,-2.1401095541087383,431.54630995467403,6.942975641121673e-05,0.0,0.0,0.0,-0.025617795666391774,0.0,0.0,1.0
1779268302.581827,-14.912968605713456,-27.385793288797128,-2.1401095542125352,432.8376882491431,-6.942950853499152e-05,0.0,0.0,0.0,-0.02550240595995333,0.0,0.0,1.0
1779268302.5922694,-14.975986619735817,-27.484258913989574,-2.140109554317001,434.2516267919041,6.942928432679564e-05,0.0,0.0,0.0,-0.025439745947832715,0.0,0.0,1.0
1779268302.6023722,-15.048095453592108,-27.596928945392577,-2.1401095544149795,435.66059605273375,-6.942906564065636e-05,0.0,0.0,0.0,-0.02534253048007372,0.0,0.0,1.0
1779268302.6126828,-15.077555709869134,-27.642960580214172,-2.1401095545110436,436.9385365122482,6.942887994857337e-05,0.0,0.0,0.0,-0.025232197504721793,0.0,0.0,1.0
1779268302.6231127,-15.135843133519781,-27.734034661011606,-2.140109554606702,438.34266231400807,-6.942865276103793e-05,0.0,0.0,0.0,-0.025187396274060875,0.0,0.0,1.0
1779268302.6334395,-15.199734595101104,-27.833865051140645,-2.140109554699133,439.75833055689327,6.94284875963908e-05,0.0,0.0,0.0,-0.025099223253843093,0.0,0.0,1.0
1779268302.6440775,-15.226564105438186,-27.87578614742117,-2.140109554791271,441.0776426948621,-6.942830496539423e-05,0.0,0.0,0.0,-0.025003278594079248,0.0,0.0,1.0
1779268302.6545417,-15.30985468777036,-28.00592766224107,-2.1401095548814344,442.5908298747823,6.942815698034974e-05,0.0,0.0,0.0,-0.024963207273394045,0.0,0.0,1.0
1779268302.665221,-15.337862666158527,-28.049690115728264,-2.1401095549700506,443.92767887877886,-6.942800910104677e-05,0.0,0.0,0.0,-0.024839621756860435,0.0,0.0,1.0
1779268302.6756968,-15.398218202975078,-28.143995625759384,-2.140109555056003,445.3649257615427,6.94278858151735e-05,0.0,0.0,0.0,-0.02479833802403233,0.0,0.0,1.0
1779268302.6859663,-15.462531282000409,-28.244484795538384,-2.140109555138686,446.7953802273116,-6.942776392203148e-05,0.0,0.0,0.0,-0.02470983839428127,0.0,0.0,1.0
1779268302.6965194,-15.511475812071257,-28.32096060966218,-2.140109555221972,448.20713169354985,6.942766407414424e-05,0.0,0.0,0.0,-0.024616227599186864,0.0,0.0,1.0
1779268302.7070262,-15.568519110863772,-28.410090749228626,-2.140109555303686,449.6473809390235,-6.942756957966674e-05,0.0,0.0,0.0,-0.024545459888610913,0.0,0.0,1.0
1779268302.7171888,-15.61848039364559,-28.488155240219612,-2.1401095553810414,451.02272199112434,6.942748951943715e-05,0.0,0.0,0.0,-0.024463493577589458,0.0,0.0,1.0
1779268302.7274127,-15.658036067548778,-28.549960968885046,-2.140109555457438,452.37018323004776,-6.942741613043484e-05,0.0,0.0,0.0,-0.02439215144235052,0.0,0.0,1.0
1779268302.7376256,-15.743229415326745,-28.683075557298203,-2.1401095555339817,453.8909549302855,6.942736425229918e-05,0.0,0.0,0.0,-0.0243359621295481,0.0,0.0,1.0
1779268302.7480927,-15.800707535067819,-28.772885229537412,-2.140109555357336,455.3424958390645,-6.942730951579416e-05,0.0,0.0,0.0,-0.02421581792911464,0.0,0.0,1.0
1779268302.7581575,-15.863641370358447,-28.871219439631346,-2.1401095552191327,456.7687898884654,6.942727063868237e-05,0.0,0.0,0.0,-0.02413542747049318,0.0,0.0,1.0
1779268302.7686334,-15.898692428115789,-28.925986806265517,-2.140109555103121,458.1463998961231,-6.94272300976634e-05,0.0,0.0,0.0,-0.024048015604295973,0.0,0.0,1.0
1779268302.7791748,-15.93523162588499,-28.983079381014647,-2.1401095550133915,459.53532521687515,6.942720423207717e-05,0.0,0.0,0.0,-0.02399960549936659,0.0,0.0,1.0
1779268302.7894337,-16.039971836472425,-29.14673601864736,-2.1401095549507327,461.15618612218185,-6.942719025002851e-05,0.0,0.0,0.0,-0.023949346820878386,0.0,0.0,1.0
1779268302.8001003,-16.073950893321715,-29.19982835665092,-2.140109554904654,462.56265511601526,6.942717641569813e-05,0.0,0.0,0.0,-0.023806436547690366,0.0,0.0,1.0
1779268302.8101823,-16.17107718271246,-29.351588226560246,-2.140109554880982,464.13792223433785,-6.942717369152615e-05,0.0,0.0,0.0,-0.023760440339734026,0.0,0.0,1.0
1779268302.8203948,-16.209697095571975,-29.41193188488296,-2.1401095548705396,465.5149133317585,6.94271663938247e-05,0.0,0.0,0.0,-0.0236299367122155,0.0,0.0,1.0
1779268302.830863,-16.234508775092202,-29.45070017562285,-2.1401095548738156,466.87711659980596,-6.942717224870823e-05,0.0,0.0,0.0,-0.023578442446810163,0.0,0.0,1.0
1779268302.8408916,-16.330790591737532,-29.60114053937921,-2.1401095548917777,468.4534320990686,6.942718256031968e-05,0.0,0.0,0.0,-0.02354547778817251,0.0,0.0,1.0
1779268302.851616,-16.355587250067327,-29.639885349994618,-2.1401095549201394,469.85217721950596,-6.942720353603469e-05,0.0,0.0,0.0,-0.02341842441815139,0.0,0.0,1.0
1779268302.8624377,-16.35740068213017,-29.64271886822693,-2.1401095549587588,471.18650150962594,6.942722391359287e-05,0.0,0.0,0.0,-0.023385924541465417,0.0,0.0,1.0
1779268302.8722246,-16.514439072820558,-29.8880913577587,-2.1401095550075513,472.9708724452034,-6.942724787970801e-05,0.0,0.0,0.0,-0.023383551564729398,0.0,0.0,1.0
1779268302.8826323,-16.55681463360137,-29.954303188280566,-2.1401095550626272,474.4047363936972,6.942728100727441e-05,0.0,0.0,0.0,-0.023179842089226743,0.0,0.0,1.0
1779268302.8930452,-16.646459860627765,-30.094373863199195,-2.140109555126974,476.0250149679,-6.942731009671819e-05,0.0,0.0,0.0,-0.02312547897526023,0.0,0.0,1.0
1779268302.9031925,-16.703962577749994,-30.184221867272136,-2.1401095551944085,477.49722648254516,6.942734844113749e-05,0.0,0.0,0.0,-0.023011309273872946,0.0,0.0,1.0
1779268302.9137478,-16.75556521087688,-30.26485098893138,-2.1401095552700533,479.0029461624254,-6.942738188046651e-05,0.0,0.0,0.0,-0.022938666495603582,0.0,0.0,1.0
1779268302.9240036,-16.796312164777387,-30.328518110512938,-2.1401095553475,480.43278730004454,6.942742539325079e-05,0.0,0.0,0.0,-0.022873866269811534,0.0,0.0,1.0
1779268302.933973,-16.888281934326944,-30.472220872688407,-2.140109555428501,482.01933020053076,-6.942747152684188e-05,0.0,0.0,0.0,-0.022822955998495174,0.0,0.0,1.0
1779268302.944059,-16.94806724298348,-30.565635417255713,-2.1401095555127942,483.50538840766467,6.94275185914094e-05,0.0,0.0,0.0,-0.022708874562553577,0.0,0.0,1.0
1779268302.954765,-16.972014651718915,-30.603053272756725,-2.140109555554561,484.9448357157734,-6.942757611540709e-05,0.0,0.0,0.0,-0.022635324641437086,0.0,0.0,1.0
1779268302.9647903,-17.06409158306836,-30.74692349229932,-2.1401095556047993,486.55132873275323,6.942762844202444e-05,0.0,0.0,0.0,-0.022605997329463966,0.0,0.0,1.0
1779268302.9753277,-17.122298145568713,-30.837871262578787,-2.1401095556648526,488.1039565888853,-6.942767907655528e-05,0.0,0.0,0.0,-0.02249393768532465,0.0,0.0,1.0
1779268302.9855902,-17.147003640214976,-30.876473614722585,-2.140109555728876,489.50008636046346,6.942773798678851e-05,0.0,0.0,0.0,-0.022423669947820524,0.0,0.0,1.0
1779268302.9960225,-17.23486645155579,-31.01375926330061,-2.1401095558030256,491.157650226356,-6.942779213654947e-05,0.0,0.0,0.0,-0.0223939776739578,0.0,0.0,1.0
1779268303.0065312,-17.29793454684686,-31.11230316865552,-2.140109555882599,492.7378026926204,6.942785142064468e-05,0.0,0.0,0.0,-0.022289012879753725,0.0,0.0,1.0
1779268303.016871,-17.33851952067525,-31.175717196989744,-2.1401095559646715,494.2153080287547,-6.942791158375848e-05,0.0,0.0,0.0,-0.02221427307529287,0.0,0.0,1.0
1779268303.0270667,-17.407759432574125,-31.283904560022076,-2.1401095560507777,495.78424250026376,6.942797690685245e-05,0.0,0.0,0.0,-0.02216644153749763,0.0,0.0,1.0
1779268303.0373666,-17.47955116883863,-31.39607914648387,-2.1401095561417307,497.3813417864684,-6.942803961613948e-05,0.0,0.0,0.0,-0.02208531184852227,0.0,0.0,1.0
1779268303.0477686,-17.5366427633448,-31.485284761711313,-2.140109556236366,498.94163244249415,6.94281032707375e-05,0.0,0.0,0.0,-0.022001816334714184,0.0,0.0,1.0
1779268303.058129,-17.611222433721423,-31.601815491576673,-2.1401095563341292,500.5654191381819,-6.94281643043897e-05,0.0,0.0,0.0,-0.021935866379638784,0.0,0.0,1.0
1779268303.068641,-17.666484418307437,-31.688162338583258,-2.140109556435215,502.14249691502454,6.942822591451596e-05,0.0,0.0,0.0,-0.021850307608541154,0.0,0.0,1.0
1779268303.0792117,-17.72187235729292,-31.774705988036697,-2.1401095565390857,503.73283135242286,-6.942829326446755e-05,0.0,0.0,0.0,-0.0217873392611545,0.0,0.0,1.0
1779268303.0896218,-17.790077262507907,-31.881276144335462,-2.14010955664354,505.353490341552,6.942836035873608e-05,0.0,0.0,0.0,-0.02172459020680294,0.0,0.0,1.0
1779268303.1002254,-17.83353977299051,-31.94918631113787,-2.1401095567506623,506.91304001988425,-6.942842685437932e-05,0.0,0.0,0.0,-0.021647815193193008,0.0,0.0,1.0
1779268303.1103895,-17.92309470792714,-32.089115884094944,-2.140109556855891,508.5874564262142,6.942849303932759e-05,0.0,0.0,0.0,-0.02159917374153379,0.0,0.0,1.0
1779268303.1210022,-17.964376446919154,-32.15361859398467,-2.1401095569653634,510.14845679693207,-6.942856029597373e-05,0.0,0.0,0.0,-0.02149963298230063,0.0,0.0,1.0
1779268303.131258,-18.013556856238353,-32.23046297454781,-2.140109557071833,511.6939974483749,6.94286347183278e-05,0.0,0.0,0.0,-0.021454056185123516,0.0,0.0,1.0
1779268303.1417964,-18.097045642639078,-32.360914188939645,-2.1401095571835813,513.4114395885906,-6.942870052081417e-05,0.0,0.0,0.0,-0.02140001029988712,0.0,0.0,1.0
1779268303.152305,-18.158471759489636,-32.456892402141435,-2.1401095574435227,515.046386721919,6.942877093958051e-05,0.0,0.0,0.0,-0.021308882183655363,0.0,0.0,1.0
1779268303.1628807,-18.19007215254328,-32.5062679337433,-2.1401095576842626,516.5848991723238,-6.942884105725799e-05,0.0,0.0,0.0,-0.02124232855412815,0.0,0.0,1.0
1779268303.1728933,-18.30129148223321,-32.68004805425031,-2.1401095578974414,518.3449608208662,6.942890830141776e-05,0.0,0.0,0.0,-0.021208251683133443,0.0,0.0,1.0
1779268303.1832511,-18.369422273869887,-32.78650234390059,-2.140109558101831,519.9964678071789,-6.942898506663589e-05,0.0,0.0,0.0,-0.02108918156316259,0.0,0.0,1.0
1779268303.1937473,-18.44165060331429,-32.89935904081679,-2.140109558295274,521.688296102726,6.942905083426621e-05,0.0,0.0,0.0,-0.02101689899406388,0.0,0.0,1.0
1779268303.2044957,-18.461332497699672,-32.93011194438716,-2.1401095584786938,523.2250459158315,-6.942912741374701e-05,0.0,0.0,0.0,-0.020940807963984943,0.0,0.0,1.0
1779268303.2146814,-18.55668997349297,-33.07910794098489,-2.1401095586427448,524.9675513188473,6.942919888943743e-05,0.0,0.0,0.0,-0.020920168631511703,0.0,0.0,1.0
1779268303.2250957,-18.55700073377802,-33.079593461007065,-2.1401095587979917,526.3942605122694,-6.942926925867841e-05,0.0,0.0,0.0,-0.02082074659208346,0.0,0.0,1.0
1779268303.2355072,-18.692723375888534,-33.291660031180804,-2.1401095589478274,528.3288681883864,6.94293421402978e-05,0.0,0.0,0.0,-0.02082042387968184,0.0,0.0,1.0
1779268303.2455847,-18.766978295326044,-33.40768329790607,-2.1401095590829997,529.9898443952836,-6.942941424264605e-05,0.0,0.0,0.0,-0.020680538143015917,0.0,0.0,1.0
1779268303.2557237,-18.840988277850602,-33.52332385341194,-2.140109559212059,531.6629212356768,6.942948213038125e-05,0.0,0.0,0.0,-0.020604797510442096,0.0,0.0,1.0
1779268303.2658937,-18.905743225587287,-33.624503420950525,-2.140109559334708,533.3079770181627,-6.942955542538532e-05,0.0,0.0,0.0,-0.020529856365593367,0.0,0.0,1.0
1779268303.2759502,-18.9794447706251,-33.7396620480699,-2.140109559450853,534.9791785822929,6.94296222874007e-05,0.0,0.0,0.0,-0.02046473209086352,0.0,0.0,1.0
1779268303.2859643,-19.073431523857614,-33.88651631233253,-2.1401095595616564,536.7207879235749,-6.942969397766781e-05,0.0,0.0,0.0,-0.02039111079948043,0.0,0.0,1.0
1779268303.296157,-19.12482335420427,-33.966816017143046,-2.140109559668838,538.3343587708798,6.942976289510365e-05,0.0,0.0,0.0,-0.020297990835698252,0.0,0.0,1.0
1779268303.3066132,-19.197698060835314,-34.08068271425686,-2.1401095597750315,540.0710987701148,-6.942983294840602e-05,0.0,0.0,0.0,-0.02024743143790421,0.0,0.0,1.0
1779268303.3170085,-19.24704722751711,-34.157790760406506,-2.1401095598756115,541.7125189854761,6.942990073000053e-05,0.0,0.0,0.0,-0.02017616718054771,0.0,0.0,1.0
1779268303.3271248,-19.339674765784938,-34.30252125781262,-2.140109559970972,543.4824605779232,-6.942996986810534e-05,0.0,0.0,0.0,-0.020128192550730187,0.0,0.0,1.0
1779268303.337639,-19.397370298345425,-34.39267050193482,-2.140109560066238,545.185964536714,6.943003448221051e-05,0.0,0.0,0.0,-0.020038757923878884,0.0,0.0,1.0
1779268303.347776,-19.450897946826956,-34.47630742960061,-2.1401095601546007,546.821569524299,-6.943010699568994e-05,0.0,0.0,0.0,-0.019983451461792902,0.0,0.0,1.0
1779268303.3581502,-19.5447234331464,-34.622909794224874,-2.14010956012378,548.6479921530135,6.943017139789386e-05,0.0,0.0,0.0,-0.019932412422779166,0.0,0.0,1.0
1779268303.3684938,-19.571381621358203,-34.66456325864012,-2.140109560104873,550.2232643193029,-6.943024270347441e-05,0.0,0.0,0.0,-0.01984357537439728,0.0,0.0,1.0
1779268303.378972,-19.642651517003888,-34.77592250413251,-2.1401095600987867,551.9871539149149,6.94303086579513e-05,0.0,0.0,0.0,-0.019818478953244376,0.0,0.0,1.0
1779268303.3890507,-19.731704541796987,-34.915067879737016,-2.140109560103522,553.769276495785,-6.94303738418482e-05,0.0,0.0,0.0,-0.019751694216656256,0.0,0.0,1.0
1779268303.3994327,-19.7713233723629,-34.976972330437675,-2.1401095601165245,555.411558634236,6.943044057029168e-05,0.0,0.0,0.0,-0.019668874862835223,0.0,0.0,1.0
1779268303.4095209,-19.89410793588373,-35.168823221804836,-2.140109560139178,557.3271044396823,-6.9430507184822e-05,0.0,0.0,0.0,-0.019632252130544467,0.0,0.0,1.0
1779268303.4201264,-19.94912166010572,-35.25478218427067,-2.140109560169097,559.0720875791304,6.943057601089509e-05,0.0,0.0,0.0,-0.01951961308289486,0.0,0.0,1.0
1779268303.430239,-20.020544721680018,-35.366380729349245,-2.1401095602041975,560.8080015858069,-6.943064468063637e-05,0.0,0.0,0.0,-0.019469563122408887,0.0,0.0,1.0
1779268303.4406152,-20.08257292044788,-35.463299800242275,-2.1401095602458593,562.5542505108599,6.943070874039129e-05,0.0,0.0,0.0,-0.019404965706966825,0.0,0.0,1.0
1779268303.450678,-20.16112097097164,-35.586031133841516,-2.1401095602914104,564.3178777556633,-6.943077501990062e-05,0.0,0.0,0.0,-0.019349211890707846,0.0,0.0,1.0
1779268303.4612215,-20.208278242998304,-35.65971437894443,-2.140109560343196,566.0437612334796,6.943083953442758e-05,0.0,0.0,0.0,-0.019279066972627157,0.0,0.0,1.0
1779268303.47137,-20.304135445698023,-35.80949125587211,-2.140109560397948,567.8953182580166,-6.943090170786318e-05,0.0,0.0,0.0,-0.01923719830645245,0.0,0.0,1.0
1779268303.4815102,-20.362066742967052,-35.90000890919037,-2.140109560455053,569.6082155114219,6.943095915513519e-05,0.0,0.0,0.0,-0.01915264887699425,0.0,0.0,1.0
1779268303.4918432,-20.37850778634781,-35.925698045310924,-2.140109560515052,571.1964308041546,-6.943103300344573e-05,0.0,0.0,0.0,-0.019101910586885918,0.0,0.0,1.0
1779268303.501613,-20.55437633171685,-36.20049262797873,-2.1401095605780918,573.3002722466158,6.943109113753302e-05,0.0,0.0,0.0,-0.01908755990736419,0.0,0.0,1.0
1779268303.5118163,-20.610333718841456,-36.28792604240707,-2.1401095606434506,575.0286880713697,-6.943116375838357e-05,0.0,0.0,0.0,-0.018935388270445084,0.0,0.0,1.0
1779268303.5217764,-20.71850638092054,-36.456945814912295,-2.140109560710336,576.918031370284,6.943122541773803e-05,0.0,0.0,0.0,-0.019131286480223893,0.0,0.0,1.0
1779268303.5321815,-20.72975187878867,-36.47451690665231,-2.1401095607798246,578.5215693128064,-6.943129227581165e-05,0.0,0.0,0.0,-0.01903814521540386,0.0,0.0,1.0
1779268303.5423262,-20.82611400958524,-36.625082723684436,-2.1401095608508816,580.4056464636453,6.943135365332404e-05,0.0,0.0,0.0,-0.019028514401173684,0.0,0.0,1.0
1779268303.5526953,-20.90632638047196,-36.75041452064661,-2.1401095609593206,582.270569879305,-6.943141922487886e-05,0.0,0.0,0.0,-0.018946385452681635,0.0,0.0,1.0
1779268303.56305,-20.895641679839688,-36.733719658323864,-2.140109561061758,583.7993771113761,6.943148268884677e-05,0.0,0.0,0.0,-0.01887855914712348,0.0,0.0,1.0
1779268303.5729923,-21.057256972717248,-36.98624351227317,-2.1401095611608487,585.90999132398,-6.94315431837382e-05,0.0,0.0,0.0,-0.018887565839628397,0.0,0.0,1.0
1779268303.5836577,-21.1012657848723,-37.055007257467,-2.140109561261889,587.7011024349042,6.943160767962763e-05,0.0,0.0,0.0,-0.01875224161960167,0.0,0.0,1.0
1779268303.5940654,-21.170181762419794,-37.16268844637387,-2.1401095613581194,589.5502434585247,-6.943166845902401e-05,0.0,0.0,0.0,-0.01871572703038457,0.0,0.0,1.0
1779268303.6047235,-21.191816810722884,-37.19649319099875,-2.140109561453224,591.2696715121326,6.943172793711061e-05,0.0,0.0,0.0,-0.018658831398059635,0.0,0.0,1.0
1779268303.6151154,-21.317611532844097,-37.393047411770574,-2.1401095615446253,593.3202438648293,-6.943179010514958e-05,0.0,0.0,0.0,-0.018641041140786123,0.0,0.0,1.0
1779268303.625533,-21.419801320913454,-37.55271892715564,-2.1401095616349584,595.3116217882484,6.943185046244752e-05,0.0,0.0,0.0,-0.018538269768621163,0.0,0.0,1.0
1779268303.635872,-21.494785101279792,-37.66988106037874,-2.1401095617220407,597.1930341434872,-6.943190901381277e-05,0.0,0.0,0.0,-0.01845561304958984,0.0,0.0,1.0
1779268303.6465516,-21.5080938939084,-37.690676034794095,-2.140109561808994,598.9049425206097,6.943196872699508e-05,0.0,0.0,0.0,-0.01839542908993339,0.0,0.0,1.0
1779268303.656968,-21.630811474138003,-37.88242222416821,-2.140109561894313,600.9886347949895,-6.943202822513633e-05,0.0,0.0,0.0,-0.01838478804354563,0.0,0.0,1.0
1779268303.6674967,-21.69737264371396,-37.9864240307792,-2.1401095619778236,602.8842635895218,6.943208681847358e-05,0.0,0.0,0.0,-0.018287246167908493,0.0,0.0,1.0
1779268303.6777332,-21.780300566769693,-38.11599888795811,-2.140109562057849,604.7999010621337,-6.943214688118446e-05,0.0,0.0,0.0,-0.018234771569492835,0.0,0.0,1.0
1779268303.6884181,-21.777898342510774,-38.11224540292386,-2.1401095621382793,606.4720414960248,6.943220298531204e-05,0.0,0.0,0.0,-0.018169813564476625,0.0,0.0,1.0
1779268303.698741,-21.893066853516714,-38.292196174543854,-2.1401095622169897,608.5321361032164,-6.9432261482965e-05,0.0,0.0,0.0,-0.018171688714237678,0.0,0.0,1.0
1779268303.7090614,-22.006846538771146,-38.469976906434894,-2.1401095622946373,610.5920698240659,6.943231662578613e-05,0.0,0.0,0.0,-0.01808222149911418,0.0,0.0,1.0
1779268303.7194273,-22.063851213973333,-38.55904669403867,-2.140109562370447,612.4522516582203,-6.943237327643225e-05,0.0,0.0,0.0,-0.017994693607117345,0.0,0.0,1.0
1779268303.729881,-22.11615425332456,-38.64077017653554,-2.1401095624458546,614.3160179487846,6.94324289379882e-05,0.0,0.0,0.0,-0.01795115898536556,0.0,0.0,1.0
1779268303.740387,-22.195598037688754,-38.764901069157524,-2.1401095625211743,616.2945635865403,-6.943248482644415e-05,0.0,0.0,0.0,-0.017911399804682253,0.0,0.0,1.0
1779268303.7506614,-22.28418046472562,-38.903311224237875,-2.1401095623918316,618.2730902902417,6.943253918877769e-05,0.0,0.0,0.0,-0.01785134466921991,0.0,0.0,1.0
1779268303.7610023,-22.34347108468343,-38.99595292188094,-2.140109562287327,620.1552916803727,-6.94325911001496e-05,0.0,0.0,0.0,-0.01778485485842345,0.0,0.0,1.0
1779268303.7714572,-22.464423686358003,-39.1849414453182,-2.1401095622064763,622.2960488908767,6.943264975351204e-05,0.0,0.0,0.0,-0.017740627477517104,0.0,0.0,1.0
1779268303.7821689,-22.476017849345375,-39.2030574155673,-2.1401095621432336,624.078052686019,-6.943269920805645e-05,0.0,0.0,0.0,-0.017651081307481123,0.0,0.0,1.0
1779268303.7920556,-22.64094706965038,-39.460759372397575,-2.140109562106022,626.2969392942106,6.943275303855752e-05,0.0,0.0,0.0,-0.017642545626577296,0.0,0.0,1.0
1779268303.8023932,-22.70621605254809,-39.56274221814651,-2.1401095620809096,628.2254116605657,-6.943280891163858e-05,0.0,0.0,0.0,-0.017522003601567804,0.0,0.0,1.0
1779268303.8129685,-22.7470391961102,-39.626528436842314,-2.1401095620697936,630.1087898364343,6.94328615847164e-05,0.0,0.0,0.0,-0.017474754088280628,0.0,0.0,1.0
1779268303.8233616,-22.850157090164316,-39.78765018506783,-2.1401095620736683,632.1988194040674,-6.943291610316168e-05,0.0,0.0,0.0,-0.017445330784812044,0.0,0.0,1.0
1779268303.8337796,-22.93857840128488,-39.92580851816267,-2.140109562089011,634.2445001409493,6.943296540721878e-05,0.0,0.0,0.0,-0.017371446979698092,0.0,0.0,1.0
1779268303.843938,-23.003199337641167,-40.026778762212004,-2.1401095621132695,636.1597062920035,-6.943302031588864e-05,0.0,0.0,0.0,-0.0173085895946359,0.0,0.0,1.0
1779268303.8544192,-23.06119429688256,-40.11739591409337,-2.14010956214751,638.1145127561606,6.943306600923696e-05,0.0,0.0,0.0,-0.017262938384341953,0.0,0.0,1.0
1779268303.8647904,-23.14708018053518,-40.251592625852616,-2.140109562190192,640.1583415835253,-6.943312176846702e-05,0.0,0.0,0.0,-0.01722217252826769,0.0,0.0,1.0
1779268303.8752937,-23.253422311178053,-40.41775221644828,-2.140109562241437,642.307259542125,6.943317046392585e-05,0.0,0.0,0.0,-0.017162153689107167,0.0,0.0,1.0
1779268303.8854392,-23.337898349119783,-40.54974603576762,-2.140109562296377,644.3170480279113,-6.943322553893918e-05,0.0,0.0,0.0,-0.017088416393157113,0.0,0.0,1.0
1779268303.8959694,-23.361299314244995,-40.58631006056758,-2.1401095623576123,646.1727224146483,6.943327512287417e-05,0.0,0.0,0.0,-0.017030290820534703,0.0,0.0,1.0
1779268303.9060287,-23.51156129261294,-40.82109439518679,-2.1401095624238913,648.4237350776986,-6.94333294457727e-05,0.0,0.0,0.0,-0.017014259235649414,0.0,0.0,1.0
1779268303.9163826,-23.5907070014215,-40.94475956725328,-2.1401095624946858,650.4656165666152,6.943338116362544e-05,0.0,0.0,0.0,-0.01691203098297823,0.0,0.0,1.0
1779268303.927342,-23.64611927924911,-41.031341255216425,-2.1401095625736506,652.5343925647409,-6.943343326104307e-05,0.0,0.0,0.0,-0.016858677695271922,0.0,0.0,1.0
1779268303.937781,-23.750366335167648,-41.19422727347304,-2.1401095626531395,654.69816089846,6.943348432158716e-05,0.0,0.0,0.0,-0.016821523305489743,0.0,0.0,1.0
1779268303.9480932,-23.827345600611412,-41.31450728847843,-2.140109562850908,656.7430898065282,-6.943353511339372e-05,0.0,0.0,0.0,-0.016752066475759424,0.0,0.0,1.0
1779268303.9585567,-23.88530363165311,-41.40506663356725,-2.1401095630379547,658.7503600506886,6.943358604685545e-05,0.0,0.0,0.0,-0.016701143810323213,0.0,0.0,1.0
1779268303.9688764,-23.980747956528525,-41.55419831421984,-2.140109563211261,660.877102001449,-6.94336353047995e-05,0.0,0.0,0.0,-0.016663007576937342,0.0,0.0,1.0
1779268303.9790545,-24.034875676361573,-41.638772812339944,-2.140109563370477,662.8284058695078,6.943368447505556e-05,0.0,0.0,0.0,-0.01660058367028318,0.0,0.0,1.0
1779268303.9895165,-24.144322168370252,-41.809782886737615,-2.1401095635262526,665.0436481422947,-6.943373601832541e-05,0.0,0.0,0.0,-0.016565389460438278,0.0,0.0,1.0
1779268304.000028,-24.22449055759602,-41.9350459345216,-2.1401095636732617,667.16448444089,6.943378155559129e-05,0.0,0.0,0.0,-0.016494680658745185,0.0,0.0,1.0
1779268304.010245,-24.32875374485992,-42.097957105859436,-2.1401095638086596,669.3271618307034,-6.943383053372331e-05,0.0,0.0,0.0,-0.016443268816274545,0.0,0.0,1.0
1779268304.02052,-24.402968012175958,-42.21391684784782,-2.1401095639373464,671.3938018120671,6.943387734487361e-05,0.0,0.0,0.0,-0.016376882404445903,0.0,0.0,1.0
1779268304.030828,-24.44745004079689,-42.28341997471446,-2.1401095640595345,673.3614926066442,-6.943392496442876e-05,0.0,0.0,0.0,-0.016329954176418714,0.0,0.0,1.0
1779268304.0412123,-24.573755501255057,-42.48077220350702,-2.140109564178644,675.6535872552033,6.94339711549261e-05,0.0,0.0,0.0,-0.016301955240313578,0.0,0.0,1.0
1779268304.0518718,-24.645175407252257,-42.59236576443256,-2.1401095642930663,677.7725124767704,-6.94340193567523e-05,0.0,0.0,0.0,-0.01622297393916599,0.0,0.0,1.0
1779268304.061723,-24.803356712147792,-42.83952400145237,-2.14010956439735,680.1029816787127,6.94340657524944e-05,0.0,0.0,0.0,-0.0161786512575434,0.0,0.0,1.0
1779268304.0718122,-24.885329076295037,-42.96760578216388,-2.1401095644984727,682.1910202792277,-6.94341124949646e-05,0.0,0.0,0.0,-0.016081341879456264,0.0,0.0,1.0
1779268304.081825,-24.99009372284649,-43.13130050247613,-2.1401095645955808,684.3550261078176,6.943415848361753e-05,0.0,0.0,0.0,-0.0160313732344688,0.0,0.0,1.0
1779268304.0921426,-25.04605411798055,-43.218738588738425,-2.140109564691569,686.4001982502305,-6.943420430493966e-05,0.0,0.0,0.0,-0.015967960984020875,0.0,0.0,1.0
1779268304.1026056,-25.001926197662936,-43.149788699518865,-2.140109564783839,688.1068840665404,6.94342471803897e-05,0.0,0.0,0.0,-0.015934294101679087,0.0,0.0,1.0
1779268304.1127477,-25.15943911883209,-43.39590259471535,-2.1401095648733626,690.5042424261482,-6.943429612621738e-05,0.0,0.0,0.0,-0.015960830346876044,0.0,0.0,1.0
1779268304.1227221,-25.315783676890312,-43.64019092414079,-2.1401095649592046,692.8764218352222,6.943433638563349e-05,0.0,0.0,0.0,-0.015866512657097986,0.0,0.0,1.0
1779268304.132902,-25.427609852618634,-43.814919289070914,-2.140109565043909,695.1263366741216,-6.943438406449265e-05,0.0,0.0,0.0,-0.015773990015006997,0.0,0.0,1.0
1779268304.1429834,-25.509607772008156,-43.94304100944625,-2.1401095651250985,697.2521400558567,6.94344220985796e-05,0.0,0.0,0.0,-0.015708471636922825,0.0,0.0,1.0
1779268304.1534915,-25.590067502218307,-44.068759313388156,-2.140109565203068,699.4592659762353,-6.943445538579606e-05,0.0,0.0,0.0,-0.015660774140870904,0.0,0.0,1.0
1779268304.1635938,-25.66991207495268,-44.193516434776406,-2.1401095652765085,701.5929754246262,6.943449521699057e-05,0.0,0.0,0.0,-0.01561425202148221,0.0,0.0,1.0
1779268304.1736667,-25.766654781407198,-44.344676887761004,-2.140109565348886,703.7895707751974,-6.943452703418249e-05,0.0,0.0,0.0,-0.015568357910230155,0.0,0.0,1.0
1779268304.184644,-25.787319784962882,-44.37696594184321,-2.1401095654259037,705.8824718873556,6.943456572734531e-05,0.0,0.0,0.0,-0.01551311091697309,0.0,0.0,1.0
1779268304.1950095,-25.91532943264342,-44.57698098577593,-2.140109565498829,708.265039786992,-6.943460018356802e-05,0.0,0.0,0.0,-0.015501360474478094,0.0,0.0,1.0
1779268304.2051165,-25.993860656932508,-44.699686001796024,-2.140109565568061,710.4185517574602,6.943463335997975e-05,0.0,0.0,0.0,-0.015428966938373955,0.0,0.0,1.0
1779268304.2156708,-26.080838315533004,-44.83558856989018,-2.1401095656398628,712.6963471323282,-6.943467388027333e-05,0.0,0.0,0.0,-0.015384888581785954,0.0,0.0,1.0
1779268304.2262812,-26.13102057696873,-44.91399833616385,-2.140109565710594,714.8554559721024,6.943470667276992e-05,0.0,0.0,0.0,-0.015336362267882951,0.0,0.0,1.0
1779268304.2365196,-26.247447393071837,-45.09591520875589,-2.1401095657787588,717.1945576676468,-6.943474443239591e-05,0.0,0.0,0.0,-0.015308503676101847,0.0,0.0,1.0
1779268304.2472715,-26.290228428452203,-45.16276056086791,-2.140109565848691,719.3659864566072,6.943477733366255e-05,0.0,0.0,0.0,-0.015244257568721659,0.0,0.0,1.0
1779268304.2577412,-26.41271667652906,-45.35414842009045,-2.1401095659169798,721.7849791514448,-6.943481540203994e-05,0.0,0.0,0.0,-0.015220785544996037,0.0,0.0,1.0
1779268304.2682407,-26.504848990480674,-45.49810513738331,-2.140109565984355,724.1038638819821,6.943485200748896e-05,0.0,0.0,0.0,-0.015153979617621181,0.0,0.0,1.0
1779268304.2787495,-26.598726934098163,-45.64478940087719,-2.1401095660511182,726.4374212081448,-6.943488982301651e-05,0.0,0.0,0.0,-0.015104115043226996,0.0,0.0,1.0
1779268304.2891705,-26.677171481640404,-45.76735898576117,-2.1401095661163727,728.7025744840585,6.943492422678004e-05,0.0,0.0,0.0,-0.01505364197275109,0.0,0.0,1.0
1779268304.2996027,-26.68985871769889,-45.78718278249697,-2.140109566179994,730.7299484977352,-6.943496270233254e-05,0.0,0.0,0.0,-0.015011724482225342,0.0,0.0,1.0
1779268304.3094895,-26.904194049325,-46.1220816955463,-2.140109566242318,733.4079307515401,6.943499654409166e-05,0.0,0.0,0.0,-0.015004966860543494,0.0,0.0,1.0
1779268304.3197699,-26.992193802307728,-46.259581287759836,-2.140109566304998,735.6979985019145,-6.94350365483329e-05,0.0,0.0,0.0,-0.014891717488979743,0.0,0.0,1.0
1779268304.330061,-27.077623416493758,-46.39306503860763,-2.1401095663671557,737.9872369291704,6.943506805295719e-05,0.0,0.0,0.0,-0.014845713938697963,0.0,0.0,1.0
1779268304.3406985,-27.137525643674678,-46.486662251353735,-2.1401095664306613,740.2578838518863,-6.943510492881487e-05,0.0,0.0,0.0,-0.014801324959695616,0.0,0.0,1.0
1779268304.3508048,-27.245388104454605,-46.65519724579598,-2.1401095665856835,742.6056444192367,6.943514085408468e-05,0.0,0.0,0.0,-0.014770357864560296,0.0,0.0,1.0
1779268304.3610275,-27.318520917831744,-46.769467178978836,-2.1401095667291163,744.8535522989827,-6.943517775724107e-05,0.0,0.0,0.0,-0.014714922225113579,0.0,0.0,1.0
1779268304.3712597,-27.371789921133885,-46.85269991945293,-2.1401095668606076,747.0356676834091,6.943521265556667e-05,0.0,0.0,0.0,-0.014677571737021534,0.0,0.0,1.0
1779268304.3819754,-27.381954761184552,-46.86858241574987,-2.1401095669868786,749.1625570443642,-6.943524776557523e-05,0.0,0.0,0.0,-0.014650485150207209,0.0,0.0,1.0
1779268304.391994,-27.666316605179617,-47.312897694587434,-2.140109567097901,752.1751268582376,6.943528320707819e-05,0.0,0.0,0.0,-0.014645327582121188,0.0,0.0,1.0
1779268304.4023092,-27.703514592390768,-47.37101949255942,-2.140109567201244,754.332493885846,-6.943531844504127e-05,0.0,0.0,0.0,-0.014502508956158533,0.0,0.0,1.0
1779268304.412671,-27.82822475886317,-47.565879060467495,-2.1401095672979302,756.8281474538718,6.943535193396454e-05,0.0,0.0,0.0,-0.014484032034146561,0.0,0.0,1.0
1779268304.4231846,-27.9038662748593,-47.68406887393913,-2.1401095673887345,759.1852477605122,-6.943539002551155e-05,0.0,0.0,0.0,-0.014422428679852547,0.0,0.0,1.0
1779268304.433642,-28.028066644793558,-47.87813189269744,-2.140109567472868,761.7160765082926,6.943542345257695e-05,0.0,0.0,0.0,-0.01438531837439915,0.0,0.0,1.0
1779268304.444501,-28.079281142984566,-47.958154501550936,-2.14010956755366,764.0653476888285,-6.943546084608235e-05,0.0,0.0,0.0,-0.014324797196948317,0.0,0.0,1.0
1779268304.4546614,-28.203143547082032,-48.151689456513935,-2.140109567624369,766.5471593762844,6.943549590561985e-05,0.0,0.0,0.0,-0.014299988953115197,0.0,0.0,1.0
1779268304.4648037,-28.302810712002994,-48.30741935716237,-2.140109567690316,768.9398087528629,-6.943553026697339e-05,0.0,0.0,0.0,-0.014240343986560825,0.0,0.0,1.0
1779268304.47512,-28.36329333777207,-48.401923424081666,-2.1401095677531257,771.2300702025186,6.943556522261436e-05,0.0,0.0,0.0,-0.014192709960473872,0.0,0.0,1.0
1779268304.4852014,-28.522864494422866,-48.65125330637736,-2.1401095678113635,773.837958691861,-6.943560176340686e-05,0.0,0.0,0.0,-0.014163958405852849,0.0,0.0,1.0
1779268304.495794,-28.59432223832766,-48.76290599715408,-2.1401095678689708,776.2404597655434,6.943563482191891e-05,0.0,0.0,0.0,-0.01408865935378383,0.0,0.0,1.0
1779268304.505811,-28.744672067043158,-48.99782755989511,-2.1401095679208466,778.8211609276968,-6.943566954421964e-05,0.0,0.0,0.0,-0.014055198386200677,0.0,0.0,1.0
1779268304.5161188,-28.8190063329327,-49.1139748198373,-2.1401095679711317,781.1862477835615,6.943570335924581e-05,0.0,0.0,0.0,-0.013985311602566521,0.0,0.0,1.0
1779268304.5265822,-28.94025556143189,-49.30342670199374,-2.140109568020076,783.7661025656251,-6.943573785397868e-05,0.0,0.0,0.0,-0.013951014969160647,0.0,0.0,1.0
1779268304.5368998,-28.983089909137874,-49.370355348017036,-2.1401095680654887,786.0292865926059,6.943577220421858e-05,0.0,0.0,0.0,-0.013895431979412025,0.0,0.0,1.0
1779268304.5471084,-29.095314587922754,-49.545706375704974,-2.140109568108884,788.5353202469904,-6.943580434350794e-05,0.0,0.0,0.0,-0.013875901541383719,0.0,0.0,1.0
1779268304.5570693,-29.242518576568997,-49.77571261202928,-2.1401095681006472,791.1238923095153,6.943584109841421e-05,0.0,0.0,0.0,-0.013824991789028974,0.0,0.0,1.0
1779268304.5674422,-29.239549585637036,-49.77107359145256,-2.1401095680960904,793.2480578035904,-6.943587381470277e-05,0.0,0.0,0.0,-0.013758777662060264,0.0,0.0,1.0
1779268304.5772774,-29.459868817495135,-50.115322375917245,-2.140109568097477,796.0946972663129,6.94359076241946e-05,0.0,0.0,0.0,-0.01376010702884872,0.0,0.0,1.0
1779268304.5876136,-29.50844069457038,-50.191215946587704,-2.1401095681017437,798.4154142083606,-6.94359401747787e-05,0.0,0.0,0.0,-0.01366216206200078,0.0,0.0,1.0
1779268304.5985813,-29.599525260117765,-50.33353558415933,-2.140109568110633,801.0414001729827,6.94359756094521e-05,0.0,0.0,0.0,-0.013640756299775745,0.0,0.0,1.0
1779268304.6087465,-29.705233605572364,-50.49870487142597,-2.140109568122068,803.5533503376602,-6.94360059870297e-05,0.0,0.0,0.0,-0.013600795219002879,0.0,0.0,1.0
1779268304.6192763,-29.806864457980836,-50.657503074966954,-2.1401095681368414,806.13701517803,6.943604042631024e-05,0.0,0.0,0.0,-0.013554710735049193,0.0,0.0,1.0
1779268304.629928,-29.81907267110614,-50.676578418269266,-2.1401095681537576,808.4211944594012,-6.943607139301324e-05,0.0,0.0,0.0,-0.013510697283839869,0.0,0.0,1.0
1779268304.6400185,-29.976733298545113,-50.92292313143985,-2.140109568172848,811.1312019890718,6.943610407902427e-05,0.0,0.0,0.0,-0.01350542953224374,0.0,0.0,1.0
1779268304.6504712,-30.074808403464274,-51.076165474834966,-2.1401095681942244,813.7047073085769,-6.943613581335945e-05,0.0,0.0,0.0,-0.013437766380137753,0.0,0.0,1.0
1779268304.660853,-30.193473838628226,-51.26158020423439,-2.1401095682173468,816.3476004710511,6.943616864252698e-05,0.0,0.0,0.0,-0.01339601643299597,0.0,0.0,1.0
1779268304.6710525,-30.31290380143089,-51.448189506592115,-2.1401095682415088,818.9585627422482,-6.943620038464188e-05,0.0,0.0,0.0,-0.01334584673160823,0.0,0.0,1.0
1779268304.6813242,-30.39209941712498,-51.57193264753146,-2.140109568266859,821.4424085784128,6.943623165100478e-05,0.0,0.0,0.0,-0.013295731676851934,0.0,0.0,1.0
1779268304.691634,-30.51149160718959,-51.75848292799817,-2.1401095682937497,824.0910772597543,-6.943626336526417e-05,0.0,0.0,0.0,-0.013262706681035949,0.0,0.0,1.0
1779268304.7022114,-30.604308624743506,-51.90350950522681,-2.140109568322282,826.7094678913048,6.943629352916154e-05,0.0,0.0,0.0,-0.013213228322145526,0.0,0.0,1.0
1779268304.712712,-30.661420921552185,-51.992747461641905,-2.140109568351191,829.1841461275001,-6.943632767356336e-05,0.0,0.0,0.0,-0.013175017461177522,0.0,0.0,1.0
1779268304.7231674,-30.804376119495192,-52.21611493543444,-2.140109568381367,831.9767424306405,6.943635786188688e-05,0.0,0.0,0.0,-0.013151615113167252,0.0,0.0,1.0
1779268304.733542,-30.896913952233696,-52.360705284191326,-2.140109568411567,834.5687649118502,-6.943639154887463e-05,0.0,0.0,0.0,-0.013093400479060904,0.0,0.0,1.0
1779268304.7440784,-31.00747570429423,-52.533458003187015,-2.140109568442986,837.2722442626326,6.943642323414293e-05,0.0,0.0,0.0,-0.013055990870689357,0.0,0.0,1.0
1779268304.7548356,-31.105084098656747,-52.68597105935414,-2.1401095685233553,839.9870883715645,-6.943645409700627e-05,0.0,0.0,0.0,-0.013011574097359372,0.0,0.0,1.0
1779268304.7649074,-31.228090503982596,-52.8781685099512,-2.140109568592755,842.6461172011318,6.943648064081703e-05,0.0,0.0,0.0,-0.012972611334582117,0.0,0.0,1.0
1779268304.7751036,-31.343803807356203,-53.05897049293514,-2.140109568658061,845.3119642576905,-6.943651353229707e-05,0.0,0.0,0.0,-0.012923841383823988,0.0,0.0,1.0
1779268304.7852793,-31.43065934651503,-53.19468222748304,-2.1401095687186,847.8732287788989,6.94365442145751e-05,0.0,0.0,0.0,-0.01287829648061005,0.0,0.0,1.0
1779268304.795897,-31.436107871467726,-53.20319551813089,-2.1401095687771794,850.2410733975723,-6.943657640991684e-05,0.0,0.0,0.0,-0.012844320301137139,0.0,0.0,1.0
1779268304.806028,-31.664763732327422,-53.56047023593088,-2.1401095688305007,853.3353763347756,6.943660720141261e-05,0.0,0.0,0.0,-0.01284219481765798,0.0,0.0,1.0
1779268304.816545,-31.775818693620295,-53.73399357008104,-2.1401095688819183,856.0867778754092,-6.943663732788573e-05,0.0,0.0,0.0,-0.012753629622782195,0.0,0.0,1.0
1779268304.8268983,-31.85912274479598,-53.86415611449482,-2.1401095689292706,858.704761909299,6.943666844114947e-05,0.0,0.0,0.0,-0.01271105383439394,0.0,0.0,1.0
1779268304.8371372,-32.00100780214643,-54.085851472826306,-2.1401095689736924,861.5212315509094,-6.943669769868945e-05,0.0,0.0,0.0,-0.012679303133747752,0.0,0.0,1.0
1779268304.8473613,-32.06786307776359,-54.19031281202886,-2.140109569015264,864.0622507816621,6.943672612876815e-05,0.0,0.0,0.0,-0.012625588298838666,0.0,0.0,1.0
1779268304.8574014,-32.20981631899481,-54.4121147110402,-2.140109569054285,866.8456490389224,-6.943675600704054e-05,0.0,0.0,0.0,-0.01260043559436364,0.0,0.0,1.0
1779268304.867849,-32.26782671853528,-54.50275593536191,-2.1401095690926097,869.4203025807259,6.943678413715522e-05,0.0,0.0,0.0,-0.012547359959789513,0.0,0.0,1.0
1779268304.878068,-32.467756287421096,-54.815145838304474,-2.1401095691289402,872.4771180942502,-6.943681325188148e-05,0.0,0.0,0.0,-0.01252579856396877,0.0,0.0,1.0
1779268304.888614,-32.47607675182971,-54.828146549946105,-2.140109569163925,874.9049933197479,6.94368397484988e-05,0.0,0.0,0.0,-0.0124520528463744,0.0,0.0,1.0
1779268304.8985317,-32.66918145744222,-55.12987260757829,-2.140109569196073,877.8785933973581,-6.943686877230425e-05,0.0,0.0,0.0,-0.01244900254582551,0.0,0.0,1.0
1779268304.9088125,-32.77966877265106,-55.30250900770888,-2.1401095692278314,880.6377489807138,6.943689454004207e-05,0.0,0.0,0.0,-0.012378628147675364,0.0,0.0,1.0
1779268304.9191296,-32.917059193020464,-55.51718150564765,-2.1401095692586014,883.5110751098682,-6.943692195676968e-05,0.0,0.0,0.0,-0.012338719138666888,0.0,0.0,1.0
1779268304.929657,-33.01022267702511,-55.66274942383823,-2.1401095692887657,886.2809567839536,6.943694903466545e-05,0.0,0.0,0.0,-0.012289449923912768,0.0,0.0,1.0
1779268304.9402025,-33.11310643893414,-55.82350527518176,-2.1401095693179744,889.0992954306466,-6.943697608632509e-05,0.0,0.0,0.0,-0.0122562640092119,0.0,0.0,1.0
1779268304.9507344,-33.18325565694492,-55.93311339340585,-2.140109569361347,891.7992648266177,6.943700287890482e-05,0.0,0.0,0.0,-0.012219823203773851,0.0,0.0,1.0
1779268304.9610248,-33.30784285795927,-56.12778085300503,-2.1401095694010364,894.651839239036,-6.943702840171451e-05,0.0,0.0,0.0,-0.012195100670929368,0.0,0.0,1.0
1779268304.971232,-33.45128622475361,-56.35191107023329,-2.140109569437981,897.5620137053531,6.943705485261006e-05,0.0,0.0,0.0,-0.012151438408428163,0.0,0.0,1.0
1779268304.9815176,-33.55000391878496,-56.506157433165086,-2.140109569472808,900.332157120925,-6.943708289981511e-05,0.0,0.0,0.0,-0.012101553438714236,0.0,0.0,1.0
1779268304.991928,-33.665563239304134,-56.68671883576989,-2.1401095695060675,903.2028596851088,6.94371086609415e-05,0.0,0.0,0.0,-0.01206745979952903,0.0,0.0,1.0
1779268305.0020952,-33.74853209098151,-56.81635763826035,-2.1401095695365577,905.9008505818998,-6.943713527021713e-05,0.0,0.0,0.0,-0.01202779286233923,0.0,0.0,1.0
1779268305.0123005,-33.8865749334758,-57.03204954272102,-2.140109569565724,908.8197209228721,6.943716108912417e-05,0.0,0.0,0.0,-0.011999473345531123,0.0,0.0,1.0
1779268305.0229132,-34.00235001643835,-57.21294807751044,-2.140109569594362,911.7509796000559,-6.943718680771076e-05,0.0,0.0,0.0,-0.01195264990980022,0.0,0.0,1.0
1779268305.0334604,-34.10227398402726,-57.36907924835833,-2.1401095696214956,914.6294102890056,6.943721209518201e-05,0.0,0.0,0.0,-0.011913660350026936,0.0,0.0,1.0
1779268305.0439181,-34.196647072708224,-57.516537172883545,-2.140109569647085,917.4729037866715,-6.943723563778207e-05,0.0,0.0,0.0,-0.011880212855408018,0.0,0.0,1.0
1779268305.0538692,-34.390296322896056,-57.81911408330733,-2.1401095696705945,920.5666861074733,6.943725836683715e-05,0.0,0.0,0.0,-0.011848795354691096,0.0,0.0,1.0
1779268305.064084,-34.49102285862128,-57.97649926936751,-2.1401095696935113,923.3859666522507,-6.943728797948953e-05,0.0,0.0,0.0,-0.011784845499241144,0.0,0.0,1.0
1779268305.0746026,-34.56923768046665,-58.098709906886064,-2.140109569716174,926.2071192055046,6.943730957977565e-05,0.0,0.0,0.0,-0.011751854092381211,0.0,0.0,1.0
1779268305.084696,-34.68287271997466,-58.27626462905975,-2.140109569737132,929.0611707875604,-6.94373381436525e-05,0.0,0.0,0.0,-0.01172636314216799,0.0,0.0,1.0
1779268305.0949564,-34.80901412510288,-58.47336054566024,-2.1401095697577577,932.0099980169025,6.943736080030094e-05,0.0,0.0,0.0,-0.011689524798190767,0.0,0.0,1.0
1779268305.1051373,-34.942833825412926,-58.68245379762091,-2.1401095697775046,934.9670021835427,-6.94373873789029e-05,0.0,0.0,0.0,-0.01164890219033923,0.0,0.0,1.0
1779268305.1153612,-35.089902999887194,-58.912249350946524,-2.1401095697968406,937.9992441936436,6.943741044096585e-05,0.0,0.0,0.0,-0.011606114299447487,0.0,0.0,1.0
1779268305.1257772,-35.21175090575713,-59.10263667683515,-2.1401095698159462,940.9963556532701,-6.943743610187832e-05,0.0,0.0,0.0,-0.011559450999557241,0.0,0.0,1.0
1779268305.1362808,-35.32770775231859,-59.28381922390016,-2.140109569834668,944.0016776717416,6.94374599648764e-05,0.0,0.0,0.0,-0.011521073319716397,0.0,0.0,1.0
1779268305.1465807,-35.353492753845096,-59.32410827962432,-2.1401095698522328,946.6240932579404,-6.94374841504945e-05,0.0,0.0,0.0,-0.011484786958475797,0.0,0.0,1.0
1779268305.1569698,-35.54828945392321,-59.628478026370104,-2.1401095699267936,949.9113045053649,6.943750907056972e-05,0.0,0.0,0.0,-0.01147674908949211,0.0,0.0,1.0
1779268305.1671221,-35.68139069739041,-59.83644864086703,-2.140109569991627,952.9135434676188,-6.943753301318993e-05,0.0,0.0,0.0,-0.011416387198981963,0.0,0.0,1.0
1779268305.1775599,-35.82929701630414,-60.067552187128626,-2.1401095700513664,956.0546594708336,6.94375579476195e-05,0.0,0.0,0.0,-0.011375506663395681,0.0,0.0,1.0
1779268305.187804,-35.92796515958963,-60.22172109886594,-2.1401095701035056,958.968965972071,-6.943758148320303e-05,0.0,0.0,0.0,-0.01133042095073766,0.0,0.0,1.0
1779268305.1980443,-36.03597689151544,-60.390489370670736,-2.140109570150086,961.9260426252034,6.94376062213382e-05,0.0,0.0,0.0,-0.011300542440444608,0.0,0.0,1.0
1779268305.2083683,-36.144434862513336,-60.559954894689845,-2.140109570192019,964.9148498419579,-6.943762891293287e-05,0.0,0.0,0.0,-0.011268014663142017,0.0,0.0,1.0
1779268305.2186382,-36.261189858356246,-60.74238452240388,-2.140109570229207,967.92778189192,6.94376527801829e-05,0.0,0.0,0.0,-0.011235540349742227,0.0,0.0,1.0
1779268305.228823,-36.38133463058463,-60.93011067863992,-2.140109570262077,970.9375419567388,-6.943767657900055e-05,0.0,0.0,0.0,-0.01120079029343461,0.0,0.0,1.0
1779268305.2393732,-36.49569088529823,-61.108792279244945,-2.1401095702924926,974.0329267049697,6.943769840527806e-05,0.0,0.0,0.0,-0.011165254992059483,0.0,0.0,1.0
1779268305.2498286,-36.65577611329159,-61.35892539536117,-2.140109570319288,977.2823193423063,-6.943772181276873e-05,0.0,0.0,0.0,-0.011131640533590816,0.0,0.0,1.0
1779268305.260149,-36.73757124709858,-61.486730256183286,-2.140109570342707,980.2107858827395,6.943774513357799e-05,0.0,0.0,0.0,-0.01108492280719767,0.0,0.0,1.0
1779268305.270374,-36.87048445279006,-61.694407097420964,-2.140109570363362,983.3128004003391,-6.943776722797827e-05,0.0,0.0,0.0,-0.01106120348348352,0.0,0.0,1.0
1779268305.2808635,-36.843398058935115,-61.65208459472615,-2.140109570382127,985.8976979461884,6.943778994267065e-05,0.0,0.0,0.0,-0.011022876457356069,0.0,0.0,1.0
1779268305.290905,-37.16256953546079,-62.15078995439524,-2.1401095703981836,989.6630749341508,-6.943781211969221e-05,0.0,0.0,0.0,-0.011030665489692497,0.0,0.0,1.0
1779268305.301262,-37.26651120317696,-62.31319877774053,-2.1401095704128337,992.7175254778934,6.943783320155017e-05,0.0,0.0,0.0,-0.010939576392564687,0.0,0.0,1.0
1779268305.3118973,-37.36018836840587,-62.45956931889418,-2.140109570426141,995.8168888581177,-6.943785483229892e-05,0.0,0.0,0.0,-0.010910236000842411,0.0,0.0,1.0
1779268305.3223028,-37.42125753104225,-62.554989863461714,-2.1401095704376094,998.7446433749227,6.943787660151615e-05,0.0,0.0,0.0,-0.010883927531491474,0.0,0.0,1.0
1779268305.3323257,-37.62103653913088,-62.86714451798554,-2.140109570447363,1002.0909408989482,-6.943789769107042e-05,0.0,0.0,0.0,-0.01086684494020198,0.0,0.0,1.0
1779268305.342991,-37.54261916700629,-62.74461737917261,-2.1401095704564796,1004.5761866031658,6.943791952476524e-05,0.0,0.0,0.0,-0.010811334438810855,0.0,0.0,1.0
1779268305.3529463,-37.93146693802004,-63.35219179773936,-2.1401095705984616,1008.6248383993576,-6.943794077159416e-05,0.0,0.0,0.0,-0.010833055670155156,0.0,0.0,1.0
1779268305.3635504,-38.02101111261434,-63.492104407525225,-2.140109570730467,1011.7455728111504,6.943796201577406e-05,0.0,0.0,0.0,-0.01072619405100981,0.0,0.0,1.0
1779268305.3736696,-38.20082314974155,-63.77306055805636,-2.140109570838719,1015.0762649756895,-6.943798253185188e-05,0.0,0.0,0.0,-0.010701883373509042,0.0,0.0,1.0
1779268305.3839278,-38.253925044152695,-63.85603214505032,-2.1401095709335225,1017.9829334176316,6.943800355650263e-05,0.0,0.0,0.0,-0.010653397401681345,0.0,0.0,1.0
1779268305.3941336,-38.44299818878627,-64.1514587982572,-2.140109571013848,1021.3892760528755,-6.943802304098509e-05,0.0,0.0,0.0,-0.01063916219939132,0.0,0.0,1.0
1779268305.4046843,-38.39387801168227,-64.07470843741773,-2.1401095710848725,1024.0136818475487,6.943804443450684e-05,0.0,0.0,0.0,-0.01058878516697461,0.0,0.0,1.0
1779268305.4150846,-38.61467413417206,-64.41970225675307,-2.140109571142706,1027.6110693605538,-6.943806357260265e-05,0.0,0.0,0.0,-0.010601826490496642,0.0,0.0,1.0
1779268305.425454,-38.81383221203072,-64.73088664444225,-2.140109571190322,1031.1269040639013,6.943808482738754e-05,0.0,0.0,0.0,-0.010543454569473611,0.0,0.0,1.0
1779268305.4360158,-38.90869669869015,-64.87911232175327,-2.140109571230038,1034.3180515563356,-6.943810382499162e-05,0.0,0.0,0.0,-0.010491351644509414,0.0,0.0,1.0
1779268305.4462273,-38.970083378776074,-64.97502894177521,-2.1401095712606923,1037.2957112005004,6.943812443902474e-05,0.0,0.0,0.0,-0.01046671406963906,0.0,0.0,1.0
1779268305.4564989,-39.17256798582627,-65.2914110527273,-2.1401095712840243,1040.8225190207345,-6.943814434202384e-05,0.0,0.0,0.0,-0.010450832636602132,0.0,0.0,1.0
1779268305.46734,-39.24804671389302,-65.40934650427006,-2.140109571302485,1044.0476008127464,6.943816390828912e-05,0.0,0.0,0.0,-0.01039878796461156,0.0,0.0,1.0
1779268305.4778008,-39.4114496696268,-65.66466355246894,-2.1401095713140967,1047.5029838802052,-6.943818213605784e-05,0.0,0.0,0.0,-0.010379519893590903,0.0,0.0,1.0
1779268305.4879744,-39.58100208199919,-65.92958913121053,-2.1401095713204645,1050.9072730697687,6.94382022691718e-05,0.0,0.0,0.0,-0.010338050512911031,0.0,0.0,1.0
1779268305.4984715,-39.656190510047566,-66.04707100482698,-2.140109571322977,1054.061120435387,-6.9438221474046e-05,0.0,0.0,0.0,-0.0102953693064169,0.0,0.0,1.0
1779268305.5090497,-39.75771004955303,-66.2056952388441,-2.1401095713213096,1057.348014941363,6.94382408869479e-05,0.0,0.0,0.0,-0.010276554723814328,0.0,0.0,1.0
1779268305.5190883,-39.929406443695754,-66.47397080006408,-2.1401095713160925,1060.746245931059,-6.943826053657952e-05,0.0,0.0,0.0,-0.010251260116021224,0.0,0.0,1.0
1779268305.5294557,-40.03268307363973,-66.63534049442973,-2.140109571307934,1063.9951149816802,6.943827918710942e-05,0.0,0.0,0.0,-0.010208762494786913,0.0,0.0,1.0
1779268305.5394027,-40.25347344171503,-66.98032538646243,-2.1401095712970037,1067.5667075108242,-6.943829891088786e-05,0.0,0.0,0.0,-0.010183369098206323,0.0,0.0,1.0
1779268305.5495136,-40.38094850547563,-67.17950505183636,-2.140109571355949,1070.84582850437,6.943831666474844e-05,0.0,0.0,0.0,-0.01012950323453195,0.0,0.0,1.0
1779268305.5601087,-40.48428362106234,-67.34096605895388,-2.1401095714057776,1074.1883961866786,-6.943833618459647e-05,0.0,0.0,0.0,-0.010098661691963634,0.0,0.0,1.0
1779268305.570189,-40.67043777141073,-67.63183180711674,-2.1401095714422014,1077.69617082819,6.94383545679911e-05,0.0,0.0,0.0,-0.010073798026875715,0.0,0.0,1.0
1779268305.5804927,-40.73059170779933,-67.72582225115816,-2.1401095714708616,1080.808600600467,-6.943837292130146e-05,0.0,0.0,0.0,-0.010029314943747586,0.0,0.0,1.0
1779268305.5904553,-40.95113810084193,-68.07042588918809,-2.1401095714896106,1084.4276672838123,6.943839228140141e-05,0.0,0.0,0.0,-0.010015024341526681,0.0,0.0,1.0
1779268305.601445,-40.893194881056445,-67.97988956043505,-2.140109571503845,1087.2842670029581,-6.943841081613836e-05,0.0,0.0,0.0,-0.009962976966732913,0.0,0.0,1.0
1779268305.6110985,-41.237312185721805,-68.51757273927075,-2.1401095715079235,1091.3259090466033,6.943842966400179e-05,0.0,0.0,0.0,-0.00997659841951228,0.0,0.0,1.0
1779268305.621725,-41.301205246690074,-68.61740559065166,-2.140109571508058,1094.586714852308,-6.943844771788537e-05,0.0,0.0,0.0,-0.009896242667989158,0.0,0.0,1.0
1779268305.6317403,-41.508336325316606,-68.94104782600712,-2.1401095715021903,1098.2062339015158,6.943846566276704e-05,0.0,0.0,0.0,-0.00988146493557086,0.0,0.0,1.0
1779268305.6417978,-41.66260482579337,-69.18209229703052,-2.1401095714921348,1101.650348401702,-6.943848346242735e-05,0.0,0.0,0.0,-0.009833860237609647,0.0,0.0,1.0
1779268305.6522455,-41.74017172647818,-69.30329053544186,-2.1401095714779212,1104.9355199607808,6.943850125636691e-05,0.0,0.0,0.0,-0.00979870177152408,0.0,0.0,1.0
1779268305.6626704,-41.796797526262054,-69.39176831150432,-2.1401095714601364,1108.1459543018034,-6.943851928169819e-05,0.0,0.0,0.0,-0.009781118674366767,0.0,0.0,1.0
1779268305.6729455,-42.00490422971683,-69.71693497546782,-2.1401095714383738,1111.8788737591008,6.943853680075972e-05,0.0,0.0,0.0,-0.009768322338461904,0.0,0.0,1.0
1779268305.6834688,-42.1440778403912,-69.93439369721344,-2.140109571413434,1115.44505175767,-6.943855440766474e-05,0.0,0.0,0.0,-0.009721580759731107,0.0,0.0,1.0
1779268305.6939163,-42.33567674135179,-70.23376692835232,-2.1401095713856555,1119.1941256621399,6.94385708138813e-05,0.0,0.0,0.0,-0.009690570566032779,0.0,0.0,1.0
1779268305.7046847,-42.34932777639247,-70.25509665385279,-2.1401095713557616,1122.3896264988969,-6.943858880952342e-05,0.0,0.0,0.0,-0.009648201374210186,0.0,0.0,1.0
1779268305.715129,-42.527986648743486,-70.53425109753539,-2.140109571323732,1126.1108576142744,6.943860534425189e-05,0.0,0.0,0.0,-0.009645196721552028,0.0,0.0,1.0
1779268305.7258024,-42.60950366690216,-70.66162141372311,-2.140109571289769,1129.551218692886,-6.943862256479181e-05,0.0,0.0,0.0,-0.009606045770127693,0.0,0.0,1.0
1779268305.7357883,-42.83969224067549,-71.0212910106222,-2.140109571255795,1133.339612166907,6.94386385217966e-05,0.0,0.0,0.0,-0.009588287646252022,0.0,0.0,1.0
1779268305.7465158,-42.92538673040658,-71.15518862881129,-2.140109571218634,1136.8314998625158,-6.943865632179938e-05,0.0,0.0,0.0,-0.00953849476205525,0.0,0.0,1.0
1779268305.7570484,-43.07404597191135,-71.38746874431997,-2.1401095711132214,1140.5069610072171,6.943867269336311e-05,0.0,0.0,0.0,-0.009520089688987751,0.0,0.0,1.0
1779268305.7674007,-43.23797941587761,-71.64361478965147,-2.1401095710175286,1144.1935842889538,-6.943868930589854e-05,0.0,0.0,0.0,-0.009488329530369396,0.0,0.0,1.0
1779268305.7776916,-43.37050736478149,-71.85068974780515,-2.140109570929587,1147.7541073526936,6.943870553782042e-05,0.0,0.0,0.0,-0.009453550832446193,0.0,0.0,1.0
1779268305.7881603,-43.553903154533,-72.1372456931837,-2.1401095708460933,1151.5690257785639,-6.943872204627483e-05,0.0,0.0,0.0,-0.009425620661332727,0.0,0.0,1.0
1779268305.7982945,-43.703346268945474,-72.37075058245627,-2.1401095707712314,1155.1598323769906,6.943873845175e-05,0.0,0.0,0.0,-0.009387241110607463,0.0,0.0,1.0
1779268305.80872,-43.85301949160723,-72.6046150126509,-2.1401095706990922,1158.8539740577542,-6.943875492207659e-05,0.0,0.0,0.0,-0.009356197215950008,0.0,0.0,1.0
1779268305.8192637,-43.97089383833308,-72.78879370114781,-2.140109570630979,1162.4772381088876,6.94387711760016e-05,0.0,0.0,0.0,-0.009325310601646339,0.0,0.0,1.0
1779268305.8295412,-44.05653350511482,-72.92260570296479,-2.1401095705692863,1165.8936772582354,-6.943878758029129e-05,0.0,0.0,0.0,-0.009301129176195352,0.0,0.0,1.0
1779268305.839467,-44.34122269758987,-73.3674325481898,-2.1401095705120596,1169.9609555669556,6.94388027759649e-05,0.0,0.0,0.0,-0.009283639073047764,0.0,0.0,1.0
1779268305.8499227,-44.46132805392749,-73.555097178118,-2.1401095704556643,1173.5933822345958,-6.943881905608867e-05,0.0,0.0,0.0,-0.00922596681148897,0.0,0.0,1.0
1779268305.8599687,-44.64867071616044,-73.84782008236158,-2.1401095704042152,1177.356404800406,6.943883468231747e-05,0.0,0.0,0.0,-0.009201850270748192,0.0,0.0,1.0
1779268305.8700874,-44.80432693350616,-74.09103292003783,-2.1401095703551225,1181.0321582203317,-6.943885104958979e-05,0.0,0.0,0.0,-0.009164483418020102,0.0,0.0,1.0
1779268305.880402,-44.880070486419335,-74.20938223229086,-2.1401095703078004,1184.483404351148,6.94388665430532e-05,0.0,0.0,0.0,-0.009133666678490785,0.0,0.0,1.0
1779268305.8905149,-45.093103240246734,-74.54224589375981,-2.140109570263015,1188.391046262617,-6.943888232431873e-05,0.0,0.0,0.0,-0.009118745865056259,0.0,0.0,1.0
1779268305.900639,-45.234841362872245,-74.76371170512796,-2.1401095702204063,1192.0460597382012,6.943889716537027e-05,0.0,0.0,0.0,-0.009077040311025254,0.0,0.0,1.0
1779268305.9109347,-45.3440987699173,-74.9344264030085,-2.1401095701789523,1195.646087959211,-6.943891258089264e-05,0.0,0.0,0.0,-0.009049502838905573,0.0,0.0,1.0
1779268305.9210515,-45.53508908026431,-75.23284874582714,-2.1401095701395385,1199.502114650973,6.943892745997855e-05,0.0,0.0,0.0,-0.009028389617705888,0.0,0.0,1.0
1779268305.9312654,-45.64193898089568,-75.39980171248233,-2.1401095701015413,1203.084791637364,-6.943894245939236e-05,0.0,0.0,0.0,-0.00899171769211863,0.0,0.0,1.0
1779268305.9412646,-45.862354103310196,-75.74420031630277,-2.1401095700652197,1207.0314263847035,6.943895749709849e-05,0.0,0.0,0.0,-0.008971331167433556,0.0,0.0,1.0
1779268305.9516783,-45.882455560294616,-75.77560886430672,-2.14010957002097,1210.376748066046,-6.943897228950209e-05,0.0,0.0,0.0,-0.008929567458408307,0.0,0.0,1.0
1779268305.9618533,-46.18481041207907,-76.24803828839883,-2.140109569978899,1214.7063499769718,6.943898670217749e-05,0.0,0.0,0.0,-0.008925778080140508,0.0,0.0,1.0
1779268305.9719384,-46.33306751799623,-76.47969001020573,-2.140109569939725,1218.4414659889953,-6.943900057848954e-05,0.0,0.0,0.0,-0.008869165006434936,0.0,0.0,1.0
1779268305.9827178,-46.352653403253065,-76.51029297244486,-2.1401095699000687,1221.9372657068143,6.943901480350792e-05,0.0,0.0,0.0,-0.008841666849336334,0.0,0.0,1.0
1779268305.9928293,-46.59840380519671,-76.89427794869414,-2.1401095698639616,1226.0612238965089,-6.943902962204849e-05,0.0,0.0,0.0,-0.00883804691847548,0.0,0.0,1.0
1779268306.003327,-46.74284594191434,-77.11996877798711,-2.1401095698281876,1229.9502392302682,6.943904386938371e-05,0.0,0.0,0.0,-0.008792876551573018,0.0,0.0,1.0
1779268306.0135567,-46.871729824179745,-77.32134983582158,-2.1401095697947956,1233.7042933216949,-6.943905769142889e-05,0.0,0.0,0.0,-0.00876654202284562,0.0,0.0,1.0
1779268306.024032,-47.040682794508676,-77.5853388358452,-2.1401095697616594,1237.6992875645979,6.943907099637148e-05,0.0,0.0,0.0,-0.008743176856425392,0.0,0.0,1.0
1779268306.0342429,-47.11893253826444,-77.70760405917886,-2.1401095697308574,1241.2779711057033,-6.943908585120952e-05,0.0,0.0,0.0,-0.008712735581240498,0.0,0.0,1.0
1779268306.0453658,-47.0658768271316,-77.62470453275354,-2.1401095696988963,1244.6610897664048,6.943909647289557e-05,0.0,0.0,0.0,-0.008698708562732983,0.0,0.0,1.0
1779268306.0553813,-47.556761695031184,-78.39171206211422,-2.1401095696692143,1249.7486097524752,-6.94391141522519e-05,0.0,0.0,0.0,-0.008708214415988262,0.0,0.0,1.0
1779268306.0663908,-47.419338757568326,-78.17698875781281,-2.1401095696396135,1252.8169057611308,6.943912513913744e-05,0.0,0.0,0.0,-0.008621049195255151,0.0,0.0,1.0
1779268306.076297,-47.84914835119223,-78.84856618058515,-2.140109569612153,1257.65011280632,-6.943914146953885e-05,0.0,0.0,0.0,-0.00864527472942195,0.0,0.0,1.0
1779268306.0869906,-47.919646061236904,-78.95871884939785,-2.1401095695842494,1261.4174125469565,6.943915331484722e-05,0.0,0.0,0.0,-0.008569955035363303,0.0,0.0,1.0
1779268306.0973804,-48.136322265760626,-79.29727538902421,-2.1401095695574117,1265.639837481325,-6.943916850390776e-05,0.0,0.0,0.0,-0.008557726142280817,0.0,0.0,1.0
1779268306.1073804,-48.35093604881909,-79.63260939469957,-2.140109569532239,1269.7276653700544,6.943917976584712e-05,0.0,0.0,0.0,-0.008520357840806698,0.0,0.0,1.0
1779268306.1179202,-48.47406624444335,-79.82500031128957,-2.1401095695064125,1273.6718472731318,-6.943919428825248e-05,0.0,0.0,0.0,-0.008483665502079445,0.0,0.0,1.0
1779268306.1280885,-48.656780494125485,-80.11049130110406,-2.1401095694818983,1277.7216044608463,6.94392069462408e-05,0.0,0.0,0.0,-0.008462756339876532,0.0,0.0,1.0
1779268306.1387334,-48.74980201548955,-80.25583741884411,-2.140109569456881,1281.6145934665738,-6.943922069009337e-05,0.0,0.0,0.0,-0.008431918229831206,0.0,0.0,1.0
1779268306.1493332,-48.865288581783936,-80.43628533306443,-2.1401095693107006,1285.5866074412786,6.943923275518838e-05,0.0,0.0,0.0,-0.008416304432035426,0.0,0.0,1.0
1779268306.159629,-49.03091792606384,-80.69508130606182,-2.1401095691851615,1289.650041809071,-6.943924664540871e-05,0.0,0.0,0.0,-0.008397000587065221,0.0,0.0,1.0
1779268306.1698215,-49.23357378580198,-81.01173118600094,-2.140109569074994,1293.825639025845,6.943925851023442e-05,0.0,0.0,0.0,-0.00836946903507749,0.0,0.0,1.0
1779268306.180581,-49.28852301928309,-81.0975894812323,-2.1401095689723277,1297.65620632155,-6.943927216288077e-05,0.0,0.0,0.0,-0.00833602723142407,0.0,0.0,1.0
1779268306.1909578,-49.54463798277003,-81.49776917668255,-2.140109568884954,1302.1199286813523,6.94392845902172e-05,0.0,0.0,0.0,-0.008327005889751465,0.0,0.0,1.0
1779268306.2011888,-49.74184258284194,-81.80590142682986,-2.140109568809151,1306.322117642809,-6.943929729093208e-05,0.0,0.0,0.0,-0.008285212918914304,0.0,0.0,1.0
1779268306.2113206,-49.94453550981856,-82.12260917592796,-2.140109568743084,1310.5169023360625,6.943930938805784e-05,0.0,0.0,0.0,-0.00825331774471543,0.0,0.0,1.0
1779268306.2215579,-50.0373372740987,-82.26761199459749,-2.140109568684358,1314.3521160719795,-6.943932186772943e-05,0.0,0.0,0.0,-0.00822078975174757,0.0,0.0,1.0
1779268306.2320468,-50.21801697165194,-82.54992406225631,-2.1401095686315923,1318.6151317219812,6.943933408657969e-05,0.0,0.0,0.0,-0.008205982514467898,0.0,0.0,1.0
1779268306.242394,-50.444890947591134,-82.90441467336035,-2.1401095685862495,1323.0110518154718,-6.943934661635093e-05,0.0,0.0,0.0,-0.00817730592705371,0.0,0.0,1.0
1779268306.2526865,-50.49854546270583,-82.98824990022669,-2.1401095685470026,1326.7553632181268,6.943935919370784e-05,0.0,0.0,0.0,-0.008141580109281886,0.0,0.0,1.0
1779268306.2633262,-50.616463321062824,-83.1724965854194,-2.1401095685118827,1330.8731074935636,-6.943937127494002e-05,0.0,0.0,0.0,-0.008133176844537456,0.0,0.0,1.0
1779268306.273444,-50.93480911166448,-83.66991187195258,-2.140109568483244,1335.5642666049453,6.943938356685391e-05,0.0,0.0,0.0,-0.008114769393131955,0.0,0.0,1.0
1779268306.2840137,-51.063843229370995,-83.87152769970189,-2.140109568457504,1339.7234740209115,-6.943939571293816e-05,0.0,0.0,0.0,-0.008065487617436126,0.0,0.0,1.0
1779268306.2944334,-51.190369636640916,-84.06922522528268,-2.140109568435999,1343.8299743952266,6.94394076627227e-05,0.0,0.0,0.0,-0.008045682497677061,0.0,0.0,1.0
1779268306.3048122,-51.437611166447155,-84.4555401047886,-2.140109568418033,1348.384265366423,-6.943941949896237e-05,0.0,0.0,0.0,-0.008026356479402117,0.0,0.0,1.0
1779268306.3150501,-51.518882753752486,-84.582526974085,-2.140109568403184,1352.2766032605277,6.943943100077516e-05,0.0,0.0,0.0,-0.007988858656856243,0.0,0.0,1.0
1779268306.3252583,-51.736549239255886,-84.92263084500946,-2.140109568391063,1356.681787993758,-6.943944343441597e-05,0.0,0.0,0.0,-0.007976609061293861,0.0,0.0,1.0
1779268306.3354998,-51.98767792131851,-85.31501938956524,-2.1401095683812836,1361.231135484788,6.943945492359413e-05,0.0,0.0,0.0,-0.007943985571060448,0.0,0.0,1.0
1779268306.345902,-52.11257650456662,-85.51017342449929,-2.1401095683733815,1365.3810890510103,-6.943946755248793e-05,0.0,0.0,0.0,-0.00790667675476794,0.0,0.0,1.0
1779268306.3566124,-52.1718801807135,-85.60283530721884,-2.1401095684483926,1369.4172031571504,6.943947858205281e-05,0.0,0.0,0.0,-0.007888251450576778,0.0,0.0,1.0
1779268306.3669837,-52.423023324602056,-85.99524633870558,-2.1401095685120275,1374.0508222564858,-6.943949063892597e-05,0.0,0.0,0.0,-0.007879532582114872,0.0,0.0,1.0
1779268306.3771105,-52.63805972422492,-86.33124059942509,-2.140109568566536,1378.471850898191,6.943950082111282e-05,0.0,0.0,0.0,-0.007842822853941405,0.0,0.0,1.0
1779268306.3875031,-52.81285419773228,-86.60435686363861,-2.1401095686155864,1382.8516751710706,-6.943951325738329e-05,0.0,0.0,0.0,-0.0078116615746444745,0.0,0.0,1.0
1779268306.3979976,-52.978984000996746,-86.86393458884454,-2.1401095686587874,1387.2517289546993,6.943952341786996e-05,0.0,0.0,0.0,-0.007786513636995365,0.0,0.0,1.0
1779268306.4082284,-53.14652331702178,-87.125714685699,-2.1401095686953036,1391.5677518848474,-6.943953567285222e-05,0.0,0.0,0.0,-0.007762761907770539,0.0,0.0,1.0
1779268306.4187307,-53.328633249769844,-87.41026137309272,-2.1401095687277865,1396.0520539128577,6.943954547170732e-05,0.0,0.0,0.0,-0.007738954967812127,0.0,0.0,1.0
1779268306.429454,-53.30668397903478,-87.37596559521748,-2.1401095687563596,1399.8767713946934,-6.94395570413432e-05,0.0,0.0,0.0,-0.007713242657430646,0.0,0.0,1.0
1779268306.4393218,-53.71423380459207,-88.0127620885356,-2.140109568778592,1404.9841100730519,6.943956687881166e-05,0.0,0.0,0.0,-0.0077163325029337955,0.0,0.0,1.0
1779268306.449817,-53.83275118606078,-88.19794544024414,-2.1401095687989344,1409.267091306335,-6.943957828951421e-05,0.0,0.0,0.0,-0.007659359226783155,0.0,0.0,1.0
1779268306.4600592,-54.05986270710425,-88.55280712074219,-2.1401095688155576,1413.8685023814985,6.94395882048109e-05,0.0,0.0,0.0,-0.007642948616002221,0.0,0.0,1.0
1779268306.4704156,-54.200582986552476,-88.77268250443854,-2.140109568829614,1418.2037157797986,-6.943959923893102e-05,0.0,0.0,0.0,-0.0076116971909349134,0.0,0.0,1.0
1779268306.480609,-54.37579266851573,-89.04644757701243,-2.140109568840951,1422.6157844308248,6.943960943828008e-05,0.0,0.0,0.0,-0.007592461408940727,0.0,0.0,1.0
1779268306.4907253,-54.595067680749246,-89.38906472325911,-2.140109568850009,1427.1740498654137,-6.943961986796669e-05,0.0,0.0,0.0,-0.0075686465651774205,0.0,0.0,1.0
1779268306.5012748,-54.75774766395709,-89.6432521481258,-2.1401095688574654,1431.7017686406798,6.94396303028445e-05,0.0,0.0,0.0,-0.007634062690514608,0.0,0.0,1.0
1779268306.5118113,-54.93183769930113,-89.91526777980752,-2.140109568863042,1436.2802827698752,-6.943964086592859e-05,0.0,0.0,0.0,-0.007611978547493561,0.0,0.0,1.0
1779268306.5225155,-54.964275545369006,-89.96595189242241,-2.1401095688671403,1440.4109164210831,6.943965123197305e-05,0.0,0.0,0.0,-0.007588486553558372,0.0,0.0,1.0
1779268306.532977,-55.193251146585595,-90.3237262152326,-2.140109568869522,1445.1917338166281,-6.943966162958849e-05,0.0,0.0,0.0,-0.007584125316896775,0.0,0.0,1.0
1779268306.5429685,-55.50120300290115,-90.80490092497527,-2.140109568870519,1450.0928341766212,6.943967152573263e-05,0.0,0.0,0.0,-0.007553482043543811,0.0,0.0,1.0
1779268306.5535734,-55.622164869887285,-90.99390388754975,-2.1401095688209213,1454.55147752753,-6.943968188793595e-05,0.0,0.0,0.0,-0.007512657898890799,0.0,0.0,1.0
1779268306.5638492,-55.725461456303734,-91.15530484317144,-2.1401095687786427,1458.807703151298,6.94396924335146e-05,0.0,0.0,0.0,-0.007496743009005282,0.0,0.0,1.0
1779268306.5738328,-56.0433993342462,-91.65208277236937,-2.140109568741712,1463.7962725108507,-6.943970253141252e-05,0.0,0.0,0.0,-0.007483205608159188,0.0,0.0,1.0
1779268306.584383,-56.160330861813335,-91.83478831160872,-2.1401095687072664,1468.255895000746,6.943971293152711e-05,0.0,0.0,0.0,-0.007441843463991396,0.0,0.0,1.0
1779268306.594578,-56.37194783370778,-92.1654398345482,-2.140109568677889,1472.937301392594,-6.943972303659269e-05,0.0,0.0,0.0,-0.00742674608612793,0.0,0.0,1.0
1779268306.6046464,-56.61223385731502,-92.54088674112822,-2.140109568652203,1477.6881653873502,6.943973298781442e-05,0.0,0.0,0.0,-0.007399578637824277,0.0,0.0,1.0
1779268306.6152518,-56.741835078321515,-92.7433886610151,-2.140109568628309,1482.2522674981408,-6.94397432605101e-05,0.0,0.0,0.0,-0.0073689705798584216,0.0,0.0,1.0
1779268306.6257854,-56.87711128661868,-92.95475774365964,-2.140109568607488,1486.8244365171558,6.943975299671636e-05,0.0,0.0,0.0,-0.00735256666071492,0.0,0.0,1.0
1779268306.6361063,-57.103867582693354,-93.3090644436724,-2.1401095685896134,1491.664614632587,-6.943976307601906e-05,0.0,0.0,0.0,-0.007335522144993107,0.0,0.0,1.0
1779268306.6464286,-57.19284831404996,-93.4480968449781,-2.1401095685740112,1495.9932753919074,6.943977272154682e-05,0.0,0.0,0.0,-0.007307127823705128,0.0,0.0,1.0
1779268306.656727,-57.53254560419475,-93.97887382315193,-2.140109568560376,1501.2680874987554,-6.943978270572938e-05,0.0,0.0,0.0,-0.007296045686268323,0.0,0.0,1.0
1779268306.6667674,-57.77983574967312,-94.36526465113452,-2.14010956854883,1506.097340303609,6.943979214204824e-05,0.0,0.0,0.0,-0.007254045110328607,0.0,0.0,1.0
1779268306.6771517,-57.94863075148447,-94.62900682955092,-2.1401095685383957,1510.8040016690675,-6.943980192254871e-05,0.0,0.0,0.0,-0.007223772715395578,0.0,0.0,1.0
1779268306.687595,-58.13468208266739,-94.91971201779603,-2.1401095685293767,1515.6042964488488,6.943981142234552e-05,0.0,0.0,0.0,-0.0072032540994746925,0.0,0.0,1.0
1779268306.6978076,-58.321006082276824,-95.21084324841365,-2.140109568521828,1520.322865567934,-6.943982123831305e-05,0.0,0.0,0.0,-0.007180772420320895,0.0,0.0,1.0
1779268306.7079706,-58.52878262341363,-95.53549406992661,-2.140109568515424,1525.11359122688,6.943982984219376e-05,0.0,0.0,0.0,-0.007158397979131101,0.0,0.0,1.0
1779268306.718519,-58.73767548526259,-95.86188914148278,-2.140109568509805,1530.0812965857874,-6.943983988886459e-05,0.0,0.0,0.0,-0.007133611287199366,0.0,0.0,1.0
1779268306.7294197,-58.79284016582638,-95.94808395564118,-2.140109568504957,1534.637407403174,6.943984856136687e-05,0.0,0.0,0.0,-0.007108863845303006,0.0,0.0,1.0
1779268306.7398846,-58.96464753497668,-96.21653294884328,-2.140109568501176,1539.4626413944154,-6.94398579060187e-05,0.0,0.0,0.0,-0.007102357159680404,0.0,0.0,1.0
1779268306.7503822,-59.18883342002146,-96.56682327156743,-2.140109568553254,1544.5092707787664,6.943986693717633e-05,0.0,0.0,0.0,-0.007082168478550892,0.0,0.0,1.0
1779268306.7606554,-59.40121219219488,-96.89866499293038,-2.140109568597603,1549.4327867931745,-6.943987554233797e-05,0.0,0.0,0.0,-0.007055996635448536,0.0,0.0,1.0
1779268306.7707217,-59.65131669663815,-97.28945317336925,-2.140109568635351,1554.419585331591,6.943988342655699e-05,0.0,0.0,0.0,-0.007031380970381874,0.0,0.0,1.0
1779268306.7809193,-59.82851188787423,-97.56632057049339,-2.140109568668552,1559.2018684507289,-6.943989290721995e-05,0.0,0.0,0.0,-0.007002612073339817,0.0,0.0,1.0
1779268306.7913318,-60.05264307076043,-97.91652545162178,-2.1401095686976177,1564.241507979609,6.943990033656775e-05,0.0,0.0,0.0,-0.006982371775005106,0.0,0.0,1.0
1779268306.801758,-60.28160358882934,-98.27427617342413,-2.1401095687226306,1569.345494596357,-6.943991013197185e-05,0.0,0.0,0.0,-0.006956937187077017,0.0,0.0,1.0
1779268306.8124173,-60.37411628605415,-98.41882720328141,-2.1401095687443146,1574.0501492693868,6.943991809472126e-05,0.0,0.0,0.0,-0.006931145183224579,0.0,0.0,1.0
1779268306.8224769,-60.69602364475087,-98.92180735853404,-2.1401095687613263,1579.365582217641,-6.943992699991151e-05,0.0,0.0,0.0,-0.006920777892208962,0.0,0.0,1.0
1779268306.8327284,-60.80943205306503,-99.09900794352569,-2.1401095687758955,1583.9993930957678,6.943993583997121e-05,0.0,0.0,0.0,-0.006884944554760267,0.0,0.0,1.0
1779268306.8428044,-61.08642300256908,-99.53180622458731,-2.14010956878754,1589.1792518203158,-6.943994444608899e-05,0.0,0.0,0.0,-0.006872408593662529,0.0,0.0,1.0
1779268306.8529904,-61.26076194269254,-99.80421076179954,-2.140109568797084,1594.037505651024,6.943995324842187e-05,0.0,0.0,0.0,-0.006841981681337693,0.0,0.0,1.0
1779268306.8634624,-61.29946769666618,-99.86468847163732,-2.1401095688048573,1598.5280764072645,-6.943996160724917e-05,0.0,0.0,0.0,-0.0068229686300262885,0.0,0.0,1.0
1779268306.8734672,-61.68111778996594,-100.4610166552547,-2.140109568810191,1604.1081799217795,6.943996993486566e-05,0.0,0.0,0.0,-0.006818761738624466,0.0,0.0,1.0
1779268306.8839924,-61.87696052515749,-100.76702087569103,-2.1401095688142346,1609.233848995316,-6.943997791525151e-05,0.0,0.0,0.0,-0.006777557143925038,0.0,0.0,1.0
1779268306.8942356,-62.03514536060265,-101.0141846370389,-2.140109568816698,1614.1118903052404,6.943998626999956e-05,0.0,0.0,0.0,-0.0067566058147582354,0.0,0.0,1.0
1779268306.9047503,-62.2216753886114,-101.30563775831756,-2.1401095688178264,1619.2279281882586,-6.943999417369868e-05,0.0,0.0,0.0,-0.006739777462027437,0.0,0.0,1.0
1779268306.915196,-62.438345149503746,-101.64418420881834,-2.140109568817695,1624.441265729633,6.944000228198131e-05,0.0,0.0,0.0,-0.006720041022188357,0.0,0.0,1.0
1779268306.9252107,-62.69995790979883,-102.05295409006598,-2.140109568816518,1629.6417678079379,-6.94400104675804e-05,0.0,0.0,0.0,-0.006697260168136216,0.0,0.0,1.0
1779268306.9353583,-62.869400217041296,-102.31770765575381,-2.140109568814502,1634.568838945227,6.944001835073345e-05,0.0,0.0,0.0,-0.0066699589560149115,0.0,0.0,1.0
1779268306.9459233,-63.01612866274258,-102.54697081761779,-2.1401095688115483,1639.6154662400559,-6.944002685140693e-05,0.0,0.0,0.0,-0.006652394846881322,0.0,0.0,1.0
1779268306.956248,-63.21988859236717,-102.86534568966636,-2.140109568793617,1644.7815838015615,6.944003463336876e-05,0.0,0.0,0.0,-0.00663725977589306,0.0,0.0,1.0
1779268306.9662418,-63.528912994709245,-103.34819627974336,-2.1401095687773837,1650.2048382144728,-6.944004251941838e-05,0.0,0.0,0.0,-0.0066163558185941,0.0,0.0,1.0
1779268306.976787,-63.72063059651979,-103.64775501393808,-2.1401095687614182,1655.4511222991205,6.944005082759747e-05,0.0,0.0,0.0,-0.006584902706816855,0.0,0.0,1.0
1779268306.986937,-63.96313702114674,-104.02667127299705,-2.1401095687470435,1660.7228804246124,-6.944005804274837e-05,0.0,0.0,0.0,-0.006565539182797676,0.0,0.0,1.0
1779268306.9972959,-64.01037998656929,-104.1004884103131,-2.1401095687334073,1665.3764428368968,6.944006566653506e-05,0.0,0.0,0.0,-0.006541208477059399,0.0,0.0,1.0
1779268307.0072758,-64.32370778507783,-104.59006305127659,-2.1401095687208884,1670.8603719684477,-6.944007366320688e-05,0.0,0.0,0.0,-0.006536489571687637,0.0,0.0,1.0
1779268307.0173538,-64.61979713143404,-105.05270261297505,-2.1401095687089344,1676.337687161166,6.944008121742692e-05,0.0,0.0,0.0,-0.006505363905854235,0.0,0.0,1.0
1779268307.0278,-64.69503649605181,-105.17026411633532,-2.1401095686973353,1681.1763885940493,-6.94400888738725e-05,0.0,0.0,0.0,-0.006476221865643175,0.0,0.0,1.0
1779268307.0378687,-65.03806609185305,-105.70624780799174,-2.140109568686577,1686.854898743087,6.944009662427692e-05,0.0,0.0,0.0,-0.00646885813687155,0.0,0.0,1.0
1779268307.0482001,-65.191547168747,-105.94606197151953,-2.1401095686761855,1691.9601459300695,-6.944010401969868e-05,0.0,0.0,0.0,-0.0064354966347282385,0.0,0.0,1.0
1779268307.0587707,-65.36631414182632,-106.2191353436418,-2.1401095686660336,1697.266702235627,6.944011168427827e-05,0.0,0.0,0.0,-0.006420680929247335,0.0,0.0,1.0
1779268307.069295,-65.60198044162874,-106.58736390251218,-2.1401095686563374,1702.7998251066783,-6.944011947406734e-05,0.0,0.0,0.0,-0.006403893310056908,0.0,0.0,1.0
1779268307.079555,-65.77966974067536,-106.86500340714238,-2.1401095686473495,1708.0063208026456,6.9440126900873e-05,0.0,0.0,0.0,-0.0063813943721048256,0.0,0.0,1.0
1779268307.0900593,-66.03851289157467,-107.26944579080151,-2.1401095686384415,1713.6447293176423,-6.944013401085998e-05,0.0,0.0,0.0,-0.006364534722846284,0.0,0.0,1.0
1779268307.1006546,-66.18844885604506,-107.50372071430327,-2.1401095686298652,1718.9345181914157,6.944014146987999e-05,0.0,0.0,0.0,-0.006340133754563569,0.0,0.0,1.0
1779268307.111105,-66.36980858239784,-107.7870952598045,-2.140109568621704,1724.2907804059178,-6.944014882986077e-05,0.0,0.0,0.0,-0.006326084779458372,0.0,0.0,1.0
1779268307.1213608,-66.54752958465457,-108.06478429911893,-2.1401095686139797,1729.5581561607728,6.944015621319178e-05,0.0,0.0,0.0,-0.006309174374840729,0.0,0.0,1.0
1779268307.1317847,-66.87595649546387,-108.57795129401637,-2.140109568606276,1735.4779062822238,-6.944016333268207e-05,0.0,0.0,0.0,-0.006292690722134465,0.0,0.0,1.0
1779268307.1419709,-67.08027836349525,-108.89720418087406,-2.1401095685990548,1740.8360212180144,6.944017058801978e-05,0.0,0.0,0.0,-0.006262454620213763,0.0,0.0,1.0
1779268307.1525438,-67.26700792390494,-109.18896908820317,-2.1401095685927327,1746.32957346001,-6.944017772426666e-05,0.0,0.0,0.0,-0.006243790220427477,0.0,0.0,1.0
1779268307.1633236,-67.2626666733929,-109.18218588680703,-2.140109568586456,1751.22784765871,6.944018447913694e-05,0.0,0.0,0.0,-0.00622682986596713,0.0,0.0,1.0
1779268307.1734998,-67.60116946263655,-109.71109643759016,-2.140109568580438,1757.1302785102246,-6.944019144857028e-05,0.0,0.0,0.0,-0.006227223129442678,0.0,0.0,1.0
1779268307.1838865,-67.86447577788006,-110.12251251088183,-2.1401095685743803,1762.8656181357758,6.944019872310661e-05,0.0,0.0,0.0,-0.006196707351902822,0.0,0.0,1.0
1779268307.1938167,-68.29200687976393,-110.79052978455817,-2.140109568568602,1768.9786595138835,-6.944020556593815e-05,0.0,0.0,0.0,-0.006173176482125168,0.0,0.0,1.0
1779268307.2041523,-68.39329281751397,-110.94878904623914,-2.140109568562724,1774.1402428261824,6.944021254160225e-05,0.0,0.0,0.0,-0.006135347653043196,0.0,0.0,1.0
1779268307.214762,-68.58109507474398,-111.24223004203907,-2.140109568556717,1779.7479807391348,-6.944021941421545e-05,0.0,0.0,0.0,-0.006126453492065913,0.0,0.0,1.0
1779268307.2249851,-68.85266236055189,-111.66655388031162,-2.140109568550956,1785.494985576062,6.944022523290154e-05,0.0,0.0,0.0,-0.006110030172418684,0.0,0.0,1.0
1779268307.2355857,-69.01049574622787,-111.91316851950106,-2.140109568545075,1791.016186332412,-6.944023043796733e-05,0.0,0.0,0.0,-0.006086436706353155,0.0,0.0,1.0
1779268307.2462745,-69.1294234625114,-112.09899305704445,-2.1401095685392155,1796.4527143066769,6.944023590365266e-05,0.0,0.0,0.0,-0.006072807846725772,0.0,0.0,1.0
1779268307.2566752,-69.48909274496712,-112.66097624971925,-2.1401095685334512,1802.6628556312248,-6.944024098449783e-05,0.0,0.0,0.0,-0.006062578730513407,0.0,0.0,1.0
1779268307.2672,-69.64094229623124,-112.89824114863245,-2.1401095685277687,1808.171487425127,6.944024609436251e-05,0.0,0.0,0.0,-0.006031851763135285,0.0,0.0,1.0
1779268307.2772222,-70.00328015859536,-113.46439399687874,-2.1401095685223184,1814.2324126260962,-6.944025145498713e-05,0.0,0.0,0.0,-0.00601897238141443,0.0,0.0,1.0
1779268307.2877114,-70.2176030471104,-113.79927347433933,-2.140109568516707,1819.9878650164806,6.94402573470701e-05,0.0,0.0,0.0,-0.0059884611315649565,0.0,0.0,1.0
1779268307.298342,-70.34821312251809,-114.00335169591486,-2.140109568511102,1825.5186791115798,-6.944026250751682e-05,0.0,0.0,0.0,-0.005970558878787462,0.0,0.0,1.0
1779268307.3086243,-70.70247697821345,-114.55688891017361,-2.140109568505632,1831.725133475567,6.944026796844801e-05,0.0,0.0,0.0,-0.00595970149450404,0.0,0.0,1.0
1779268307.3188527,-70.85162124585375,-114.78992680380838,-2.1401095685003355,1837.152998030797,-6.944027368278134e-05,0.0,0.0,0.0,-0.005930449988972979,0.0,0.0,1.0
1779268307.329048,-71.09064005771823,-115.1633936571304,-2.140109568495055,1842.9158524983661,6.94402791707896e-05,0.0,0.0,0.0,-0.005918220880780955,0.0,0.0,1.0
1779268307.3395739,-71.1023607852121,-115.18170729324198,-2.140109568489745,1848.0115879123405,-6.944028490184613e-05,0.0,0.0,0.0,-0.0058987273224425305,0.0,0.0,1.0
1779268307.34937,-71.65417444267764,-116.04391599047842,-2.1401095685086085,1854.7696279167017,6.944029068597091e-05,0.0,0.0,0.0,-0.005897774722366841,0.0,0.0,1.0
1779268307.3595436,-71.92919953554016,-116.47364260685907,-2.140109568525205,1860.7003792869461,-6.944029634617732e-05,0.0,0.0,0.0,-0.00585327164112677,0.0,0.0,1.0
1779268307.3700569,-72.16398938419152,-116.84050166454658,-2.140109568539356,1866.6664120102016,6.944030184260043e-05,0.0,0.0,0.0,-0.005831340999259102,0.0,0.0,1.0
1779268307.3803396,-72.3368022881748,-117.11052176220981,-2.1401095685505584,1872.30339241435,-6.944030764557399e-05,0.0,0.0,0.0,-0.0058127483393245645,0.0,0.0,1.0
1779268307.3904996,-72.5545488460088,-117.45075069039562,-2.1401095685592826,1878.0578177873958,6.944031296017466e-05,0.0,0.0,0.0,-0.005799139095804444,0.0,0.0,1.0
1779268307.4010258,-72.80641166972508,-117.8442862804429,-2.140109568566151,1884.1446544391001,-6.944031898705797e-05,0.0,0.0,0.0,-0.005782081756509806,0.0,0.0,1.0
1779268307.4115784,-73.00719925773225,-118.15801682676204,-2.140109568571106,1890.0755728205202,6.94403246672958e-05,0.0,0.0,0.0,-0.005762476633800619,0.0,0.0,1.0
1779268307.421761,-73.2755397506719,-118.57729877896175,-2.140109568574171,1896.0799764015992,-6.94403306952988e-05,0.0,0.0,0.0,-0.005746942205014913,0.0,0.0,1.0
1779268307.4323258,-73.48398520429723,-118.90299474440943,-2.1401095685758613,1902.075602770291,6.944033619412965e-05,0.0,0.0,0.0,-0.005726311689255767,0.0,0.0,1.0
1779268307.4427893,-73.77872622655582,-119.36352752330932,-2.1401095685760967,1908.3592904980965,-6.944034235983188e-05,0.0,0.0,0.0,-0.0057103879359739545,0.0,0.0,1.0
1779268307.4539413,-73.77520697248492,-119.35802867356736,-2.1401095685752454,1913.9093551886651,6.944034774675679e-05,0.0,0.0,0.0,-0.005688022382395368,0.0,0.0,1.0
1779268307.4644156,-74.08599413920504,-119.8436335544325,-2.140109568573128,1920.2933852247509,-6.944035382132712e-05,0.0,0.0,0.0,-0.0056882883611236775,0.0,0.0,1.0
1779268307.4744842,-74.41825866916257,-120.36279681370605,-2.1401095685701934,1926.5564111805643,6.944035923924955e-05,0.0,0.0,0.0,-0.005664891990290986,0.0,0.0,1.0
1779268307.484655,-74.71576451658622,-120.82764963885153,-2.1401095685664595,1932.7618093372082,-6.94403646903756e-05,0.0,0.0,0.0,-0.005640090716428658,0.0,0.0,1.0
1779268307.4953508,-74.88719554586493,-121.09551058347033,-2.140109568561857,1938.7898690972413,6.944037017545371e-05,0.0,0.0,0.0,-0.0056180674851244805,0.0,0.0,1.0
1779268307.5058174,-75.19209632563104,-121.5719179913578,-2.1401095685565874,1945.2162317221741,-6.944037566898465e-05,0.0,0.0,0.0,-0.005605455013854712,0.0,0.0,1.0
1779268307.5161066,-75.28662520974986,-121.71961935015531,-2.140109568551043,1950.7763923849293,6.944038129681114e-05,0.0,0.0,0.0,-0.005583162329519395,0.0,0.0,1.0
1779268307.5266292,-75.58172709125591,-122.18071598321575,-2.1401095685446787,1957.2270799061614,-6.944038686774887e-05,0.0,0.0,0.0,-0.005576286843576821,0.0,0.0,1.0
1779268307.536968,-75.92799290723177,-122.72175625592163,-2.14010956853795,1963.7841747724797,6.944039249146252e-05,0.0,0.0,0.0,-0.00555493139625167,0.0,0.0,1.0
1779268307.5475097,-75.91321308125323,-122.69866277668844,-2.14010956853102,1969.1071271942255,-6.944039812301463e-05,0.0,0.0,0.0,-0.005530081028468393,0.0,0.0,1.0
1779268307.5574775,-76.50548228001838,-123.6240832641265,-2.1401095685375724,1976.419928881621,6.944040355518958e-05,0.0,0.0,0.0,-0.005531137172547147,0.0,0.0,1.0
1779268307.5680294,-76.72521955749797,-123.96742269136861,-2.1401095685425915,1982.6721252746247,-6.944040889993477e-05,0.0,0.0,0.0,-0.005489127372858013,0.0,0.0,1.0
1779268307.5782168,-76.98133917579284,-124.36760952432797,-2.1401095685454545,1988.8784213052643,6.944041472445154e-05,0.0,0.0,0.0,-0.005473703148669599,0.0,0.0,1.0
1779268307.5890415,-77.17437065021551,-124.66922114506255,-2.14010956854668,1995.2136153237757,-6.944041980509025e-05,0.0,0.0,0.0,-0.005455834159682553,0.0,0.0,1.0
1779268307.599477,-77.30534866574911,-124.87387425091559,-2.1401095685463263,2001.1234712448706,6.94404257235962e-05,0.0,0.0,0.0,-0.005442443608751638,0.0,0.0,1.0
1779268307.6095245,-77.79316889591524,-125.63609325812803,-2.1401095685443257,2008.168628167721,-6.944043086400242e-05,0.0,0.0,0.0,-0.005433395050477712,0.0,0.0,1.0
1779268307.6200545,-77.93371841118842,-125.85570183523413,-2.140109568541306,2014.1991418166829,6.944043602556059e-05,0.0,0.0,0.0,-0.005399957400193816,0.0,0.0,1.0
1779268307.630223,-78.16109665605015,-126.210980289737,-2.140109568537263,2020.3747227850677,-6.944044156113752e-05,0.0,0.0,0.0,-0.005390399636856025,0.0,0.0,1.0
1779268307.6407576,-78.41524777559997,-126.6080913576023,-2.1401095685320417,2026.8682565150918,6.944044685054013e-05,0.0,0.0,0.0,-0.005375008736384674,0.0,0.0,1.0
1779268307.651289,-78.66767395576646,-127.0025072096671,-2.140109568525938,2033.3714668943903,-6.944045230627184e-05,0.0,0.0,0.0,-0.005357909310318596,0.0,0.0,1.0
1779268307.6614866,-79.01021747174698,-127.53773138502555,-2.1401095685192146,2040.0419092515149,6.944045735662088e-05,0.0,0.0,0.0,-0.005341033288341929,0.0,0.0,1.0
1779268307.671831,-79.26180783484796,-127.93084127601583,-2.14010956851181,2046.4731293079126,-6.944046277278542e-05,0.0,0.0,0.0,-0.005318301741909317,0.0,0.0,1.0
1779268307.6824484,-79.39160477539218,-128.13364896648568,-2.1401095685037164,2052.616978814146,6.944046801760588e-05,0.0,0.0,0.0,-0.005301728795842469,0.0,0.0,1.0
1779268307.6926205,-79.74864269965734,-128.69152065576202,-2.140109568495264,2059.3804489673084,-6.944047327642318e-05,0.0,0.0,0.0,-0.0052932190307806515,0.0,0.0,1.0
1779268307.7030175,-80.00156708530207,-129.08671495989609,-2.140109568486261,2065.8970596472495,6.944047830358035e-05,0.0,0.0,0.0,-0.00526995119226061,0.0,0.0,1.0
1779268307.7136512,-79.99303948447974,-129.07339058146445,-2.140109568476904,2071.590168525327,-6.944048337763039e-05,0.0,0.0,0.0,-0.005253591727330084,0.0,0.0,1.0
1779268307.7241044,-80.23670860061623,-129.45412353021356,-2.140109568467131,2078.1448268118975,6.944048859728795e-05,0.0,0.0,0.0,-0.005254141635223802,0.0,0.0,1.0
1779268307.7343793,-80.87452260775919,-130.45070780330246,-2.1401095684568365,2086.081077615837,-6.9440493695959e-05,0.0,0.0,0.0,-0.0052384733113181505,0.0,0.0,1.0
1779268307.7447453,-80.93091111722791,-130.5388148380396,-2.140109568446766,2091.917536863491,6.94404989063348e-05,0.0,0.0,0.0,-0.005197899831991834,0.0,0.0,1.0
1779268307.7551873,-81.34166288089304,-131.18061448372725,-2.1401095683973015,2099.137381596367,-6.944050371228781e-05,0.0,0.0,0.0,-0.005194342979533981,0.0,0.0,1.0
1779268307.7657537,-81.54545622926554,-131.4990416336355,-2.140109568352507,2105.6751427941076,6.944050888582564e-05,0.0,0.0,0.0,-0.005168580089130186,0.0,0.0,1.0
1779268307.7759702,-81.8661884637249,-132.00018576235163,-2.140109568313558,2112.4675079414355,-6.944051396529059e-05,0.0,0.0,0.0,-0.005155892576908136,0.0,0.0,1.0
1779268307.7863224,-82.16900983065392,-132.47334415770192,-2.1401095682779907,2119.2867701666833,6.944051878342847e-05,0.0,0.0,0.0,-0.0051360504034561215,0.0,0.0,1.0
1779268307.7968068,-82.29388823240971,-132.6684666952945,-2.140109568245655,2125.539139418625,-6.944052406018602e-05,0.0,0.0,0.0,-0.0051174559414546746,0.0,0.0,1.0
1779268307.807005,-82.73087966925209,-133.35126578895844,-2.1401095682171922,2132.803519198643,6.944052871906233e-05,0.0,0.0,0.0,-0.0051098271010573005,0.0,0.0,1.0
1779268307.8172393,-82.87881450571321,-133.58241398988926,-2.14010956819154,2139.030630399812,-6.944053374959964e-05,0.0,0.0,0.0,-0.005083309107577497,0.0,0.0,1.0
1779268307.8274462,-83.23877844764888,-134.14485762691368,-2.140109568168301,2146.0525210638393,6.94405384708583e-05,0.0,0.0,0.0,-0.005074394256738064,0.0,0.0,1.0
1779268307.837658,-83.53607725398275,-134.609386996454,-2.140109568147307,2152.857708443575,-6.944054332895324e-05,0.0,0.0,0.0,-0.005052832043874866,0.0,0.0,1.0
1779268307.8479397,-83.75382398223151,-134.94961625440234,-2.1401095681282043,2159.4239810070626,6.944054805452915e-05,0.0,0.0,0.0,-0.005035161224387161,0.0,0.0,1.0
1779268307.858165,-84.01546927359094,-135.35843700616638,-2.140109568111014,2166.12867506631,-6.944055272337544e-05,0.0,0.0,0.0,-0.005022297033979094,0.0,0.0,1.0
1779268307.8687441,-84.2284140099737,-135.69116314728865,-2.140109568094851,2172.8911282354165,6.944055735252553e-05,0.0,0.0,0.0,-0.00500692603481531,0.0,0.0,1.0
1779268307.8789022,-84.48675535573545,-136.09482147895088,-2.1401095680808178,2179.588529262429,-6.944056188336759e-05,0.0,0.0,0.0,-0.004994485348598968,0.0,0.0,1.0
1779268307.8891082,-84.97763541113818,-136.86182150210047,-2.140109568067897,2187.201972516297,6.944056649878445e-05,0.0,0.0,0.0,-0.004979475224351496,0.0,0.0,1.0
1779268307.8992553,-85.24963862543986,-137.2868264966344,-2.1401095680562654,2193.980722019009,-6.944057115846961e-05,0.0,0.0,0.0,-0.004951201284964054,0.0,0.0,1.0
1779268307.909561,-85.53853465155791,-137.7382265051382,-2.140109568045476,2200.935588271683,6.944057556328091e-05,0.0,0.0,0.0,-0.004935672140271434,0.0,0.0,1.0
1779268307.9199224,-85.81136041718274,-138.16451673276427,-2.1401095680355793,2207.8830407916003,-6.944058016816331e-05,0.0,0.0,0.0,-0.004919284867240468,0.0,0.0,1.0
1779268307.9305644,-85.96426396560365,-138.40342851553007,-2.1401095680263182,2214.5733083832197,6.944058402678092e-05,0.0,0.0,0.0,-0.004903908748439675,0.0,0.0,1.0
1779268307.9407089,-86.2656657509381,-138.87436876575043,-2.140109568018241,2221.535970238699,-6.944058862751397e-05,0.0,0.0,0.0,-0.004895333260722579,0.0,0.0,1.0
1779268307.9508107,-86.6244503860131,-139.43496970578283,-2.140109568011576,2228.703502054525,6.944059295841491e-05,0.0,0.0,0.0,-0.00487851685180218,0.0,0.0,1.0
1779268307.961518,-86.86562271131652,-139.81180143172156,-2.140109568005039,2235.822664592202,-6.944059789507577e-05,0.0,0.0,0.0,-0.004858648820234575,0.0,0.0,1.0
1779268307.9724865,-86.67439504735232,-139.51300824828988,-2.1401095679989415,2241.5146718686747,6.944060191131803e-05,0.0,0.0,0.0,-0.004845384381216778,0.0,0.0,1.0
1779268307.9822106,-87.44029405884119,-140.7097253284903,-2.1401095679937927,2250.0298784690804,-6.944060654599072e-05,0.0,0.0,0.0,-0.004855895936417097,0.0,0.0,1.0
1779268307.9925907,-87.7146998197534,-141.1384842892371,-2.140109567988733,2257.127789553142,6.944061075889326e-05,0.0,0.0,0.0,-0.004814067541511707,0.0,0.0,1.0
1779268308.0029202,-87.88282001288206,-141.40117206800323,-2.140109567984055,2263.8190092133987,-6.944061511610902e-05,0.0,0.0,0.0,-0.004799256094204547,0.0,0.0,1.0
1779268308.0133202,-88.29778491148582,-142.0495546560169,-2.140109567979601,2271.4911157646247,6.944061912399719e-05,0.0,0.0,0.0,-0.0047902265052699585,0.0,0.0,1.0
1779268308.0239346,-88.49221284222952,-142.3533482693724,-2.1401095679753683,2278.496452844988,-6.944062351164006e-05,0.0,0.0,0.0,-0.004768083845355063,0.0,0.0,1.0
1779268308.0345213,-88.72693173783712,-142.72009650790508,-2.1401095679713986,2285.6531921501937,6.944062756252789e-05,0.0,0.0,0.0,-0.0047577793837814755,0.0,0.0,1.0
1779268308.045041,-89.03865209432627,-143.2071595153583,-2.140109567967669,2293.0786526568368,-6.944063177272849e-05,0.0,0.0,0.0,-0.004745398726965496,0.0,0.0,1.0
1779268308.055523,-89.30566334384065,-143.62436455048856,-2.140109567964165,2300.3325569846165,6.944063620903534e-05,0.0,0.0,0.0,-0.004729055752428378,0.0,0.0,1.0
1779268308.065696,-89.60078631444081,-144.08549414454401,-2.140109567960942,2307.5165285624785,-6.944064010307451e-05,0.0,0.0,0.0,-0.004715146043610476,0.0,0.0,1.0
1779268308.0761666,-89.96424787530336,-144.65340277392946,-2.140109567957765,2315.164879699676,6.944064442768869e-05,0.0,0.0,0.0,-0.004699866768825986,0.0,0.0,1.0
1779268308.0863853,-90.3409729834521,-145.2420356933333,-2.1401095679548114,2322.720978336611,-6.94406485235029e-05,0.0,0.0,0.0,-0.004681184956003045,0.0,0.0,1.0
1779268308.0970082,-90.50184717904853,-145.49340159894058,-2.1401095679518987,2329.7491646834046,6.94406526039087e-05,0.0,0.0,0.0,-0.004661977499037113,0.0,0.0,1.0
1779268308.1072657,-90.87448922158515,-146.07565472860776,-2.140109567949183,2337.3553637544715,-6.944065654836392e-05,0.0,0.0,0.0,-0.004653823216144004,0.0,0.0,1.0
1779268308.1177413,-91.10155873315057,-146.43045080357513,-2.1401095679465336,2344.578666392506,6.9440660490696e-05,0.0,0.0,0.0,-0.004635044100493322,0.0,0.0,1.0
1779268308.128209,-91.44953631562323,-146.9741657183378,-2.1401095679439686,2352.269332880586,-6.944066473574267e-05,0.0,0.0,0.0,-0.004623675169867582,0.0,0.0,1.0
1779268308.1383297,-91.74437085020985,-147.43484462971355,-2.14010956794159,2359.555315533999,6.94406688257899e-05,0.0,0.0,0.0,-0.004606360419191954,0.0,0.0,1.0
1779268308.1486435,-91.93235205230603,-147.7285652273782,-2.1401095679392603,2366.573780022395,-6.944067295602314e-05,0.0,0.0,0.0,-0.004591791133959698,0.0,0.0,1.0
1779268308.158618,-92.39775813954121,-148.4557621601285,-2.1401095679370346,2374.4586903919167,6.944067691605987e-05,0.0,0.0,0.0,-0.004582550033915976,0.0,0.0,1.0
1779268308.169121,-92.66678865163362,-148.87612229051356,-2.14010956793478,2381.955128598322,-6.944068097771749e-05,0.0,0.0,0.0,-0.0045598300507545195,0.0,0.0,1.0
1779268308.1794178,-92.9333707950756,-149.29265684517355,-2.1401095679326354,2389.3289363339472,6.944068476159247e-05,0.0,0.0,0.0,-0.004546799098994756,0.0,0.0,1.0
1779268308.189557,-93.30775056324008,-149.8776251697923,-2.140109567930567,2397.0206470620606,-6.944068893496393e-05,0.0,0.0,0.0,-0.004533959993262558,0.0,0.0,1.0
1779268308.1998837,-93.60850942345601,-150.34756083836766,-2.1401095679285156,2404.581921255219,6.944069255335546e-05,0.0,0.0,0.0,-0.004516051077570449,0.0,0.0,1.0
1779268308.2100658,-93.90554326217487,-150.81167616140723,-2.1401095679265425,2412.0535110546884,-6.944069659757992e-05,0.0,0.0,0.0,-0.0045017660627391974,0.0,0.0,1.0
1779268308.2203212,-94.21071429820327,-151.28850585378885,-2.1401095679245947,2419.624295931264,6.94407002945425e-05,0.0,0.0,0.0,-0.00448774639395434,0.0,0.0,1.0
1779268308.230535,-94.39438955865897,-151.57549841769423,-2.1401095679227113,2426.7325381824885,-6.944070385943947e-05,0.0,0.0,0.0,-0.004473433307949071,0.0,0.0,1.0
1779268308.2409153,-94.7717109661381,-152.1650630529516,-2.140109567920808,2434.6940061367955,6.944070761094084e-05,0.0,0.0,0.0,-0.004464862525299157,0.0,0.0,1.0
1779268308.2510407,-95.16993838768246,-152.787293331516,-2.140109567918986,2442.582508454782,-6.944071129641307e-05,0.0,0.0,0.0,-0.004447358314832278,0.0,0.0,1.0
1779268308.2616036,-95.37656057044343,-153.1101404574684,-2.1401095679171314,2450.074770950609,6.944071518374752e-05,0.0,0.0,0.0,-0.004429032506425447,0.0,0.0,1.0
1779268308.271767,-95.8019842694896,-153.77486491487545,-2.1401095679153586,2458.133595140809,-6.944071872839756e-05,0.0,0.0,0.0,-0.004419583454764234,0.0,0.0,1.0
1779268308.2823734,-96.01396781646469,-154.10608917141778,-2.140109567913557,2465.7074256527026,6.944072256361003e-05,0.0,0.0,0.0,-0.0044002547823812615,0.0,0.0,1.0
1779268308.2924201,-96.41701706053433,-154.73585354670413,-2.1401095679118614,2473.645191548283,-6.944072594719262e-05,0.0,0.0,0.0,-0.0043906865067782005,0.0,0.0,1.0
1779268308.3027973,-96.70444007849792,-155.18495196360365,-2.1401095679101414,2481.3959741728804,6.944072968667711e-05,0.0,0.0,0.0,-0.004372608418667649,0.0,0.0,1.0
1779268308.3129654,-96.98116882010429,-155.61734057549435,-2.140109567908483,2488.986728798294,-6.944073324879507e-05,0.0,0.0,0.0,-0.00435980721264255,0.0,0.0,1.0
1779268308.3233645,-97.08349354694249,-155.77722294432024,-2.14010956790683,2496.0894464006615,6.944073663263063e-05,0.0,0.0,0.0,-0.004347552927415418,0.0,0.0,1.0
1779268308.3332806,-97.6729256932052,-156.69821057210768,-2.1401095679052253,2504.714908142704,-6.944074021572942e-05,0.0,0.0,0.0,-0.004343039143083449,0.0,0.0,1.0
1779268308.3437471,-97.9631624299203,-157.1517054239939,-2.1401095679035738,2512.6195550275393,6.94407440334332e-05,0.0,0.0,0.0,-0.0043172193125780725,0.0,0.0,1.0
1779268308.354582,-98.16002036555072,-157.45929586992509,-2.140109567918628,2520.4561574941386,-6.944074745175124e-05,0.0,0.0,0.0,-0.004304618082116845,0.0,0.0,1.0
1779268308.365129,-98.4592694643853,-157.92687249678838,-2.1401095679310247,2528.499099589212,6.9440751118731e-05,0.0,0.0,0.0,-0.00429611280395547,0.0,0.0,1.0
1779268308.3752427,-98.81566321404655,-158.48373763636567,-2.1401095679410442,2536.475646630927,-6.944075449312116e-05,0.0,0.0,0.0,-0.004283247926080542,0.0,0.0,1.0
1779268308.3852904,-99.21198710266006,-159.1029936148354,-2.1401095679494087,2544.5765105002906,6.944075803811883e-05,0.0,0.0,0.0,-0.004268026550839139,0.0,0.0,1.0
1779268308.3958085,-99.28218745354955,-159.21268162365584,-2.140109567956744,2551.810402051667,-6.944076164739716e-05,0.0,0.0,0.0,-0.004251226332890812,0.0,0.0,1.0
1779268308.405931,-99.90409020364193,-160.18440454015155,-2.14010956796237,2560.844683442103,6.944076495730845e-05,0.0,0.0,0.0,-0.00424826427645896,0.0,0.0,1.0
1779268308.4164927,-100.10010384930034,-160.49067580596875,-2.1401095679671314,2568.621237340338,-6.944076842763588e-05,0.0,0.0,0.0,-0.004222202977416709,0.0,0.0,1.0
1779268308.4267392,-100.45897406505253,-161.05141043755555,-2.140109567970649,2576.804122354377,6.944077175088321e-05,0.0,0.0,0.0,-0.0042140549994257315,0.0,0.0,1.0
1779268308.4370697,-100.76389955943787,-161.52785645326384,-2.1401095679732696,2584.863342365359,-6.944077503126279e-05,0.0,0.0,0.0,-0.004199218567034993,0.0,0.0,1.0
1779268308.4474802,-101.06001818514534,-161.9905417399691,-2.1401095679750646,2592.9710438116135,6.944077865150906e-05,0.0,0.0,0.0,-0.0041866941653555005,0.0,0.0,1.0
1779268308.4575782,-101.48874722347321,-162.6604307756679,-2.140109567976044,2601.3768735090407,-6.944078175377953e-05,0.0,0.0,0.0,-0.004174602790730563,0.0,0.0,1.0
1779268308.4678087,-101.79578085110379,-163.14017075445182,-2.140109567976418,2609.442224986998,6.944078509192338e-05,0.0,0.0,0.0,-0.004157219805343735,0.0,0.0,1.0
1779268308.4782522,-102.09535935179306,-163.60826209982292,-2.1401095679761992,2617.655263243745,-6.944078843421506e-05,0.0,0.0,0.0,-0.004144859695813738,0.0,0.0,1.0
1779268308.4885428,-102.4225056105129,-164.11942806377738,-2.1401095679754514,2625.8786723759517,6.944079166114198e-05,0.0,0.0,0.0,-0.004132870339912759,0.0,0.0,1.0
1779268308.4988742,-102.73009088144074,-164.60002998874972,-2.1401095679742377,2634.0852840921707,-6.944079461071163e-05,0.0,0.0,0.0,-0.004119856681415913,0.0,0.0,1.0
1779268308.509458,-102.97800718198498,-164.98739915862063,-2.1401095679725772,2642.273349391567,6.944079767313764e-05,0.0,0.0,0.0,-0.004107695674821082,0.0,0.0,1.0
1779268308.519935,-103.28096887149374,-165.46077674026498,-2.1401095679705406,2650.616710370409,-6.944080110237403e-05,0.0,0.0,0.0,-0.004097945928319608,0.0,0.0,1.0
1779268308.5300565,-103.63455385442748,-166.01325321016557,-2.1401095679682514,2658.9124634259842,6.94408040664784e-05,0.0,0.0,0.0,-0.0040860940829505026,0.0,0.0,1.0
1779268308.5401404,-104.10986590547736,-166.7559282037334,-2.140109567965659,2667.654539456069,-6.944080747297481e-05,0.0,0.0,0.0,-0.004072348260166687,0.0,0.0,1.0
1779268308.5503092,-104.38729747853839,-167.18941491427768,-2.140109567987501,2675.7367968265357,6.944081046878461e-05,0.0,0.0,0.0,-0.004054015292298908,0.0,0.0,1.0
1779268308.5605657,-104.84314124603814,-167.9016706551339,-2.1401095680060163,2684.5769214963952,-6.944081377875478e-05,0.0,0.0,0.0,-0.004043390637581064,0.0,0.0,1.0
1779268308.570672,-105.15356060229608,-168.3867007866394,-2.140109568021224,2692.784584250559,6.94408168048691e-05,0.0,0.0,0.0,-0.004026053901181843,0.0,0.0,1.0
1779268308.5809686,-105.29677917192615,-168.6104797232368,-2.1401095680340108,2700.528409866389,-6.944081993806925e-05,0.0,0.0,0.0,-0.004014332794612601,0.0,0.0,1.0
1779268308.590896,-105.92101341509893,-169.58584557433946,-2.1401095680437283,2709.8178003372423,6.944082306714013e-05,0.0,0.0,0.0,-0.004008947950588855,0.0,0.0,1.0
1779268308.6014636,-106.17883218904532,-169.98868732027992,-2.1401095680519657,2718.237436535741,-6.944082610817643e-05,0.0,0.0,0.0,-0.00398564548820496,0.0,0.0,1.0
1779268308.611802,-106.50521702609872,-170.49866353388887,-2.1401095680579334,2726.7640171329895,6.944082923665167e-05,0.0,0.0,0.0,-0.003976100016331516,0.0,0.0,1.0
1779268308.6221638,-106.8473627513923,-171.03326613688677,-2.1401095680620963,2735.3923596762056,-6.944083232772417e-05,0.0,0.0,0.0,-0.00396408135997549,0.0,0.0,1.0
1779268308.6324503,-107.12594547377682,-171.46855156293392,-2.1401095680646662,2743.7493968189838,6.944083535441028e-05,0.0,0.0,0.0,-0.003951560096503696,0.0,0.0,1.0
1779268308.6430666,-107.35456783662136,-171.82577393842888,-2.1401095680658613,2752.195448214072,-6.944083831687014e-05,0.0,0.0,0.0,-0.0039414232710173365,0.0,0.0,1.0
1779268308.6531808,-107.81499997229564,-172.54519904836835,-2.140109568065638,2761.1491756797636,6.944084127408022e-05,0.0,0.0,0.0,-0.003933143125494546,0.0,0.0,1.0
1779268308.6637588,-108.09149283309036,-172.97721907483904,-2.140109568064337,2769.7917557906576,-6.9440844183864e-05,0.0,0.0,0.0,-0.003916572578773872,0.0,0.0,1.0
1779268308.674329,-108.42099812979104,-173.49207102591132,-2.1401095680619604,2778.6523657198654,6.944084718319018e-05,0.0,0.0,0.0,-0.003906688759497741,0.0,0.0,1.0
1779268308.6846662,-108.84197613766553,-174.14984907511092,-2.140109568058695,2787.6987210799916,-6.94408502415498e-05,0.0,0.0,0.0,-0.003894974860696095,0.0,0.0,1.0
1779268308.6948426,-109.17635393865693,-174.67231431823492,-2.1401095680547706,2796.3218470753677,6.944085313945428e-05,0.0,0.0,0.0,-0.003880110934137775,0.0,0.0,1.0
1779268308.7049472,-109.54856013969969,-175.2538864317435,-2.1401095680501876,2805.0559578701846,-6.944085616498628e-05,0.0,0.0,0.0,-0.0038683852873293892,0.0,0.0,1.0
1779268308.7151742,-109.83791202676336,-175.70599869541252,-2.1401095680449993,2813.5900554725476,6.944085904647706e-05,0.0,0.0,0.0,-0.0038554161821503304,0.0,0.0,1.0
1779268308.7255547,-110.35094502939869,-176.50761266486123,-2.1401095680390343,2823.1089352172203,-6.94408618733726e-05,0.0,0.0,0.0,-0.0038453939599520618,0.0,0.0,1.0
1779268308.736169,-110.31218960549784,-176.44705731423576,-2.1401095680327553,2830.776234536536,6.944086475716557e-05,0.0,0.0,0.0,-0.003827751659781945,0.0,0.0,1.0
1779268308.7465818,-110.84303124951369,-177.27649728531176,-2.140109568025857,2840.4332499754246,-6.944086752268784e-05,0.0,0.0,0.0,-0.0038290787200309997,0.0,0.0,1.0
1779268308.7571242,-111.16801764875234,-177.78428858501198,-2.1401095679820052,2849.4464200183256,6.944087036080899e-05,0.0,0.0,0.0,-0.003810981102911717,0.0,0.0,1.0
1779268308.7674472,-111.65838789268079,-178.55049210038896,-2.140109567943571,2858.9198832285233,-6.944087258730299e-05,0.0,0.0,0.0,-0.0037999858868165808,0.0,0.0,1.0
1779268308.7777014,-112.12804368992936,-179.28432928658344,-2.1401095679092585,2868.3029379410623,6.944087587640996e-05,0.0,0.0,0.0,-0.0037835147492400016,0.0,0.0,1.0
1779268308.7883048,-112.3043900679188,-179.55987054975395,-2.140109567877541,2876.8849725260684,-6.944087828475227e-05,0.0,0.0,0.0,-0.003767872698837529,0.0,0.0,1.0
1779268308.7985506,-112.68361837226759,-180.15241477750888,-2.1401095678500757,2885.9686174529775,6.944088116018158e-05,0.0,0.0,0.0,-0.0037620328250400656,0.0,0.0,1.0
1779268308.8091161,-112.95894612587495,-180.582614407728,-2.140109567824658,2894.941921794345,-6.944088378435847e-05,0.0,0.0,0.0,-0.0037495353233784803,0.0,0.0,1.0
1779268308.81965,-113.3889405068308,-181.25448060996874,-2.1401095678019284,2904.4923314973717,6.944088647291745e-05,0.0,0.0,0.0,-0.003740513789785484,0.0,0.0,1.0
1779268308.829991,-113.8025397740906,-181.9007294432136,-2.1401095677819506,2913.85401412467,-6.9440889085184e-05,0.0,0.0,0.0,-0.003726510833541182,0.0,0.0,1.0
1779268308.8403382,-114.24631845391572,-182.59413359846144,-2.140109567763998,2923.3546539082563,6.94408917004462e-05,0.0,0.0,0.0,-0.0037131403516519916,0.0,0.0,1.0
1779268308.8508854,-114.56192603108505,-183.08727042413307,-2.1401095677475754,2932.566667802086,-6.944089432993561e-05,0.0,0.0,0.0,-0.003698900535581665,0.0,0.0,1.0
1779268308.861185,-114.97460681443411,-183.73208411278077,-2.140109567733187,2941.9678426739138,6.944089689619085e-05,0.0,0.0,0.0,-0.003688839715782318,0.0,0.0,1.0
1779268308.8716333,-115.17307322932332,-184.04218788433002,-2.1401095677201036,2950.7116589348725,-6.944089957676194e-05,0.0,0.0,0.0,-0.0036757666865145106,0.0,0.0,1.0
1779268308.8816931,-115.6645604247861,-184.81013657090142,-2.1401095677087523,2960.2583822295696,6.944090217099675e-05,0.0,0.0,0.0,-0.003669512564105125,0.0,0.0,1.0
1779268308.8917623,-116.19130820116612,-185.63317990641582,-2.1401095676984885,2969.968329517477,-6.944090471899988e-05,0.0,0.0,0.0,-0.003654115860640731,0.0,0.0,1.0
1779268308.901835,-116.60082978365747,-186.2730573316137,-2.1401095676892345,2979.2664605873406,6.944090729998635e-05,0.0,0.0,0.0,-0.003637757347556381,0.0,0.0,1.0
1779268308.9120636,-116.85745209069815,-186.6740296632168,-2.1401095676807613,2988.147734306013,-6.944090976167454e-05,0.0,0.0,0.0,-0.0036251402241216438,0.0,0.0,1.0
1779268308.9221745,-117.38931279061458,-187.5050619342451,-2.140109567673175,2997.982499730931,6.944091228479901e-05,0.0,0.0,0.0,-0.003617278355406998,0.0,0.0,1.0
1779268308.9325225,-117.68752323507567,-187.97101571973056,-2.1401095676661757,3007.1659430445006,-6.944091480785883e-05,0.0,0.0,0.0,-0.00360109235418466,0.0,0.0,1.0
1779268308.9430113,-118.06098758860519,-188.55455372370218,-2.1401095676597803,3016.751233193859,6.944091722892272e-05,0.0,0.0,0.0,-0.003592080206501017,0.0,0.0,1.0
1779268308.9530966,-118.39829172616463,-189.08159142961156,-2.1401095676433752,3025.935610381336,-6.944091974414822e-05,0.0,0.0,0.0,-0.003580857239952478,0.0,0.0,1.0
1779268308.963199,-118.74301315814654,-189.6202186518029,-2.140109567628912,3035.165548144455,6.944092223429253e-05,0.0,0.0,0.0,-0.003570781067188002,0.0,0.0,1.0
1779268308.973235,-119.23953271158683,-190.39603040809345,-2.1401095676162543,3044.930590724469,-6.944092469832842e-05,0.0,0.0,0.0,-0.0035605417348356584,0.0,0.0,1.0
1779268308.983499,-119.61081756406935,-190.97616296241586,-2.1401095676048794,3054.441895523312,6.944092713122205e-05,0.0,0.0,0.0,-0.003545896261434801,0.0,0.0,1.0
1779268308.993866,-119.90520830763649,-191.4361484812936,-2.140109567594846,3063.7748107248844,-6.944092958280904e-05,0.0,0.0,0.0,-0.003535023240707333,0.0,0.0,1.0
1779268309.0039656,-120.301704410544,-192.0556736025289,-2.140109567586342,3073.294830886376,6.944093198791143e-05,0.0,0.0,0.0,-0.0035264493379919435,0.0,0.0,1.0
1779268309.0145154,-120.6374552601527,-192.58028427408453,-2.1401095675786244,3082.9890193564797,-6.944093442720144e-05,0.0,0.0,0.0,-0.0035149671920504527,0.0,0.0,1.0
1779268309.0251496,-121.11891919177367,-193.3325716086996,-2.140109567571946,3093.323988091358,6.944093675706013e-05,0.0,0.0,0.0,-0.0035053024778345294,0.0,0.0,1.0
1779268309.0352662,-121.52445469603569,-193.9662207849136,-2.1401095675665247,3102.96351343238,-6.944093913912528e-05,0.0,0.0,0.0,-0.00349153572695155,0.0,0.0,1.0
1779268309.0452979,-122.00587194031424,-194.71843516469494,-2.1401095675619337,3112.846290009025,6.94409414965595e-05,0.0,0.0,0.0,-0.0034800236595119408,0.0,0.0,1.0
1779268309.0558343,-122.35757564804581,-195.26797216473022,-2.140109567557845,3122.698939175277,-6.944094387692947e-05,0.0,0.0,0.0,-0.003466455668950848,0.0,0.0,1.0
1779268309.066074,-122.69029317605009,-195.78784325990168,-2.1401095675545396,3132.250870787857,6.944094621131442e-05,0.0,0.0,0.0,-0.003456610143671409,0.0,0.0,1.0
1779268309.076577,-123.00483385014707,-196.27931302272356,-2.1401095675517428,3141.994591955992,-6.944094850924418e-05,0.0,0.0,0.0,-0.003447347453238887,0.0,0.0,1.0
1779268309.0868325,-123.37838068906873,-196.86297990623427,-2.1401095675495463,3151.7715355700457,6.944095078605911e-05,0.0,0.0,0.0,-0.0034386363293211876,0.0,0.0,1.0
1779268309.0969794,-123.69509946819309,-197.35785295464393,-2.140109567547825,3161.2684584197136,-6.944095314717437e-05,0.0,0.0,0.0,-0.0034283480546039085,0.0,0.0,1.0
1779268309.1072173,-124.27107188926277,-198.25780977325277,-2.1401095675465203,3171.8297270921553,6.944095537389793e-05,0.0,0.0,0.0,-0.003419673051145695,0.0,0.0,1.0
1779268309.117583,-124.54810586088207,-198.69067531476236,-2.1401095675455477,3181.4223337865437,-6.944095767081227e-05,0.0,0.0,0.0,-0.00340400901408743,0.0,0.0,1.0
1779268309.1278248,-125.01244161952306,-199.41619986545763,-2.140109567544934,3191.628796819822,6.944095969310562e-05,0.0,0.0,0.0,-0.0033965258519704123,0.0,0.0,1.0
1779268309.138345,-125.43640650901872,-200.0786449393578,-2.140109567544605,3201.9556592213103,-6.944096218956756e-05,0.0,0.0,0.0,-0.003384056854508094,0.0,0.0,1.0
1779268309.1486206,-125.79701684052687,-200.6420985227301,-2.14010956754558,3211.863167069294,6.94409641964961e-05,0.0,0.0,0.0,-0.0033727516404182057,0.0,0.0,1.0
1779268309.1587713,-126.2560951802069,-201.3594083517304,-2.1401095675466446,3222.0515264354813,-6.944096647732912e-05,0.0,0.0,0.0,-0.0033631950779875477,0.0,0.0,1.0
1779268309.1691864,-126.58234293801505,-201.86917041903075,-2.140109567547813,3232.005255972114,6.944096854133363e-05,0.0,0.0,0.0,-0.0033511070799763063,0.0,0.0,1.0
1779268309.1793737,-126.95113541423376,-202.44540860130755,-2.140109567549029,3241.9421625039568,-6.944097074206688e-05,0.0,0.0,0.0,-0.003342569328685997,0.0,0.0,1.0
1779268309.1893163,-127.6134375024374,-203.48025550192318,-2.140109567550303,3252.7842683581885,6.944097290985724e-05,0.0,0.0,0.0,-0.003332970433558365,0.0,0.0,1.0
1779268309.1999345,-127.85560407971718,-203.8586407383843,-2.1401095675516917,3262.686324777748,-6.944097491344773e-05,0.0,0.0,0.0,-0.0033158697889338886,0.0,0.0,1.0
1779268309.210079,-128.31186252823537,-204.57154448685793,-2.140109567553079,3272.9894305790463,6.944097714702303e-05,0.0,0.0,0.0,-0.00330966077608165,0.0,0.0,1.0
1779268309.2205458,-128.6263308842328,-205.0629012398613,-2.1401095675545436,3283.0686682904334,-6.944097914034759e-05,0.0,0.0,0.0,-0.0032980255202935834,0.0,0.0,1.0
1779268309.2306378,-129.0696959092773,-205.7556590160687,-2.1401095675560033,3293.34825326834,6.944098132069185e-05,0.0,0.0,0.0,-0.0032900536268010675,0.0,0.0,1.0
1779268309.2407942,-129.42945108879138,-206.31777642280412,-2.140109567557494,3303.388492066403,-6.944098333564484e-05,0.0,0.0,0.0,-0.0032788794001022805,0.0,0.0,1.0
1779268309.2511184,-129.85152520680094,-206.9772671601796,-2.140109567559044,3313.8333182321,6.94409853721282e-05,0.0,0.0,0.0,-0.003269868038936581,0.0,0.0,1.0
1779268309.2613664,-130.41798276019335,-207.8623569905613,-2.140109567560619,3324.780207625451,-6.944098752123673e-05,0.0,0.0,0.0,-0.003259358617053192,0.0,0.0,1.0
1779268309.271742,-130.82860497772205,-208.50395413519843,-2.1401095675622224,3335.288770554607,6.944098953379899e-05,0.0,0.0,0.0,-0.0032453598372442684,0.0,0.0,1.0
1779268309.282018,-131.16218429564356,-209.02517176228696,-2.1401095675638175,3345.449291201456,-6.944099155771572e-05,0.0,0.0,0.0,-0.003235287135155693,0.0,0.0,1.0
1779268309.2920768,-131.66804616447462,-209.8155808456563,-2.140109567565403,3356.0768812966185,6.944099358268223e-05,0.0,0.0,0.0,-0.0032271502342086545,0.0,0.0,1.0
1779268309.3026268,-132.01815892836032,-210.3626319790926,-2.140109567567071,3366.6067340690424,-6.944099556807279e-05,0.0,0.0,0.0,-0.0032148886938072603,0.0,0.0,1.0
1779268309.3129497,-132.2622388033616,-210.74400674172006,-2.1401095675686967,3376.560090533871,6.944099753191123e-05,0.0,0.0,0.0,-0.0032064567582453032,0.0,0.0,1.0
1779268309.3232548,-132.9048931049477,-211.74815397769916,-2.1401095675703607,3388.0110410249067,-6.944099943080149e-05,0.0,0.0,0.0,-0.003200604581748783,0.0,0.0,1.0
1779268309.3334196,-133.31281831788093,-212.3855370527431,-2.140109567571985,3398.4861626830634,6.944100136236556e-05,0.0,0.0,0.0,-0.0031852976701297895,0.0,0.0,1.0
1779268309.3439844,-133.71013749279595,-213.00634819513522,-2.140109567573681,3409.3221300755195,-6.944100330448225e-05,0.0,0.0,0.0,-0.0031756573296960137,0.0,0.0,1.0
1779268309.354557,-134.0682265989526,-213.56586236728907,-2.1401095675738713,3420.0527139204273,6.944100525213853e-05,0.0,0.0,0.0,-0.003166323568989899,0.0,0.0,1.0
1779268309.3649988,-134.48002875038017,-214.20930316281056,-2.140109567574263,3430.8918104164845,-6.94410072035201e-05,0.0,0.0,0.0,-0.0031579582841424502,0.0,0.0,1.0
1779268309.3752625,-134.90719597243225,-214.87675187793874,-2.1401095675748185,3441.645193879854,6.944100915816052e-05,0.0,0.0,0.0,-0.0031483926899086283,0.0,0.0,1.0
1779268309.3855603,-135.38162209397535,-215.61804261497736,-2.140109567575533,3452.6421673516074,-6.944101104772478e-05,0.0,0.0,0.0,-0.003138531225500766,0.0,0.0,1.0
1779268309.3959231,-135.79944015365206,-216.27088326461018,-2.1401095675763826,3463.509586930166,6.944101297023396e-05,0.0,0.0,0.0,-0.0031276509084618522,0.0,0.0,1.0
1779268309.4065213,-136.1786068386383,-216.8633311475603,-2.140109567577375,3474.4912935255775,-6.944101485173489e-05,0.0,0.0,0.0,-0.0031181311018672817,0.0,0.0,1.0
1779268309.4170206,-136.6283659031709,-217.56607961109242,-2.140109567578472,3485.666752004002,6.944101675385763e-05,0.0,0.0,0.0,-0.0031095419698518533,0.0,0.0,1.0
1779268309.427578,-136.99705611522833,-218.14215800618106,-2.140109567579666,3496.637767033102,-6.944101861541149e-05,0.0,0.0,0.0,-0.0030994148846549417,0.0,0.0,1.0
1779268309.4376376,-137.62003491915266,-219.11556228221963,-2.1401095675808994,3508.1082167041272,6.94410204752066e-05,0.0,0.0,0.0,-0.003091162270196296,0.0,0.0,1.0
1779268309.4478729,-137.91213004850633,-219.57196087309924,-2.1401095675821957,3518.539909117695,-6.944102229805498e-05,0.0,0.0,0.0,-0.0030773171767730584,0.0,0.0,1.0
1779268309.4580173,-138.48013197932445,-220.45946379385865,-2.1401095675835653,3529.944454453276,6.944102405126245e-05,0.0,0.0,0.0,-0.0030708682671241236,0.0,0.0,1.0
1779268309.4682443,-138.90590096687112,-221.1247277648862,-2.1401095675849873,3540.923351170218,-6.94410259382995e-05,0.0,0.0,0.0,-0.003058404921588269,0.0,0.0,1.0
1779268309.4786062,-139.25616012656022,-221.67200764262634,-2.140109567586469,3551.7723500183156,6.944102760941026e-05,0.0,0.0,0.0,-0.003049128650198598,0.0,0.0,1.0
1779268309.4886518,-139.82872129736936,-222.56663437454873,-2.1401095675879622,3563.1817843303797,-6.944102943356526e-05,0.0,0.0,0.0,-0.003041539599682018,0.0,0.0,1.0
1779268309.4989114,-140.27861003409657,-223.2695854490613,-2.1401095675895134,3574.363920557992,6.944103116993526e-05,0.0,0.0,0.0,-0.0030292149589983574,0.0,0.0,1.0
1779268309.5094802,-140.65615521348508,-223.85949972747727,-2.1401095675911423,3585.6177844290905,-6.94410329487731e-05,0.0,0.0,0.0,-0.0030196007494055852,0.0,0.0,1.0
1779268309.5195956,-141.31462829698063,-224.88836380788888,-2.1401095675927446,3597.502075549481,6.944103470029896e-05,0.0,0.0,0.0,-0.003011579506483782,0.0,0.0,1.0
1779268309.5299492,-141.56135843411786,-225.27387960493039,-2.1401095675943735,3608.1162439882955,-6.944103642217992e-05,0.0,0.0,0.0,-0.002997691234230037,0.0,0.0,1.0
1779268309.5401518,-142.13823862029093,-226.17525479703005,-2.1401095675960224,3619.841788178032,6.944103819636255e-05,0.0,0.0,0.0,-0.0029925202268864504,0.0,0.0,1.0
1779268309.550394,-142.51922849177262,-226.77055144333912,-2.1401095675880666,3630.9066208052973,-6.944103976437113e-05,0.0,0.0,0.0,-0.0029804992219004556,0.0,0.0,1.0
1779268309.5607405,-143.00377327994488,-227.5276526256325,-2.140109567581329,3642.495703378859,6.94410415122846e-05,0.0,0.0,0.0,-0.002972613021711884,0.0,0.0,1.0
1779268309.5711176,-143.32838103972387,-228.03485222481635,-2.140109567575727,3653.5442779905743,-6.944104312228416e-05,0.0,0.0,0.0,-0.0029626433857474228,0.0,0.0,1.0
1779268309.5815935,-143.76651555352544,-228.71943735469813,-2.140109567571142,3665.146000312597,6.944104478730773e-05,0.0,0.0,0.0,-0.002956001825839997,0.0,0.0,1.0
1779268309.591871,-144.29107218903252,-229.5390570315003,-2.1401095675675808,3676.903582180015,-6.944104657857834e-05,0.0,0.0,0.0,-0.0029470845421395485,0.0,0.0,1.0
1779268309.6021247,-144.85448737389993,-230.41939318238389,-2.1401095675648465,3688.813159400667,6.944104813119813e-05,0.0,0.0,0.0,-0.002936478823951685,0.0,0.0,1.0
1779268309.6127245,-145.19559364948893,-230.9523716987869,-2.1401095675627486,3700.2621528067616,-6.944104982946702e-05,0.0,0.0,0.0,-0.002925172139020184,0.0,0.0,1.0
1779268309.62286,-145.70237304545594,-231.7442144345353,-2.1401095675614057,3711.91994087113,6.944105141123581e-05,0.0,0.0,0.0,-0.0029183689997945004,0.0,0.0,1.0
1779268309.6333535,-146.2128225667033,-232.54179173904734,-2.1401095675606094,3723.968474709183,-6.944105302466891e-05,0.0,0.0,0.0,-0.002908319836015235,0.0,0.0,1.0
1779268309.6433907,-146.7898387689266,-233.44337946887808,-2.140109567560357,3735.8353083875472,6.94410546399823e-05,0.0,0.0,0.0,-0.002898267612112257,0.0,0.0,1.0
1779268309.6536818,-146.92360886340683,-233.65239522994514,-2.1401095675604815,3746.339960845153,-6.9441056276913e-05,0.0,0.0,0.0,-0.002886987839027852,0.0,0.0,1.0
1779268309.6637442,-147.72599678778346,-234.90612623434876,-2.140109567561096,3759.128645706885,6.9441057882441e-05,0.0,0.0,0.0,-0.002884385375743693,0.0,0.0,1.0
1779268309.6743,-148.12597297238798,-235.53108896337247,-2.1401095675620576,3770.954821861162,-6.944105947488506e-05,0.0,0.0,0.0,-0.002868873004203271,0.0,0.0,1.0
1779268309.6847465,-148.54404049018473,-236.18431939617244,-2.140109567563342,3782.7759253366467,6.944106104296669e-05,0.0,0.0,0.0,-0.002861202515669488,0.0,0.0,1.0
1779268309.6954117,-148.88576485870774,-236.71826367038855,-2.140109567564945,3794.5663648205427,-6.944106261973301e-05,0.0,0.0,0.0,-0.0028532288005563016,0.0,0.0,1.0
1779268309.7055912,-149.25604015633687,-237.29681876523762,-2.1401095675667188,3806.0005410313347,6.944106423212331e-05,0.0,0.0,0.0,-0.002846744098339399,0.0,0.0,1.0
1779268309.7160244,-149.98276328268372,-238.43232353085938,-2.1401095675688255,3819.052782611414,-6.94410658285465e-05,0.0,0.0,0.0,-0.0028397507911425857,0.0,0.0,1.0
1779268309.7260675,-150.54575467887068,-239.31199749520306,-2.1401095675710127,3831.122164403594,6.944106744343135e-05,0.0,0.0,0.0,-0.002826124739645371,0.0,0.0,1.0
1779268309.736365,-150.9081949294145,-239.87831032823442,-2.1401095675733974,3842.7391284773635,-6.944106891488584e-05,0.0,0.0,0.0,-0.0028156582141652103,0.0,0.0,1.0
1779268309.7469754,-151.3368316932445,-240.54805520146132,-2.1401095675760287,3854.9522290999907,6.944107060263776e-05,0.0,0.0,0.0,-0.0028089610411224826,0.0,0.0,1.0
1779268309.757116,-151.83745883571618,-241.33028504426167,-2.1401095675748474,3866.984984559653,-6.94410720449756e-05,0.0,0.0,0.0,-0.002801081689916705,0.0,0.0,1.0
1779268309.7671473,-152.45820340344028,-242.30019834121202,-2.140109567574302,3879.378953219048,6.944107366522916e-05,0.0,0.0,0.0,-0.0027919347806889786,0.0,0.0,1.0
1779268309.7775927,-153.0362564388113,-243.20340612490043,-2.1401095675743,3892.087152638959,-6.944107511994664e-05,0.0,0.0,0.0,-0.002780675833308533,0.0,0.0,1.0
1779268309.7877889,-153.57380652969985,-244.04332806264438,-2.140109567574787,3904.408920946722,6.944107666475674e-05,0.0,0.0,0.0,-0.0027702725646281522,0.0,0.0,1.0
1779268309.7984688,-153.7066363999492,-244.25087472381236,-2.1401095675756983,3915.771164927459,-6.944107813859492e-05,0.0,0.0,0.0,-0.002760667839531495,0.0,0.0,1.0
1779268309.80848,-154.42490053253022,-245.37316231764177,-2.1401095675770243,3928.638730109389,6.944107965772962e-05,0.0,0.0,0.0,-0.002758304752359588,0.0,0.0,1.0
1779268309.818601,-154.92184679573865,-246.14964077730403,-2.1401095675786643,3940.821536920766,-6.944108110536223e-05,0.0,0.0,0.0,-0.0027455962972474284,0.0,0.0,1.0
1779268309.8287413,-155.42102982547706,-246.92961418320604,-2.14010956758061,3953.0719252685667,6.944108257921857e-05,0.0,0.0,0.0,-0.0027368720056752597,0.0,0.0,1.0
1779268309.8393676,-155.85511869307413,-247.60787797119104,-2.1401095675829347,3965.633156979248,-6.944108401879835e-05,0.0,0.0,0.0,-0.0027281640853743334,0.0,0.0,1.0
1779268309.849918,-156.42476799931765,-248.49795492036105,-2.140109567585522,3978.656268393936,6.94410854913568e-05,0.0,0.0,0.0,-0.002720636610313555,0.0,0.0,1.0
1779268309.8605063,-156.79356200705087,-249.0741954991082,-2.140109567588309,3991.013965898021,-6.944108694404078e-05,0.0,0.0,0.0,-0.00271082119175954,0.0,0.0,1.0
1779268309.8710322,-157.2938966059863,-249.85596822830877,-2.140109567591295,4003.825876431014,6.94410884026842e-05,0.0,0.0,0.0,-0.0027045043186591385,0.0,0.0,1.0
1779268309.8817716,-157.55235334592498,-250.25980684356807,-2.1401095675944783,4016.009267849596,-6.944108982653473e-05,0.0,0.0,0.0,-0.0026959812690450645,0.0,0.0,1.0
1779268309.892178,-158.21732745013534,-251.29882877025244,-2.140109567597773,4029.383168340802,6.944109125716295e-05,0.0,0.0,0.0,-0.0026915995461839906,0.0,0.0,1.0
1779268309.9024413,-158.67938869080635,-252.02079938179386,-2.140109567601104,4041.8703532828245,-6.944109264448742e-05,0.0,0.0,0.0,-0.0026803911502947518,0.0,0.0,1.0
1779268309.9127297,-158.85502858720773,-252.29523669144436,-2.1401095676044943,4053.3483923424005,6.944109402357772e-05,0.0,0.0,0.0,-0.002672657738114952,0.0,0.0,1.0
1779268309.9229696,-159.54091394379395,-253.36693244491696,-2.1401095676080426,4066.688080017598,-6.944109537375231e-05,0.0,0.0,0.0,-0.002669729788255626,0.0,0.0,1.0
1779268309.932929,-160.46010386318343,-254.8031665374546,-2.1401095676116104,4080.62345367419,6.944109678467003e-05,0.0,0.0,0.0,-0.0026583571189601864,0.0,0.0,1.0
1779268309.9433475,-161.14461888853458,-255.87272114789397,-2.140109567615395,4094.240048325505,-6.944109811140905e-05,0.0,0.0,0.0,-0.0026432670936117194,0.0,0.0,1.0
1779268309.9539604,-161.3993151309621,-256.270683920338,-2.1401095676334965,4106.51177332071,6.944109950624293e-05,0.0,0.0,0.0,-0.0026321404680978706,0.0,0.0,1.0
1779268309.9645517,-161.7454143646271,-256.81146385759496,-2.140109567649683,4119.137391378699,-6.944110080117454e-05,0.0,0.0,0.0,-0.002628024261128114,0.0,0.0,1.0
1779268309.97463,-162.34245179953012,-257.74433469958524,-2.140109567663499,4132.152323242244,6.944110217429134e-05,0.0,0.0,0.0,-0.0026224514826692245,0.0,0.0,1.0
1779268309.9850256,-162.96480025119808,-258.71675400441575,-2.1401095676763155,4145.611843966732,-6.944110348272795e-05,0.0,0.0,0.0,-0.0026128935671487865,0.0,0.0,1.0
1779268309.995376,-163.67713652610388,-259.829779272137,-2.140109567687842,4159.429850546522,6.944110481807577e-05,0.0,0.0,0.0,-0.0026030043364104194,0.0,0.0,1.0
1779268310.0057921,-164.27857277665944,-260.76952327456877,-2.1401095676982735,4172.948999905902,-6.944110611172213e-05,0.0,0.0,0.0,-0.002591776669839119,0.0,0.0,1.0
1779268310.0164924,-164.4544545443368,-261.0443384732237,-2.1401095677078716,4185.239741221835,6.944110743151188e-05,0.0,0.0,0.0,-0.0025823721175941487,0.0,0.0,1.0
1779268310.0269687,-165.0847098886938,-262.0291123116094,-2.140109567716346,4199.0166383524265,-6.944110873733882e-05,0.0,0.0,0.0,-0.0025796347504174716,0.0,0.0,1.0
1779268310.0373693,-165.46245869041167,-262.61934472357495,-2.140109567723895,4211.7991657191715,6.94411100185784e-05,0.0,0.0,0.0,-0.002569873210929196,0.0,0.0,1.0
1779268310.0478776,-165.98547987589956,-263.4365652126519,-2.140109567730781,4225.282908958529,-6.944111131202207e-05,0.0,0.0,0.0,-0.0025640578717972197,0.0,0.0,1.0
1779268310.057766,-166.9943074624661,-265.0128581237354,-2.140109567736647,4239.897973302082,6.944111255788096e-05,0.0,0.0,0.0,-0.0025560494257433437,0.0,0.0,1.0
1779268310.068452,-167.22081324478495,-265.36677335032516,-2.140109567742357,4252.545029995214,-6.944111384283574e-05,0.0,0.0,0.0,-0.002540742842388339,0.0,0.0,1.0
1779268310.0790908,-167.59780543099384,-265.9558235592564,-2.1401095677474893,4265.74690101228,6.944111506633984e-05,0.0,0.0,0.0,-0.0025373313049070908,0.0,0.0,1.0
1779268310.0894275,-168.24748854091072,-266.9709532919269,-2.1401095677519986,4279.646857426495,-6.94411163568102e-05,0.0,0.0,0.0,-0.0025316734831914937,0.0,0.0,1.0
1779268310.099623,-168.66407622967964,-267.62187147072996,-2.140109567756018,4292.553442720011,6.944111760042396e-05,0.0,0.0,0.0,-0.002521982165964426,0.0,0.0,1.0
1779268310.1095545,-169.59884047556636,-269.0824404327445,-2.140109567759596,4307.1121463901945,-6.944111886886064e-05,0.0,0.0,0.0,-0.002515806873684932,0.0,0.0,1.0
1779268310.1198711,-170.06875132004944,-269.8166760355339,-2.1401095677629707,4320.426266212214,6.944112009560669e-05,0.0,0.0,0.0,-0.002502059857782261,0.0,0.0,1.0
1779268310.130502,-170.34554382919706,-270.2491642732973,-2.140109567766127,4333.4249663165465,-6.944112130903506e-05,0.0,0.0,0.0,-0.002495205746108706,0.0,0.0,1.0
1779268310.1411326,-171.04134519541049,-271.3363537793524,-2.1401095677690103,4348.029370416951,6.944112252544853e-05,0.0,0.0,0.0,-0.0024911859979388443,0.0,0.0,1.0
1779268310.1515996,-171.52106582954465,-272.08591713407003,-2.1401095677813156,4361.671528761228,-6.94411236533895e-05,0.0,0.0,0.0,-0.0024811381320710884,0.0,0.0,1.0
1779268310.1616957,-172.20500080742124,-273.1545653731914,-2.140109567791711,4375.672308103751,6.944112488868106e-05,0.0,0.0,0.0,-0.0024742576591879444,0.0,0.0,1.0
1779268310.1723497,-172.56360686204246,-273.71488722822903,-2.140109567801284,4389.103112603917,-6.944112608424545e-05,0.0,0.0,0.0,-0.0024645139577871905,0.0,0.0,1.0
1779268310.1824222,-173.06205357626484,-274.49371009638276,-2.140109567809216,4402.507921422026,6.944112724103317e-05,0.0,0.0,0.0,-0.002459435653178515,0.0,0.0,1.0
1779268310.1925945,-173.7960250627786,-275.64054038440986,-2.140109567816166,4416.89845492565,-6.944112840944432e-05,0.0,0.0,0.0,-0.0024524117132229,0.0,0.0,1.0
1779268310.2026377,-174.48976557282387,-276.7245097825104,-2.1401095678221056,4431.005354410013,6.944112956013726e-05,0.0,0.0,0.0,-0.002442141583876691,0.0,0.0,1.0
1779268310.2132998,-174.77217752694798,-277.16577838406874,-2.140109567827559,4444.3667688764,-6.944113070472328e-05,0.0,0.0,0.0,-0.0024325131518675948,0.0,0.0,1.0
1779268310.2234128,-175.45106942462675,-278.22654683369916,-2.140109567831953,4458.579401932893,6.944113186728055e-05,0.0,0.0,0.0,-0.002428615248930264,0.0,0.0,1.0
1779268310.2335074,-176.08240290243558,-279.2130052629782,-2.140109567835689,4472.632929132265,-6.944113298311539e-05,0.0,0.0,0.0,-0.0024192960045758345,0.0,0.0,1.0
1779268310.2436814,-176.77118611970002,-280.28922890237624,-2.1401095678388624,4487.030269719501,6.944113411161418e-05,0.0,0.0,0.0,-0.002410693553918244,0.0,0.0,1.0
1779268310.2541697,-177.37975439202964,-281.2401167056248,-2.1401095678415856,4501.547099691117,-6.944113521555902e-05,0.0,0.0,0.0,-0.002401377815209006,0.0,0.0,1.0
1779268310.264864,-177.57087056852478,-281.5387356825356,-2.1401095678438646,4514.806282366227,6.944113629784984e-05,0.0,0.0,0.0,-0.0023932066813792674,0.0,0.0,1.0
1779268310.2749565,-178.46451408086548,-282.93505350356514,-2.1401095678455526,4529.985896444636,-6.944113740568592e-05,0.0,0.0,0.0,-0.002390652052042021,0.0,0.0,1.0
1779268310.2850718,-179.02567394730406,-283.8118656864563,-2.1401095678468876,4543.985895118179,6.944113851170382e-05,0.0,0.0,0.0,-0.002378778880521763,0.0,0.0,1.0
1779268310.2951956,-179.60706557191077,-284.72028998931745,-2.1401095678478907,4558.10444181188,-6.944113958702833e-05,0.0,0.0,0.0,-0.002371383259649491,0.0,0.0,1.0
1779268310.3057165,-180.22630897837863,-285.68785769564266,-2.1401095678486173,4572.900680379513,6.944114074195002e-05,0.0,0.0,0.0,-0.0023637693489156034,0.0,0.0,1.0
1779268310.3161664,-180.6717260994422,-286.3838218621199,-2.1401095678490654,4586.998861657215,-6.944114176088873e-05,0.0,0.0,0.0,-0.0023557133192813507,0.0,0.0,1.0
1779268310.3267188,-181.1578856620716,-287.14344608748297,-2.140109567849262,4601.423156339508,6.944114288652894e-05,0.0,0.0,0.0,-0.002349952547049984,0.0,0.0,1.0
1779268310.3374543,-181.67286603777794,-287.9481028291428,-2.140109567849227,4616.225379965125,-6.944114395377119e-05,0.0,0.0,0.0,-0.0023436969096765894,0.0,0.0,1.0
1779268310.3477356,-182.1914873918649,-288.7584486448231,-2.140109567839995,4630.5149047324,6.944114503277819e-05,0.0,0.0,0.0,-0.0023371066457436255,0.0,0.0,1.0
1779268310.3582675,-182.81159543270573,-289.72736738797863,-2.140109567831578,4645.537317080281,-6.94411461168982e-05,0.0,0.0,0.0,-0.0023305071747770105,0.0,0.0,1.0
1779268310.368895,-183.21572819998326,-290.3588247998327,-2.140109567824064,4659.915167635811,6.944114718593557e-05,0.0,0.0,0.0,-0.002322665034279926,0.0,0.0,1.0
1779268310.3790283,-183.9241938893947,-291.4658023454093,-2.140109567817734,4674.81925612481,-6.944114822614504e-05,0.0,0.0,0.0,-0.0023175825563382484,0.0,0.0,1.0
1779268310.389109,-184.63981906486,-292.58396658385294,-2.1401095678121287,4689.740152460563,6.944114928004907e-05,0.0,0.0,0.0,-0.0023087261563332333,0.0,0.0,1.0
1779268310.3993309,-184.97003667669392,-293.0999315681591,-2.14010956780709,4703.444434101674,-6.944115032101464e-05,0.0,0.0,0.0,-0.002299848706917357,0.0,0.0,1.0
1779268310.4093845,-186.00474619068274,-294.71666502593774,-2.1401095678026913,4719.593365049814,6.944115134517484e-05,0.0,0.0,0.0,-0.002295775289838233,0.0,0.0,1.0
1779268310.4199626,-186.67618398715308,-295.765786486424,-2.1401095677985973,4735.098348856025,-6.944115232314145e-05,0.0,0.0,0.0,-0.0022831044628234703,0.0,0.0,1.0
1779268310.4305832,-186.95879141455123,-296.2073605600797,-2.1401095677949926,4749.251760229848,6.944115338678475e-05,0.0,0.0,0.0,-0.002274956747271596,0.0,0.0,1.0
1779268310.4408529,-187.73676400063383,-297.4229426068125,-2.140109567791936,4764.838649845121,-6.944115432374945e-05,0.0,0.0,0.0,-0.0022715447529701154,0.0,0.0,1.0
1779268310.4514368,-188.20216805604255,-298.1501363769393,-2.140109567789171,4779.716122013076,6.944115539888988e-05,0.0,0.0,0.0,-0.0022622047088644574,0.0,0.0,1.0
1779268310.4615383,-188.86598737155063,-299.18735395491086,-2.1401095677868716,4794.741934075623,-6.944115633289906e-05,0.0,0.0,0.0,-0.002256653875547649,0.0,0.0,1.0
1779268310.4718702,-189.39761401090246,-300.01802049814654,-2.1401095677848145,4809.615313535682,6.944115736654467e-05,0.0,0.0,0.0,-0.0022487835263650105,0.0,0.0,1.0
1779268310.4825163,-189.8622079408257,-300.74394844358693,-2.1401095677829733,4824.692554135793,-6.94411583147808e-05,0.0,0.0,0.0,-0.0022425199530935955,0.0,0.0,1.0
1779268310.492563,-190.74175440791558,-302.11823965556596,-2.1401095677814794,4840.562820965214,6.944115936489642e-05,0.0,0.0,0.0,-0.00223707465363371,0.0,0.0,1.0
1779268310.5027926,-191.35966277545276,-303.0837213811977,-2.1401095677801663,4855.7205542552065,-6.944116024664812e-05,0.0,0.0,0.0,-0.0022268379606183108,0.0,0.0,1.0
1779268310.5129197,-191.86861981808062,-303.8789666795348,-2.1401095677790485,4870.420024110568,6.944116128617357e-05,0.0,0.0,0.0,-0.00221970221841051,0.0,0.0,1.0
1779268310.5229654,-192.68224616307748,-305.1502577097712,-2.140109567778108,4886.165376336923,-6.944116222202623e-05,0.0,0.0,0.0,-0.0022138589273292784,0.0,0.0,1.0
1779268310.5338376,-192.52213063717886,-304.9000772336969,-2.1401095677772437,4899.39815525105,6.944116319382362e-05,0.0,0.0,0.0,-0.0022045813836831098,0.0,0.0,1.0
1779268310.5437446,-194.10751266100607,-307.3772363783502,-2.140109567776606,4917.911307229607,-6.944116410863154e-05,0.0,0.0,0.0,-0.002206400989108738,0.0,0.0,1.0
1779268310.5539775,-194.69272823188396,-308.2916356169739,-2.1401095677750464,4933.178289670919,6.944116502532082e-05,0.0,0.0,0.0,-0.002188515529973797,0.0,0.0,1.0
1779268310.5648487,-194.83431785600877,-308.5128693894556,-2.140109567773642,4947.694143722942,-6.944116598838715e-05,0.0,0.0,0.0,-0.0021819864905682092,0.0,0.0,1.0
1779268310.5750058,-195.7148895345723,-309.8887624935873,-2.140109567772563,4964.044676359331,6.944116692821824e-05,0.0,0.0,0.0,-0.0021804126798928747,0.0,0.0,1.0
1779268310.585068,-196.47370495633191,-311.0744114664943,-2.1401095677716793,4979.850518676829,-6.944116785238892e-05,0.0,0.0,0.0,-0.00217067556457279,0.0,0.0,1.0
1779268310.5953503,-197.0408000908394,-311.9604975228901,-2.1401095677709434,4995.2666617450495,6.944116876368909e-05,0.0,0.0,0.0,-0.002162354288697338,0.0,0.0,1.0
1779268310.6058784,-197.75276914923697,-313.0729490599642,-2.140109567770351,5011.615688272022,-6.944116968783128e-05,0.0,0.0,0.0,-0.002156176982331875,0.0,0.0,1.0
1779268310.616424,-198.19618164972906,-313.7657810207827,-2.1401095677698976,5027.032115810077,6.944117060423917e-05,0.0,0.0,0.0,-0.002148471369795715,0.0,0.0,1.0
1779268310.6268406,-198.96183646153577,-314.9621165371017,-2.1401095677695814,5043.518078558824,-6.944117154701191e-05,0.0,0.0,0.0,-0.002143700105056326,0.0,0.0,1.0
1779268310.6375837,-198.12856755291318,-313.66013401429854,-2.1401095677693416,5054.513389511482,6.944117243341443e-05,0.0,0.0,0.0,-0.002135511101635375,0.0,0.0,1.0
1779268310.647663,-199.9235937172524,-316.46486209122196,-2.1401095677692585,5074.506556633549,-6.944117334699064e-05,0.0,0.0,0.0,-0.0021444262923962826,0.0,0.0,1.0
1779268310.6577146,-201.0218352682358,-318.1808643289801,-2.1401095677692474,5091.856886713939,6.944117420476551e-05,0.0,0.0,0.0,-0.0021253129297749826,0.0,0.0,1.0
1779268310.6681929,-201.46141846111786,-318.86771299502664,-2.1401095677693016,5107.387546726688,-6.944117512826507e-05,0.0,0.0,0.0,-0.0021137859880289746,0.0,0.0,1.0
1779268310.6786869,-202.1554401992423,-319.9521218440188,-2.1401095677694313,5123.92225386392,6.944117599757762e-05,0.0,0.0,0.0,-0.002109207168080422,0.0,0.0,1.0
1779268310.6892064,-202.8182368205431,-320.98774145304634,-2.1401095677696236,5140.430912452853,-6.944117688128004e-05,0.0,0.0,0.0,-0.0021020182895656854,0.0,0.0,1.0
1779268310.6993825,-203.3699324952409,-321.84976585175474,-2.14010956776986,5156.081574708589,6.944117774767602e-05,0.0,0.0,0.0,-0.0020951984476111716,0.0,0.0,1.0
1779268310.709685,-204.1780728628008,-323.11248503884224,-2.1401095677701516,5172.919517245842,-6.944117861901155e-05,0.0,0.0,0.0,-0.002089555434947965,0.0,0.0,1.0
1779268310.719963,-204.72020320571943,-323.95956360787807,-2.1401095677704793,5188.7764563672945,6.944117946078572e-05,0.0,0.0,0.0,-0.0020813440384752097,0.0,0.0,1.0
1779268310.7300901,-205.3169290703222,-324.89194766997576,-2.140109567770838,5204.658488238253,-6.944118028871592e-05,0.0,0.0,0.0,-0.002075871604583451,0.0,0.0,1.0
1779268310.7402785,-206.02319405402253,-325.99548658670835,-2.140109567771234,5221.079807029817,6.944118108218187e-05,0.0,0.0,0.0,-0.002069881239895199,0.0,0.0,1.0
1779268310.7504919,-206.59675370311143,-326.89167348344574,-2.140109567764068,5237.075808864336,-6.94411819310949e-05,0.0,0.0,0.0,-0.0020628357649066995,0.0,0.0,1.0
1779268310.760934,-207.4193864161335,-328.1770369961923,-2.140109567757786,5254.391669761967,6.944118272983502e-05,0.0,0.0,0.0,-0.002057149340194342,0.0,0.0,1.0
1779268310.7711284,-207.99643624366698,-329.0786772873238,-2.1401095677525825,5270.467895519703,-6.944118349079424e-05,0.0,0.0,0.0,-0.0020490480344301917,0.0,0.0,1.0
1779268310.781269,-208.6047464460224,-330.0291619049167,-2.1401095677482136,5286.629480669699,6.944118433083425e-05,0.0,0.0,0.0,-0.002043403212486054,0.0,0.0,1.0
1779268310.7915776,-209.37625626496873,-331.23464589261323,-2.140109567744513,5303.682409287474,-6.944118517246872e-05,0.0,0.0,0.0,-0.00203748616766873,0.0,0.0,1.0
1779268310.80178,-209.9842411146768,-332.18462214061856,-2.140109567741501,5320.009592044709,6.944118603118852e-05,0.0,0.0,0.0,-0.002030030779981096,0.0,0.0,1.0
1779268310.8123987,-210.46441724026172,-332.93489727734294,-2.1401095677389677,5336.524559692664,-6.944118680468372e-05,0.0,0.0,0.0,-0.002024193925817503,0.0,0.0,1.0
1779268310.8228126,-211.23276607077943,-334.13544221309434,-2.140109567737046,5353.86364891199,6.944118761147912e-05,0.0,0.0,0.0,-0.0020196077487891853,0.0,0.0,1.0
1779268310.832934,-211.8391060698702,-335.0828483747795,-2.140109567735633,5370.20730713962,-6.944118839760158e-05,0.0,0.0,0.0,-0.002012312288907654,0.0,0.0,1.0
1779268310.8430722,-212.5643958793151,-336.21611359283503,-2.1401095677346307,5387.033531023845,6.944118920901979e-05,0.0,0.0,0.0,-0.0020065922040228075,0.0,0.0,1.0
1779268310.8530548,-213.53779054268372,-337.73704260071116,-2.1401095677340116,5404.637065187244,-6.944119001334889e-05,0.0,0.0,0.0,-0.001999792536985049,0.0,0.0,1.0
1779268310.8633943,-213.82048123423598,-338.1787467700028,-2.1401095677336586,5420.22912507255,6.944119082079732e-05,0.0,0.0,0.0,-0.00199073895390551,0.0,0.0,1.0
1779268310.8733168,-215.0400508513904,-340.08432409797734,-2.140109567733659,5438.739838057673,-6.94411915820848e-05,0.0,0.0,0.0,-0.0019881249831592,0.0,0.0,1.0
1779268310.88344,-215.556418943968,-340.8911491633916,-2.1401095677338695,5454.96643157599,6.944119237685219e-05,0.0,0.0,0.0,-0.00197692613901966,0.0,0.0,1.0
1779268310.8937352,-216.04588716415867,-341.65594318183025,-2.1401095677343167,5471.399944722819,-6.944119312026085e-05,0.0,0.0,0.0,-0.00197222245786769,0.0,0.0,1.0
1779268310.9042933,-216.66074813768677,-342.61666335498455,-2.1401095677350033,5488.736371904891,6.944119387069698e-05,0.0,0.0,0.0,-0.001967784429378892,0.0,0.0,1.0
1779268310.9146862,-217.38792969739993,-343.7528844236962,-2.1401095677358755,5506.289262031878,-6.944119469768693e-05,0.0,0.0,0.0,-0.0019622376816571157,0.0,0.0,1.0
1779268310.925191,-218.0941802183885,-344.85640074719356,-2.140109567736929,5523.991120320744,6.944119541892592e-05,0.0,0.0,0.0,-0.0019557178982000144,0.0,0.0,1.0
1779268310.9354222,-218.75674459418562,-345.891657475408,-2.140109567738093,5541.1542669440805,-6.944119618422772e-05,0.0,0.0,0.0,-0.0019494271177597769,0.0,0.0,1.0
1779268310.9459422,-219.1701937560369,-346.53767172398864,-2.1401095677394006,5557.808695039926,6.944119691593624e-05,0.0,0.0,0.0,-0.0019435621437870218,0.0,0.0,1.0
1779268310.956304,-220.3824663426347,-348.4318473926755,-2.1401095677481003,5577.325375507255,-6.944119765969084e-05,0.0,0.0,0.0,-0.0019399201697727938,0.0,0.0,1.0
1779268310.9667666,-220.7124950047634,-348.9475170844238,-2.1401095677559527,5593.748007694439,6.944119841364516e-05,0.0,0.0,0.0,-0.0019293197682028473,0.0,0.0,1.0
1779268310.9771945,-221.51786880322143,-350.2059134739181,-2.140109567763021,5611.938580398386,-6.944119917102223e-05,0.0,0.0,0.0,-0.001926453934959714,0.0,0.0,1.0
1779268310.987681,-222.4046110646112,-351.59144807589144,-2.1401095677694286,5630.5679008006855,6.944119989176039e-05,0.0,0.0,0.0,-0.0019194960445046128,0.0,0.0,1.0
1779268310.9978933,-223.15226221054309,-352.7596528374846,-2.1401095677750432,5648.310425012649,-6.944120061307314e-05,0.0,0.0,0.0,-0.0019118930920873636,0.0,0.0,1.0
1779268311.0084193,-223.71752686324496,-353.64287873654246,-2.1401095677802697,5665.89964913459,6.944120134485858e-05,0.0,0.0,0.0,-0.0019055293531327743,0.0,0.0,1.0
1779268311.018924,-224.41300649990453,-354.7295655281292,-2.140109567784983,5684.0014464433225,-6.944120205618691e-05,0.0,0.0,0.0,-0.001900746071540923,0.0,0.0,1.0
1779268311.0298069,-223.52648105347026,-353.3443696504854,-2.1401095677893345,5696.849880210853,6.944120276894126e-05,0.0,0.0,0.0,-0.0018948937602684633,0.0,0.0,1.0
1779268311.039337,-226.13529581012065,-357.42064224428776,-2.1401095677928654,5720.6698749954685,-6.944120345421097e-05,0.0,0.0,0.0,-0.0019023599860428413,0.0,0.0,1.0
1779268311.0499763,-225.7413321173026,-356.8050740261776,-2.140109567796381,5735.072234085604,6.944120415742271e-05,0.0,0.0,0.0,-0.0018805550277916565,0.0,0.0,1.0
1779268311.0598037,-227.59478461775643,-359.70109322680975,-2.140109567799373,5756.6156463546195,-6.944120486147056e-05,0.0,0.0,0.0,-0.0018838157402094454,0.0,0.0,1.0
1779268311.0705316,-227.62732408396778,-359.7519361242863,-2.1401095678023143,5772.838785407783,6.9441205584167e-05,0.0,0.0,0.0,-0.001868572991125729,0.0,0.0,1.0
1779268311.0805066,-228.95536622083955,-361.8270017243092,-2.140109567804819,5792.74672067229,-6.944120623727804e-05,0.0,0.0,0.0,-0.0018683075826972288,0.0,0.0,1.0
1779268311.0907872,-229.77493216332735,-363.10757335865566,-2.1401095678071704,5811.284712100109,6.94412069441501e-05,0.0,0.0,0.0,-0.00185753966433803,0.0,0.0,1.0
1779268311.1012828,-230.2212564131754,-363.80495491314775,-2.1401095678093567,5828.826759053077,-6.944120761626373e-05,0.0,0.0,0.0,-0.001850956241704946,0.0,0.0,1.0
1779268311.1118186,-230.74008627634396,-364.615626476881,-2.1401095678113626,5846.763174159694,6.94412083269795e-05,0.0,0.0,0.0,-0.001847390587413106,0.0,0.0,1.0
1779268311.121828,-232.01589869164778,-366.60908314953053,-2.140109567813109,5866.646244678504,-6.944120900512498e-05,0.0,0.0,0.0,-0.0018432629198334631,0.0,0.0,1.0
1779268311.1324205,-232.51306959950693,-367.38591260079784,-2.1401095678148097,5884.708312809897,6.944120966487382e-05,0.0,0.0,0.0,-0.0018331909311196533,0.0,0.0,1.0
1779268311.142879,-233.36835764442864,-368.7223000179685,-2.1401095678163538,5903.917938157115,-6.944121035695264e-05,0.0,0.0,0.0,-0.0018292957197573417,0.0,0.0,1.0
1779268311.153222,-234.0461184510244,-369.7813011600077,-2.1401095678171904,5922.337662867395,6.94412110278551e-05,0.0,0.0,0.0,-0.0018226333438194652,0.0,0.0,1.0
1779268311.1638389,-234.44015498383294,-370.39698317309103,-2.140109567818013,5940.195838103541,-6.944121170761186e-05,0.0,0.0,0.0,-0.0018173882068897847,0.0,0.0,1.0
1779268311.1741714,-235.45787207060374,-371.9871659447636,-2.1401095678187927,5959.971484490317,6.944121236732915e-05,0.0,0.0,0.0,-0.0018143526434661115,0.0,0.0,1.0
1779268311.1847992,-235.98245227253602,-372.806822418668,-2.1401095678195614,5978.4381898302345,-6.944121302339385e-05,0.0,0.0,0.0,-0.001806559111838314,0.0,0.0,1.0
1779268311.195369,-236.5559014295893,-373.7028366266667,-2.140109567820301,5997.0430463779385,6.944121366116708e-05,0.0,0.0,0.0,-0.0018025680436886207,0.0,0.0,1.0
1779268311.2056072,-237.65865177260667,-375.425883846927,-2.1401095678210025,6017.137660280617,-6.944121428768021e-05,0.0,0.0,0.0,-0.0017982253010463568,0.0,0.0,1.0
1779268311.216195,-238.23470885172696,-376.32597293287836,-2.1401095678217015,6035.89326750781,6.944121493044488e-05,0.0,0.0,0.0,-0.001789932688103325,0.0,0.0,1.0
1779268311.2264538,-239.16810912113394,-377.7844106923669,-2.1401095678223636,6055.480315593501,-6.944121553560457e-05,0.0,0.0,0.0,-0.0017856311141939973,0.0,0.0,1.0
1779268311.236564,-239.96542021655128,-379.03020914095663,-2.140109567822998,6074.3699839902065,6.944121615973169e-05,0.0,0.0,0.0,-0.0017787048829684899,0.0,0.0,1.0
1779268311.2469487,-240.21968773259957,-379.427502090118,-2.1401095678236275,6091.7376370605,-6.944121676902271e-05,0.0,0.0,0.0,-0.0017728309030303941,0.0,0.0,1.0
1779268311.257347,-241.47482361823418,-381.38865169483677,-2.1401095678242594,6112.920910189676,6.944121739159531e-05,0.0,0.0,0.0,-0.001770965804120052,0.0,0.0,1.0
1779268311.2676363,-242.1421629595514,-382.43136930011394,-2.1401095678248625,6131.773114799079,-6.944121800599935e-05,0.0,0.0,0.0,-0.0017618163536010137,0.0,0.0,1.0
1779268311.2779672,-242.8437093614436,-383.52753543170195,-2.1401095678254554,6150.840168724848,6.944121860797089e-05,0.0,0.0,0.0,-0.0017569900997487355,0.0,0.0,1.0
1779268311.2880273,-244.03340783030376,-385.3864390841051,-2.1401095678260296,6171.359437986643,-6.944121924425516e-05,0.0,0.0,0.0,-0.0017519448851106702,0.0,0.0,1.0
1779268311.2981813,-244.93193821029212,-386.79039264770194,-2.140109567826596,6190.993767142267,6.944121984213346e-05,0.0,0.0,0.0,-0.0017434550044442493,0.0,0.0,1.0
1779268311.3085365,-245.48134423996092,-387.64883947393037,-2.1401095678271598,6209.723482019273,-6.944122045853085e-05,0.0,0.0,0.0,-0.0017370972877241043,0.0,0.0,1.0
1779268311.3190353,-246.21732231546082,-388.79880508972866,-2.140109567827726,6229.440839756368,6.944122105186667e-05,0.0,0.0,0.0,-0.0017332326572963431,0.0,0.0,1.0
1779268311.3298116,-246.65938011397347,-389.4895203232483,-2.140109567828295,6248.593070487316,-6.94412216593935e-05,0.0,0.0,0.0,-0.0017280825086675442,0.0,0.0,1.0
1779268311.3401797,-247.58355617934123,-390.93354526593316,-2.140109567828839,6268.910717939216,6.944122222821576e-05,0.0,0.0,0.0,-0.0017250038102011394,0.0,0.0,1.0
1779268311.3507977,-248.14374988974572,-391.80884787484206,-2.1401095678244557,6288.349048087055,-6.944122282766657e-05,0.0,0.0,0.0,-0.0017186027216217728,0.0,0.0,1.0
1779268311.361195,-248.72873995703435,-392.72289478294624,-2.1401095678208115,6307.566884854556,6.944122338471368e-05,0.0,0.0,0.0,-0.0017147457642765992,0.0,0.0,1.0
1779268311.3716414,-249.96019036201326,-394.6470358546645,-2.1401095678177344,6329.332237525384,-6.944122399920963e-05,0.0,0.0,0.0,-0.0017107365147860905,0.0,0.0,1.0
1779268311.3821514,-250.84197365230804,-396.0248221171048,-2.14010956781515,6349.947461879003,6.944122456722999e-05,0.0,0.0,0.0,-0.0017023576794186323,0.0,0.0,1.0
1779268311.392537,-251.665816985634,-397.3120772039737,-2.1401095678130497,6370.191857048123,-6.94412251491453e-05,0.0,0.0,0.0,-0.0016964082454316333,0.0,0.0,1.0
1779268311.4032173,-252.3213308590758,-398.3363175369692,-2.1401095678113027,6390.367099717516,6.944122574435341e-05,0.0,0.0,0.0,-0.0016908871875975977,0.0,0.0,1.0
1779268311.415354,-247.38615137686472,-390.6251004622733,-2.140109567809584,6392.3934544992,-6.944122623695135e-05,0.0,0.0,0.0,-0.0016865198126375215,0.0,0.0,1.0
1779268311.424185,-254.47979073578728,-401.7089107537558,-2.140109567808937,6433.522877642719,6.94412268792281e-05,0.0,0.0,0.0,-0.0017199661078341221,0.0,0.0,1.0
1779268311.4348752,-254.82960557814806,-402.2554963975995,-2.140109567808184,6452.7372182134095,-6.944122741877126e-05,0.0,0.0,0.0,-0.0016722971161218518,0.0,0.0,1.0
1779268311.444932,-256.11486084998114,-404.26370754964375,-2.1401095678077477,6474.386608504451,6.944122798750194e-05,0.0,0.0,0.0,-0.0016700146512447817,0.0,0.0,1.0
1779268311.4554918,-256.77994149267033,-405.30289594944963,-2.140109567807495,6494.672410952375,-6.944122853931712e-05,0.0,0.0,0.0,-0.0016616818528415647,0.0,0.0,1.0
1779268311.4658349,-257.61877693385117,-406.6135761906842,-2.1401095678074515,6515.273756367458,6.944122912050694e-05,0.0,0.0,0.0,-0.0016574024496256363,0.0,0.0,1.0
1779268311.4758625,-258.6294952961104,-408.1928234653341,-2.1401095678075817,6536.012561214582,-6.94412296668598e-05,0.0,0.0,0.0,-0.0016520363639650603,0.0,0.0,1.0
1779268311.4866729,-258.73272782450533,-408.354124280076,-2.1401095678078565,6554.820374118929,6.944123023240875e-05,0.0,0.0,0.0,-0.0016456167068469169,0.0,0.0,1.0
1779268311.4971063,-259.7026409195511,-409.8696133302322,-2.140109567808291,6576.239556090527,-6.94412307624931e-05,0.0,0.0,0.0,-0.0016449638285041238,0.0,0.0,1.0
1779268311.5074208,-260.7735184951065,-411.5428593630362,-2.1401095678088464,6597.883346641917,6.94412313193774e-05,0.0,0.0,0.0,-0.0016388549269295083,0.0,0.0,1.0
1779268311.518166,-261.38209280833667,-412.4937566273777,-2.1401095678095245,6618.606820581231,-6.944123175961396e-05,0.0,0.0,0.0,-0.0016321625981656233,0.0,0.0,1.0
1779268311.528496,-262.3025374451665,-413.9319512179941,-2.1401095678102817,6639.833732019618,6.944123228610364e-05,0.0,0.0,0.0,-0.0016283836828693324,0.0,0.0,1.0
1779268311.5387492,-263.42807213208107,-415.6905989760838,-2.1401095678111233,6661.73941408337,-6.944123286381101e-05,0.0,0.0,0.0,-0.001622701351469661,0.0,0.0,1.0
1779268311.5493557,-264.08788038185946,-416.72154924467395,-2.140109567813603,6682.615608056652,6.94412333717194e-05,0.0,0.0,0.0,-0.0016158065705591707,0.0,0.0,1.0
1779268311.5598292,-264.9707184593671,-418.1009835816222,-2.1401095678159168,6704.141073747426,-6.944123391395979e-05,0.0,0.0,0.0,-0.001611791896562792,0.0,0.0,1.0
1779268311.570099,-265.6837814358532,-419.21514435319654,-2.1401095678180484,6724.669532231356,6.944123443790626e-05,0.0,0.0,0.0,-0.0016064512767831657,0.0,0.0,1.0
1779268311.5808263,-266.3329621214037,-420.22948905643506,-2.1401095678201694,6745.889980772549,-6.944123495807502e-05,0.0,0.0,0.0,-0.0016021634583867359,0.0,0.0,1.0
1779268311.5911496,-267.4727257277579,-422.0103694899243,-2.1401095678221167,6768.22626696278,6.944123547752424e-05,0.0,0.0,0.0,-0.001598279636403567,0.0,0.0,1.0
1779268311.6011684,-268.63929186533437,-423.8331288744378,-2.1401095678239237,6790.194561977831,-6.944123599913504e-05,0.0,0.0,0.0,-0.001591506187264956,0.0,0.0,1.0
1779268311.6112752,-269.42696736309546,-425.06387169968747,-2.1401095678256588,6810.960887555663,6.944123650536153e-05,0.0,0.0,0.0,-0.0015846326501284052,0.0,0.0,1.0
1779268311.6215816,-270.36951418337463,-426.5366009400273,-2.1401095678273645,6832.734913530379,-6.944123701502738e-05,0.0,0.0,0.0,-0.0015800250587367885,0.0,0.0,1.0
1779268311.6322167,-270.8775212691268,-427.33036192004005,-2.1401095678290467,6853.564976296789,6.944123751789609e-05,0.0,0.0,0.0,-0.0015745466245162916,0.0,0.0,1.0
1779268311.6422932,-272.1657855467666,-429.34327462882175,-2.1401095678305966,6876.313047673292,-6.944123801359295e-05,0.0,0.0,0.0,-0.0015716096234477293,0.0,0.0,1.0
1779268311.6529512,-272.6138912764124,-430.04343975079684,-2.140109567832162,6897.080489929175,6.944123852559008e-05,0.0,0.0,0.0,-0.0015642105245621885,0.0,0.0,1.0
1779268311.6631782,-273.33310193978133,-431.16720628552275,-2.1401095678336155,6918.106057098774,-6.944123900647504e-05,0.0,0.0,0.0,-0.0015616531495399634,0.0,0.0,1.0
1779268311.673146,-274.70755761691294,-433.3147930419323,-2.140109567835005,6941.139006795535,6.944123951489373e-05,0.0,0.0,0.0,-0.001557565993684514,0.0,0.0,1.0
1779268311.683771,-275.1538403021005,-434.0121096579445,-2.1401095678364257,6962.014218793664,-6.944123997643675e-05,0.0,0.0,0.0,-0.0015498144021170608,0.0,0.0,1.0
1779268311.6941955,-276.32804645686474,-435.8468065703039,-2.1401095678377975,6985.280932133405,6.944124048082753e-05,0.0,0.0,0.0,-0.0015473140434495688,0.0,0.0,1.0
1779268311.7048247,-276.86741467986445,-436.68956932350176,-2.1401095678391453,7006.636095854145,-6.944124092878349e-05,0.0,0.0,0.0,-0.0015407737729142032,0.0,0.0,1.0
1779268311.715376,-277.7100594695259,-438.0062016601513,-2.1401095678404567,7029.043709225767,6.94412414264782e-05,0.0,0.0,0.0,-0.0015377880136543272,0.0,0.0,1.0
1779268311.725572,-279.10856054804435,-440.1913593528063,-2.140109567841707,7052.902575441795,-6.944124187791974e-05,0.0,0.0,0.0,-0.001533146509808097,0.0,0.0,1.0
1779268311.7357173,-279.81363081480436,-441.2930315213994,-2.1401095678429063,7074.1292596433295,6.944124236333977e-05,0.0,0.0,0.0,-0.0015255047381875942,0.0,0.0,1.0
1779268311.7461393,-280.59366983613097,-442.51184235616194,-2.1401095678441187,7096.231502761284,-6.944124284511902e-05,0.0,0.0,0.0,-0.0015216808638695287,0.0,0.0,1.0
1779268311.7566614,-281.5715854997474,-444.0398355279063,-2.1401095678299864,7119.319152899576,6.944124328763964e-05,0.0,0.0,0.0,-0.0015174726785471264,0.0,0.0,1.0
1779268311.7667713,-282.4880011202951,-445.4717348764145,-2.140109567818373,7141.4374822447035,-6.944124380458359e-05,0.0,0.0,0.0,-0.001512229808637357,0.0,0.0,1.0
1779268311.7768915,-283.43748419442613,-446.95530210506416,-2.140109567808459,7163.718281559036,6.944124424057747e-05,0.0,0.0,0.0,-0.0015073494289552394,0.0,0.0,1.0
1779268311.7870054,-284.3337683028554,-448.3557459499333,-2.1401095678000255,7185.924817970875,-6.94412447091202e-05,0.0,0.0,0.0,-0.0015023260568027318,0.0,0.0,1.0
1779268311.7971327,-285.1960083127959,-449.70299588829386,-2.140109567792956,7208.047457196131,6.944124514878573e-05,0.0,0.0,0.0,-0.0014976147633731988,0.0,0.0,1.0
1779268311.8074634,-286.43735325516775,-451.64259721221714,-2.1401095677870132,7232.048400232331,-6.944124560579864e-05,0.0,0.0,0.0,-0.0014931102224358473,0.0,0.0,1.0
1779268311.8179026,-287.596452869024,-453.4536902179697,-2.1401095677821558,7256.014328180622,6.944124604934418e-05,0.0,0.0,0.0,-0.001486672513305332,0.0,0.0,1.0
1779268311.8284926,-287.75703580186683,-453.7046010753015,-2.1401095677782065,7276.624656599514,-6.944124649152175e-05,0.0,0.0,0.0,-0.0014807112514239433,0.0,0.0,1.0
1779268311.8390474,-288.3775390800685,-454.6741373871368,-2.1401095677752386,7298.946360935906,6.944124691395783e-05,0.0,0.0,0.0,-0.0014798891638612738,0.0,0.0,1.0
1779268311.8490777,-289.87869928574,-457.0196999896212,-2.140109567773264,7323.567816520905,-6.944124736909797e-05,0.0,0.0,0.0,-0.0014767210389174125,0.0,0.0,1.0
1779268311.85932,-290.3979540111708,-457.8310354441728,-2.14010956777186,7345.002218227819,6.94412477869202e-05,0.0,0.0,0.0,-0.0014691122892339468,0.0,0.0,1.0
1779268311.8697844,-291.58854536710754,-459.69133426526645,-2.1401095677711264,7369.439341604612,-6.94412482279934e-05,0.0,0.0,0.0,-0.0014664986364438363,0.0,0.0,1.0
1779268311.8799155,-292.45891972621223,-461.05129407911016,-2.1401095677709403,7392.0916756502975,6.944124864447002e-05,0.0,0.0,0.0,-0.0014605407695556527,0.0,0.0,1.0
1779268311.8899732,-293.97883462340366,-463.42616086885556,-2.140109567771292,7417.075005202605,-6.944124908535427e-05,0.0,0.0,0.0,-0.0014562158502702276,0.0,0.0,1.0
1779268311.900259,-294.7762074665539,-464.6720558207978,-2.140109567772031,7439.871681702021,6.944124950641499e-05,0.0,0.0,0.0,-0.0014487244318904513,0.0,0.0,1.0
1779268311.9104855,-295.4139490097574,-465.66852689120435,-2.1401095677731394,7462.02418630295,-6.944124992592909e-05,0.0,0.0,0.0,-0.00144482505570174,0.0,0.0,1.0
1779268311.9208963,-296.5254627546377,-467.40526694332453,-2.14010956777467,7486.38072655406,6.944125031011861e-05,0.0,0.0,0.0,-0.0014417213981155125,0.0,0.0,1.0
1779268311.931583,-296.8669908502951,-467.9389045487301,-2.1401095677764825,7508.287221765624,-6.944125070943595e-05,0.0,0.0,0.0,-0.0014363438064786914,0.0,0.0,1.0
1779268311.9414132,-298.49326806235354,-470.4799624251649,-2.1401095677785476,7533.711395860887,6.944125114257626e-05,0.0,0.0,0.0,-0.0014346995202925493,0.0,0.0,1.0
1779268311.951701,-299.3706894396934,-471.8509332140311,-2.140109567777554,7557.130074962694,-6.944125151978336e-05,0.0,0.0,0.0,-0.001426921140628819,0.0,0.0,1.0
1779268311.9620016,-300.38309511064733,-473.43281693416293,-2.140109567777226,7581.14525956292,6.944125195229837e-05,0.0,0.0,0.0,-0.001422759432584211,0.0,0.0,1.0
1779268311.9723444,-300.71373723062874,-473.949445219125,-2.1401095677774133,7602.785967206875,-6.94412523428653e-05,0.0,0.0,0.0,-0.0014179875376098298,0.0,0.0,1.0
1779268311.983037,-301.3301556357224,-474.9125988977313,-2.1401095677781816,7626.228994695378,6.944125277606091e-05,0.0,0.0,0.0,-0.0014164360188137603,0.0,0.0,1.0
1779268311.9931424,-303.4872551194304,-478.283066492597,-2.1401095677795112,7654.334459758509,-6.944125317226885e-05,0.0,0.0,0.0,-0.0014135525429912505,0.0,0.0,1.0
1779268312.0033534,-304.2578422056506,-479.48710870182106,-2.1401095677811184,7677.513347335906,6.944125358307612e-05,0.0,0.0,0.0,-0.0014035538154336374,0.0,0.0,1.0
1779268312.0135448,-304.9954316587117,-480.6395921123544,-2.140109567783069,7700.5950410547175,-6.944125395054899e-05,0.0,0.0,0.0,-0.001400016151891252,0.0,0.0,1.0
1779268312.0240114,-306.10504617112196,-482.3733646123873,-2.140109567785444,7725.7172016156555,6.944125439439823e-05,0.0,0.0,0.0,-0.0013966466394858203,0.0,0.0,1.0
1779268312.0345652,-306.87952306780124,-483.58348464334273,-2.140109567788102,7749.842075846958,-6.944125475296204e-05,0.0,0.0,0.0,-0.0013916080509631943,0.0,0.0,1.0
1779268312.045157,-307.78943358608683,-485.00521968290514,-2.14010956779105,7774.648935736434,6.944125518220339e-05,0.0,0.0,0.0,-0.001388112761073288,0.0,0.0,1.0
1779268312.055678,-308.86817661685427,-486.6907554923912,-2.1401095677942163,7799.968207501761,-6.944125555127025e-05,0.0,0.0,0.0,-0.00138402860991515,0.0,0.0,1.0
1779268312.066074,-309.38093166632063,-487.4919351766563,-2.140109567797478,7822.9966824489065,6.94412559329527e-05,0.0,0.0,0.0,-0.0013792176758667353,0.0,0.0,1.0
1779268312.07616,-310.7237672241682,-489.5901155111851,-2.1401095678008804,7848.536893983421,-6.944125631777292e-05,0.0,0.0,0.0,-0.0013769426224347146,0.0,0.0,1.0
1779268312.086429,-311.43495498906276,-490.7013462766362,-2.1401095678044273,7872.161758598892,6.944125668836439e-05,0.0,0.0,0.0,-0.0013710199703801484,0.0,0.0,1.0
1779268312.0970638,-312.1013704011401,-491.74262024756536,-2.1401095678082416,7896.479512571752,-6.944125705423977e-05,0.0,0.0,0.0,-0.0013679038292644381,0.0,0.0,1.0
1779268312.1074908,-313.9109435824684,-494.5700780354973,-2.1401095678122046,7924.67178239947,6.944125742976113e-05,0.0,0.0,0.0,-0.0013649966909184987,0.0,0.0,1.0
1779268312.117974,-314.77157338886246,-495.91481196221946,-2.1401095678161965,7949.512825296167,-6.944125779328265e-05,0.0,0.0,0.0,-0.0013571646626656282,0.0,0.0,1.0
1779268312.1283102,-315.406448281622,-496.9068038743613,-2.140109567820185,7973.274976584027,6.944125816923916e-05,0.0,0.0,0.0,-0.001353471216904824,0.0,0.0,1.0
1779268312.1387672,-316.6491828447095,-498.8485764162581,-2.140109567824354,7999.622989499059,-6.944125853641298e-05,0.0,0.0,0.0,-0.0013507594715690247,0.0,0.0,1.0
1779268312.1491337,-317.40872169351996,-500.0353558110555,-2.1401095678199042,8024.0429436205295,6.94412588881504e-05,0.0,0.0,0.0,-0.0013454826977207374,0.0,0.0,1.0
1779268312.1593506,-318.9550834025767,-502.4515457804893,-2.140109567816771,8051.139034805011,-6.944125924504038e-05,0.0,0.0,0.0,-0.0013422779061615672,0.0,0.0,1.0
1779268312.1695187,-319.97472120052515,-504.0447297217314,-2.140109567814628,8076.231546395793,6.944125961155445e-05,0.0,0.0,0.0,-0.0013358001136554313,0.0,0.0,1.0
1779268312.1798854,-320.2101475527174,-504.41258340816836,-2.140109567813292,8098.909337915528,-6.944125996266313e-05,0.0,0.0,0.0,-0.0013315629002645726,0.0,0.0,1.0
1779268312.1905143,-321.0904429744149,-505.7880448999799,-2.1401095678128708,8124.648560372171,6.944126032825133e-05,0.0,0.0,0.0,-0.001330588397708589,0.0,0.0,1.0
1779268312.2006464,-322.58449702415527,-508.12250413499277,-2.140109567813269,8151.6220541175335,-6.944126069822795e-05,0.0,0.0,0.0,-0.0013269571125091794,0.0,0.0,1.0
1779268312.2109716,-323.65191211196577,-509.79034006128217,-2.140109567814287,8177.51434424367,6.944126105587641e-05,0.0,0.0,0.0,-0.001320839163351349,0.0,0.0,1.0
1779268312.2212229,-325.20764819420083,-512.221177452871,-2.140109567815939,8205.121241032555,-6.944126141252741e-05,0.0,0.0,0.0,-0.001316502683443143,0.0,0.0,1.0
1779268312.2316804,-326.0887255905177,-513.5978607602716,-2.140109567818081,8230.743251586551,6.94412617570432e-05,0.0,0.0,0.0,-0.0013102330914446902,0.0,0.0,1.0
1779268312.241764,-327.2176561972467,-515.3618146619156,-2.1401095678206112,8256.51658189739,-6.944126209706386e-05,0.0,0.0,0.0,-0.001306708784172494,0.0,0.0,1.0
1779268312.25195,-328.27679046037446,-517.0167117858583,-2.1401095678235595,8282.330355105152,6.944126243640518e-05,0.0,0.0,0.0,-0.0013022206732403515,0.0,0.0,1.0
1779268312.2621999,-329.27737252953307,-518.580121114119,-2.1401095678268773,8308.138597116671,-6.94412627579357e-05,0.0,0.0,0.0,-0.001298037980310008,0.0,0.0,1.0
1779268312.2727976,-330.1553879050949,-519.9520200026606,-2.140109567830638,8334.35657483334,6.944126310688806e-05,0.0,0.0,0.0,-0.0012941111266261379,0.0,0.0,1.0
1779268312.28318,-331.16731711397085,-521.533159230059,-2.1401095678346103,8360.635341768126,-6.944126342487725e-05,0.0,0.0,0.0,-0.0012906848150165367,0.0,0.0,1.0
1779268312.2933345,-331.9869322180991,-522.8138076995524,-2.140109567838703,8385.761263446764,6.94412637772343e-05,0.0,0.0,0.0,-0.0012867583602571083,0.0,0.0,1.0
1779268312.3033786,-333.40090820544714,-525.0231449450454,-2.140109567843025,8412.913122353539,-6.944126410389785e-05,0.0,0.0,0.0,-0.001283595584815146,0.0,0.0,1.0
1779268312.3136997,-334.5101804548196,-526.7563826509258,-2.140109567847631,8439.637525874865,6.944126443481565e-05,0.0,0.0,0.0,-0.0012781756447976579,0.0,0.0,1.0
1779268312.3238006,-335.56570945855907,-528.4056465431403,-2.140109567852284,8465.72917704895,-6.944126454049948e-05,0.0,0.0,0.0,-0.0012739556046361246,0.0,0.0,1.0
1779268312.334751,-335.4827642114058,-528.2760446131024,-2.140109567857382,8489.624789517315,6.944126501854246e-05,0.0,0.0,0.0,-0.0012699658135715275,0.0,0.0,1.0
1779268312.344624,-337.6152482521958,-531.6080505629409,-2.140109567862296,8519.341580605855,-6.944126525605624e-05,0.0,0.0,0.0,-0.0012702784386908082,0.0,0.0,1.0
1779268312.3549814,-338.6093670561093,-533.1613609364954,-2.1401095678770816,8546.012936228995,6.944126568384924e-05,0.0,0.0,0.0,-0.0012622897080613342,0.0,0.0,1.0
1779268312.3668683,-338.85448817171624,-533.5443625477607,-2.140109567892672,8573.549817192099,-6.944126594269528e-05,0.0,0.0,0.0,-0.0012585997342995868,0.0,0.0,1.0
1779268312.376963,-340.1271531304899,-535.5329012590721,-2.1401095679047413,8600.830203834366,6.944126634836817e-05,0.0,0.0,0.0,-0.0012576931790194681,0.0,0.0,1.0
1779268312.3871603,-341.0241393315164,-536.9344419817693,-2.1401095679159843,8627.002807327834,-6.944126661867725e-05,0.0,0.0,0.0,-0.00125300742818559,0.0,0.0,1.0
1779268312.3972428,-342.807505501044,-539.720951259085,-2.1401095679263693,8656.27034540117,6.94412669830474e-05,0.0,0.0,0.0,-0.0012497257829354865,0.0,0.0,1.0
1779268312.4075346,-343.56737529693083,-540.9082476328147,-2.140109567936143,8682.2870217262,-6.944126725763443e-05,0.0,0.0,0.0,-0.0012432521179910829,0.0,0.0,1.0
1779268312.4175856,-345.46339531020385,-543.8707785314156,-2.1401095679451196,8712.035776643146,6.944126761688178e-05,0.0,0.0,0.0,-0.0012405140922096512,0.0,0.0,1.0
1779268312.4282765,-345.7246107302981,-544.2789275361636,-2.1401095679539264,8737.293203680047,-6.944126788774008e-05,0.0,0.0,0.0,-0.0012337345278039303,0.0,0.0,1.0
1779268312.4388146,-346.8270964656221,-546.0015612683095,-2.140109567962081,8765.398225198356,6.944126823138958e-05,0.0,0.0,0.0,-0.001232806293991161,0.0,0.0,1.0
1779268312.448989,-348.43478047289915,-548.5135672181923,-2.1401095679694833,8794.588046265506,-6.94412685196416e-05,0.0,0.0,0.0,-0.0012289039840895294,0.0,0.0,1.0
1779268312.4590836,-349.5162034014854,-550.203290326564,-2.1401095679763555,8821.69862319182,6.944126885155167e-05,0.0,0.0,0.0,-0.0012232575806102272,0.0,0.0,1.0
1779268312.4694257,-351.0769689126628,-552.6419861396037,-2.1401095679830457,8851.246562213295,-6.944126913745955e-05,0.0,0.0,0.0,-0.0012194885739493441,0.0,0.0,1.0
1779268312.4800975,-351.43331939283104,-553.1987836759666,-2.1401095679894926,8877.190631920697,6.944126945488052e-05,0.0,0.0,0.0,-0.0012140897220487604,0.0,0.0,1.0
1779268312.4902499,-352.9710324899472,-555.6014601013102,-2.140109567995359,8906.36242972108,-6.944126974233055e-05,0.0,0.0,0.0,-0.001212863757516102,0.0,0.0,1.0
1779268312.500602,-353.7239082733279,-556.7778283607879,-2.1401095680009985,8933.16297171545,6.944127004809955e-05,0.0,0.0,0.0,-0.0012076018139362743,0.0,0.0,1.0
1779268312.5110354,-354.3244728687489,-557.7162104170324,-2.140109568006401,8959.672561578878,-6.944127034874341e-05,0.0,0.0,0.0,-0.0012050421378671313,0.0,0.0,1.0
1779268312.5209312,-356.53052030809295,-561.1631591426873,-2.1401095680113857,8990.929263550242,6.94412706557404e-05,0.0,0.0,0.0,-0.0012030080656529048,0.0,0.0,1.0
1779268312.5314214,-357.6695027891188,-562.9428190553302,-2.140109568016405,9019.735382697683,-6.944127094410239e-05,0.0,0.0,0.0,-0.0011955949249171246,0.0,0.0,1.0
1779268312.541943,-358.67198148948637,-564.5091918355636,-2.140109568021225,9048.192307308886,6.94412712519836e-05,0.0,0.0,0.0,-0.0011918031658536279,0.0,0.0,1.0
1779268312.5520797,-359.6655789177479,-566.0616877109876,-2.140109568017521,9075.74201453722,-6.944127152761763e-05,0.0,0.0,0.0,-0.00118848568244558,0.0,0.0,1.0
1779268312.5622628,-360.71641394152715,-567.7036173126199,-2.1401095680147137,9103.694735414307,6.944127184219676e-05,0.0,0.0,0.0,-0.001185215796694948,0.0,0.0,1.0
1779268312.5726404,-361.8907013234269,-569.5384411969912,-2.1401095680127002,9132.67026149323,-6.944127210798086e-05,0.0,0.0,0.0,-0.001181777061021184,0.0,0.0,1.0
1779268312.5831075,-362.4129808867222,-570.354502971546,-2.140109568011387,9159.51689928856,6.944127240231201e-05,0.0,0.0,0.0,-0.0011779578685671992,0.0,0.0,1.0
1779268312.5934856,-364.0537213031658,-572.9181596303174,-2.1401095680108417,9190.381039067415,-6.944127269562142e-05,0.0,0.0,0.0,-0.001176267163523765,0.0,0.0,1.0
1779268312.6041973,-364.3768544366642,-573.4230551329991,-2.140109568010807,9217.264385834504,6.944127296517248e-05,0.0,0.0,0.0,-0.0011709871997221005,0.0,0.0,1.0
1779268312.6140566,-366.7274999139007,-577.095938315824,-2.1401095680114164,9249.635216712733,-6.944127325602383e-05,0.0,0.0,0.0,-0.0011699529407456272,0.0,0.0,1.0
1779268312.624361,-367.8944085482191,-578.9192328833788,-2.140109568012424,9278.783721064267,6.944127352103426e-05,0.0,0.0,0.0,-0.0011624837068098769,0.0,0.0,1.0
1779268312.6349363,-368.6920640222811,-580.1655694488414,-2.1401095680138624,9307.319603065136,-6.94412738009586e-05,0.0,0.0,0.0,-0.0011588111433227352,0.0,0.0,1.0
1779268312.645006,-370.31669543607,-582.7040557731552,-2.140109568015643,9337.7193144445,6.94412740756895e-05,0.0,0.0,0.0,-0.0011563140418707476,0.0,0.0,1.0
1779268312.6551933,-371.21987188962265,-584.1152688440643,-2.1401095680177042,9365.814161731087,-6.944127435064869e-05,0.0,0.0,0.0,-0.001151261172100953,0.0,0.0,1.0
1779268312.6657355,-372.4041744611274,-585.9657414238343,-2.1401095680201645,9395.940891872353,6.944127461778451e-05,0.0,0.0,0.0,-0.0011484712016060902,0.0,0.0,1.0
1779268312.6759875,-373.3057639718717,-587.3744748921292,-2.140109568022766,9424.24446213267,-6.944127489309025e-05,0.0,0.0,0.0,-0.0011448332370030075,0.0,0.0,1.0
1779268312.6858969,-375.7206854980851,-591.1477893711958,-2.140109568025618,9457.488472411693,6.944127515737762e-05,0.0,0.0,0.0,-0.0011420791313808574,0.0,0.0,1.0
1779268312.696154,-376.2769471536396,-592.0169481216163,-2.1401095680286195,9484.764489929285,-6.944127543212866e-05,0.0,0.0,0.0,-0.0011347670661807502,0.0,0.0,1.0
1779268312.7063491,-377.8677825044079,-594.5026280906317,-2.140109568031854,9515.816528766636,6.944127569461627e-05,0.0,0.0,0.0,-0.001133096031327254,0.0,0.0,1.0
1779268312.7170315,-378.61746001576233,-595.6739990795326,-2.14010956803535,9545.08644924876,-6.944127596448164e-05,0.0,0.0,0.0,-0.0011283441285834612,0.0,0.0,1.0
1779268312.727383,-380.233583325466,-598.1991914772557,-2.1401095680389304,9576.810163713879,6.944127622127933e-05,0.0,0.0,0.0,-0.0011261185972110193,0.0,0.0,1.0
1779268312.7379227,-381.20526343776976,-599.7174414891072,-2.1401095680426527,9606.727448712803,-6.944127650919575e-05,0.0,0.0,0.0,-0.0011213506199643382,0.0,0.0,1.0
1779268312.7485192,-382.09908438414743,-601.1140365591443,-2.1401095680472024,9636.567011289799,6.944127674981694e-05,0.0,0.0,0.0,-0.0011185033022239573,0.0,0.0,1.0
1779268312.7590241,-383.4539604412772,-603.2310301599808,-2.1401095680517397,9667.987418896193,-6.944127700790213e-05,0.0,0.0,0.0,-0.0011158968709955247,0.0,0.0,1.0
1779268312.769652,-384.06958261259734,-604.1929396915942,-2.140109568056265,9697.07090162781,6.944127725851132e-05,0.0,0.0,0.0,-0.001111969058068606,0.0,0.0,1.0
1779268312.7800686,-384.97212421937303,-605.6031607915227,-2.1401095680606965,9726.753687984326,-6.944127751479484e-05,0.0,0.0,0.0,-0.0011101934789188729,0.0,0.0,1.0
1779268312.7901802,-386.87867292946294,-608.5821428170507,-2.1401095680650513,9759.450214652512,6.944127776098201e-05,0.0,0.0,0.0,-0.0011076005921680147,0.0,0.0,1.0
1779268312.800471,-387.2499965110003,-609.1623358440618,-2.1401095680693536,9786.968804426371,-6.944127801016188e-05,0.0,0.0,0.0,-0.0011021629402550655,0.0,0.0,1.0
1779268312.8104804,-389.86461682342605,-613.2476796257653,-2.140109568073682,9822.17711853281,6.944127826773266e-05,0.0,0.0,0.0,-0.0011011100975280898,0.0,0.0,1.0
1779268312.8211353,-390.7961076510698,-614.7031338776801,-2.1401095680781683,9852.91536318404,-6.944127852553998e-05,0.0,0.0,0.0,-0.0010937532244794318,0.0,0.0,1.0
1779268312.8314586,-391.8061365761479,-616.2813038933607,-2.140109568082485,9883.147803242899,6.944127877038084e-05,0.0,0.0,0.0,-0.0010911559414768278,0.0,0.0,1.0
1779268312.8418598,-392.73727841636565,-617.7362128524493,-2.1401095680868107,9913.396705559426,-6.944127901818956e-05,0.0,0.0,0.0,-0.0010883535733918791,0.0,0.0,1.0
1779268312.8521602,-393.601381780216,-619.0863742037942,-2.1401095680910522,9943.158886982377,6.944127926044215e-05,0.0,0.0,0.0,-0.001085782802624101,0.0,0.0,1.0
1779268312.862677,-395.28880817039806,-621.7229776413716,-2.1401095680954287,9976.65770058576,-6.944127950007062e-05,0.0,0.0,0.0,-0.0010834079578475053,0.0,0.0,1.0
1779268312.872715,-396.8907168600042,-624.2259596867497,-2.140109568099581,10008.72457547145,6.944127975043317e-05,0.0,0.0,0.0,-0.0010788001704167235,0.0,0.0,1.0
1779268312.8832133,-398.39752400844134,-626.580345590177,-2.140109568103899,10041.692354164414,-6.944127997895182e-05,0.0,0.0,0.0,-0.001074462021919543,0.0,0.0,1.0
1779268312.8936334,-399.4622500522539,-628.2439798440058,-2.1401095681081284,10072.902843888072,6.944128023142409e-05,0.0,0.0,0.0,-0.0010704131432508824,0.0,0.0,1.0
1779268312.903622,-401.3024388088122,-631.1192744527012,-2.1401095681121958,10105.892821504762,-6.944128044163403e-05,0.0,0.0,0.0,-0.0010675705123412713,0.0,0.0,1.0
1779268312.9139266,-402.1224670462339,-632.4005684263244,-2.1401095681163103,10136.037846291592,6.944128067685196e-05,0.0,0.0,0.0,-0.0010626929665698654,0.0,0.0,1.0
1779268312.9241612,-403.153709104975,-634.0118839592735,-2.1401095681203794,10166.858571723831,-6.944128092665358e-05,0.0,0.0,0.0,-0.0010605337524130717,0.0,0.0,1.0
1779268312.9350774,-402.49258092710437,-632.9788712896357,-2.1401095681246,10193.375371932276,6.944128114780145e-05,0.0,0.0,0.0,-0.0010578308152874747,0.0,0.0,1.0
1779268312.9456215,-405.12474557317427,-637.0916280883366,-2.1401095681288442,10231.201315158756,-6.944128138435523e-05,0.0,0.0,0.0,-0.001059562077701268,0.0,0.0,1.0
1779268312.9556751,-407.48529593236293,-640.7799876197297,-2.140109568132051,10266.744996655,6.944128161127751e-05,0.0,0.0,0.0,-0.0010527027768841655,0.0,0.0,1.0
1779268312.9661853,-408.8308566873153,-642.8824260691412,-2.1401095681354354,10299.858200825454,-6.944128183753343e-05,0.0,0.0,0.0,-0.0010466263940433528,0.0,0.0,1.0
1779268312.9765558,-409.6805993948252,-644.2101489042354,-2.1401095681388087,10330.824917101403,6.944128206272344e-05,0.0,0.0,0.0,-0.0010431940220359064,0.0,0.0,1.0
1779268312.9869509,-409.9731836333979,-644.6673117271848,-2.1401095681422095,10359.877469694273,-6.944128228668052e-05,0.0,0.0,0.0,-0.001041037999766173,0.0,0.0,1.0
1779268312.9969938,-411.87789334381165,-647.6434203204255,-2.140109568145624,10393.957716545212,6.944128250119221e-05,0.0,0.0,0.0,-0.001040297698575042,0.0,0.0,1.0
1779268313.006925,-414.38903137578365,-651.5670730606274,-2.1401095681490934,10430.135227945026,-6.944128272215047e-05,0.0,0.0,0.0,-0.0010355039784688046,0.0,0.0,1.0
1779268313.0172899,-414.99222552834647,-652.5095638186319,-2.1401095681526376,10460.496426847267,6.944128293605904e-05,0.0,0.0,0.0,-0.0010292511251612539,0.0,0.0,1.0
1779268313.0275133,-417.0677125316193,-655.752511900743,-2.140109568156251,10496.029962009929,-6.944128314691077e-05,0.0,0.0,0.0,-0.0010277603761471492,0.0,0.0,1.0
1779268313.0376263,-418.50045193340657,-657.991166966273,-2.140109568159808,10528.9420581165,6.944128335772665e-05,0.0,0.0,0.0,-0.0010226637907064713,0.0,0.0,1.0
1779268313.0481737,-419.58144325758184,-659.6802157208733,-2.1401095681635285,10561.879907436945,-6.944128357866661e-05,0.0,0.0,0.0,-0.0010191749324065097,0.0,0.0,1.0
1779268313.0587275,-420.3006549409657,-660.8039838489443,-2.140109568167242,10593.602071302574,6.944128378571818e-05,0.0,0.0,0.0,-0.0010165583300629452,0.0,0.0,1.0
1779268313.0687532,-422.0650366660043,-663.5608299861135,-2.1401095681708204,10627.769554630007,-6.944128399603328e-05,0.0,0.0,0.0,-0.0010148248671356603,0.0,0.0,1.0
1779268313.078945,-422.9788750095235,-664.9887022364837,-2.140109568174414,10659.312657060023,6.944128420777532e-05,0.0,0.0,0.0,-0.00101059724315129,0.0,0.0,1.0
1779268313.0889342,-424.9670825379177,-668.0952761521339,-2.1401095681780014,10694.394891229726,-6.944128441547045e-05,0.0,0.0,0.0,-0.0010084214175697177,0.0,0.0,1.0
1779268313.0990865,-425.86108757154574,-669.4921588587694,-2.1401095681815825,10725.924454701144,6.944128463284045e-05,0.0,0.0,0.0,-0.0010037197612768434,0.0,0.0,1.0
1779268313.109501,-427.4139454119547,-671.9184989616681,-2.140109568185302,10760.777893696757,-6.944128482977964e-05,0.0,0.0,0.0,-0.0010016199031375977,0.0,0.0,1.0
1779268313.1201997,-427.16732351801113,-671.5331522907744,-2.1401095681890125,10789.834886529961,6.944128503098563e-05,0.0,0.0,0.0,-0.0009979933260322853,0.0,0.0,1.0
1779268313.1305938,-429.0074389937808,-674.4083323988496,-2.1401095681927176,10825.89696393091,-6.944128523024889e-05,0.0,0.0,0.0,-0.000998567537381185,0.0,0.0,1.0
1779268313.1410162,-430.88229484668824,-677.337794340009,-2.1401095681964293,10862.26486269352,6.944128543363048e-05,0.0,0.0,0.0,-0.0009942990479885143,0.0,0.0,1.0
1779268313.1516287,-431.91214213996636,-678.9469304806921,-2.140109568206311,10896.131866395863,-6.944128562857545e-05,0.0,0.0,0.0,-0.0009899873411833293,0.0,0.0,1.0
1779268313.1617637,-434.4766925340574,-682.9540399613999,-2.1401095682150086,10934.409295532096,6.944128584992807e-05,0.0,0.0,0.0,-0.0009876347956320874,0.0,0.0,1.0
1779268313.172257,-435.2631254140159,-684.1828411383327,-2.1401095682232056,10967.20804290737,-6.944128604293017e-05,0.0,0.0,0.0,-0.0009818247722240849,0.0,0.0,1.0
1779268313.182817,-436.4958514241767,-686.1089752595994,-2.1401095682308036,11001.978013396429,6.944128624735653e-05,0.0,0.0,0.0,-0.000980056755671061,0.0,0.0,1.0
1779268313.1929631,-438.32404014124876,-688.965519764736,-2.1401095682375355,11037.822271087356,-6.944128644905178e-05,0.0,0.0,0.0,-0.000977298196147692,0.0,0.0,1.0
1779268313.2034037,-439.6989650060078,-691.1138395824312,-2.1401095682439277,11072.935104491315,6.944128664643016e-05,0.0,0.0,0.0,-0.0009732356110693072,0.0,0.0,1.0
1779268313.2141237,-440.0383263914915,-691.6440916464284,-2.1401095682499593,11105.136676939783,-6.94412868432558e-05,0.0,0.0,0.0,-0.00097020244588194,0.0,0.0,1.0
1779268313.224398,-441.91932702884685,-694.5831547799781,-2.1401095682553604,11141.861323029842,6.944128703787943e-05,0.0,0.0,0.0,-0.0009694566923675606,0.0,0.0,1.0
1779268313.2348633,-442.2497453012355,-695.0994332397637,-2.140109568260421,11173.470058007,-6.944128722784824e-05,0.0,0.0,0.0,-0.0009653439135185941,0.0,0.0,1.0
1779268313.2449093,-445.1372431640446,-699.6111481207406,-2.1401095682650304,11213.414267054965,6.944128742128625e-05,0.0,0.0,0.0,-0.0009646250517271697,0.0,0.0,1.0
1779268313.2554996,-446.1742625626811,-701.2314907233241,-2.14010956826953,11248.222116885307,-6.944128761372751e-05,0.0,0.0,0.0,-0.0009583883190749237,0.0,0.0,1.0
1779268313.2659729,-447.9075168437097,-703.9397002118242,-2.1401095682737163,11285.367853214906,6.944128780553353e-05,0.0,0.0,0.0,-0.0009561680836601117,0.0,0.0,1.0
1779268313.2765267,-449.0402591085904,-705.7096097812909,-2.1401095682776607,11320.634591925365,-6.94412879767406e-05,0.0,0.0,0.0,-0.0009524801074810388,0.0,0.0,1.0
1779268313.286958,-449.92894898187495,-707.0981875335362,-2.1401095682813174,11354.704106453355,6.944128817732302e-05,0.0,0.0,0.0,-0.0009500852174354659,0.0,0.0,1.0
1779268313.2974443,-451.61703470426306,-709.7358211631065,-2.140109568284815,11392.024266292665,-6.944128835599625e-05,0.0,0.0,0.0,-0.0009482147263399898,0.0,0.0,1.0
1779268313.3079555,-453.326875831644,-712.4074476108028,-2.1401095682881373,11429.596047238298,6.944128853703713e-05,0.0,0.0,0.0,-0.0009446819001811159,0.0,0.0,1.0
1779268313.318628,-454.338675606362,-713.9883845672538,-2.1401095682913205,11465.171792778854,-6.944128871116716e-05,0.0,0.0,0.0,-0.000941130279956578,0.0,0.0,1.0
1779268313.3287506,-456.1269367200288,-716.7825422332853,-2.140109568294205,11502.017673973893,6.944128888975331e-05,0.0,0.0,0.0,-0.0009390411537406405,0.0,0.0,1.0
1779268313.3392136,-457.75602994295144,-719.3280000982886,-2.1401095682970586,11539.443394821605,-6.944128907138971e-05,0.0,0.0,0.0,-0.0009353714167110881,0.0,0.0,1.0
1779268313.349434,-459.18938121907064,-721.5676113064771,-2.140109568291696,11575.470927821427,6.944128924525079e-05,0.0,0.0,0.0,-0.0009320531901347666,0.0,0.0,1.0
1779268313.3597066,-460.80180380669935,-724.0870213987552,-2.1401095682872673,11612.420832577036,-6.944128942781972e-05,0.0,0.0,0.0,-0.0009291531023496525,0.0,0.0,1.0
1779268313.369954,-462.6184907445423,-726.9255944940371,-2.1401095682837115,11650.14223034342,6.944128960691554e-05,0.0,0.0,0.0,-0.0009259121897302351,0.0,0.0,1.0
1779268313.3801467,-463.5894597344427,-728.4427334342683,-2.1401095682809004,11684.624835763865,-6.944128977516394e-05,0.0,0.0,0.0,-0.0009222876874894937,0.0,0.0,1.0
1779268313.3903756,-465.40331876628125,-731.2768879122392,-2.140109568278784,11722.466913711818,6.944128995704618e-05,0.0,0.0,0.0,-0.000920362111473531,0.0,0.0,1.0
1779268313.4008396,-466.80012153032567,-733.4593920390312,-2.1401095682772264,11759.61187529366,-6.944129013200906e-05,0.0,0.0,0.0,-0.000916786395594734,0.0,0.0,1.0
1779268313.4113488,-467.85710906290973,-735.1109349199404,-2.1401095682762143,11795.741985676863,6.944129031268837e-05,0.0,0.0,0.0,-0.0009140517179570289,0.0,0.0,1.0
1779268313.4220665,-468.3083875054675,-735.8160574480597,-2.1401095682756743,11830.278699758608,-6.94412904864329e-05,0.0,0.0,0.0,-0.0009119931566354205,0.0,0.0,1.0
1779268313.4319878,-471.8468143200387,-741.344848764704,-2.140109568275711,11873.824768420327,6.944129065623595e-05,0.0,0.0,0.0,-0.0009111170877425219,0.0,0.0,1.0
1779268313.4426877,-473.1770671865122,-743.4233686689333,-2.1401095682760602,11911.908964377748,-6.94412908281143e-05,0.0,0.0,0.0,-0.0009043057283565309,0.0,0.0,1.0
1779268313.4528468,-474.6096241596419,-745.6617387167527,-2.140109568276728,11948.711791688183,6.944129099260026e-05,0.0,0.0,0.0,-0.0009017713070145273,0.0,0.0,1.0
1779268313.463204,-474.8442490649066,-746.0283401133439,-2.140109568277649,11981.593784617098,-6.944129116214606e-05,0.0,0.0,0.0,-0.0008990578105736611,0.0,0.0,1.0
1779268313.4735026,-477.932733671408,-750.8540967953962,-2.140109568278969,12025.29205119354,6.944129132894754e-05,0.0,0.0,0.0,-0.0008986149553549638,0.0,0.0,1.0
1779268313.4838247,-479.4162635171628,-753.172111939276,-2.140109568280446,12062.86642023965,-6.944129150747739e-05,0.0,0.0,0.0,-0.0008928257355370216,0.0,0.0,1.0
1779268313.4943702,-480.2795203744994,-754.5209506444771,-2.1401095682821736,12099.46241220769,6.944129166400773e-05,0.0,0.0,0.0,-0.0008900713699774712,0.0,0.0,1.0
1779268313.5047379,-481.111306897635,-755.8206169553797,-2.1401095682840383,12135.221968907294,-6.944129184135843e-05,0.0,0.0,0.0,-0.0008884764316677666,0.0,0.0,1.0
1779268313.5150266,-483.2499046100243,-759.1621755208544,-2.1401095682861073,12175.669079213014,6.944129199328376e-05,0.0,0.0,0.0,-0.000886945034749428,0.0,0.0,1.0
1779268313.525125,-485.598543402751,-762.8319232360527,-2.140109568288287,12216.379907254019,-6.944129216420924e-05,0.0,0.0,0.0,-0.0008830317951393687,0.0,0.0,1.0
1779268313.5361788,-486.397747055605,-764.0806788130888,-2.140109568290763,12254.616311982618,6.944129231240989e-05,0.0,0.0,0.0,-0.0008787738105998042,0.0,0.0,1.0
1779268313.5466533,-487.4617398501363,-765.7431673761635,-2.140109568293218,12292.024417256624,-6.944129248227957e-05,0.0,0.0,0.0,-0.0008773342391768962,0.0,0.0,1.0
1779268313.5574498,-487.5288222302623,-765.8479835359387,-2.140109568299772,12326.836801023444,6.944129262382453e-05,0.0,0.0,0.0,-0.000875425015734631,0.0,0.0,1.0
1779268313.56738,-490.6235128940697,-770.6834371217126,-2.140109568305499,12370.228422630982,-6.944129279513445e-05,0.0,0.0,0.0,-0.0008753049090581442,0.0,0.0,1.0
1779268313.5778787,-492.4224989431859,-773.4943524731771,-2.140109568311141,12410.781808999756,6.944129294956191e-05,0.0,0.0,0.0,-0.0008698002325630062,0.0,0.0,1.0
1779268313.5878975,-494.7434314421029,-777.1208090669901,-2.140109568316196,12451.735876189965,-6.944129310797776e-05,0.0,0.0,0.0,-0.000866631991310714,0.0,0.0,1.0
1779268313.5981998,-496.37772011401296,-779.674384802205,-2.1401095683210802,12491.204407156343,6.944129326757014e-05,0.0,0.0,0.0,-0.0008625784778723372,0.0,0.0,1.0
1779268313.6084197,-497.735718171255,-781.796256502906,-2.140109568325636,12529.451518534901,-6.944129342269256e-05,0.0,0.0,0.0,-0.0008597468638180481,0.0,0.0,1.0
1779268313.6192942,-497.536214787901,-781.4845324739572,-2.140109568330141,12563.963948496648,6.944129357710322e-05,0.0,0.0,0.0,-0.0008574080616910987,0.0,0.0,1.0
1779268313.629319,-500.4039170037362,-785.9653166655946,-2.1401095683341813,12607.350826867907,-6.944129372665608e-05,0.0,0.0,0.0,-0.0008577508496899588,0.0,0.0,1.0
1779268313.6400948,-501.2889633983402,-787.3482014809891,-2.1401095683382585,12645.976269311292,6.944129389041128e-05,0.0,0.0,0.0,-0.0008528496424942153,0.0,0.0,1.0
1779268313.6498935,-504.9681303877351,-793.096899244423,-2.140109568341876,12691.901349103355,-6.944129403913408e-05,0.0,0.0,0.0,-0.0008513482916375674,0.0,0.0,1.0
1779268313.660125,-506.591024335867,-795.6326707385173,-2.1401095683454328,12731.704050903027,6.944129419969365e-05,0.0,0.0,0.0,-0.0008451633919335743,0.0,0.0,1.0
1779268313.6707416,-506.7509419984886,-795.8825420413007,-2.140109568348925,12767.479180383152,-6.944129434715402e-05,0.0,0.0,0.0,-0.000842463679107058,0.0,0.0,1.0
1779268313.6808484,-508.7864306620679,-799.0629927095948,-2.140109568352154,12808.537875142109,6.94412945042093e-05,0.0,0.0,0.0,-0.000842198583128768,0.0,0.0,1.0
1779268313.6911929,-511.603745963092,-803.4650473638542,-2.1401095683553795,12853.52070796839,-6.944129464910245e-05,0.0,0.0,0.0,-0.0008388389094014472,0.0,0.0,1.0
1779268313.7019253,-512.0227534573501,-804.1197464870592,-2.1401095683585374,12891.01624898853,6.944129479820961e-05,0.0,0.0,0.0,-0.0008342327762975923,0.0,0.0,1.0
1779268313.712409,-514.0072817039659,-807.2205715152645,-2.1401095683615563,12933.607020696178,-6.944129494329547e-05,0.0,0.0,0.0,-0.0008335520407479614,0.0,0.0,1.0
1779268313.7227185,-515.5057044459884,-809.5618567780239,-2.140109568364413,12973.88171432559,6.944129508558268e-05,0.0,0.0,0.0,-0.0008303429442819379,0.0,0.0,1.0
1779268313.732752,-517.6207028883126,-812.8665414664537,-2.1401095683671243,13015.576830656917,-6.944129522309169e-05,0.0,0.0,0.0,-0.0008279362325542076,0.0,0.0,1.0
1779268313.7433388,-518.9410438350019,-814.9295739560638,-2.1401095683698967,13056.391299465513,6.94412953624135e-05,0.0,0.0,0.0,-0.0008245628476565637,0.0,0.0,1.0
1779268313.7536073,-520.6458536714492,-817.5933390719817,-2.1401095683688296,13097.623157282895,-6.944129550205581e-05,0.0,0.0,0.0,-0.0008224708283889028,0.0,0.0,1.0
1779268313.7643807,-519.8726050026593,-816.3851382008626,-2.1401095683680866,13131.55596172355,6.944129564056131e-05,0.0,0.0,0.0,-0.0008197853020881205,0.0,0.0,1.0
1779268313.7749133,-523.5160674069006,-822.07804760858,-2.1401095683678912,13181.213266843384,-6.944129578715245e-05,0.0,0.0,0.0,-0.000821001215036372,0.0,0.0,1.0
1779268313.7851586,-525.0162824535428,-824.4221333873753,-2.140109568367975,13221.941883695272,6.944129591908262e-05,0.0,0.0,0.0,-0.0008153033592227354,0.0,0.0,1.0
1779268313.7957654,-525.994796020102,-825.9510606915536,-2.140109568368357,13262.152488003703,-6.944129606644553e-05,0.0,0.0,0.0,-0.000812980162936426,0.0,0.0,1.0
1779268313.805807,-529.0520322743923,-830.7279918296485,-2.140109568369038,13308.165976035669,6.944129618860698e-05,0.0,0.0,0.0,-0.0008114719842923545,0.0,0.0,1.0
1779268313.8159776,-530.6825855971005,-833.2757311324922,-2.140109568369911,13349.425851012778,-6.944129632876082e-05,0.0,0.0,0.0,-0.000806795705661951,0.0,0.0,1.0
1779268313.8261578,-532.1217632205984,-835.524445935977,-2.1401095683709728,13389.887545810296,6.944129646016317e-05,0.0,0.0,0.0,-0.0008043236218384341,0.0,0.0,1.0
1779268313.8366601,-534.3796213509069,-839.0523488874662,-2.140109568372298,13434.934803068898,-6.944129660052158e-05,0.0,0.0,0.0,-0.0008021542356564512,0.0,0.0,1.0
1779268313.8474035,-534.6074760565875,-839.4083718387396,-2.1401095683737634,13473.420396989359,6.94412967362458e-05,0.0,0.0,0.0,-0.0007987742657126302,0.0,0.0,1.0
1779268313.857807,-537.2363102715184,-843.5159248537634,-2.140109568375403,13519.738312200498,-6.944129687087275e-05,0.0,0.0,0.0,-0.0007984347576944594,0.0,0.0,1.0
1779268313.868152,-539.3191081741187,-846.7702962238707,-2.140109568377144,13563.905076033823,6.944129700774479e-05,0.0,0.0,0.0,-0.000794538460965064,0.0,0.0,1.0
1779268313.878895,-539.1328170892485,-846.4792164440403,-2.1401095683789966,13601.188222307659,-6.944129713890495e-05,0.0,0.0,0.0,-0.0007914783617415006,0.0,0.0,1.0
1779268313.8890395,-542.2551124149791,-851.3578023541722,-2.1401095683809395,13648.752949237702,6.944129727039705e-05,0.0,0.0,0.0,-0.000791751109005574,0.0,0.0,1.0
1779268313.8992558,-543.9618955742825,-854.0246507490516,-2.1401095683829334,13691.382263018178,-6.944129738155292e-05,0.0,0.0,0.0,-0.0007872045282683566,0.0,0.0,1.0
1779268313.9098308,-545.377283369494,-856.2361939372391,-2.1401095683850717,13734.389681360959,6.944129751498326e-05,0.0,0.0,0.0,-0.0007847411741277951,0.0,0.0,1.0
1779268313.9202895,-547.4453248744627,-859.467508432471,-2.1401095683872726,13779.532219077475,-6.94412976412211e-05,0.0,0.0,0.0,-0.0007827100464842426,0.0,0.0,1.0
1779268313.9305584,-548.6875654312921,-861.4085090888002,-2.1401095683894558,13820.975450158041,6.944129777645665e-05,0.0,0.0,0.0,-0.0007797611712539932,0.0,0.0,1.0
1779268313.9410706,-550.6258163675221,-864.4370258412546,-2.140109568391768,13866.066398695732,-6.944129790030555e-05,0.0,0.0,0.0,-0.0007780004862537958,0.0,0.0,1.0
1779268313.9516172,-552.3556870868863,-867.1399485440172,-2.1401095683938784,13910.625948486644,6.944129802329192e-05,0.0,0.0,0.0,-0.0007752691381851871,0.0,0.0,1.0
1779268313.9616988,-554.4864931932137,-870.4693327180471,-2.1401095683959634,13955.028208757672,-6.944129814828005e-05,0.0,0.0,0.0,-0.0007728475822673954,0.0,0.0,1.0
1779268313.9720907,-556.3750697802685,-873.4202333095128,-2.1401095683981697,13999.82758404005,6.944129828092947e-05,0.0,0.0,0.0,-0.0007698854901079216,0.0,0.0,1.0
1779268313.9822624,-557.9726762547436,-875.9164931497938,-2.1401095684003626,14042.811891444213,-6.944129840189857e-05,0.0,0.0,0.0,-0.0007672790442603295,0.0,0.0,1.0
1779268313.9927099,-559.0306319890103,-877.5695488016117,-2.140109568402645,14084.961211786713,6.944129853190811e-05,0.0,0.0,0.0,-0.0007650879093860885,0.0,0.0,1.0
1779268314.002847,-560.8305873243823,-880.3819787005239,-2.1401095684049105,14128.809667560925,-6.944129866337154e-05,0.0,0.0,0.0,-0.0007636437865076497,0.0,0.0,1.0
1779268314.0134947,-562.0383529719654,-882.269112314612,-2.140109568407314,14172.554329983734,6.944129878801411e-05,0.0,0.0,0.0,-0.0007611993111528534,0.0,0.0,1.0
1779268314.023932,-564.6001638842268,-886.2719414188463,-2.1401095684097324,14220.649733069144,-6.944129890953295e-05,0.0,0.0,0.0,-0.0007595678292903528,0.0,0.0,1.0
1779268314.0344322,-566.5460829560874,-889.3124396290219,-2.14010956841217,14266.81133781287,6.944129903238983e-05,0.0,0.0,0.0,-0.0007561303102496176,0.0,0.0,1.0
1779268314.0447245,-568.5890377226815,-892.5045560949533,-2.1401095684145703,14312.577184562235,-6.944129915348195e-05,0.0,0.0,0.0,-0.0007535399360588089,0.0,0.0,1.0
1779268314.0553477,-570.0353707083092,-894.7644511313972,-2.140109568417055,14357.61070645678,6.944129927505121e-05,0.0,0.0,0.0,-0.0007508394189755191,0.0,0.0,1.0
1779268314.065862,-572.1228561510367,-898.0261467702558,-2.1401095684195406,14404.741253289738,-6.944129939681771e-05,0.0,0.0,0.0,-0.000748939230259476,0.0,0.0,1.0
1779268314.076142,-573.1873448720206,-899.6894102090281,-2.1401095684219325,14447.143773737207,6.944129951452995e-05,0.0,0.0,0.0,-0.0007462135929641649,0.0,0.0,1.0
1779268314.0867386,-575.2486374155465,-902.9101794468228,-2.140109568424449,14494.776901374527,-6.944129962755389e-05,0.0,0.0,0.0,-0.0007448313100401426,0.0,0.0,1.0
1779268314.0972908,-575.5636735932624,-903.4024234164676,-2.1401095684269,14535.83877330608,6.944129973836805e-05,0.0,0.0,0.0,-0.000742169142722885,0.0,0.0,1.0
1779268314.1075215,-579.4387655536775,-909.4572539273773,-2.140109568429372,14589.000717460922,-6.944129985285452e-05,0.0,0.0,0.0,-0.0007417639482353751,0.0,0.0,1.0
1779268314.1177437,-581.6657508114026,-912.9369180017443,-2.1401095684317943,14636.089704555241,6.944129996230436e-05,0.0,0.0,0.0,-0.000736815812249151,0.0,0.0,1.0
1779268314.1279576,-582.8257631351782,-914.749437052218,-2.1401095684341773,14679.23960177354,-6.944130008364553e-05,0.0,0.0,0.0,-0.0007340019138584684,0.0,0.0,1.0
1779268314.1382556,-584.9810179807464,-918.1170223697077,-2.140109568436608,14726.611573639973,6.944130019288464e-05,0.0,0.0,0.0,-0.0007325446814555918,0.0,0.0,1.0
1779268314.148753,-586.2652274934034,-920.1235994948784,-2.140109568439739,14771.531257849094,-6.944130030854434e-05,0.0,0.0,0.0,-0.0007298525094158635,0.0,0.0,1.0
1779268314.158806,-588.8793420754176,-924.2081530611921,-2.1401095684426776,14819.859658647989,6.944130041796302e-05,0.0,0.0,0.0,-0.0007282577624169267,0.0,0.0,1.0
1779268314.1690958,-590.4607831940259,-926.6791545211432,-2.1401095684455713,14865.346660314364,-6.944130053391258e-05,0.0,0.0,0.0,-0.0007250329623870407,0.0,0.0,1.0
1779268314.1794527,-592.8963111395599,-930.4846665002876,-2.1401095684484335,14914.495084714494,6.944130064199394e-05,0.0,0.0,0.0,-0.0007230959065702935,0.0,0.0,1.0
1779268314.1897671,-594.4547159421325,-932.9196737219545,-2.14010956845118,14960.251078080448,-6.94413007467616e-05,0.0,0.0,0.0,-0.0007201328705481123,0.0,0.0,1.0
1779268314.1997225,-597.9608019007848,-938.3979324121401,-2.1401095684538145,15011.981965602947,6.94413008571348e-05,0.0,0.0,0.0,-0.0007182496390199815,0.0,0.0,1.0
1779268314.2102482,-599.8078916836945,-941.2840098663459,-2.140109568456508,15059.984725327196,-6.944130095446402e-05,0.0,0.0,0.0,-0.000714048559633466,0.0,0.0,1.0
1779268314.220687,-600.1890054907766,-941.8795001140536,-2.140109568459077,15102.300828476958,6.944130107176908e-05,0.0,0.0,0.0,-0.0007118550345643585,0.0,0.0,1.0
1779268314.2310395,-602.7048352559425,-945.8104836753788,-2.1401095684616225,15152.3650165136,-6.944130117029579e-05,0.0,0.0,0.0,-0.0007114041153016941,0.0,0.0,1.0
1779268314.2416575,-604.0569339581812,-947.9231376535972,-2.1401095684641582,15199.326565926094,6.944130128397815e-05,0.0,0.0,0.0,-0.0007084417612457817,0.0,0.0,1.0
1779268314.252126,-605.9951675178913,-950.9516272451457,-2.140109568466622,15247.997805728213,-6.944130138207278e-05,0.0,0.0,0.0,-0.0007068598534432219,0.0,0.0,1.0
1779268314.2627046,-607.5717718337542,-953.4150712063954,-2.1401095684690596,15295.908103342788,6.944130148998782e-05,0.0,0.0,0.0,-0.000704604471893119,0.0,0.0,1.0
1779268314.2729948,-609.7151587702679,-956.764112914307,-2.140109568471399,15344.874013774403,-6.944130158480195e-05,0.0,0.0,0.0,-0.0007027804794984728,0.0,0.0,1.0
1779268314.2831128,-612.037478119121,-960.3927364857568,-2.1401095684736635,15393.881630419659,6.944130169361071e-05,0.0,0.0,0.0,-0.0007003158627426506,0.0,0.0,1.0
1779268314.2936769,-613.7800358659553,-963.1154826548963,-2.1401095684759897,15442.751169856527,-6.944130179025647e-05,0.0,0.0,0.0,-0.0006976649346643874,0.0,0.0,1.0
1779268314.30484,-609.8244229846375,-956.9348382093368,-2.140109568478273,15472.862753096526,6.944130189461501e-05,0.0,0.0,0.0,-0.0006956889464367253,0.0,0.0,1.0
1779268314.314576,-617.4960043485464,-968.9216827490387,-2.1401095684804705,15540.742370202832,-6.94413019943297e-05,0.0,0.0,0.0,-0.0007001906843314558,0.0,0.0,1.0
1779268314.3250647,-619.9530932533023,-972.7608837287512,-2.1401095684826945,15592.25066025126,6.944130209568584e-05,0.0,0.0,0.0,-0.0006915123527976407,0.0,0.0,1.0
1779268314.3357332,-621.1595627308757,-974.6459920712628,-2.1401095684849083,15640.087968474683,-6.944130219645761e-05,0.0,0.0,0.0,-0.0006887781213145277,0.0,0.0,1.0
1779268314.3461847,-623.8230971749126,-978.8077641704945,-2.1401095684870746,15692.517892146057,6.944130230005291e-05,0.0,0.0,0.0,-0.0006874434698730565,0.0,0.0,1.0
1779268314.3563857,-625.7301660055024,-981.7875588718186,-2.1401095684896694,15741.186692484385,-6.944130239807021e-05,0.0,0.0,0.0,-0.0006845151837721802,0.0,0.0,1.0
1779268314.3668869,-627.8741099427535,-985.1374708866707,-2.1401095684922615,15792.227741502731,6.944130249904036e-05,0.0,0.0,0.0,-0.0006824338316167672,0.0,0.0,1.0
1779268314.3774607,-629.2524028902644,-987.2910533642707,-2.140109568494769,15840.892399614595,-6.944130259825769e-05,0.0,0.0,0.0,-0.0006801090188082884,0.0,0.0,1.0
1779268314.3874402,-632.5151864228648,-992.3891520545118,-2.1401095684970857,15894.127703776396,6.944130269590622e-05,0.0,0.0,0.0,-0.0006786227951553561,0.0,0.0,1.0
1779268314.3976858,-633.499965594845,-993.9278693284058,-2.140109568499355,15940.150891373238,-6.944130278950156e-05,0.0,0.0,0.0,-0.0006751302697763294,0.0,0.0,1.0
1779268314.4081411,-635.9261453526101,-997.7187747670491,-2.1401095685016376,15992.591492830228,6.944130287862997e-05,0.0,0.0,0.0,-0.0006740831998946098,0.0,0.0,1.0
1779268314.4184837,-638.2285147603093,-1001.3162265560211,-2.140109568503832,16044.208518325544,-6.944130298787139e-05,0.0,0.0,0.0,-0.0006715173629809199,0.0,0.0,1.0
1779268314.428961,-638.3638728177724,-1001.5277234881426,-2.1401095685059515,16088.356285222759,6.944130307690965e-05,0.0,0.0,0.0,-0.000669100461791226,0.0,0.0,1.0
1779268314.4392173,-642.3800434977909,-1007.8029894677481,-2.140109568508056,16146.330173588613,-6.94413031803221e-05,0.0,0.0,0.0,-0.0006689589105932363,0.0,0.0,1.0
1779268314.4499776,-642.6576788299188,-1008.2367946175234,-2.1401095685101437,16192.543876613528,6.9441303262654e-05,0.0,0.0,0.0,-0.0006647860994484112,0.0,0.0,1.0
1779268314.4604557,-645.4348448447392,-1012.5761160242762,-2.140109568512174,16247.028423609316,-6.944130336780524e-05,0.0,0.0,0.0,-0.0006644995576923869,0.0,0.0,1.0
1779268314.4706264,-648.9842091827027,-1018.121997176997,-2.1401095685141214,16303.233517798139,6.944130345993998e-05,0.0,0.0,0.0,-0.0006616468451803197,0.0,0.0,1.0
1779268314.480986,-649.5093830990726,-1018.9425813229777,-2.1401095685160167,16349.13416920896,-6.944130355326301e-05,0.0,0.0,0.0,-0.0006580363902731804,0.0,0.0,1.0
1779268314.4910202,-652.4608027269798,-1023.5541739710818,-2.1401095685178575,16402.77947118888,6.944130364075954e-05,0.0,0.0,0.0,-0.0006575055203501949,0.0,0.0,1.0
1779268314.501536,-654.5453437352321,-1026.8112689269383,-2.1401095685197484,16455.477046027663,-6.944130373585117e-05,0.0,0.0,0.0,-0.00065453795433463,0.0,0.0,1.0
1779268314.5120082,-657.0346709933132,-1030.700842327904,-2.1401095685216074,16509.62036691684,6.944130382848177e-05,0.0,0.0,0.0,-0.0006524580990063517,0.0,0.0,1.0
1779268314.522733,-657.4598798498866,-1031.3652310862137,-2.14010956852345,16557.37734178087,-6.944130391938586e-05,0.0,0.0,0.0,-0.0006499916191397339,0.0,0.0,1.0
1779268314.5331755,-660.3645713419945,-1035.9038110309166,-2.1401095685252534,16613.243897896267,6.944130400571988e-05,0.0,0.0,0.0,-0.0006495721760259086,0.0,0.0,1.0
1779268314.543657,-662.9361704606237,-1039.921934200243,-2.140109568527035,16668.194962967707,-6.94413040881409e-05,0.0,0.0,0.0,-0.0006467212906291786,0.0,0.0,1.0
1779268314.553969,-663.3565846100398,-1040.5788312320644,-2.140109568528622,16714.406844854624,6.944130417821704e-05,0.0,0.0,0.0,-0.0006442181309792025,0.0,0.0,1.0
1779268314.5645103,-665.728495180667,-1044.284941081845,-2.1401095685302787,16769.282839024232,-6.944130426475686e-05,0.0,0.0,0.0,-0.0006438107473791925,0.0,0.0,1.0
1779268314.5749962,-668.4696484400572,-1048.5679925684544,-2.140109568531919,16825.308298961278,6.944130435306367e-05,0.0,0.0,0.0,-0.0006415219719877485,0.0,0.0,1.0
1779268314.5853515,-670.0222829356752,-1050.9939836937847,-2.140109568533511,16876.485489551455,-6.944130444398776e-05,0.0,0.0,0.0,-0.0006388970834202477,0.0,0.0,1.0
1779268314.5954263,-673.1311920750579,-1055.8516536788602,-2.140109568535071,16932.270604154568,6.944130453074405e-05,0.0,0.0,0.0,-0.0006374198102669101,0.0,0.0,1.0
1779268314.6057096,-675.9525073123846,-1060.2599582419764,-2.1401095685366545,16988.10256032279,-6.944130461467794e-05,0.0,0.0,0.0,-0.0006344822405871502,0.0,0.0,1.0
1779268314.6163409,-676.0361627054476,-1060.3906697753928,-2.140109568538243,17035.498554471236,6.944130469747258e-05,0.0,0.0,0.0,-0.0006318397517955393,0.0,0.0,1.0
1779268314.6264093,-679.5327518110371,-1065.8540896400043,-2.1401095685397804,17093.141875806246,-6.944130478348339e-05,0.0,0.0,0.0,-0.0006317617347901293,0.0,0.0,1.0
1779268314.6364925,-681.9882898727062,-1069.6908674298984,-2.1401095685412965,17147.09628251086,6.944130486722604e-05,0.0,0.0,0.0,-0.000628517959672194,0.0,0.0,1.0
1779268314.6471972,-682.8102465357458,-1070.9751745689139,-2.1401095685428793,17198.00895093693,-6.944130495737389e-05,0.0,0.0,0.0,-0.0006262598032034422,0.0,0.0,1.0
1779268314.6573656,-686.401024403861,-1076.5857643584377,-2.140109568544407,17256.90095355622,6.944130504109257e-05,0.0,0.0,0.0,-0.0006255075377112893,0.0,0.0,1.0
1779268314.6676812,-688.6938323961441,-1080.1682764431393,-2.1401095685459297,17311.759029479184,-6.94413051243607e-05,0.0,0.0,0.0,-0.0006222422928894388,0.0,0.0,1.0
1779268314.6779037,-690.3537963172685,-1082.7619697769883,-2.1401095685474187,17363.96975956359,6.944130521047013e-05,0.0,0.0,0.0,-0.0006201751205144187,0.0,0.0,1.0
1779268314.6883883,-692.4123733761678,-1085.9784960690208,-2.140109568548946,17419.076725140894,-6.944130529394979e-05,0.0,0.0,0.0,-0.0006186870648809686,0.0,0.0,1.0
1779268314.6987247,-695.2605454089842,-1090.4287643702023,-2.1401095685504496,17476.536818139688,6.94413053740529e-05,0.0,0.0,0.0,-0.0006168515666022681,0.0,0.0,1.0
1779268314.7088182,-697.9234701425258,-1094.5895837986347,-2.1401095685519036,17532.294517259386,-6.944130545840721e-05,0.0,0.0,0.0,-0.0006143299229999137,0.0,0.0,1.0
1779268314.7194579,-699.4935865039294,-1097.042890335902,-2.140109568553418,17586.739814817956,6.944130553754402e-05,0.0,0.0,0.0,-0.0006119908668300523,0.0,0.0,1.0
1779268314.7301562,-699.7187658402704,-1097.3947330059607,-2.1401095685549114,17636.652468412063,-6.944130562290391e-05,0.0,0.0,0.0,-0.0006106200387665207,0.0,0.0,1.0
1779268314.7401457,-704.048233101063,-1104.1595248426902,-2.1401095685563414,17698.606473855856,6.944130569879232e-05,0.0,0.0,0.0,-0.0006104239438403838,0.0,0.0,1.0
1779268314.7503874,-706.3700883471286,-1107.7874233170116,-2.140109568554593,17754.40566124011,-6.94413057836786e-05,0.0,0.0,0.0,-0.0006066780157980643,0.0,0.0,1.0
1779268314.7607698,-708.0545333008304,-1110.419368315031,-2.1401095685532274,17808.690608381068,6.944130584849219e-05,0.0,0.0,0.0,-0.0006046879971769076,0.0,0.0,1.0
1779268314.7709742,-710.1422897262189,-1113.6814874105933,-2.140109568552257,17863.74471220892,-6.944130593444018e-05,0.0,0.0,0.0,-0.0006032524451611692,0.0,0.0,1.0
1779268314.7811866,-712.616278707716,-1117.547094802699,-2.1401095685516154,17920.41930259927,6.944130600651166e-05,0.0,0.0,0.0,-0.000601482602534249,0.0,0.0,1.0
1779268314.7918084,-715.1001618053637,-1121.4281617464085,-2.1401095685512552,17979.297715294277,-6.944130608439316e-05,0.0,0.0,0.0,-0.0005993987360034894,0.0,0.0,1.0
1779268314.8018816,-718.030067221439,-1126.0061384788082,-2.1401095685511766,18037.296932684094,6.944130616107051e-05,0.0,0.0,0.0,-0.000597321010693796,0.0,0.0,1.0
1779268314.8125212,-718.7301509242786,-1127.1000191709245,-2.140109568551299,18089.937903058388,-6.94413062398849e-05,0.0,0.0,0.0,-0.0005948886335546158,0.0,0.0,1.0
1779268314.8227177,-722.1358916430497,-1132.4214884741302,-2.140109568551664,18150.60933827454,6.944130631499838e-05,0.0,0.0,0.0,-0.0005943103657736852,0.0,0.0,1.0
1779268314.8334632,-722.4725385839013,-1132.9474992825353,-2.1401095685521927,18202.74394480509,-6.944130639422506e-05,0.0,0.0,0.0,-0.0005915131657629808,0.0,0.0,1.0
1779268314.8439028,-723.1149863384167,-1133.9513238053328,-2.140109568552864,18254.182336972557,6.944130646365454e-05,0.0,0.0,0.0,-0.0005912381053909988,0.0,0.0,1.0
1779268314.8541894,-724.8160848025401,-1136.609289874879,-2.1401095685536937,18309.652715331737,-6.944130653971264e-05,0.0,0.0,0.0,-0.0005907138913410797,0.0,0.0,1.0
1779268314.8643637,-728.6292344552728,-1142.5673355558815,-2.1401095685546583,18371.791960523256,6.944130661604928e-05,0.0,0.0,0.0,-0.0005893303274402491,0.0,0.0,1.0
1779268314.874547,-732.776428164745,-1149.0473250155833,-2.1401095685557556,18435.996142388907,-6.944130668520977e-05,0.0,0.0,0.0,-0.0005862523754072938,0.0,0.0,1.0
1779268314.8851624,-734.8359852914673,-1152.265382677323,-2.140109568556964,18494.4339731809,6.94413067569767e-05,0.0,0.0,0.0,-0.0005829410774043073,0.0,0.0,1.0
1779268314.8955083,-739.358697914606,-1159.3321203709097,-2.1401095685582754,18561.01879134449,-6.944130683211023e-05,0.0,0.0,0.0,-0.0005813105017224746,0.0,0.0,1.0
1779268314.9065022,-738.6513254075377,-1158.226850959372,-2.1401095685596574,18611.209272899127,6.944130690136343e-05,0.0,0.0,0.0,-0.0005777616272814244,0.0,0.0,1.0
1779268314.9169362,-742.5245253910703,-1164.2787252640976,-2.140109568561123,18676.387217429434,-6.944130697392779e-05,0.0,0.0,0.0,-0.0005783138287017405,0.0,0.0,1.0
1779268314.927342,-745.6668425577999,-1169.1885952937932,-2.140109568562626,18738.627137822597,6.944130704321623e-05,0.0,0.0,0.0,-0.0005753031456251297,0.0,0.0,1.0
1779268314.9382098,-746.8678820132003,-1171.0652192371385,-2.140109568564222,18796.138294617074,-6.944130711417505e-05,0.0,0.0,0.0,-0.0005728835217488997,0.0,0.0,1.0
1779268314.9482687,-750.5003489184083,-1176.7409480600463,-2.140109568569991,18858.628501088595,6.94413071833472e-05,0.0,0.0,0.0,-0.0005719640748964329,0.0,0.0,1.0
1779268314.9583523,-753.6112625339161,-1181.6017499662983,-2.14010956857527,18919.573937795947,-6.944130725417854e-05,0.0,0.0,0.0,-0.000569201120676039,0.0,0.0,1.0
1779268314.9690306,-753.519963280897,-1181.4590948272246,-2.1401095685803266,18971.805945110314,6.944130732426548e-05,0.0,0.0,0.0,-0.0005668560057028689,0.0,0.0,1.0
1779268314.979154,-758.1000154827495,-1188.6154255323443,-2.1401095685847333,19038.700060281026,-6.944130739197501e-05,0.0,0.0,0.0,-0.0005669245413910233,0.0,0.0,1.0
1779268314.9897647,-759.2575880240712,-1190.4241323680474,-2.1401095685889224,19095.55699174406,6.94413074618239e-05,0.0,0.0,0.0,-0.000563506078634787,0.0,0.0,1.0
1779268315.0,-762.1108656961933,-1194.8823781825593,-2.1401095685926177,19156.879492859785,-6.94413075260757e-05,0.0,0.0,0.0,-0.0005626485975821966,0.0,0.0,1.0
1779268315.0103233,-765.1418887924614,-1199.6183511956403,-2.140109568596045,19219.570510015663,6.944130759456779e-05,0.0,0.0,0.0,-0.0005605461282660953,0.0,0.0,1.0
1779268315.0205028,-769.0337381475774,-1205.6993650930401,-2.140109568599151,19284.786830033154,-6.944130765602758e-05,0.0,0.0,0.0,-0.000558329829982025,0.0,0.0,1.0
1779268315.030658,-771.2220176076966,-1209.1185513307007,-2.1401095686019884,19343.694432673914,6.944130772484707e-05,0.0,0.0,0.0,-0.000555509663402318,0.0,0.0,1.0
1779268315.0411255,-774.0385317163291,-1213.5193540994592,-2.1401095686046974,19406.758382477245,-6.94413077894686e-05,0.0,0.0,0.0,-0.000553936436723075,0.0,0.0,1.0
1779268315.0516822,-776.5805335810647,-1217.491231538013,-2.140109568607222,19469.56141354227,6.944130785705817e-05,0.0,0.0,0.0,-0.0005519246213858084,0.0,0.0,1.0
1779268315.0625646,-775.5968160057492,-1215.9541729691252,-2.1401095686095823,19520.859476398222,-6.944130792125347e-05,0.0,0.0,0.0,-0.0005501213932854561,0.0,0.0,1.0
1779268315.0727394,-781.2269459291261,-1224.751249967094,-2.1401095686116838,19593.535665610874,6.94413079870358e-05,0.0,0.0,0.0,-0.000550817809796067,0.0,0.0,1.0
1779268315.0831523,-782.3268200946293,-1226.4698031358541,-2.140109568613645,19650.609813602252,-6.944130804892117e-05,0.0,0.0,0.0,-0.0005468556248785856,0.0,0.0,1.0
1779268315.0936108,-783.4025520411444,-1228.1506340936664,-2.140109568615483,19708.11966037974,6.94413081134289e-05,0.0,0.0,0.0,-0.0005460882353496006,0.0,0.0,1.0
1779268315.103777,-788.57737302688,-1236.2362909622398,-2.1401095686171807,19779.46225016365,-6.944130817191033e-05,0.0,0.0,0.0,-0.000545339770747911,0.0,0.0,1.0
1779268315.1138904,-791.6733987792958,-1241.0738306434191,-2.1401095686187412,19842.576792105632,6.944130823880492e-05,0.0,0.0,0.0,-0.0005417677723534174,0.0,0.0,1.0
1779268315.1240058,-794.5213437479347,-1245.5237441445659,-2.1401095686202205,19905.33150501325,-6.94413082994266e-05,0.0,0.0,0.0,-0.0005396529783047975,0.0,0.0,1.0
1779268315.1346786,-795.6539835374851,-1247.2934936033755,-2.140109568621683,19964.839424949176,6.94413083645533e-05,0.0,0.0,0.0,-0.0005377221667896259,0.0,0.0,1.0
1779268315.1447937,-798.8723736028145,-1252.3222275059964,-2.140109568623,20029.2878486137,-6.94413084255626e-05,0.0,0.0,0.0,-0.0005369581081726663,0.0,0.0,1.0
1779268315.1549468,-802.1476030603396,-1257.4397727587286,-2.140109568633114,20094.382489616994,6.944130848792382e-05,0.0,0.0,0.0,-0.0005347988470289409,0.0,0.0,1.0
1779268315.1650953,-804.4962403673494,-1261.1095179589827,-2.140109568641994,20156.129996879983,-6.944130854993438e-05,0.0,0.0,0.0,-0.0005326191728229333,0.0,0.0,1.0
1779268315.1751153,-807.7672448179543,-1266.2204616807069,-2.1401095686496876,20220.768316748447,6.944130861196023e-05,0.0,0.0,0.0,-0.0005310670480749583,0.0,0.0,1.0
1779268315.185188,-810.2430412144315,-1270.0888929723126,-2.140109568656462,20282.892477107245,-6.944130867446351e-05,0.0,0.0,0.0,-0.0005289203941932222,0.0,0.0,1.0
1779268315.1959698,-807.8723059358742,-1266.3846193740262,-2.1401095686627953,20331.10243898026,6.944130873561138e-05,0.0,0.0,0.0,-0.0005273071084312914,0.0,0.0,1.0
1779268315.205629,-815.1877837575787,-1277.81505208098,-2.140109568667663,20409.34250840228,-6.944130879828347e-05,0.0,0.0,0.0,-0.0005288516826892333,0.0,0.0,1.0
1779268315.2161298,-817.3821236205937,-1281.2437076244796,-2.140109568672274,20473.320447727194,6.944130886135785e-05,0.0,0.0,0.0,-0.0005241142851860249,0.0,0.0,1.0
1779268315.226795,-818.6061819443614,-1283.1562984428515,-2.140109568676272,20534.73045173949,-6.944130892271193e-05,0.0,0.0,0.0,-0.0005227097519349495,0.0,0.0,1.0
1779268315.2369874,-820.618117510995,-1286.2999473301888,-2.1401095686795073,20596.68694743354,6.944130898200234e-05,0.0,0.0,0.0,-0.0005219295266615969,0.0,0.0,1.0
1779268315.2473302,-823.0028983804003,-1290.0261669457304,-2.140109568682277,20661.067051095954,-6.944130904254354e-05,0.0,0.0,0.0,-0.0005206521638387548,0.0,0.0,1.0
1779268315.2573097,-826.7523701614786,-1295.8847158828921,-2.140109568684494,20728.631648388637,6.944130909834303e-05,0.0,0.0,0.0,-0.0005191461627440528,0.0,0.0,1.0
1779268315.2677205,-828.3273683321939,-1298.3456501882808,-2.1401095686864173,20790.70873405756,-6.944130915876421e-05,0.0,0.0,0.0,-0.0005167958996160939,0.0,0.0,1.0
1779268315.2778573,-832.2220849387135,-1304.431144152336,-2.1401095686879086,20860.05181622348,6.944130921350842e-05,0.0,0.0,0.0,-0.000515814979719582,0.0,0.0,1.0
1779268315.2884703,-833.2555441072161,-1306.0459238731607,-2.1401095686891574,20921.646875732797,-6.944130927323083e-05,0.0,0.0,0.0,-0.000513405255296601,0.0,0.0,1.0
1779268315.2989256,-835.0506892727279,-1308.8508378375545,-2.1401095686900766,20985.303803736526,6.944130933001699e-05,0.0,0.0,0.0,-0.0005127696057824746,0.0,0.0,1.0
1779268315.309046,-839.1066313671565,-1315.188246614275,-2.1401095686906912,21055.7134144232,-6.944130938621158e-05,0.0,0.0,0.0,-0.0005116692076641415,0.0,0.0,1.0
1779268315.319129,-841.7872748392244,-1319.3767515382535,-2.1401095686910923,21120.90963062753,6.944130942729504e-05,0.0,0.0,0.0,-0.0005092002910796123,0.0,0.0,1.0
1779268315.3296087,-843.2545716648491,-1321.669402541822,-2.140109568691312,21184.08950098127,-6.944130949233343e-05,0.0,0.0,0.0,-0.0005075815747498858,0.0,0.0,1.0
1779268315.3396997,-846.8239660702163,-1327.2465806508535,-2.1401095686913236,21253.026987529836,6.944130954353645e-05,0.0,0.0,0.0,-0.0005066998905740842,0.0,0.0,1.0
1779268315.349915,-848.7133182965974,-1330.1986931640943,-2.1401095686906477,21316.585694525424,-6.944130960303917e-05,0.0,0.0,0.0,-0.0005045678206070001,0.0,0.0,1.0
1779268315.3601124,-851.3374497687372,-1334.2988981218664,-2.1401095686898945,21382.9699051116,6.944130965463329e-05,0.0,0.0,0.0,-0.0005034465194034568,0.0,0.0,1.0
1779268315.3703804,-854.5886932599772,-1339.378965501132,-2.140109568689065,21452.237802807304,-6.944130971368146e-05,0.0,0.0,0.0,-0.0005018973817778232,0.0,0.0,1.0
1779268315.3810213,-856.2789624880085,-1342.0200108679671,-2.1401095686881586,21518.08999644858,6.944130976566536e-05,0.0,0.0,0.0,-0.0004999912067618639,0.0,0.0,1.0
1779268315.3913271,-860.1966012479544,-1348.1413207403973,-2.1401095686872105,21590.467377813788,-6.944130982114316e-05,0.0,0.0,0.0,-0.0004990059253519795,0.0,0.0,1.0
1779268315.401847,-862.264559986381,-1351.3725059034073,-2.140109568686215,21657.393076621323,6.944130987393131e-05,0.0,0.0,0.0,-0.0004967371444000067,0.0,0.0,1.0
1779268315.4123592,-863.91405549037,-1353.9498423366567,-2.140109568685186,21722.906105207494,-6.944130993005389e-05,0.0,0.0,0.0,-0.0004955478478416011,0.0,0.0,1.0
1779268315.422559,-867.3416928480731,-1359.3055251064175,-2.14010956868414,21793.39226690974,6.944130998097271e-05,0.0,0.0,0.0,-0.0004946032871779625,0.0,0.0,1.0
1779268315.4329906,-869.2458214717552,-1362.280725746207,-2.1401095686830587,21859.58583604309,-6.944131003708977e-05,0.0,0.0,0.0,-0.0004926519699370961,0.0,0.0,1.0
1779268315.4434803,-872.2951348892088,-1367.045277426737,-2.1401095686819294,21930.803949859786,6.944131008679964e-05,0.0,0.0,0.0,-0.0004915746073316056,0.0,0.0,1.0
1779268315.4540575,-874.1549839275284,-1369.9512912233388,-2.1401095686807814,21998.280144969773,-6.944131013997832e-05,0.0,0.0,0.0,-0.0004898590768262686,0.0,0.0,1.0
1779268315.4641507,-877.4730503005871,-1375.1357693511422,-2.140109568679662,22068.340016616246,6.944131019192111e-05,0.0,0.0,0.0,-0.0004888185998714274,0.0,0.0,1.0
1779268315.4742246,-882.1780124379322,-1382.4872718686981,-2.140109568678513,22143.741918179883,-6.944131024135461e-05,0.0,0.0,0.0,-0.00048697327161092096,0.0,0.0,1.0
1779268315.484811,-881.4291938465125,-1381.3172429511123,-2.1401095686773433,22202.1003735334,6.944131029426392e-05,0.0,0.0,0.0,-0.0004843803853488558,0.0,0.0,1.0
1779268315.495011,-887.4287706681034,-1390.6915806873383,-2.140109568676146,22283.421765382674,-6.944131034562163e-05,0.0,0.0,0.0,-0.00048479120656869166,0.0,0.0,1.0
1779268315.505274,-891.101849316703,-1396.4307654351835,-2.1401095686749527,22356.65374219669,6.944131039622451e-05,0.0,0.0,0.0,-0.00048151912201651876,0.0,0.0,1.0
1779268315.5155754,-892.2174577858071,-1398.1739034747861,-2.1401095686737746,22420.7414438206,-6.944131044622858e-05,0.0,0.0,0.0,-0.00047953758551057523,0.0,0.0,1.0
1779268315.525884,-895.5878322877406,-1403.44011304693,-2.140109568672568,22493.532791542097,6.944131049952704e-05,0.0,0.0,0.0,-0.00047893896654730697,0.0,0.0,1.0
1779268315.5359938,-898.3596894707758,-1407.771139413076,-2.14010956867139,22563.004411625945,-6.944131054772767e-05,0.0,0.0,0.0,-0.0004771395182590362,0.0,0.0,1.0
1779268315.5460668,-901.7210408640062,-1413.0232503798413,-2.1401095686702085,22634.643591210828,6.944131059526381e-05,0.0,0.0,0.0,-0.000475669721109985,0.0,0.0,1.0
1779268315.556193,-904.6767835724409,-1417.6415980348158,-2.140109568661353,22705.281324691965,-6.94413106466833e-05,0.0,0.0,0.0,-0.00047389944399123013,0.0,0.0,1.0
1779268315.566829,-903.7434605120859,-1416.1832810931007,-2.14010956865321,22764.13268157083,6.944131069306892e-05,0.0,0.0,0.0,-0.0004723536657853295,0.0,0.0,1.0
1779268315.5766916,-912.1085892058087,-1429.2537933642616,-2.140109568646433,22853.69009172004,-6.944131074074028e-05,0.0,0.0,0.0,-0.00047284071729756843,0.0,0.0,1.0
1779268315.5872169,-912.965297492828,-1430.592400055461,-2.1401095686400646,22919.42473805166,6.944131078668647e-05,0.0,0.0,0.0,-0.0004685111888402447,0.0,0.0,1.0
1779268315.5973456,-916.3603069425916,-1435.8971018506372,-2.140109568634659,22992.493092899207,-6.944131083526452e-05,0.0,0.0,0.0,-0.00046807227530048655,0.0,0.0,1.0
1779268315.6075618,-918.9911460305503,-1440.0077875773427,-2.1401095686298595,23063.425044922442,6.944131088092482e-05,0.0,0.0,0.0,-0.0004663409128196404,0.0,0.0,1.0
1779268315.6176612,-922.7893326626954,-1445.9424536254066,-2.140109568625693,23138.13126904045,-6.944131092899821e-05,0.0,0.0,0.0,-0.00046500804226134464,0.0,0.0,1.0
1779268315.6276894,-926.3325233064095,-1451.478688475422,-2.140109568622065,23211.622960496476,6.944131097653362e-05,0.0,0.0,0.0,-0.0004630971300154439,0.0,0.0,1.0
1779268315.63798,-928.0437817976155,-1454.1525296498758,-2.1401095686188154,23279.96927775529,-6.944131102072746e-05,0.0,0.0,0.0,-0.00046132861393487494,0.0,0.0,1.0
1779268315.6483579,-931.3295840721266,-1459.2865952033128,-2.1401095686159586,23355.15081251954,6.944131106894666e-05,0.0,0.0,0.0,-0.0004604793063495996,0.0,0.0,1.0
1779268315.6586087,-933.6147867869097,-1462.8572241106667,-2.1401095686135245,23425.879885233568,-6.944131111440641e-05,0.0,0.0,0.0,-0.00045885726673979476,0.0,0.0,1.0
1779268315.669321,-936.3653924351856,-1467.1550450162956,-2.1401095686113325,23501.615017026732,6.944131115916385e-05,0.0,0.0,0.0,-0.00045773589721562636,0.0,0.0,1.0
1779268315.6798904,-938.8698986605225,-1471.0683356091158,-2.140109568609497,23575.68387263985,-6.944131120443629e-05,0.0,0.0,0.0,-0.0004563933952434358,0.0,0.0,1.0
1779268315.6901686,-943.1693693158957,-1477.7862578035474,-2.140109568607993,23654.8167830884,6.944131125110975e-05,0.0,0.0,0.0,-0.0004551778393382437,0.0,0.0,1.0
1779268315.7006629,-944.768120773001,-1480.2843067178126,-2.140109568606703,23725.229145724814,-6.94413112958285e-05,0.0,0.0,0.0,-0.0004531061250337714,0.0,0.0,1.0
1779268315.7111511,-947.0466647793252,-1483.8445313671002,-2.1401095686056353,23798.531946960327,6.944131134197729e-05,0.0,0.0,0.0,-0.00045234056720447926,0.0,0.0,1.0
1779268315.7217255,-950.2678294497027,-1488.8776006356486,-2.140109568604763,23876.16619533511,-6.944131138553032e-05,0.0,0.0,0.0,-0.00045125394909024984,0.0,0.0,1.0
1779268315.7320218,-952.2411393585486,-1491.9608970525494,-2.1401095686040845,23947.5604922088,6.944131143227437e-05,0.0,0.0,0.0,-0.00044972667701605217,0.0,0.0,1.0
1779268315.7424192,-956.8502423170659,-1499.162619646663,-2.1401095686035636,24029.660080759157,-6.944131147619152e-05,0.0,0.0,0.0,-0.0004487961558971062,0.0,0.0,1.0
1779268315.752689,-959.9087762837914,-1503.9415783850761,-2.1401095686060145,24105.334489478326,6.944131151823928e-05,0.0,0.0,0.0,-0.0004466376395171842,0.0,0.0,1.0
1779268315.7631834,-961.8031756422789,-1506.901577005428,-2.140109568608256,24178.31968093177,-6.944131156127645e-05,0.0,0.0,0.0,-0.00044521669305753195,0.0,0.0,1.0
1779268315.773658,-965.6947988417937,-1512.9822375336792,-2.1401095686102636,24258.876983648755,6.944131160513642e-05,0.0,0.0,0.0,-0.0004443411081962062,0.0,0.0,1.0
1779268315.783785,-968.519422279983,-1517.3957111266277,-2.140109568611996,24333.33894977497,-6.944131164818626e-05,0.0,0.0,0.0,-0.00044255318194200534,0.0,0.0,1.0
1779268315.794427,-970.1172943209316,-1519.8923858774606,-2.1401095686136284,24406.821769028338,6.944131169094083e-05,0.0,0.0,0.0,-0.00044126445138071755,0.0,0.0,1.0
1779268315.8045354,-975.2131312274751,-1527.8546301253489,-2.14010956861502,24490.016153898905,-6.94413117330913e-05,0.0,0.0,0.0,-0.00044053874085842114,0.0,0.0,1.0
1779268315.8151026,-977.5917658104474,-1531.571246218601,-2.140109568616324,24566.394863203124,6.94413117761057e-05,0.0,0.0,0.0,-0.0004382402221436546,0.0,0.0,1.0
1779268315.8251379,-982.2672516414746,-1538.8766919901143,-2.140109568617434,24647.941220935885,-6.944131181858457e-05,0.0,0.0,0.0,-0.0004371755085488976,0.0,0.0,1.0
1779268315.8354053,-984.3678730076949,-1542.1589124866227,-2.1401095686184517,24721.65137219511,6.944131186037439e-05,0.0,0.0,0.0,-0.0004350977003610534,0.0,0.0,1.0
1779268315.845762,-987.6779336007892,-1547.330881566003,-2.1401095686193745,24800.68112732177,-6.944131189980484e-05,0.0,0.0,0.0,-0.000434170589186577,0.0,0.0,1.0
1779268315.8564582,-989.3040815536774,-1549.8717374404973,-2.1401095686202236,24875.62520274281,6.944131194354868e-05,0.0,0.0,0.0,-0.00043271768416032057,0.0,0.0,1.0
1779268315.8667493,-992.4740489407486,-1554.8248109137694,-2.1401095686209612,24954.399280511556,-6.944131197888675e-05,0.0,0.0,0.0,-0.0004320074641030037,0.0,0.0,1.0
1779268315.8772607,-994.7859094757682,-1558.4370925818646,-2.140109568621633,25031.325431612382,6.944131201748021e-05,0.0,0.0,0.0,-0.00043062966436208447,0.0,0.0,1.0
1779268315.8873997,-1000.1599806771914,-1566.8340778835504,-2.140109568622217,25117.4372632819,-6.944131205247167e-05,0.0,0.0,0.0,-0.0004296303621846228,0.0,0.0,1.0
1779268315.897973,-1002.0346244337961,-1569.763208414355,-2.1401095686227625,25193.676678782864,6.944131209173744e-05,0.0,0.0,0.0,-0.0004273252467635912,0.0,0.0,1.0
1779268315.9083672,-1005.9113287800808,-1575.82055826841,-2.1401095686232434,25276.360257871966,-6.944131213171703e-05,0.0,0.0,0.0,-0.0004265269578556215,0.0,0.0,1.0
1779268315.9184866,-1009.893693383907,-1582.0430022577436,-2.1401095686236626,25357.48138041022,6.944131217070526e-05,0.0,0.0,0.0,-0.00042488554842541875,0.0,0.0,1.0
1779268315.9288385,-1011.2630374270032,-1584.1826020777783,-2.140109568624048,25430.8664758829,-6.944131221316029e-05,0.0,0.0,0.0,-0.0004232125049981837,0.0,0.0,1.0
1779268315.9387915,-1017.1768108076105,-1593.42287194543,-2.1401095686243843,25518.70299557193,6.944131224844173e-05,0.0,0.0,0.0,-0.00042264026496890766,0.0,0.0,1.0
1779268315.9495122,-1017.5180881115922,-1593.9561176719897,-2.1401095686245046,25591.35742091277,-6.944131229093087e-05,0.0,0.0,0.0,-0.00042018661077018716,0.0,0.0,1.0
1779268315.9598737,-1022.9922072841051,-1602.5094279221976,-2.140109568624618,25680.861451092132,6.944131232664361e-05,0.0,0.0,0.0,-0.00042004588221197466,0.0,0.0,1.0
1779268315.9699194,-1026.5933179223434,-1608.1361626647165,-2.140109568624722,25761.35767544366,-6.944131236800603e-05,0.0,0.0,0.0,-0.0004178013992135397,0.0,0.0,1.0
1779268315.980581,-1027.91252725944,-1610.1974270225949,-2.140109568624827,25837.85844807893,6.944131240448046e-05,0.0,0.0,0.0,-0.0004163379158876647,0.0,0.0,1.0
1779268315.9905686,-1033.025433795757,-1618.1863425920924,-2.140109568624923,25924.016450703908,-6.944131244586944e-05,0.0,0.0,0.0,-0.00041580435470205953,0.0,0.0,1.0
1779268316.0015023,-1031.5097380468685,-1615.8180682481639,-2.140109568625022,25992.41224997964,6.944131248250908e-05,0.0,0.0,0.0,-0.00041374927071185065,0.0,0.0,1.0
1779268316.0115268,-1037.1209423015605,-1624.5855739157512,-2.1401095686251113,26081.1178194537,-6.944131252017586e-05,0.0,0.0,0.0,-0.00041435636850891013,0.0,0.0,1.0
1779268316.021864,-1042.9271063890312,-1633.6577042880458,-2.1401095686252014,26172.9894685049,6.944131255820378e-05,0.0,0.0,0.0,-0.0004121177152937005,0.0,0.0,1.0
1779268316.0320528,-1045.621963941997,-1637.868418743411,-2.1401095686252862,26252.40769080038,-6.944131259485728e-05,0.0,0.0,0.0,-0.0004098266040332285,0.0,0.0,1.0
1779268316.0426092,-1049.0962385114547,-1643.2969721509958,-2.1401095686253715,26337.241168987573,6.944131263310357e-05,0.0,0.0,0.0,-0.00040877184708439736,0.0,0.0,1.0
1779268316.052679,-1052.8697668417065,-1649.1931095076434,-2.140109568625451,26420.31111430072,-6.944131267084939e-05,0.0,0.0,0.0,-0.0004074200144533248,0.0,0.0,1.0
1779268316.0635538,-1051.628076257644,-1647.2529681862356,-2.1401095686255323,26490.36895205663,6.944131270890777e-05,0.0,0.0,0.0,-0.00040596183615378763,0.0,0.0,1.0
1779268316.0733688,-1060.0520724038895,-1660.415460693563,-2.1401095686256077,26589.408444866574,-6.944131274802049e-05,0.0,0.0,0.0,-0.00040644050037353334,0.0,0.0,1.0
1779268316.083444,-1063.735522163789,-1666.1708502998542,-2.1401095686256815,26672.754609963325,6.944131278420297e-05,0.0,0.0,0.0,-0.00040321507249866306,0.0,0.0,1.0
1779268316.0937405,-1065.5110050319952,-1668.9450419709872,-2.1401095686257547,26750.82589582396,-6.944131282273573e-05,0.0,0.0,0.0,-0.0004018207625392357,0.0,0.0,1.0
1779268316.103925,-1069.8114619946755,-1675.6645052239462,-2.1401095686258267,26837.71376744953,6.944131285406907e-05,0.0,0.0,0.0,-0.00040115212091270156,0.0,0.0,1.0
1779268316.1147852,-1068.466238865475,-1673.5625943189764,-2.1401095686259,26908.756030005876,-6.944131289545044e-05,0.0,0.0,0.0,-0.0003995417670105483,0.0,0.0,1.0
1779268316.1247327,-1076.99680960463,-1686.8916096092173,-2.1401095686259692,27010.12258442832,6.944131292623069e-05,0.0,0.0,0.0,-0.00040004410937544816,0.0,0.0,1.0
1779268316.1352873,-1079.882186811793,-1691.4000109912715,-2.1401095686260394,27095.14292572072,-6.944131296208182e-05,0.0,0.0,0.0,-0.00039687978939008546,0.0,0.0,1.0
1779268316.1458533,-1079.640243320655,-1691.0219743282278,-2.1401095686261074,27168.872205928496,6.944131299979332e-05,0.0,0.0,0.0,-0.0003958207901923594,0.0,0.0,1.0
1779268316.1557589,-1087.1085302119466,-1702.6911713797563,-2.1401095686231666,27266.660968063803,-6.944131303399795e-05,0.0,0.0,0.0,-0.0003959093718229273,0.0,0.0,1.0
1779268316.1662579,-1089.515277370719,-1706.4517134787043,-2.1401095686204537,27350.18746271146,6.944131307172125e-05,0.0,0.0,0.0,-0.0003931932058431873,0.0,0.0,1.0
1779268316.1763318,-1093.5391966150066,-1712.7390866669823,-2.1401095686182203,27436.83061978029,-6.944131310442875e-05,0.0,0.0,0.0,-0.00039232581847275974,0.0,0.0,1.0
1779268316.1868548,-1096.6363701332612,-1717.5784198155197,-2.1401095686162184,27523.589044030352,6.944131314088779e-05,0.0,0.0,0.0,-0.0003908841126921466,0.0,0.0,1.0
1779268316.1972206,-1097.9318872961708,-1719.6026652151024,-2.140109568614547,27602.682594184906,-6.944131317557571e-05,0.0,0.0,0.0,-0.00038978164279426575,0.0,0.0,1.0
1779268316.2073507,-1103.992495560767,-1729.0723646218482,-2.140109568613184,27698.029200347133,6.94413132109941e-05,0.0,0.0,0.0,-0.0003893223372801582,0.0,0.0,1.0
1779268316.2177854,-1106.7329063121786,-1733.3542559896848,-2.140109568612008,27783.51577062885,-6.944131324605076e-05,0.0,0.0,0.0,-0.0003871879104252041,0.0,0.0,1.0
1779268316.228069,-1110.191507474794,-1738.7583197438812,-2.1401095686110634,27870.78426503034,6.944131328107177e-05,0.0,0.0,0.0,-0.0003862304597637387,0.0,0.0,1.0
1779268316.2384005,-1114.016776632719,-1744.7353021723766,-2.1401095686103044,27959.970676912224,-6.944131330983355e-05,0.0,0.0,0.0,-0.0003850288220593018,0.0,0.0,1.0
1779268316.2487028,-1114.71534744225,-1745.8268189730152,-2.1401095686097045,28037.52670666737,6.944131334634423e-05,0.0,0.0,0.0,-0.00038370846832955,0.0,0.0,1.0
1779268316.2590985,-1120.4677671424204,-1754.8149737798499,-2.140109568609268,28134.906497853153,-6.944131337754315e-05,0.0,0.0,0.0,-0.00038346832619551925,0.0,0.0,1.0
1779268316.2693837,-1121.6662030602583,-1756.6875297179663,-2.140109568608953,28214.73006370334,6.94413134113267e-05,0.0,0.0,0.0,-0.0003815021992888956,0.0,0.0,1.0
1779268316.2797134,-1128.4084790449797,-1767.2223347901734,-2.1401095686087777,28315.70772244,-6.944131344196496e-05,0.0,0.0,0.0,-0.00038109512217795837,0.0,0.0,1.0
1779268316.2900617,-1132.1108313480909,-1773.007259637797,-2.140109568608697,28405.798057773143,6.94413134740629e-05,0.0,0.0,0.0,-0.00037882102661631896,0.0,0.0,1.0
1779268316.30016,-1135.3197703744192,-1778.021226323725,-2.1401095686087075,28492.33379448849,-6.944131350602427e-05,0.0,0.0,0.0,-0.0003775837709631279,0.0,0.0,1.0
1779268316.3101988,-1139.8507526485798,-1785.1008853515116,-2.140109568608803,28583.53479605708,6.944131353696702e-05,0.0,0.0,0.0,-0.00037651792429273663,0.0,0.0,1.0
1779268316.3205442,-1143.005609588152,-1790.0303487827496,-2.1401095686089704,28672.241770750203,-6.944131356802846e-05,0.0,0.0,0.0,-0.00037502316662818596,0.0,0.0,1.0
1779268316.3311255,-1143.5949403299269,-1790.951177976199,-2.1401095686092,28753.4760798436,6.944131359917078e-05,0.0,0.0,0.0,-0.00037398937863938756,0.0,0.0,1.0
1779268316.341251,-1149.0151451190438,-1799.4202470234195,-2.1401095686094953,28849.444975211616,-6.944131362818495e-05,0.0,0.0,0.0,-0.00037379689890617055,0.0,0.0,1.0
1779268316.351312,-1153.918413379939,-1807.08160278851,-2.1401095686113027,28943.156821584256,6.944131365881093e-05,0.0,0.0,0.0,-0.0003720358512522199,0.0,0.0,1.0
1779268316.3615692,-1156.29595905722,-1810.7965174604697,-2.1401095686129805,29028.935776003003,-6.944131368939968e-05,0.0,0.0,0.0,-0.00037045698707332343,0.0,0.0,1.0
1779268316.3719509,-1160.259423559225,-1816.9894300219798,-2.140109568614556,29122.209294317454,6.944131371870667e-05,0.0,0.0,0.0,-0.0003696962242456381,0.0,0.0,1.0
1779268316.3828368,-1161.387163718061,-1818.7515237939015,-2.1401095686160674,29209.161149161366,-6.944131374835567e-05,0.0,0.0,0.0,-0.00036843492720544204,0.0,0.0,1.0
1779268316.3931653,-1167.622502901812,-1828.4942401550302,-2.1401095686173988,29311.008646006834,6.944131377800532e-05,0.0,0.0,0.0,-0.0003680776142780672,0.0,0.0,1.0
1779268316.4037094,-1170.4432409179872,-1832.9016427897661,-2.1401095686186453,29402.043381738244,-6.94413138064837e-05,0.0,0.0,0.0,-0.0003661144692962271,0.0,0.0,1.0
1779268316.4142709,-1174.446380440639,-1839.1565475741572,-2.1401095686198044,29497.919733624683,6.944131383558778e-05,0.0,0.0,0.0,-0.0003652332447202601,0.0,0.0,1.0
1779268316.4247699,-1178.3003890771527,-1845.1784353771072,-2.140109568620873,29592.977351523474,-6.944131386438884e-05,0.0,0.0,0.0,-0.00036398988575444895,0.0,0.0,1.0
1779268316.435204,-1180.7218552252698,-1848.9619757938897,-2.1401095686218556,29682.44070256173,6.944131389118167e-05,0.0,0.0,0.0,-0.0003628008185850684,0.0,0.0,1.0
1779268316.4455512,-1184.1077346980803,-1854.2524118639096,-2.140109568622764,29774.731137499366,-6.944131392172522e-05,0.0,0.0,0.0,-0.00036205769525041187,0.0,0.0,1.0
1779268316.4559205,-1189.8388020170773,-1863.2072035354136,-2.1401095686236307,29876.878210470684,6.944131394791209e-05,0.0,0.0,0.0,-0.0003610236940418777,0.0,0.0,1.0
1779268316.4665647,-1191.7807714615612,-1866.2415304404562,-2.1401095686244522,29967.01540197913,-6.944131397615163e-05,0.0,0.0,0.0,-0.0003592868998973645,0.0,0.0,1.0
1779268316.4767118,-1196.0710023179834,-1872.9450153934288,-2.1401095686251925,30062.138736301324,6.94413140037922e-05,0.0,0.0,0.0,-0.00035870217152291525,0.0,0.0,1.0
1779268316.4867792,-1200.4955612812535,-1879.8583879909404,-2.1401095686258866,30157.330876832893,-6.944131403052323e-05,0.0,0.0,0.0,-0.0003574171045178039,0.0,0.0,1.0
1779268316.497022,-1203.9649048186395,-1885.2792366529611,-2.140109568626554,30250.62994298312,6.944131405839626e-05,0.0,0.0,0.0,-0.0003561014109919528,0.0,0.0,1.0
1779268316.50743,-1209.4136300707623,-1893.7928688993325,-2.140109568627204,30352.94241287602,-6.944131408368032e-05,0.0,0.0,0.0,-0.00035507651749546647,0.0,0.0,1.0
1779268316.518067,-1211.307881615123,-1896.7526365984525,-2.140109568627828,30444.175318780424,6.944131411130815e-05,0.0,0.0,0.0,-0.00035347874190347583,0.0,0.0,1.0
1779268316.528102,-1216.5136494974963,-1904.8866479986818,-2.140109568628394,30543.019431459015,-6.944131414033065e-05,0.0,0.0,0.0,-0.0003529266372649156,0.0,0.0,1.0
1779268316.538399,-1220.718158366184,-1911.4561923652163,-2.1401095686289486,30640.51626072893,6.944131416354487e-05,0.0,0.0,0.0,-0.0003514181937183905,0.0,0.0,1.0
1779268316.5486345,-1223.9021098100075,-1916.4311159270085,-2.140109568629691,30733.957732160303,-6.944131419350658e-05,0.0,0.0,0.0,-0.00035020925927544127,0.0,0.0,1.0
1779268316.5587497,-1228.8477979971954,-1924.1587528440602,-2.14010956863038,30833.224764158516,6.944131421938462e-05,0.0,0.0,0.0,-0.0003492992877043389,0.0,0.0,1.0
1779268316.5692346,-1231.9270869750967,-1928.9701413231332,-2.140109568631047,30928.896301860044,-6.944131424663398e-05,0.0,0.0,0.0,-0.0003478951535874573,0.0,0.0,1.0
1779268316.57977,-1233.2880225961821,-1931.0966029832082,-2.1401095686316705,31018.729491104645,6.944131427266899e-05,0.0,0.0,0.0,-0.00034702659810382494,0.0,0.0,1.0
1779268316.5901122,-1240.5335743949033,-1942.4177763944417,-2.140109568632257,31129.317535345708,-6.944131429994198e-05,0.0,0.0,0.0,-0.00034664410751914415,0.0,0.0,1.0
1779268316.6003742,-1243.1295665315808,-1946.4740136464363,-2.1401095686327984,31222.13948910242,6.944131432592506e-05,0.0,0.0,0.0,-0.00034462186279120126,0.0,0.0,1.0
1779268316.6109335,-1246.627109940534,-1951.9389246044407,-2.1401095686333274,31321.070488436035,-6.944131435314798e-05,0.0,0.0,0.0,-0.0003439030461610778,0.0,0.0,1.0
1779268316.6211994,-1251.5819269311685,-1959.680825280239,-2.1401095686338167,31423.23395508368,6.94413143759465e-05,0.0,0.0,0.0,-0.0003429393232895916,0.0,0.0,1.0
1779268316.631343,-1255.687820122147,-1966.096282667955,-2.1401095686342746,31521.415028296484,-6.94413144057443e-05,0.0,0.0,0.0,-0.00034158326889408865,0.0,0.0,1.0
1779268316.641858,-1259.7818008689167,-1972.4931268639598,-2.1401095686347293,31623.040035466136,6.944131442878225e-05,0.0,0.0,0.0,-0.00034046765034924994,0.0,0.0,1.0
1779268316.65221,-1261.28421498919,-1974.8406486591634,-2.140109568635152,31713.88621911749,-6.944131445744915e-05,0.0,0.0,0.0,-0.0003393625006195373,0.0,0.0,1.0
1779268316.6627445,-1262.8754150882442,-1977.32689853105,-2.1401095686355642,31806.91221757625,6.944131448143165e-05,0.0,0.0,0.0,-0.00033895872857060715,0.0,0.0,1.0
1779268316.6728837,-1269.3503957217004,-1987.4440546357187,-2.1401095686359515,31914.977218007665,-6.944131450890609e-05,0.0,0.0,0.0,-0.00033853214180081084,0.0,0.0,1.0
1779268316.683152,-1275.0024533771743,-1996.275393731256,-2.1401095686363285,32021.322517144443,6.944131453450492e-05,0.0,0.0,0.0,-0.00033680727583083924,0.0,0.0,1.0
1779268316.6934614,-1279.1906229975643,-2002.8194080278795,-2.140109568636692,32122.85921342197,-6.944131455963396e-05,0.0,0.0,0.0,-0.0003353159321112537,0.0,0.0,1.0
1779268316.7037737,-1282.94288774565,-2008.6823210379175,-2.1401095686370435,32223.058684333813,6.944131458502662e-05,0.0,0.0,0.0,-0.00033421933887463015,0.0,0.0,1.0
1779268316.7145505,-1287.0397913524903,-2015.0837322046682,-2.1401095686374005,32328.916127933237,-6.9441314609719e-05,0.0,0.0,0.0,-0.0003332429528350337,0.0,0.0,1.0
1779268316.7246802,-1291.680198890717,-2022.3343681697434,-2.1401095686377256,32431.382043949347,6.944131463435934e-05,0.0,0.0,0.0,-0.0003321833816377982,0.0,0.0,1.0
1779268316.7351377,-1294.635749055511,-2026.9524147831426,-2.1401095686380502,32530.721079971896,-6.944131465838355e-05,0.0,0.0,0.0,-0.0003309913544193346,0.0,0.0,1.0
1779268316.7452457,-1299.0120201888453,-2033.7903376620704,-2.1401095686383567,32632.53362929582,6.944131468258587e-05,0.0,0.0,0.0,-0.00033023658255805385,0.0,0.0,1.0
1779268316.7554355,-1304.4832102988403,-2042.3390711870018,-2.140109568640478,32739.43106735309,-6.94413147065985e-05,0.0,0.0,0.0,-0.0003291252957670298,0.0,0.0,1.0
1779268316.7655756,-1309.6477529643425,-2050.4086681406125,-2.1401095686423415,32844.855716225844,6.944131472996571e-05,0.0,0.0,0.0,-0.00032774644011498446,0.0,0.0,1.0
1779268316.7757733,-1313.5380483750823,-2056.4872539868,-2.1401095686439993,32946.480591796455,-6.944131475317982e-05,0.0,0.0,0.0,-0.00032645542481297925,0.0,0.0,1.0
1779268316.7863271,-1317.539356471498,-2062.739297138817,-2.1401095686455105,33051.9456227973,6.944131477557743e-05,0.0,0.0,0.0,-0.00032548963692775835,0.0,0.0,1.0
1779268316.7965882,-1319.4158622986229,-2065.6713371226942,-2.1401095686467952,33147.16809498376,-6.944131479809433e-05,0.0,0.0,0.0,-0.0003245022332847678,0.0,0.0,1.0
1779268316.8065696,-1325.9555659368182,-2075.8896228774697,-2.140109568647891,33257.4786694447,6.944131482193899e-05,0.0,0.0,0.0,-0.0003240412259374217,0.0,0.0,1.0
1779268316.8170142,-1327.5748439828267,-2078.4197445060745,-2.1401095686488953,33353.9498955022,-6.944131484439658e-05,0.0,0.0,0.0,-0.000322444794373994,0.0,0.0,1.0
1779268316.826987,-1334.8445560228633,-2089.778668268629,-2.140109568649728,33467.4465993376,6.944131486682561e-05,0.0,0.0,0.0,-0.0003220519301186726,0.0,0.0,1.0
1779268316.83802,-1326.0289158348246,-2076.004231984642,-2.1401095686505305,33530.789040777156,-6.944131488924318e-05,0.0,0.0,0.0,-0.0003202999214324925,0.0,0.0,1.0
1779268316.8477793,-1343.953285191858,-2104.0110559506584,-2.14010956865113,33682.45339568053,6.944131491163667e-05,0.0,0.0,0.0,-0.00032242696726330423,0.0,0.0,1.0
1779268316.8577988,-1349.6730906835758,-2112.948251010609,-2.140109568651666,33791.39101652439,-6.944131493295146e-05,0.0,0.0,0.0,-0.000318131429202627,0.0,0.0,1.0
1779268316.868271,-1351.3963699980218,-2115.64087461803,-2.1401095686521456,33889.90152229738,6.9441314956042e-05,0.0,0.0,0.0,-0.00031678467521008725,0.0,0.0,1.0
1779268316.8784359,-1355.8003994392202,-2122.5221698330106,-2.1401095686525364,33995.817589418824,-6.944131497761815e-05,0.0,0.0,0.0,-0.0003163811521304168,0.0,0.0,1.0
1779268316.8888578,-1361.612412275149,-2131.6034388577864,-2.14010956865287,34109.685202783825,6.944131500100757e-05,0.0,0.0,0.0,-0.0003153545639277022,0.0,0.0,1.0
1779268316.8990521,-1365.500232950236,-2137.6781579694552,-2.1401095686531386,34214.492802609384,-6.944131502237632e-05,0.0,0.0,0.0,-0.0003140099266425977,0.0,0.0,1.0
1779268316.9092505,-1369.6682346419593,-2144.1906598721866,-2.1401095686533558,34320.724794224305,6.94413150451385e-05,0.0,0.0,0.0,-0.00031311684265023285,0.0,0.0,1.0
1779268316.920068,-1370.586891364844,-2145.6260608293974,-2.140109568653539,34420.96138527903,-6.944131506548892e-05,0.0,0.0,0.0,-0.00031216502290329096,0.0,0.0,1.0
1779268316.9304137,-1375.2670658014506,-2152.9388325590844,-2.140109568653668,34531.10464409887,6.944131508732272e-05,0.0,0.0,0.0,-0.0003119560118892652,0.0,0.0,1.0
1779268316.9409413,-1379.6225330015368,-2159.744249289404,-2.1401095686537617,34642.080800050775,-6.944131510675842e-05,0.0,0.0,0.0,-0.0003108955236614565,0.0,0.0,1.0
1779268316.951201,-1384.0683947995483,-2166.6909076341917,-2.1401095686519516,34751.14513853971,6.944131512991671e-05,0.0,0.0,0.0,-0.00030991506816234834,0.0,0.0,1.0
1779268316.9615748,-1389.5719933830574,-2175.290279515808,-2.14010956865034,34865.5394774174,-6.944131514901444e-05,0.0,0.0,0.0,-0.00030892062898743827,0.0,0.0,1.0
1779268316.9720628,-1393.5200520879564,-2181.459120603474,-2.140109568648913,34975.50698669736,6.944131517103242e-05,0.0,0.0,0.0,-0.0003076984007752156,0.0,0.0,1.0
1779268316.9822836,-1396.1661202763003,-2185.5936017298823,-2.1401095686476994,35078.388568382485,-6.944131519153767e-05,0.0,0.0,0.0,-0.0003068275654310304,0.0,0.0,1.0
1779268316.9928598,-1401.687641893554,-2194.2209783335356,-2.140109568646602,35195.70831707866,6.944131521247819e-05,0.0,0.0,0.0,-0.0003062466688930124,0.0,0.0,1.0
1779268317.0035176,-1403.799385103907,-2197.520576767806,-2.1401095686456455,35301.43727687978,-6.944131523321373e-05,0.0,0.0,0.0,-0.0003050415688493531,0.0,0.0,1.0
1779268317.0138302,-1410.471909257256,-2207.9463946236706,-2.1401095686448546,35420.51532924275,6.94413152541221e-05,0.0,0.0,0.0,-0.0003045831759958827,0.0,0.0,1.0
1779268317.024056,-1416.0350122214363,-2216.63874206183,-2.140109568644175,35535.48187559059,-6.94413152740055e-05,0.0,0.0,0.0,-0.0003031437836191019,0.0,0.0,1.0
1779268317.0342233,-1420.4463154342152,-2223.5314025864627,-2.140109568643597,35645.857321239644,6.944131529501772e-05,0.0,0.0,0.0,-0.00030195407381627894,0.0,0.0,1.0
1779268317.0450134,-1422.5078457038683,-2226.752543296563,-2.1401095686430742,35753.850364312035,-6.944131531512444e-05,0.0,0.0,0.0,-0.000301017302683184,0.0,0.0,1.0
1779268317.0554447,-1428.668327960356,-2236.3782957668764,-2.1401095686426546,35874.029133245596,6.944131533533433e-05,0.0,0.0,0.0,-0.00030058151355671686,0.0,0.0,1.0
1779268317.0658734,-1433.4955508494522,-2243.920830706234,-2.1401095686423073,35989.475242522065,-6.944131535479036e-05,0.0,0.0,0.0,-0.00029928672408730976,0.0,0.0,1.0
1779268317.0760543,-1438.2403661554883,-2251.334603809063,-2.1401095686420306,36102.48565601709,6.944131537232769e-05,0.0,0.0,0.0,-0.00029827992353469363,0.0,0.0,1.0
1779268317.0865774,-1441.9326499182198,-2257.1037965580463,-2.140109568641801,36215.2403150416,-6.94413153945673e-05,0.0,0.0,0.0,-0.0002972968898372852,0.0,0.0,1.0
1779268317.0972595,-1445.7178881124676,-2263.0182305885883,-2.140109568641621,36330.27718141227,6.944131541237614e-05,0.0,0.0,0.0,-0.0002965363919886596,0.0,0.0,1.0
1779268317.107923,-1448.267644532383,-2267.0022245609553,-2.1401095686414884,36440.875077524695,-6.944131543373558e-05,0.0,0.0,0.0,-0.0002957607765555146,0.0,0.0,1.0
1779268317.1179025,-1455.6823585589264,-2278.5877139420645,-2.1401095686414067,36563.068655563904,6.94413154523827e-05,0.0,0.0,0.0,-0.0002952406012374465,0.0,0.0,1.0
1779268317.1283402,-1460.661963044563,-2286.3683450900958,-2.1401095686413547,36681.084487205975,-6.944131547293948e-05,0.0,0.0,0.0,-0.0002937382684108302,0.0,0.0,1.0
1779268317.1390998,-1462.1214391907927,-2288.648776321735,-2.140109568641331,36789.51869096415,6.944131548922477e-05,0.0,0.0,0.0,-0.0002927378784739219,0.0,0.0,1.0
1779268317.1490803,-1469.4142602259262,-2300.0438078089874,-2.1401095686441924,36912.1814395009,-6.944131551199881e-05,0.0,0.0,0.0,-0.0002924459639938304,0.0,0.0,1.0
1779268317.159558,-1474.8870370507957,-2308.5950205414356,-2.1401095686468357,37033.39864244189,6.944131552913358e-05,0.0,0.0,0.0,-0.00029099596805243157,0.0,0.0,1.0
1779268317.169861,-1479.8055931104523,-2316.2802634372365,-2.1401095686490996,37151.04949086779,-6.944131554942428e-05,0.0,0.0,0.0,-0.00028991724922969894,0.0,0.0,1.0
1779268317.180446,-1477.4918740572869,-2312.665077739673,-2.140109568651123,37244.81545900929,6.944131556785883e-05,0.0,0.0,0.0,-0.0002889545720147741,0.0,0.0,1.0
1779268317.1905715,-1488.5909855983914,-2330.007437514563,-2.1401095686527967,37384.47720295154,-6.944131558485924e-05,0.0,0.0,0.0,-0.0002894066114983837,0.0,0.0,1.0
1779268317.2011929,-1493.3342364077373,-2337.418766010884,-2.140109568654306,37505.01480061615,6.944131560535252e-05,0.0,0.0,0.0,-0.0002872508786922169,0.0,0.0,1.0
1779268317.2116122,-1499.2468413107538,-2346.657210081996,-2.14010956865558,37628.97639213142,-6.944131562300256e-05,0.0,0.0,0.0,-0.0002863393777476524,0.0,0.0,1.0
1779268317.2218935,-1504.3327726314076,-2354.60397683196,-2.140109568656648,37748.6041224616,6.944131564111051e-05,0.0,0.0,0.0,-0.00028521123441253366,0.0,0.0,1.0
1779268317.2323508,-1507.4088315589504,-2359.410318323383,-2.1401095686575675,37862.885503480575,-6.944131565943236e-05,0.0,0.0,0.0,-0.00028424791082250466,0.0,0.0,1.0
1779268317.242452,-1512.4410760919131,-2367.2731994879096,-2.140109568658307,37981.081983637996,6.944131567782512e-05,0.0,0.0,0.0,-0.0002836684262258474,0.0,0.0,1.0
1779268317.2524986,-1518.2452082127325,-2376.3421548779643,-2.1401095686589153,38101.88806000635,-6.944131569587629e-05,0.0,0.0,0.0,-0.000282725505695265,0.0,0.0,1.0
1779268317.263343,-1518.7852005868936,-2377.1858928350125,-2.140109568659452,38210.81644935872,6.94413157142638e-05,0.0,0.0,0.0,-0.0002816457080198881,0.0,0.0,1.0
1779268317.2732053,-1529.4371753662535,-2393.829601539775,-2.140109568659828,38348.90465144585,-6.944131573099173e-05,0.0,0.0,0.0,-0.00028154566429402036,0.0,0.0,1.0
1779268317.283506,-1534.7574032147752,-2402.142456598521,-2.1401095686601344,38471.426536722436,6.944131574993203e-05,0.0,0.0,0.0,-0.0002795866769555856,0.0,0.0,1.0
1779268317.2939386,-1537.8268211182715,-2406.938421513918,-2.140109568660363,38587.348238362334,-6.944131576674793e-05,0.0,0.0,0.0,-0.0002786184141407529,0.0,0.0,1.0
1779268317.3045285,-1540.9222452370343,-2411.7750211384446,-2.1401095686605167,38705.347880422276,6.944131578511057e-05,0.0,0.0,0.0,-0.0002780628346629186,0.0,0.0,1.0
1779268317.3152156,-1542.8331315814314,-2414.7607806997107,-2.140109568660603,38820.36856929766,-6.944131580161874e-05,0.0,0.0,0.0,-0.00027750478759918924,0.0,0.0,1.0
1779268317.3255115,-1552.4338686894225,-2429.761930738426,-2.140109568660613,38960.24521499287,6.94413158190163e-05,0.0,0.0,0.0,-0.0002771614067200129,0.0,0.0,1.0
1779268317.3356225,-1557.2991680756957,-2437.3639601663235,-2.1401095686605798,39080.77445404904,-6.94413158353082e-05,0.0,0.0,0.0,-0.00027544897014962635,0.0,0.0,1.0
1779268317.3461401,-1562.4651475465323,-2445.4358021749435,-2.1401095686604963,39207.07479134488,6.944131585247197e-05,0.0,0.0,0.0,-0.0002745892234193195,0.0,0.0,1.0
1779268317.3562033,-1567.9052312078754,-2453.935932001994,-2.140109568658799,39329.89725477754,-6.944131586872869e-05,0.0,0.0,0.0,-0.000273682199051104,0.0,0.0,1.0
1779268317.3665073,-1572.0658911180135,-2460.436962436946,-2.1401095686572362,39450.83306228377,6.944131588604305e-05,0.0,0.0,0.0,-0.00027273351002162773,0.0,0.0,1.0
1779268317.376796,-1576.960851676862,-2468.0853375019005,-2.1401095686558333,39574.67079778621,-6.944131590292535e-05,0.0,0.0,0.0,-0.00027201236581923815,0.0,0.0,1.0
1779268317.3869555,-1582.8781970795785,-2477.3311887015725,-2.1401095686545872,39701.26209662563,6.944131592001252e-05,0.0,0.0,0.0,-0.0002711688154935354,0.0,0.0,1.0
1779268317.3975062,-1586.1601026435308,-2482.459165610867,-2.1401095686534246,39822.62785519014,-6.944131593671345e-05,0.0,0.0,0.0,-0.0002701560350378991,0.0,0.0,1.0
1779268317.4078918,-1591.6844890945029,-2491.0910185098537,-2.1401095686523965,39950.89088689783,6.94413159528865e-05,0.0,0.0,0.0,-0.0002695975782082187,0.0,0.0,1.0
1779268317.4182117,-1596.597730020268,-2498.7679566287907,-2.140109568651479,40076.51320467905,-6.944131596898814e-05,0.0,0.0,0.0,-0.00026866272891964055,0.0,0.0,1.0
1779268317.4286764,-1601.488301442137,-2506.40947364915,-2.140109568650642,40203.955648385476,6.944131598542113e-05,0.0,0.0,0.0,-0.0002678367294957634,0.0,0.0,1.0
1779268317.439296,-1606.4399192878675,-2514.1463756936646,-2.1401095686498777,40333.72346190417,-6.94413160013873e-05,0.0,0.0,0.0,-0.00026701956954699844,0.0,0.0,1.0
1779268317.449872,-1610.7126786691788,-2520.8225615033757,-2.140109568649195,40460.8582355651,6.944131601726498e-05,0.0,0.0,0.0,-0.00026619727354085975,0.0,0.0,1.0
1779268317.4602702,-1614.2785707448604,-2526.39426726882,-2.140109568648593,40583.74793683123,-6.944131603327281e-05,0.0,0.0,0.0,-0.00026549177287564876,0.0,0.0,1.0
1779268317.470611,-1621.907694022832,-2538.3147710760272,-2.1401095686480507,40721.456366550236,6.944131604771753e-05,0.0,0.0,0.0,-0.000264905843801914,0.0,0.0,1.0
1779268317.4809108,-1625.5003281918262,-2543.928261353619,-2.1401095686475657,40844.01944440144,-6.944131606477547e-05,0.0,0.0,0.0,-0.00026366090812588166,0.0,0.0,1.0
1779268317.4911768,-1632.6336625005006,-2555.0740949794035,-2.1401095686471274,40979.74302336846,6.944131607911088e-05,0.0,0.0,0.0,-0.0002630786991061848,0.0,0.0,1.0
1779268317.5016875,-1636.9828627341178,-2561.869719598063,-2.1401095686467224,41108.16097716497,-6.944131609512241e-05,0.0,0.0,0.0,-0.0002619302836083472,0.0,0.0,1.0
1779268317.5118482,-1641.39194256025,-2568.7589060678197,-2.1401095686463694,41233.16113983114,6.944131611003261e-05,0.0,0.0,0.0,-0.00026123500109597744,0.0,0.0,1.0
1779268317.5222332,-1647.5393746185505,-2578.36426759585,-2.1401095686460407,41367.67145817433,-6.944131612511861e-05,0.0,0.0,0.0,-0.00026053390346698023,0.0,0.0,1.0
1779268317.532684,-1651.762910515779,-2584.9635417072122,-2.140109568645742,41496.0074198874,6.94413161396182e-05,0.0,0.0,0.0,-0.00025956264391699884,0.0,0.0,1.0
1779268317.5432608,-1656.442703890346,-2592.275718046373,-2.1401095686454674,41627.86143156806,-6.944131615498552e-05,0.0,0.0,0.0,-0.0002588995353329399,0.0,0.0,1.0
1779268317.5534353,-1662.6105163307125,-2601.9129239147755,-2.140109568645228,41761.00253463245,6.944131616919754e-05,0.0,0.0,0.0,-0.0002581687384352573,0.0,0.0,1.0
1779268317.5639944,-1665.1978593755418,-2605.95564697751,-2.140109568645002,41885.581960004005,-6.944131618429554e-05,0.0,0.0,0.0,-0.0002572118506130324,0.0,0.0,1.0
1779268317.5739667,-1674.279095645891,-2620.1450770699003,-2.1401095686448066,42028.01483322537,6.944131619882881e-05,0.0,0.0,0.0,-0.00025681255354003155,0.0,0.0,1.0
1779268317.5843964,-1676.7374625558223,-2623.986274942964,-2.140109568644622,42150.62016082567,-6.94413162136369e-05,0.0,0.0,0.0,-0.0002554208302067701,0.0,0.0,1.0
1779268317.5947368,-1686.3478719619284,-2639.002537966651,-2.1401095686444513,42300.06302168417,6.944131622866215e-05,0.0,0.0,0.0,-0.0002550466699446259,0.0,0.0,1.0
1779268317.6049106,-1690.7019850653687,-2645.805838934845,-2.1401095686442995,42428.09433174805,-6.944131624267612e-05,0.0,0.0,0.0,-0.00025359443571517065,0.0,0.0,1.0
1779268317.6149738,-1697.7689116077931,-2656.8479104271964,-2.1401095686441605,42565.35680651907,6.944131625796754e-05,0.0,0.0,0.0,-0.00025294191318798206,0.0,0.0,1.0
1779268317.625611,-1702.3938266912903,-2664.0743394412966,-2.1401095686440255,42700.56624476361,-6.944131627178115e-05,0.0,0.0,0.0,-0.00025188995707707453,0.0,0.0,1.0
1779268317.635912,-1705.3666140816576,-2668.7193192229274,-2.140109568643906,42826.10768603489,6.944131628666789e-05,0.0,0.0,0.0,-0.00025120623381048824,0.0,0.0,1.0
1779268317.6460183,-1712.7178813164203,-2680.2056729963656,-2.1401095686437968,42966.023560687056,-6.944131630080833e-05,0.0,0.0,0.0,-0.00025076870881560935,0.0,0.0,1.0
1779268317.6563067,-1718.5110249247464,-2689.2574588753896,-2.1401095686436937,43102.609259160956,6.944131631528291e-05,0.0,0.0,0.0,-0.0002496932894428794,0.0,0.0,1.0
1779268317.6666162,-1724.5243020300422,-2698.6532033047306,-2.140109568643598,43240.56581337016,-6.944131632893608e-05,0.0,0.0,0.0,-0.0002488522851491433,0.0,0.0,1.0
1779268317.676871,-1728.3265454021557,-2704.594207911866,-2.14010956864351,43369.52601291186,6.944131634265162e-05,0.0,0.0,0.0,-0.0002479852949096008,0.0,0.0,1.0
1779268317.6871219,-1735.639713084503,-2716.021031140382,-2.140109568643427,43512.425075428604,-6.944131635684934e-05,0.0,0.0,0.0,-0.0002474402007998501,0.0,0.0,1.0
1779268317.697205,-1742.1031498607776,-2726.1201499763447,-2.1401095686433504,43650.49642069007,6.944131637027263e-05,0.0,0.0,0.0,-0.0002463984849199654,0.0,0.0,1.0
1779268317.7073526,-1746.0333742935738,-2732.261124967881,-2.140109568643279,43780.25758272706,-6.94413163842761e-05,0.0,0.0,0.0,-0.00024548508261106495,0.0,0.0,1.0
1779268317.7177236,-1751.4996574733107,-2740.8021914831356,-2.1401095686432097,43918.7505549086,6.944131639782638e-05,0.0,0.0,0.0,-0.000244932973211721,0.0,0.0,1.0
1779268317.7282145,-1758.2212760671314,-2751.30471936354,-2.1401095686431435,44063.7777582979,-6.944131641180866e-05,0.0,0.0,0.0,-0.00024416919772057583,0.0,0.0,1.0
1779268317.7383504,-1763.2189239385723,-2759.113543291132,-2.1401095686430835,44198.4198609008,6.944131642494801e-05,0.0,0.0,0.0,-0.00024323652556679573,0.0,0.0,1.0
1779268317.748924,-1766.7181881196623,-2764.5811428812162,-2.1401095686447653,44333.24732187749,-6.944131643768552e-05,0.0,0.0,0.0,-0.00024254767182145935,0.0,0.0,1.0
1779268317.7590933,-1770.8540241188782,-2771.0433858375773,-2.1401095686461593,44465.95641605201,6.944131644990941e-05,0.0,0.0,0.0,-0.00024206765955794623,0.0,0.0,1.0
1779268317.7695894,-1779.741848636581,-2784.9306100294357,-2.140109568647395,44620.674046408516,-6.944131646356759e-05,0.0,0.0,0.0,-0.00024150277167094987,0.0,0.0,1.0
1779268317.7799602,-1783.9341657521172,-2791.4811047332105,-2.140109568648438,44756.73954148628,6.944131647656527e-05,0.0,0.0,0.0,-0.00024029772252768866,0.0,0.0,1.0
1779268317.7904575,-1790.0693027681066,-2801.0672551976218,-2.14010956864933,44901.992006753135,-6.944131648957848e-05,0.0,0.0,0.0,-0.00023973347234128534,0.0,0.0,1.0
1779268317.8007329,-1794.4685158185541,-2807.9410247756905,-2.1401095686500615,45038.44072745485,6.944131650253256e-05,0.0,0.0,0.0,-0.0002389124978163568,0.0,0.0,1.0
1779268317.8108015,-1801.8131551212975,-2819.4170223641645,-2.140109568650654,45183.652957447346,-6.944131651544256e-05,0.0,0.0,0.0,-0.00023832726860042235,0.0,0.0,1.0
1779268317.8216,-1802.5297885229088,-2820.536761891737,-2.140109568651176,45312.622587707105,6.944131652840333e-05,0.0,0.0,0.0,-0.00023735657414115626,0.0,0.0,1.0
1779268317.8319647,-1811.0820892208596,-2833.8997302065422,-2.140109568651569,45466.80845575468,-6.944131654099948e-05,0.0,0.0,0.0,-0.00023726228161079715,0.0,0.0,1.0
1779268317.8419123,-1820.567286672873,-2848.720349541311,-2.140109568651859,45619.670131478495,6.944131655373184e-05,0.0,0.0,0.0,-0.00023614278441655754,0.0,0.0,1.0
1779268317.852159,-1825.759729327293,-2856.833540256897,-2.1401095686520857,45760.563689957205,-6.944131656670875e-05,0.0,0.0,0.0,-0.00023491346313698442,0.0,0.0,1.0
1779268317.862614,-1830.2426414778902,-2863.8380896865765,-2.140109568652245,45901.78339105716,6.944131657953025e-05,0.0,0.0,0.0,-0.00023424590568213807,0.0,0.0,1.0
1779268317.8730798,-1836.470658486551,-2873.569365154769,-2.1401095686523375,46050.08799302617,-6.944131659237257e-05,0.0,0.0,0.0,-0.0002336726119801177,0.0,0.0,1.0
1779268317.883249,-1841.389413532748,-2881.2549190381765,-2.140109568652374,46190.177797900586,6.944131660494577e-05,0.0,0.0,0.0,-0.00023288078943791674,0.0,0.0,1.0
1779268317.8935966,-1849.35948884317,-2893.7081603031893,-2.140109568652356,46344.304187028654,-6.944131661706925e-05,0.0,0.0,0.0,-0.00023225920733807896,0.0,0.0,1.0
1779268317.9038517,-1853.8643614515145,-2900.7470229534824,-2.1401095686522993,46484.73293652926,6.944131662964316e-05,0.0,0.0,0.0,-0.00023125904538711344,0.0,0.0,1.0
1779268317.9146986,-1853.024542229508,-2899.434805553415,-2.1401095686522034,46613.189016344986,-6.94413166415264e-05,0.0,0.0,0.0,-0.0002306975311383003,0.0,0.0,1.0
1779268317.9247205,-1863.6861742842887,-2916.0936037667834,-2.1401095686520666,46774.45058218708,6.944131665417836e-05,0.0,0.0,0.0,-0.00023080200292857728,0.0,0.0,1.0
1779268317.9351444,-1869.3630728093244,-2924.963756711555,-2.140109568651899,46922.58819750548,-6.944131666440561e-05,0.0,0.0,0.0,-0.00022948268598634418,0.0,0.0,1.0
1779268317.9461496,-1867.5036523141453,-2922.0584125044293,-2.140109568651702,47050.674693508416,6.944131667739682e-05,0.0,0.0,0.0,-0.00022878633637371746,0.0,0.0,1.0
1779268317.9562724,-1882.8299356344683,-2946.0057274983533,-2.1401095686516833,47231.806145767456,-6.944131668974444e-05,0.0,0.0,0.0,-0.00022901395282069395,0.0,0.0,1.0
1779268317.9668083,-1887.8618494631717,-2953.8680919611816,-2.1401095686516274,47380.24021915842,6.944131670178765e-05,0.0,0.0,0.0,-0.00022715122300441542,0.0,0.0,1.0
1779268317.9772096,-1892.523922230502,-2961.152579832359,-2.140109568651528,47525.96356990269,-6.944131671384463e-05,0.0,0.0,0.0,-0.0002265462419137674,0.0,0.0,1.0
1779268317.9873798,-1899.1368291063015,-2971.4852456592416,-2.1401095686513902,47676.3520954563,6.94413167258023e-05,0.0,0.0,0.0,-0.00022598859531955867,0.0,0.0,1.0
1779268317.9978654,-1906.3216460493295,-2982.7115208674795,-2.140109568651212,47832.87962166208,-6.944131673807205e-05,0.0,0.0,0.0,-0.0002252022958275194,0.0,0.0,1.0
1779268318.0084565,-1911.6219356657566,-2990.9932224583554,-2.140109568651002,47984.71954004648,6.944131674971451e-05,0.0,0.0,0.0,-0.00022435417283331554,0.0,0.0,1.0
1779268318.0189226,-1918.4392866679377,-3001.645332200872,-2.1401095686507645,48140.92274572892,-6.944131676132297e-05,0.0,0.0,0.0,-0.00022373258960105654,0.0,0.0,1.0
1779268318.029546,-1919.57913622584,-3003.4263469294146,-2.1401095686505074,48278.53232575685,6.944131677215805e-05,0.0,0.0,0.0,-0.0002229381417889142,0.0,0.0,1.0
1779268318.0397592,-1927.6734057915594,-3016.073641706701,-2.1401095686502303,48437.088903416436,-6.944131678350465e-05,0.0,0.0,0.0,-0.00022280586106344108,0.0,0.0,1.0
1779268318.0501044,-1934.5457287382678,-3026.8116451060255,-2.1401095686499323,48593.24743687564,6.944131679445333e-05,0.0,0.0,0.0,-0.00022187101352734532,0.0,0.0,1.0
1779268318.0602489,-1942.7231932432792,-3039.5889319631033,-2.140109568649623,48751.93097828077,-6.944131680519536e-05,0.0,0.0,0.0,-0.00022108343060394596,0.0,0.0,1.0
1779268318.0705826,-1946.9404264728132,-3046.1783581445998,-2.1401095686493004,48898.593428880195,6.944131681700075e-05,0.0,0.0,0.0,-0.00022015353026489008,0.0,0.0,1.0
1779268318.080586,-1956.1675634405315,-3060.5957580426666,-2.1401095686489686,49060.15803269669,-6.944131682710805e-05,0.0,0.0,0.0,-0.00021967701812643237,0.0,0.0,1.0
1779268318.0909424,-1962.602558578525,-3070.650436819959,-2.140109568648618,49216.378919698735,6.9441316838123e-05,0.0,0.0,0.0,-0.00021864158944164057,0.0,0.0,1.0
1779268318.1014574,-1968.3611288005375,-3079.6482017846793,-2.1401095686482523,49372.655853540535,-6.944131684887815e-05,0.0,0.0,0.0,-0.00021792524084545718,0.0,0.0,1.0
1779268318.1118972,-1971.06357483036,-3083.8707732333696,-2.140109568647887,49516.91661325815,6.944131685888174e-05,0.0,0.0,0.0,-0.0002172881605823125,0.0,0.0,1.0
1779268318.12179,-1982.5047971255356,-3101.7476810708076,-2.140109568647523,49686.838482840845,-6.944131686986225e-05,0.0,0.0,0.0,-0.00021699046675452803,0.0,0.0,1.0
1779268318.1319609,-1986.8102498620278,-3108.4749502194713,-2.1401095686471527,49834.270240397826,6.94413168803352e-05,0.0,0.0,0.0,-0.00021573911983434688,0.0,0.0,1.0
1779268318.1425586,-1991.2618977865059,-3115.4306493241656,-2.1401095686467606,49988.507504814326,-6.944131689121474e-05,0.0,0.0,0.0,-0.00021527195402085513,0.0,0.0,1.0
1779268318.152743,-1999.7818914539914,-3128.743137945593,-2.1401095686463094,50152.68463381424,6.944131690108041e-05,0.0,0.0,0.0,-0.00021479104791386912,0.0,0.0,1.0
1779268318.1633952,-2002.1357490548135,-3132.421040039879,-2.1401095686458502,50300.7198272714,-6.944131691198892e-05,0.0,0.0,0.0,-0.00021387660970225155,0.0,0.0,1.0
1779268318.1737957,-2012.3062498923434,-3148.3124458261236,-2.1401095686453977,50474.91772009117,6.944131692198995e-05,0.0,0.0,0.0,-0.00021362534482836232,0.0,0.0,1.0
1779268318.1844566,-2014.113902398236,-3151.136902554774,-2.1401095686449496,50622.01682215738,-6.944131693275942e-05,0.0,0.0,0.0,-0.0002125464364097588,0.0,0.0,1.0
1779268318.1949263,-2022.574922283964,-3164.3572446522503,-2.1401095686445064,50791.68159423811,6.944131694259145e-05,0.0,0.0,0.0,-0.0002123558164170838,0.0,0.0,1.0
1779268318.205377,-2030.7850907516572,-3177.185631452785,-2.140109568644069,50960.61141729056,-6.9441316952942e-05,0.0,0.0,0.0,-0.00021146811399370117,0.0,0.0,1.0
1779268318.215712,-2035.3599169950662,-3184.333796662666,-2.1401095686436467,51114.76833272138,6.944131696207654e-05,0.0,0.0,0.0,-0.00021061379627160801,0.0,0.0,1.0
1779268318.2261794,-2042.6029007990735,-3195.6509575949913,-2.1401095686432186,51281.24035025672,-6.944131697293325e-05,0.0,0.0,0.0,-0.00021014074598485656,0.0,0.0,1.0
1779268318.2364736,-2047.5531055880926,-3203.385651716701,-2.1401095686428055,51437.13212145419,6.944131698203279e-05,0.0,0.0,0.0,-0.00020939613047980064,0.0,0.0,1.0
1779268318.2465668,-2055.8811563221902,-3216.398229537565,-2.140109568642401,51603.09720459141,-6.944131699237132e-05,0.0,0.0,0.0,-0.0002088902526770431,0.0,0.0,1.0
1779268318.2571108,-2062.007690411033,-3225.97093798479,-2.1401095686419853,51767.04724293792,6.944131700155299e-05,0.0,0.0,0.0,-0.00020804467445740329,0.0,0.0,1.0
1779268318.267741,-2066.985383860887,-3233.7485831342296,-2.140109568641569,51929.07880335619,-6.944131701188311e-05,0.0,0.0,0.0,-0.0002074269819302572,0.0,0.0,1.0
1779268318.2779615,-2074.139492242952,-3244.926876234995,-2.1401095686411717,52093.91489670057,6.944131702141228e-05,0.0,0.0,0.0,-0.00020692781259292484,0.0,0.0,1.0
1779268318.2879884,-2083.4959037151693,-3259.54626752943,-2.1401095686407827,52264.55781702904,-6.944131703089768e-05,0.0,0.0,0.0,-0.00020621458291740128,0.0,0.0,1.0
1779268318.2981658,-2089.2072607344185,-3268.470261877681,-2.140109568640395,52424.15339504008,6.944131704008272e-05,0.0,0.0,0.0,-0.00020528918098239706,0.0,0.0,1.0
1779268318.3087072,-2095.7133338431563,-3278.635999977062,-2.140109568639995,52592.3454474983,-6.944131704987122e-05,0.0,0.0,0.0,-0.0002047283667330986,0.0,0.0,1.0
1779268318.3194234,-2095.3540886706824,-3278.074679460949,-2.1401095686396028,52736.723672884385,6.944131705960665e-05,0.0,0.0,0.0,-0.00020409323877780777,0.0,0.0,1.0
1779268318.3293693,-2109.108474486441,-3299.5659048990674,-2.1401095686392217,52925.59182250337,-6.944131706893034e-05,0.0,0.0,0.0,-0.00020412820579226453,0.0,0.0,1.0
1779268318.3400204,-2116.5165266526046,-3311.140985118133,-2.140109568638825,53100.19861068226,6.94413170788234e-05,0.0,0.0,0.0,-0.00020279792479281172,0.0,0.0,1.0
1779268318.3500838,-2123.706523287425,-3322.3753536494555,-2.1401095686377207,53265.86644047489,-6.944131708779016e-05,0.0,0.0,0.0,-0.00020208860021278746,0.0,0.0,1.0
1779268318.360609,-2129.674105279655,-3331.699699512746,-2.1401095686366673,53434.16304979773,6.944131709742304e-05,0.0,0.0,0.0,-0.00020140488648354827,0.0,0.0,1.0
1779268318.371188,-2134.9163584057687,-3339.8907191452918,-2.140109568635707,53600.96196189792,-6.944131710680361e-05,0.0,0.0,0.0,-0.0002008409189194665,0.0,0.0,1.0
1779268318.3813186,-2143.567151972828,-3353.4075826163107,-2.140109568634868,53774.43805857936,6.944131711520232e-05,0.0,0.0,0.0,-0.00020034809829415942,0.0,0.0,1.0
1779268318.3917847,-2139.9081625839563,-3347.690412365963,-2.140109568634086,53907.44928909923,-6.944131712581676e-05,0.0,0.0,0.0,-0.00019954010848555225,0.0,0.0,1.0
1779268318.4014885,-2158.6036082815654,-3376.9020430297955,-2.1401095686334073,54112.968479282725,6.944131713427273e-05,0.0,0.0,0.0,-0.00019988106671267166,0.0,0.0,1.0
1779268318.411965,-2166.671654358942,-3389.5083636422064,-2.1401095686327394,54290.58185676566,-6.944131714402079e-05,0.0,0.0,0.0,-0.00019815109426639957,0.0,0.0,1.0
1779268318.422086,-2172.6191707997505,-3398.801357064496,-2.1401095686321496,54455.546822626726,6.94413171524568e-05,0.0,0.0,0.0,-0.00019741373877245615,0.0,0.0,1.0
1779268318.4324443,-2176.5885073401278,-3405.003444736139,-2.1401095686315954,54617.028367793304,-6.94413171611371e-05,0.0,0.0,0.0,-0.0001968736872053368,0.0,0.0,1.0
1779268318.4431884,-2182.1224838322896,-3413.650282058005,-2.140109568631063,54790.772355524125,6.944131717043636e-05,0.0,0.0,0.0,-0.00019651490145179356,0.0,0.0,1.0
1779268318.4532921,-2189.9623447329063,-3425.9000633625374,-2.1401095686306024,54963.9209788946,-6.944131717913414e-05,0.0,0.0,0.0,-0.00019601686532951987,0.0,0.0,1.0
1779268318.4634488,-2196.2057322183728,-3435.6553552332234,-2.1401095686301734,55132.31468065609,6.944131718824522e-05,0.0,0.0,0.0,-0.0001953156138721131,0.0,0.0,1.0
1779268318.4738462,-2206.8259225389593,-3452.249400768573,-2.1401095686297626,55321.15462486882,-6.944131719702985e-05,0.0,0.0,0.0,-0.00019476074086267358,0.0,0.0,1.0
1779268318.4840155,-2211.9321260276693,-3460.227842840283,-2.1401095686293923,55486.39728976552,6.944131720599934e-05,0.0,0.0,0.0,-0.00019382409219292473,0.0,0.0,1.0
1779268318.4941394,-2220.7364325147405,-3473.984570200115,-2.140109568629046,55665.25339599395,-6.94413172145131e-05,0.0,0.0,0.0,-0.0001933769501452423,0.0,0.0,1.0
1779268318.5047593,-2226.3943120996,-3482.8250060740975,-2.1401095686287066,55840.31971974164,6.944131722344933e-05,0.0,0.0,0.0,-0.0001926107967248442,0.0,0.0,1.0
1779268318.514894,-2233.7674628503137,-3494.345552843842,-2.1401095686284037,56014.87127016112,-6.944131723180905e-05,0.0,0.0,0.0,-0.00019212164261705463,0.0,0.0,1.0
1779268318.5254295,-2239.509960718743,-3503.3182047692576,-2.140109568628108,56190.00673662252,6.944131724021115e-05,0.0,0.0,0.0,-0.00019148791004327265,0.0,0.0,1.0
1779268318.536038,-2247.23014309806,-3515.3809883969298,-2.140109568627826,56374.10618312455,-6.944131724869994e-05,0.0,0.0,0.0,-0.00019099722316079102,0.0,0.0,1.0
1779268318.5464735,-2250.571263263332,-3520.601488078879,-2.1401095686275666,56539.774030476096,6.944131725699024e-05,0.0,0.0,0.0,-0.00019034149562492677,0.0,0.0,1.0
1779268318.5566971,-2259.7678238757126,-3534.971112368676,-2.1401095686284353,56724.48043123476,-6.94413172652852e-05,0.0,0.0,0.0,-0.00019005910564230772,0.0,0.0,1.0
1779268318.567285,-2266.3940438334653,-3545.3245798392873,-2.1401095686291915,56904.74484618393,6.944131727339565e-05,0.0,0.0,0.0,-0.00018928612110180555,0.0,0.0,1.0
1779268318.577775,-2273.257659753457,-3556.0489784655174,-2.1401095686298226,57086.90533962657,-6.944131728147089e-05,0.0,0.0,0.0,-0.00018873306244025396,0.0,0.0,1.0
1779268318.5881,-2281.588644920769,-3569.0661412910727,-2.1401095686303275,57271.42864475978,6.944131728946932e-05,0.0,0.0,0.0,-0.0001881635873144317,0.0,0.0,1.0
1779268318.598661,-2287.243403958397,-3577.901701260179,-2.1401095686307468,57450.172137265356,-6.944131729751125e-05,0.0,0.0,0.0,-0.00018747696585431401,0.0,0.0,1.0
1779268318.6092355,-2294.6681267911345,-3589.50282935458,-2.1401095686310745,57636.253125237294,6.944131730561707e-05,0.0,0.0,0.0,-0.0001870137602910234,0.0,0.0,1.0
1779268318.6196225,-2303.519346002118,-3603.3328577955426,-2.140109568631316,57825.135742368046,-6.944131731335744e-05,0.0,0.0,0.0,-0.00018640903496271676,0.0,0.0,1.0
1779268318.6298678,-2306.984097730634,-3608.7465317395063,-2.1401095686314915,57992.24083959123,6.944131732170206e-05,0.0,0.0,0.0,-0.00018569321626229308,0.0,0.0,1.0
1779268318.6405003,-2315.259846714902,-3621.6773880577302,-2.140109568631606,58183.944336240784,-6.94413173289541e-05,0.0,0.0,0.0,-0.00018541450761252868,0.0,0.0,1.0
1779268318.6511362,-2324.9685985697383,-3636.8473111139756,-2.140109568631661,58381.485142190955,6.944131733730262e-05,0.0,0.0,0.0,-0.0001847521730961754,0.0,0.0,1.0
1779268318.6616526,-2331.60170096516,-3647.21153242977,-2.1401095686316687,58566.16798926302,-6.944131734463584e-05,0.0,0.0,0.0,-0.0001839811580506752,0.0,0.0,1.0
1779268318.6717916,-2338.591927939045,-3658.13376083996,-2.140109568631634,58746.729252899735,6.94413173524924e-05,0.0,0.0,0.0,-0.00018345808335193013,0.0,0.0,1.0
1779268318.6824243,-2343.238547565337,-3665.3941031799964,-2.1401095686315608,58926.93598051052,-6.94413173602122e-05,0.0,0.0,0.0,-0.00018291005588543424,0.0,0.0,1.0
1779268318.6928742,-2353.765670681736,-3681.8427311987007,-2.1401095686314484,59126.665012881735,6.944131736728767e-05,0.0,0.0,0.0,-0.0001825475727749693,0.0,0.0,1.0
1779268318.7030923,-2361.873141047004,-3694.5106522181404,-2.1401095686313116,59314.034715326954,-6.94413173757341e-05,0.0,0.0,0.0,-0.0001817316434866082,0.0,0.0,1.0
1779268318.7133682,-2364.738917524612,-3698.9884274546794,-2.1401095686311535,59483.40494984231,6.94413173823637e-05,0.0,0.0,0.0,-0.00018110820969266666,0.0,0.0,1.0
1779268318.723667,-2377.3755738650857,-3718.733200772207,-2.140109568630962,59690.03015181049,-6.944131739083006e-05,0.0,0.0,0.0,-0.00018088886381402054,0.0,0.0,1.0
1779268318.7337651,-2386.1925341482233,-3732.5096996683715,-2.1401095686307587,59879.58864221333,6.944131739792825e-05,0.0,0.0,0.0,-0.00017992796275565566,0.0,0.0,1.0
1779268318.7439353,-2392.236855073124,-3741.9539500523592,-2.140109568630539,60060.454905950326,-6.944131740606003e-05,0.0,0.0,0.0,-0.00017926353831717524,0.0,0.0,1.0
1779268318.753955,-2402.2758834394517,-3757.639930122331,-2.1401095686302223,60254.229779140784,6.944131741326448e-05,0.0,0.0,0.0,-0.00017881088090465128,0.0,0.0,1.0
1779268318.764645,-2407.157753592418,-3765.267851384679,-2.1401095686298848,60440.29677715574,-6.944131742072146e-05,0.0,0.0,0.0,-0.00017806409216285783,0.0,0.0,1.0
1779268318.7751627,-2414.8840417643173,-3777.340175305234,-2.140109568629548,60634.67743321239,6.944131742804926e-05,0.0,0.0,0.0,-0.00017770318652720086,0.0,0.0,1.0
1779268318.7858658,-2419.288736709927,-3784.2225103899054,-2.140109568629206,60820.4133233372,-6.944131743564147e-05,0.0,0.0,0.0,-0.0001771349799620718,0.0,0.0,1.0
1779268318.7962303,-2429.8924859738163,-3800.7908667647316,-2.140109568628869,61024.105977980595,6.944131744294787e-05,0.0,0.0,0.0,-0.00017681267320340355,0.0,0.0,1.0
1779268318.8066878,-2439.69976106776,-3816.1147323882806,-2.140109568628528,61226.83260730326,-6.944131745026207e-05,0.0,0.0,0.0,-0.00017604154998492272,0.0,0.0,1.0
1779268318.816913,-2443.921814478759,-3822.711690107492,-2.1401095686282003,61405.38293431109,6.944131745752902e-05,0.0,0.0,0.0,-0.00017533431097510862,0.0,0.0,1.0
1779268318.8269103,-2455.4795998346817,-3840.770727709988,-2.1401095686278735,61607.98100639403,-6.94413174650354e-05,0.0,0.0,0.0,-0.00017503158974495838,0.0,0.0,1.0
1779268318.8371618,-2463.7662903650266,-3853.7186802188,-2.14010956862754,61803.07792374294,6.94413174720313e-05,0.0,0.0,0.0,-0.00017420821898617286,0.0,0.0,1.0
1779268318.8473988,-2470.1400235556885,-3863.6776372184518,-2.1401095686272096,61991.3451945534,-6.944131747940458e-05,0.0,0.0,0.0,-0.00017362263142700613,0.0,0.0,1.0
1779268318.8576415,-2482.117740043508,-3882.392817141631,-2.1401095686268734,62201.122812550384,6.944131748617044e-05,0.0,0.0,0.0,-0.00017317489657319796,0.0,0.0,1.0
1779268318.8680844,-2485.5945143848294,-3887.8252764452022,-2.140109568626539,62383.146901450855,-6.944131749353452e-05,0.0,0.0,0.0,-0.0001723397166077444,0.0,0.0,1.0
1779268318.8782604,-2495.3215793802656,-3903.023813804635,-2.140109568626209,62584.44160948683,6.94413175001757e-05,0.0,0.0,0.0,-0.00017209879514918896,0.0,0.0,1.0
1779268318.8883383,-2504.6298518070034,-3917.5679878486444,-2.140109568625884,62782.943500227615,-6.94413175070393e-05,0.0,0.0,0.0,-0.0001714283272933866,0.0,0.0,1.0
1779268318.8986838,-2511.8271794568377,-3928.813811047411,-2.1401095686255522,62978.66570691081,6.94413175137369e-05,0.0,0.0,0.0,-0.0001707915993603855,0.0,0.0,1.0
1779268318.9090824,-2518.8077543019917,-3939.7209580267786,-2.1401095686252205,63175.04314930541,-6.944131752054572e-05,0.0,0.0,0.0,-0.00017030250287975167,0.0,0.0,1.0
1779268318.9194005,-2527.758052535537,-3953.705797456667,-2.140109568624891,63377.99951407229,6.944131752721477e-05,0.0,0.0,0.0,-0.00016983080447136988,0.0,0.0,1.0
1779268318.929789,-2531.729751381683,-3959.9115762129727,-2.1401095686245646,63564.13660638602,-6.94413175339111e-05,0.0,0.0,0.0,-0.00016922981540244317,0.0,0.0,1.0
1779268318.9402947,-2541.50482515603,-3975.1851272815165,-2.1401095686242315,63774.42823463538,6.94413175404916e-05,0.0,0.0,0.0,-0.00016896448662512143,0.0,0.0,1.0
1779268318.9503953,-2551.2790517435024,-3990.457354684027,-2.1401095686229916,63978.25048436124,-6.944131754700345e-05,0.0,0.0,0.0,-0.00016831499433798692,0.0,0.0,1.0
1779268318.9609377,-2558.255258468431,-4001.357676535922,-2.140109568621825,64179.95263297157,6.944131755334288e-05,0.0,0.0,0.0,-0.0001676705354796901,0.0,0.0,1.0
1779268318.9714785,-2565.8716960397765,-4013.258358967177,-2.140109568620777,64384.523341440574,-6.944131756010427e-05,0.0,0.0,0.0,-0.0001672135735115491,0.0,0.0,1.0
1779268318.9817786,-2571.4165644044715,-4021.9222148677873,-2.1401095686198595,64577.60166374467,6.94413175666886e-05,0.0,0.0,0.0,-0.00016671750959989032,0.0,0.0,1.0
1779268318.9918647,-2584.7981578496456,-4042.8309523329053,-2.140109568619044,64796.8000499148,-6.944131757316988e-05,0.0,0.0,0.0,-0.00016635821626892234,0.0,0.0,1.0
1779268319.0019743,-2592.584472980858,-4054.9970684050722,-2.140109568618308,64996.04838173122,6.94413175795515e-05,0.0,0.0,0.0,-0.00016549746451289678,0.0,0.0,1.0
1779268319.0126255,-2596.4912215258014,-4061.101362361466,-2.140109568617607,65190.98533743742,-6.944131758606511e-05,0.0,0.0,0.0,-0.00016500070870653646,0.0,0.0,1.0
1779268319.0231411,-2605.5390449866186,-4075.2385849722905,-2.140109568616982,65403.31536333036,6.944131759224748e-05,0.0,0.0,0.0,-0.00016475258647521252,0.0,0.0,1.0
1779268319.0337024,-2613.616739151716,-4087.859980724703,-2.140109568616416,65613.40767881412,-6.944131759873301e-05,0.0,0.0,0.0,-0.00016418080109417715,0.0,0.0,1.0
1779268319.0439925,-2619.1833778534838,-4096.557852750296,-2.1401095686159195,65809.91677657777,6.944131760484763e-05,0.0,0.0,0.0,-0.00016367366690928127,0.0,0.0,1.0
1779268319.0541244,-2631.4472460027428,-4115.720144615675,-2.140109568615474,66028.9539930809,-6.94413176105597e-05,0.0,0.0,0.0,-0.00016332600180201556,0.0,0.0,1.0
1779268319.064746,-2639.269973696722,-4127.943155293661,-2.140109568615051,66240.84284867147,6.944131761684263e-05,0.0,0.0,0.0,-0.00016256524567605398,0.0,0.0,1.0
1779268319.075227,-2648.5668018221636,-4142.469447636066,-2.1401095686146716,66456.37025735325,-6.944131762281008e-05,0.0,0.0,0.0,-0.0001620836752540187,0.0,0.0,1.0
1779268319.085316,-2657.059958413765,-4155.740003344559,-2.140109568614341,66662.3078187864,6.944131762823733e-05,0.0,0.0,0.0,-0.0001615150554805244,0.0,0.0,1.0
1779268319.0959504,-2656.047636474047,-4154.158250506205,-2.140109568614025,66843.35992058604,-6.944131763458116e-05,0.0,0.0,0.0,-0.0001609990665239601,0.0,0.0,1.0
1779268319.106243,-2673.7136178890914,-4181.761343397454,-2.1401095686137426,67088.41349468571,6.944131764033626e-05,0.0,0.0,0.0,-0.00016106039641528938,0.0,0.0,1.0
1779268319.1166992,-2678.2277751902207,-4188.814713405119,-2.1401095686134832,67287.92798422402,-6.944131764638001e-05,0.0,0.0,0.0,-0.0001599968089904877,0.0,0.0,1.0
1779268319.1271205,-2686.2675734479844,-4201.376896790873,-2.1401095686132465,67500.47881022094,6.94413176520472e-05,0.0,0.0,0.0,-0.00015972728234647495,0.0,0.0,1.0
1779268319.137138,-2698.140095605339,-4219.927710599281,-2.140109568613037,67720.51476675512,-6.944131765803777e-05,0.0,0.0,0.0,-0.00015924949195305843,0.0,0.0,1.0
1779268319.1474524,-2706.19960492333,-4232.5206925110515,-2.1401095686128393,67932.22466194209,6.944131766386975e-05,0.0,0.0,0.0,-0.00015854913372352733,0.0,0.0,1.0
1779268319.1577268,-2717.4891943618804,-4250.160674001739,-2.1401095686132687,68155.9115782532,-6.94413176696669e-05,0.0,0.0,0.0,-0.00015807720444081178,0.0,0.0,1.0
1779268319.1681483,-2724.1862275966805,-4260.624787229085,-2.1401095686136373,68365.820049755,6.944131767536257e-05,0.0,0.0,0.0,-0.00015742083767868536,0.0,0.0,1.0
1779268319.17819,-2737.415452296439,-4281.295448484987,-2.1401095686139318,68593.488577476,-6.944131768076693e-05,0.0,0.0,0.0,-0.00015703404682664764,0.0,0.0,1.0
1779268319.1885538,-2740.2744335216375,-4285.762606124124,-2.1401095686141858,68789.14510634501,6.944131768648923e-05,0.0,0.0,0.0,-0.0001562755464776197,0.0,0.0,1.0
1779268319.1988332,-2752.723691806013,-4305.2145699974035,-2.140109568614387,69019.4073450462,-6.944131769208098e-05,0.0,0.0,0.0,-0.00015611258693191726,0.0,0.0,1.0
1779268319.2090178,-2760.20074335331,-4316.8974617145905,-2.1401095686145455,69230.0267463075,6.944131769779774e-05,0.0,0.0,0.0,-0.0001554069387136414,0.0,0.0,1.0
1779268319.2192137,-2766.306826325829,-4326.438215275218,-2.1401095686146676,69436.27574506322,-6.944131770338446e-05,0.0,0.0,0.0,-0.00015498618243808856,0.0,0.0,1.0
1779268319.2293687,-2779.9112117501504,-4347.695065110083,-2.1401095686147538,69670.27545411886,6.944131770919757e-05,0.0,0.0,0.0,-0.0001546442609000796,0.0,0.0,1.0
1779268319.2395477,-2788.2018466228296,-4360.649180637273,-2.140109568614812,69885.45616340713,-6.944131771478501e-05,0.0,0.0,0.0,-0.00015388785784524917,0.0,0.0,1.0
1779268319.2501044,-2794.842704073941,-4371.025519232393,-2.1401095686148452,70102.30990626104,6.944131772037724e-05,0.0,0.0,0.0,-0.00015343051663559612,0.0,0.0,1.0
1779268319.260719,-2804.459063633383,-4386.051079353936,-2.1401095686148515,70332.02648435318,-6.944131772587587e-05,0.0,0.0,0.0,-0.0001530661390840564,0.0,0.0,1.0
1779268319.2708719,-2811.369936104627,-4396.849316374272,-2.140109568614838,70543.4045799257,6.944131773144967e-05,0.0,0.0,0.0,-0.0001525415560639893,0.0,0.0,1.0
1779268319.281116,-2821.7269458903747,-4413.032142348111,-2.1401095686148044,70769.93158408477,-6.944131773684913e-05,0.0,0.0,0.0,-0.00015216677534781174,0.0,0.0,1.0
1779268319.2916055,-2831.632243238255,-4428.50916771752,-2.1401095686147524,71000.17633117335,6.94413177421961e-05,0.0,0.0,0.0,-0.00015160854430623736,0.0,0.0,1.0
1779268319.3021657,-2837.2980932276614,-4437.362057330257,-2.140109568614686,71216.65094648812,-6.944131774771645e-05,0.0,0.0,0.0,-0.00015107847840743654,0.0,0.0,1.0
1779268319.3123195,-2846.056601279521,-4451.047224626911,-2.140109568614608,71437.34222259762,6.944131775265802e-05,0.0,0.0,0.0,-0.00015077694258808902,0.0,0.0,1.0
1779268319.3225312,-2858.3224546420743,-4470.21261836007,-2.140109568614517,71672.76528322083,-6.944131775843052e-05,0.0,0.0,0.0,-0.00015031317740147614,0.0,0.0,1.0
1779268319.3332877,-2862.543496302196,-4476.807995212832,-2.140109568614413,71889.56176572539,6.944131776305899e-05,0.0,0.0,0.0,-0.00014966847238539484,0.0,0.0,1.0
1779268319.3437054,-2875.5481198327025,-4497.1277172057535,-2.1401095686142995,72133.01888856971,-6.944131776856076e-05,0.0,0.0,0.0,-0.00014944788734948643,0.0,0.0,1.0
1779268319.3539588,-2879.653933837327,-4503.543050862978,-2.140109568614253,72340.76555408395,6.944131777365829e-05,0.0,0.0,0.0,-0.0001487723557722442,0.0,0.0,1.0
1779268319.3642929,-2887.9396812284813,-4516.489529708079,-2.1401095686141876,72566.34687292311,-6.944131777881065e-05,0.0,0.0,0.0,-0.00014856034343231893,0.0,0.0,1.0
1779268319.3745677,-2903.80165701426,-4541.273864098412,-2.1401095686141054,72819.4725787908,6.944131778390836e-05,0.0,0.0,0.0,-0.00014813432690935003,0.0,0.0,1.0
1779268319.3851433,-2910.3770362773676,-4551.5478930436875,-2.1401095686140112,73044.61738861821,-6.94413177888486e-05,0.0,0.0,0.0,-0.00014732555330044131,0.0,0.0,1.0
1779268319.3956783,-2917.0764629581354,-4562.015746058243,-2.1401095686139056,73270.09128303168,6.944131779400026e-05,0.0,0.0,0.0,-0.00014699286974581682,0.0,0.0,1.0
1779268319.4058456,-2931.1248410982917,-4583.966334446258,-2.140109568613791,73516.24491089233,-6.944131779896e-05,0.0,0.0,0.0,-0.00014665545175517752,0.0,0.0,1.0
1779268319.4164293,-2937.174263595678,-4593.418556039076,-2.140109568613666,73741.45152813006,6.944131780380248e-05,0.0,0.0,0.0,-0.00014595290858617654,0.0,0.0,1.0
1779268319.4266615,-2947.5324217772527,-4609.603176387067,-2.1401095686135365,73976.32079621992,-6.944131780890628e-05,0.0,0.0,0.0,-0.00014565245281721232,0.0,0.0,1.0
1779268319.4371402,-2957.302925245281,-4624.869586348155,-2.1401095686133966,74214.65318109153,6.944131781365755e-05,0.0,0.0,0.0,-0.0001451408582677374,0.0,0.0,1.0
1779268319.447986,-2953.828653627053,-4619.44103754912,-2.140109568613251,74411.65954183473,-6.944131781880651e-05,0.0,0.0,0.0,-0.00014466157122874627,0.0,0.0,1.0
1779268319.4581907,-2978.0131103325994,-4657.229246928952,-2.140109568613098,74699.64142425513,6.944131782358852e-05,0.0,0.0,0.0,-0.00014483163647182012,0.0,0.0,1.0
1779268319.4688141,-2984.3350890639563,-4667.107337592147,-2.1401095686129414,74930.0349153102,-6.944131782830416e-05,0.0,0.0,0.0,-0.00014365603695166138,0.0,0.0,1.0
1779268319.479451,-2989.8748663223905,-4675.7632385907655,-2.1401095686127807,75158.54302428375,6.944131783302387e-05,0.0,0.0,0.0,-0.00014335186709775013,0.0,0.0,1.0
1779268319.4898813,-3002.9789389617035,-4696.238349802063,-2.1401095686126173,75411.65949945219,-6.944131783801619e-05,0.0,0.0,0.0,-0.00014308638827256572,0.0,0.0,1.0
1779268319.5002418,-3015.275034196605,-4715.450996460259,-2.1401095686124525,75660.84531600567,6.944131784275502e-05,0.0,0.0,0.0,-0.00014246230813830778,0.0,0.0,1.0
1779268319.5107281,-3016.0796472765037,-4716.708204257194,-2.140109568612288,75870.52201346791,-6.944131784757606e-05,0.0,0.0,0.0,-0.00014188163845199503,0.0,0.0,1.0
1779268319.520719,-3031.1012718387387,-4740.179490014083,-2.140109568612125,76123.53889407063,6.944131785232965e-05,0.0,0.0,0.0,-0.00014184380635400874,0.0,0.0,1.0
1779268319.5311496,-3043.6821776490756,-4759.837153147328,-2.140109568611953,76377.20458364935,-6.944131785698291e-05,0.0,0.0,0.0,-0.00014114119235482107,0.0,0.0,1.0
1779268319.542155,-3047.957597116501,-4766.517495319587,-2.1401095686117726,76612.7372180374,6.944131786153835e-05,0.0,0.0,0.0,-0.00014055807330240846,0.0,0.0,1.0
1779268319.5523224,-3058.4029240615673,-4782.838316779771,-2.140109568612441,76854.36413672862,-6.944131786551043e-05,0.0,0.0,0.0,-0.00014036100497239284,0.0,0.0,1.0
1779268319.5625153,-3069.278461314464,-4799.8313417783575,-2.140109568612997,77097.42674069127,6.944131787115883e-05,0.0,0.0,0.0,-0.00013988185808715242,0.0,0.0,1.0
1779268319.5725996,-3084.8719649538016,-4824.196188438897,-2.140109568613452,77358.24175798346,-6.944131787508415e-05,0.0,0.0,0.0,-0.00013938644097622417,0.0,0.0,1.0
1779268319.5828445,-3094.351425289679,-4839.007843510159,-2.140109568613827,77599.52255042925,6.9441317880351e-05,0.0,0.0,0.0,-0.00013868219830525446,0.0,0.0,1.0
1779268319.5934412,-3100.586136614207,-4848.749578821393,-2.140109568614133,77837.02851030992,-6.944131788435531e-05,0.0,0.0,0.0,-0.0001382575480231474,0.0,0.0,1.0
1779268319.603941,-3111.7860147616275,-4866.249386432322,-2.140109568614358,78091.6623113899,6.944131788912816e-05,0.0,0.0,0.0,-0.00013797966655424996,0.0,0.0,1.0
1779268319.6141622,-3123.185179657918,-4884.060579559074,-2.140109568614513,78341.67913127292,-6.944131789345258e-05,0.0,0.0,0.0,-0.00013748328482305217,0.0,0.0,1.0
1779268319.6244397,-3129.20350491251,-4893.464211688559,-2.1401095686146157,78573.58879130316,6.944131789794438e-05,0.0,0.0,0.0,-0.00013698172490183473,0.0,0.0,1.0
1779268319.634706,-3142.071820151549,-4913.570951976678,-2.140109568614663,78831.33358345924,-6.944131790243468e-05,0.0,0.0,0.0,-0.00013671839293570782,0.0,0.0,1.0
1779268319.6454175,-3145.565189831562,-4919.02934146736,-2.140109568614671,79063.88757081324,6.944131790689116e-05,0.0,0.0,0.0,-0.00013615872431493403,0.0,0.0,1.0
1779268319.6555076,-3164.4655106895775,-4948.561089488665,-2.1401095686146294,79342.36415545596,-6.944131791134097e-05,0.0,0.0,0.0,-0.00013600757970290075,0.0,0.0,1.0
1779268319.6659963,-3173.5293385765513,-4962.723318961458,-2.1401095686145557,79592.65294964888,6.944131791565973e-05,0.0,0.0,0.0,-0.00013519562596577862,0.0,0.0,1.0
1779268319.6763308,-3176.304039739612,-4967.05878902847,-2.140109568614456,79817.07418306617,-6.944131792011658e-05,0.0,0.0,0.0,-0.00013480967487248,0.0,0.0,1.0
1779268319.6868043,-3189.740193877426,-4988.052777509532,-2.1401095686143186,80084.87727488489,6.944131792423672e-05,0.0,0.0,0.0,-0.0001346919635944254,0.0,0.0,1.0
1779268319.6973393,-3199.57803935845,-5003.424409344267,-2.1401095686141565,80341.2878920065,-6.944131792862974e-05,0.0,0.0,0.0,-0.00013412486007284468,0.0,0.0,1.0
1779268319.7076564,-3212.861971738006,-5024.180551358411,-2.140109568613974,80606.5572846966,6.94413179325478e-05,0.0,0.0,0.0,-0.00013371265025926738,0.0,0.0,1.0
1779268319.7178261,-3224.8449427374144,-5042.903941444771,-2.140109568613776,80864.28192547419,-6.944131793691567e-05,0.0,0.0,0.0,-0.00013316005215345002,0.0,0.0,1.0
1779268319.7281034,-3233.4325514041216,-5056.3220784801415,-2.140109568613561,81112.41891497064,6.944131794086293e-05,0.0,0.0,0.0,-0.00013266547658116748,0.0,0.0,1.0
1779268319.738807,-3238.1691409411715,-5063.722998798524,-2.1401095686133234,81356.34038949908,-6.944131794498885e-05,0.0,0.0,0.0,-0.00013231329222965503,0.0,0.0,1.0
1779268319.7497268,-3233.6202617277654,-5056.615375825553,-2.1401095686129654,81570.95547426907,6.94413179490189e-05,0.0,0.0,0.0,-0.00013211983983076045,0.0,0.0,1.0
1779268319.7600393,-3255.0383705658146,-5090.081167150501,-2.140109568612614,81869.32432580678,-6.944131795310173e-05,0.0,0.0,0.0,-0.00013230561450143608,0.0,0.0,1.0
1779268319.7703805,-3276.954666430305,-5124.325375617378,-2.140109568612262,82171.40439198523,6.944131795704893e-05,0.0,0.0,0.0,-0.00013143543739585692,0.0,0.0,1.0
1779268319.780747,-3282.709254288925,-5133.316918145929,-2.1401095686119223,82414.43303690372,-6.9441317961109e-05,0.0,0.0,0.0,-0.00013055678949870352,0.0,0.0,1.0
1779268319.7906916,-3300.300145566345,-5160.802682700351,-2.140109568611591,82692.73189455556,6.944131796496984e-05,0.0,0.0,0.0,-0.00013032802570918327,0.0,0.0,1.0
1779268319.8013248,-3307.389701090612,-5171.880111973608,-2.1401095686112446,82948.2031036047,-6.944131796889282e-05,0.0,0.0,0.0,-0.00012963367437633536,0.0,0.0,1.0
1779268319.811746,-3316.5964998547997,-5186.2657334396345,-2.1401095686109066,83207.46566931013,6.944131797280041e-05,0.0,0.0,0.0,-0.0001293559212661056,0.0,0.0,1.0
1779268319.8221953,-3327.472546930456,-5203.2595551010145,-2.140109568610569,83474.40844540074,-6.944131797672571e-05,0.0,0.0,0.0,-0.0001289969908007288,0.0,0.0,1.0
1779268319.832761,-3329.2444788795883,-5206.028198466198,-2.1401095686102356,83710.86044674249,6.944131798065196e-05,0.0,0.0,0.0,-0.000128575542021287,0.0,0.0,1.0
1779268319.8427207,-3349.5894186337814,-5237.8171632850135,-2.1401095686099136,84003.2822893494,-6.944131798432968e-05,0.0,0.0,0.0,-0.00012850714008275554,0.0,0.0,1.0
1779268319.8528366,-3361.3898891673743,-5256.255396437967,-2.140109568609594,84267.5760574279,6.944131798812903e-05,0.0,0.0,0.0,-0.00012772694720867127,0.0,0.0,1.0
1779268319.8631735,-3362.4732440462376,-5257.9481382509275,-2.1401095686092755,84498.19104888309,-6.9441317991997e-05,0.0,0.0,0.0,-0.00012727874548608073,0.0,0.0,1.0
1779268319.8731697,-3384.781129410296,-5292.804205242638,-2.1401095686089575,84800.7581035606,6.944131799580885e-05,0.0,0.0,0.0,-0.00012723775544605076,0.0,0.0,1.0
1779268319.8833096,-3392.6338408785887,-5305.074065545078,-2.140109568608645,85053.33779093868,-6.944131799936012e-05,0.0,0.0,0.0,-0.00012639953996584972,0.0,0.0,1.0
1779268319.8937635,-3404.063895470312,-5322.93352385367,-2.140109568608322,85327.3645827427,6.94413180032672e-05,0.0,0.0,0.0,-0.00012610709749934766,0.0,0.0,1.0
1779268319.9044387,-3410.6314458681354,-5333.195320207997,-2.140109568607997,85589.13776304582,-6.944131800700612e-05,0.0,0.0,0.0,-0.00012568384156281913,0.0,0.0,1.0
1779268319.9146175,-3424.8342980461325,-5355.387274261125,-2.1401095686076865,85868.48942623023,6.944131801078193e-05,0.0,0.0,0.0,-0.00012544192736917788,0.0,0.0,1.0
1779268319.9249353,-3437.091795914651,-5374.539612545261,-2.140109568607374,86144.70934771445,-6.94413180145757e-05,0.0,0.0,0.0,-0.00012492194001364852,0.0,0.0,1.0
1779268319.9352024,-3445.299918853914,-5387.36480320911,-2.140109568607068,86405.25679576646,6.944131801824737e-05,0.0,0.0,0.0,-0.00012447662827895663,0.0,0.0,1.0
1779268319.9458454,-3452.237715289569,-5398.205108932906,-2.140109568606753,86670.75433789677,-6.944131802194457e-05,0.0,0.0,0.0,-0.00012418019988827362,0.0,0.0,1.0
1779268319.9561682,-3467.926896682791,-5422.719452121906,-2.140109568606484,86962.03958198054,6.944131802543823e-05,0.0,0.0,0.0,-0.000123930746880481,0.0,0.0,1.0
1779268319.966722,-3476.8402636368182,-5436.6465864325555,-2.140109568606209,87234.29924296065,-6.944131802911707e-05,0.0,0.0,0.0,-0.0001233703110308803,0.0,0.0,1.0
1779268319.9772303,-3489.14502428581,-5455.872772800085,-2.140109568605931,87518.87387400762,6.944131803272044e-05,0.0,0.0,0.0,-0.00012305416718047684,0.0,0.0,1.0
1779268319.9879003,-3490.7932805029213,-5458.448172852848,-2.1401095686056526,87768.4906338216,-6.944131803627586e-05,0.0,0.0,0.0,-0.00012262038861678268,0.0,0.0,1.0
1779268319.998242,-3511.4826154000657,-5490.775255020466,-2.1401095686053715,88081.92901049643,6.944131803993328e-05,0.0,0.0,0.0,-0.0001225625148636296,0.0,0.0,1.0
1779268320.008638,-3521.138075222416,-5505.861909309534,-2.1401095686050935,88356.20195814341,-6.944131804354365e-05,0.0,0.0,0.0,-0.00012184068909781818,0.0,0.0,1.0
1779268320.0192127,-3528.5428891248916,-5517.431929741817,-2.1401095686048106,88627.36605118528,6.944131804701134e-05,0.0,0.0,0.0,-0.00012150672367146695,0.0,0.0,1.0
1779268320.0296674,-3543.3109680652306,-5540.507050510965,-2.140109568604527,88923.75856159147,-6.944131805083537e-05,0.0,0.0,0.0,-0.00012125184193741141,0.0,0.0,1.0
1779268320.0402548,-3541.758499122924,-5538.081318061783,-2.140109568604248,89163.49502043266,6.944131805413327e-05,0.0,0.0,0.0,-0.0001207466883754756,0.0,0.0,1.0
1779268320.0507486,-3562.8555167786913,-5571.0454044696835,-2.14010956860396,89485.96591342197,-6.944131805775433e-05,0.0,0.0,0.0,-0.00012079959364793423,0.0,0.0,1.0
1779268320.0611694,-3578.5381609582655,-5595.549533266023,-2.140109568603677,89787.24671704571,6.944131806122726e-05,0.0,0.0,0.0,-0.00012008458774303652,0.0,0.0,1.0
1779268320.0716555,-3589.7175993312194,-5613.01740377551,-2.1401095686033944,90074.1015178244,-6.944131806474966e-05,0.0,0.0,0.0,-0.00011955854262307746,0.0,0.0,1.0
1779268320.0817635,-3600.788578799799,-5630.315807265848,-2.1401095686031235,90352.08597632186,6.944131806819341e-05,0.0,0.0,0.0,-0.00011918635410990006,0.0,0.0,1.0
1779268320.0920844,-3610.9263638530906,-5646.156094645301,-2.1401095686028477,90632.56626950217,-6.944131807162809e-05,0.0,0.0,0.0,-0.00011882005307338534,0.0,0.0,1.0
1779268320.1024904,-3609.390990977825,-5643.7570747985,-2.1401095686025773,90872.37405529832,6.944131807501145e-05,0.0,0.0,0.0,-0.00011848659758173421,0.0,0.0,1.0
1779268320.1123753,-3635.1844050773507,-5684.059279830769,-2.140109568602308,91201.93557794951,-6.94413180783077e-05,0.0,0.0,0.0,-0.00011853697924906151,0.0,0.0,1.0
1779268320.122963,-3643.601878188256,-5697.211580100755,-2.1401095686020284,91484.76515292865,6.944131808171686e-05,0.0,0.0,0.0,-0.000117696240477206,0.0,0.0,1.0
1779268320.1333838,-3657.753981667209,-5719.324239320102,-2.1401095686017544,91783.50178899438,-6.944131808497736e-05,0.0,0.0,0.0,-0.0001174244472243768,0.0,0.0,1.0
1779268320.1433377,-3673.1256595637656,-5743.342483354108,-2.140109568601489,92080.19471462743,6.94413180881711e-05,0.0,0.0,0.0,-0.00011697030597590184,0.0,0.0,1.0
1779268320.153382,-3688.682731773025,-5767.650405951909,-2.140109568601401,92378.31775684128,-6.944131809155082e-05,0.0,0.0,0.0,-0.00011648099184042987,0.0,0.0,1.0
1779268320.1641455,-3673.43986075601,-5743.833422634154,-2.140109568601298,92580.79295684028,6.944131809447153e-05,0.0,0.0,0.0,-0.00011598992611928828,0.0,0.0,1.0
1779268320.1741548,-3712.1852767812798,-5804.37312840177,-2.140109568601157,92966.12757824794,-6.944131809816996e-05,0.0,0.0,0.0,-0.00011647103142091401,0.0,0.0,1.0
1779268320.1847243,-3721.9134158187803,-5819.573343940435,-2.1401095686010043,93258.19709086594,6.944131810101111e-05,0.0,0.0,0.0,-0.0001152558607822113,0.0,0.0,1.0
1779268320.1948605,-3735.558224365959,-5840.893354906332,-2.140109568600841,93554.61126741472,-6.944131810432814e-05,0.0,0.0,0.0,-0.00011495472927236712,0.0,0.0,1.0
1779268320.2053046,-3742.5806592038693,-5851.865908108095,-2.1401095686006615,93834.95685690462,6.94413181073726e-05,0.0,0.0,0.0,-0.00011453500045730004,0.0,0.0,1.0
1779268320.215335,-3759.2504413250454,-5877.912439757913,-2.1401095686004736,94141.53928497607,-6.944131811043907e-05,0.0,0.0,0.0,-0.00011432017513254813,0.0,0.0,1.0
1779268320.2255347,-3770.8917703704933,-5896.102014355237,-2.1401095686002742,94434.46863391774,6.944131811345546e-05,0.0,0.0,0.0,-0.00011381343831224342,0.0,0.0,1.0
1779268320.2363346,-3771.8666381391954,-5897.625245069562,-2.1401095686000575,94703.94031000724,-6.94413181165797e-05,0.0,0.0,0.0,-0.00011346221480297472,0.0,0.0,1.0
1779268320.2465746,-3786.19380211708,-5920.011436281879,-2.1401095685998386,95009.66607122548,6.944131811962776e-05,0.0,0.0,0.0,-0.00011343290071136622,0.0,0.0,1.0
1779268320.2569392,-3801.942173025953,-5944.618263076574,-2.140109568599609,95324.67816261933,-6.944131812273532e-05,0.0,0.0,0.0,-0.00011300383035808373,0.0,0.0,1.0
1779268320.2671072,-3813.453301582034,-5962.6043994351,-2.1401095685993803,95619.47505961625,6.944131812577269e-05,0.0,0.0,0.0,-0.00011253592715110855,0.0,0.0,1.0
1779268320.277596,-3827.3088677682144,-5984.253719182114,-2.140109568599137,95932.25434294101,-6.944131812855162e-05,0.0,0.0,0.0,-0.00011219636134973903,0.0,0.0,1.0
1779268320.288157,-3836.8675793063244,-5999.189204291829,-2.1401095685988887,96231.84844384986,6.944131813166045e-05,0.0,0.0,0.0,-0.00011179034514998765,0.0,0.0,1.0
1779268320.2986126,-3846.950013971603,-6014.943006696855,-2.14010956859864,96531.39484801733,-6.944131813446247e-05,0.0,0.0,0.0,-0.00011151195033444162,0.0,0.0,1.0
1779268320.3091667,-3856.0743321490568,-6029.199752257276,-2.1401095685983855,96830.94202091958,6.944131813744574e-05,0.0,0.0,0.0,-0.00011121980094920642,0.0,0.0,1.0
1779268320.3196392,-3872.157070125859,-6054.329027540403,-2.140109568598127,97155.10714810375,-6.944131814037986e-05,0.0,0.0,0.0,-0.0001109567304064568,0.0,0.0,1.0
1779268320.3299966,-3877.381524831887,-6062.492237107925,-2.140109568597875,97436.57247236678,6.944131814322402e-05,0.0,0.0,0.0,-0.00011049605361887843,0.0,0.0,1.0
1779268320.3402724,-3894.0205137652183,-6088.490654414209,-2.1401095685976177,97759.20777745717,-6.944131814634317e-05,0.0,0.0,0.0,-0.00011034722540490453,0.0,0.0,1.0
1779268320.3505445,-3900.9008807011323,-6099.241226597296,-2.140109568596939,98046.14426550343,6.944131814907187e-05,0.0,0.0,0.0,-0.00010987589368355834,0.0,0.0,1.0
1779268320.3609023,-3923.425052943768,-6134.435241838486,-2.140109568596303,98394.64459982504,-6.944131815227564e-05,0.0,0.0,0.0,-0.0001096821702076149,0.0,0.0,1.0
1779268320.3714116,-3936.852046125858,-6155.41491638135,-2.1401095685957126,98713.8395834006,6.944131815494052e-05,0.0,0.0,0.0,-0.00010905272749921094,0.0,0.0,1.0
1779268320.3822122,-3945.3488310135367,-6168.691141321665,-2.1401095685951548,99023.64152935942,-6.944131815791234e-05,0.0,0.0,0.0,-0.0001086809330366321,0.0,0.0,1.0
1779268320.3924303,-3958.366420306739,-6189.031122351514,-2.1401095685946685,99335.35171408737,6.944131816076838e-05,0.0,0.0,0.0,-0.00010844696371241686,0.0,0.0,1.0
1779268320.4026368,-3970.5764171409232,-6208.109240302186,-2.140109568594218,99644.58938695626,-6.944131816354372e-05,0.0,0.0,0.0,-0.00010809045524336672,0.0,0.0,1.0
1779268320.4134092,-3972.7518416600337,-6211.508340760178,-2.1401095685937785,99932.80431507145,6.944131816642561e-05,0.0,0.0,0.0,-0.00010775818782009266,0.0,0.0,1.0
1779268320.4234142,-3998.279971855348,-6251.396039758549,-2.140109568593393,100287.93952131303,-6.944131816927054e-05,0.0,0.0,0.0,-0.00010769920355530778,0.0,0.0,1.0
1779268320.4339623,-4008.993147440195,-6268.135374762005,-2.140109568593017,100603.44580692802,6.944131817206552e-05,0.0,0.0,0.0,-0.00010701182088964034,0.0,0.0,1.0
1779268320.4447408,-4011.0459448482916,-6271.342870373718,-2.14010956859266,100894.14532845958,-6.944131817478098e-05,0.0,0.0,0.0,-0.0001067259599689223,0.0,0.0,1.0
1779268320.4550674,-4035.2678459170806,-6309.189586584818,-2.140109568592334,101255.679894182,6.944131817753995e-05,0.0,0.0,0.0,-0.0001066713596969128,0.0,0.0,1.0
1779268320.4657507,-4039.2643000031057,-6315.434045413089,-2.1401095685920217,101552.69441808494,-6.944131818022503e-05,0.0,0.0,0.0,-0.00010603129257043958,0.0,0.0,1.0
1779268320.4761002,-4057.570755459409,-6344.037878883868,-2.1401095685917335,101894.62764515805,6.944131818286078e-05,0.0,0.0,0.0,-0.00010592642362054202,0.0,0.0,1.0
1779268320.4861345,-4077.0232942804755,-6374.432467410527,-2.140109568591469,102232.8401906273,-6.944131818561067e-05,0.0,0.0,0.0,-0.00010544869072856369,0.0,0.0,1.0
1779268320.4967797,-4071.864850096887,-6366.37239928584,-2.140109568591208,102497.17270145255,6.94413181881305e-05,0.0,0.0,0.0,-0.00010494574887362726,0.0,0.0,1.0
1779268320.5066373,-4102.969732310904,-6414.973772328878,-2.1401095685909706,102875.66936962007,-6.944131819079872e-05,0.0,0.0,0.0,-0.00010507865193923545,0.0,0.0,1.0
1779268320.5168605,-4111.168418157084,-6427.784217543026,-2.1401095685907405,103179.60525304504,6.944131819347317e-05,0.0,0.0,0.0,-0.00010428232872326054,0.0,0.0,1.0
1779268320.5273678,-4126.235753291787,-6451.326926071648,-2.140109568590512,103518.1901682714,-6.944131819591981e-05,0.0,0.0,0.0,-0.00010407443841966133,0.0,0.0,1.0
1779268320.5375686,-4137.153160589331,-6468.385373077717,-2.140109568590301,103833.50542692251,6.944131819859897e-05,0.0,0.0,0.0,-0.00010369453616587491,0.0,0.0,1.0
1779268320.5478973,-4155.029871273602,-6496.317730414491,-2.1401095685900615,104179.14417299288,-6.94413182009813e-05,0.0,0.0,0.0,-0.0001034209970003936,0.0,0.0,1.0
1779268320.5581608,-4167.8245067547405,-6516.309346131976,-2.1401095685898364,104504.97225164897,6.944131820353556e-05,0.0,0.0,0.0,-0.00010297619308347674,0.0,0.0,1.0
1779268320.568219,-4181.938537548567,-6538.362516794311,-2.1401095685896263,104830.63043512865,-6.94413182061049e-05,0.0,0.0,0.0,-0.00010266018212962911,0.0,0.0,1.0
1779268320.5786479,-4195.621856293095,-6559.742699954344,-2.1401095685894176,105165.98912295476,6.944131820863273e-05,0.0,0.0,0.0,-0.00010231382602151586,0.0,0.0,1.0
1779268320.5888379,-4207.167594929575,-6577.782914567574,-2.1401095685892235,105487.60926842412,-6.944131821107388e-05,0.0,0.0,0.0,-0.00010198026342719294,0.0,0.0,1.0
1779268320.5992823,-4217.987532972562,-6594.689065879667,-2.140109568589032,105814.6487442556,6.944131821363425e-05,0.0,0.0,0.0,-0.000101700496512372,0.0,0.0,1.0
1779268320.6093106,-4236.2126756513935,-6623.1658481425275,-2.140109568588854,106158.28632242969,-6.944131821603016e-05,0.0,0.0,0.0,-0.00010143970631515682,0.0,0.0,1.0
1779268320.6193938,-4250.832922524954,-6646.009981338109,-2.140109568588682,106490.78073719493,6.94413182185351e-05,0.0,0.0,0.0,-0.0001010034410089974,0.0,0.0,1.0
1779268320.6298788,-4257.863230140172,-6656.994835766439,-2.1401095685885108,106807.54286961122,-6.944131822097236e-05,0.0,0.0,0.0,-0.00010065617134486232,0.0,0.0,1.0
1779268320.6401463,-4272.354720145764,-6679.637786377544,-2.140109568588347,107146.81580742645,6.944131822318924e-05,0.0,0.0,0.0,-0.00010049003176688035,0.0,0.0,1.0
1779268320.6502075,-4290.398317980216,-6707.830904851098,-2.1401095685881906,107494.11587967367,-6.944131822558048e-05,0.0,0.0,0.0,-0.00010014929459593497,0.0,0.0,1.0
1779268320.6609652,-4298.957920136096,-6721.2052817314225,-2.1401095685880294,107827.51272637729,6.944131822805535e-05,0.0,0.0,0.0,-9.97282531162003e-05,0.0,0.0,1.0
1779268320.671627,-4309.535816213957,-6737.733242512376,-2.1401095685878735,108166.60970084247,-6.944131823033483e-05,0.0,0.0,0.0,-9.952975324038021e-05,0.0,0.0,1.0
1779268320.6819148,-4326.774237308309,-6764.668272469208,-2.1401095685877265,108520.47335036432,6.944131823270733e-05,0.0,0.0,0.0,-9.928553741748666e-05,0.0,0.0,1.0
1779268320.6919816,-4342.247656185374,-6788.845486769113,-2.1401095685875866,108861.99213599945,-6.944131823510988e-05,0.0,0.0,0.0,-9.889010526760732e-05,0.0,0.0,1.0
1779268320.7025692,-4349.61854074202,-6800.362492606857,-2.1401095685874436,109189.75751476592,6.944131823735055e-05,0.0,0.0,0.0,-9.853783353743403e-05,0.0,0.0,1.0
1779268320.7131927,-4357.301375923118,-6812.366921240691,-2.140109568587303,109520.7653602562,-6.944131823966127e-05,0.0,0.0,0.0,-9.837090719821447e-05,0.0,0.0,1.0
1779268320.7237659,-4372.217284184666,-6835.67302530071,-2.1401095685871647,109878.26612872728,6.944131824199214e-05,0.0,0.0,0.0,-9.81975170984227e-05,0.0,0.0,1.0
1779268320.7341695,-4396.263456032152,-6873.2451646207655,-2.14010956858703,110265.58632746917,-6.944131824428398e-05,0.0,0.0,0.0,-9.786262665384624e-05,0.0,0.0,1.0
1779268320.7444189,-4407.351177780467,-6890.569727921282,-2.140109568586902,110600.89817186969,6.94413182464574e-05,0.0,0.0,0.0,-9.732752756156325e-05,0.0,0.0,1.0
1779268320.7545357,-4423.018409875374,-6915.049775402758,-2.1401095685862446,110950.07498587358,-6.94413182487418e-05,0.0,0.0,0.0,-9.708275891219279e-05,0.0,0.0,1.0
1779268320.7649827,-4432.386772203851,-6929.687839968344,-2.1401095685856397,111286.85760099268,6.944131825097581e-05,0.0,0.0,0.0,-9.673898814391391e-05,0.0,0.0,1.0
1779268320.7754579,-4448.881883926428,-6955.461449212731,-2.1401095685851006,111651.98336681868,-6.944131825336991e-05,0.0,0.0,0.0,-9.653458872703105e-05,0.0,0.0,1.0
1779268320.7856507,-4460.215135059688,-6973.169652179677,-2.140109568584636,111990.2586992732,6.944131825561117e-05,0.0,0.0,0.0,-9.61767873354731e-05,0.0,0.0,1.0
1779268320.7957478,-4482.619025312241,-7008.175726834023,-2.1401095685842266,112367.58846338272,-6.944131825783678e-05,0.0,0.0,0.0,-9.593248735818056e-05,0.0,0.0,1.0
1779268320.8060098,-4499.38878148674,-7034.3784679705805,-2.140109568583857,112729.94511331117,6.9441318260121e-05,0.0,0.0,0.0,-9.545318010686387e-05,0.0,0.0,1.0
1779268320.816323,-4504.038049780944,-7041.642948904615,-2.140109568583529,113049.65131858278,-6.944131826229425e-05,0.0,0.0,0.0,-9.509753195244068e-05,0.0,0.0,1.0
1779268320.826187,-4531.850825412872,-7085.1004060082405,-2.1401095685832505,113442.85600358248,6.944131826448138e-05,0.0,0.0,0.0,-9.499940114081612e-05,0.0,0.0,1.0
1779268320.8367038,-4536.054151810373,-7091.668102800237,-2.140109568582988,113768.96564033141,-6.944131826668932e-05,0.0,0.0,0.0,-9.441656247885966e-05,0.0,0.0,1.0
1779268320.8474832,-4544.698269313454,-7105.174534917491,-2.1401095685827527,114119.01553978703,6.944131826873794e-05,0.0,0.0,0.0,-9.43291007512309e-05,0.0,0.0,1.0
1779268320.8579228,-4569.153171718566,-7143.385315682757,-2.1401095685825515,114520.60886869326,-6.944131827105984e-05,0.0,0.0,0.0,-9.414974342481357e-05,0.0,0.0,1.0
1779268320.868079,-4585.383067167353,-7168.7445245105,-2.140109568582381,114883.47228049026,6.944131827313078e-05,0.0,0.0,0.0,-9.364600004632597e-05,0.0,0.0,1.0
1779268320.8783574,-4599.605333156157,-7190.966812655337,-2.1401095685822296,115242.92405904506,-6.9441318275247e-05,0.0,0.0,0.0,-9.331464803359766e-05,0.0,0.0,1.0
1779268320.8887856,-4612.157836393753,-7210.580096791075,-2.1401095685820954,115602.96176718599,6.944131827730474e-05,0.0,0.0,0.0,-9.302620588117225e-05,0.0,0.0,1.0
1779268320.900057,-4600.025664789432,-7191.62358079145,-2.14010956858197,115896.32502101889,-6.944131827943719e-05,0.0,0.0,0.0,-9.277310566940015e-05,0.0,0.0,1.0
1779268320.9097543,-4645.624836267429,-7262.872278284014,-2.1401095685818783,116358.2385190313,6.944131828151262e-05,0.0,0.0,0.0,-9.301770927501218e-05,0.0,0.0,1.0
1779268320.920074,-4658.444912379873,-7282.903644985126,-2.1401095685817935,116718.28931275402,-6.944131828361527e-05,0.0,0.0,0.0,-9.210498165356301e-05,0.0,0.0,1.0
1779268320.9302669,-4669.172275636614,-7299.665148212871,-2.1401095685817215,117067.50199997591,6.944131828568565e-05,0.0,0.0,0.0,-9.185158818351093e-05,0.0,0.0,1.0
1779268320.940691,-4679.294415571773,-7315.480990105329,-2.1401095685816593,117422.76469660203,-6.944131828771498e-05,0.0,0.0,0.0,-9.164062693240688e-05,0.0,0.0,1.0
1779268320.950932,-4704.0054331951405,-7354.091950821834,-2.140109568581749,117827.74623772579,6.944131828952385e-05,0.0,0.0,0.0,-9.144245449029828e-05,0.0,0.0,1.0
1779268320.9611804,-4719.843390510986,-7378.838756356549,-2.140109568581829,118200.74027634609,-6.944131829141459e-05,0.0,0.0,0.0,-9.09622396476836e-05,0.0,0.0,1.0
1779268320.971414,-4731.36638543381,-7396.843433905728,-2.1401095685819,118558.12382782632,6.944131829342897e-05,0.0,0.0,0.0,-9.065710032593934e-05,0.0,0.0,1.0
1779268320.9815717,-4746.808906541155,-7420.97237043537,-2.1401095685819627,118928.60165491351,-6.944131829547933e-05,0.0,0.0,0.0,-9.043637788815558e-05,0.0,0.0,1.0
1779268320.9922001,-4755.719106993187,-7434.894557080941,-2.140109568582021,119291.29562409254,6.944131829749778e-05,0.0,0.0,0.0,-9.01422570681333e-05,0.0,0.0,1.0
1779268321.0027318,-4773.587507700877,-7462.81393006412,-2.1401095685820724,119685.09929350333,-6.944131829951352e-05,0.0,0.0,0.0,-8.997342058028302e-05,0.0,0.0,1.0
1779268321.0129225,-4784.195719929757,-7479.389259816342,-2.1401095685821154,120041.72843116277,6.944131830155379e-05,0.0,0.0,0.0,-8.963673706969503e-05,0.0,0.0,1.0
1779268321.0231702,-4807.809733757824,-7516.286152299136,-2.1401095685821545,120449.70530358648,-6.944131830351637e-05,0.0,0.0,0.0,-8.943804226005818e-05,0.0,0.0,1.0
1779268321.0333197,-4823.730679577118,-7541.162627360646,-2.1401095685821883,120826.76171430913,6.944131830542621e-05,0.0,0.0,0.0,-8.899889264674153e-05,0.0,0.0,1.0
1779268321.0435786,-4834.17468202856,-7557.481379365615,-2.1401095685822185,121188.07646533758,-6.944131830724607e-05,0.0,0.0,0.0,-8.870523685128374e-05,0.0,0.0,1.0
1779268321.0540447,-4850.363694095967,-7582.776707893718,-2.140109568582246,121578.73248732924,6.944131830932283e-05,0.0,0.0,0.0,-8.851365145519827e-05,0.0,0.0,1.0
1779268321.0644913,-4856.367472026193,-7592.157609859476,-2.1401095685822695,121932.00070840731,-6.94413183112024e-05,0.0,0.0,0.0,-8.821830949462261e-05,0.0,0.0,1.0
1779268321.0747852,-4882.003808359296,-7632.214380905505,-2.14010956858229,122354.04964532144,6.944131831299505e-05,0.0,0.0,0.0,-8.810928074388408e-05,0.0,0.0,1.0
1779268321.0851514,-4888.736002048708,-7642.733432368541,-2.1401095685823077,122708.90238450878,-6.944131831512742e-05,0.0,0.0,0.0,-8.764674091545656e-05,0.0,0.0,1.0
1779268321.0951948,-4911.756606578653,-7678.703122928976,-2.140109568582323,123114.92750562674,6.944131831683958e-05,0.0,0.0,0.0,-8.752608023168646e-05,0.0,0.0,1.0
1779268321.1052732,-4928.5217298847365,-7704.898625168494,-2.1401095685823357,123499.95867022514,-6.944131831886782e-05,0.0,0.0,0.0,-8.711598211085775e-05,0.0,0.0,1.0
1779268321.1162064,-4922.609672417954,-7695.661036406128,-2.140109568582348,123830.4808782299,6.944131832062344e-05,0.0,0.0,0.0,-8.681973182075318e-05,0.0,0.0,1.0
1779268321.1265237,-4955.458039630937,-7746.986604445055,-2.140109568582358,124285.68882113909,-6.944131832255004e-05,0.0,0.0,0.0,-8.692397126716551e-05,0.0,0.0,1.0
1779268321.137038,-4971.608703956097,-7772.22201463454,-2.1401095685823663,124686.26472071526,6.944131832438641e-05,0.0,0.0,0.0,-8.634794661595558e-05,0.0,0.0,1.0
1779268321.147204,-4989.4760684170005,-7800.13976848686,-2.140109568582373,125082.32212656077,-6.944131832623197e-05,0.0,0.0,0.0,-8.606752115734849e-05,0.0,0.0,1.0
1779268321.1577225,-5004.616879193624,-7823.797282683185,-2.1401095685823788,125481.5070949325,6.944131832797908e-05,0.0,0.0,0.0,-8.57594030185399e-05,0.0,0.0,1.0
1779268321.1682363,-5020.584867819509,-7848.7472621248135,-2.1401095685823837,125884.7350715165,-6.944131832982452e-05,0.0,0.0,0.0,-8.550002518749962e-05,0.0,0.0,1.0
1779268321.1784918,-5028.639443021536,-7861.3325344721625,-2.140109568582387,126250.53821051825,6.94413183315535e-05,0.0,0.0,0.0,-8.522817142354157e-05,0.0,0.0,1.0
1779268321.1885142,-5059.805510114436,-7910.0295088676785,-2.14010956858239,126695.638959961,-6.944131833337178e-05,0.0,0.0,0.0,-8.509169778900787e-05,0.0,0.0,1.0
1779268321.1991396,-5068.233344189702,-7923.197998139501,-2.140109568582392,127077.56520376485,6.94413183350017e-05,0.0,0.0,0.0,-8.45677240426141e-05,0.0,0.0,1.0
1779268321.209685,-5083.454711484366,-7946.981381881694,-2.1401095685823934,127483.59429896575,-6.944131833673782e-05,0.0,0.0,0.0,-8.442713922067661e-05,0.0,0.0,1.0
1779268321.2198923,-5098.9503344199,-7971.193290014993,-2.1401095685823943,127879.86444349462,6.944131833850229e-05,0.0,0.0,0.0,-8.417441227963621e-05,0.0,0.0,1.0
1779268321.2305663,-5103.971147512526,-7979.038309595951,-2.1401095685823948,128254.66852652012,-6.944131834016578e-05,0.0,0.0,0.0,-8.391868121491653e-05,0.0,0.0,1.0
1779268321.2408895,-5129.527436227457,-8018.970006254749,-2.1401095685823943,128694.7080257037,6.944131834188752e-05,0.0,0.0,0.0,-8.383615350276829e-05,0.0,0.0,1.0
1779268321.2509773,-5149.955020327114,-8050.888102846858,-2.140109568582394,129108.25924395313,-6.944131834351217e-05,0.0,0.0,0.0,-8.34185850893255e-05,0.0,0.0,1.0
1779268321.261605,-5159.69036704491,-8066.0995803949245,-2.1401095685823925,129502.29561333978,6.94413183451131e-05,0.0,0.0,0.0,-8.308779480107382e-05,0.0,0.0,1.0
1779268321.2721152,-5178.496717404718,-8095.484499551387,-2.140109568582391,129927.12335425324,-6.94413183468249e-05,0.0,0.0,0.0,-8.293106859358068e-05,0.0,0.0,1.0
1779268321.2821946,-5196.349399847121,-8123.379312753303,-2.14010956858239,130333.97250980919,6.944131834850034e-05,0.0,0.0,0.0,-8.26299794341458e-05,0.0,0.0,1.0
1779268321.2923455,-5211.713648001583,-8147.385947814407,-2.140109568582388,130735.36589250398,-6.944131835019278e-05,0.0,0.0,0.0,-8.2346174304428e-05,0.0,0.0,1.0
1779268321.3028488,-5230.242993473485,-8176.3380468819305,-2.140109568582386,131162.01870425232,6.944131835184139e-05,0.0,0.0,0.0,-8.210348422829709e-05,0.0,0.0,1.0
1779268321.3134627,-5233.131106627081,-8180.85072318049,-2.1401095685823837,131535.65577876163,-6.944131835344037e-05,0.0,0.0,0.0,-8.181269517501636e-05,0.0,0.0,1.0
1779268321.323681,-5260.635925232348,-8223.826997453325,-2.140109568582381,131988.08097202683,6.9441318354879e-05,0.0,0.0,0.0,-8.176755620358397e-05,0.0,0.0,1.0
1779268321.333781,-5284.279664180423,-8260.77033543532,-2.1401095685823783,132422.74434394724,-6.944131835670211e-05,0.0,0.0,0.0,-8.13401601489016e-05,0.0,0.0,1.0
1779268321.3441236,-5301.491497089239,-8287.66382135293,-2.1401095685823757,132843.16870729454,6.944131835813493e-05,0.0,0.0,0.0,-8.097631643281325e-05,0.0,0.0,1.0
1779268321.3543906,-5310.924776765154,-8302.403319204575,-2.1401095685823477,133233.10361793116,-6.944131835984867e-05,0.0,0.0,0.0,-8.071349126177174e-05,0.0,0.0,1.0
1779268321.3646476,-5320.13388206346,-8316.792544629945,-2.1401095685823233,133623.00078375355,6.94413183614691e-05,0.0,0.0,0.0,-8.057016740149537e-05,0.0,0.0,1.0
1779268321.374965,-5343.833428070576,-8353.823081134902,-2.140109568582301,134070.32868462335,-6.944131836312043e-05,0.0,0.0,0.0,-8.04307396651853e-05,0.0,0.0,1.0
1779268321.3852873,-5367.168724644147,-8390.284477963192,-2.140109568582282,134517.30473790457,6.944131836441945e-05,0.0,0.0,0.0,-8.007413262370086e-05,0.0,0.0,1.0
1779268321.396317,-5321.797964533804,-8319.392673207401,-2.1401095685822638,134735.67111309915,-6.944131836626216e-05,0.0,0.0,0.0,-7.972608266812862e-05,0.0,0.0,1.0
1779268321.405487,-5413.99170519815,-8463.445376915566,-2.1401095685822504,135399.86151681797,6.944131836770685e-05,0.0,0.0,0.0,-8.040559677649367e-05,0.0,0.0,1.0
1779268321.415818,-5421.959901452068,-8475.895682174232,-2.140109568582237,135793.06220232567,-6.944131836947694e-05,0.0,0.0,0.0,-7.903675739983882e-05,0.0,0.0,1.0
1779268321.4260118,-5438.22004322924,-8501.302150866371,-2.140109568582226,136211.87674765853,6.944131837087936e-05,0.0,0.0,0.0,-7.892063521525818e-05,0.0,0.0,1.0
1779268321.4364393,-5457.275531899155,-8531.076348590694,-2.140109568582216,136652.6167304977,-6.944131837263902e-05,0.0,0.0,0.0,-7.868472815289148e-05,0.0,0.0,1.0
1779268321.446987,-5473.536625319313,-8556.484304224561,-2.140109568582207,137088.25902500591,6.944131837407508e-05,0.0,0.0,0.0,-7.84100539314512e-05,0.0,0.0,1.0
1779268321.4574862,-5490.746076282421,-8583.37406835371,-2.1401095685821994,137527.15493098897,-6.944131837564485e-05,0.0,0.0,0.0,-7.817717132351873e-05,0.0,0.0,1.0
1779268321.468058,-5501.909618755204,-8600.817101521214,-2.1401095685821927,137947.45060363805,6.944131837705217e-05,0.0,0.0,0.0,-7.793220884377544e-05,0.0,0.0,1.0
1779268321.4782429,-5521.5033315143655,-8631.432274290526,-2.1401095685821874,138384.87426218175,-6.944131837863158e-05,0.0,0.0,0.0,-7.777412418086849e-05,0.0,0.0,1.0
1779268321.488762,-5538.832443648596,-8658.509008978343,-2.1401095685821825,138829.6798423402,6.944131838006122e-05,0.0,0.0,0.0,-7.749820673958508e-05,0.0,0.0,1.0
1779268321.499447,-5543.330774912654,-8665.537650794544,-2.140109568582179,139233.2993839124,-6.944131838156731e-05,0.0,0.0,0.0,-7.725580556349982e-05,0.0,0.0,1.0
1779268321.509617,-5572.8988062525705,-8711.737694606165,-2.140109568582176,139711.83557040995,6.944131838301306e-05,0.0,0.0,0.0,-7.719313021795048e-05,0.0,0.0,1.0
1779268321.5197768,-5590.761604910996,-8739.648314394666,-2.140109568582173,140147.52661204443,-6.944131838446566e-05,0.0,0.0,0.0,-7.678367574959082e-05,0.0,0.0,1.0
1779268321.5302918,-5606.985647040596,-8764.998377392687,-2.140109568582171,140591.9141695424,6.944131838586166e-05,0.0,0.0,0.0,-7.653841192637579e-05,0.0,0.0,1.0
1779268321.5407226,-5622.8846809952465,-8789.840615173976,-2.1401095685821696,141032.40059603812,-6.944131838728956e-05,0.0,0.0,0.0,-7.631700282836044e-05,0.0,0.0,1.0
1779268321.5513716,-5634.409721564073,-8807.848489071432,-2.140109568582046,141467.5244718414,6.944131838864963e-05,0.0,0.0,0.0,-7.610126833730212e-05,0.0,0.0,1.0
1779268321.5616133,-5656.000613572188,-8841.584254084222,-2.140109568581944,141925.21971521332,-6.944131839004183e-05,0.0,0.0,0.0,-7.594564614884925e-05,0.0,0.0,1.0
1779268321.5719585,-5671.84031423399,-8866.333783620034,-2.140109568581855,142366.63346247724,6.944131839140076e-05,0.0,0.0,0.0,-7.565581117676501e-05,0.0,0.0,1.0
1779268321.5821695,-5697.356449533211,-8906.202740587189,-2.14010956858178,142839.94210589066,-6.944131839278764e-05,0.0,0.0,0.0,-7.544458283243422e-05,0.0,0.0,1.0
1779268321.5924768,-5716.740720731349,-8936.490660964737,-2.1401095685817157,143295.3177932317,6.944131839416208e-05,0.0,0.0,0.0,-7.510678461508179e-05,0.0,0.0,1.0
1779268321.6027284,-5730.578294146378,-8958.111867022326,-2.1401095685816625,143726.87569084286,-6.944131839557778e-05,0.0,0.0,0.0,-7.48521788519008e-05,0.0,0.0,1.0
1779268321.6133087,-5748.621038572904,-8986.303652051109,-2.140109568581616,144190.3768835387,6.944131839690929e-05,0.0,0.0,0.0,-7.467148051706695e-05,0.0,0.0,1.0
1779268321.623795,-5761.201630130386,-9005.960824173639,-2.1401095685815785,144631.32109464853,-6.944131839828544e-05,0.0,0.0,0.0,-7.443717504517942e-05,0.0,0.0,1.0
1779268321.6341143,-5783.21174287676,-9040.351621507945,-2.140109568581549,145101.80872997377,6.944131839963773e-05,0.0,0.0,0.0,-7.427467004339256e-05,0.0,0.0,1.0
1779268321.6444066,-5803.74204560016,-9072.43021593865,-2.140109568581526,145567.04833317784,-6.94413184008465e-05,0.0,0.0,0.0,-7.399206267201099e-05,0.0,0.0,1.0
1779268321.6547375,-5814.990294668738,-9090.005603152063,-2.140109568581509,146000.3148011994,6.944131840228447e-05,0.0,0.0,0.0,-7.373038759094157e-05,0.0,0.0,1.0
1779268321.6651382,-5838.1041694273235,-9126.121028435758,-2.140109568581497,146481.8264489074,-6.944131840357105e-05,0.0,0.0,0.0,-7.358780304723197e-05,0.0,0.0,1.0
1779268321.6752408,-5863.500357721088,-9165.802568219335,-2.1401095685814897,146961.1901238373,6.944131840482592e-05,0.0,0.0,0.0,-7.329653190440368e-05,0.0,0.0,1.0
1779268321.685341,-5885.157648586366,-9199.64208142257,-2.140109568581486,147427.64616130202,-6.944131840617944e-05,0.0,0.0,0.0,-7.29791470262997e-05,0.0,0.0,1.0
1779268321.6956,-5896.939649097392,-9218.051455169438,-2.140109568581486,147864.8378089596,6.944131840741681e-05,0.0,0.0,0.0,-7.27106518896465e-05,0.0,0.0,1.0
1779268321.7058663,-5921.25993962074,-9256.05190487307,-2.1401095685814897,148350.36240210515,-6.944131840872354e-05,0.0,0.0,0.0,-7.256541327502024e-05,0.0,0.0,1.0
1779268321.7164242,-5933.844514159963,-9275.715300398273,-2.140109568581496,148805.1071448978,6.944131841003743e-05,0.0,0.0,0.0,-7.226744047361463e-05,0.0,0.0,1.0
1779268321.7269108,-5955.632169780893,-9309.75850850796,-2.140109568581505,149292.71081106598,-6.944131841120856e-05,0.0,0.0,0.0,-7.211421270003508e-05,0.0,0.0,1.0
1779268321.7370436,-5972.3199813750925,-9335.833211215066,-2.140109568581516,149748.1902943485,6.944131841259203e-05,0.0,0.0,0.0,-7.18504602807382e-05,0.0,0.0,1.0
1779268321.7472398,-5995.304325345851,-9371.746244683296,-2.140109568581397,150230.7842308574,-6.944131841379815e-05,0.0,0.0,0.0,-7.164974561489606e-05,0.0,0.0,1.0
1779268321.7575567,-6013.622517468925,-9400.368416701245,-2.140109568581295,150702.52593912062,6.944131841508877e-05,0.0,0.0,0.0,-7.137512799961767e-05,0.0,0.0,1.0
1779268321.7677665,-6032.911255886946,-9430.507067133276,-2.140109568581212,151174.37618858024,-6.944131841633902e-05,0.0,0.0,0.0,-7.11577646118929e-05,0.0,0.0,1.0
1779268321.7783597,-6046.294516801064,-9451.418409994178,-2.140109568581142,151641.42602277992,6.944131841759633e-05,0.0,0.0,0.0,-7.09303110552504e-05,0.0,0.0,1.0
1779268321.788591,-6074.115348315852,-9494.888454397846,-2.1401095685810887,152148.6632676766,-6.94413184188807e-05,0.0,0.0,0.0,-7.077334780521858e-05,0.0,0.0,1.0
1779268321.7988613,-6088.566232965142,-9517.467959154723,-2.1401095685810465,152608.87111124073,6.944131842012347e-05,0.0,0.0,0.0,-7.044926837541505e-05,0.0,0.0,1.0
1779268321.80915,-6112.588764504053,-9555.00316050562,-2.140109568581016,153106.84686589465,-6.944131842139559e-05,0.0,0.0,0.0,-7.02821014256213e-05,0.0,0.0,1.0
1779268321.819312,-6126.21297223447,-9576.290982718076,-2.140109568580995,153562.1454203789,6.944131842262816e-05,0.0,0.0,0.0,-7.000595865761436e-05,0.0,0.0,1.0
1779268321.8299563,-6132.561583931095,-9586.210687396082,-2.1401095685809812,154012.07738659275,-6.944131842385478e-05,0.0,0.0,0.0,-6.985030853175664e-05,0.0,0.0,1.0
1779268321.840215,-6161.8339857599685,-9631.94881015571,-2.1401095685809772,154532.44463725967,6.944131842508357e-05,0.0,0.0,0.0,-6.977801493676414e-05,0.0,0.0,1.0
1779268321.8507113,-6182.784708286421,-9664.684310456061,-2.14010956858098,155033.0694001136,-6.944131842632308e-05,0.0,0.0,0.0,-6.944660666638037e-05,0.0,0.0,1.0
1779268321.8610032,-6208.112856465753,-9704.259537574475,-2.140109568580989,155542.61797133274,6.94413184275093e-05,0.0,0.0,0.0,-6.921133883686626e-05,0.0,0.0,1.0
1779268321.8716254,-6219.237312620226,-9721.641498380988,-2.1401095685810034,156014.6775109606,-6.944131842870075e-05,0.0,0.0,0.0,-6.892903405204194e-05,0.0,0.0,1.0
1779268321.8821537,-6240.122383292355,-9754.274417668028,-2.140109568581023,156520.58698981465,6.944131842989189e-05,0.0,0.0,0.0,-6.880576873608172e-05,0.0,0.0,1.0
1779268321.892217,-6262.664258768189,-9789.49609417103,-2.140109568581046,157014.03010335003,-6.944131843106576e-05,0.0,0.0,0.0,-6.857553690191537e-05,0.0,0.0,1.0
1779268321.902368,-6283.482927090772,-9822.02525979716,-2.1401095685810727,157506.04380892502,6.944131843219515e-05,0.0,0.0,0.0,-6.832876356443168e-05,0.0,0.0,1.0
1779268321.9126546,-6299.590183116871,-9847.192844531393,-2.140109568581103,157987.30003922165,-6.94413184333804e-05,0.0,0.0,0.0,-6.810242710888987e-05,0.0,0.0,1.0
1779268321.923144,-6323.814894901538,-9885.04395247207,-2.1401095685811375,158508.99901555263,6.944131843452502e-05,0.0,0.0,0.0,-6.79283384347e-05,0.0,0.0,1.0
1779268321.933668,-6337.948729017612,-9907.12806581531,-2.140109568581174,158996.11373872298,-6.944131843564978e-05,0.0,0.0,0.0,-6.766818497425244e-05,0.0,0.0,1.0
1779268321.9442787,-6347.22298205666,-9921.619084572993,-2.140109568581213,159470.59152692073,6.94413184367589e-05,0.0,0.0,0.0,-6.751731768546802e-05,0.0,0.0,1.0
1779268321.9546797,-6381.553987343049,-9975.261274300796,-2.1401095685815186,160030.66998381558,-6.944131843778883e-05,0.0,0.0,0.0,-6.741868753072919e-05,0.0,0.0,1.0
1779268321.9653783,-6390.148601481729,-9988.690357352894,-2.1401095685817966,160509.33951789647,6.94413184388895e-05,0.0,0.0,0.0,-6.705607588106889e-05,0.0,0.0,1.0
1779268321.9756346,-6420.282863442702,-10035.775136375909,-2.140109568582034,161050.2531445974,-6.944131844000993e-05,0.0,0.0,0.0,-6.696590666908625e-05,0.0,0.0,1.0
1779268321.9862795,-6429.693771126731,-10050.47967795836,-2.1401095685822527,161532.46974647124,6.944131844110072e-05,0.0,0.0,0.0,-6.665166626146758e-05,0.0,0.0,1.0
1779268321.996606,-6447.231637560949,-10077.882591174657,-2.14010956858244,162032.2138966122,-6.944131844221344e-05,0.0,0.0,0.0,-6.655413217898969e-05,0.0,0.0,1.0
1779268322.00702,-6470.7199773013335,-10114.583117896518,-2.140109568582609,162559.56838093352,6.944131844326758e-05,0.0,0.0,0.0,-6.637313107131405e-05,0.0,0.0,1.0
1779268322.0171664,-6502.105377350299,-10163.62279997622,-2.1401095685827545,163105.64876957564,-6.94413184443753e-05,0.0,0.0,0.0,-6.613225446787284e-05,0.0,0.0,1.0
1779268322.0272026,-6527.689154838899,-10203.597447819802,-2.1401095685828824,163626.35060493008,6.944131844540346e-05,0.0,0.0,0.0,-6.581310823799245e-05,0.0,0.0,1.0
1779268322.0378742,-6538.32404246032,-10220.214457854445,-2.1401095685830027,164119.4479759058,-6.944131844654802e-05,0.0,0.0,0.0,-6.555522638635564e-05,0.0,0.0,1.0
1779268322.048383,-6561.6811354087395,-10256.709911495494,-2.1401095685831075,164655.966050609,6.944131844762214e-05,0.0,0.0,0.0,-6.544862126378323e-05,0.0,0.0,1.0
1779268322.0586913,-6580.568941120031,-10286.22210461016,-2.140109568583198,165168.2408304188,-6.944131844868355e-05,0.0,0.0,0.0,-6.521570071878282e-05,0.0,0.0,1.0
1779268322.068833,-6606.210683450084,-10326.287322515213,-2.1401095685832763,165699.54872303637,6.944131844980636e-05,0.0,0.0,0.0,-6.50285574559543e-05,0.0,0.0,1.0
1779268322.079149,-6623.631381082051,-10353.507159514673,-2.140109568583347,166209.10976125748,-6.944131845083673e-05,0.0,0.0,0.0,-6.477620745025441e-05,0.0,0.0,1.0
1779268322.089311,-6649.43514475791,-10393.825535746757,-2.1401095685834077,166744.59447504178,6.944131845184031e-05,0.0,0.0,0.0,-6.460587812919143e-05,0.0,0.0,1.0
1779268322.099699,-6668.7789998594335,-10424.050305959148,-2.1401095685834624,167267.40309746872,-6.944131845287017e-05,0.0,0.0,0.0,-6.435522394631539e-05,0.0,0.0,1.0
1779268322.1105282,-6695.035488963452,-10465.076065595247,-2.1401095685835116,167837.71402427097,6.944131845393952e-05,0.0,0.0,0.0,-6.4168592208327e-05,0.0,0.0,1.0
1779268322.121348,-6709.6368037781285,-10487.890617438325,-2.1401095685835543,168365.99881342467,-6.944131845495915e-05,0.0,0.0,0.0,-6.391699170993557e-05,0.0,0.0,1.0
1779268322.1319532,-6728.294173508657,-10517.042754380895,-2.1401095685835902,168901.1875215615,6.944131845600576e-05,0.0,0.0,0.0,-6.377792764956427e-05,0.0,0.0,1.0
1779268322.1420286,-6752.879521644395,-10555.457356548588,-2.1401095685836196,169435.35469977756,-6.944131845692998e-05,0.0,0.0,0.0,-6.360111164564949e-05,0.0,0.0,1.0
1779268322.1526423,-6765.974343324613,-10575.918013067636,-2.140109568584011,169953.0615028355,6.944131845790747e-05,0.0,0.0,0.0,-6.336960791068275e-05,0.0,0.0,1.0
1779268322.163167,-6764.023423027868,-10572.869700380747,-2.140109568584345,170411.1745872242,-6.944131845894083e-05,0.0,0.0,0.0,-6.324698779824087e-05,0.0,0.0,1.0
1779268322.1731563,-6821.0000064925725,-10661.895602051252,-2.1401095685846174,171067.52545159974,6.944131845992903e-05,0.0,0.0,0.0,-6.326522452710208e-05,0.0,0.0,1.0
1779268322.1833549,-6835.981998435258,-10685.304961798884,-2.1401095685848572,171576.9130192579,-6.944131846091937e-05,0.0,0.0,0.0,-6.273687537371803e-05,0.0,0.0,1.0
1779268322.1933181,-6870.109320334857,-10738.628896270644,-2.140109568585056,172148.09593663536,6.944131846188969e-05,0.0,0.0,0.0,-6.259940731851014e-05,0.0,0.0,1.0
1779268322.203731,-6888.303678855411,-10767.057578244752,-2.140109568585233,172682.44124733674,-6.944131846292029e-05,0.0,0.0,0.0,-6.228850969143387e-05,0.0,0.0,1.0
1779268322.2139213,-6910.0967246045275,-10801.109208390899,-2.1401095685853773,173221.13039429756,6.944131846385381e-05,0.0,0.0,0.0,-6.212401863225289e-05,0.0,0.0,1.0
1779268322.2244167,-6924.743173649583,-10823.994282436475,-2.1401095685855,173749.11367508766,-6.94413184648587e-05,0.0,0.0,0.0,-6.192813285294247e-05,0.0,0.0,1.0
1779268322.234516,-6948.732826818253,-10861.478111300039,-2.140109568585594,174294.31328273562,6.944131846581528e-05,0.0,0.0,0.0,-6.179717634752647e-05,0.0,0.0,1.0
1779268322.2446163,-6973.291297787506,-10899.850717880752,-2.140109568585669,174843.47379081303,-6.944131846672513e-05,0.0,0.0,0.0,-6.158387352759589e-05,0.0,0.0,1.0
1779268322.2548347,-6994.571874015699,-10933.101614502824,-2.1401095685857268,175387.26382665703,6.944131846770157e-05,0.0,0.0,0.0,-6.136703307594127e-05,0.0,0.0,1.0
1779268322.2649667,-7027.3048201129195,-10984.246837050085,-2.140109568585767,175971.02095165369,-6.944131846858747e-05,0.0,0.0,0.0,-6.118036609800501e-05,0.0,0.0,1.0
1779268322.2753694,-7049.659344393854,-11019.175777321609,-2.1401095685857947,176530.41757182704,6.944131846959244e-05,0.0,0.0,0.0,-6.089544905181501e-05,0.0,0.0,1.0
1779268322.2855916,-7067.063377950389,-11046.36957670221,-2.1401095685858094,177064.06983213933,-6.94413184705054e-05,0.0,0.0,0.0,-6.070238886276897e-05,0.0,0.0,1.0
1779268322.296064,-7058.741750161765,-11033.367034720191,-2.1401095685858142,177516.0177838866,6.944131847143385e-05,0.0,0.0,0.0,-6.05529279453167e-05,0.0,0.0,1.0
1779268322.3059368,-7121.73203347433,-11131.789341396132,-2.1401095685858036,178205.88388151117,-6.944131847233822e-05,0.0,0.0,0.0,-6.062429929425296e-05,0.0,0.0,1.0
1779268322.3160453,-7142.6489020933295,-11164.47194495402,-2.1401095685857876,178751.63395208793,6.944131847320125e-05,0.0,0.0,0.0,-6.008819970814312e-05,0.0,0.0,1.0
1779268322.3263085,-7166.824009646186,-11202.245546278824,-2.1401095685857627,179318.45137827934,-6.944131847414417e-05,0.0,0.0,0.0,-5.9912270465667696e-05,0.0,0.0,1.0
1779268322.336831,-7180.841720073792,-11224.148216368329,-2.1401095685857303,179861.6434190722,6.944131847497781e-05,0.0,0.0,0.0,-5.9710215700325076e-05,0.0,0.0,1.0
1779268322.3472815,-7192.033229740295,-11241.6349482628,-2.140109568585692,180392.29503768403,-6.944131847592687e-05,0.0,0.0,0.0,-5.9593679062340616e-05,0.0,0.0,1.0
1779268322.3574436,-7230.331029937244,-11301.475254445711,-2.140109568585328,181011.79530302447,6.944131847678612e-05,0.0,0.0,0.0,-5.950096416337174e-05,0.0,0.0,1.0
1779268322.3675637,-7251.927975983235,-11335.220478925336,-2.140109568585004,181568.29547602925,-6.944131847761186e-05,0.0,0.0,0.0,-5.918586296154788e-05,0.0,0.0,1.0
1779268322.3780386,-7277.18040738351,-11374.677398629972,-2.1401095685847014,182157.47728763643,6.944131847848981e-05,0.0,0.0,0.0,-5.900963833037928e-05,0.0,0.0,1.0
1779268322.3882325,-7293.086337179345,-11399.530411202159,-2.1401095685844385,182699.39740847587,-6.944131847935183e-05,0.0,0.0,0.0,-5.880491206350455e-05,0.0,0.0,1.0
1779268322.3986437,-7308.829437565386,-11424.129002846654,-2.1401095685841973,183253.14577996684,6.944131848022586e-05,0.0,0.0,0.0,-5.8676687478349204e-05,0.0,0.0,1.0
1779268322.409083,-7328.909572445417,-11455.504210127714,-2.14010956858398,183826.02143126813,-6.94413184810947e-05,0.0,0.0,0.0,-5.8550324925221345e-05,0.0,0.0,1.0
1779268322.4198785,-7329.656661607375,-11456.671536844286,-2.1401095685837794,184346.09823916043,6.944131848194871e-05,0.0,0.0,0.0,-5.838993838803743e-05,0.0,0.0,1.0
1779268322.430186,-7372.413184671175,-11523.478596699857,-2.1401095685836067,185000.2970420537,-6.944131848277053e-05,0.0,0.0,0.0,-5.838398867907748e-05,0.0,0.0,1.0
1779268322.441379,-7336.213974515697,-11466.917337172485,-2.140109568583441,185405.04336761715,6.94413184836238e-05,0.0,0.0,0.0,-5.804545690483029e-05,0.0,0.0,1.0
1779268322.4509194,-7429.590708211894,-11612.818467304185,-2.140109568583312,186211.65152640615,-6.94413184844914e-05,0.0,0.0,0.0,-5.833181488898863e-05,0.0,0.0,1.0
1779268322.4611628,-7464.210663300589,-11666.912141110597,-2.140109568583187,186836.82469801774,6.944131848529865e-05,0.0,0.0,0.0,-5.759883283755914e-05,0.0,0.0,1.0
1779268322.4717245,-7483.848680895837,-11697.596540195504,-2.1401095685830716,187423.72756829244,-6.94413184861416e-05,0.0,0.0,0.0,-5.733173499267143e-05,0.0,0.0,1.0
1779268322.4818482,-7504.035315236482,-11729.138152846883,-2.1401095685829725,187991.94623110833,6.944131848691649e-05,0.0,0.0,0.0,-5.718132327767074e-05,0.0,0.0,1.0
1779268322.4918346,-7537.8905353719965,-11782.03692841675,-2.140109568582884,188605.5032414185,-6.944131848772216e-05,0.0,0.0,0.0,-5.702752992432167e-05,0.0,0.0,1.0
1779268322.5019593,-7556.514634116764,-11811.137079469276,-2.140109568582803,189170.99766350564,6.944131848853855e-05,0.0,0.0,0.0,-5.6771450043216224e-05,0.0,0.0,1.0
1779268322.5127552,-7565.548055166101,-11825.25179829514,-2.140109568582725,189736.02632882318,-6.944131848931844e-05,0.0,0.0,0.0,-5.66315561599722e-05,0.0,0.0,1.0
1779268322.5227916,-7605.948126520962,-11888.376902749944,-2.14010956858266,190381.4857314555,6.944131849011189e-05,0.0,0.0,0.0,-5.656395023724228e-05,0.0,0.0,1.0
1779268322.5330036,-7624.120325980459,-11916.770961244738,-2.1401095685825995,190954.3594552859,-6.944131849089773e-05,0.0,0.0,0.0,-5.626356090218886e-05,0.0,0.0,1.0
1779268322.5435646,-7646.071018558985,-11951.068914578284,-2.1401095685825435,191560.58821399053,6.944131849169566e-05,0.0,0.0,0.0,-5.612948186172304e-05,0.0,0.0,1.0
1779268322.553706,-7668.04605289491,-11985.404901932408,-2.140109568582349,192147.59300216223,-6.944131849246932e-05,0.0,0.0,0.0,-5.596837381867907e-05,0.0,0.0,1.0
1779268322.5639963,-7692.856863472828,-12024.171789166647,-2.140109568582176,192754.28904774968,6.944131849327021e-05,0.0,0.0,0.0,-5.5808011414312304e-05,0.0,0.0,1.0
1779268322.574244,-7718.5044569458005,-12064.246149524784,-2.140109568582025,193363.59234374072,-6.944131849396334e-05,0.0,0.0,0.0,-5.5628055757620035e-05,0.0,0.0,1.0
1779268322.5846844,-7738.125547726273,-12094.90410047446,-2.1401095685818903,193962.20336586284,6.944131849477542e-05,0.0,0.0,0.0,-5.544324660411735e-05,0.0,0.0,1.0
1779268322.595167,-7751.2126339074875,-12115.352670374683,-2.1401095685817735,194540.4027959947,-6.944131849553664e-05,0.0,0.0,0.0,-5.5302689726744435e-05,0.0,0.0,1.0
1779268322.6055586,-7789.763629100841,-12175.588593661812,-2.1401095685816736,195210.67865055276,6.944131849635422e-05,0.0,0.0,0.0,-5.520933523937234e-05,0.0,0.0,1.0
1779268322.6158602,-7811.4773180499415,-12209.516228876728,-2.1401095685815883,195814.75031178613,-6.944131849706496e-05,0.0,0.0,0.0,-5.493615994978869e-05,0.0,0.0,1.0
1779268322.626053,-7828.170487036448,-12235.599302523571,-2.1401095685815164,196396.00416544784,6.944131849781639e-05,0.0,0.0,0.0,-5.4783482059237424e-05,0.0,0.0,1.0
1779268322.6366487,-7852.49648687618,-12273.608673045892,-2.140109568581453,197026.46433856525,-6.944131849856287e-05,0.0,0.0,0.0,-5.466668132639062e-05,0.0,0.0,1.0
1779268322.6468363,-7888.603090815242,-12330.025235416335,-2.1401095685814018,197685.32578703688,6.944131849933281e-05,0.0,0.0,0.0,-5.4497363075407484e-05,0.0,0.0,1.0
1779268322.6570916,-7915.353640141564,-12371.822964084911,-2.140109568581359,198312.3378783102,-6.94413184998668e-05,0.0,0.0,0.0,-5.4247972041342977e-05,0.0,0.0,1.0
1779268322.6677833,-7938.708393612232,-12408.31476232049,-2.1401095685813227,198952.11086504578,6.94413185008157e-05,0.0,0.0,0.0,-5.406467102616456e-05,0.0,0.0,1.0
1779268322.6788101,-7949.499808910892,-12425.176346852737,-2.1401095685812925,199565.12044916506,-6.944131850146213e-05,0.0,0.0,0.0,-5.3905648672733054e-05,0.0,0.0,1.0
1779268322.6892433,-7979.155787090928,-12471.513807594858,-2.140109568581271,200218.40421591228,6.944131850229389e-05,0.0,0.0,0.0,-5.38324856640359e-05,0.0,0.0,1.0
1779268322.6994333,-8008.027633622306,-12516.626062771555,-2.1401095685812557,200856.93793537957,-6.944131850297657e-05,0.0,0.0,0.0,-5.363244441531903e-05,0.0,0.0,1.0
1779268322.7097251,-8039.901191954356,-12566.428492112427,-2.1401095685812455,201513.6285764308,6.944131850377335e-05,0.0,0.0,0.0,-5.343911553864169e-05,0.0,0.0,1.0
1779268322.720305,-8060.6718217838825,-12598.88259760418,-2.140109568581239,202146.58943856758,-6.944131850444084e-05,0.0,0.0,0.0,-5.3227299123770746e-05,0.0,0.0,1.0
1779268322.7309928,-8074.70227169353,-12620.80517314613,-2.140109568581236,202762.24783603364,6.944131850520528e-05,0.0,0.0,0.0,-5.3090168814561635e-05,0.0,0.0,1.0
1779268322.7414112,-8110.059722626427,-12676.051184066046,-2.1401095685812375,203444.70049392266,-6.944131850587048e-05,0.0,0.0,0.0,-5.299793720497213e-05,0.0,0.0,1.0
1779268322.751573,-8130.681536245891,-12708.27276434368,-2.14010956858083,204059.19888842877,6.944131850661469e-05,0.0,0.0,0.0,-5.276692381484064e-05,0.0,0.0,1.0
1779268322.7617993,-8165.679093588364,-12762.956441671704,-2.1401095685804767,204732.64674850175,-6.94413185072688e-05,0.0,0.0,0.0,-5.263311714381192e-05,0.0,0.0,1.0
1779268322.7719178,-8189.731140950084,-12800.537761554235,-2.140109568580178,205360.8319487992,6.94413185079638e-05,0.0,0.0,0.0,-5.240757716470031e-05,0.0,0.0,1.0
1779268322.7823098,-8211.503277939686,-12834.556721871957,-2.1401095685799163,205997.75346164525,-6.944131850864742e-05,0.0,0.0,0.0,-5.225369267818067e-05,0.0,0.0,1.0
1779268322.7923176,-8249.952820013812,-12894.634124715461,-2.1401095685797067,206676.36999857708,6.944131850934185e-05,0.0,0.0,0.0,-5.21151722460635e-05,0.0,0.0,1.0
1779268322.8026192,-8271.677464798593,-12928.578878456961,-2.1401095685795255,207311.03643174787,-6.944131851002487e-05,0.0,0.0,0.0,-5.187232972163296e-05,0.0,0.0,1.0
1779268322.812946,-8290.015883174865,-12957.232654019977,-2.140109568579377,207936.45328513687,6.94413185106817e-05,0.0,0.0,0.0,-5.173611795200227e-05,0.0,0.0,1.0
1779268322.8231993,-8329.918051206048,-13019.57978465189,-2.1401095685792613,208639.89828664725,-6.94413185113482e-05,0.0,0.0,0.0,-5.162169317171054e-05,0.0,0.0,1.0
1779268322.8333921,-8354.187953796021,-13057.501503253494,-2.1401095685791707,209282.30469819508,6.944131851200914e-05,0.0,0.0,0.0,-5.137445806393254e-05,0.0,0.0,1.0
1779268322.84374,-8379.202398997266,-13096.586569551708,-2.1401095685791023,209939.21716797628,-6.94413185126374e-05,0.0,0.0,0.0,-5.122523610697012e-05,0.0,0.0,1.0
1779268322.8541417,-8404.81815201634,-13136.611179206611,-2.140109568579055,210602.849826438,6.94413185133382e-05,0.0,0.0,0.0,-5.1072340747133046e-05,0.0,0.0,1.0
1779268322.8642995,-8425.10652991124,-13168.311766155037,-2.140109568579027,211234.69151606792,-6.944131851397385e-05,0.0,0.0,0.0,-5.0916712953765854e-05,0.0,0.0,1.0
1779268322.874454,-8457.459650258435,-13218.86351107776,-2.1401095685790157,211912.92478859326,6.944131851463635e-05,0.0,0.0,0.0,-5.079412300075526e-05,0.0,0.0,1.0
1779268322.8848472,-8486.893507545312,-13264.853907975661,-2.1401095685790197,212595.73161409242,-6.94413185152773e-05,0.0,0.0,0.0,-5.059984958398194e-05,0.0,0.0,1.0
1779268322.894909,-8519.270840004285,-13315.44348431339,-2.140109568579036,213272.04300313254,6.944131851589236e-05,0.0,0.0,0.0,-5.042439223204517e-05,0.0,0.0,1.0
1779268322.905272,-8531.337161861984,-13334.297110127634,-2.140109568579063,213892.3169689889,-6.944131851653776e-05,0.0,0.0,0.0,-5.0232788602104445e-05,0.0,0.0,1.0
1779268322.9156325,-8561.746733627155,-13381.812060720746,-2.1401095685791023,214582.41437639145,6.944131851716772e-05,0.0,0.0,0.0,-5.016175425728622e-05,0.0,0.0,1.0
1779268322.9259107,-8596.1434561811,-13435.556933723909,-2.140109568579151,215284.3863887556,-6.944131851778145e-05,0.0,0.0,0.0,-4.9983620787937087e-05,0.0,0.0,1.0
1779268322.9362574,-8618.629896095359,-13470.691992178414,-2.140109568579207,215947.86772184548,6.944131851841581e-05,0.0,0.0,0.0,-4.9783650046980336e-05,0.0,0.0,1.0
1779268322.946742,-8631.142461184452,-13490.242872956898,-2.1401095685792706,216584.1121229671,-6.944131851905388e-05,0.0,0.0,0.0,-4.965378433216882e-05,0.0,0.0,1.0
1779268322.9573467,-8656.020180943011,-13529.11430578348,-2.1401095685791924,217275.6342089164,6.94413185196896e-05,0.0,0.0,0.0,-4.9581813699827785e-05,0.0,0.0,1.0
1779268322.9674492,-8689.63380358752,-13581.635585338598,-2.140109568579143,217968.92714480823,-6.944131852030201e-05,0.0,0.0,0.0,-4.943933868106586e-05,0.0,0.0,1.0
1779268322.977632,-8732.881498211167,-13649.210100677064,-2.1401095685791165,218707.5636823004,6.94413185209356e-05,0.0,0.0,0.0,-4.924812820473393e-05,0.0,0.0,1.0
1779268322.987699,-8762.180590384989,-13694.98992711654,-2.1401095685791076,219388.86879800915,-6.944131852153559e-05,0.0,0.0,0.0,-4.900427913090592e-05,0.0,0.0,1.0
1779268322.998279,-8753.500948293698,-13681.427987889097,-2.1401095685791125,219961.46874853157,6.944131852215268e-05,0.0,0.0,0.0,-4.884044595298959e-05,0.0,0.0,1.0
1779268323.0081851,-8827.903296122313,-13797.681643415368,-2.14010956857914,220804.77521843588,-6.944131852275726e-05,0.0,0.0,0.0,-4.8888866699340765e-05,0.0,0.0,1.0
1779268323.0185888,-8850.7941444592,-13833.448589968948,-2.140109568579178,221487.64663527795,6.944131852336583e-05,0.0,0.0,0.0,-4.847689588201006e-05,0.0,0.0,1.0
1779268323.0292592,-8858.550454233722,-13845.567822656523,-2.140109568579228,222132.489654868,-6.944131852397522e-05,0.0,0.0,0.0,-4.835154104185968e-05,0.0,0.0,1.0
1779268323.0392148,-8903.143578076208,-13915.244570896662,-2.140109568579289,222873.05015997335,6.944131852457189e-05,0.0,0.0,0.0,-4.830921310150671e-05,0.0,0.0,1.0
1779268323.0494277,-8919.335627014214,-13940.544644550786,-2.140109568579358,223525.18557419645,-6.944131852515193e-05,0.0,0.0,0.0,-4.806728718109902e-05,0.0,0.0,1.0
1779268323.0595567,-8954.348998714908,-13995.253031736851,-2.1401095685794367,224244.25421775618,6.944131852574299e-05,0.0,0.0,0.0,-4.798004106361029e-05,0.0,0.0,1.0
1779268323.0695565,-8993.923242736331,-14057.087781126824,-2.140109568579522,224973.93747427835,-6.944131852633736e-05,0.0,0.0,0.0,-4.7792460070526685e-05,0.0,0.0,1.0
1779268323.0799081,-9006.220071186122,-14076.301573442845,-2.1401095685796143,225625.57631176492,6.944131852691374e-05,0.0,0.0,0.0,-4.7582202534744055e-05,0.0,0.0,1.0
1779268323.089911,-9051.38199195822,-14146.867066778426,-2.1401095685797125,226379.91382167212,-6.944131852750178e-05,0.0,0.0,0.0,-4.751724597494181e-05,0.0,0.0,1.0
1779268323.1001482,-9079.56036915681,-14190.895776241747,-2.1401095685798164,227087.42485345984,6.944131852803984e-05,0.0,0.0,0.0,-4.7280196996918765e-05,0.0,0.0,1.0
1779268323.1104076,-9096.092412759264,-14216.727091491468,-2.1401095685799234,227754.75918593077,-6.944131852860071e-05,0.0,0.0,0.0,-4.713348696487276e-05,0.0,0.0,1.0
1779268323.1209078,-9129.602947937154,-14269.087296865444,-2.1401095685800393,228502.22042051164,6.944131852915978e-05,0.0,0.0,0.0,-4.704783634753498e-05,0.0,0.0,1.0
1779268323.1312394,-9155.227907721943,-14309.12629206221,-2.140109568580156,229211.65326406134,-6.944131852972444e-05,0.0,0.0,0.0,-4.687517344530261e-05,0.0,0.0,1.0
1779268323.1414607,-9189.648477249048,-14362.908425946358,-2.140109568580275,229949.4349112127,6.944131853028597e-05,0.0,0.0,0.0,-4.6743993643248495e-05,0.0,0.0,1.0
1779268323.1517453,-9211.49553702466,-14397.044453099017,-2.140109568580143,230646.04066234743,-6.944131853080591e-05,0.0,0.0,0.0,-4.6568938284601266e-05,0.0,0.0,1.0
1779268323.16237,-9227.252015345637,-14421.66394778585,-2.140109568580043,231343.68432424762,6.944131853137284e-05,0.0,0.0,0.0,-4.6458508623794586e-05,0.0,0.0,1.0
1779268323.17243,-9260.835878640813,-14474.138728375676,-2.1401095685799816,232074.15362685328,-6.94413185319032e-05,0.0,0.0,0.0,-4.637918958241835e-05,0.0,0.0,1.0
1779268323.1828218,-9283.813641196763,-14510.0414784063,-2.140109568579945,232787.64984159387,6.94413185324618e-05,0.0,0.0,0.0,-4.621102573440395e-05,0.0,0.0,1.0
1779268323.1933858,-9313.698748971568,-14556.736954131911,-2.1401095685799354,233540.12092226362,-6.944131853298208e-05,0.0,0.0,0.0,-4.609667069357223e-05,0.0,0.0,1.0
1779268323.2039318,-9339.95644048409,-14597.764592575426,-2.1401095685799487,234280.1205762968,6.944131853354251e-05,0.0,0.0,0.0,-4.5948783115314696e-05,0.0,0.0,1.0
1779268323.2141407,-9376.71788979552,-14655.204350742215,-2.1401095685799825,235039.3346157202,-6.944131853403858e-05,0.0,0.0,0.0,-4.581962688754787e-05,0.0,0.0,1.0
1779268323.2243392,-9409.136146493845,-14705.857871204887,-2.140109568580033,235784.03740913767,6.944131853455388e-05,0.0,0.0,0.0,-4.564001955641862e-05,0.0,0.0,1.0
1779268323.2346897,-9437.806389814714,-14750.655121416026,-2.1401095685800997,236525.9400864117,-6.944131853508538e-05,0.0,0.0,0.0,-4.5482796343883776e-05,0.0,0.0,1.0
1779268323.2450445,-9462.969999336176,-14789.973256924191,-2.14010956858018,237257.44222148854,6.944131853557804e-05,0.0,0.0,0.0,-4.534465026183953e-05,0.0,0.0,1.0
1779268323.2555263,-9498.452961615665,-14845.415379314252,-2.140109568580275,238037.75825040584,-6.944131853610903e-05,0.0,0.0,0.0,-4.5224090391334845e-05,0.0,0.0,1.0
1779268323.2657897,-9509.242869998589,-14862.274609295217,-2.140109568580376,238713.8346717944,6.944131853658348e-05,0.0,0.0,0.0,-4.5055175147834565e-05,0.0,0.0,1.0
1779268323.2761588,-9553.768242654,-14931.845496315513,-2.140109568580492,239524.68966972828,-6.944131853709365e-05,0.0,0.0,0.0,-4.500406033070631e-05,0.0,0.0,1.0
1779268323.2865343,-9583.72442447177,-14978.652025191255,-2.1401095685806144,240283.42364458175,6.944131853757666e-05,0.0,0.0,0.0,-4.479435122009715e-05,0.0,0.0,1.0
1779268323.2971184,-9607.719420453088,-15016.144202235715,-2.1401095685807463,241035.7354092972,-6.944131853810036e-05,0.0,0.0,0.0,-4.465435763442974e-05,0.0,0.0,1.0
1779268323.3072813,-9644.637393625173,-15073.828528884653,-2.140109568580881,241810.54778510926,6.944131853860755e-05,0.0,0.0,0.0,-4.4542851948481646e-05,0.0,0.0,1.0
1779268323.3176045,-9667.185876208969,-15109.060528994542,-2.1401095685810216,242544.46216453327,-6.9441318539098e-05,0.0,0.0,0.0,-4.437237588060318e-05,0.0,0.0,1.0
1779268323.3276515,-9715.036145487451,-15183.826566400101,-2.140109568581166,243356.33928614127,6.944131853961073e-05,0.0,0.0,0.0,-4.426889424397182e-05,0.0,0.0,1.0
1779268323.3380504,-9744.752805877042,-15230.258843078816,-2.140109568581318,244126.06771784826,-6.944131854008106e-05,0.0,0.0,0.0,-4.405088607485635e-05,0.0,0.0,1.0
1779268323.3490977,-9752.97959403897,-15243.113198180175,-2.1401095685813645,244861.25217805055,6.944131854058779e-05,0.0,0.0,0.0,-4.391657309271156e-05,0.0,0.0,1.0
1779268323.3595395,-9795.693700967255,-15309.853982832243,-2.1401095685814306,245686.9120285506,-6.944131854107167e-05,0.0,0.0,0.0,-4.387953496283001e-05,0.0,0.0,1.0
1779268323.3698041,-9825.100241473472,-15355.801697267072,-2.1401095685815097,246453.11508366835,6.944131854156177e-05,0.0,0.0,0.0,-4.368822746893111e-05,0.0,0.0,1.0
1779268323.380119,-9853.603298285896,-15400.3377185849,-2.1401095685816025,247220.99722650106,-6.944131854205516e-05,0.0,0.0,0.0,-4.355748849554122e-05,0.0,0.0,1.0
1779268323.3906405,-9885.58035055391,-15450.301857193634,-2.1401095685817104,248018.37639699102,6.944131854253571e-05,0.0,0.0,0.0,-4.3431510938346155e-05,0.0,0.0,1.0
1779268323.4008343,-9914.405222280353,-15495.34071425289,-2.1401095685818246,248783.83315874296,-6.944131854300462e-05,0.0,0.0,0.0,-4.329104350697891e-05,0.0,0.0,1.0
1779268323.410905,-9948.902427885158,-15549.242592005272,-2.140109568581947,249563.88940725874,6.944131854348922e-05,0.0,0.0,0.0,-4.316519923667254e-05,0.0,0.0,1.0
1779268323.421133,-9991.444906002029,-15615.715206652596,-2.1401095685820812,250386.45146548978,-6.944131854395086e-05,0.0,0.0,0.0,-4.301554890912218e-05,0.0,0.0,1.0
1779268323.4312553,-10019.447003131516,-15659.468478541541,-2.1401095685822185,251149.3849869296,6.944131854440842e-05,0.0,0.0,0.0,-4.283242054717123e-05,0.0,0.0,1.0
1779268323.4416964,-10054.353569863304,-15714.009982978327,-2.1401095685823686,251962.2410047447,-6.944131854486281e-05,0.0,0.0,0.0,-4.271273132448305e-05,0.0,0.0,1.0
