time,x,y,theta,velocity,acceleration,x_gps,y_gps,theta_gps,steering,throttle,v_ref,gps_valid
1779289526.6748734,-1284442.8731439004,-527462.3094640763,-2.7519358788490242,9588298.145177202,-0.0002430446151731277,0.0,0.0,0.0,0.0,0.0,0.0,1.0
1779289526.6852767,-706610.7807206672,-290173.39209120814,-2.7519358788490735,4450858.818370521,-0.0003038057689664096,0.0,0.0,0.0,0.0,0.0,0.0,1.0
1779289526.6953275,-396235.034871395,-162716.42720977706,-2.75193587884909,1755939.6485457846,-0.00010633201913824355,0.0,0.0,0.0,0.0,0.0,0.0,1.0
1779289526.70558,-214789.46802499564,-88205.12421419236,-2.751935878851145,248048.90130754028,-0.00020127132194024643,0.0,0.0,0.0,0.0,0.0,0.0,1.0
1779289526.7160842,-110484.333110766,-45371.82910168832,0.3896567747419333,556007.4510739096,-2.9431183868621077e-05,0.0,0.0,0.0,0.0,0.0,0.0,1.0
1779289526.7265882,-53465.54778067027,-21956.850912827915,0.38965677474164906,936992.5668889711,-0.00014359569548802941,0.0,0.0,0.0,0.0,0.0,0.0,1.0
1779289526.7366753,-23594.475092942874,-9690.18280656789,0.3896567747421331,1084179.7379875612,1.3825535970541763e-05,0.0,0.0,0.0,0.0,0.0,0.0,1.0
1779289526.7472837,-6546.822907670102,-2689.500456292442,0.38965677474254656,1119329.6927230363,-0.00011115315560865729,0.0,0.0,0.0,0.0,0.0,0.0,1.0
1779289526.757815,2237.2641692512875,917.7178688114287,0.38965677474274596,1089358.4968606937,3.815744088007085e-05,0.0,0.0,0.0,0.0,0.0,0.0,1.0
1779289526.7678797,6548.588736798179,2688.17948301772,0.3896567747428459,1032994.3515125365,-9.290422692651048e-05,0.0,0.0,0.0,0.0,0.0,0.0,1.0
1779289526.7779963,8555.783001150701,3512.4413407420343,0.3896567747429014,963262.0385872782,5.184413739168092e-05,0.0,0.0,0.0,0.0,0.0,0.0,1.0
1779289526.7886112,9051.400840521459,3715.9686665533673,0.38965677474293203,884717.0309273944,-8.263920454280296e-05,0.0,0.0,0.0,0.0,0.0,0.0,1.0
1779289526.7991772,8952.90541211868,3675.521149226494,0.3896567747429449,808432.5572861381,5.954290417946156e-05,0.0,0.0,0.0,0.0,0.0,0.0,1.0
1779289526.8092322,8740.915293960574,3588.466611601246,0.3896567747429467,741063.8861650071,-7.686512945196747e-05,0.0,0.0,0.0,0.0,0.0,0.0,1.0
1779289526.8196619,8116.4256553913,3332.0175977957592,0.3896567747429418,674582.4795151043,6.387346049758819e-05,0.0,0.0,0.0,0.0,0.0,0.0,1.0
1779289526.8301785,14700.24864884629,6035.689219337817,0.3896567747429285,666415.8502920152,-7.361721221337251e-05,0.0,0.0,0.0,0.0,0.0,0.0,0.0
1779289526.8402202,20912.913660950064,8586.94342287117,0.3896567747429156,658615.1719818447,6.63093984265344e-05,0.0,0.0,0.0,0.0,0.0,0.0,0.0
1779289526.8508937,-12688.744141087867,-5211.703461593326,0.3896567747418609,351558.32650426344,-7.179025876666284e-05,0.0,0.0,0.0,0.0,0.0,0.0,1.0
1779289526.8613796,-4716.709647780701,-1937.957577632307,0.3896567747421176,381840.86752084066,6.767961351156665e-05,0.0,0.0,0.0,0.0,0.0,0.0,1.0
1779289526.8716884,-550.0299130475643,-226.89490688998788,0.38965677474222415,381609.510655404,-7.076259745288866e-05,0.0,0.0,0.0,0.0,0.0,0.0,1.0
1779289526.881858,1588.5033192050153,651.3017909141836,0.38965677474226945,366817.9909082577,6.845035949689724e-05,0.0,0.0,0.0,0.0,0.0,0.0,1.0
1779289526.8920155,2647.378008980699,1086.132656259386,0.3896567747422841,345036.4083511879,-7.018453796389085e-05,0.0,0.0,0.0,0.0,0.0,0.0,1.0
1779289526.9025195,3040.0449980703597,1247.382829020552,0.38965677474228055,319421.2215003568,6.888390411364547e-05,0.0,0.0,0.0,0.0,0.0,0.0,1.0
1779289526.9129164,3153.685229270644,1294.0496164585286,0.3896567747422641,293737.3360461037,-6.985937950132972e-05,0.0,0.0,0.0,0.0,0.0,0.0,1.0
1779289526.9231799,3077.9559050100834,1262.9510852368828,0.3896567747422388,269551.34126131074,6.912777296056631e-05,0.0,0.0,0.0,0.0,0.0,0.0,1.0
1779289526.9332466,2967.909752682769,1217.7602197774304,0.3896567747422073,247169.89594174738,-6.967647786613909e-05,0.0,0.0,0.0,0.0,0.0,0.0,1.0
1779289526.9433753,5273.406099231286,2164.5209470806476,0.38965677474217264,244816.38231355642,6.926494918695929e-05,0.0,0.0,0.0,0.0,0.0,0.0,0.0
1779289526.9534736,7577.197398121766,3110.581490163906,0.3896567747421371,242442.00074952331,-6.957359569634432e-05,0.0,0.0,0.0,0.0,0.0,0.0,0.0
1779289526.9636211,9864.366360184322,4049.8160082445825,0.3896567747421007,240061.66486779656,6.93421108143054e-05,0.0,0.0,0.0,0.0,0.0,0.0,0.0
1779289526.9739666,12142.421602711798,4985.307943194035,0.38965677474206295,237667.3057331839,-6.951572447583473e-05,0.0,0.0,0.0,0.0,0.0,0.0,0.0
1779289526.984448,14440.318047215655,5928.947742199578,0.3896567747420243,235227.7605614944,6.93855142296876e-05,0.0,0.0,0.0,0.0,0.0,0.0,0.0
1779289526.994522,16648.586081690653,6835.781298248724,0.3896567747419857,232859.05507601035,-6.948317191429808e-05,0.0,0.0,0.0,0.0,0.0,0.0,0.0
1779289527.004849,18857.316687223338,7742.804810838652,0.38965677474194615,230465.753250147,6.940992865084009e-05,0.0,0.0,0.0,0.0,0.0,0.0,0.0
1779289527.015123,21063.423416220372,8648.75081868163,0.3896567747419053,228050.47053186334,-6.946486109843371e-05,0.0,0.0,0.0,0.0,0.0,0.0,0.0
1779289527.025467,23218.345099079957,9533.67749522925,0.389656774741864,225666.23930211272,6.942366176273836e-05,0.0,0.0,0.0,0.0,0.0,0.0,0.0
1779289527.035577,25350.886729842165,10409.413719390019,0.3896567747418218,223281.84112887536,-6.945456126451001e-05,0.0,0.0,0.0,0.0,0.0,0.0,0.0
1779289527.0457976,-117460.60363046135,-48236.66077282587,-2.7519358788460715,860819.1741271365,6.943138663818114e-05,0.0,0.0,0.0,0.0,0.0,0.0,1.0
1779289527.0562892,-64090.31381054225,-26319.950957999485,-2.751935878845599,385952.87179929664,-6.944876760792783e-05,0.0,0.0,0.0,0.0,0.0,0.0,1.0
1779289527.066886,-34234.55119925897,-14059.569992115516,-2.751935878843941,127996.93675265225,6.943573188061795e-05,0.0,0.0,0.0,0.0,0.0,0.0,1.0
1779289527.0773833,-18058.603585689918,-7416.856395793278,0.3896567746843287,5241.796010438046,-6.944550867610014e-05,0.0,0.0,0.0,0.0,0.0,0.0,1.0
1779289527.0877414,-9281.735176243721,-3812.602443607223,0.38965677473920346,71546.58567594437,6.943817607948873e-05,0.0,0.0,0.0,0.0,0.0,0.0,1.0
1779289527.0978537,-4537.15308023802,-1864.2219993253784,0.3896567747405695,102134.26201252463,-6.944367552694706e-05,0.0,0.0,0.0,0.0,0.0,0.0,1.0
1779289527.1083293,-1809.7851906937371,-744.2181395914233,0.38965677474099314,114841.39200586456,6.943955094135353e-05,0.0,0.0,0.0,0.0,0.0,0.0,1.0
1779289527.1187277,-360.74131183984304,-149.16283243534832,0.38965677474114013,116931.56452889997,-6.944264438054846e-05,0.0,0.0,0.0,0.0,0.0,0.0,1.0
1779289527.1290362,382.667121297081,156.12063066634482,0.38965677474117655,113786.05115263906,6.944032430115243e-05,0.0,0.0,0.0,0.0,0.0,0.0,1.0
1779289527.1393282,765.970978692163,313.52579825646774,0.38965677474115346,108022.85986129116,-6.944206436069932e-05,0.0,0.0,0.0,0.0,0.0,0.0,1.0
1779289527.14943,936.4265803758308,383.5240308128876,0.3896567747410966,101395.23107130265,6.944075931603928e-05,0.0,0.0,0.0,0.0,0.0,0.0,1.0
1779289527.1599352,978.7358562656392,400.8984937451544,0.38965677474101224,94045.02546420008,-6.944173809953418e-05,0.0,0.0,0.0,0.0,0.0,0.0,1.0
1779289527.170296,1871.6700282295124,767.5852626681026,0.38965677474091187,93869.12759119713,6.944100401191314e-05,0.0,0.0,0.0,0.0,0.0,0.0,0.0
1779289527.1802642,2747.179478010148,1127.1165040309506,0.3896567747408133,93696.33901371242,-6.944155457762879e-05,0.0,0.0,0.0,0.0,0.0,0.0,0.0
1779289527.1906166,3643.994173084465,1495.3968243327017,0.3896567747407116,93519.01928152374,6.944114165334219e-05,0.0,0.0,0.0,0.0,0.0,0.0,0.0
1779289527.200762,4522.343281512353,1856.0941821761533,0.38965677474061167,93345.0213065707,-6.9441451346557e-05,0.0,0.0,0.0,0.0,0.0,0.0,0.0
1779289527.2114484,5436.814591205597,2231.625257536697,0.38965677474050686,93163.52997027675,6.944121907664604e-05,0.0,0.0,0.0,0.0,0.0,0.0,0.0
1779289527.2216635,6322.242152067868,2595.229408437736,0.3896567747404047,92987.46049357897,-6.944139327907912e-05,0.0,0.0,0.0,0.0,0.0,0.0,0.0
1779289527.231966,7203.699442363613,2957.203152829996,0.3896567747403026,92811.84862673406,6.944126262725431e-05,0.0,0.0,0.0,0.0,0.0,0.0,0.0
1779289527.2424352,8105.005326803729,3327.3277968998277,0.38965677474019733,92631.94258171617,-6.944136061612309e-05,0.0,0.0,0.0,0.0,0.0,0.0,0.0
1779289527.2530699,-30357.137278202852,-12467.295413277554,-2.7519358788491814,201441.5809541786,6.944128712447128e-05,0.0,0.0,0.0,0.0,0.0,0.0,1.0
1779289527.263436,-16638.725723845637,-6833.778222922162,-2.7519358788488293,80363.71189445972,-6.944134224321036e-05,0.0,0.0,0.0,0.0,0.0,0.0,1.0
1779289527.273582,-9137.690747968025,-3753.4500584969383,-2.751935878846339,16289.388340184543,6.944130090415584e-05,0.0,0.0,0.0,0.0,0.0,0.0,1.0
1779289527.2837114,-4889.667598097562,-2008.9834090603256,0.38965677473736315,18077.92471514436,-6.944133190844694e-05,0.0,0.0,0.0,0.0,0.0,0.0,1.0
1779289527.294293,-2379.7674230274156,-978.2834824465992,0.38965677473874827,36571.69756608437,6.944130865522844e-05,0.0,0.0,0.0,0.0,0.0,0.0,1.0
1779289527.304634,-1047.5372071433833,-431.1981443989292,0.38965677473892635,44697.046682855274,-6.944132609514245e-05,0.0,0.0,0.0,0.0,0.0,0.0,1.0
1779289527.3148437,-326.90019551156763,-135.26585100277998,0.38965677473890636,47603.377481153126,6.94413130152068e-05,0.0,0.0,0.0,0.0,0.0,0.0,1.0
1779289527.3251436,65.83317330394443,26.011580839883113,0.3896567747388069,47795.9427746182,-6.944132282515868e-05,0.0,0.0,0.0,0.0,0.0,0.0,1.0
1779289527.3353577,270.08217303783425,109.88719913239537,0.38965677473866434,46600.9219063464,6.944131546769464e-05,0.0,0.0,0.0,0.0,0.0,0.0,1.0
1779289527.3458679,368.3084912147981,150.22420533766362,0.38965677473848626,44639.646189462095,-6.94413209857928e-05,0.0,0.0,0.0,0.0,0.0,0.0,1.0
1779289527.3564525,404.92083258501174,165.25920072837596,0.3896567747382855,42412.553491904524,6.944131684721905e-05,0.0,0.0,0.0,0.0,0.0,0.0,1.0
1779289527.366907,417.96826748716103,170.6171788382496,0.38965677473806615,40207.72851601807,-6.944131995114949e-05,0.0,0.0,0.0,0.0,0.0,0.0,1.0
1779289527.3775437,408.8143052871644,166.85806990571876,0.38965677473783034,38023.77193053644,6.944131762320153e-05,0.0,0.0,0.0,0.0,0.0,0.0,1.0
1779289527.3880317,395.8806428699123,161.54681289365047,0.389656774737587,36046.98241025409,-6.944131936916263e-05,0.0,0.0,0.0,0.0,0.0,0.0,1.0
1779289527.3980284,731.3723092998457,299.31772482101474,0.3896567747373796,36924.06497070769,6.944131805969172e-05,0.0,0.0,0.0,0.0,0.0,0.0,0.0
1779289527.4086044,1091.9084695042861,447.373252109352,0.38965677473717264,37844.23265314755,-6.944131904179482e-05,0.0,0.0,0.0,0.0,0.0,0.0,0.0
1779289527.419144,1457.6651519115153,597.5726064329141,0.38965677473697724,38755.0267755219,6.944131830521772e-05,0.0,0.0,0.0,0.0,0.0,0.0,0.0
1779289527.4291656,1821.1215421350419,746.8273371381075,0.38965677473679605,39638.82255083394,-6.944131885765033e-05,0.0,0.0,0.0,0.0,0.0,0.0,0.0
1779289527.4398894,2210.062359477461,906.5473434832128,0.3896567747366153,40563.50034975764,6.944131844332607e-05,0.0,0.0,0.0,0.0,0.0,0.0,0.0
1779289527.4501398,-4961.490171931058,-2038.4776185825583,-2.7519358788313397,14946.936388953607,-6.944131875406905e-05,0.0,0.0,0.0,0.0,0.0,0.0,1.0
1779289527.460546,-2619.274563206045,-1076.6379884593164,0.38965677469630444,5338.345850040052,6.944131852101203e-05,0.0,0.0,0.0,0.0,0.0,0.0,1.0
1779289527.4706645,-1354.0429041546784,-557.065859220296,0.3896567747268165,15852.551533709498,-6.944131869580462e-05,0.0,0.0,0.0,0.0,0.0,0.0,1.0
1779289527.4810936,-614.8331714768352,-253.50660822138775,0.389656774731046,21571.651232332948,6.944131856471031e-05,0.0,0.0,0.0,0.0,0.0,0.0,1.0
1779289527.4911616,-218.54850904839216,-90.77082432776866,0.3896567747324231,24261.12198582421,-6.944131866303091e-05,0.0,0.0,0.0,0.0,0.0,0.0,1.0
1779289527.5016942,8.502299548248704,2.46844235054849,0.3896567747330484,25460.649408589692,6.94413185892906e-05,0.0,0.0,0.0,0.0,0.0,0.0,1.0
1779289527.5117235,131.52143893388825,52.98671363351075,0.3896567747332962,25815.834964803526,-6.94413186445957e-05,0.0,0.0,0.0,0.0,0.0,0.0,1.0
1779289527.522473,190.98728642299997,77.40658708203657,0.3896567747333961,25660.620930787652,6.944131860311701e-05,0.0,0.0,0.0,0.0,0.0,0.0,1.0
1779289527.5326784,227.45057409377793,92.38037301177329,0.38965677473339744,25382.74125184732,-6.944131863422589e-05,0.0,0.0,0.0,0.0,0.0,0.0,1.0
1779289527.5432296,240.8835273573896,97.8966656837838,0.3896567747333526,24961.169830262246,6.944131861089437e-05,0.0,0.0,0.0,0.0,0.0,0.0,1.0
1779289527.5538206,244.57256373663293,99.41158231803156,0.3896567747332824,24524.975482184964,-6.944131862839288e-05,0.0,0.0,0.0,0.0,0.0,0.0,1.0
1779289527.5643294,246.41170903656908,100.16683423783158,0.38965677473320026,24133.61433822255,6.944131861526913e-05,0.0,0.0,0.0,0.0,0.0,0.0,1.0
1779289527.5748963,243.69246293405342,99.05016562046124,0.38965677473311366,23764.733524058185,-6.944131862511189e-05,0.0,0.0,0.0,0.0,0.0,0.0,1.0
1779289527.5852804,240.7146912155504,97.82733248861942,0.38965677473302973,23458.148252770414,6.94413186177297e-05,0.0,0.0,0.0,0.0,0.0,0.0,1.0
1779289527.5954509,243.23109097151536,98.8607014924834,0.3896567747329476,23236.175742706215,-6.944131862326655e-05,0.0,0.0,0.0,0.0,0.0,0.0,1.0
1779289527.605769,241.48213148381402,98.14248471496373,0.3896567747328681,23020.772399976748,6.944131861911369e-05,0.0,0.0,0.0,0.0,0.0,0.0,1.0
1779289527.6158924,456.65188121900894,186.50274997953647,0.38965677473280547,24469.930258949742,-6.944131862222855e-05,0.0,0.0,0.0,0.0,0.0,0.0,0.0
1779289527.6261141,687.568446978883,281.3295043427013,0.38965677473274907,25933.039425295585,6.944131861989219e-05,0.0,0.0,0.0,0.0,0.0,0.0,0.0
1779289527.6363888,933.5331245469106,382.3358222956925,0.38965677473269844,27403.568772278446,-6.944131862164464e-05,0.0,0.0,0.0,0.0,0.0,0.0,0.0
1779289527.6465461,-1086.1221468634444,-447.0431947262337,0.3896567747238171,11861.300705031701,6.944131862033017e-05,0.0,0.0,0.0,0.0,0.0,0.0,1.0
1779289527.6570437,-494.7231497727334,-204.18297703711107,0.3896567747282118,17169.904696506455,-6.944131862131615e-05,0.0,0.0,0.0,0.0,0.0,0.0,1.0
1779289527.6674652,-167.62144231191584,-69.8574332482204,0.38965677472969507,20078.42372989978,6.944131862057654e-05,0.0,0.0,0.0,0.0,0.0,0.0,1.0
1779289527.6775599,10.43915938536883,3.2638211042384913,0.38965677473037097,21633.93674965202,-6.944131862113138e-05,0.0,0.0,0.0,0.0,0.0,0.0,1.0
1779289527.6879187,112.17047036824,45.040165759305054,0.38965677473076266,22515.46139822523,6.944131862071511e-05,0.0,0.0,0.0,0.0,0.0,0.0,1.0
1779289527.6980865,170.39755778340012,68.9513377339322,0.38965677473100024,23019.96906592932,-6.944131862102744e-05,0.0,0.0,0.0,0.0,0.0,0.0,1.0
1779289527.7081757,203.38104085145645,82.49612884360654,0.38965677473115967,23316.797078443098,6.944131862079307e-05,0.0,0.0,0.0,0.0,0.0,0.0,1.0
1779289527.7182932,222.05808936068894,90.16592890933084,0.38965677473127736,23506.0069957741,-6.944131862096898e-05,0.0,0.0,0.0,0.0,0.0,0.0,1.0
1779289527.728859,228.36238057615367,92.75480975716593,0.38965677473137283,23613.92039677962,6.944131862083691e-05,0.0,0.0,0.0,0.0,0.0,0.0,1.0
1779289527.739086,234.99719636971832,95.4794217634227,0.38965677473144744,23738.92509867594,-6.944131862093606e-05,0.0,0.0,0.0,0.0,0.0,0.0,1.0
1779289527.749254,240.25228669308328,97.63744432719108,0.3896567747315105,23868.371029602607,6.944131862086174e-05,0.0,0.0,0.0,0.0,0.0,0.0,1.0
1779289527.7597878,240.843114547479,97.88007000301641,0.3896567747315678,23982.509889789515,-6.94413186209173e-05,0.0,0.0,0.0,0.0,0.0,0.0,1.0
1779289527.770401,238.7941222343193,97.03864361974077,0.38965677473161753,24094.062866711578,6.944131862087585e-05,0.0,0.0,0.0,0.0,0.0,0.0,1.0
1779289527.7808392,241.92130940383123,98.32283476730287,0.38965677473166194,24262.5438691527,-6.944131862090672e-05,0.0,0.0,0.0,0.0,0.0,0.0,1.0
1779289527.7913702,243.02602449010647,98.77649016351099,0.38965677473170146,24430.69727800508,6.944131862088379e-05,0.0,0.0,0.0,0.0,0.0,0.0,1.0
1779289527.8014898,247.98215063223708,100.81174196421091,0.38965677473173566,24634.323518403704,-6.944131862090077e-05,0.0,0.0,0.0,0.0,0.0,0.0,1.0
1779289527.8119116,248.63668646777478,101.08052956156988,0.3896567747317672,24821.40669513499,6.94413186208882e-05,0.0,0.0,0.0,0.0,0.0,0.0,1.0
1779289527.822055,481.85730556078704,196.853452072857,0.3896567747317907,26753.03234539074,-6.944131862089749e-05,0.0,0.0,0.0,0.0,0.0,0.0,0.0
1779289527.8327305,743.3758761348668,304.2470345625196,0.38965677473181204,28762.643022955363,6.944131862089066e-05,0.0,0.0,0.0,0.0,0.0,0.0,0.0
1779289527.8428676,1015.4994758934795,415.9956120876632,0.38965677473183025,30707.64401219723,-6.944131862089565e-05,0.0,0.0,0.0,0.0,0.0,0.0,0.0
1779289527.853536,-1248.4480391858447,-513.7029321556209,0.38965677447578084,13576.437689939674,6.944131862089204e-05,0.0,0.0,0.0,0.0,0.0,0.0,1.0
1779289527.8641841,-557.816485233922,-230.0924924620475,0.3896567746098776,20072.19968244195,-6.944131862089462e-05,0.0,0.0,0.0,0.0,0.0,0.0,1.0
1779289527.8745847,-187.5582559814303,-78.04456097394372,0.38965677465348847,23595.301329389113,6.944131862089283e-05,0.0,0.0,0.0,0.0,0.0,0.0,1.0
1779289527.885324,22.226224029936358,8.104223103239171,0.3896567746752191,25660.674743458752,-6.944131862089402e-05,0.0,0.0,0.0,0.0,0.0,0.0,1.0
1779289527.8955755,138.54418016275145,55.870628351207934,0.3896567746869719,26867.471830207833,6.944131862089326e-05,0.0,0.0,0.0,0.0,0.0,0.0,1.0
1779289527.9057379,204.72121341318987,83.04647543010178,0.3896567746945565,27624.358868615192,-6.94413186208937e-05,0.0,0.0,0.0,0.0,0.0,0.0,1.0
1779289527.916142,243.54195669120648,98.9883593591295,0.38965677470018445,28154.10181562996,6.944131862089342e-05,0.0,0.0,0.0,0.0,0.0,0.0,1.0
1779289527.9266176,261.5724435642628,106.39264646688531,0.38965677470442994,28511.623719765274,-6.944131862089375e-05,0.0,0.0,0.0,0.0,0.0,0.0,1.0
1779289527.936991,276.5144521939909,112.52863839110785,0.3896567747078623,28850.81908846547,6.944131862089329e-05,0.0,0.0,0.0,0.0,0.0,0.0,1.0
1779289527.9471693,288.1000245027497,117.2862971424125,0.3896567747106858,29165.3012841967,-6.944131862089386e-05,0.0,0.0,0.0,0.0,0.0,0.0,1.0
1779289527.9574444,291.8000031143922,118.80570724689015,0.38965677471311055,29425.174662399597,6.944131862089321e-05,0.0,0.0,0.0,0.0,0.0,0.0,1.0
1779289527.9679902,293.1840638887318,119.37407699951576,0.3896567747153177,29688.434706141867,-6.944131862089391e-05,0.0,0.0,0.0,0.0,0.0,0.0,1.0
1779289527.9784586,297.5957529571335,121.18575367352015,0.38965677471726945,29988.18220681609,6.944131862089318e-05,0.0,0.0,0.0,0.0,0.0,0.0,1.0
1779289527.98901,299.5843230652468,122.00236745237109,0.3896567747190045,30280.097209643012,-6.94413186208939e-05,0.0,0.0,0.0,0.0,0.0,0.0,1.0
1779289527.9991517,305.5027658465821,124.43279819315559,0.38965677472048643,30600.516589470648,6.944131862089322e-05,0.0,0.0,0.0,0.0,0.0,0.0,1.0
1779289528.0099003,303.54175169814005,123.62750037406413,0.3896567747219084,30889.115449196932,-6.944131862089387e-05,0.0,0.0,0.0,0.0,0.0,0.0,1.0
1779289528.0204196,306.48856422648277,124.8376199987972,0.38965677472314475,31219.94003623356,6.944131862089325e-05,0.0,0.0,0.0,0.0,0.0,0.0,1.0
1779289528.0306008,314.80526168041615,128.25290302136102,0.38965677472422033,31591.578442337057,-6.944131862089384e-05,0.0,0.0,0.0,0.0,0.0,0.0,1.0
1779289528.0409784,619.350983678727,253.31574672228362,0.3896567747250601,34186.825030103144,6.944131862089326e-05,0.0,0.0,0.0,0.0,0.0,0.0,0.0
1779289528.0516174,14.79034880191125,5.050653109808536,0.38965677473039406,29808.360527154295,-6.944131862089383e-05,0.0,0.0,0.0,0.0,0.0,0.0,1.0
1779289528.0619478,158.234683984184,63.956607701283396,0.38965677473076177,31441.6438317768,6.944131862089327e-05,0.0,0.0,0.0,0.0,0.0,0.0,1.0
1779289528.0724654,236.5509392271092,96.11747183900697,0.3896567747310735,32486.14680530064,-6.944131862089383e-05,0.0,0.0,0.0,0.0,0.0,0.0,1.0
1779289528.0830774,279.5392009949016,113.77076286967002,0.38965677473134797,33218.253043153076,6.944131862089327e-05,0.0,0.0,0.0,0.0,0.0,0.0,1.0
1779289528.0937328,303.61216891888307,123.6564174939805,0.3896567747315922,33787.08621599656,-6.94413186208937e-05,0.0,0.0,0.0,0.0,0.0,0.0,1.0
1779289528.1039555,326.6350001317437,133.11082953668443,0.3896567747318045,34330.46697546077,6.944131862089356e-05,0.0,0.0,0.0,0.0,0.0,0.0,1.0
1779289528.1142688,339.05684936597453,138.21190854420917,0.38965677473199634,34790.42142607599,-6.944131862089344e-05,0.0,0.0,0.0,0.0,0.0,0.0,1.0
1779289528.1245217,347.6235458016716,141.72985458656137,0.38965677473216687,35219.42503657128,6.944131862089375e-05,0.0,0.0,0.0,0.0,0.0,0.0,1.0
1779289528.13513,348.20060275875414,141.9668251917698,0.3896567747323263,35605.83975175501,-6.944131862089329e-05,0.0,0.0,0.0,0.0,0.0,0.0,1.0
1779289528.1455884,354.98758404742705,144.7539245296884,0.3896567747324684,36048.640106618455,6.944131862089386e-05,0.0,0.0,0.0,0.0,0.0,0.0,1.0
1779289528.155854,363.06167364879826,148.06957972675013,0.3896567747325932,36499.08877074505,-6.944131862089326e-05,0.0,0.0,0.0,0.0,0.0,0.0,1.0
1779289528.1661134,366.3522575027089,149.42087033603434,0.3896567747327033,36910.99760137049,6.944131862089383e-05,0.0,0.0,0.0,0.0,0.0,0.0,1.0
1779289528.1760495,380.51944416869355,155.23867871016765,0.3896567747328019,37412.432661172315,-6.944131862089327e-05,0.0,0.0,0.0,0.0,0.0,0.0,1.0
1779289528.1862524,384.30781830478605,156.7943887670369,0.38965677473289206,37842.78973686803,6.944131862089383e-05,0.0,0.0,0.0,0.0,0.0,0.0,1.0
1779289528.1967041,380.6304317789093,155.28425618893604,0.3896567747329738,38227.66967395618,-6.944131862089327e-05,0.0,0.0,0.0,0.0,0.0,0.0,1.0
1779289528.2076356,374.3286825691136,152.69641922540148,0.3896567747330515,38630.93961110288,6.944131862089383e-05,0.0,0.0,0.0,0.0,0.0,0.0,1.0
1779289528.2180126,384.56673237376987,156.9007128013014,0.3896567747331172,39153.944275307455,-6.944131862089327e-05,0.0,0.0,0.0,0.0,0.0,0.0,1.0
1779289528.2285414,388.6676197005425,158.58475757277697,0.38965677473317717,39638.146552065875,6.944131862089383e-05,0.0,0.0,0.0,0.0,0.0,0.0,1.0
1779289528.238734,399.3116440255211,162.95576610907125,0.3896567747332287,40164.569296463924,-6.944131862089327e-05,0.0,0.0,0.0,0.0,0.0,0.0,1.0
1779289528.2493317,399.11245718751303,162.87396925326615,0.3896567747280484,40628.25858913136,6.944131862089383e-05,0.0,0.0,0.0,0.0,0.0,0.0,1.0
1779289528.2596564,407.05017990949386,166.13362486192878,0.38965677472587723,41153.37198387722,-6.944131862089332e-05,0.0,0.0,0.0,0.0,0.0,0.0,1.0
1779289528.2704694,403.62189228299763,164.72578567173085,0.3896567747251307,41617.87214638584,6.944131862089361e-05,0.0,0.0,0.0,0.0,0.0,0.0,1.0
1779289528.2810364,407.70697716978077,166.40334110684955,0.3896567747252129,42137.988834136755,-6.944131862089361e-05,0.0,0.0,0.0,0.0,0.0,0.0,1.0
1779289528.2914088,421.1406240116968,171.9199185966133,0.3896567747256823,42738.2445263434,6.94413186208934e-05,0.0,0.0,0.0,0.0,0.0,0.0,1.0
1779289528.3015409,433.00276117155715,176.7911497388907,0.38965677472628135,43310.967834791016,-6.944131862089378e-05,0.0,0.0,0.0,0.0,0.0,0.0,1.0
1779289528.311956,437.0963088688454,178.47218046344463,0.38965677472694615,43843.04028731767,6.944131862089327e-05,0.0,0.0,0.0,0.0,0.0,0.0,1.0
1779289528.3226752,431.806278840562,176.2998097787187,0.38965677472761184,44318.433021271034,-6.944131862089387e-05,0.0,0.0,0.0,0.0,0.0,0.0,1.0
1779289528.333071,435.2797634891707,177.72620928582455,0.38965677472821403,44849.16995253984,6.944131862089325e-05,0.0,0.0,0.0,0.0,0.0,0.0,1.0
1779289528.343366,451.9572787640792,184.574893524593,0.38965677472879445,45509.14753949832,-6.944131862089384e-05,0.0,0.0,0.0,0.0,0.0,0.0,1.0
1779289528.3537183,459.8363429032838,187.81046078384406,0.38965677472932114,46098.4663553384,6.944131862089326e-05,0.0,0.0,0.0,0.0,0.0,0.0,1.0
1779289528.364352,457.69268166674624,186.9301582521489,0.3896567747298052,46625.52689610373,-6.944131862089383e-05,0.0,0.0,0.0,0.0,0.0,0.0,1.0
1779289528.3744047,472.7059867214242,193.09542831824774,0.38965677473021954,47267.606136194154,6.944131862089327e-05,0.0,0.0,0.0,0.0,0.0,0.0,1.0
1779289528.3845482,482.38548583788076,197.0703509579637,0.3896567747305979,47876.72950875448,-6.944131862089383e-05,0.0,0.0,0.0,0.0,0.0,0.0,1.0
1779289528.3946912,489.0776709291753,199.81852188180278,0.38965677473093674,48465.10848317879,6.944131862089327e-05,0.0,0.0,0.0,0.0,0.0,0.0,1.0
1779289528.4052038,486.61471997512007,198.80710182924778,0.38965677473125115,49008.46432108224,-6.944131862089383e-05,0.0,0.0,0.0,0.0,0.0,0.0,1.0
1779289528.4154634,495.53371321392626,202.46971987607864,0.38965677473152827,49642.229670433655,6.944131862089327e-05,0.0,0.0,0.0,0.0,0.0,0.0,1.0
1779289528.4255822,506.8228649494003,207.10565240479232,0.38965677473177385,50293.055805962416,-6.944131862089383e-05,0.0,0.0,0.0,0.0,0.0,0.0,1.0
1779289528.4358737,507.552399591022,207.40523854349377,0.38965677473199456,50867.23561349792,6.944131862089337e-05,0.0,0.0,0.0,0.0,0.0,0.0,1.0
1779289528.4462233,517.3553195913969,211.43084443240724,0.38965677473221083,51543.86934679679,-6.944131862089359e-05,0.0,0.0,0.0,0.0,0.0,0.0,1.0
1779289528.4568758,511.321822318427,208.95316613363894,0.3896567747324,52106.895780463456,6.944131862089364e-05,0.0,0.0,0.0,0.0,0.0,0.0,1.0
1779289528.4673514,518.0702921558192,211.72445059963547,0.38965677473256477,52779.07219279297,-6.944131862089337e-05,0.0,0.0,0.0,0.0,0.0,0.0,1.0
1779289528.4777708,527.2451667314178,215.49214727769046,0.38965677473271,53474.331613629576,6.94413186208938e-05,0.0,0.0,0.0,0.0,0.0,0.0,1.0
1779289528.4884024,527.4185290401244,215.5633391605023,0.38965677473284055,54114.17214053708,-6.944131862089326e-05,0.0,0.0,0.0,0.0,0.0,0.0,1.0
1779289528.4987621,541.1394515110005,221.1978874681208,0.3896567747329551,54862.524961380914,6.944131862089383e-05,0.0,0.0,0.0,0.0,0.0,0.0,1.0
1779289528.5089204,555.8490422400153,227.2384361064234,0.38965677473305504,55604.75565893483,-6.944131862089327e-05,0.0,0.0,0.0,0.0,0.0,0.0,1.0
1779289528.519143,564.7868925257994,230.90879787026435,0.3896567747331452,56310.78413487734,6.944131862089383e-05,0.0,0.0,0.0,0.0,0.0,0.0,1.0
1779289528.5292244,576.6874540596185,235.79580812721167,0.3896567747332247,57036.78758414986,-6.944131862089327e-05,0.0,0.0,0.0,0.0,0.0,0.0,1.0
1779289528.5397468,576.2812745834842,235.62900900100124,0.38965677473329974,57706.89022422433,6.944131862089383e-05,0.0,0.0,0.0,0.0,0.0,0.0,1.0
1779289528.5503516,573.5865509617004,234.5224106324269,0.3896567747333668,58370.04160695087,-6.944131862089327e-05,0.0,0.0,0.0,0.0,0.0,0.0,1.0
1779289528.5608592,580.3996406147921,237.32023146816763,0.3896567747334263,59120.55015047887,6.944131862089383e-05,0.0,0.0,0.0,0.0,0.0,0.0,1.0
1779289528.57136,588.0421298643284,240.45864836093543,0.38965677473347915,59887.55132169227,-6.944131862089327e-05,0.0,0.0,0.0,0.0,0.0,0.0,1.0
1779289528.5814452,606.9196618051337,248.2107777001859,0.3896567747335249,60719.02436657,6.944131862089383e-05,0.0,0.0,0.0,0.0,0.0,0.0,1.0
1779289528.591747,612.1940061183792,250.37670698716715,0.38965677473356664,61456.64962479374,-6.944131862089327e-05,0.0,0.0,0.0,0.0,0.0,0.0,1.0
1779289528.6022046,616.3369257937121,252.07801250032958,0.3896567747336044,62211.39606683929,6.944131862089379e-05,0.0,0.0,0.0,0.0,0.0,0.0,1.0
1779289528.6124756,622.7145391719541,254.69700336943433,0.3896567747336377,62971.40271211473,-6.944131862089344e-05,0.0,0.0,0.0,0.0,0.0,0.0,1.0
1779289528.622587,640.0139347234388,261.8010650776263,0.389656774733667,63821.57361013159,6.944131862089353e-05,0.0,0.0,0.0,0.0,0.0,0.0,1.0
1779289528.6325889,662.851932144681,271.1795744301065,0.3896567747336932,64716.35857235923,-6.944131862089367e-05,0.0,0.0,0.0,0.0,0.0,0.0,1.0
1779289528.6430266,661.4857669672137,270.61855357276016,0.38965677473371807,65462.880570960835,6.944131862089336e-05,0.0,0.0,0.0,0.0,0.0,0.0,1.0
1779289528.6535723,658.6148800176776,269.4396130612608,0.3896567747326598,66214.04768075039,-6.94413186208938e-05,0.0,0.0,0.0,0.0,0.0,0.0,1.0
1779289528.663719,673.2991024295833,275.469744099009,0.3896567747322237,67086.63809433763,6.944131862089326e-05,0.0,0.0,0.0,0.0,0.0,0.0,1.0
1779289528.6742644,672.9851326470115,275.3408112261063,0.38965677473207583,67880.14744558097,-6.944131862089383e-05,0.0,0.0,0.0,0.0,0.0,0.0,1.0
1779289528.6847677,677.7254235427273,277.287429471066,0.38965677473209537,68726.99561896517,6.944131862089327e-05,0.0,0.0,0.0,0.0,0.0,0.0,1.0
1779289528.6955373,671.0574589503113,274.54920478530363,0.38965677473219484,69507.35779632356,-6.944131862089383e-05,0.0,0.0,0.0,0.0,0.0,0.0,1.0
1779289528.7054207,708.9842290862587,290.1239752810518,0.38965677473232496,70599.1271822002,6.944131862089327e-05,0.0,0.0,0.0,0.0,0.0,0.0,1.0
1779289528.7161984,692.3135405814329,283.27809448100504,0.38965677473246974,71310.16367975852,-6.944131862089383e-05,0.0,0.0,0.0,0.0,0.0,0.0,1.0
1779289528.726012,735.181756532622,300.88208824648007,0.3896567747326074,72459.54669671397,6.944131862089327e-05,0.0,0.0,0.0,0.0,0.0,0.0,1.0
1779289528.7365575,731.1339730377365,299.2198507629506,0.3896567747327442,73282.25085781956,-6.944131862089383e-05,0.0,0.0,0.0,0.0,0.0,0.0,1.0
1779289528.7471585,728.5108867244188,298.14267052397975,0.3896567747328703,74134.09906784199,6.944131862089327e-05,0.0,0.0,0.0,0.0,0.0,0.0,1.0
1779289528.7578056,729.8620853685134,298.69754531834366,0.38965677473298577,75036.28833141868,-6.944131862089383e-05,0.0,0.0,0.0,0.0,0.0,0.0,1.0
1779289528.7681117,754.8647220910763,308.9649719238918,0.3896567747330888,76128.34211619433,6.944131862089327e-05,0.0,0.0,0.0,0.0,0.0,0.0,1.0
1779289528.7783906,765.6460495083171,313.39236449038594,0.38965677473317983,77088.86882564165,-6.944131862089374e-05,0.0,0.0,0.0,0.0,0.0,0.0,1.0
1779289528.7890522,761.3528126487911,311.62933066151754,0.38965677473326465,77977.45562287282,6.944131862089352e-05,0.0,0.0,0.0,0.0,0.0,0.0,1.0
1779289528.7992265,783.8676959914225,320.8751520050075,0.3896567747333375,79052.85138516845,-6.944131862089346e-05,0.0,0.0,0.0,0.0,0.0,0.0,1.0
1779289528.8093574,802.8998080251018,328.69076023956893,0.38965677473340277,80101.72959532036,6.944131862089372e-05,0.0,0.0,0.0,0.0,0.0,0.0,1.0
1779289528.8196936,805.0485606643047,329.57315357523373,0.38965677473346183,81035.39373761314,-6.944131862089332e-05,0.0,0.0,0.0,0.0,0.0,0.0,1.0
1779289528.8298805,828.4182095586724,339.1699876004825,0.38965677473351557,82159.003046234,6.944131862089383e-05,0.0,0.0,0.0,0.0,0.0,0.0,1.0
1779289528.8402605,832.8758864153172,341.0005493314639,0.38965677473356397,83149.20306008321,-6.944131862089323e-05,0.0,0.0,0.0,0.0,0.0,0.0,1.0
1779289528.850466,843.5094475450379,345.36726111032095,0.3896567747330706,84179.34641660209,6.944131862089386e-05,0.0,0.0,0.0,0.0,0.0,0.0,1.0
1779289528.8604398,869.6565687668191,356.1046745668455,0.38965677473287075,85332.12280001308,-6.944131862089326e-05,0.0,0.0,0.0,0.0,0.0,0.0,1.0
1779289528.871122,852.0768938967032,348.8855151023312,0.3896567747328108,86203.0003813961,6.944131862089383e-05,0.0,0.0,0.0,0.0,0.0,0.0,1.0
1779289528.8816273,861.6408938547279,352.81300757780144,0.3896567747328419,87311.67233174645,-6.944131862089327e-05,0.0,0.0,0.0,0.0,0.0,0.0,1.0
1779289528.8921163,864.9206837579222,354.15986561008964,0.3896567747329107,88361.7844333515,6.944131862089383e-05,0.0,0.0,0.0,0.0,0.0,0.0,1.0
1779289528.902869,856.5721510994138,350.73150934142154,0.38965677473299776,89364.93098210111,-6.944131862089327e-05,0.0,0.0,0.0,0.0,0.0,0.0,1.0
1779289528.9129205,904.3520342339166,370.35249766926455,0.3896567747330866,90784.53021665961,6.944131862089383e-05,0.0,0.0,0.0,0.0,0.0,0.0,1.0
1779289528.9234014,915.6466280660692,374.9906650152495,0.38965677473317584,91956.00847790946,-6.944131862089327e-05,0.0,0.0,0.0,0.0,0.0,0.0,1.0
1779289528.9339879,915.074064963179,374.7555398282561,0.3896567747332593,93046.2949218509,6.944131862089383e-05,0.0,0.0,0.0,0.0,0.0,0.0,1.0
1779289528.9446075,914.0524724129732,374.33601901352756,0.38965677473333526,94145.63402998309,-6.944131862089327e-05,0.0,0.0,0.0,0.0,0.0,0.0,1.0
1779289528.9550972,923.0836252535562,378.04469582166575,0.38965677473340365,95327.61526580667,6.94413186208937e-05,0.0,0.0,0.0,0.0,0.0,0.0,1.0
1779289528.9653032,964.7411783796822,395.1515263545291,0.38965677473346627,96785.88076963501,-6.944131862089356e-05,0.0,0.0,0.0,0.0,0.0,0.0,1.0
1779289528.9756143,982.919969982671,402.6167153517023,0.3896567747335222,98058.66570486926,6.944131862089344e-05,0.0,0.0,0.0,0.0,0.0,0.0,1.0
1779289528.9862328,977.1138936863641,400.23242833038444,0.3896567747335733,99176.34375700568,-6.944131862089375e-05,0.0,0.0,0.0,0.0,0.0,0.0,1.0
1779289528.9967964,977.4059940841258,400.35238045504747,0.3896567747336186,100349.34069116664,6.944131862089329e-05,0.0,0.0,0.0,0.0,0.0,0.0,1.0
1779289529.007151,1009.8564828173849,413.67829544069434,0.38965677473365945,101805.38645324224,-6.944131862089386e-05,0.0,0.0,0.0,0.0,0.0,0.0,1.0
1779289529.0175474,1019.3330736579959,417.56989303526325,0.3896567747336954,103064.16703148758,6.944131862089326e-05,0.0,0.0,0.0,0.0,0.0,0.0,1.0
1779289529.0281723,1024.7955645721106,419.8130854300222,0.38965677473372873,104352.40998683604,-6.944131862089383e-05,0.0,0.0,0.0,0.0,0.0,0.0,1.0
1779289529.0385284,1038.595756587592,425.48018607359774,0.38965677473375715,105671.71122937139,6.944131862089327e-05,0.0,0.0,0.0,0.0,0.0,0.0,1.0
1779289529.0491178,1047.9142954927386,429.3068790857093,0.38965677473605353,107012.4020409605,-6.944131862089383e-05,0.0,0.0,0.0,0.0,0.0,0.0,1.0
1779289529.0597396,1057.6148284926926,433.29043938915214,0.38965677473706917,108380.80170663241,6.944131862089327e-05,0.0,0.0,0.0,0.0,0.0,0.0,1.0
1779289529.0698926,1093.698593814397,448.1083730522496,0.3896567747373889,109914.11229588393,-6.944131862089383e-05,0.0,0.0,0.0,0.0,0.0,0.0,1.0
1779289529.0804164,1094.546408660288,448.45653140653087,0.38965677473739824,111210.9144654118,6.944131862089327e-05,0.0,0.0,0.0,0.0,0.0,0.0,1.0
1779289529.0909286,1105.9611526147844,453.1440388542638,0.3896567747372335,112622.41061250167,-6.944131862089383e-05,0.0,0.0,0.0,0.0,0.0,0.0,1.0
1779289529.1011436,1135.341020946133,465.20899204923046,0.38965677473699856,114152.14685055058,6.944131862089327e-05,0.0,0.0,0.0,0.0,0.0,0.0,1.0
1779289529.1113858,1154.0416553715747,472.8884777605124,0.3896567747367423,115597.21107206837,-6.944131862089383e-05,0.0,0.0,0.0,0.0,0.0,0.0,1.0
1779289529.121831,1165.9997611538674,477.79911877918425,0.3896567747364763,117052.71394231728,6.944131862089332e-05,0.0,0.0,0.0,0.0,0.0,0.0,1.0
1779289529.1318393,1202.353042614477,492.7277302455336,0.3896567747362316,118659.78442551933,-6.944131862089361e-05,0.0,0.0,0.0,0.0,0.0,0.0,1.0
1779289529.142507,1163.7391450735317,476.8707883013351,0.389656774736002,119712.11245956218,6.944131862089361e-05,0.0,0.0,0.0,0.0,0.0,0.0,1.0
1779289529.1525831,1221.2936162856236,500.50574790746776,0.38965677473578975,121561.36111501628,-6.94413186208934e-05,0.0,0.0,0.0,0.0,0.0,0.0,1.0
1779289529.1635273,1191.8805457141189,488.4271600891109,0.389656774735585,122822.84379048698,6.944131862089378e-05,0.0,0.0,0.0,0.0,0.0,0.0,1.0
1779289529.1740277,1221.6467641676736,500.65076941001234,0.38965677473540605,124543.76689181876,-6.944131862089327e-05,0.0,0.0,0.0,0.0,0.0,0.0,1.0
1779289529.1845613,1234.6112907903503,505.97470092347794,0.3896567747352475,126127.9503692522,6.944131862089387e-05,0.0,0.0,0.0,0.0,0.0,0.0,1.0
1779289529.194801,1268.839551590843,520.0306646803108,0.3896567747351076,127865.2430410968,-6.944131862089325e-05,0.0,0.0,0.0,0.0,0.0,0.0,1.0
1779289529.2053816,1273.283140211073,521.8554410238526,0.3896567747349793,129422.14637912504,6.944131862089384e-05,0.0,0.0,0.0,0.0,0.0,0.0,1.0
1779289529.2157109,1299.3493258091532,532.559617966409,0.38965677473486604,131142.24909232015,-6.944131862089326e-05,0.0,0.0,0.0,0.0,0.0,0.0,1.0
1779289529.2261443,1307.1004927989197,535.7426637808475,0.38965677473476523,132727.57715511782,6.944131862089383e-05,0.0,0.0,0.0,0.0,0.0,0.0,1.0
1779289529.2365751,1332.0056027472979,545.9700406503428,0.3896567747346742,134480.97472248765,-6.944131862089327e-05,0.0,0.0,0.0,0.0,0.0,0.0,1.0
1779289529.2468958,1362.8081645507084,558.6192282047764,0.3896567747321278,136306.28863507803,6.944131862089383e-05,0.0,0.0,0.0,0.0,0.0,0.0,1.0
1779289529.25755,1346.7914834535243,552.0419179712388,0.389656774730907,137790.9583380702,-6.944131862089327e-05,0.0,0.0,0.0,0.0,0.0,0.0,1.0
1779289529.2676015,1404.220659178162,575.6254244999759,0.3896567747305024,139825.62929279727,6.944131862089383e-05,0.0,0.0,0.0,0.0,0.0,0.0,1.0
1779289529.2778237,1415.6372365321815,580.3136848284951,0.38965677473044247,141494.75594496113,-6.944131862089327e-05,0.0,0.0,0.0,0.0,0.0,0.0,1.0
1779289529.2884827,1407.488246096822,576.9672713182819,0.3896567747305797,143112.22011920152,6.944131862089383e-05,0.0,0.0,0.0,0.0,0.0,0.0,1.0
1779289529.2988195,1444.781672244895,592.2819567265925,0.38965677473081506,145104.86407966333,-6.944131862089337e-05,0.0,0.0,0.0,0.0,0.0,0.0,1.0
1779289529.3092155,1458.8423532339377,598.0560281437579,0.3896567747310784,146907.9521720019,6.944131862089359e-05,0.0,0.0,0.0,0.0,0.0,0.0,1.0
1779289529.3193593,1490.6388993592159,611.1133991427737,0.38965677473133953,148824.66372367475,-6.944131862089364e-05,0.0,0.0,0.0,0.0,0.0,0.0,1.0
1779289529.3294811,1524.1365325954132,624.8693279484405,0.3896567747315931,150783.17798806142,6.944131862089337e-05,0.0,0.0,0.0,0.0,0.0,0.0,1.0
1779289529.3398027,1533.4294695413737,628.6855073821013,0.38965677473183336,152593.16383784125,-6.94413186208938e-05,0.0,0.0,0.0,0.0,0.0,0.0,1.0
1779289529.3501887,1542.0650740597373,632.2317507874765,0.3896567747320554,154438.27872842082,6.944131862089326e-05,0.0,0.0,0.0,0.0,0.0,0.0,1.0
1779289529.3605783,1554.6568617738246,637.4026156698252,0.38965677473225746,156343.77323763532,-6.944131862089383e-05,0.0,0.0,0.0,0.0,0.0,0.0,1.0
1779289529.370983,1556.0084267986288,637.9576409200766,0.3896567747324369,158157.73048417177,6.944131862089327e-05,0.0,0.0,0.0,0.0,0.0,0.0,1.0
1779289529.3810277,1617.883086685893,663.3667022197624,0.38965677473259763,160461.70912152293,-6.944131862089383e-05,0.0,0.0,0.0,0.0,0.0,0.0,1.0
1779289529.3912203,1635.5543282717945,670.6234638978107,0.3896567747327424,162419.44842684933,6.944131862089327e-05,0.0,0.0,0.0,0.0,0.0,0.0,1.0
1779289529.4014115,1656.358265032775,679.1666786065426,0.3896567747328721,164417.43068757182,-6.944131862089383e-05,0.0,0.0,0.0,0.0,0.0,0.0,1.0
1779289529.4120255,1636.7265449993383,671.104839096916,0.3896567747329942,166220.57352936978,6.944131862089327e-05,0.0,0.0,0.0,0.0,0.0,0.0,1.0
1779289529.4223447,1680.0647448946988,688.9018335332249,0.3896567747331021,168535.10196055972,-6.944131862089383e-05,0.0,0.0,0.0,0.0,0.0,0.0,1.0
1779289529.4330826,1668.165508415089,684.0153674150712,0.3896567747332007,170483.14902502942,6.944131862089327e-05,0.0,0.0,0.0,0.0,0.0,0.0,1.0
1779289529.4438624,1674.7071173526767,686.7017036762845,0.3896567747332895,172643.83321099324,-6.944131862089383e-05,0.0,0.0,0.0,0.0,0.0,0.0,1.0
1779289529.4548216,1636.4368944247665,670.9858929585987,0.3896567747317672,174449.74368894595,6.944131862089327e-05,0.0,0.0,0.0,0.0,0.0,0.0,1.0
1779289529.464639,1769.2091021912324,725.509298353768,0.3896567747312467,177517.931028302,-6.944131862089379e-05,0.0,0.0,0.0,0.0,0.0,0.0,1.0
1779289529.4748693,1798.4655138410446,737.5235535856167,0.38965677473108506,179759.84884451568,6.944131862089344e-05,0.0,0.0,0.0,0.0,0.0,0.0,1.0
1779289529.485328,1821.2527838969331,746.8812315484699,0.3896567747311446,182070.17814756295,-6.944131862089353e-05,0.0,0.0,0.0,0.0,0.0,0.0,1.0
1779289529.49582,1829.3292666337393,750.1978694921908,0.3896567747313129,184283.38798389366,6.944131862089367e-05,0.0,0.0,0.0,0.0,0.0,0.0,1.0
1779289529.5058641,1883.563422574657,772.4693291695171,0.38965677473151983,186792.22778905678,-6.944131862089336e-05,0.0,0.0,0.0,0.0,0.0,0.0,1.0
1779289529.5164208,1868.0146242793126,766.0841567940683,0.3896567747317454,188853.76572694493,6.94413186208938e-05,0.0,0.0,0.0,0.0,0.0,0.0,1.0
1779289529.5266092,1916.0866563010156,785.8251171588411,0.3896567747319639,191408.62593353525,-6.944131862089326e-05,0.0,0.0,0.0,0.0,0.0,0.0,1.0
1779289529.5369093,1935.570132201015,793.8260796591885,0.3896567747321704,193763.92080706588,6.944131862089383e-05,0.0,0.0,0.0,0.0,0.0,0.0,1.0
1779289529.547041,1993.9392262549818,817.7955671929565,0.38965677473236315,196463.1121637387,-6.944131862089327e-05,0.0,0.0,0.0,0.0,0.0,0.0,1.0
1779289529.5573027,2006.8557749605125,823.0997963952933,0.38965677473253457,198767.286956668,6.944131862089383e-05,0.0,0.0,0.0,0.0,0.0,0.0,1.0
1779289529.5672553,2065.244354050573,847.0772855323436,0.3896567747326909,201457.88318282267,-6.944131862089327e-05,0.0,0.0,0.0,0.0,0.0,0.0,1.0
1779289529.5781054,2012.3510533317708,825.3564530831168,0.3896567747328432,203493.2164157941,6.944131862089383e-05,0.0,0.0,0.0,0.0,0.0,0.0,1.0
1779289529.5888467,1990.1732982843444,816.2490747397733,0.38965677473297555,205772.6795492405,-6.944131862089327e-05,0.0,0.0,0.0,0.0,0.0,0.0,1.0
1779289529.5993426,2038.041364006344,835.9062755785393,0.3896567747330937,208643.91239638993,6.944131862089383e-05,0.0,0.0,0.0,0.0,0.0,0.0,1.0
1779289529.609933,2056.2327897028244,843.3766528138544,0.3896567747331998,211308.1062508995,-6.944131862089327e-05,0.0,0.0,0.0,0.0,0.0,0.0,1.0
1779289529.6204267,2093.9964447440534,858.8844394844857,0.38965677473329396,214140.6050963835,6.944131862089383e-05,0.0,0.0,0.0,0.0,0.0,0.0,1.0
1779289529.6309645,2122.000524479506,870.3844199279192,0.38965677473337834,216932.17178747818,-6.944131862089327e-05,0.0,0.0,0.0,0.0,0.0,0.0,1.0
1779289529.6410155,2197.3642573472125,901.3328196717115,0.38965677473345073,219992.24981884594,6.944131862089374e-05,0.0,0.0,0.0,0.0,0.0,0.0,1.0
1779289529.6514683,2201.8979701522594,903.1946059569377,0.389656774736574,222597.55016908102,-6.944131862089352e-05,0.0,0.0,0.0,0.0,0.0,0.0,1.0
1779289529.6620421,2213.9622009394056,908.1488276659886,0.38965677473799953,225349.95474044728,6.944131862089346e-05,0.0,0.0,0.0,0.0,0.0,0.0,1.0
1779289529.6726217,2228.5179218253297,914.126189107444,0.38965677473849913,228157.30795516784,-6.944131862089372e-05,0.0,0.0,0.0,0.0,0.0,0.0,1.0
1779289529.6827433,2295.887341394363,941.7916941084545,0.3896567747385209,231285.5639503843,6.944131862089332e-05,0.0,0.0,0.0,0.0,0.0,0.0,1.0
1779289529.6930387,2348.1267051471987,963.2439848977335,0.3896567747383184,234404.5783873466,-6.944131862089383e-05,0.0,0.0,0.0,0.0,0.0,0.0,1.0
1779289529.7032986,2376.430184997131,974.8669151259019,0.3896567747380213,237304.83368860077,6.944131862089323e-05,0.0,0.0,0.0,0.0,0.0,0.0,1.0
1779289529.7137084,2395.1402001110278,982.5502530533479,0.38965677473767935,240229.0881927281,-6.944131862089386e-05,0.0,0.0,0.0,0.0,0.0,0.0,1.0
1779289529.7245388,2346.11410887133,962.4175046901915,0.3896567747373285,242735.75920260977,6.944131862089326e-05,0.0,0.0,0.0,0.0,0.0,0.0,1.0
1779289529.7346468,2456.173366315857,1007.6137518144334,0.3896567747370052,246416.33128698374,-6.944131862089383e-05,0.0,0.0,0.0,0.0,0.0,0.0,1.0
1779289529.7450135,2496.0073299038463,1023.971718459014,0.3896567747366966,249625.05798769888,6.944131862089327e-05,0.0,0.0,0.0,0.0,0.0,0.0,1.0
1779289529.7556248,2474.5756993038985,1015.1707389190163,0.3896567747364137,252397.287308295,-6.944131862089383e-05,0.0,0.0,0.0,0.0,0.0,0.0,1.0
1779289529.7661357,2522.5137416079137,1034.8566759028872,0.38965677473615257,255829.0569756934,6.944131862089327e-05,0.0,0.0,0.0,0.0,0.0,0.0,1.0
1779289529.7767885,2517.117626476872,1032.640740971807,0.38965677473591986,258844.13259565947,-6.944131862089383e-05,0.0,0.0,0.0,0.0,0.0,0.0,1.0
1779289529.787312,2561.6687260900108,1050.9358172284278,0.3896567747357107,262306.90333859617,6.944131862089327e-05,0.0,0.0,0.0,0.0,0.0,0.0,1.0
1779289529.7976797,2632.5342514293548,1080.0370111681473,0.3896567747355242,265987.1502206914,-6.944131862089383e-05,0.0,0.0,0.0,0.0,0.0,0.0,1.0
1779289529.807966,2676.220847099349,1097.977075636103,0.38965677473536076,269402.075238755,6.944131862089327e-05,0.0,0.0,0.0,0.0,0.0,0.0,1.0
1779289529.8181717,2709.51463358604,1111.6492940085584,0.38965677473521687,272709.6444904074,-6.94413186208937e-05,0.0,0.0,0.0,0.0,0.0,0.0,1.0
1779289529.8285,2751.6280753493716,1128.9433369207484,0.38965677473508364,276215.862244125,6.944131862089356e-05,0.0,0.0,0.0,0.0,0.0,0.0,1.0
1779289529.8386796,2791.463769789043,1145.3020143460906,0.38965677473496774,279649.35511572217,-6.944131862089344e-05,0.0,0.0,0.0,0.0,0.0,0.0,1.0
1779289529.8490245,2808.5110048792394,1152.302525449811,0.3896567747356694,282987.3964972637,6.944131862089375e-05,0.0,0.0,0.0,0.0,0.0,0.0,1.0
1779289529.8593082,2876.176331516057,1180.0895458019058,0.38965677473593274,286837.0449615208,-6.944131862089329e-05,0.0,0.0,0.0,0.0,0.0,0.0,1.0
1779289529.8698077,2889.19556604898,1185.4359433349637,0.38965677473597227,290332.0546962562,6.944131862089386e-05,0.0,0.0,0.0,0.0,0.0,0.0,1.0
1779289529.8805313,2858.5661322179335,1172.8578513849386,0.38965677473589366,293573.8866548364,-6.944131862089326e-05,0.0,0.0,0.0,0.0,0.0,0.0,1.0
1779289529.8906593,2964.6545568419497,1216.4234611113848,0.3896567747357622,297799.7757863251,6.944131862089383e-05,0.0,0.0,0.0,0.0,0.0,0.0,1.0
1779289529.9011824,2961.611005261759,1215.17361523362,0.389656774735609,301279.0969875475,-6.944131862089327e-05,0.0,0.0,0.0,0.0,0.0,0.0,1.0
1779289529.9115639,3039.3996123434194,1247.1177986742684,0.3896567747354509,305482.02632167086,6.944131862089383e-05,0.0,0.0,0.0,0.0,0.0,0.0,1.0
1779289529.9220555,3052.932445029371,1252.6751072056434,0.3896567747353017,309156.708384747,-6.944131862089327e-05,0.0,0.0,0.0,0.0,0.0,0.0,1.0
1779289529.9320767,3161.274926993302,1297.1663540353566,0.3896567747351658,313525.4266006009,6.944131862089383e-05,0.0,0.0,0.0,0.0,0.0,0.0,1.0
1779289529.9422271,3201.3690893105677,1313.6311722647365,0.38965677473504057,317379.12661015557,-6.944131862089327e-05,0.0,0.0,0.0,0.0,0.0,0.0,1.0
1779289529.9530013,3124.059879673469,1281.8838551837973,0.38965677473492155,320544.70988491504,6.944131862089383e-05,0.0,0.0,0.0,0.0,0.0,0.0,1.0
1779289529.9632373,3247.7546472550603,1332.679575719665,0.3896567747348154,325322.35547801055,-6.944131862089327e-05,0.0,0.0,0.0,0.0,0.0,0.0,1.0
1779289529.973982,3210.690048200003,1317.4588590131023,0.3896567747347186,328939.04452374537,6.944131862089383e-05,0.0,0.0,0.0,0.0,0.0,0.0,1.0
1779289529.9845748,3243.17394066163,1330.7984913647595,0.389656774734632,333152.1111930005,-6.944131862089332e-05,0.0,0.0,0.0,0.0,0.0,0.0,1.0
1779289529.9945793,3376.2065612426404,1385.4288362800244,0.3896567747345583,337990.91377292125,6.944131862089361e-05,0.0,0.0,0.0,0.0,0.0,0.0,1.0
1779289530.0048077,3428.5512882218086,1406.9243948644694,0.3896567747344908,342273.88565462345,-6.944131862089361e-05,0.0,0.0,0.0,0.0,0.0,0.0,1.0
1779289530.0153508,3436.873969995001,1410.3421353695087,0.3896567747344286,346402.4322115013,6.94413186208934e-05,0.0,0.0,0.0,0.0,0.0,0.0,1.0
1779289530.0257242,3496.591364734626,1434.8653076395908,0.3896567747343731,350961.355430362,-6.944131862089378e-05,0.0,0.0,0.0,0.0,0.0,0.0,1.0
1779289530.0357547,3589.8728593911287,1473.1717035072768,0.3896567747343256,355647.9981689744,6.944131862089327e-05,0.0,0.0,0.0,0.0,0.0,0.0,1.0
1779289530.0458996,3627.499632033123,1488.6232789134601,0.3896567747344064,359933.8072429868,-6.944131862089387e-05,0.0,0.0,0.0,0.0,0.0,0.0,1.0
1779289530.056095,3649.1687184123725,1497.5217705633315,0.3896567747344255,364162.1648274216,6.944131862089325e-05,0.0,0.0,0.0,0.0,0.0,0.0,1.0
1779289530.0661056,3746.966196441637,1537.682671953817,0.3896567747344104,369034.352721328,-6.944131862089384e-05,0.0,0.0,0.0,0.0,0.0,0.0,1.0
1779289530.0763512,3783.90935332818,1552.8535179786847,0.3896567747343802,373564.0147596736,6.944131862089326e-05,0.0,0.0,0.0,0.0,0.0,0.0,1.0
1779289530.086976,3736.6927375625805,1533.4638375101665,0.38965677473434157,377622.2472206663,-6.944131862089383e-05,0.0,0.0,0.0,0.0,0.0,0.0,1.0
1779289530.097265,3773.6350075514215,1548.634319326287,0.3896567747343034,382236.3469735364,6.944131862089327e-05,0.0,0.0,0.0,0.0,0.0,0.0,1.0
1779289530.1073537,3886.880636160231,1595.1390617275,0.38965677473426563,387487.5436008834,-6.944131862089383e-05,0.0,0.0,0.0,0.0,0.0,0.0,1.0
1779289530.1177187,3948.208710678333,1620.323665693707,0.3896567747342288,392559.8978698076,6.944131862089327e-05,0.0,0.0,0.0,0.0,0.0,0.0,1.0
1779289530.1283495,3915.1708770724895,1606.756555331722,0.3896567747341946,396989.8205778102,-6.944131862089383e-05,0.0,0.0,0.0,0.0,0.0,0.0,1.0
1779289530.1385722,4007.410390384565,1644.6350576498305,0.3896567747341648,402320.46930048446,6.944131862089327e-05,0.0,0.0,0.0,0.0,0.0,0.0,1.0
1779289530.1486647,4101.572095102312,1683.3029150826958,0.38965677473413773,407608.70661580784,-6.944131862089383e-05,0.0,0.0,0.0,0.0,0.0,0.0,1.0
1779289530.1589088,4152.773312662441,1704.3288872327641,0.3896567747341133,412700.0977452699,6.944131862089337e-05,0.0,0.0,0.0,0.0,0.0,0.0,1.0
1779289530.169515,4120.710245822527,1691.1620685015268,0.3896567747340902,417365.13380126824,-6.944131862089359e-05,0.0,0.0,0.0,0.0,0.0,0.0,1.0
1779289530.1798563,4188.076605012853,1718.8263167301304,0.38965677473407023,422797.7874073684,6.944131862089364e-05,0.0,0.0,0.0,0.0,0.0,0.0,1.0
1779289530.1901147,4264.847627197737,1750.3526251133353,0.38965677473405247,428298.9511528714,-6.944131862089337e-05,0.0,0.0,0.0,0.0,0.0,0.0,1.0
1779289530.2006845,4273.471383311219,1753.8940029263536,0.38965677473403604,433486.1302237015,6.94413186208938e-05,0.0,0.0,0.0,0.0,0.0,0.0,1.0
1779289530.2113903,4248.213838486709,1743.521897352036,0.3896567747340214,438516.626834884,-6.944131862089326e-05,0.0,0.0,0.0,0.0,0.0,0.0,1.0
1779289530.2217185,4369.241518465944,1793.2223683545806,0.3896567747340085,444658.32255288423,6.944131862089383e-05,0.0,0.0,0.0,0.0,0.0,0.0,1.0
1779289530.2319448,4518.804016873093,1854.6407696362623,0.38965677473399696,451066.6624176148,-6.944131862089327e-05,0.0,0.0,0.0,0.0,0.0,0.0,1.0
1779289530.242777,4431.091595598674,1818.6213346534919,0.3896567747339863,455830.16808668594,6.944131862089383e-05,0.0,0.0,0.0,0.0,0.0,0.0,1.0
1779289530.2532275,4532.199331991664,1860.1416061435011,0.3896567747350974,462103.03074779006,-6.944131862089327e-05,0.0,0.0,0.0,0.0,0.0,0.0,1.0
1779289530.2636292,4596.345701046541,1886.4835533824864,0.3896567747355819,468033.975852488,6.944131862089383e-05,0.0,0.0,0.0,0.0,0.0,0.0,1.0
1779289530.2739415,4674.239198365068,1918.4708104157812,0.38965677473573823,474035.5915988758,-6.944131862089327e-05,0.0,0.0,0.0,0.0,0.0,0.0,1.0
1779289530.284036,4815.401918270471,1976.439811143986,0.389656774735728,480563.29717039224,6.944131862089383e-05,0.0,0.0,0.0,0.0,0.0,0.0,1.0
1779289530.2943919,4886.137140883839,2005.4874957876125,0.3896567747356352,486756.3603730415,-6.944131862089327e-05,0.0,0.0,0.0,0.0,0.0,0.0,1.0
1779289530.3050294,4846.2622819452945,1989.1127353166019,0.38965677473550464,492223.93359341304,6.944131862089383e-05,0.0,0.0,0.0,0.0,0.0,0.0,1.0
1779289530.315457,4938.383442148437,2026.9426354878763,0.3896567747353603,498814.51982553204,-6.944131862089327e-05,0.0,0.0,0.0,0.0,0.0,0.0,1.0
1779289530.3256633,5014.354431942957,2058.140407567893,0.3896567747352231,505082.5730837576,6.944131862089379e-05,0.0,0.0,0.0,0.0,0.0,0.0,1.0
1779289530.3359113,5107.1883873453,2096.2630197613057,0.3896567747350903,511642.2599894784,-6.944131862089344e-05,0.0,0.0,0.0,0.0,0.0,0.0,1.0
1779289530.346429,5116.677067195618,2100.159581752513,0.3896567747349642,517749.2976182432,6.944131862089353e-05,0.0,0.0,0.0,0.0,0.0,0.0,1.0
1779289530.3574958,5004.651388184697,2054.155816231415,0.38965677473484606,523187.91612683487,-6.944131862089367e-05,0.0,0.0,0.0,0.0,0.0,0.0,1.0
1779289530.3677113,5223.1458652858655,2143.881393266447,0.3896567747347417,531211.3213954554,6.944131862089336e-05,0.0,0.0,0.0,0.0,0.0,0.0,1.0
1779289530.3781528,5319.981563598621,2183.6473362042066,0.3896567747346471,538287.1345652547,-6.94413186208938e-05,0.0,0.0,0.0,0.0,0.0,0.0,1.0
1779289530.3882775,5442.669219644825,2234.0294826081445,0.38965677473456584,545352.3755582398,6.944131862089326e-05,0.0,0.0,0.0,0.0,0.0,0.0,1.0
1779289530.3985302,5539.288938252981,2273.706732669695,0.3896567747344917,552382.073075624,-6.944131862089383e-05,0.0,0.0,0.0,0.0,0.0,0.0,1.0
1779289530.4087026,5645.028606833972,2317.129124414973,0.3896567747344246,559521.9032349339,6.944131862089327e-05,0.0,0.0,0.0,0.0,0.0,0.0,1.0
1779289530.4189572,5693.121310270264,2336.8785735734396,0.3896567747343651,566286.0825373575,-6.944131862089383e-05,0.0,0.0,0.0,0.0,0.0,0.0,1.0
1779289530.4294832,5692.884080657342,2336.781154342109,0.3896567747343096,572986.9188377976,6.944131862089327e-05,0.0,0.0,0.0,0.0,0.0,0.0,1.0
1779289530.439845,5727.9521062467265,2351.1819706609535,0.38965677473426164,579880.7473463335,-6.944131862089383e-05,0.0,0.0,0.0,0.0,0.0,0.0,1.0
1779289530.45008,5861.507227483139,2406.0268824573595,0.38965677473450233,587656.5045294858,6.944131862089327e-05,0.0,0.0,0.0,0.0,0.0,0.0,1.0
1779289530.4606843,5851.553276045632,2401.939254956894,0.38965677473459603,594589.8006221936,-6.944131862089383e-05,0.0,0.0,0.0,0.0,0.0,0.0,1.0
1779289530.4717484,5791.767015636802,2377.387802748878,0.38965677473460536,601314.1261239903,6.944131862089327e-05,0.0,0.0,0.0,0.0,0.0,0.0,1.0
1779289530.4818103,6147.948093700356,2523.6548992138655,0.38965677473456983,611265.6692117981,-6.944131862089383e-05,0.0,0.0,0.0,0.0,0.0,0.0,1.0
1779289530.4923391,6156.4717293620915,2527.155162189631,0.3896567747345179,618561.7709660729,6.944131862089327e-05,0.0,0.0,0.0,0.0,0.0,0.0,1.0
1779289530.502813,6208.45247978387,2548.501252435876,0.3896567747344597,626298.0870040494,-6.944131862089374e-05,0.0,0.0,0.0,0.0,0.0,0.0,1.0
1779289530.5131142,6309.198128409751,2589.872831144641,0.3896567747344024,634358.4207838869,6.944131862089352e-05,0.0,0.0,0.0,0.0,0.0,0.0,1.0
1779289530.5232234,6477.6347482600295,2659.0419612319197,0.3896567747343478,642931.7643884699,-6.944131862089346e-05,0.0,0.0,0.0,0.0,0.0,0.0,1.0
1779289530.533868,6403.2219118649955,2628.484050693237,0.38965677473429494,649974.8841321031,6.944131862089372e-05,0.0,0.0,0.0,0.0,0.0,0.0,1.0
1779289530.5441413,6538.726947435669,2684.1297021029986,0.3896567747342483,658608.2376245521,-6.944131862089332e-05,0.0,0.0,0.0,0.0,0.0,0.0,1.0
1779289530.554906,6445.271506508902,2645.7518745460225,0.38965677473420435,665789.5157482998,6.944131862089383e-05,0.0,0.0,0.0,0.0,0.0,0.0,1.0
1779289530.5653133,6629.391347662055,2721.3613783204887,0.38965677473416527,675234.9714939807,-6.944131862089323e-05,0.0,0.0,0.0,0.0,0.0,0.0,1.0
1779289530.575524,6767.454199278128,2778.0574064888115,0.3896567747341311,684064.0912271186,6.944131862089386e-05,0.0,0.0,0.0,0.0,0.0,0.0,1.0
1779289530.5857654,6874.180409303215,2821.8849251808024,0.38965677473410043,692739.3788378556,-6.944131862089326e-05,0.0,0.0,0.0,0.0,0.0,0.0,1.0
1779289530.5957937,7086.039648875684,2908.8857170226897,0.3896567747340729,702214.5219767746,6.944131862089383e-05,0.0,0.0,0.0,0.0,0.0,0.0,1.0
1779289530.6058493,7227.931722936781,2967.154229759255,0.38965677473404847,711192.7463958743,-6.944131862089327e-05,0.0,0.0,0.0,0.0,0.0,0.0,1.0
1779289530.6163635,7113.216924571711,2920.0461672836086,0.3896567747340258,718390.6942190718,6.944131862089383e-05,0.0,0.0,0.0,0.0,0.0,0.0,1.0
1779289530.6268373,7171.8010290138045,2944.1039496397843,0.3896567747340054,727303.1374522817,-6.944131862089327e-05,0.0,0.0,0.0,0.0,0.0,0.0,1.0
1779289530.6368678,7575.702233801759,3109.9674952345595,0.38965677473398674,739061.9156681318,6.944131862089383e-05,0.0,0.0,0.0,0.0,0.0,0.0,1.0
1779289530.6475654,7345.180989017276,3015.30308091061,0.389656774733949,745877.2658532931,-6.944131862089327e-05,0.0,0.0,0.0,0.0,0.0,0.0,1.0
1779289530.6584554,7313.08521625741,3002.12283136922,0.38965677473392457,754963.0991972935,6.944131862089383e-05,0.0,0.0,0.0,0.0,0.0,0.0,1.0
1779289530.668869,7527.634848369455,3090.228443003985,0.3896567747339086,765732.6059044518,-6.944131862089327e-05,0.0,0.0,0.0,0.0,0.0,0.0,1.0
1779289530.6789596,7761.85514376206,3186.411886339616,0.3896567747338975,776326.5389158231,6.94413186208937e-05,0.0,0.0,0.0,0.0,0.0,0.0,1.0
1779289530.689152,7905.423285267365,3245.3686824623774,0.38965677473388904,786349.8742205143,-6.944131862089356e-05,0.0,0.0,0.0,0.0,0.0,0.0,1.0
1779289530.6997926,7789.345571678605,3197.700933735133,0.3896567747338815,794710.1853585974,6.944131862089344e-05,0.0,0.0,0.0,0.0,0.0,0.0,1.0
1779289530.7099645,8039.057548617206,3300.246094238531,0.3896567747338757,805904.9024157607,-6.944131862089375e-05,0.0,0.0,0.0,0.0,0.0,0.0,1.0
1779289530.7205946,8011.554535913074,3288.951878852164,0.38965677473387084,815311.1506147576,6.944131862089329e-05,0.0,0.0,0.0,0.0,0.0,0.0,1.0
1779289530.7306874,8248.41217759879,3386.2183583414626,0.38965677473386684,826469.2078612203,-6.944131862089386e-05,0.0,0.0,0.0,0.0,0.0,0.0,1.0
1779289530.7408168,8436.876692938575,3463.6120188765153,0.38965677473386284,837355.7215422629,6.944131862089326e-05,0.0,0.0,0.0,0.0,0.0,0.0,1.0
1779289530.7509816,8540.052426808692,3505.981521210677,0.38965677473385973,847629.9555879612,-6.944131862089383e-05,0.0,0.0,0.0,0.0,0.0,0.0,1.0
1779289530.761265,8635.133257891022,3545.0268213347194,0.3896567747338566,858148.2549219875,6.944131862089327e-05,0.0,0.0,0.0,0.0,0.0,0.0,1.0
1779289530.771863,8582.622981358085,3523.46327920439,0.38965677473385396,867964.2584675988,-6.944131862089383e-05,0.0,0.0,0.0,0.0,0.0,0.0,1.0
1779289530.7823353,8678.453460470895,3562.8164251055987,0.38965677473385174,879046.1479973474,6.944131862089327e-05,0.0,0.0,0.0,0.0,0.0,0.0,1.0
1779289530.792705,8741.484675882322,3588.700430271594,0.3896567747338495,889704.2120724416,-6.944131862089383e-05,0.0,0.0,0.0,0.0,0.0,0.0,1.0
1779289530.8031259,8881.016727786684,3645.999791052475,0.3896567747338473,901337.0671782254,6.944131862089327e-05,0.0,0.0,0.0,0.0,0.0,0.0,1.0
1779289530.81306,9265.74034579851,3803.9879886638832,0.38965677473384597,914596.3288827814,-6.944131862089383e-05,0.0,0.0,0.0,0.0,0.0,0.0,1.0
1779289530.8233323,9301.171075760438,3818.5377508949155,0.3896567747338442,925260.3319345779,6.944131862089327e-05,0.0,0.0,0.0,0.0,0.0,0.0,1.0
1779289530.83392,9304.375021383514,3819.85346318948,0.38965677473384286,936320.2917118206,-6.944131862089383e-05,0.0,0.0,0.0,0.0,0.0,0.0,1.0
1779289530.8444223,9372.850987848942,3847.973375810062,0.3896567747338415,948011.3873426057,6.944131862089332e-05,0.0,0.0,0.0,0.0,0.0,0.0,1.0
1779289530.8547301,9509.12445071233,3903.934584736581,0.3896567747336066,959981.0937439379,-6.944131862089361e-05,0.0,0.0,0.0,0.0,0.0,0.0,1.0
1779289530.8647954,9797.40246293844,4022.3170323506893,0.38965677473350224,973201.6548417804,6.944131862089361e-05,0.0,0.0,0.0,0.0,0.0,0.0,1.0
1779289530.8748887,9976.077919885996,4095.690779307701,0.3896567747334636,985581.6620340155,-6.94413186208934e-05,0.0,0.0,0.0,0.0,0.0,0.0,1.0
1779289530.8852236,10026.453343152765,4116.377635926063,0.38965677473346094,997356.9894093241,6.944131862089378e-05,0.0,0.0,0.0,0.0,0.0,0.0,1.0
1779289530.8959174,9838.102852245214,4039.0307999488455,0.38965677473347693,1007680.4013233116,-6.944131862089327e-05,0.0,0.0,0.0,0.0,0.0,0.0,1.0
1779289530.9064906,9954.042942530315,4086.6420331481727,0.3896567747335027,1020765.2627729698,6.944131862089387e-05,0.0,0.0,0.0,0.0,0.0,0.0,1.0
1779289530.9163888,10496.817061812188,4309.534262271816,0.3896567747335311,1036730.0129194685,-6.944131862089325e-05,0.0,0.0,0.0,0.0,0.0,0.0,1.0
1779289530.927098,10287.808062858625,4223.703932436803,0.38965677473356,1047398.9856270808,6.944131862089384e-05,0.0,0.0,0.0,0.0,0.0,0.0,1.0
1779289530.9371235,10674.4721078197,4382.48897365736,0.38965677473358706,1062387.052909969,-6.944131862089326e-05,0.0,0.0,0.0,0.0,0.0,0.0,1.0
1779289530.9472537,10861.986342521595,4459.492397882241,0.38965677473361193,1075896.0149043088,6.944131862089383e-05,0.0,0.0,0.0,0.0,0.0,0.0,1.0
1779289530.957261,11114.724528786575,4563.280282603241,0.3896567747336346,1089947.4434614317,-6.944131862089327e-05,0.0,0.0,0.0,0.0,0.0,0.0,1.0
1779289530.968125,10796.266267745563,4432.504202527366,0.3896567747336568,1100522.817874253,6.944131862089383e-05,0.0,0.0,0.0,0.0,0.0,0.0,1.0
1779289530.9784439,11056.081392511225,4539.198258603583,0.3896567747336759,1115643.7607709449,-6.944131862089327e-05,0.0,0.0,0.0,0.0,0.0,0.0,1.0
1779289530.9897802,10343.86433676853,4246.723651699459,0.3896567747336941,1123796.0950049795,6.944131862089383e-05,0.0,0.0,0.0,0.0,0.0,0.0,1.0
1779289530.9995806,11517.203792179318,4728.55990262864,0.3896567747337092,1146414.7865719064,-6.944131862089327e-05,0.0,0.0,0.0,0.0,0.0,0.0,1.0
1779289531.009766,11580.021208518421,4754.356110403433,0.38965677473372295,1159943.4505242226,6.944131862089383e-05,0.0,0.0,0.0,0.0,0.0,0.0,1.0
1779289531.0200608,11833.147366267147,4858.30331707028,0.3896567747337354,1175520.116411336,-6.944131862089337e-05,0.0,0.0,0.0,0.0,0.0,0.0,1.0
1779289531.0304463,11798.175004548673,4843.941785478862,0.3896567747337465,1188689.153759129,6.944131862089359e-05,0.0,0.0,0.0,0.0,0.0,0.0,1.0
1779289531.040475,12154.08318027841,4990.096813572386,0.38965677473375626,1204922.0356001765,-6.944131862089364e-05,0.0,0.0,0.0,0.0,0.0,0.0,1.0
1779289531.051117,11992.257358842846,4923.642432670023,0.3896567747337931,1217943.0259318338,6.944131862089337e-05,0.0,0.0,0.0,0.0,0.0,0.0,1.0
1779289531.0614097,12370.056255239751,5078.786967364539,0.38965677473381266,1235375.0872680563,-6.94413186208938e-05,0.0,0.0,0.0,0.0,0.0,0.0,1.0
1779289531.071764,12474.953938622084,5121.8635947300845,0.38965677473382376,1250546.5196145796,6.944131862089326e-05,0.0,0.0,0.0,0.0,0.0,0.0,1.0
1779289531.0822887,12433.864514285064,5104.990068417657,0.3896567747338304,1264891.0948544538,-6.944131862089383e-05,0.0,0.0,0.0,0.0,0.0,0.0,1.0
1779289531.0922208,12986.964791053524,5332.1227728687045,0.389656774733834,1283611.2945845071,6.944131862089327e-05,0.0,0.0,0.0,0.0,0.0,0.0,1.0
1779289531.102403,13100.956369205787,5378.933842249732,0.38965677473383575,1298972.0696315316,-6.944131862089383e-05,0.0,0.0,0.0,0.0,0.0,0.0,1.0
1779289531.1127036,13204.771224205893,5421.565802074774,0.3896567747338371,1314754.4749934643,6.944131862089327e-05,0.0,0.0,0.0,0.0,0.0,0.0,1.0
1779289531.1233,13146.032038757121,5397.444335121086,0.389656774733838,1329971.7033690491,-6.944131862089383e-05,0.0,0.0,0.0,0.0,0.0,0.0,1.0
1779289531.13367,13318.399839423366,5468.227819364287,0.38965677473383886,1346909.4371336205,6.944131862089327e-05,0.0,0.0,0.0,0.0,0.0,0.0,1.0
1779289531.143789,13757.94360850245,5648.7281177525565,0.38965677473383886,1365961.5741687957,-6.944131862089383e-05,0.0,0.0,0.0,0.0,0.0,0.0,1.0
1779289531.154102,13772.896678565257,5654.868652093019,0.3896567747338393,1381684.8328362314,6.944131862089327e-05,0.0,0.0,0.0,0.0,0.0,0.0,1.0
1779289531.1640618,14246.129173406349,5849.203352149849,0.3896567747338393,1401007.1518086577,-6.944131862089383e-05,0.0,0.0,0.0,0.0,0.0,0.0,1.0
1779289531.1742318,14305.895495529985,5873.746616634043,0.3896567747338393,1417213.1312625972,6.944131862089327e-05,0.0,0.0,0.0,0.0,0.0,0.0,1.0
1779289531.1843383,14596.7559690379,5993.189561684821,0.38965677473383975,1435637.1803707816,-6.944131862089379e-05,0.0,0.0,0.0,0.0,0.0,0.0,1.0
1779289531.1959455,13117.834414443181,5385.864874870496,0.38965677473383975,1441525.4132328916,6.944131862089344e-05,0.0,0.0,0.0,0.0,0.0,0.0,1.0
1779289531.2055006,14741.119349104796,6052.472925507741,0.38965677473383975,1471168.5607476244,-6.944131862089353e-05,0.0,0.0,0.0,0.0,0.0,0.0,1.0
1779289531.2157094,15186.471278901528,6235.3583668928195,0.3896567747338402,1491907.747275477,6.944131862089367e-05,0.0,0.0,0.0,0.0,0.0,0.0,1.0
1779289531.2258556,15358.508358650037,6306.006039349896,0.3896567747338402,1510107.0995115105,-6.944131862089336e-05,0.0,0.0,0.0,0.0,0.0,0.0,1.0
1779289531.2360725,15595.22446793494,6403.214398027691,0.3896567747338402,1529392.3521449459,6.94413186208938e-05,0.0,0.0,0.0,0.0,0.0,0.0,1.0
1779289531.2465615,15427.140382556043,6334.190037567004,0.3896567747339348,1545828.8754317225,-6.944131862089326e-05,0.0,0.0,0.0,0.0,0.0,0.0,1.0
1779289531.2572188,15384.984443470259,6316.878542982096,0.389656774733977,1564221.8788140723,6.944131862089383e-05,0.0,0.0,0.0,0.0,0.0,0.0,1.0
1779289531.2676022,15647.999633628244,6424.8867179279705,0.3896567747339903,1584823.4475740257,-6.944131862089327e-05,0.0,0.0,0.0,0.0,0.0,0.0,1.0
1779289531.2781084,15749.49218429234,6466.565014765157,0.38965677473398985,1604488.143022215,6.944131862089383e-05,0.0,0.0,0.0,0.0,0.0,0.0,1.0
1779289531.2884092,16050.05079157733,6589.990534850571,0.3896567747339823,1625559.7600088683,-6.944131862089327e-05,0.0,0.0,0.0,0.0,0.0,0.0,1.0
1779289531.298921,16217.067082054835,6658.576401351278,0.38965677473397164,1646297.2061571262,6.944131862089383e-05,0.0,0.0,0.0,0.0,0.0,0.0,1.0
1779289531.3092082,16537.428156148468,6790.133878749256,0.3896567747339601,1667988.569037625,-6.944131862089327e-05,0.0,0.0,0.0,0.0,0.0,0.0,1.0
1779289531.319567,16781.555338933333,6890.385622573802,0.38965677473394855,1689463.6489360705,6.944131862089383e-05,0.0,0.0,0.0,0.0,0.0,0.0,1.0
1779289531.3300388,16940.045775953855,6955.470315353769,0.38965677473393745,1710788.8515647308,-6.944131862089327e-05,0.0,0.0,0.0,0.0,0.0,0.0,1.0
1779289531.3401468,17361.027311223905,7128.347962763829,0.3896567747339277,1733583.6641998354,6.944131862089383e-05,0.0,0.0,0.0,0.0,0.0,0.0,1.0
1779289531.35055,17311.64780436792,7108.070082951034,0.38965677473391835,1753132.202565622,-6.944131862089327e-05,0.0,0.0,0.0,0.0,0.0,0.0,1.0
1779289531.3607688,17761.55080010683,7292.824436645366,0.38965677473391036,1777044.6656388014,6.944131862089374e-05,0.0,0.0,0.0,0.0,0.0,0.0,1.0
1779289531.3711061,17833.32928472482,7322.300540739557,0.3896567747339028,1798016.9163549643,-6.944131862089352e-05,0.0,0.0,0.0,0.0,0.0,0.0,1.0
1779289531.3811147,18499.322880235755,7595.793310222319,0.38965677473389615,1823786.5608746386,6.944131862089346e-05,0.0,0.0,0.0,0.0,0.0,0.0,1.0
1779289531.391567,18469.208562621683,7583.426752674346,0.38965677473388993,1844890.3036317595,-6.944131862089372e-05,0.0,0.0,0.0,0.0,0.0,0.0,1.0
1779289531.4021661,18385.586600758066,7549.087080200125,0.38965677473388416,1866218.3903332714,6.944131862089332e-05,0.0,0.0,0.0,0.0,0.0,0.0,1.0
1779289531.4123945,18759.033366777447,7702.444396218505,0.3896567747338793,1890658.958026725,-6.944131862089383e-05,0.0,0.0,0.0,0.0,0.0,0.0,1.0
1779289531.422583,19109.78213422818,7846.480693938671,0.38965677473387483,1914944.4775831897,6.944131862089323e-05,0.0,0.0,0.0,0.0,0.0,0.0,1.0
1779289531.433109,19207.2562246742,7886.508795002289,0.38965677473387084,1938464.798280321,-6.944131862089386e-05,0.0,0.0,0.0,0.0,0.0,0.0,1.0
1779289531.4431436,19810.109709285975,8134.072840978341,0.3896567747338673,1965240.5761413998,6.944131862089326e-05,0.0,0.0,0.0,0.0,0.0,0.0,1.0
1779289531.4535441,19922.93802471482,8180.406212153033,0.38965677473385485,1989159.9470969955,-6.944131862089383e-05,0.0,0.0,0.0,0.0,0.0,0.0,1.0
1779289531.4637494,20187.832798262287,8289.186245063695,0.3896567747338482,2013973.7337616012,6.944131862089327e-05,0.0,0.0,0.0,0.0,0.0,0.0,1.0
1779289531.474278,20214.7538936055,8300.241493900809,0.3896567747338442,2038135.6026900688,-6.944131862089383e-05,0.0,0.0,0.0,0.0,0.0,0.0,1.0
1779289531.4848347,20297.70379706372,8334.305183067925,0.38965677473384197,2063206.867819815,6.944131862089327e-05,0.0,0.0,0.0,0.0,0.0,0.0,1.0
1779289531.495032,20722.625302604825,8508.800794056384,0.3896567747338402,2090216.5310611494,-6.944131862089383e-05,0.0,0.0,0.0,0.0,0.0,0.0,1.0
1779289531.5054255,21015.86960061753,8629.222665586418,0.38965677473383975,2117184.5125637865,6.944131862089327e-05,0.0,0.0,0.0,0.0,0.0,0.0,1.0
1779289531.5160005,21038.959403990808,8638.704579998015,0.3896567747338393,2142646.620047468,-6.944131862089383e-05,0.0,0.0,0.0,0.0,0.0,0.0,1.0
1779289531.526225,21566.722148684865,8855.43233180994,0.38965677473383886,2171613.0845031827,6.944131862089327e-05,0.0,0.0,0.0,0.0,0.0,0.0,1.0
1779289531.5367153,21757.325001811463,8933.704108782385,0.3896567747338384,2198486.7236328865,-6.94413186208937e-05,0.0,0.0,0.0,0.0,0.0,0.0,1.0
1779289531.547223,21881.926218789053,8984.87206616489,0.3896567747338384,2225891.3531411267,6.944131862089356e-05,0.0,0.0,0.0,0.0,0.0,0.0,1.0
1779289531.5575597,22349.177132573917,9176.750407511972,0.389656774733838,2255796.243385912,-6.944131862089344e-05,0.0,0.0,0.0,0.0,0.0,0.0,1.0
1779289531.5676947,22876.272830419897,9393.204234032339,0.389656774733838,2285661.253640796,6.944131862089375e-05,0.0,0.0,0.0,0.0,0.0,0.0,1.0
1779289531.5778232,23230.219282913324,9538.553673116352,0.38965677473383753,2314216.685585554,-6.944131862089329e-05,0.0,0.0,0.0,0.0,0.0,0.0,1.0
1779289531.5878453,23763.218374178214,9757.43175029974,0.38965677473383753,2344354.9166712076,6.944131862089386e-05,0.0,0.0,0.0,0.0,0.0,0.0,1.0
1779289531.5981295,23793.956797385294,9770.054599151596,0.38965677473383753,2371242.9619885515,-6.944131862089326e-05,0.0,0.0,0.0,0.0,0.0,0.0,1.0
1779289531.608218,24342.039839946145,9995.126957545022,0.38965677473383753,2402537.6152224136,6.944131862089383e-05,0.0,0.0,0.0,0.0,0.0,0.0,1.0
1779289531.6190422,23762.630381356164,9757.19028884061,0.38965677473383753,2427012.4132093717,-6.944131862089327e-05,0.0,0.0,0.0,0.0,0.0,0.0,1.0
1779289531.6291819,24559.890004724337,10084.58794530689,0.38965677473383753,2461423.124024009,6.944131862089383e-05,0.0,0.0,0.0,0.0,0.0,0.0,1.0
1779289531.639428,25052.509983432847,10286.884188375447,0.3896567747338371,2493951.0129046952,-6.944131862089327e-05,0.0,0.0,0.0,0.0,0.0,0.0,1.0
1779289531.650072,0.016237515331473367,-1.0063609717675586,0.3860737414449451,-0.00165554525627591,6.944131862089383e-05,0.0,0.0,0.0,0.0,0.0,0.0,1.0
1779289531.6604903,0.01634922351380157,-1.012990818758157,0.3863242849423978,0.0014124883683499254,-6.944131862089327e-05,0.0,0.0,0.0,0.0,0.0,0.0,1.0
1779289531.6710658,0.016381318637139965,-1.0150735496450216,0.38603085371921786,0.0003655651002676218,6.944131862089383e-05,0.0,0.0,0.0,0.0,0.0,0.0,1.0
1779289531.6819298,0.01639002234888082,-1.0158489262116266,0.38657034621547304,-0.0005099721714346189,-6.944131862089327e-05,0.0,0.0,0.0,0.0,0.0,0.0,1.0
1779289531.6917658,0.016401730523385873,-1.0161405043784446,0.3862222495579939,0.0017848590200782435,6.944131862089383e-05,0.0,0.0,0.0,0.0,0.0,0.0,1.0
1779289531.7020571,0.016414102358032222,-1.01624860123283,0.3867004873381701,0.0039623042317600415,-6.944131862089332e-05,0.0,0.0,0.0,0.0,0.0,0.0,1.0
1779289531.712338,0.01641843386430149,-1.0162900400799324,0.38668122814920647,0.003837159275746156,6.944131862089361e-05,0.0,0.0,0.0,0.0,0.0,0.0,1.0
1779289531.7231085,0.016402514539005736,-1.0163130242916236,0.3872725856388328,-0.0009634697590340307,-6.944131862089361e-05,0.0,0.0,0.0,0.0,0.0,0.0,1.0
1779289531.7333186,0.01639594834814582,-1.016322003730318,0.3871244654348587,-0.0011100079809114086,6.94413186208934e-05,0.0,0.0,0.0,0.0,0.0,0.0,1.0
1779289531.7433298,0.016390479295665495,-1.0163266395337354,0.3862888470651571,-0.001969285848505479,-6.944131862089378e-05,0.0,0.0,0.0,0.0,0.0,0.0,1.0
1779289531.753873,0.016395107023745956,-1.0163256722136136,0.3873886788018366,-7.959390877590976e-05,6.944131862089327e-05,0.0,0.0,0.0,0.0,0.0,0.0,1.0
1779289531.7641804,0.016396870383266843,-1.016325304806799,0.3875816364757849,-8.275332338197788e-05,-6.944131862089387e-05,0.0,0.0,0.0,0.0,0.0,0.0,1.0
1779289531.7747476,0.016392624951186697,-1.0163271728003387,0.38795516345436365,-0.001437523213663125,6.944131862089325e-05,0.0,0.0,0.0,0.0,0.0,0.0,1.0
1779289531.7849376,0.016394526521557623,-1.016326448449625,0.3871948260794431,-0.00046817890970408005,-6.944131862089384e-05,0.0,0.0,0.0,0.0,0.0,0.0,1.0
1779289531.7948549,0.016395139653899153,-1.016326216534788,0.3870232015737862,-0.0005061016993085723,6.944131862089326e-05,0.0,0.0,0.0,0.0,0.0,0.0,1.0
1779289531.805447,0.01639192254746813,-1.0163275339583426,0.3863681426795065,-0.0014145373274424195,-6.944131862089383e-05,0.0,0.0,0.0,0.0,0.0,0.0,1.0
1779289531.8163698,0.016395586122766627,-1.016326043181845,0.38629363741821177,-9.949578173326949e-05,6.944131862089327e-05,0.0,0.0,0.0,0.0,0.0,0.0,1.0
1779289531.8264203,0.01638721867073586,-1.016329446098355,0.38621888150034334,-0.002776686293769893,-6.944131862089383e-05,0.0,0.0,0.0,0.0,0.0,0.0,1.0
1779289531.8369267,0.01638690396110971,-1.0163295737820444,0.38673219431570516,-0.0019509067831870197,6.944131862089327e-05,0.0,0.0,0.0,0.0,0.0,0.0,1.0
1779289531.846869,0.01637817451448042,-1.0163330219622093,0.38726952891165833,-0.0038278218197845036,-6.944131862089383e-05,0.0,0.0,0.0,0.0,0.0,0.0,1.0
1779289531.8575366,0.01636843684036164,-1.0163369591592963,0.3875215109272103,-0.0054217847981833595,6.944131862089327e-05,0.0,0.0,0.0,0.0,0.0,0.0,1.0
1779289531.8678205,0.016360513696684852,-1.0163401817589757,0.3865111083050614,-0.006833835784882527,-6.944131862089383e-05,0.0,0.0,0.0,0.0,0.0,0.0,1.0
1779289531.8788009,0.016357672736137484,-1.0163413109610335,0.38650987756211475,-0.006179993685822266,6.944131862089337e-05,0.0,0.0,0.0,0.0,0.0,0.0,1.0
1779289531.889048,0.01636108867371745,-1.016339912303252,0.3874640638384914,-0.005465251456861265,-6.944131862089359e-05,0.0,0.0,0.0,0.0,0.0,0.0,1.0
1779289531.8993688,0.016353962010333033,-1.016342843552072,0.3891188569516011,-0.007657016563740734,6.944131862089364e-05,0.0,0.0,0.0,0.0,0.0,0.0,1.0
1779289531.910085,0.0163640988366944,-1.0163387392894865,0.38843796912792516,-0.004080298677015721,-6.944131862089337e-05,0.0,0.0,0.0,0.0,0.0,0.0,1.0
1779289531.9204245,0.016370446486618923,-1.0163361458887037,0.38728493357907645,-0.003502758628844935,6.94413186208938e-05,0.0,0.0,0.0,0.0,0.0,0.0,1.0
1779289531.9306357,0.016369769114914747,-1.0163364034874025,0.3864507490791018,-0.004327841659746118,-6.944131862089326e-05,0.0,0.0,0.0,0.0,0.0,0.0,1.0
1779289531.940974,0.016383165725106147,-1.0163309308793307,0.38517625152090584,-0.0006082608305189819,6.944131862089383e-05,0.0,0.0,0.0,0.0,0.0,0.0,1.0
1779289531.9514453,0.01639178594154249,-1.0163274172646728,0.3851279925218192,0.000340365356710524,-6.944131862089327e-05,0.0,0.0,0.0,0.0,0.0,0.0,1.0
1779289531.961706,0.016399329233302902,-1.016324351739253,0.3858918401710998,0.0015049239198896705,6.944131862089383e-05,0.0,0.0,0.0,0.0,0.0,0.0,1.0
1779289531.972564,0.01640875662732029,-1.0163205163935085,0.3863145695219359,0.003231758635063881,-6.944131862089327e-05,0.0,0.0,0.0,0.0,0.0,0.0,1.0
1779289531.983025,0.01641441492245801,-1.016318208629135,0.38668594081093843,0.0037521211244982483,6.944131862089383e-05,0.0,0.0,0.0,0.0,0.0,0.0,1.0
1779289531.9934394,0.016407553300964092,-1.0163209956180814,0.3865777101538166,0.001371902714197476,-6.944131862089327e-05,0.0,0.0,0.0,0.0,0.0,0.0,1.0
1779289532.0035577,0.016396052923430472,-1.0163256754432908,0.38722726062119417,-0.0010577738379175874,6.944131862089383e-05,0.0,0.0,0.0,0.0,0.0,0.0,1.0
1779289532.0139334,0.016390448767279756,-1.0163279598229427,0.3875706786104578,-0.0013501189580072599,-6.944131862089327e-05,0.0,0.0,0.0,0.0,0.0,0.0,1.0
1779289532.0239851,0.01638626121647827,-1.016329670139138,0.3880313296124678,-0.0019794983225481077,6.944131862089383e-05,0.0,0.0,0.0,0.0,0.0,0.0,1.0
1779289532.0342467,0.01638947217066314,-1.0163283607350895,0.3886481586908088,-0.0006188088581735437,-6.944131862089327e-05,0.0,0.0,0.0,0.0,0.0,0.0,1.0
1779289532.044977,0.016381760037631164,-1.0163315220076465,0.3884807894282529,-0.0030678914104367103,6.944131862089379e-05,0.0,0.0,0.0,0.0,0.0,0.0,1.0
1779289532.0547931,0.016382246752493487,-1.0163313007541215,0.38771285867367133,-0.002311032791840971,-6.944131862089344e-05,0.0,0.0,0.0,0.0,0.0,0.0,1.0
1779289532.065212,0.016379561569940995,-1.0163323819575105,0.38765988111913874,-0.0030338506838303476,6.944131862089353e-05,0.0,0.0,0.0,0.0,0.0,0.0,1.0
1779289532.0754712,0.01638976218844414,-1.0163282103785072,0.3875527417656892,3.27938412345301e-05,-6.944131862089367e-05,0.0,0.0,0.0,0.0,0.0,0.0,1.0
1779289532.0859375,0.016398662774483815,-1.0163245741541869,0.3877557207313451,0.0013745864548683896,6.944131862089336e-05,0.0,0.0,0.0,0.0,0.0,0.0,1.0
1779289532.0961006,0.016391912180480583,-1.0163273301506115,0.38836565058884265,-0.0014096792639698025,-6.94413186208938e-05,0.0,0.0,0.0,0.0,0.0,0.0,1.0
1779289532.1062753,0.016382592350174374,-1.0163311433512172,0.3875348093168762,-0.0032523046249247163,6.944131862089326e-05,0.0,0.0,0.0,0.0,0.0,0.0,1.0
1779289532.1163611,0.016394849631305167,-1.016326133394331,0.3871266881497979,0.0011390006034534025,-6.944131862089383e-05,0.0,0.0,0.0,0.0,0.0,0.0,1.0
1779289532.1266875,0.016398562520246438,-1.0163246165109965,0.38739298874851436,0.0008472229843506466,6.944131862089327e-05,0.0,0.0,0.0,0.0,0.0,0.0,1.0
1779289532.1373835,0.016397209531809346,-1.0163251669117168,0.3874157198464756,8.24981781001817e-05,-6.944131862089383e-05,0.0,0.0,0.0,0.0,0.0,0.0,1.0
1779289532.1480205,0.01639689891106072,-1.0163252929793045,0.3880411423186345,0.00013815380391537428,6.944131862089327e-05,0.0,0.0,0.0,0.0,0.0,0.0,1.0
1779289532.1584837,0.016394421324896654,-1.0163263050662117,0.388162225975317,-0.0004942661980662107,-6.944131862089383e-05,0.0,0.0,0.0,0.0,0.0,0.0,1.0
1779289532.1685069,0.01639710876446907,-1.0163252060022592,0.3881470423033351,0.0005027938694726317,6.944131862089327e-05,0.0,0.0,0.0,0.0,0.0,0.0,1.0
1779289532.178841,0.016398738015486417,-1.0163245398648917,0.38775792039770174,0.0006537353139846869,-6.944131862089383e-05,0.0,0.0,0.0,0.0,0.0,0.0,1.0
1779289532.1891375,0.016235315550916195,-1.0063616624705718,0.3860729626721966,0.0018660713694327814,6.944131862089327e-05,0.0,0.0,0.0,0.0,0.0,0.0,1.0
1779289532.199621,0.016337161727650373,-1.0129955110077755,0.3859029344367846,-0.0015602240996291433,-6.944131862089383e-05,0.0,0.0,0.0,0.0,0.0,0.0,1.0
1779289532.2103815,0.01637754505370691,-1.015074871734003,0.3860937517215124,0.0010048717059529145,6.944131862089327e-05,0.0,0.0,0.0,0.0,0.0,0.0,1.0
1779289532.2206714,0.016396021422080097,-1.0158462740152958,0.3865630246764429,0.0019203976290980095,-6.944131862089374e-05,0.0,0.0,0.0,0.0,0.0,0.0,1.0
1779289532.230895,0.016404308078304262,-1.0161392410299799,0.3870627189815643,0.002316694148433266,6.944131862089352e-05,0.0,0.0,0.0,0.0,0.0,0.0,1.0
1779289532.2413292,0.016413078800926992,-1.0162487897170362,0.38699296681204576,0.003797897591137962,-6.944131862089346e-05,0.0,0.0,0.0,0.0,0.0,0.0,1.0
1779289532.2518094,0.01641808347543754,-1.0162899123350997,0.38771016615749954,0.0037861671906267275,6.944131862089372e-05,0.0,0.0,0.0,0.0,0.0,0.0,1.0
1779289532.2623117,0.016424780122032814,-1.016303655556728,0.3872435516444268,0.005234350681870536,-6.944131862089332e-05,0.0,0.0,0.0,0.0,0.0,0.0,1.0
1779289532.2720685,0.016435535405264507,-1.016305569831231,0.38774784847131194,0.007614913340290462,6.944131862089383e-05,0.0,0.0,0.0,0.0,0.0,0.0,1.0
1779289532.2826853,0.016437980253582975,-1.0163069651396117,0.3879952782899796,0.00684101437914709,-6.944131862089323e-05,0.0,0.0,0.0,0.0,0.0,0.0,1.0
1779289532.2930462,0.01643847515719523,-1.016307669779575,0.38839675991585754,0.006792214353532824,6.944131862089386e-05,0.0,0.0,0.0,0.0,0.0,0.0,1.0
1779289532.30325,0.01643458558816437,-1.0163095987066184,0.3876525479178703,0.005840481860642334,-6.944131862089326e-05,0.0,0.0,0.0,0.0,0.0,0.0,1.0
1779289532.3138137,0.01643589542243669,-1.0163092123796356,0.386920096087616,0.006379905798388536,6.944131862089383e-05,0.0,0.0,0.0,0.0,0.0,0.0,1.0
1779289532.3242595,0.016435911790373285,-1.0163092810389094,0.3866965855837252,0.006210496895376226,-6.944131862089327e-05,0.0,0.0,0.0,0.0,0.0,0.0,1.0
1779289532.3343472,0.016431650493487455,-1.0163110497050183,0.3871255050082354,0.005319013714395131,6.944131862089383e-05,0.0,0.0,0.0,0.0,0.0,0.0,1.0
1779289532.344503,0.01643821805239565,-1.0163083758483769,0.3869733177513073,0.007581916356734549,-6.944131862089327e-05,0.0,0.0,0.0,0.0,0.0,0.0,1.0
1779289532.35503,0.016435859996193805,-1.0163093415089706,0.387274134491701,0.0059761706797797805,6.944131862089383e-05,0.0,0.0,0.0,0.0,0.0,0.0,1.0
1779289532.3651614,0.016431068725140694,-1.01631129090898,0.3868297836465926,0.005155985653125213,-6.944131862089327e-05,0.0,0.0,0.0,0.0,0.0,0.0,1.0
1779289532.3756871,0.016426637242907348,-1.0163131048917213,0.3862115426641113,0.0042517374048886775,6.944131862089383e-05,0.0,0.0,0.0,0.0,0.0,0.0,1.0
1779289532.3859575,0.01642404308951999,-1.016314176739911,0.3848835842611491,0.004085577195090735,-6.944131862089327e-05,0.0,0.0,0.0,0.0,0.0,0.0,1.0
1779289532.3959954,0.01643084728285602,-1.0163114490715948,0.3850787265373299,0.006356422850960591,6.94413186208937e-05,0.0,0.0,0.0,0.0,0.0,0.0,1.0
1779289532.406471,0.016444380736300928,-1.0163059659978542,0.3864447208698154,0.009156010624108729,-6.944131862089356e-05,0.0,0.0,0.0,0.0,0.0,0.0,1.0
1779289532.4170437,0.0164426142262164,-1.0163066421789264,0.3874629044426756,0.007174019636923929,6.944131862089344e-05,0.0,0.0,0.0,0.0,0.0,0.0,1.0
1779289532.4272552,0.016441842402501412,-1.0163069126180695,0.3869171121863575,0.007384179011011107,-6.944131862089375e-05,0.0,0.0,0.0,0.0,0.0,0.0,1.0
1779289532.437664,0.01644318326053461,-1.0163063662724605,0.38644081105994843,0.007579300575625766,6.944131862089329e-05,0.0,0.0,0.0,0.0,0.0,0.0,1.0
1779289532.4486096,0.01644018979071016,-1.0163076619809435,0.3868656113733442,0.0061946391280673,-6.944131862089386e-05,0.0,0.0,0.0,0.0,0.0,0.0,1.0
1779289532.4588923,0.016425225498345814,-1.0163137774842852,0.3863185333016679,0.002554414570079086,6.944131862089326e-05,0.0,0.0,0.0,0.0,0.0,0.0,1.0
1779289532.4690964,0.016428439801939306,-1.016312486312036,0.38641248721016996,0.005123176235834892,-6.944131862089383e-05,0.0,0.0,0.0,0.0,0.0,0.0,1.0
1779289532.4795344,0.016419465862688835,-1.0163161414614443,0.38706194521918835,0.0022033521943739622,6.944131862089327e-05,0.0,0.0,0.0,0.0,0.0,0.0,1.0
1779289532.489525,0.016413034778325484,-1.016318755965592,0.38747256849891,0.001453398735049469,-6.944131862089383e-05,0.0,0.0,0.0,0.0,0.0,0.0,1.0
1779289532.4997509,0.016418664196869038,-1.016316452522451,0.3874340477492568,0.003680854242275622,6.944131862089327e-05,0.0,0.0,0.0,0.0,0.0,0.0,1.0
1779289532.509902,0.016413563144072177,-1.016318532362393,0.387156602542726,0.001690253284416626,-6.944131862089383e-05,0.0,0.0,0.0,0.0,0.0,0.0,1.0
1779289532.520082,0.016419477765730012,-1.0163161236514648,0.3863434831609549,0.0038573383518511863,6.944131862089327e-05,0.0,0.0,0.0,0.0,0.0,0.0,1.0
1779289532.5303826,0.01642085557008814,-1.0163155741414767,0.3863848048328187,0.0036062991689469054,-6.944131862089383e-05,0.0,0.0,0.0,0.0,0.0,0.0,1.0
1779289532.5408666,0.016415244204801362,-1.0163178610736516,0.3858375990895153,0.0018462970816064896,6.944131862089327e-05,0.0,0.0,0.0,0.0,0.0,0.0,1.0
1779289532.5517166,0.016415123506613952,-1.016317917302091,0.3855051722006335,0.0023412848197019278,-6.944131862089383e-05,0.0,0.0,0.0,0.0,0.0,0.0,1.0
1779289532.5623584,0.016405526908812463,-1.016321817635149,0.38594729397217975,-0.00017001558074013386,6.944131862089332e-05,0.0,0.0,0.0,0.0,0.0,0.0,1.0
1779289532.5728571,0.016405013922816406,-1.0163220267064965,0.3862087156835434,0.0006725936074811183,-6.944131862089361e-05,0.0,0.0,0.0,0.0,0.0,0.0,1.0
1779289532.5830066,0.016400837183929415,-1.016323724604348,0.38642355138229956,-0.0004108292093599711,6.944131862089361e-05,0.0,0.0,0.0,0.0,0.0,0.0,1.0
1779289532.593687,0.016393997566644513,-1.0163265070485048,0.3860991788916017,-0.0017901304157133674,-6.94413186208934e-05,0.0,0.0,0.0,0.0,0.0,0.0,1.0
1779289532.6037478,0.016392609383763794,-1.016327069744503,0.3859376479987491,-0.0015139288061450011,6.944131862089378e-05,0.0,0.0,0.0,0.0,0.0,0.0,1.0
1779289532.6141007,0.016391153387155098,-1.0163276599963849,0.3861178168842798,-0.0017646427492480055,-6.944131862089327e-05,0.0,0.0,0.0,0.0,0.0,0.0,1.0
1779289532.6243145,0.016390372020520943,-1.0163279782602745,0.3861432590492848,-0.0018440967187412325,6.944131862089387e-05,0.0,0.0,0.0,0.0,0.0,0.0,1.0
1779289532.6348147,0.016395112769500963,-1.016326051337535,0.3863575366440628,-0.0004318351581840661,-6.944131862089325e-05,0.0,0.0,0.0,0.0,0.0,0.0,1.0
1779289532.6451666,0.01640240899682098,-1.0163230840578874,0.38671850788678963,0.0010819510125472495,6.944131862089384e-05,0.0,0.0,0.0,0.0,0.0,0.0,1.0
1779289532.6553147,0.01641308456818429,-1.016318703446974,0.38726759524637266,0.003387611886437848,-6.944131862089326e-05,0.0,0.0,0.0,0.0,0.0,0.0,1.0
1779289532.6652682,0.016419932091952805,-1.0163158927365554,0.38759144175711313,0.00425768318388876,6.944131862089383e-05,0.0,0.0,0.0,0.0,0.0,0.0,1.0
1779289532.6755898,0.016422937871697352,-1.0163146559332126,0.3867343500551188,0.00430356997230353,-6.944131862089327e-05,0.0,0.0,0.0,0.0,0.0,0.0,1.0
1779289532.6865668,0.016428883307328473,-1.016312243144187,0.3871723878429467,0.005495492840249829,6.944131862089383e-05,0.0,0.0,0.0,0.0,0.0,0.0,1.0
1779289532.6964693,0.01643643346276271,-1.0163091590807223,0.3873076438735641,0.006902822122772189,-6.944131862089327e-05,0.0,0.0,0.0,0.0,0.0,0.0,1.0
1779289532.7070684,0.016441086898572807,-1.0163072566620746,0.38691121017905683,0.007365139029782826,6.944131862089383e-05,0.0,0.0,0.0,0.0,0.0,0.0,1.0
1779289532.7181063,0.01644571736228531,-1.0163053786097926,0.3870781021126142,0.007826832013518435,-6.944131862089327e-05,0.0,0.0,0.0,0.0,0.0,0.0,1.0
1779289532.728411,0.01643534861616852,-1.016309604242,0.38674597618544393,0.004896753404099917,6.944131862089383e-05,0.0,0.0,0.0,0.0,0.0,0.0,1.0
1779289532.738926,0.01641468509053476,-1.0163180270793386,0.38679877859799117,0.0003785506793426495,-6.944131862089337e-05,0.0,0.0,0.0,0.0,0.0,0.0,1.0
1779289532.7489889,0.016406260869916763,-1.0163214607006306,0.38692192757310107,0.0002468673951472726,6.944131862089359e-05,0.0,0.0,0.0,0.0,0.0,0.0,1.0
1779289532.7592816,0.016387082905475983,-1.0163292758858027,0.3873364031963584,-0.004140302519396837,-6.944131862089364e-05,0.0,0.0,0.0,0.0,0.0,0.0,1.0
1779289532.7696211,0.016400043735506565,-1.0163239924895082,0.38642719595071817,0.0014241457215787632,6.944131862089337e-05,0.0,0.0,0.0,0.0,0.0,0.0,1.0
1779289532.7798905,0.01640412296045182,-1.0163223341562713,0.38620201241811625,0.0011849270084490844,-6.94413186208938e-05,0.0,0.0,0.0,0.0,0.0,0.0,1.0
1779289532.7902176,0.016412890191962376,-1.0163187704891976,0.3861118171249833,0.0031790393468714073,6.944131862089326e-05,0.0,0.0,0.0,0.0,0.0,0.0,1.0
1779289532.8005352,0.0164034706136022,-1.0163226009768915,0.386361962399671,-0.00033993442871806416,-6.944131862089383e-05,0.0,0.0,0.0,0.0,0.0,0.0,1.0
1779289532.8111303,0.016397318374403065,-1.0163251034132559,0.3860421476694489,-0.000999154554696575,6.944131862089327e-05,0.0,0.0,0.0,0.0,0.0,0.0,1.0
1779289532.8212392,0.016389494765372336,-1.016328282407251,0.3857642875147551,-0.002591668459985849,-6.944131862089383e-05,0.0,0.0,0.0,0.0,0.0,0.0,1.0
1779289532.8315074,0.016377208288502608,-1.016333269923228,0.38571460395767954,-0.005164294598962557,6.944131862089327e-05,0.0,0.0,0.0,0.0,0.0,0.0,1.0
1779289532.841795,0.016365392831741547,-1.0163380655101297,0.3854851608829106,-0.007104138791662698,-6.944131862089383e-05,0.0,0.0,0.0,0.0,0.0,0.0,1.0
1779289532.8518171,0.016361096143317502,-1.016339789964049,0.3854354815523271,-0.0070152331353603836,6.944131862089327e-05,0.0,0.0,0.0,0.0,0.0,0.0,1.0
1779289532.862217,0.01637017706809047,-1.0163360976789786,0.3858628066677232,-0.0040226006831004316,-6.944131862089383e-05,0.0,0.0,0.0,0.0,0.0,0.0,1.0
1779289532.8732016,0.016371610724186525,-1.0163355213582912,0.3862703402784282,-0.0043634464719107605,6.944131862089327e-05,0.0,0.0,0.0,0.0,0.0,0.0,1.0
1779289532.8836112,0.01638020902100812,-1.0163320351015206,0.3872062869792332,-0.0023733127599695255,-6.944131862089383e-05,0.0,0.0,0.0,0.0,0.0,0.0,1.0
1779289532.8946407,0.016382518305636484,-1.016331109779368,0.38729780124277013,-0.0026326513774363415,6.944131862089327e-05,0.0,0.0,0.0,0.0,0.0,0.0,1.0
1779289532.9040377,0.016388028894137815,-1.0163288691204384,0.3869395474696997,-0.001408329150517068,-6.944131862089379e-05,0.0,0.0,0.0,0.0,0.0,0.0,1.0
1779289532.914069,0.01638933090130545,-1.0163283387328303,0.38734154079644423,-0.0016313380963674797,6.944131862089344e-05,0.0,0.0,0.0,0.0,0.0,0.0,1.0
1779289532.9249105,0.016384161836089574,-1.01633045045887,0.38752466543343456,-0.003025315964350327,-6.944131862089353e-05,0.0,0.0,0.0,0.0,0.0,0.0,1.0
1779289532.9350395,0.016381710975887285,-1.0163314535085113,0.38729600242660567,-0.00331219493028689,6.944131862089367e-05,0.0,0.0,0.0,0.0,0.0,0.0,1.0
1779289532.9453888,0.016388490465194486,-1.0163286861436605,0.38644379816208385,-0.0011962440958477464,-6.944131862089336e-05,0.0,0.0,0.0,0.0,0.0,0.0,1.0
1779289532.9554987,0.01639636859091192,-1.0163254732961542,0.3865838670273485,0.00027779464032918794,6.94413186208938e-05,0.0,0.0,0.0,0.0,0.0,0.0,1.0
1779289532.9655368,0.016393656615351783,-1.016326574526424,0.3859075763731008,-0.001306204137908997,-6.944131862089326e-05,0.0,0.0,0.0,0.0,0.0,0.0,1.0
1779289532.9757679,0.01638859465920515,-1.0163286279529955,0.38645769826529097,-0.0024414936727308236,6.944131862089383e-05,0.0,0.0,0.0,0.0,0.0,0.0,1.0
1779289532.9865935,0.016385981417301115,-1.0163296941328808,0.3865883163073134,-0.002509631469327994,-6.944131862089327e-05,0.0,0.0,0.0,0.0,0.0,0.0,1.0
1779289532.9966917,0.016377377642059973,-1.0163332002087593,0.38746893099220614,-0.00462594020293847,6.944131862089383e-05,0.0,0.0,0.0,0.0,0.0,0.0,1.0
1779289533.0071657,0.016379429830225015,-1.0163323771826207,0.3878466690529736,-0.0031823582456812294,-6.944131862089327e-05,0.0,0.0,0.0,0.0,0.0,0.0,1.0
1779289533.0177407,0.01638647202700725,-1.0163295108657542,0.38809063115120424,-0.0014471086387530475,6.944131862089383e-05,0.0,0.0,0.0,0.0,0.0,0.0,1.0
1779289533.0276878,0.01638666618706333,-1.0163294373413816,0.3875828987224015,-0.00220560029179652,-6.944131862089327e-05,0.0,0.0,0.0,0.0,0.0,0.0,1.0
1779289533.0381174,0.01638813829264782,-1.0163288339074172,0.3870050844679067,-0.0017862217504311937,6.944131862089383e-05,0.0,0.0,0.0,0.0,0.0,0.0,1.0
1779289533.0488071,0.01637904901653496,-1.0163326605985592,0.38736735238213793,-0.002566758261789542,-6.944131862089327e-05,0.0,0.0,0.0,0.0,0.0,0.0,1.0
1779289533.0597491,0.016381515640618016,-1.0163317030839552,0.3870357001350184,-0.0009860593479967866,6.944131862089383e-05,0.0,0.0,0.0,0.0,0.0,0.0,1.0
1779289533.0692523,0.016382470043205265,-1.0163313312130988,0.38742170020502975,-0.0010262727427752807,-6.944131862089327e-05,0.0,0.0,0.0,0.0,0.0,0.0,1.0
1779289533.079682,0.01638529837114989,-1.016330185322001,0.38726489367154127,-0.00032047162276829344,6.944131862089374e-05,0.0,0.0,0.0,0.0,0.0,0.0,1.0
1779289533.0902398,0.01637670146473978,-1.016333694547245,0.3874018413975113,-0.0029144269628828923,-6.944131862089352e-05,0.0,0.0,0.0,0.0,0.0,0.0,1.0
1779289533.100713,0.01636698285668161,-1.0163376619934947,0.3873353375912645,-0.004702844889500802,6.944131862089346e-05,0.0,0.0,0.0,0.0,0.0,0.0,1.0
1779289533.1112075,0.016375829336137154,-1.0163340528025768,0.3870047251750357,-0.0012799670447843589,-6.944131862089372e-05,0.0,0.0,0.0,0.0,0.0,0.0,1.0
1779289533.121794,0.016363705142673966,-1.01633899197583,0.38747922610440266,-0.005467521493232023,6.944131862089332e-05,0.0,0.0,0.0,0.0,0.0,0.0,1.0
1779289533.1326647,0.016355307385448756,-1.0163424257047255,0.38732703684788206,-0.006458242107988257,-6.944131862089383e-05,0.0,0.0,0.0,0.0,0.0,0.0,1.0
1779289533.142762,0.016368510838954155,-1.0163370386102692,0.3871797147503244,-0.0020395717593745246,6.944131862089323e-05,0.0,0.0,0.0,0.0,0.0,0.0,1.0
1779289533.153122,0.016373162531549683,-1.0163351392604338,0.3869962242120497,-0.002136778863826817,-6.944131862089386e-05,0.0,0.0,0.0,0.0,0.0,0.0,1.0
1779289533.1639807,0.016375243859943118,-1.0163342882854614,0.3872385742589479,-0.0020111212053566837,6.944131862089326e-05,0.0,0.0,0.0,0.0,0.0,0.0,1.0
1779289533.1742208,0.016376481763270192,-1.0163337849121448,0.3876701548811248,-0.002025776500951178,-6.944131862089383e-05,0.0,0.0,0.0,0.0,0.0,0.0,1.0
1779289533.1847272,0.016388635791057232,-1.0163288265896318,0.3865851762946457,0.0011901058902366985,6.944131862089327e-05,0.0,0.0,0.0,0.0,0.0,0.0,1.0
1779289533.1948378,0.01639676656055088,-1.0163255179913153,0.38640702885399936,0.00221597633579229,-6.944131862089383e-05,0.0,0.0,0.0,0.0,0.0,0.0,1.0
1779289533.2050924,0.01639231048487023,-1.0163273322866027,0.3867432996500755,0.00010044962080137825,6.944131862089327e-05,0.0,0.0,0.0,0.0,0.0,0.0,1.0
1779289533.215118,0.016387777406639315,-1.0163291781730979,0.3870449750298359,-0.0006923998927361937,-6.944131862089383e-05,0.0,0.0,0.0,0.0,0.0,0.0,1.0
1779289533.2257872,0.01638308554504418,-1.0163310908810281,0.38738110926052016,-0.0014577254750987828,6.944131862089327e-05,0.0,0.0,0.0,0.0,0.0,0.0,1.0
1779289533.2361379,0.016394093412495706,-1.0163266012214982,0.387150016835796,0.001978568677429503,-6.944131862089383e-05,0.0,0.0,0.0,0.0,0.0,0.0,1.0
1779289533.2461538,0.016403579411300998,-1.0163228028791196,0.38682418286721365,0.0029965432440891135,6.944131862089327e-05,0.0,0.0,0.0,0.0,0.0,0.0,1.0
1779289533.2562532,0.0164131618388002,-1.016318929938549,0.3858555458039774,0.004663547738758895,-6.94413186208937e-05,0.0,0.0,0.0,0.0,0.0,0.0,1.0
1779289533.2665389,0.016409817394132817,-1.0163203139909942,0.38504117601201493,0.002656152484137267,6.944131862089356e-05,0.0,0.0,0.0,0.0,0.0,0.0,1.0
1779289533.2770998,0.01641184824346796,-1.0163195106343366,0.38472068114825664,0.003560522555871535,-6.944131862089344e-05,0.0,0.0,0.0,0.0,0.0,0.0,1.0
1779289533.2876246,0.016413764836795422,-1.0163187458408969,0.38501263120977924,0.0037721019237426387,6.944131862089375e-05,0.0,0.0,0.0,0.0,0.0,0.0,1.0
1779289533.297629,0.016415747027670534,-1.0163179426576998,0.3850723110374439,0.004220851225987348,-6.944131862089329e-05,0.0,0.0,0.0,0.0,0.0,0.0,1.0
1779289533.3080018,0.01641515332895475,-1.0163181824686551,0.38502015672219514,0.0037972112588521303,6.944131862089386e-05,0.0,0.0,0.0,0.0,0.0,0.0,1.0
1779289533.3193953,0.016411604219450572,-1.0163196204609322,0.38570516059962223,0.002849340015365666,-6.944131862089326e-05,0.0,0.0,0.0,0.0,0.0,0.0,1.0
1779289533.3290606,0.016412294147333625,-1.0163193307218377,0.38621833013957296,0.0034523869440539322,6.944131862089383e-05,0.0,0.0,0.0,0.0,0.0,0.0,1.0
1779289533.3391974,0.0164105919978375,-1.0163200121415288,0.38648770413461353,0.0030085303221712607,-6.944131862089327e-05,0.0,0.0,0.0,0.0,0.0,0.0,1.0
1779289533.349708,0.01641553211726164,-1.0163179943543195,0.386484406750224,0.004374299814294125,6.944131862089383e-05,0.0,0.0,0.0,0.0,0.0,0.0,1.0
1779289533.359692,0.01642694274046465,-1.016313348699526,0.3862204948523251,0.007230932471926818,-6.944131862089327e-05,0.0,0.0,0.0,0.0,0.0,0.0,1.0
1779289533.370523,0.016416632289022574,-1.0163175453663686,0.38719414020333076,0.0030792124456506284,6.944131862089383e-05,0.0,0.0,0.0,0.0,0.0,0.0,1.0
1779289533.3806927,0.016409761048363312,-1.0163203320654324,0.38807992417577086,0.002223206971481351,-6.944131862089327e-05,0.0,0.0,0.0,0.0,0.0,0.0,1.0
1779289533.3910491,0.016414414908057923,-1.016318413847596,0.3876587227628532,0.0041812183528386546,6.944131862089383e-05,0.0,0.0,0.0,0.0,0.0,0.0,1.0
1779289533.4015436,0.016399805901371283,-1.016324379143904,0.38801439323417153,-0.0002312699311181627,-6.944131862089327e-05,0.0,0.0,0.0,0.0,0.0,0.0,1.0
1779289533.411993,0.01639645460435031,-1.0163257470920903,0.3874596697341248,0.0003683891029003897,6.944131862089383e-05,0.0,0.0,0.0,0.0,0.0,0.0,1.0
1779289533.4223547,0.016383491407080696,-1.0163310376225974,0.38692402227379574,-0.002857883344086718,-6.944131862089332e-05,0.0,0.0,0.0,0.0,0.0,0.0,1.0
1779289533.4325829,0.016379309172715018,-1.0163327393205637,0.3871786410799336,-0.0026293361144339843,6.944131862089361e-05,0.0,0.0,0.0,0.0,0.0,0.0,1.0
1779289533.4428885,0.016373955176387057,-1.0163349233272287,0.38692781116564046,-0.0036067111995088906,-6.944131862089361e-05,0.0,0.0,0.0,0.0,0.0,0.0,1.0
1779289533.4537687,0.016372462934940844,-1.016335516672662,0.38672798897188443,-0.002923843485590656,6.94413186208934e-05,0.0,0.0,0.0,0.0,0.0,0.0,1.0
1779289533.4638762,0.016373908028472373,-1.0163349201875713,0.38646766438332936,-0.0023781548722893128,-6.944131862089378e-05,0.0,0.0,0.0,0.0,0.0,0.0,1.0
1779289533.473876,0.016374608712740348,-1.0163346293811917,0.3864182313736153,-0.0023447798354801134,6.944131862089327e-05,0.0,0.0,0.0,0.0,0.0,0.0,1.0
1779289533.484662,0.01637234272682951,-1.0163355488868775,0.38656974886539963,-0.0029718678311691886,-6.944131862089387e-05,0.0,0.0,0.0,0.0,0.0,0.0,1.0
1779289533.4947486,0.016378118815778497,-1.016333198958525,0.38770670123301443,-0.0012378346290313523,6.944131862089325e-05,0.0,0.0,0.0,0.0,0.0,0.0,1.0
1779289533.5054648,0.0163906473150213,-1.0163280915650326,0.38737445442562723,0.0015453652344360072,-6.944131862089384e-05,0.0,0.0,0.0,0.0,0.0,0.0,1.0
1779289533.5155969,0.016389368191882903,-1.0163286170867953,0.38760101313462236,-5.523476667450766e-05,6.944131862089326e-05,0.0,0.0,0.0,0.0,0.0,0.0,1.0
1779289533.526125,0.016396998870561834,-1.0163255034924477,0.3871658834445686,0.0021295191514343723,-6.944131862089383e-05,0.0,0.0,0.0,0.0,0.0,0.0,1.0
1779289533.5365283,0.016394158228567296,-1.0163266646674898,0.38683330948023453,0.0005804057110456388,6.944131862089327e-05,0.0,0.0,0.0,0.0,0.0,0.0,1.0
1779289533.546837,0.016386585148672857,-1.016329752035921,0.387118071802389,-0.0012079497766720785,-6.944131862089383e-05,0.0,0.0,0.0,0.0,0.0,0.0,1.0
1779289533.557592,0.016378550532293912,-1.016333029434612,0.38763703934754723,-0.002487285610678918,6.944131862089327e-05,0.0,0.0,0.0,0.0,0.0,0.0,1.0
1779289533.5683143,0.016371881040670024,-1.0163357555058088,0.3867898406145889,-0.0034818868014296405,-6.944131862089383e-05,0.0,0.0,0.0,0.0,0.0,0.0,1.0
1779289533.578719,0.01638185366206521,-1.0163316854428552,0.3869372379917575,-0.00014638439350698074,6.944131862089327e-05,0.0,0.0,0.0,0.0,0.0,0.0,1.0
1779289533.5892382,0.016386223527812757,-1.0163299024376071,0.3866899786074445,4.541591926992633e-06,-6.944131862089383e-05,0.0,0.0,0.0,0.0,0.0,0.0,1.0
1779289533.5992231,0.01639199205895319,-1.0163275520510036,0.3869629474195033,0.0011519511793149314,6.944131862089337e-05,0.0,0.0,0.0,0.0,0.0,0.0,1.0
1779289533.609471,0.016392829629367948,-1.0163272096695666,0.3869434396871947,0.0007583339173576284,-6.944131862089359e-05,0.0,0.0,0.0,0.0,0.0,0.0,1.0
1779289533.6196592,0.016395228340240417,-1.016326231758625,0.38717678011766665,0.001326996068075451,6.944131862089364e-05,0.0,0.0,0.0,0.0,0.0,0.0,1.0
1779289533.6299312,0.01639625618477039,-1.016325811169425,0.38786879159947585,0.0013656027175750899,-6.944131862089337e-05,0.0,0.0,0.0,0.0,0.0,0.0,1.0
1779289533.6403553,0.016382873570178483,-1.016331274484609,0.3873122339147015,-0.002414354111175436,6.94413186208938e-05,0.0,0.0,0.0,0.0,0.0,0.0,1.0
1779289533.6508996,0.01636791447530926,-1.0163373471103003,0.3867414479361102,-0.005702816982310505,-6.944131862089326e-05,0.0,0.0,0.0,0.0,0.0,0.0,1.0
1779289533.661531,0.01636886010926964,-1.0163369427561681,0.38753093069612454,-0.00391485032299562,6.944131862089383e-05,0.0,0.0,0.0,0.0,0.0,0.0,1.0
1779289533.6715178,0.01636180804268369,-1.0163398247899804,0.38675159969976747,-0.0061518276571514985,-6.944131862089327e-05,0.0,0.0,0.0,0.0,0.0,0.0,1.0
1779289533.682071,0.016355539377418418,-1.0163423621632905,0.3863306548526193,-0.0068948204117647155,6.944131862089383e-05,0.0,0.0,0.0,0.0,0.0,0.0,1.0
1779289533.6922898,0.016354306721671163,-1.0163428492351543,0.3871203242068031,-0.006781128620469118,-6.944131862089327e-05,0.0,0.0,0.0,0.0,0.0,0.0,1.0
1779289533.7026381,0.016352065543811307,-1.0163437780514646,0.38727841677270636,-0.007257083767305908,6.944131862089383e-05,0.0,0.0,0.0,0.0,0.0,0.0,1.0
1779289533.7127802,0.01635132616319091,-1.0163440900102343,0.3874094262359815,-0.007286763671009505,-6.944131862089327e-05,0.0,0.0,0.0,0.0,0.0,0.0,1.0
1779289533.723007,0.016344908071444293,-1.016346714082894,0.3867091583155764,-0.00895621800995563,6.944131862089383e-05,0.0,0.0,0.0,0.0,0.0,0.0,1.0
1779289533.733257,0.016344923958343867,-1.0163466872877627,0.38662361671221124,-0.008137316207302394,-6.944131862089327e-05,0.0,0.0,0.0,0.0,0.0,0.0,1.0
1779289533.743314,0.01636471613637083,-1.0163386196820545,0.3871212008903271,-0.0028135096111331272,6.944131862089383e-05,0.0,0.0,0.0,0.0,0.0,0.0,1.0
1779289533.7538438,0.01636358478265166,-1.0163390852852145,0.38630963321107004,-0.005065313661023857,-6.944131862089327e-05,0.0,0.0,0.0,0.0,0.0,0.0,1.0
1779289533.763815,0.016358656659777805,-1.0163410760567284,0.38648021952096734,-0.006516961247482844,6.944131862089379e-05,0.0,0.0,0.0,0.0,0.0,0.0,1.0
1779289533.774195,0.01634583679327695,-1.0163462928266807,0.38682324335506646,-0.009305551618534148,-6.944131862089344e-05,0.0,0.0,0.0,0.0,0.0,0.0,1.0
1779289533.7847893,0.016348957176917818,-1.0163450320446006,0.3867677396374143,-0.0069904960575058244,6.944131862089353e-05,0.0,0.0,0.0,0.0,0.0,0.0,1.0
1779289533.7953384,0.016359579911298886,-1.016340707629697,0.38660326402887435,-0.004467020522048986,-6.944131862089367e-05,0.0,0.0,0.0,0.0,0.0,0.0,1.0
1779289533.8059597,0.016367567580183644,-1.01633745383746,0.3872393776659946,-0.0034048332304372955,6.944131862089336e-05,0.0,0.0,0.0,0.0,0.0,0.0,1.0
1779289533.816639,0.0163712326833066,-1.0163359693103364,0.3873247862459914,-0.0032464565622577495,-6.94413186208938e-05,0.0,0.0,0.0,0.0,0.0,0.0,1.0
1779289533.8267567,0.016379362427407066,-1.0163326578199403,0.3868635044415276,-0.001517294313197706,6.944131862089326e-05,0.0,0.0,0.0,0.0,0.0,0.0,1.0
1779289533.8373315,0.01638650381669999,-1.0163297459058405,0.386247153695467,-0.00038623511420276613,-6.944131862089383e-05,0.0,0.0,0.0,0.0,0.0,0.0,1.0
1779289533.8475437,0.016387211962851374,-1.0163295273432758,0.3862529531294161,-0.001159884569960606,6.944131862089327e-05,0.0,0.0,0.0,0.0,0.0,0.0,1.0
1779289533.8578854,0.01638929308575479,-1.0163287078509278,0.3874707461494076,-0.0006976117786287738,-6.944131862089383e-05,0.0,0.0,0.0,0.0,0.0,0.0,1.0
1779289533.8683283,0.016386963933280832,-1.0163296732794662,0.3879274552184855,-0.0015115724713727684,6.944131862089327e-05,0.0,0.0,0.0,0.0,0.0,0.0,1.0
1779289533.8786247,0.016394481863594705,-1.016326609286803,0.3874295639886638,0.0007543009811277022,-6.944131862089383e-05,0.0,0.0,0.0,0.0,0.0,0.0,1.0
1779289533.8887074,0.016404598546982396,-1.0163224839362865,0.38754021779706793,0.002814204609465671,6.944131862089327e-05,0.0,0.0,0.0,0.0,0.0,0.0,1.0
1779289533.8987849,0.016409058230240407,-1.0163206632980275,0.3881542845843269,0.0029690563706599245,-6.944131862089383e-05,0.0,0.0,0.0,0.0,0.0,0.0,1.0
1779289533.9088368,0.01640868627302541,-1.0163208097300391,0.3879605700871034,0.0023994676852672715,6.944131862089327e-05,0.0,0.0,0.0,0.0,0.0,0.0,1.0
1779289533.9189508,0.01640823222638869,-1.0163209955592958,0.38719018937637717,0.0023048658434072383,-6.944131862089383e-05,0.0,0.0,0.0,0.0,0.0,0.0,1.0
1779289533.9294238,0.01641679880413324,-1.016317509083533,0.3873416792199551,0.004555097934674927,6.944131862089327e-05,0.0,0.0,0.0,0.0,0.0,0.0,1.0
1779289533.9396374,0.01641351172679345,-1.0163188504546161,0.3873516869550979,0.002879561566728234,-6.944131862089374e-05,0.0,0.0,0.0,0.0,0.0,0.0,1.0
1779289533.949997,0.01641396663247838,-1.016318665039451,0.38723704832843,0.003385065552814166,6.944131862089352e-05,0.0,0.0,0.0,0.0,0.0,0.0,1.0
1779289533.960247,0.01641183874178935,-1.0163195344591267,0.38715372713968943,0.002635592144340648,-6.944131862089346e-05,0.0,0.0,0.0,0.0,0.0,0.0,1.0
1779289533.970679,0.016403324990578356,-1.01632300729431,0.3873730351903024,0.0005803500541492919,6.944131862089372e-05,0.0,0.0,0.0,0.0,0.0,0.0,1.0
1779289533.9808576,0.01638648777715211,-1.0163298751318648,0.38666455073236783,-0.0031851149639115913,-6.944131862089332e-05,0.0,0.0,0.0,0.0,0.0,0.0,1.0
1779289533.9913948,0.01638755799891772,-1.0163294352559038,0.3862832749612348,-0.001062854689381234,6.944131862089383e-05,0.0,0.0,0.0,0.0,0.0,0.0,1.0
1779289534.0019276,0.016393763829693125,-1.0163269079663797,0.3857601006885627,0.00048652757939630844,-6.944131862089323e-05,0.0,0.0,0.0,0.0,0.0,0.0,1.0
1779289534.0122006,0.016387283242214782,-1.0163295382025552,0.38589553731163395,-0.0019412729530782068,6.944131862089386e-05,0.0,0.0,0.0,0.0,0.0,0.0,1.0
1779289534.022282,0.016388593798259875,-1.016329005866019,0.38611158707152615,-0.0009015070073935318,-6.944131862089326e-05,0.0,0.0,0.0,0.0,0.0,0.0,1.0
1779289534.0331202,0.016373208282425257,-1.016335261165522,0.386071513149024,-0.005109651924269036,6.944131862089383e-05,0.0,0.0,0.0,0.0,0.0,0.0,1.0
1779289534.04309,0.01637719986693851,-1.016333638600908,0.38619695407384214,-0.0025702099874182643,-6.944131862089327e-05,0.0,0.0,0.0,0.0,0.0,0.0,1.0
1779289534.0533893,0.016378840274785818,-1.0163329506150154,0.38655870579577556,-0.0026862902878194623,6.944131862089383e-05,0.0,0.0,0.0,0.0,0.0,0.0,1.0
1779289534.063479,0.016376268984470338,-1.0163339930689848,0.38641199528628256,-0.0036540600091538866,-6.944131862089327e-05,0.0,0.0,0.0,0.0,0.0,0.0,1.0
1779289534.0740705,0.016376550938287444,-1.016333874842959,0.38636609466757044,-0.003151635789056155,6.944131862089383e-05,0.0,0.0,0.0,0.0,0.0,0.0,1.0
1779289534.085519,0.016370833092354434,-1.0163361986513941,0.38615665423834145,-0.004400201025142322,-6.944131862089327e-05,0.0,0.0,0.0,0.0,0.0,0.0,1.0
1779289534.0955791,0.016377664328617664,-1.0163334178498018,0.3870864734544961,-0.0023465464326249295,6.944131862089383e-05,0.0,0.0,0.0,0.0,0.0,0.0,1.0
1779289534.1061776,0.016367610372057365,-1.0163375246039028,0.38626283955179996,-0.005703291145227395,-6.944131862089327e-05,0.0,0.0,0.0,0.0,0.0,0.0,1.0
1779289534.1169567,0.016372877085931478,-1.016335370520295,0.38599290552605403,-0.0032437526772193873,6.94413186208937e-05,0.0,0.0,0.0,0.0,0.0,0.0,1.0
1779289534.1274989,0.01638286482201336,-1.0163313031959211,0.38648964498650784,-0.0011045323664881244,-6.944131862089356e-05,0.0,0.0,0.0,0.0,0.0,0.0,1.0
1779289534.1380749,0.016386189972626048,-1.0163299510673023,0.38636089998797196,-0.0012479497563057933,6.944131862089344e-05,0.0,0.0,0.0,0.0,0.0,0.0,1.0
1779289534.1482763,0.016378189580355515,-1.0163332053659273,0.38643252077946055,-0.0037333731477481426,-6.944131862089375e-05,0.0,0.0,0.0,0.0,0.0,0.0,1.0
1779289534.1587896,0.016370094766921646,-1.0163364995310036,0.38631430584869264,-0.005115693938356213,6.944131862089329e-05,0.0,0.0,0.0,0.0,0.0,0.0,1.0
1779289534.1689756,0.016365939738211547,-1.0163381881120532,0.38645990335561375,-0.005537224145412787,-6.944131862089386e-05,0.0,0.0,0.0,0.0,0.0,0.0,1.0
1779289534.1795037,0.01635649439578255,-1.0163420334857172,0.38631220653374143,-0.00746163965599412,6.944131862089326e-05,0.0,0.0,0.0,0.0,0.0,0.0,1.0
1779289534.190064,0.0163604476874897,-1.016340423685052,0.3869188399475725,-0.005436487776215181,-6.944131862089383e-05,0.0,0.0,0.0,0.0,0.0,0.0,1.0
1779289534.2001183,0.016371053315087883,-1.016336115314814,0.3864879885509982,-0.003136518607187457,6.944131862089327e-05,0.0,0.0,0.0,0.0,0.0,0.0,1.0
1779289534.2106707,0.016383784779729356,-1.0163309318995106,0.38622908693051183,-0.0006879564590312822,-6.944131862089383e-05,0.0,0.0,0.0,0.0,0.0,0.0,1.0
1779289534.2210364,0.016383992261977207,-1.016330844550348,0.3862967195759257,-0.0019235249611220164,6.944131862089327e-05,0.0,0.0,0.0,0.0,0.0,0.0,1.0
1779289534.2313547,0.016389418543732496,-1.0163286369703637,0.3866835234645727,-0.0005008556618019092,-6.944131862089383e-05,0.0,0.0,0.0,0.0,0.0,0.0,1.0
1779289534.2418482,0.01638843764626361,-1.0163290385099297,0.38804374579124357,-0.0013079819526528897,6.944131862089327e-05,0.0,0.0,0.0,0.0,0.0,0.0,1.0
1779289534.252236,0.01638465964653871,-1.016330505206128,0.38817986207460464,-0.0028128453276152613,-6.944131862089383e-05,0.0,0.0,0.0,0.0,0.0,0.0,1.0
1779289534.262362,0.016381223866877574,-1.0163318822189598,0.3885204848991455,-0.003383763837340522,6.944131862089327e-05,0.0,0.0,0.0,0.0,0.0,0.0,1.0
1779289534.2729247,0.016382894456534805,-1.0163311912413506,0.3880999204525546,-0.00252013028212436,-6.944131862089383e-05,0.0,0.0,0.0,0.0,0.0,0.0,1.0
1779289534.283075,0.01637823973147735,-1.0163330850308105,0.3867001953815272,-0.004043985254104655,6.944131862089332e-05,0.0,0.0,0.0,0.0,0.0,0.0,1.0
1779289534.2935164,0.016379343899437234,-1.0163326128274124,0.3864857399303627,-0.003127836874936048,-6.944131862089361e-05,0.0,0.0,0.0,0.0,0.0,0.0,1.0
1779289534.303624,0.01637480105091652,-1.0163344493575854,0.3860032054098017,-0.004645929193933046,6.944131862089361e-05,0.0,0.0,0.0,0.0,0.0,0.0,1.0
1779289534.3136775,0.016365587326311323,-1.0163381826336724,0.386473729908519,-0.006744065997756369,-6.94413186208934e-05,0.0,0.0,0.0,0.0,0.0,0.0,1.0
1779289534.3237975,0.01637658267889206,-1.0163337141229583,0.3864829225282893,-0.002673518711918056,6.944131862089378e-05,0.0,0.0,0.0,0.0,0.0,0.0,1.0
1779289534.3339717,0.0163823501293199,-1.0163313690022049,0.3859185290875953,-0.002220699871892178,-6.944131862089327e-05,0.0,0.0,0.0,0.0,0.0,0.0,1.0
1779289534.344454,0.016399352403671734,-1.0163244552698705,0.3864311025226508,0.0018469393839401296,6.944131862089387e-05,0.0,0.0,0.0,0.0,0.0,0.0,1.0
1779289534.3545353,0.016405663287841512,-1.0163218856636116,0.3859786571446584,0.0018514624909190165,-6.944131862089325e-05,0.0,0.0,0.0,0.0,0.0,0.0,1.0
1779289534.3648403,0.016393994784762386,-1.0163266290464152,0.38671281994897644,-0.002028977614710211,6.944131862089384e-05,0.0,0.0,0.0,0.0,0.0,0.0,1.0
1779289534.3749952,0.01639779143774374,-1.016325085752027,0.38608257535646917,0.00021541464714224575,-6.944131862089326e-05,0.0,0.0,0.0,0.0,0.0,0.0,1.0
1779289534.3855379,0.016408862191273795,-1.016320586100786,0.38618482469652715,0.0027834477761030426,6.944131862089383e-05,0.0,0.0,0.0,0.0,0.0,0.0,1.0
1779289534.3956609,0.01641239701221395,-1.0163191481612237,0.38639352369929814,0.0027261589357312397,-6.944131862089327e-05,0.0,0.0,0.0,0.0,0.0,0.0,1.0
1779289534.4057748,0.016426027315240906,-1.016313601299727,0.3860973639980987,0.0061213518382971024,6.944131862089383e-05,0.0,0.0,0.0,0.0,0.0,0.0,1.0
1779289534.416542,0.0164301331308415,-1.016311935758452,0.38662784316912724,0.005585926780128029,-6.944131862089327e-05,0.0,0.0,0.0,0.0,0.0,0.0,1.0
1779289534.426906,0.016433065937032355,-1.016310731462712,0.38698682754495284,0.005981852212368829,6.944131862089383e-05,0.0,0.0,0.0,0.0,0.0,0.0,1.0
1779289534.4375985,0.01643033570498825,-1.016311832947819,0.386568955028193,0.004922712856034725,-6.944131862089327e-05,0.0,0.0,0.0,0.0,0.0,0.0,1.0
1779289534.4479241,0.016425739794143898,-1.0163136761126186,0.3866991476252366,0.0038341229059088316,6.944131862089383e-05,0.0,0.0,0.0,0.0,0.0,0.0,1.0
1779289534.458267,0.016414357719515698,-1.0163182975778762,0.38783326603086277,0.0012548946734842973,-6.944131862089337e-05,0.0,0.0,0.0,0.0,0.0,0.0,1.0
1779289534.4687045,0.016401864799818696,-1.0163233848440367,0.38761712290724226,-0.0009659975202702782,6.944131862089359e-05,0.0,0.0,0.0,0.0,0.0,0.0,1.0
1779289534.4787116,0.01640102216073949,-1.0163237229789566,0.3876814451187771,9.735944879309382e-05,-6.944131862089364e-05,0.0,0.0,0.0,0.0,0.0,0.0,1.0
1779289534.4889138,0.01640252540074797,-1.0163231069801837,0.3870069119711417,0.0006099313841593644,6.944131862089337e-05,0.0,0.0,0.0,0.0,0.0,0.0,1.0
1779289534.49918,0.01641876367303275,-1.0163164909490279,0.3860061270117612,0.004931083384043879,-6.94413186208938e-05,0.0,0.0,0.0,0.0,0.0,0.0,1.0
1779289534.5095878,0.0164284037185501,-1.016312584836371,0.38650157728637335,0.005694203986097371,6.944131862089326e-05,0.0,0.0,0.0,0.0,0.0,0.0,1.0
1779289534.5198603,0.016429969302284412,-1.0163119420413007,0.3869939416234738,0.005265239182596086,-6.944131862089383e-05,0.0,0.0,0.0,0.0,0.0,0.0,1.0
1779289534.5304465,0.016433381322466745,-1.0163105384648214,0.38752208189257775,0.005898419102610242,6.944131862089327e-05,0.0,0.0,0.0,0.0,0.0,0.0,1.0
1779289534.5411708,0.016424527593257656,-1.0163141361903592,0.38710266703190044,0.0031593146500424195,-6.944131862089383e-05,0.0,0.0,0.0,0.0,0.0,0.0,1.0
1779289534.551649,0.016413061975084967,-1.0163188117360693,0.3857824600712654,0.0010006120480897278,6.944131862089327e-05,0.0,0.0,0.0,0.0,0.0,0.0,1.0
1779289534.5620563,0.016404555171552156,-1.0163222790962483,0.3860426394549794,-0.00010617750870250508,-6.944131862089383e-05,0.0,0.0,0.0,0.0,0.0,0.0,1.0
1779289534.5722013,0.016424454378207234,-1.0163141937987912,0.3866833054808545,0.006294947634637139,6.944131862089327e-05,0.0,0.0,0.0,0.0,0.0,0.0,1.0
1779289534.5826192,0.01643939149106333,-1.016308104182335,0.3861952946340388,0.00843491188561417,-6.944131862089383e-05,0.0,0.0,0.0,0.0,0.0,0.0,1.0
1779289534.5928822,0.016438538327698458,-1.016308458857755,0.3869358175512776,0.006323242202134777,6.944131862089327e-05,0.0,0.0,0.0,0.0,0.0,0.0,1.0
1779289534.6030853,0.016426426623943953,-1.0163133783927711,0.38682178054522076,0.0032580012905055428,-6.944131862089383e-05,0.0,0.0,0.0,0.0,0.0,0.0,1.0
1779289534.6135786,0.016429416229428822,-1.0163121563181172,0.3869826051257954,0.005188395841211007,6.944131862089327e-05,0.0,0.0,0.0,0.0,0.0,0.0,1.0
1779289534.6239443,0.016441113157766765,-1.0163073861034482,0.38651531484162494,0.008145199171710811,-6.944131862089379e-05,0.0,0.0,0.0,0.0,0.0,0.0,1.0
1779289534.63463,0.016437122793554915,-1.0163090198841676,0.38717023038868437,0.005730898711975382,6.944131862089344e-05,0.0,0.0,0.0,0.0,0.0,0.0,1.0
1779289534.6451216,0.016429977985484765,-1.0163119209850273,0.3870556896014268,0.004259765652969428,-6.944131862089353e-05,0.0,0.0,0.0,0.0,0.0,0.0,1.0
1779289534.6555636,0.016427026930322445,-1.016313179423659,0.38691816971010873,0.003996983912392309,6.944131862089367e-05,0.0,0.0,0.0,0.0,0.0,0.0,1.0
1779289534.6660988,0.016408357654804424,-1.0163208100292587,0.38747913637220677,-0.0007524798730077441,-6.944131862089336e-05,0.0,0.0,0.0,0.0,0.0,0.0,1.0
1779289534.676549,0.016399809092234024,-1.016324304842585,0.3874079868313771,-0.0011294846829440573,6.94413186208938e-05,0.0,0.0,0.0,0.0,0.0,0.0,1.0
1779289534.68706,0.016396003222382154,-1.016325859899287,0.38718300066372446,-0.00127599638229247,-6.944131862089326e-05,0.0,0.0,0.0,0.0,0.0,0.0,1.0
1779289534.6976204,0.01639592825615975,-1.0163258904792167,0.3870250654117511,-0.0009065138422652261,6.944131862089383e-05,0.0,0.0,0.0,0.0,0.0,0.0,1.0
1779289534.7081985,0.016399486985416014,-1.0163244394520576,0.3868336975800366,5.845181769387263e-05,-6.944131862089327e-05,0.0,0.0,0.0,0.0,0.0,0.0,1.0
1779289534.7181847,0.016402342744883232,-1.016323275508708,0.38776795361534777,0.00048157231143053635,6.944131862089383e-05,0.0,0.0,0.0,0.0,0.0,0.0,1.0
1779289534.7291336,0.016401289083438107,-1.0163237050701022,0.38656598653681495,-0.0001113056060135781,-6.944131862089327e-05,0.0,0.0,0.0,0.0,0.0,0.0,1.0
1779289534.739697,0.01640456966509245,-1.0163223696416528,0.3858605103824324,0.0008712654459674063,6.944131862089383e-05,0.0,0.0,0.0,0.0,0.0,0.0,1.0
1779289534.7501032,0.016407017880168333,-1.0163213767269776,0.3853653412802389,0.0012063051323745089,-6.944131862089327e-05,0.0,0.0,0.0,0.0,0.0,0.0,1.0
1779289534.7607512,0.016408572681202733,-1.0163207482129102,0.3858227382443733,0.0013559505899916563,6.944131862089383e-05,0.0,0.0,0.0,0.0,0.0,0.0,1.0
1779289534.7709522,0.016409545073416618,-1.0163203514767674,0.3866522334090323,0.0015044956416236203,-6.944131862089327e-05,0.0,0.0,0.0,0.0,0.0,0.0,1.0
1779289534.781239,0.016409148854095983,-1.0163205074558967,0.38710435506915886,0.0012866969346273763,6.944131862089383e-05,0.0,0.0,0.0,0.0,0.0,0.0,1.0
1779289534.7916417,0.016399723111304238,-1.0163243458987874,0.38752543240392434,-0.0012346407133633792,-6.944131862089327e-05,0.0,0.0,0.0,0.0,0.0,0.0,1.0
1779289534.8018234,0.016397824127529714,-1.0163251196123808,0.3872148840850196,-0.0008087461213333708,6.944131862089374e-05,0.0,0.0,0.0,0.0,0.0,0.0,1.0
1779289534.8123105,0.01639284435272824,-1.0163271490089576,0.3870073891541592,-0.0019168430337183904,-6.944131862089352e-05,0.0,0.0,0.0,0.0,0.0,0.0,1.0
1779289534.8228483,0.016407369791543173,-1.016321228094569,0.38617905527329466,0.0024893856945987546,6.944131862089346e-05,0.0,0.0,0.0,0.0,0.0,0.0,1.0
1779289534.8337128,0.016394477082667464,-1.0163264728077666,0.3862696816853335,-0.0025130983318779917,-6.944131862089372e-05,0.0,0.0,0.0,0.0,0.0,0.0,1.0
1779289534.8437147,0.016389420512014825,-1.0163285303435137,0.38590926734172815,-0.0024915906869423473,6.944131862089332e-05,0.0,0.0,0.0,0.0,0.0,0.0,1.0
1779289534.8538945,0.0164011365417996,-1.0163236641502553,0.38642579978411806,0.0010330519878175327,-6.944131862089383e-05,0.0,0.0,0.0,0.0,0.0,0.0,1.0
1779289534.8638763,0.01641932103225023,-1.0163162256087426,0.3862265791388326,0.004883188665382237,6.944131862089323e-05,0.0,0.0,0.0,0.0,0.0,0.0,1.0
1779289534.874615,0.016428364154555355,-1.016312534543958,0.38655333901835753,0.005215066009895301,-6.944131862089386e-05,0.0,0.0,0.0,0.0,0.0,0.0,1.0
1779289534.8851557,0.01642052656057258,-1.0163157146313901,0.38582162291412025,0.002201686884271579,6.944131862089326e-05,0.0,0.0,0.0,0.0,0.0,0.0,1.0
1779289534.895647,0.016432162316164373,-1.0163109940110382,0.385601877352892,0.006125448334081778,-6.944131862089383e-05,0.0,0.0,0.0,0.0,0.0,0.0,1.0
1779289534.9059217,0.01643059440251857,-1.0163116372449683,0.3853468148086714,0.004649457535799909,6.944131862089327e-05,0.0,0.0,0.0,0.0,0.0,0.0,1.0
1779289534.916244,0.01642396198591046,-1.0163143344814627,0.3856832073089391,0.0028988527506708774,-6.944131862089383e-05,0.0,0.0,0.0,0.0,0.0,0.0,1.0
1779289534.9267206,0.016414890694164578,-1.0163180152503228,0.3859992971383308,0.001193225698573275,6.944131862089327e-05,0.0,0.0,0.0,0.0,0.0,0.0,1.0
1779289534.9367855,0.01639141341177205,-1.0163275528678672,0.38624552258374756,-0.004421369950848089,-6.944131862089383e-05,0.0,0.0,0.0,0.0,0.0,0.0,1.0
1779289534.9466832,0.016384632273957592,-1.0163303111398774,0.3864100752025532,-0.0037528372051990545,6.944131862089327e-05,0.0,0.0,0.0,0.0,0.0,0.0,1.0
1779289534.957596,0.016385461311354238,-1.0163299769063812,0.3873528783031288,-0.002727771538971183,-6.944131862089383e-05,0.0,0.0,0.0,0.0,0.0,0.0,1.0
1779289534.9675698,0.016382202479393582,-1.0163313181542137,0.3873997248173433,-0.0037715434796081046,6.944131862089327e-05,0.0,0.0,0.0,0.0,0.0,0.0,1.0
1779289534.9779758,0.016385679772895116,-1.0163299041067857,0.3870134753467829,-0.0024638980062204204,-6.94413186208937e-05,0.0,0.0,0.0,0.0,0.0,0.0,1.0
1779289534.9882655,0.016374382700860734,-1.0163345071950267,0.3875924310925907,-0.005880485854051718,6.944131862089356e-05,0.0,0.0,0.0,0.0,0.0,0.0,1.0
1779289534.9988031,0.01636776590886531,-1.016337221946956,0.3890508589002186,-0.00647783671415462,-6.944131862089344e-05,0.0,0.0,0.0,0.0,0.0,0.0,1.0
1779289535.008815,0.016368965174905166,-1.0163367672660988,0.388509180400213,-0.005661587640007019,6.944131862089375e-05,0.0,0.0,0.0,0.0,0.0,0.0,1.0
1779289535.0192778,0.016376797136347997,-1.0163335639375757,0.38868704851751,-0.003549424567970926,-6.944131862089329e-05,0.0,0.0,0.0,0.0,0.0,0.0,1.0
1779289535.0294783,0.016369440647452695,-1.016336581258463,0.3889979658320737,-0.0062142433334543045,6.944131862089386e-05,0.0,0.0,0.0,0.0,0.0,0.0,1.0
1779289535.0398111,0.016371184434072802,-1.0163358734798562,0.3882120686364656,-0.005148061252917935,-6.944131862089326e-05,0.0,0.0,0.0,0.0,0.0,0.0,1.0
1779289535.0500991,0.01638907136475295,-1.0163285802536106,0.3876202880925046,-6.250976127123494e-05,6.944131862089383e-05,0.0,0.0,0.0,0.0,0.0,0.0,1.0
1779289535.0600636,0.01639512430729315,-1.0163261124143614,0.3864291131227091,-0.000281025821547245,-6.944131862089327e-05,0.0,0.0,0.0,0.0,0.0,0.0,1.0
1779289535.0703194,0.016409722626958775,-1.0163201703639588,0.3855308799804771,0.0031453389104276796,6.944131862089383e-05,0.0,0.0,0.0,0.0,0.0,0.0,1.0
1779289535.0807061,0.016425255112175133,-1.016313869812199,0.38600108642400777,0.005673298744946244,-6.944131862089327e-05,0.0,0.0,0.0,0.0,0.0,0.0,1.0
1779289535.0910728,0.01642549694872224,-1.0163137649107243,0.38627573400146886,0.004296011815415028,6.944131862089383e-05,0.0,0.0,0.0,0.0,0.0,0.0,1.0
1779289535.101859,0.01643009654061404,-1.0163118851885775,0.38726548028972196,0.005255262476894463,-6.944131862089327e-05,0.0,0.0,0.0,0.0,0.0,0.0,1.0
1779289535.1118333,0.016431508129486606,-1.016311286662792,0.3873758754671748,0.005514732631213249,6.944131862089383e-05,0.0,0.0,0.0,0.0,0.0,0.0,1.0
1779289535.1223938,0.01643345262884349,-1.0163104803702112,0.388314743567963,0.005656160605553238,-6.944131862089327e-05,0.0,0.0,0.0,0.0,0.0,0.0,1.0
1779289535.1329505,0.016434492997676152,-1.016310030143291,0.3880190861296908,0.005800729698470737,6.944131862089383e-05,0.0,0.0,0.0,0.0,0.0,0.0,1.0
1779289535.1430323,0.01643373110536702,-1.0163103401233022,0.3873576673423136,0.005660696989768498,-6.944131862089332e-05,0.0,0.0,0.0,0.0,0.0,0.0,1.0
1779289535.153454,0.01643071039284267,-1.0163115856771434,0.38777995110488206,0.004753811283461827,6.944131862089361e-05,0.0,0.0,0.0,0.0,0.0,0.0,1.0
1779289535.1634872,0.016431925335074826,-1.0163110870133607,0.3872796055051735,0.0055811324144059695,-6.944131862089361e-05,0.0,0.0,0.0,0.0,0.0,0.0,1.0
1779289535.1741111,0.016439949313562803,-1.0163078235387355,0.38731056730300395,0.007353756991949905,6.94413186208934e-05,0.0,0.0,0.0,0.0,0.0,0.0,1.0
1779289535.1845462,0.016438514119285864,-1.0163084118106023,0.38728233526765976,0.006173879322395678,-6.944131862089378e-05,0.0,0.0,0.0,0.0,0.0,0.0,1.0
1779289535.19489,0.016430632704245527,-1.0163116275190966,0.3877603314502842,0.004300942639805781,6.944131862089327e-05,0.0,0.0,0.0,0.0,0.0,0.0,1.0
1779289535.2054136,0.016419913131151133,-1.0163159969179876,0.3873545251035999,0.0021240852524117963,-6.944131862089387e-05,0.0,0.0,0.0,0.0,0.0,0.0,1.0
1779289535.2159114,0.01640701520459815,-1.0163212608098022,0.38782449744033975,-0.00023908199101711032,6.944131862089325e-05,0.0,0.0,0.0,0.0,0.0,0.0,1.0
1779289535.2266006,0.016403774181525353,-1.0163225833460723,0.38760427183834256,0.00021098247875639837,-6.944131862089384e-05,0.0,0.0,0.0,0.0,0.0,0.0,1.0
1779289535.237229,0.016399847657564238,-1.0163241861299999,0.3865569342533357,-0.0005135743333672602,6.944131862089326e-05,0.0,0.0,0.0,0.0,0.0,0.0,1.0
1779289535.247225,0.016398143341329295,-1.0163249117613202,0.3865506678747943,-0.0004072906993513872,-6.944131862089383e-05,0.0,0.0,0.0,0.0,0.0,0.0,1.0
1779289535.25765,0.016392962756510702,-1.016327032564711,0.3865048841510097,-0.0016015618487289444,6.944131862089327e-05,0.0,0.0,0.0,0.0,0.0,0.0,1.0
1779289535.2681997,0.016394362869453404,-1.0163264673637138,0.3870633490362021,-0.0006990132584538469,-6.944131862089383e-05,0.0,0.0,0.0,0.0,0.0,0.0,1.0
1779289535.278495,0.01639081779765585,-1.0163279162073915,0.38725302265853756,-0.0018589527371793047,6.944131862089327e-05,0.0,0.0,0.0,0.0,0.0,0.0,1.0
1779289535.2888067,0.01639784812352262,-1.016325051397413,0.3873039879594078,0.00046123542749773074,-6.944131862089383e-05,0.0,0.0,0.0,0.0,0.0,0.0,1.0
1779289535.298849,0.016400043010863848,-1.0163241571157504,0.387217378187354,0.00033809915403972966,6.944131862089327e-05,0.0,0.0,0.0,0.0,0.0,0.0,1.0
1779289535.30914,0.016409651269421965,-1.016320238886147,0.38756920147428,0.0027335423730055963,-6.944131862089383e-05,0.0,0.0,0.0,0.0,0.0,0.0,1.0
1779289535.3194442,0.01641738476710896,-1.0163170801447512,0.38727565507159234,0.003880814772103917,6.944131862089337e-05,0.0,0.0,0.0,0.0,0.0,0.0,1.0
1779289535.330088,0.016406758510709198,-1.0163214170135688,0.3872519072937921,0.00012192014219873431,-6.944131862089359e-05,0.0,0.0,0.0,0.0,0.0,0.0,1.0
1779289535.3405817,0.016398706919836536,-1.0163247020530561,0.38747426935104645,-0.0009517300842676054,6.944131862089364e-05,0.0,0.0,0.0,0.0,0.0,0.0,1.0
1779289535.3509486,0.016396666955662734,-1.016325534931729,0.38687190915135616,-0.0006901379426334762,-6.944131862089337e-05,0.0,0.0,0.0,0.0,0.0,0.0,1.0
1779289535.3612652,0.016394706041482895,-1.0163263329229988,0.3869406741492325,-0.0009942684553187506,6.94413186208938e-05,0.0,0.0,0.0,0.0,0.0,0.0,1.0
1779289535.3714976,0.01639233627613021,-1.0163272982214724,0.3865442631935627,-0.0014640730067780154,-6.944131862089326e-05,0.0,0.0,0.0,0.0,0.0,0.0,1.0
1779289535.3815627,0.016389368988817585,-1.0163285035579581,0.38591920493576826,-0.0020570691436909284,6.944131862089383e-05,0.0,0.0,0.0,0.0,0.0,0.0,1.0
1779289535.391991,0.01638375278110515,-1.0163307809058937,0.38636084993057906,-0.0032071981082089406,-6.944131862089327e-05,0.0,0.0,0.0,0.0,0.0,0.0,1.0
1779289535.4024143,0.01639147738913105,-1.016327641216215,0.38625776658720046,-0.0005480970537741774,6.944131862089383e-05,0.0,0.0,0.0,0.0,0.0,0.0,1.0
1779289535.4132984,0.016397442268643467,-1.016325215841895,0.3863883162738908,0.00028075547418666063,-6.944131862089327e-05,0.0,0.0,0.0,0.0,0.0,0.0,1.0
1779289535.423406,0.01639447476659694,-1.0163264232750846,0.3857970723180628,-0.0011430437906461341,6.944131862089383e-05,0.0,0.0,0.0,0.0,0.0,0.0,1.0
1779289535.4336824,0.016401652327602313,-1.0163235065135428,0.3852041942720792,0.00114092982737236,-6.944131862089327e-05,0.0,0.0,0.0,0.0,0.0,0.0,1.0
1779289535.4435205,0.016404663037397935,-1.0163222856775722,0.3856971158105056,0.0012116240332058672,6.944131862089383e-05,0.0,0.0,0.0,0.0,0.0,0.0,1.0
1779289535.4540722,0.01641903325726218,-1.0163163924625185,0.38577811605178436,0.005605647295052399,-6.944131862089327e-05,0.0,0.0,0.0,0.0,0.0,0.0,1.0
1779289535.4642794,0.016425519678439946,-1.0163137342195143,0.38593657570357287,0.005842929076276313,6.944131862089383e-05,0.0,0.0,0.0,0.0,0.0,0.0,1.0
1779289535.4745421,0.01642464167630496,-1.0163140784837656,0.3860173240227702,0.0051104737572252295,-6.944131862089327e-05,0.0,0.0,0.0,0.0,0.0,0.0,1.0
1779289535.4845088,0.01641944309247796,-1.0163161842032598,0.3864934015809558,0.00376150050892774,6.944131862089379e-05,0.0,0.0,0.0,0.0,0.0,0.0,1.0
1779289535.4950962,0.016421187558266465,-1.0163154629224005,0.3869445907231688,0.004597866414290904,-6.944131862089344e-05,0.0,0.0,0.0,0.0,0.0,0.0,1.0
1779289535.5056026,0.016411947899128993,-1.016319215365922,0.38743845304188085,0.0020071681011868273,6.944131862089353e-05,0.0,0.0,0.0,0.0,0.0,0.0,1.0
1779289535.5159402,0.01641005051193438,-1.0163199788739288,0.38755837563310447,0.002377302447976076,-6.944131862089367e-05,0.0,0.0,0.0,0.0,0.0,0.0,1.0
1779289535.5263355,0.016400467519959324,-1.016323885335881,0.3878768634765395,3.4884559652623506e-06,6.944131862089336e-05,0.0,0.0,0.0,0.0,0.0,0.0,1.0
1779289535.536907,0.016384830959426964,-1.0163302709615845,0.3881449428949093,-0.0032043024272734753,-6.94413186208938e-05,0.0,0.0,0.0,0.0,0.0,0.0,1.0
1779289535.547448,0.01638313666070455,-1.0163309636108855,0.3874980218820401,-0.0020546729832352623,6.944131862089326e-05,0.0,0.0,0.0,0.0,0.0,0.0,1.0
1779289535.5581143,0.016376996544390638,-1.0163334645497388,0.38734930089022246,-0.0035653442649152224,-6.944131862089383e-05,0.0,0.0,0.0,0.0,0.0,0.0,1.0
1779289535.569519,0.01636902650028144,-1.0163367118245035,0.38704606846156775,-0.005001359293808285,6.944131862089327e-05,0.0,0.0,0.0,0.0,0.0,0.0,1.0
1779289535.5791643,0.016370509915532582,-1.016336101341138,0.3875711213186719,-0.0038658538492666048,-6.944131862089383e-05,0.0,0.0,0.0,0.0,0.0,0.0,1.0
1779289535.5899706,0.01638030079800028,-1.0163321104385827,0.3872403384965306,-0.0013510259260588872,6.944131862089327e-05,0.0,0.0,0.0,0.0,0.0,0.0,1.0
1779289535.5999534,0.016383413881798797,-1.0163308396036188,0.3867779088113048,-0.0015384781781317045,-6.944131862089383e-05,0.0,0.0,0.0,0.0,0.0,0.0,1.0
1779289535.6106746,0.01638158441117611,-1.0163315795404038,0.3852918068012574,-0.002303106839809009,6.944131862089327e-05,0.0,0.0,0.0,0.0,0.0,0.0,1.0
1779289535.6212847,0.016388296349155517,-1.0163288429042017,0.38535296740652214,-0.0003435991826615124,-6.944131862089383e-05,0.0,0.0,0.0,0.0,0.0,0.0,1.0
1779289535.6317575,0.016386028785939425,-1.0163297583583029,0.386914421877238,-0.0016686360912682957,6.944131862089327e-05,0.0,0.0,0.0,0.0,0.0,0.0,1.0
1779289535.6420705,0.016382478786343,-1.0163312118574044,0.3870169149895544,-0.0023598600358029033,-6.944131862089383e-05,0.0,0.0,0.0,0.0,0.0,0.0,1.0
1779289535.6523645,0.016368167487225315,-1.016337072705593,0.3876979242092924,-0.005512645831128522,6.944131862089327e-05,0.0,0.0,0.0,0.0,0.0,0.0,1.0
1779289535.6623113,0.016362129428142403,-1.0163395575756329,0.3869709940985695,-0.0056617684238692975,-6.944131862089374e-05,0.0,0.0,0.0,0.0,0.0,0.0,1.0
1779289535.6729667,0.016368396655429707,-1.0163369971060763,0.3869171001810807,-0.0031066390916743214,6.944131862089352e-05,0.0,0.0,0.0,0.0,0.0,0.0,1.0
1779289535.6833894,0.01637497767025952,-1.0163343129044504,0.38763857192220996,-0.002002544198635081,-6.944131862089346e-05,0.0,0.0,0.0,0.0,0.0,0.0,1.0
1779289535.6946716,0.016372689454326256,-1.016335253699176,0.3874193993344601,-0.0033842252992655974,6.944131862089372e-05,0.0,0.0,0.0,0.0,0.0,0.0,1.0
1779289535.7041986,0.016376317607203855,-1.0163337733463604,0.38771304465641254,-0.0020838487128296505,-6.944131862089332e-05,0.0,0.0,0.0,0.0,0.0,0.0,1.0
1779289535.714503,0.01638287429743409,-1.0163310985478125,0.3874273043599503,-0.0007135404781772299,6.944131862089383e-05,0.0,0.0,0.0,0.0,0.0,0.0,1.0
1779289535.7248452,0.01639535405817294,-1.0163260057205437,0.38732124744911456,0.0020660153068594767,-6.944131862089323e-05,0.0,0.0,0.0,0.0,0.0,0.0,1.0
1779289535.7350602,0.01640836130126156,-1.0163207009180895,0.3865957831973903,0.00419147019364576,6.944131862089386e-05,0.0,0.0,0.0,0.0,0.0,0.0,1.0
1779289535.7451313,0.016417215737983513,-1.0163171046734452,0.3866598079164616,0.005476303089599328,-6.944131862089326e-05,0.0,0.0,0.0,0.0,0.0,0.0,1.0
1779289535.7554626,0.016427375149496777,-1.0163129717717567,0.3860920295669885,0.007273672889129251,6.944131862089383e-05,0.0,0.0,0.0,0.0,0.0,0.0,1.0
1779289535.7656362,0.01641911262008288,-1.0163163459167168,0.38556104613398823,0.003950141109027268,-6.944131862089327e-05,0.0,0.0,0.0,0.0,0.0,0.0,1.0
1779289535.775861,0.01641791274121482,-1.0163168484374128,0.38575817807811585,0.0043965876465779175,6.944131862089383e-05,0.0,0.0,0.0,0.0,0.0,0.0,1.0
1779289535.7861848,0.01641803712328517,-1.0163167994184619,0.3863223964146636,0.004543695101697164,-6.944131862089327e-05,0.0,0.0,0.0,0.0,0.0,0.0,1.0
1779289535.7966132,0.01641376097448618,-1.0163185288716887,0.3867191171023201,0.003354792718749097,6.944131862089383e-05,0.0,0.0,0.0,0.0,0.0,0.0,1.0
1779289535.8068414,0.01640406839004806,-1.016322466162299,0.3867332973166189,0.0011960758857886653,-6.944131862089327e-05,0.0,0.0,0.0,0.0,0.0,0.0,1.0
1779289535.8169026,0.016409345204242937,-1.0163203135232544,0.38661482295016025,0.0037352411931871445,6.944131862089383e-05,0.0,0.0,0.0,0.0,0.0,0.0,1.0
1779289535.8274891,0.016401571610259246,-1.0163234780742054,0.3868526350194008,0.0009255428641634727,-6.944131862089327e-05,0.0,0.0,0.0,0.0,0.0,0.0,1.0
1779289535.8378367,0.016398544963882482,-1.0163247090226744,0.3877306255068902,0.0009621836892868134,6.94413186208937e-05,0.0,0.0,0.0,0.0,0.0,0.0,1.0
1779289535.8484437,0.016405317843456266,-1.0163219422230492,0.38718311462508304,0.002655276884415579,-6.944131862089356e-05,0.0,0.0,0.0,0.0,0.0,0.0,1.0
1779289535.8591213,0.01639817349394582,-1.0163248593331473,0.38676436706581274,5.012697986992408e-05,6.944131862089344e-05,0.0,0.0,0.0,0.0,0.0,0.0,1.0
1779289535.8694196,0.0163977514125181,-1.0163250341014687,0.38686124531360644,0.0006684461938211143,-6.944131862089375e-05,0.0,0.0,0.0,0.0,0.0,0.0,1.0
1779289535.8797405,0.016398387971247548,-1.0163247755900875,0.3868652202233598,0.0008895779844902848,6.944131862089329e-05,0.0,0.0,0.0,0.0,0.0,0.0,1.0
1779289535.8899684,0.0164040094782744,-1.0163224859727062,0.38656445460410715,0.0023922758052358174,-6.944131862089386e-05,0.0,0.0,0.0,0.0,0.0,0.0,1.0
1779289535.9005961,0.01640215804209912,-1.0163232420665425,0.3860785547620278,0.001260747719951958,6.944131862089326e-05,0.0,0.0,0.0,0.0,0.0,0.0,1.0
1779289535.9105904,0.016408779555777145,-1.0163205540160163,0.38633548405029305,0.0033550207822089064,-6.944131862089383e-05,0.0,0.0,0.0,0.0,0.0,0.0,1.0
1779289535.9210107,0.016404003563489446,-1.0163224961768964,0.385116764123417,0.0012811773678809669,6.944131862089327e-05,0.0,0.0,0.0,0.0,0.0,0.0,1.0
1779289535.93163,0.016399405023583894,-1.0163243685566115,0.38556698480065865,0.0005153821564947958,-6.944131862089383e-05,0.0,0.0,0.0,0.0,0.0,0.0,1.0
1779289535.9417882,0.016405744771558994,-1.0163217969349065,0.38533812125248534,0.0027616410239814197,6.944131862089327e-05,0.0,0.0,0.0,0.0,0.0,0.0,1.0
1779289535.9522731,0.0164043659057574,-1.016322358551076,0.38545030333895625,0.0016643109243684594,-6.944131862089383e-05,0.0,0.0,0.0,0.0,0.0,0.0,1.0
1779289535.9624794,0.016404706298330487,-1.0163222203851523,0.3856360232048477,0.0019609996866429636,6.944131862089327e-05,0.0,0.0,0.0,0.0,0.0,0.0,1.0
1779289535.972732,0.01639649406154845,-1.0163255528724198,0.3858097382416368,-0.00034656360891164163,-6.944131862089383e-05,0.0,0.0,0.0,0.0,0.0,0.0,1.0
1779289535.9830582,0.016383574079091443,-1.0163308003870914,0.3865409709193681,-0.0030708340978994305,6.944131862089327e-05,0.0,0.0,0.0,0.0,0.0,0.0,1.0
1779289535.9933624,0.01637332439762333,-1.016334977032577,0.3868385132751033,-0.004451672687813611,-6.944131862089383e-05,0.0,0.0,0.0,0.0,0.0,0.0,1.0
1779289536.0034084,0.016372467950667303,-1.0163353315148083,0.38677553247102914,-0.003713089507782468,6.944131862089332e-05,0.0,0.0,0.0,0.0,0.0,0.0,1.0
1779289536.0136576,0.016366990441175663,-1.016337563660058,0.38674128996718515,-0.005082510864164399,-6.944131862089361e-05,0.0,0.0,0.0,0.0,0.0,0.0,1.0
1779289536.0243638,0.016371206184433953,-1.0163358462616,0.3864161095105345,-0.003246165715230507,6.944131862089361e-05,0.0,0.0,0.0,0.0,0.0,0.0,1.0
1779289536.0350826,0.01636606151639986,-1.0163379350880561,0.386743524861739,-0.005144231364189039,-6.94413186208934e-05,0.0,0.0,0.0,0.0,0.0,0.0,1.0
1779289536.0451777,0.01636401262289133,-1.0163387739565743,0.38689166138520026,-0.005072306667291545,6.944131862089378e-05,0.0,0.0,0.0,0.0,0.0,0.0,1.0
1779289536.0554376,0.016378589308942156,-1.0163328716803857,0.38684271237014656,-0.00017351616169441683,-6.944131862089327e-05,0.0,0.0,0.0,0.0,0.0,0.0,1.0
1779289536.065484,0.016381509200880922,-1.0163316958914177,0.3869497771532817,-0.000919473093322627,6.944131862089387e-05,0.0,0.0,0.0,0.0,0.0,0.0,1.0
1779289536.0761096,0.01637921166471517,-1.0163326377932498,0.3868446217796695,-0.0017861487233484013,-6.944131862089325e-05,0.0,0.0,0.0,0.0,0.0,0.0,1.0
1779289536.0864968,0.016380985477203205,-1.0163319166788973,0.38675368172521374,-0.0010960711973967848,6.944131862089384e-05,0.0,0.0,0.0,0.0,0.0,0.0,1.0
1779289536.0967102,0.016375301399366674,-1.0163342315533175,0.3866004252460584,-0.0028741533331053636,-6.944131862089326e-05,0.0,0.0,0.0,0.0,0.0,0.0,1.0
1779289536.1072237,0.01637732504183275,-1.0163334065392733,0.38678015064041826,-0.0016609764030756527,6.944131862089383e-05,0.0,0.0,0.0,0.0,0.0,0.0,1.0
1779289536.1176825,0.016371397835078592,-1.0163358214192295,0.3866794385420409,-0.003489224157493009,-6.944131862089327e-05,0.0,0.0,0.0,0.0,0.0,0.0,1.0
1779289536.128326,0.01637865082813144,-1.016332867522308,0.38721350233160834,-0.0009072369671395898,6.944131862089383e-05,0.0,0.0,0.0,0.0,0.0,0.0,1.0
1779289536.1385136,0.016386406234016965,-1.0163297082442861,0.3872519228033928,0.00044792316253023995,-6.944131862089327e-05,0.0,0.0,0.0,0.0,0.0,0.0,1.0
1779289536.1486876,0.016391218456822752,-1.0163277469649286,0.387231857788386,0.0009403608770828248,6.944131862089383e-05,0.0,0.0,0.0,0.0,0.0,0.0,1.0
1779289536.1588984,0.016386861428027318,-1.0163295242523407,0.3866072644061971,-0.0007695270625591087,-6.944131862089327e-05,0.0,0.0,0.0,0.0,0.0,0.0,1.0
1779289536.1693513,0.016390155963143735,-1.016328182427867,0.38738124458198975,0.0005921812490030334,6.944131862089383e-05,0.0,0.0,0.0,0.0,0.0,0.0,1.0
1779289536.179623,0.016391649313360235,-1.0163275721350524,0.38764844695503253,0.0006776996407830373,-6.944131862089337e-05,0.0,0.0,0.0,0.0,0.0,0.0,1.0
1779289536.190272,0.016393341089082067,-1.0163268804733874,0.387618531060256,0.0009549083799406494,6.944131862089359e-05,0.0,0.0,0.0,0.0,0.0,0.0,1.0
1779289536.2004037,0.016400070674629494,-1.0163241328876618,0.3874323998383984,0.0026775584773907467,-6.944131862089364e-05,0.0,0.0,0.0,0.0,0.0,0.0,1.0
1779289536.2107606,0.016408513696943083,-1.0163206890291858,0.3874062817549344,0.0042239121193126394,6.944131862089337e-05,0.0,0.0,0.0,0.0,0.0,0.0,1.0
1779289536.2212427,0.016412805562092955,-1.0163189379421362,0.38785572960043435,0.004463818610188843,-6.94413186208938e-05,0.0,0.0,0.0,0.0,0.0,0.0,1.0
1779289536.231644,0.01641816409992925,-1.0163167427677806,0.3873135929121254,0.005523797589021016,6.944131862089326e-05,0.0,0.0,0.0,0.0,0.0,0.0,1.0
1779289536.2418988,0.016412554467754126,-1.0163190394056822,0.3871666306155461,0.003487497510376769,-6.944131862089383e-05,0.0,0.0,0.0,0.0,0.0,0.0,1.0
1779289536.2522266,0.016402564706386565,-1.0163230859138088,0.38615957236752774,0.0008460758689660839,6.944131862089327e-05,0.0,0.0,0.0,0.0,0.0,0.0,1.0
1779289536.2623162,0.016391996058230093,-1.0163273804361632,0.3863822441222169,-0.0010285420259622323,-6.944131862089383e-05,0.0,0.0,0.0,0.0,0.0,0.0,1.0
1779289536.27253,0.016387513698815328,-1.0163292031813858,0.3870270519328436,-0.0011456054098685675,6.944131862089327e-05,0.0,0.0,0.0,0.0,0.0,0.0,1.0
1779289536.2829041,0.016384891613654372,-1.0163302731718176,0.38711506191128287,-0.0013685118922542403,-6.944131862089383e-05,0.0,0.0,0.0,0.0,0.0,0.0,1.0
1779289536.2934616,0.01638479964495059,-1.0163303115898057,0.3872810172761225,-0.0011022570213865119,6.944131862089327e-05,0.0,0.0,0.0,0.0,0.0,0.0,1.0
1779289536.303963,0.016387581760637582,-1.0163291779696424,0.3878220682636515,-0.00034835430211068027,-6.944131862089383e-05,0.0,0.0,0.0,0.0,0.0,0.0,1.0
1779289536.3144574,0.016381546590632606,-1.016331644613467,0.38704188913154347,-0.002282905610016049,6.944131862089327e-05,0.0,0.0,0.0,0.0,0.0,0.0,1.0
1779289536.3244452,0.01638572638834022,-1.016329936436189,0.3868114892040948,-0.000535415104124193,-6.944131862089383e-05,0.0,0.0,0.0,0.0,0.0,0.0,1.0
1779289536.3345716,0.016389106300350693,-1.0163285570858342,0.3870683596162374,-3.620101664591086e-05,6.944131862089327e-05,0.0,0.0,0.0,0.0,0.0,0.0,1.0
1779289536.3451483,0.016379010284309457,-1.0163326721038144,0.3871854163061501,-0.0030922997355918302,-6.944131862089379e-05,0.0,0.0,0.0,0.0,0.0,0.0,1.0
1779289536.3554366,0.01637685400382119,-1.0163335513868597,0.3864578304488937,-0.002668599449506648,6.944131862089344e-05,0.0,0.0,0.0,0.0,0.0,0.0,1.0
1779289536.3657844,0.016377460410813352,-1.016333297556938,0.3862523733533072,-0.00230519571848706,-6.944131862089353e-05,0.0,0.0,0.0,0.0,0.0,0.0,1.0
1779289536.3763342,0.01637955478843898,-1.016332441756529,0.38705189590844213,-0.0017474002615567644,6.944131862089367e-05,0.0,0.0,0.0,0.0,0.0,0.0,1.0
1779289536.386795,0.016383414110731877,-1.0163308736949992,0.38789505958659376,-0.0009308578850038458,-6.944131862089336e-05,0.0,0.0,0.0,0.0,0.0,0.0,1.0
1779289536.397492,0.0163818467661559,-1.016331520578639,0.3878811518972203,-0.001739407492355475,6.94413186208938e-05,0.0,0.0,0.0,0.0,0.0,0.0,1.0
1779289536.4073675,0.016380559031141502,-1.016332048696953,0.3873158123140641,-0.0020239215501093753,-6.944131862089326e-05,0.0,0.0,0.0,0.0,0.0,0.0,1.0
1779289536.4178905,0.016384677459862437,-1.0163303653275415,0.3868772846311064,-0.0007042459616499726,6.944131862089383e-05,0.0,0.0,0.0,0.0,0.0,0.0,1.0
1779289536.428278,0.0163723717539403,-1.0163353766802845,0.3876116136909742,-0.0044638498410755015,-6.944131862089327e-05,0.0,0.0,0.0,0.0,0.0,0.0,1.0
1779289536.4385588,0.016368408884069718,-1.0163370016908913,0.3869997123627078,-0.004353053568049787,6.944131862089383e-05,0.0,0.0,0.0,0.0,0.0,0.0,1.0
1779289536.448596,0.0163747276326879,-1.0163344032949377,0.386391549553629,-0.0027041311525000545,-6.944131862089327e-05,0.0,0.0,0.0,0.0,0.0,0.0,1.0
1779289536.4591093,0.01638128241111741,-1.0163317198410466,0.3866009787857747,-0.0014825970089023684,6.944131862089383e-05,0.0,0.0,0.0,0.0,0.0,0.0,1.0
1779289536.4693677,0.016383988057183833,-1.0163306142630761,0.3873270417282706,-0.0014608409952504493,-6.944131862089327e-05,0.0,0.0,0.0,0.0,0.0,0.0,1.0
1779289536.4799397,0.01638676513808224,-1.0163294846426847,0.38689465450195915,-0.0009572213442984145,6.944131862089383e-05,0.0,0.0,0.0,0.0,0.0,0.0,1.0
1779289536.4900846,0.01638067440792641,-1.0163319655188991,0.38715128162082735,-0.0030020264279788786,-6.944131862089327e-05,0.0,0.0,0.0,0.0,0.0,0.0,1.0
1779289536.5007896,0.01637958373753493,-1.0163324124078446,0.3873639317348472,-0.002513329642544704,6.944131862089383e-05,0.0,0.0,0.0,0.0,0.0,0.0,1.0
1779289536.5113091,0.01637322059233145,-1.0163350120106576,0.38782095204009703,-0.0041203280238989864,-6.944131862089327e-05,0.0,0.0,0.0,0.0,0.0,0.0,1.0
1779289536.5219197,0.016365831652928924,-1.0163380371370994,0.3873669445676393,-0.0054827968261246685,6.944131862089374e-05,0.0,0.0,0.0,0.0,0.0,0.0,1.0
1779289536.532011,0.016367740803732763,-1.0163372527625725,0.3875870306666176,-0.004371142503380962,-6.944131862089352e-05,0.0,0.0,0.0,0.0,0.0,0.0,1.0
1779289536.5423343,0.016380982858300322,-1.0163318484594406,0.3871134761381816,-0.0008624431911916919,6.944131862089346e-05,0.0,0.0,0.0,0.0,0.0,0.0,1.0
1779289536.5523612,0.016389219773885008,-1.0163284866341464,0.3864247846111786,7.8914460651e-06,-6.944131862089372e-05,0.0,0.0,0.0,0.0,0.0,0.0,1.0
1779289536.5626285,0.016388432663733566,-1.0163288028104605,0.3860319051762131,-0.0010836530097165973,6.944131862089332e-05,0.0,0.0,0.0,0.0,0.0,0.0,1.0
1779289536.5731256,0.016383990302057835,-1.0163306055937957,0.3864846128864601,-0.0021630191392720682,-6.944131862089383e-05,0.0,0.0,0.0,0.0,0.0,0.0,1.0
1779289536.5837216,0.01637960447419786,-1.016332391937184,0.38608177225031515,-0.002875053191421701,6.944131862089323e-05,0.0,0.0,0.0,0.0,0.0,0.0,1.0
1779289536.5941594,0.016378528426110147,-1.0163328262993876,0.38628283286828324,-0.002720473099851359,-6.944131862089386e-05,0.0,0.0,0.0,0.0,0.0,0.0,1.0
1779289536.604136,0.01637925746857104,-1.016332531046258,0.38666178110170524,-0.0025227306971260743,6.944131862089326e-05,0.0,0.0,0.0,0.0,0.0,0.0,1.0
1779289536.6147392,0.01638625251268623,-1.0163296871856136,0.38664221728062653,-0.0006278796899220858,-6.944131862089383e-05,0.0,0.0,0.0,0.0,0.0,0.0,1.0
1779289536.6245632,0.01639124398724489,-1.016327656484519,0.3859453880056565,1.1034636174301433e-05,6.944131862089327e-05,0.0,0.0,0.0,0.0,0.0,0.0,1.0
1779289536.635122,0.016397172792384538,-1.0163252465183605,0.38598798577993776,0.0010893159529033632,-6.944131862089383e-05,0.0,0.0,0.0,0.0,0.0,0.0,1.0
1779289536.645591,0.016404571827881596,-1.0163222757617136,0.38644345896411103,0.002963181463197421,6.944131862089327e-05,0.0,0.0,0.0,0.0,0.0,0.0,1.0
1779289536.655317,0.01640355561490547,-1.01632269935442,0.3864948192636195,0.0018770927528886242,-6.944131862089383e-05,0.0,0.0,0.0,0.0,0.0,0.0,1.0
1779289536.6653552,0.016404321282446784,-1.0163223909530308,0.38683322549228283,0.0022076422478796527,6.944131862089327e-05,0.0,0.0,0.0,0.0,0.0,0.0,1.0
1779289536.675594,0.01640583706462661,-1.0163217724751061,0.38630091159856406,0.002494516985658406,-6.944131862089383e-05,0.0,0.0,0.0,0.0,0.0,0.0,1.0
1779289536.6856709,0.01640845117590523,-1.0163207122598823,0.38752367211008387,0.0031192839595012263,6.944131862089327e-05,0.0,0.0,0.0,0.0,0.0,0.0,1.0
1779289536.6962233,0.01641512603641601,-1.0163179768397588,0.3869749193109673,0.004507809812893763,-6.94413186208937e-05,0.0,0.0,0.0,0.0,0.0,0.0,1.0
1779289536.706834,0.01641707804344514,-1.016317185078354,0.38714323703364606,0.00435105476834805,6.944131862089356e-05,0.0,0.0,0.0,0.0,0.0,0.0,1.0
1779289536.7176814,0.016406218824276803,-1.0163216111249365,0.3874066011104649,0.001230191904997265,-6.944131862089344e-05,0.0,0.0,0.0,0.0,0.0,0.0,1.0
1779289536.7276251,0.016397673252986352,-1.0163250948306557,0.38738129845754976,5.617245734055513e-05,6.944131862089375e-05,0.0,0.0,0.0,0.0,0.0,0.0,1.0
1779289536.7383018,0.016392716704985145,-1.0163271160445186,0.3876930972560615,-0.00040525379625593673,-6.944131862089329e-05,0.0,0.0,0.0,0.0,0.0,0.0,1.0
1779289536.7484117,0.016389764371525603,-1.0163283211320207,0.3879302554118267,-0.0006836142929999526,6.944131862089386e-05,0.0,0.0,0.0,0.0,0.0,0.0,1.0
1779289536.7586305,0.01638920968024279,-1.0163285478995538,0.3877764995802968,-0.0005502390427873064,-6.944131862089326e-05,0.0,0.0,0.0,0.0,0.0,0.0,1.0
1779289536.7690132,0.016384367378727317,-1.0163305253070836,0.38743643624864443,-0.0018320916719269638,6.944131862089383e-05,0.0,0.0,0.0,0.0,0.0,0.0,1.0
1779289536.7792075,0.016383282240645586,-1.0163309662910034,0.38747982916892276,-0.0016043468088992653,-6.944131862089327e-05,0.0,0.0,0.0,0.0,0.0,0.0,1.0
1779289536.7896295,0.016388166903963972,-1.0163289723081712,0.3868213810587555,-0.00014613233299073654,6.944131862089383e-05,0.0,0.0,0.0,0.0,0.0,0.0,1.0
1779289536.7998185,0.01638962724166508,-1.0163283754752428,0.387009888164326,-0.0002659090029513395,-6.944131862089327e-05,0.0,0.0,0.0,0.0,0.0,0.0,1.0
1779289536.8097901,0.016386280851053123,-1.01632973874542,0.3866808012471443,-0.001355705087134478,6.944131862089383e-05,0.0,0.0,0.0,0.0,0.0,0.0,1.0
1779289536.820298,0.01637933315519296,-1.0163325668604346,0.3872491603844219,-0.002845503295462837,-6.944131862089327e-05,0.0,0.0,0.0,0.0,0.0,0.0,1.0
1779289536.8304622,0.016375408153624028,-1.0163341717762417,0.38711010397156187,-0.0032984030066339864,6.944131862089383e-05,0.0,0.0,0.0,0.0,0.0,0.0,1.0
1779289536.8411822,0.0163779293840121,-1.0163331438334988,0.3869103882163527,-0.002086008045504084,-6.944131862089327e-05,0.0,0.0,0.0,0.0,0.0,0.0,1.0
1779289536.8515754,0.01637842388388495,-1.016332978059511,0.38679944137196287,-0.0019879440457433186,6.944131862089383e-05,0.0,0.0,0.0,0.0,0.0,0.0,1.0
1779289536.8616543,0.01638269238427702,-1.0163312519775993,0.38628710052977056,-0.0009350649190729812,-6.944131862089332e-05,0.0,0.0,0.0,0.0,0.0,0.0,1.0
1779289536.871902,0.016389782661597695,-1.0163283702557329,0.38606799321932694,0.0005784188507818724,6.944131862089361e-05,0.0,0.0,0.0,0.0,0.0,0.0,1.0
1779289536.882276,0.016404365581048963,-1.016322442838777,0.3864628334844271,0.0038920835950787846,-6.944131862089361e-05,0.0,0.0,0.0,0.0,0.0,0.0,1.0
1779289536.892257,0.016398098501606888,-1.016324989883255,0.38599358495387825,0.0005988702092089627,6.94413186208934e-05,0.0,0.0,0.0,0.0,0.0,0.0,1.0
1779289536.9026167,0.016394192932297675,-1.0163265781617818,0.38610140152534367,0.00017366717121445165,-6.944131862089378e-05,0.0,0.0,0.0,0.0,0.0,0.0,1.0
1779289536.9126556,0.016392508191478833,-1.0163272631942515,0.3860417465843149,0.0001236943976896964,6.944131862089327e-05,0.0,0.0,0.0,0.0,0.0,0.0,1.0
1779289536.9229481,0.01639093775487762,-1.0163279016253248,0.38625353310299015,-0.00013365940562457145,-6.944131862089387e-05,0.0,0.0,0.0,0.0,0.0,0.0,1.0
1779289536.9330597,0.016394568942872417,-1.016326424969945,0.3860764172567066,0.001049787750045464,6.944131862089325e-05,0.0,0.0,0.0,0.0,0.0,0.0,1.0
1779289536.9431627,0.016384441337405055,-1.0163305421235147,0.38617444781890864,-0.002171851435085185,-6.944131862089384e-05,0.0,0.0,0.0,0.0,0.0,0.0,1.0
1779289536.9534218,0.01637573345697449,-1.0163340827904754,0.3858214861139757,-0.0034568961969863995,6.944131862089326e-05,0.0,0.0,0.0,0.0,0.0,0.0,1.0
1779289536.9641113,0.016374614598612555,-1.0163345347452384,0.38659923821896847,-0.0027366516855624762,-6.944131862089383e-05,0.0,0.0,0.0,0.0,0.0,0.0,1.0
1779289536.9742372,0.016369946871298578,-1.016336442999983,0.3871659207338318,-0.004102068976515182,6.944131862089327e-05,0.0,0.0,0.0,0.0,0.0,0.0,1.0
1779289536.9844356,0.01636639402888288,-1.0163379018220886,0.38680854673226417,-0.00458359486409542,-6.944131862089383e-05,0.0,0.0,0.0,0.0,0.0,0.0,1.0
1779289536.9945686,0.01635940984638138,-1.016340745122283,0.3869168612893574,-0.006092592669594783,6.944131862089327e-05,0.0,0.0,0.0,0.0,0.0,0.0,1.0
1779289537.0047479,0.016358764557021423,-1.0163410085166253,0.38635351208130775,-0.0056023017396576655,-6.944131862089383e-05,0.0,0.0,0.0,0.0,0.0,0.0,1.0
1779289537.0148952,0.016357955798639297,-1.0163413251766142,0.38602589481237803,-0.005723550092384993,6.944131862089327e-05,0.0,0.0,0.0,0.0,0.0,0.0,1.0
1779289537.0250201,0.016366450474009465,-1.0163378614095568,0.386341368752003,-0.003266453611503065,-6.944131862089383e-05,0.0,0.0,0.0,0.0,0.0,0.0,1.0
1779289537.0356865,0.016370545683040354,-1.0163361967419615,0.3867137378378107,-0.0029298224489451566,6.944131862089337e-05,0.0,0.0,0.0,0.0,0.0,0.0,1.0
1779289537.0461226,0.01636476595353843,-1.0163385567543504,0.38722547976671784,-0.004984137724062455,-6.944131862089359e-05,0.0,0.0,0.0,0.0,0.0,0.0,1.0
1779289537.0563247,0.0163593616430873,-1.0163407722431343,0.38720872363469905,-0.005861635356716725,6.944131862089364e-05,0.0,0.0,0.0,0.0,0.0,0.0,1.0
1779289537.0667796,0.016363488958506534,-1.0163390927205807,0.38690096132019214,-0.004182583937615295,-6.944131862089337e-05,0.0,0.0,0.0,0.0,0.0,0.0,1.0
1779289537.077451,0.016366323215535227,-1.016337934279147,0.3872797204291949,-0.0037109549922229265,6.94413186208938e-05,0.0,0.0,0.0,0.0,0.0,0.0,1.0
1779289537.087773,0.01637369601912108,-1.0163349315890238,0.38701249559425577,-0.002102117241817567,-6.944131862089326e-05,0.0,0.0,0.0,0.0,0.0,0.0,1.0
1779289537.0978606,0.01636884085645397,-1.0163369085894844,0.3867138231581828,-0.004277863415570772,6.944131862089383e-05,0.0,0.0,0.0,0.0,0.0,0.0,1.0
1779289537.108363,0.01636988343693113,-1.01633648039426,0.387743778653034,-0.0033644013556844493,-6.944131862089327e-05,0.0,0.0,0.0,0.0,0.0,0.0,1.0
1779289537.118827,0.016376313625177344,-1.0163338665382249,0.3870996736801642,-0.0017405821563126356,6.944131862089383e-05,0.0,0.0,0.0,0.0,0.0,0.0,1.0
1779289537.1292353,0.01638830994219327,-1.0163289745177695,0.3869181883930706,0.0008620107988187178,-6.944131862089327e-05,0.0,0.0,0.0,0.0,0.0,0.0,1.0
1779289537.1398377,0.0163847412851572,-1.0163304274338745,0.3864776696333454,-0.0013575894417425943,6.944131862089383e-05,0.0,0.0,0.0,0.0,0.0,0.0,1.0
1779289537.1497345,0.016389069031046997,-1.016328664135173,0.38682902156433485,0.0001705680797490592,-6.944131862089327e-05,0.0,0.0,0.0,0.0,0.0,0.0,1.0
1779289537.1601808,0.01638575012022269,-1.0163300156705932,0.38670417542403435,-0.0011723323783650963,6.944131862089383e-05,0.0,0.0,0.0,0.0,0.0,0.0,1.0
1779289537.1702428,0.01638823342354084,-1.016329003887665,0.3866892937752713,-0.00017080853295304644,-6.944131862089327e-05,0.0,0.0,0.0,0.0,0.0,0.0,1.0
1779289537.180939,0.01638615627187942,-1.0163298496340094,0.3872256079600396,-0.0009933413800336977,6.944131862089383e-05,0.0,0.0,0.0,0.0,0.0,0.0,1.0
1779289537.1911938,0.01638719705257452,-1.0163294266868268,0.3868687570457805,-0.00048574118786311323,-6.944131862089327e-05,0.0,0.0,0.0,0.0,0.0,0.0,1.0
1779289537.2016203,0.016381859296877455,-1.016331601426492,0.38742955480093766,-0.002025690169910804,6.944131862089379e-05,0.0,0.0,0.0,0.0,0.0,0.0,1.0
1779289537.2117956,0.016379588349994683,-1.0163325313760856,0.387492862579184,-0.002170803336076073,-6.944131862089344e-05,0.0,0.0,0.0,0.0,0.0,0.0,1.0
1779289537.2218091,0.016374644528139387,-1.016334551819611,0.38835538276634907,-0.0033203023123470525,6.944131862089353e-05,0.0,0.0,0.0,0.0,0.0,0.0,1.0
1779289537.2324357,0.016374834811378147,-1.0163344838357333,0.3881775535247165,-0.0026213729335108895,-6.944131862089367e-05,0.0,0.0,0.0,0.0,0.0,0.0,1.0
1779289537.2427518,0.016376525969591733,-1.0163337935736434,0.387446262033488,-0.0022296644811826004,6.944131862089336e-05,0.0,0.0,0.0,0.0,0.0,0.0,1.0
1779289537.253499,0.016370644492846087,-1.0163363008345583,0.38689483728053187,-0.0035524559809222414,-6.94413186208938e-05,0.0,0.0,0.0,0.0,0.0,0.0,1.0
1779289537.2637262,0.016366147732505613,-1.0163381671892595,0.38662708356779607,-0.004118763036194976,6.944131862089326e-05,0.0,0.0,0.0,0.0,0.0,0.0,1.0
1779289537.2742918,0.016375693166631393,-1.0163342900966401,0.38618347957134525,-0.0011079348132085418,-6.944131862089383e-05,0.0,0.0,0.0,0.0,0.0,0.0,1.0
1779289537.2849853,0.016388764767341548,-1.0163289752613798,0.38526671494974174,0.0014086670992792818,6.944131862089327e-05,0.0,0.0,0.0,0.0,0.0,0.0,1.0
1779289537.295372,0.016400780930415488,-1.0163241015120466,0.3858336324015461,0.003425229069301749,-6.944131862089383e-05,0.0,0.0,0.0,0.0,0.0,0.0,1.0
1779289537.3052874,0.01639785403429387,-1.01632528568136,0.38583387977116956,0.0013406075024255469,6.944131862089327e-05,0.0,0.0,0.0,0.0,0.0,0.0,1.0
1779289537.3158402,0.016392990262821927,-1.0163272595279773,0.38567849924717645,0.0002810548853744996,-6.944131862089383e-05,0.0,0.0,0.0,0.0,0.0,0.0,1.0
1779289537.3264973,0.016389266469163655,-1.0163287713064135,0.3862920189128145,-0.00021865815724071905,6.944131862089327e-05,0.0,0.0,0.0,0.0,0.0,0.0,1.0
1779289537.3370347,0.016388907527143247,-1.0163289167600504,0.3867253280178442,6.600734758263521e-05,-6.944131862089383e-05,0.0,0.0,0.0,0.0,0.0,0.0,1.0
1779289537.3480716,0.016393974396908956,-1.0163268531171685,0.3864650295741008,0.0014619414279780124,6.944131862089327e-05,0.0,0.0,0.0,0.0,0.0,0.0,1.0
1779289537.3575673,0.01638420415537312,-1.0163308298662643,0.38667720185882626,-0.0017463372264873082,-6.944131862089383e-05,0.0,0.0,0.0,0.0,0.0,0.0,1.0
1779289537.3680475,0.0163735737959632,-1.0163351578036304,0.3856409746925902,-0.0036252311311935053,6.944131862089327e-05,0.0,0.0,0.0,0.0,0.0,0.0,1.0
1779289537.3782723,0.01637105743237165,-1.0163361698832056,0.3859202671141606,-0.003220464439489958,-6.944131862089374e-05,0.0,0.0,0.0,0.0,0.0,0.0,1.0
1779289537.3886387,0.01638081626869614,-1.0163322043312495,0.38503645772924067,-0.00023834542513823586,6.944131862089352e-05,0.0,0.0,0.0,0.0,0.0,0.0,1.0
1779289537.3987572,0.01638710015083988,-1.016329652705488,0.3858023798560808,0.0004596302279378121,-6.944131862089346e-05,0.0,0.0,0.0,0.0,0.0,0.0,1.0
1779289537.4093716,0.01640078041501162,-1.0163240952199304,0.3858233398199218,0.003442886401517183,6.944131862089372e-05,0.0,0.0,0.0,0.0,0.0,0.0,1.0
1779289537.419881,0.016404233492683343,-1.0163226910390342,0.3867079926989181,0.0029948346601248116,-6.944131862089332e-05,0.0,0.0,0.0,0.0,0.0,0.0,1.0
1779289537.4300616,0.01639945166630519,-1.0163246282593648,0.38712741499640924,0.0014120335149382579,6.944131862089383e-05,0.0,0.0,0.0,0.0,0.0,0.0,1.0
1779289537.4407187,0.016396760249164057,-1.0163257189077872,0.38637044819092825,0.0011260712333358643,-6.944131862089323e-05,0.0,0.0,0.0,0.0,0.0,0.0,1.0
1779289537.450944,0.016395339403785444,-1.0163263360555645,0.3862894351053683,0.0008362449720006851,6.944131862089386e-05,0.0,0.0,0.0,0.0,0.0,0.0,1.0
1779289537.4608347,0.01639342409622385,-1.016327130211645,0.3868705917549171,0.0004567554241923412,-6.944131862089326e-05,0.0,0.0,0.0,0.0,0.0,0.0,1.0
1779289537.4712412,0.016390528206174485,-1.0163283143307986,0.387741620924718,-0.00014701551566393648,6.944131862089383e-05,0.0,0.0,0.0,0.0,0.0,0.0,1.0
1779289537.4817374,0.01638728601382466,-1.0163296393410715,0.3870143237952961,-0.0007164025091340696,-6.944131862089327e-05,0.0,0.0,0.0,0.0,0.0,0.0,1.0
1779289537.492079,0.016373502134309402,-1.0163352561763743,0.3867848721431235,-0.004159210041782823,6.944131862089383e-05,0.0,0.0,0.0,0.0,0.0,0.0,1.0
1779289537.5022871,0.016371903502135653,-1.0163359037600432,0.38608684242764024,-0.0031951156662714635,-6.944131862089327e-05,0.0,0.0,0.0,0.0,0.0,0.0,1.0
1779289537.5129502,0.016371111359956933,-1.0163362160211171,0.38583103034188326,-0.0031419111145429973,6.944131862089383e-05,0.0,0.0,0.0,0.0,0.0,0.0,1.0
1779289537.5229902,0.01637294672784353,-1.0163354646488294,0.3868121930279358,-0.002678859988388914,-6.944131862089327e-05,0.0,0.0,0.0,0.0,0.0,0.0,1.0
1779289537.5335224,0.016376328008633312,-1.0163340967678967,0.3880148299657691,-0.0018525982769408403,6.944131862089383e-05,0.0,0.0,0.0,0.0,0.0,0.0,1.0
1779289537.5441246,0.01638355321057668,-1.016331157868159,0.3883479701662482,-0.0002637599797337114,-6.944131862089327e-05,0.0,0.0,0.0,0.0,0.0,0.0,1.0
1779289537.5546265,0.01638678482526689,-1.0163298425715313,0.38760186574692046,-0.0001376394766187016,6.94413186208937e-05,0.0,0.0,0.0,0.0,0.0,0.0,1.0
1779289537.5650287,0.01639341972028607,-1.0163271349848781,0.38759241766311003,0.0013675904925890194,-6.944131862089356e-05,0.0,0.0,0.0,0.0,0.0,0.0,1.0
1779289537.5746958,0.016403374441721463,-1.0163230711089717,0.38790668514694104,0.0034488114043232784,6.944131862089344e-05,0.0,0.0,0.0,0.0,0.0,0.0,1.0
1779289537.5853155,0.016404594639312747,-1.016322569433488,0.38829145645085905,0.002608637511566026,-6.944131862089375e-05,0.0,0.0,0.0,0.0,0.0,0.0,1.0
1779289537.5953982,0.016400998353771026,-1.0163240358861398,0.38774943683232443,0.00158772607061247,6.944131862089329e-05,0.0,0.0,0.0,0.0,0.0,0.0,1.0
1779289537.6056483,0.016404829641104436,-1.0163224741355654,0.38711643668520246,0.0030061582180585297,-6.944131862089386e-05,0.0,0.0,0.0,0.0,0.0,0.0,1.0
1779289537.6162298,0.0163932993186425,-1.0163271822749749,0.3867586157952987,-0.0005649205811608356,6.944131862089326e-05,0.0,0.0,0.0,0.0,0.0,0.0,1.0
1779289537.626982,0.016385964482149077,-1.0163301738530781,0.3877305663770585,-0.0013500443039356023,-6.944131862089383e-05,0.0,0.0,0.0,0.0,0.0,0.0,1.0
1779289537.637466,0.01637644511181669,-1.0163340662119265,0.3884939809920276,-0.003157769496642493,6.944131862089327e-05,0.0,0.0,0.0,0.0,0.0,0.0,1.0
1779289537.6474369,0.01637385923600175,-1.0163350903378683,0.38755457728220666,-0.002573396955192179,-6.944131862089383e-05,0.0,0.0,0.0,0.0,0.0,0.0,1.0
1779289537.6578856,0.01637450812972855,-1.016334804023342,0.38722951924002036,-0.0020747047025318844,6.944131862089327e-05,0.0,0.0,0.0,0.0,0.0,0.0,1.0
1779289537.6680064,0.016373644385652128,-1.016335144932265,0.38671187726459166,-0.0023859132635772936,-6.944131862089383e-05,0.0,0.0,0.0,0.0,0.0,0.0,1.0
1779289537.6784534,0.016368993083213334,-1.0163370304331951,0.3869586429382732,-0.003616568721784271,6.944131862089327e-05,0.0,0.0,0.0,0.0,0.0,0.0,1.0
1779289537.6886225,0.016364077136193526,-1.0163390338192808,0.38726457751593735,-0.004342007451765855,-6.944131862089383e-05,0.0,0.0,0.0,0.0,0.0,0.0,1.0
1779289537.6989946,0.016366683232029507,-1.0163379750344763,0.3868534409591309,-0.0031613790223707027,6.944131862089327e-05,0.0,0.0,0.0,0.0,0.0,0.0,1.0
1779289537.709333,0.01636774554645235,-1.0163375383360067,0.3868975531924157,-0.0031724667532344367,-6.944131862089383e-05,0.0,0.0,0.0,0.0,0.0,0.0,1.0
1779289537.7197535,0.01637191327904815,-1.0163358397300268,0.3874005380871015,-0.0020988797784022148,6.944131862089332e-05,0.0,0.0,0.0,0.0,0.0,0.0,1.0
1779289537.7299235,0.016368984233782614,-1.0163370392609716,0.3870111120278157,-0.0034402281091140087,-6.944131862089361e-05,0.0,0.0,0.0,0.0,0.0,0.0,1.0
1779289537.740025,0.0163618753575776,-1.0163399313911359,0.38576528944429445,-0.005117232148822977,6.944131862089361e-05,0.0,0.0,0.0,0.0,0.0,0.0,1.0
1779289537.7506819,0.01635193638783928,-1.0163439463583066,0.3861459097874933,-0.006831962544225516,-6.94413186208934e-05,0.0,0.0,0.0,0.0,0.0,0.0,1.0
1779289537.7612991,0.01635088163853716,-1.0163443746777183,0.3857141265305257,-0.006111387494463978,6.944131862089378e-05,0.0,0.0,0.0,0.0,0.0,0.0,1.0
1779289537.7714112,0.016357994763266433,-1.0163414761661567,0.38587670151959585,-0.004234258061387814,-6.944131862089327e-05,0.0,0.0,0.0,0.0,0.0,0.0,1.0
1779289537.7820213,0.016363807484149385,-1.0163391137804862,0.3856631636175827,-0.003248722330510441,6.944131862089387e-05,0.0,0.0,0.0,0.0,0.0,0.0,1.0
1779289537.7922454,0.016364020312224167,-1.0163390244486892,0.38620846372812956,-0.0038808032194381677,-6.944131862089325e-05,0.0,0.0,0.0,0.0,0.0,0.0,1.0
1779289537.8027909,0.01636629687802347,-1.0163381068734092,0.38700587798990416,-0.003234988414965979,6.944131862089384e-05,0.0,0.0,0.0,0.0,0.0,0.0,1.0
1779289537.8134606,0.016372047602836656,-1.016335776935999,0.3866331486486638,-0.0019013479746729119,-6.944131862089326e-05,0.0,0.0,0.0,0.0,0.0,0.0,1.0
1779289537.8238075,0.01637033755452286,-1.0163364748778652,0.3868430028215917,-0.0029587525217572956,6.944131862089383e-05,0.0,0.0,0.0,0.0,0.0,0.0,1.0
1779289537.8345118,0.016373307412651857,-1.0163352673683483,0.3859865324038978,-0.001987865560303182,-6.944131862089327e-05,0.0,0.0,0.0,0.0,0.0,0.0,1.0
1779289537.8451328,0.016366886616815627,-1.016337870962598,0.38689470420936445,-0.003954372484163946,6.944131862089383e-05,0.0,0.0,0.0,0.0,0.0,0.0,1.0
1779289537.855598,0.016361395944812864,-1.0163401060253063,0.3874116878240219,-0.004843372765186167,-6.944131862089327e-05,0.0,0.0,0.0,0.0,0.0,0.0,1.0
1779289537.8656168,0.016372241680205478,-1.0163356885315207,0.3875051478452596,-0.0014060932381573816,6.944131862089383e-05,0.0,0.0,0.0,0.0,0.0,0.0,1.0
1779289537.8758512,0.016379411858722437,-1.016332765982987,0.38716130697912643,-0.0005496712151097995,-6.944131862089327e-05,0.0,0.0,0.0,0.0,0.0,0.0,1.0
1779289537.8864343,0.016373509147356767,-1.016335172293952,0.3870380036335126,-0.00284117740677168,6.944131862089383e-05,0.0,0.0,0.0,0.0,0.0,0.0,1.0
1779289537.8972626,0.01638251011888487,-1.016331502274433,0.3870927186855173,0.00016788303604581886,-6.944131862089337e-05,0.0,0.0,0.0,0.0,0.0,0.0,1.0
1779289537.9076767,0.01638406348402415,-1.0163308687485624,0.3872359267144061,-0.00033396848236325266,6.944131862089359e-05,0.0,0.0,0.0,0.0,0.0,0.0,1.0
1779289537.9180877,0.016382268166834114,-1.016331600864129,0.38654621310044224,-0.000986958897038901,-6.944131862089364e-05,0.0,0.0,0.0,0.0,0.0,0.0,1.0
1779289537.9282596,0.016383569854150383,-1.0163310688823566,0.3865085577555307,-0.00046165935155079456,6.944131862089337e-05,0.0,0.0,0.0,0.0,0.0,0.0,1.0
1779289537.9384367,0.016379201508653865,-1.0163328458208591,0.3865505576956112,-0.0018062636256034915,-6.94413186208938e-05,0.0,0.0,0.0,0.0,0.0,0.0,1.0
1779289537.9493423,0.01636355156381752,-1.0163392153044342,0.38637347985270765,-0.005508373483339959,6.944131862089326e-05,0.0,0.0,0.0,0.0,0.0,0.0,1.0
1779289537.959341,0.016362512604104373,-1.0163396352673708,0.38644756428486016,-0.00424075786299054,-6.944131862089383e-05,0.0,0.0,0.0,0.0,0.0,0.0,1.0
1779289537.970053,0.01635375509738962,-1.016343199423797,0.3866552046476519,-0.006335143905456913,6.944131862089327e-05,0.0,0.0,0.0,0.0,0.0,0.0,1.0
1779289537.9806652,0.01635864946690794,-1.0163412118863544,0.3869473699699695,-0.004168093018234894,-6.944131862089383e-05,0.0,0.0,0.0,0.0,0.0,0.0,1.0
1779289537.9914265,0.01635967712341024,-1.016340800631567,0.38695123462564585,-0.004407205696244875,6.944131862089327e-05,0.0,0.0,0.0,0.0,0.0,0.0,1.0
1779289538.0015247,0.016372039238441743,-1.0163357661455834,0.38711713508975976,-0.0012709879477680241,-6.944131862089383e-05,0.0,0.0,0.0,0.0,0.0,0.0,1.0
1779289538.0115438,0.016382194733539992,-1.016331628764088,0.38661663285788705,0.00024299151437756975,6.944131862089327e-05,0.0,0.0,0.0,0.0,0.0,0.0,1.0
1779289538.0220127,0.016376867133841875,-1.0163337968680748,0.38648330209014325,-0.0022951857048605457,-6.944131862089383e-05,0.0,0.0,0.0,0.0,0.0,0.0,1.0
1779289538.0321975,0.01636414906466283,-1.0163389720412221,0.3868694716718606,-0.005199410468581833,6.944131862089327e-05,0.0,0.0,0.0,0.0,0.0,0.0,1.0
1779289538.0427284,0.016364329043505113,-1.0163389035158508,0.38639414665118377,-0.003743063687590021,-6.944131862089383e-05,0.0,0.0,0.0,0.0,0.0,0.0,1.0
1779289538.0531702,0.0163646947286997,-1.0163386837470123,0.38614384523014156,-0.003985913496772061,6.944131862089327e-05,0.0,0.0,0.0,0.0,0.0,0.0,1.0
1779289538.0637698,0.01636927476535526,-1.0163367906611702,0.38609407868936607,-0.002659501489184015,-6.944131862089379e-05,0.0,0.0,0.0,0.0,0.0,0.0,1.0
1779289538.0742192,0.01636697097477777,-1.016337713845576,0.3855198200955172,-0.0037850446272693792,6.944131862089344e-05,0.0,0.0,0.0,0.0,0.0,0.0,1.0
1779289538.0847507,0.01636977091576022,-1.0163365652252674,0.38622829245715007,-0.002810154318258529,-6.944131862089353e-05,0.0,0.0,0.0,0.0,0.0,0.0,1.0
1779289538.0948153,0.016377534707684462,-1.0163334121398868,0.3864947292004137,-0.001013123868383235,6.944131862089367e-05,0.0,0.0,0.0,0.0,0.0,0.0,1.0
1779289538.1047745,0.016381934061653187,-1.0163316254059116,0.38704500804083164,-0.0006237132085192591,-6.944131862089336e-05,0.0,0.0,0.0,0.0,0.0,0.0,1.0
1779289538.1153872,0.016375849408205936,-1.0163341091649585,0.38689301250428443,-0.002679978919457717,6.94413186208938e-05,0.0,0.0,0.0,0.0,0.0,0.0,1.0
1779289538.1262336,0.01636933756702303,-1.0163367625690298,0.386981876803171,-0.0038015203174359678,-6.944131862089326e-05,0.0,0.0,0.0,0.0,0.0,0.0,1.0
1779289538.1364987,0.016367560716597243,-1.0163374876713294,0.3868202332394217,-0.0036169632796047083,6.944131862089383e-05,0.0,0.0,0.0,0.0,0.0,0.0,1.0
1779289538.1467676,0.01636960885938665,-1.0163366521683908,0.38737718514925046,-0.002957670264848532,-6.944131862089327e-05,0.0,0.0,0.0,0.0,0.0,0.0,1.0
1779289538.15737,0.0163782758022669,-1.016333122632479,0.3876645519430939,-0.0007646303547147952,6.944131862089383e-05,0.0,0.0,0.0,0.0,0.0,0.0,1.0
1779289538.1678133,0.01638386659186039,-1.0163308442288017,0.3877157656563677,-0.00015873785040811095,-6.944131862089327e-05,0.0,0.0,0.0,0.0,0.0,0.0,1.0
1779289538.1783402,0.016385514511675452,-1.0163301730736682,0.3874177386354196,-0.0002874833424138624,6.944131862089383e-05,0.0,0.0,0.0,0.0,0.0,0.0,1.0
1779289538.1887393,0.01637337880513433,-1.0163351253353972,0.3876185341688494,-0.0037760904063885263,-6.944131862089327e-05,0.0,0.0,0.0,0.0,0.0,0.0,1.0
1779289538.1998403,0.016366438228607033,-1.0163379603644265,0.38720771262146325,-0.004481530834850528,6.944131862089383e-05,0.0,0.0,0.0,0.0,0.0,0.0,1.0
1779289538.2091348,0.016367580443035712,-1.0163374904522522,0.3881198897399214,-0.003411940359472932,-6.944131862089327e-05,0.0,0.0,0.0,0.0,0.0,0.0,1.0
1779289538.2193851,0.016370900446917247,-1.0163361434077998,0.38758927444931324,-0.002593064588385832,6.944131862089383e-05,0.0,0.0,0.0,0.0,0.0,0.0,1.0
1779289538.22967,0.016366058462756433,-1.0163381185820841,0.38801119863025857,-0.004306280019652872,-6.944131862089327e-05,0.0,0.0,0.0,0.0,0.0,0.0,1.0
1779289538.2401664,0.016364786304606586,-1.0163386433697699,0.38754621398777545,-0.004022173368390527,6.944131862089374e-05,0.0,0.0,0.0,0.0,0.0,0.0,1.0
1779289538.2508132,0.01636058190852023,-1.016340374283908,0.38721255346866723,-0.004787890874935868,-6.944131862089352e-05,0.0,0.0,0.0,0.0,0.0,0.0,1.0
1779289538.2613046,0.016347829988979184,-1.0163455748591166,0.3873657218455673,-0.007776666195557993,6.944131862089346e-05,0.0,0.0,0.0,0.0,0.0,0.0,1.0
1779289538.2715628,0.016349115744590585,-1.0163450533241705,0.3869483368162534,-0.006275089698942321,-6.944131862089372e-05,0.0,0.0,0.0,0.0,0.0,0.0,1.0
1779289538.2816763,0.016346461149269867,-1.016346126078298,0.3870487489534886,-0.007257026197090673,6.944131862089332e-05,0.0,0.0,0.0,0.0,0.0,0.0,1.0
1779289538.2921908,0.01633316529245003,-1.016351541960789,0.38630044596222746,-0.010272031079550877,-6.944131862089383e-05,0.0,0.0,0.0,0.0,0.0,0.0,1.0
1779289538.3024023,0.016335735701295935,-1.0163504673470876,0.38577200344735463,-0.008509858646563154,6.944131862089323e-05,0.0,0.0,0.0,0.0,0.0,0.0,1.0
1779289538.312761,0.016344946381499355,-1.016346699672068,0.3866114240944576,-0.0061366688783698,-6.944131862089386e-05,0.0,0.0,0.0,0.0,0.0,0.0,1.0
1779289538.3232713,0.016342910028452704,-1.0163475387576832,0.38553447225221227,-0.007491414014545466,6.944131862089326e-05,0.0,0.0,0.0,0.0,0.0,0.0,1.0
1779289538.3336403,0.01635220086984082,-1.0163437420894794,0.38618621406398557,-0.004878488444335577,-6.944131862089383e-05,0.0,0.0,0.0,0.0,0.0,0.0,1.0
1779289538.3438027,0.01636902808383861,-1.0163369051463944,0.38604483025139125,-0.001290213485239492,6.944131862089327e-05,0.0,0.0,0.0,0.0,0.0,0.0,1.0
1779289538.3544903,0.016377294999758665,-1.01633354554263,0.386757926082395,-0.000739208211763097,-6.944131862089383e-05,0.0,0.0,0.0,0.0,0.0,0.0,1.0
1779289538.3649552,0.016384510111896403,-1.016330611844641,0.3873750862782144,0.0003456798945935058,6.944131862089327e-05,0.0,0.0,0.0,0.0,0.0,0.0,1.0
1779289538.375131,0.016370713578274125,-1.0163362418598534,0.3861719345497425,-0.004159569661470906,-6.944131862089383e-05,0.0,0.0,0.0,0.0,0.0,0.0,1.0
1779289538.3858702,0.016367874447614637,-1.016337384718004,0.3863920815604809,-0.0034777079248532786,6.944131862089327e-05,0.0,0.0,0.0,0.0,0.0,0.0,1.0
1779289538.3957846,0.01637226508894823,-1.0163355970455468,0.3867789045727852,-0.0020493655456409873,-6.944131862089383e-05,0.0,0.0,0.0,0.0,0.0,0.0,1.0
1779289538.4062977,0.016370683539559817,-1.016336244773453,0.3870734919995975,-0.0028484196013837315,6.944131862089327e-05,0.0,0.0,0.0,0.0,0.0,0.0,1.0
1779289538.4166644,0.016367671825441642,-1.0163374773230998,0.3873555757535092,-0.0036004180943539858,-6.94413186208937e-05,0.0,0.0,0.0,0.0,0.0,0.0,1.0
1779289538.4269507,0.016372074283815565,-1.016335686741046,0.38746039563832113,-0.0020676541230804308,6.944131862089356e-05,0.0,0.0,0.0,0.0,0.0,0.0,1.0
1779289538.4378066,0.01637715826256966,-1.0163336148608246,0.3867686362356775,-0.0010886457979188166,-6.944131862089344e-05,0.0,0.0,0.0,0.0,0.0,0.0,1.0
1779289538.4479454,0.016375392869019623,-1.0163343235352105,0.386986281553777,-0.0020819845533947574,6.944131862089375e-05,0.0,0.0,0.0,0.0,0.0,0.0,1.0
1779289538.45993,0.016392984036758283,-1.016327152108236,0.3870541543058508,0.0027373666757701184,-6.944131862089329e-05,0.0,0.0,0.0,0.0,0.0,0.0,1.0
1779289538.4690356,0.016390700796884185,-1.0163280817362763,0.38656633845842947,0.0004187838272052924,6.944131862089386e-05,0.0,0.0,0.0,0.0,0.0,0.0,1.0
1779289538.47916,0.016395688429210048,-1.016326052610019,0.38627141849711144,0.0020452802310552375,-6.944131862089326e-05,0.0,0.0,0.0,0.0,0.0,0.0,1.0
1779289538.4892893,0.016386762759467054,-1.016329684991188,0.38694678875094546,-0.0009630381595561236,6.944131862089383e-05,0.0,0.0,0.0,0.0,0.0,0.0,1.0
1779289538.5000963,0.01637514189941789,-1.0163344208987726,0.38678474773943083,-0.003121289919715689,-6.944131862089327e-05,0.0,0.0,0.0,0.0,0.0,0.0,1.0
1779289538.5104308,0.01637877870113239,-1.0163329385530344,0.3865573562905329,-0.00098253157619163,6.944131862089383e-05,0.0,0.0,0.0,0.0,0.0,0.0,1.0
1779289538.5207362,0.01636775470912468,-1.0163374241421403,0.3866013707728948,-0.004329184061558156,-6.944131862089327e-05,0.0,0.0,0.0,0.0,0.0,0.0,1.0
1779289538.5309513,0.01635457261835119,-1.0163427909745812,0.38685489478749524,-0.006862420870175676,6.944131862089383e-05,0.0,0.0,0.0,0.0,0.0,0.0,1.0
1779289538.5412958,0.016342757682963734,-1.0163476110779694,0.3872989174801056,-0.008727762403303328,-6.944131862089327e-05,0.0,0.0,0.0,0.0,0.0,0.0,1.0
1779289538.5513546,0.016349062712263565,-1.0163450528968632,0.38651548849521955,-0.00585974709732728,6.944131862089383e-05,0.0,0.0,0.0,0.0,0.0,0.0,1.0
1779289538.5615969,0.01635610281031668,-1.0163421726561297,0.38617399600067603,-0.004551929969648741,-6.944131862089327e-05,0.0,0.0,0.0,0.0,0.0,0.0,1.0
1779289538.5720007,0.01636125917991161,-1.016340064373046,0.3868646007537748,-0.0037119599172827917,6.944131862089383e-05,0.0,0.0,0.0,0.0,0.0,0.0,1.0
1779289538.5829546,0.016359223754396447,-1.0163409029101746,0.3880038640927692,-0.004685057827432703,-6.944131862089332e-05,0.0,0.0,0.0,0.0,0.0,0.0,1.0
1779289538.593437,0.01635592240976765,-1.0163422760065062,0.38778164503749224,-0.005441400869000293,6.944131862089361e-05,0.0,0.0,0.0,0.0,0.0,0.0,1.0
1779289538.603721,0.016360081985815147,-1.0163405812514095,0.38759163177580636,-0.004137496504261951,-6.944131862089361e-05,0.0,0.0,0.0,0.0,0.0,0.0,1.0
1779289538.6137109,0.01636421852110254,-1.0163388903444275,0.3872315248231253,-0.0034882017072579027,6.94413186208934e-05,0.0,0.0,0.0,0.0,0.0,0.0,1.0
1779289538.623988,0.016366511580042736,-1.0163379480978794,0.38653706317948444,-0.003250279987567736,-6.944131862089378e-05,0.0,0.0,0.0,0.0,0.0,0.0,1.0
1779289538.6343899,0.01635752913517206,-1.0163415916489176,0.38637388812112405,-0.005921844322108615,6.944131862089327e-05,0.0,0.0,0.0,0.0,0.0,0.0,1.0
1779289538.6444492,0.016357714214810984,-1.0163415076468307,0.38589845674693013,-0.004966286553519372,-6.944131862089387e-05,0.0,0.0,0.0,0.0,0.0,0.0,1.0
1779289538.6547167,0.016373354050128727,-1.0163350847124115,0.38691695140763294,-0.0008813490917956661,6.944131862089325e-05,0.0,0.0,0.0,0.0,0.0,0.0,1.0
1779289538.664877,1368148611.270765,-84847483899.41988,-1.5546729252531302,585979506665.7837,-6.944131862089384e-05,0.0,0.0,0.0,0.0,0.0,0.0,1.0
1779289538.67529,752708915.0690079,-46680204932.524,-1.5546729252531302,271468816504.8043,6.944131862089326e-05,0.0,0.0,0.0,0.0,0.0,0.0,1.0
1779289538.6854792,417491081.543997,-25891242755.093678,-1.5546729252531302,104890635498.64307,-6.944131862089383e-05,0.0,0.0,0.0,0.0,0.0,0.0,1.0
1779289538.6958177,224486171.9507902,-13921796728.314287,-1.5546729252531302,12772927178.491684,6.944131862089327e-05,0.0,0.0,0.0,0.0,0.0,0.0,1.0
1779289538.7067351,111314688.28162362,-6903322595.175902,1.586919728336663,37056442096.16622,-6.944131862089383e-05,0.0,0.0,0.0,0.0,0.0,0.0,1.0
1779289538.71697,54530575.651043415,-3381783310.2798333,1.586919728336663,58360020167.10414,6.944131862089327e-05,0.0,0.0,0.0,0.0,0.0,0.0,1.0
1779289538.7277324,22268261.872113097,-1380994707.078833,1.586919728336663,67237975020.860565,-6.944131862089383e-05,0.0,0.0,0.0,0.0,0.0,0.0,1.0
1779289538.7381494,5565490.186349744,-345150983.66403663,1.586919728336663,68713131549.62459,6.944131862089327e-05,0.0,0.0,0.0,0.0,0.0,0.0,1.0
1779289538.7481518,-3002195.503515702,186184989.37104562,1.586919728336663,66771028663.03584,-6.944131862089383e-05,0.0,0.0,0.0,0.0,0.0,0.0,1.0
1779289538.7587717,-7226679.337308067,448171750.98324615,1.586919728336663,62887095564.85581,6.944131862089337e-05,0.0,0.0,0.0,0.0,0.0,0.0,1.0
1779289538.7688558,-9229837.982306572,572400193.3317928,1.586919728336663,58604076311.218735,-6.944131862089359e-05,0.0,0.0,0.0,0.0,0.0,0.0,1.0
1779289538.7792032,-9799127.709137114,607705422.9928418,1.586919728336663,53950046987.42031,6.944131862089364e-05,0.0,0.0,0.0,0.0,0.0,0.0,1.0
1779289538.789325,-9794994.50912452,607449097.3140137,1.586919728336663,49545863627.79602,-6.944131862089337e-05,0.0,0.0,0.0,0.0,0.0,0.0,1.0
1779289538.7998514,-9236048.728879666,572785360.7145778,1.586919728336663,45099278228.44945,6.94413186208938e-05,0.0,0.0,0.0,0.0,0.0,0.0,1.0
1779289538.8100212,-8708005.831170764,540038105.8531742,1.586919728336663,41181494282.87551,-6.944131862089326e-05,0.0,0.0,0.0,0.0,0.0,0.0,1.0
1779289538.8202822,-8026187.049056594,497754243.07600033,1.586919728336663,37549766038.11741,6.944131862089383e-05,0.0,0.0,0.0,0.0,0.0,0.0,1.0
1779289538.830699,-7375257.046051897,457385987.39484894,1.586919728336663,34087898886.70549,-6.944131862089327e-05,0.0,0.0,0.0,0.0,0.0,0.0,1.0
1779289538.8411596,-6733684.670751022,417598056.949857,1.586919728336663,30914544431.99528,6.944131862089383e-05,0.0,0.0,0.0,0.0,0.0,0.0,1.0
1779289538.8518429,-6000108.904358576,372104418.6746258,1.586919728336663,27990374009.41504,-6.944131862089327e-05,0.0,0.0,0.0,0.0,0.0,0.0,1.0
1779289538.8618689,-5595266.630281662,346997607.873128,1.586919728336663,25559848720.30862,6.944131862089383e-05,0.0,0.0,0.0,0.0,0.0,0.0,1.0
1779289538.8719823,-5135748.597546825,318500010.0516993,1.586919728336663,23306872796.045227,-6.944131862089327e-05,0.0,0.0,0.0,0.0,0.0,0.0,1.0
1779289538.882093,-4729564.84188013,293310005.55568683,1.586919728336663,21232450737.681595,6.944131862089383e-05,0.0,0.0,0.0,0.0,0.0,0.0,1.0
1779289538.8921514,-4324136.28767126,268166835.8428259,1.586919728336663,19362161825.338573,-6.944131862089327e-05,0.0,0.0,0.0,0.0,0.0,0.0,1.0
1779289538.9023335,-3924358.4403236606,243374101.93458384,1.586919728336663,17633071355.722404,6.944131862089383e-05,0.0,0.0,0.0,0.0,0.0,0.0,1.0
1779289538.9127412,-3511404.0143768555,217764205.67180127,1.586919728336663,16023924581.93233,-6.944131862089327e-05,0.0,0.0,0.0,0.0,0.0,0.0,1.0
1779289538.9228272,-3249568.8485657224,201526163.3769465,1.586919728336663,14619585677.878378,6.944131862089379e-05,0.0,0.0,0.0,0.0,0.0,0.0,1.0
1779289538.9334784,-2884811.727505802,178905284.5474276,1.586919728336663,13245283458.399584,-6.944131862089344e-05,0.0,0.0,0.0,0.0,0.0,0.0,1.0
1779289538.9439218,-2613665.795300235,162089823.18037853,1.586919728336663,12049561407.247952,6.944131862089353e-05,0.0,0.0,0.0,0.0,0.0,0.0,1.0
1779289538.9541216,-2397785.3750882107,148701723.13974985,1.586919728336663,11008176598.681679,-6.944131862089367e-05,0.0,0.0,0.0,0.0,0.0,0.0,1.0
1779289538.9646385,-2165190.984055107,134277084.84702313,1.586919728336663,10014143189.709208,6.944131862089336e-05,0.0,0.0,0.0,0.0,0.0,0.0,1.0
1779289538.9746437,-2015700.7828908314,125006259.05228274,1.586919728336663,9176248644.999237,-6.94413186208938e-05,0.0,0.0,0.0,0.0,0.0,0.0,1.0
1779289538.9853609,-1788947.2043455655,110943846.20746331,1.586919728336663,8342542043.650511,6.944131862089326e-05,0.0,0.0,0.0,0.0,0.0,0.0,1.0
1779289538.9953246,-1686271.8034937414,104576300.05869348,1.586919728336663,7653147978.225561,-6.944131862089383e-05,0.0,0.0,0.0,0.0,0.0,0.0,1.0
1779289539.0057085,-1522059.657259701,94392474.0335798,1.586919728336663,6988934247.052047,6.944131862089327e-05,0.0,0.0,0.0,0.0,0.0,0.0,1.0
1779289539.0160787,-1383577.7499277391,85804341.6436368,1.586919728336663,6391112088.73519,-6.944131862089383e-05,0.0,0.0,0.0,0.0,0.0,0.0,1.0
1779289539.0265179,-1260160.1017848847,78150438.53147477,1.586919728336663,5844714794.463022,6.944131862089327e-05,0.0,0.0,0.0,0.0,0.0,0.0,1.0
1779289539.0369008,-1147051.5849768936,71135869.36867033,1.586919728336663,5357447788.606492,-6.944131862089383e-05,0.0,0.0,0.0,0.0,0.0,0.0,1.0
1779289539.047527,-1037209.3201655722,64323860.995959826,1.5869197283366638,4901735587.823195,6.944131862089327e-05,0.0,0.0,0.0,0.0,0.0,0.0,1.0
1779289539.057963,-954859.8304425069,59216852.19160801,1.5869197283366638,4501767202.726063,-6.944131862089383e-05,0.0,0.0,0.0,0.0,0.0,0.0,1.0
1779289539.0681248,-887209.7345100476,55021445.07125,1.5869197283366638,4153852355.311255,6.944131862089327e-05,0.0,0.0,0.0,0.0,0.0,0.0,1.0
1779289539.0784733,-811538.8933044999,50328621.1865075,1.5869197283366638,3829406913.4361753,-6.944131862089383e-05,0.0,0.0,0.0,0.0,0.0,0.0,1.0
1779289539.0887666,-751911.4886709905,46630751.51582188,1.5869197283366638,3537724705.1901264,6.944131862089327e-05,0.0,0.0,0.0,0.0,0.0,0.0,1.0
1779289539.0991986,-690867.6553158065,42845040.20851468,1.5869197283366638,3266344746.375625,-6.944131862089374e-05,0.0,0.0,0.0,0.0,0.0,0.0,1.0
1779289539.1094522,-637839.0003240812,39556400.426583424,1.5869197283366638,3029533757.218544,6.944131862089352e-05,0.0,0.0,0.0,0.0,0.0,0.0,1.0
1779289539.1195014,-600036.6220357585,37212037.64555524,1.5869197283366638,2819964703.779159,-6.944131862089346e-05,0.0,0.0,0.0,0.0,0.0,0.0,1.0
1779289539.1297917,-552795.7799335092,34282336.4737339,1.5869197283366638,2622395132.278094,6.944131862089372e-05,0.0,0.0,0.0,0.0,0.0,0.0,1.0
1779289539.1404507,-502388.9554377067,31156292.85932281,1.5869197283366638,2435952624.1984253,-6.944131862089332e-05,0.0,0.0,0.0,0.0,0.0,0.0,1.0
1779289539.150926,-466764.81818318705,28947016.478648048,1.5869197283366638,2273178844.2301426,6.944131862089383e-05,0.0,0.0,0.0,0.0,0.0,0.0,1.0
1779289539.1610713,-441544.1860676745,27382926.759354725,1.5869197283366638,2133562615.7973895,-6.944131862089323e-05,0.0,0.0,0.0,0.0,0.0,0.0,1.0
1779289539.1712985,-413413.44260758377,25638362.767441828,1.5869197283366638,2004985417.999293,6.944131862089386e-05,0.0,0.0,0.0,0.0,0.0,0.0,1.0
1779289539.1817803,-382251.71707218554,23705828.55013419,1.5869197283366638,1884614312.0012658,-6.944131862089326e-05,0.0,0.0,0.0,0.0,0.0,0.0,1.0
1779289539.19232,-356077.5586230757,22082604.677159723,1.5869197283366638,1776162062.5791888,6.944131862089383e-05,0.0,0.0,0.0,0.0,0.0,0.0,1.0
1779289539.2031906,-325111.9041136743,20162230.05500451,1.5869197283366638,1674806715.5795474,-6.944131862089327e-05,0.0,0.0,0.0,0.0,0.0,0.0,1.0
1779289539.213448,-315559.3983097096,19569819.20451355,1.5869197283366638,1594034862.829906,6.944131862089383e-05,0.0,0.0,0.0,0.0,0.0,0.0,1.0
1779289539.2236218,-303195.66406689637,18803066.431121945,1.5869197283366638,1521026429.4254458,-6.944131862089327e-05,0.0,0.0,0.0,0.0,0.0,0.0,1.0
1779289539.2341516,-284896.5196850685,17668221.61563946,1.5869197283366638,1450638299.750288,6.944131862089383e-05,0.0,0.0,0.0,0.0,0.0,0.0,1.0
1779289539.2444787,-271386.84614639916,16830401.952910043,1.5869197283366638,1390561523.6999109,-6.944131862089327e-05,0.0,0.0,0.0,0.0,0.0,0.0,1.0
1779289539.254951,-258198.8027490987,16012528.594303844,1.5869197283366612,1335542742.2317986,6.944131862089383e-05,0.0,0.0,0.0,0.0,0.0,0.0,1.0
1779289539.2650547,-250629.79665433307,15543127.01216138,1.5869197283366603,1290188390.159018,-6.944131862089327e-05,0.0,0.0,0.0,0.0,0.0,0.0,1.0
1779289539.2750893,-243831.64812936125,15121531.146950891,1.5869197283366594,1249866886.3289742,6.94413186208937e-05,0.0,0.0,0.0,0.0,0.0,0.0,1.0
1779289539.285573,-231147.68349574934,14334918.876793984,1.5869197283366585,1210215658.0447571,-6.944131862089356e-05,0.0,0.0,0.0,0.0,0.0,0.0,1.0
1779289539.2957284,-226691.23936985136,14058546.801346937,1.5869197283366585,1178439992.8316355,6.944131862089344e-05,0.0,0.0,0.0,0.0,0.0,0.0,1.0
1779289539.3062923,-215984.30691592072,13394542.707412045,1.5869197283366594,1146896991.827222,-6.944131862089375e-05,0.0,0.0,0.0,0.0,0.0,0.0,1.0
1779289539.3163388,-212961.39862224567,13207073.187899908,1.5869197283366594,1123415546.6645927,6.944131862089329e-05,0.0,0.0,0.0,0.0,0.0,0.0,1.0
1779289539.3265834,-207494.46185559532,12868034.120457962,1.5869197283366603,1101333382.2348955,-6.944131862089386e-05,0.0,0.0,0.0,0.0,0.0,0.0,1.0
1779289539.3373053,-196421.89923879164,12181355.004888711,1.5869197283366603,1079188605.176759,6.944131862089326e-05,0.0,0.0,0.0,0.0,0.0,0.0,1.0
1779289539.3479269,-192989.1554933407,11968469.016280616,1.5869197283366603,1062868993.6244433,-6.944131862089383e-05,0.0,0.0,0.0,0.0,0.0,0.0,1.0
1779289539.3585858,-187548.8084240779,11631078.942889327,1.5869197283366603,1048397534.5376178,6.944131862089327e-05,0.0,0.0,0.0,0.0,0.0,0.0,1.0
1779289539.3685522,-191101.69130089402,11851415.513203124,1.5869197283366612,1040475889.8386692,-6.944131862089383e-05,0.0,0.0,0.0,0.0,0.0,0.0,1.0
1779289539.3790965,-186559.50470430232,11569726.008899322,1.5869197283366612,1030336358.6483454,6.944131862089327e-05,0.0,0.0,0.0,0.0,0.0,0.0,1.0
1779289539.3896801,-182561.62253674143,11321792.23909551,1.5869197283366612,1022352279.8417231,-6.944131862089383e-05,0.0,0.0,0.0,0.0,0.0,0.0,1.0
1779289539.4000976,-181744.2367878894,11271101.017692901,1.586919728336662,1017529492.701072,6.944131862089327e-05,0.0,0.0,0.0,0.0,0.0,0.0,1.0
1779289539.4103384,-182264.77804742858,11303383.048879912,1.586919728336662,1014791997.4029438,-6.944131862089383e-05,0.0,0.0,0.0,0.0,0.0,0.0,1.0
1779289539.4208367,-178317.446024722,11058584.210885674,1.586919728336662,1011399301.5728601,6.944131862089327e-05,0.0,0.0,0.0,0.0,0.0,0.0,1.0
1779289539.431141,-180460.8949551264,11191512.934500432,1.586919728336662,1011940286.4455523,-6.944131862089383e-05,0.0,0.0,0.0,0.0,0.0,0.0,1.0
1779289539.4417634,-177381.12348630847,11000516.972539896,1.586919728336662,1011296184.445252,6.944131862089332e-05,0.0,0.0,0.0,0.0,0.0,0.0,1.0
1779289539.452019,-179318.60687161374,11120672.479831109,1.586919728336655,1013939038.0231721,-6.944131862089361e-05,0.0,0.0,0.0,0.0,0.0,0.0,1.0
1779289539.462608,-178578.60456232153,11074780.291328805,1.5869197283366514,1016405775.8024256,6.944131862089361e-05,0.0,0.0,0.0,0.0,0.0,0.0,1.0
1779289539.4732041,-177609.33696736817,11014669.9232373,1.5869197283366496,1019710450.2896576,-6.94413186208934e-05,0.0,0.0,0.0,0.0,0.0,0.0,1.0
1779289539.483705,-177907.16158593702,11033139.897431742,1.5869197283366496,1024409175.6129278,6.944131862089378e-05,0.0,0.0,0.0,0.0,0.0,0.0,1.0
1779289539.4942105,-179106.5790555269,11107523.30403631,1.5869197283366505,1030317678.7691988,-6.944131862089327e-05,0.0,0.0,0.0,0.0,0.0,0.0,1.0
1779289539.5047128,-179563.43431458977,11135855.766549552,1.5869197283366514,1036508268.4067378,6.944131862089387e-05,0.0,0.0,0.0,0.0,0.0,0.0,1.0
1779289539.515043,-182156.70863218774,11296680.986191709,1.5869197283366532,1044247143.9779471,-6.944131862089325e-05,0.0,0.0,0.0,0.0,0.0,0.0,1.0
1779289539.525515,-183612.9422758819,11386991.175903263,1.586919728336654,1052190987.538298,6.944131862089384e-05,0.0,0.0,0.0,0.0,0.0,0.0,1.0
1779289539.5356967,-186031.15888544306,11536959.96814888,1.586919728336655,1060788844.4537975,-6.944131862089326e-05,0.0,0.0,0.0,0.0,0.0,0.0,1.0
1779289539.546162,-186664.72700977384,11576251.504744291,1.5869197283366558,1069392598.7259817,6.944131862089383e-05,0.0,0.0,0.0,0.0,0.0,0.0,1.0
1779289539.5567005,-186569.00411267398,11570315.12699674,1.5869197283366567,1078225486.06234,-6.944131862089327e-05,0.0,0.0,0.0,0.0,0.0,0.0,1.0
1779289539.5671098,-187537.81059274322,11630396.898480756,1.5869197283366576,1087842918.0834713,6.944131862089383e-05,0.0,0.0,0.0,0.0,0.0,0.0,1.0
1779289539.5771763,-192349.8631496193,11928822.485057093,1.5869197283366585,1099330493.9041872,-6.944131862089327e-05,0.0,0.0,0.0,0.0,0.0,0.0,1.0
1779289539.5876706,-192292.36956619043,11925256.947033752,1.5869197283366585,1109396946.9917142,6.944131862089383e-05,0.0,0.0,0.0,0.0,0.0,0.0,1.0
1779289539.598042,-195801.97777020014,12142909.783230966,1.5869197283366594,1121519818.3529012,-6.944131862089327e-05,0.0,0.0,0.0,0.0,0.0,0.0,1.0
1779289539.6081128,-199938.15197659458,12399419.910486605,1.5869197283366603,1133785226.664022,6.944131862089383e-05,0.0,0.0,0.0,0.0,0.0,0.0,1.0
1779289539.6184165,-199691.1742991463,12384103.274312152,1.5869197283366603,1144465187.6607254,-6.944131862089337e-05,0.0,0.0,0.0,0.0,0.0,0.0,1.0
1779289539.6288054,-202301.44744323075,12545982.69789287,1.5869197283366603,1157192608.1656992,6.944131862089359e-05,0.0,0.0,0.0,0.0,0.0,0.0,1.0
1779289539.6389694,-205690.66514884616,12756169.363536803,1.5869197283366612,1170225806.9520369,-6.944131862089364e-05,0.0,0.0,0.0,0.0,0.0,0.0,1.0
1779289539.6494477,-205696.4590261301,12756528.678311441,1.586919728336655,1182409249.0912976,6.944131862089337e-05,0.0,0.0,0.0,0.0,0.0,0.0,1.0
1779289539.6595454,-209832.41482681248,13013025.260896863,1.5869197283366514,1196258611.4268281,-6.94413186208938e-05,0.0,0.0,0.0,0.0,0.0,0.0,1.0
1779289539.6699643,-208610.06880433095,12937219.910821874,1.5869197283366514,1208203933.7286253,6.944131862089326e-05,0.0,0.0,0.0,0.0,0.0,0.0,1.0
1779289539.6798618,-217898.10460826478,13513229.31641943,1.5869197283359826,1224953095.449656,-6.944131862089383e-05,0.0,0.0,0.0,0.0,0.0,0.0,1.0
1779289539.690429,-215256.7188783167,13349420.406357134,1.5869197282503889,1237102182.367998,6.944131862089327e-05,0.0,0.0,0.0,0.0,0.0,0.0,1.0
1779289539.700921,-216340.23557143885,13416616.11351297,1.5869197280831155,1251282635.7730215,-6.944131862089383e-05,0.0,0.0,0.0,0.0,0.0,0.0,1.0
1779289539.7111583,-220559.0034085435,13678248.478507213,1.5869197278468903,1266827386.536664,6.944131862089327e-05,0.0,0.0,0.0,0.0,0.0,0.0,1.0
1779289539.7223508,-208902.1026810597,12955331.018980075,1.5869197275348421,1276219343.1384637,-6.944131862089383e-05,0.0,0.0,0.0,0.0,0.0,0.0,1.0
1779289539.7322419,-227649.93398891628,14118001.965849217,1.5869197271723028,1299210780.154468,6.944131862089327e-05,0.0,0.0,0.0,0.0,0.0,0.0,1.0
1779289539.7424939,-228865.90099205516,14193411.971136719,1.5869197267681967,1313852309.3139868,-6.944131862089383e-05,0.0,0.0,0.0,0.0,0.0,0.0,1.0
1779289539.7526686,-233090.16928663,14455385.691125678,1.5869197263192705,1330165744.7660384,6.944131862089327e-05,0.0,0.0,0.0,0.0,0.0,0.0,1.0
1779289539.7629251,-235876.26066305535,14628169.079742787,1.5869197258293637,1346132142.962818,-6.944131862089383e-05,0.0,0.0,0.0,0.0,0.0,0.0,1.0
1779289539.772939,-241724.11300529836,14990831.556673322,1.5869197253148073,1363414366.7183676,6.944131862089327e-05,0.0,0.0,0.0,0.0,0.0,0.0,1.0
1779289539.783276,-241628.10433778932,14984877.898855558,1.5869197247606373,1378554703.3959708,-6.944131862089379e-05,0.0,0.0,0.0,0.0,0.0,0.0,1.0
1779289539.7936943,-243611.98219684573,15107911.128293432,1.586919724168327,1395313135.2601395,6.944131862089344e-05,0.0,0.0,0.0,0.0,0.0,0.0,1.0
1779289539.8045573,-237362.6753405491,14720352.819802405,1.586919723544142,1408998072.396219,-6.944131862089353e-05,0.0,0.0,0.0,0.0,0.0,0.0,1.0
1779289539.814694,-247742.0836937325,15364045.79747022,1.5869197229251668,1429874225.1437554,6.944131862089367e-05,0.0,0.0,0.0,0.0,0.0,0.0,1.0
1779289539.8249903,-251178.30019299564,15577147.786163595,1.5869197222895215,1447713894.6200144,-6.944131862089336e-05,0.0,0.0,0.0,0.0,0.0,0.0,1.0
1779289539.8354125,-254726.88767941226,15797218.64872226,1.58691972162576,1466233345.212952,6.94413186208938e-05,0.0,0.0,0.0,0.0,0.0,0.0,1.0
1779289539.8459804,-254990.04449810393,15813539.291585632,1.5869197209486492,1483599877.5851724,-6.944131862089326e-05,0.0,0.0,0.0,0.0,0.0,0.0,1.0
1779289539.8562133,-260009.30136104993,16124815.687053418,1.586919720286546,1502762728.2367656,6.944131862089383e-05,0.0,0.0,0.0,0.0,0.0,0.0,1.0
1779289539.8667748,-260703.74330893825,16167883.077196106,1.5869197195957705,1520800784.0815058,-6.944131862089327e-05,0.0,0.0,0.0,0.0,0.0,0.0,1.0
1779289539.87691,-267267.00978232105,16574913.303309625,1.5869197189300026,1540928365.7454984,6.944131862089383e-05,0.0,0.0,0.0,0.0,0.0,0.0,1.0
1779289539.8869784,-274485.1911868927,17022558.96760521,1.5869197182600328,1561487433.8852296,-6.944131862089327e-05,0.0,0.0,0.0,0.0,0.0,0.0,1.0
1779289539.897379,-275072.9402088061,17059009.703432076,1.586919717569014,1579754012.4355457,6.944131862089383e-05,0.0,0.0,0.0,0.0,0.0,0.0,1.0
1779289539.9079347,-275514.20936519094,17086376.321062304,1.586919716864676,1598641831.6255481,-6.944131862089327e-05,0.0,0.0,0.0,0.0,0.0,0.0,1.0
1779289539.918666,-272754.7659302491,16915246.539662335,1.5869197161587536,1616530297.6535778,6.944131862089383e-05,0.0,0.0,0.0,0.0,0.0,0.0,1.0
1779289539.9286973,-286233.1470177019,17751126.889519572,1.58691971548026,1641257136.2549891,-6.944131862089327e-05,0.0,0.0,0.0,0.0,0.0,0.0,1.0
1779289539.9390545,-287221.34467720584,17812412.02294682,1.586919714798812,1660528490.9718237,6.944131862089383e-05,0.0,0.0,0.0,0.0,0.0,0.0,1.0
1779289539.949377,-292419.54241748416,18134785.91262073,1.586919714111966,1682217525.1765022,-6.944131862089327e-05,0.0,0.0,0.0,0.0,0.0,0.0,1.0
1779289539.9594965,-298486.0492254861,18511009.15812909,1.5869197134452984,1703967386.3754225,6.944131862089374e-05,0.0,0.0,0.0,0.0,0.0,0.0,1.0
1779289539.9697175,-302170.30463298666,18739493.936019864,1.5869197127764725,1725010025.7545862,-6.944131862089352e-05,0.0,0.0,0.0,0.0,0.0,0.0,1.0
1779289539.9799392,-304125.1885947666,18860729.448350623,1.586919712118232,1745344181.1079242,6.944131862089346e-05,0.0,0.0,0.0,0.0,0.0,0.0,1.0
1779289539.9898636,-314855.61499720917,19526191.96686782,1.5869197114669573,1769762097.364371,-6.944131862089372e-05,0.0,0.0,0.0,0.0,0.0,0.0,1.0
1779289540.0001123,-315218.6590632968,19548707.423667915,1.5869197108108493,1789946901.1330023,6.944131862089332e-05,0.0,0.0,0.0,0.0,0.0,0.0,1.0
1779289540.0104022,-316160.933018569,19607144.606589254,1.5869197101591475,1810794089.7752054,-6.944131862089383e-05,0.0,0.0,0.0,0.0,0.0,0.0,1.0
1779289540.0208595,-317742.65762975207,19705238.197365075,1.5869197094955387,1832876340.9591186,6.944131862089323e-05,0.0,0.0,0.0,0.0,0.0,0.0,1.0
1779289540.0312827,-321237.66135352314,19921986.378266025,1.5869197088387281,1856124992.6336029,-6.944131862089386e-05,0.0,0.0,0.0,0.0,0.0,0.0,1.0
1779289540.0413961,-328082.05248279014,20346451.336124223,1.5869197082122,1880278227.1007545,6.944131862089326e-05,0.0,0.0,0.0,0.0,0.0,0.0,1.0
1779289540.051745,-330528.40280188015,20498165.872193642,1.5869197075758859,1903235924.259097,-6.944131862089383e-05,0.0,0.0,0.0,0.0,0.0,0.0,1.0
1779289540.0620031,-336995.88171244203,20899256.1548755,1.5869197069465484,1928263719.8659227,6.944131862089327e-05,0.0,0.0,0.0,0.0,0.0,0.0,1.0
1779289540.0721848,-341107.6757637467,21154255.4565352,1.5869197063345588,1952036211.0372734,-6.944131862089383e-05,0.0,0.0,0.0,0.0,0.0,0.0,1.0
1779289540.0822349,-348860.84703600185,21635079.725552432,1.5869197057321944,1977556075.7053752,6.944131862089327e-05,0.0,0.0,0.0,0.0,0.0,0.0,1.0
1779289540.093222,-338677.3853700255,21003539.329699248,1.5869197050846093,1997380244.3765116,-6.944131862089383e-05,0.0,0.0,0.0,0.0,0.0,0.0,1.0
1779289540.1036792,-346000.880099,21457716.683652766,1.5869197044686016,2024745844.2622256,6.944131862089327e-05,0.0,0.0,0.0,0.0,0.0,0.0,1.0
1779289540.1137524,-356620.682834697,22116319.080190264,1.586919703886661,2052606903.0130367,-6.944131862089383e-05,0.0,0.0,0.0,0.0,0.0,0.0,1.0
1779289540.1243136,-356905.2174599215,22133965.71710082,1.5869197032824198,2077219263.689888,6.944131862089327e-05,0.0,0.0,0.0,0.0,0.0,0.0,1.0
1779289540.1349318,-357933.21943010925,22197719.50668442,1.586919702682736,2102713921.6331413,-6.94413186208937e-05,0.0,0.0,0.0,0.0,0.0,0.0,1.0
1779289540.1452487,-365201.7983341006,22648491.237318706,1.5869197021077568,2130583814.9671676,6.944131862089356e-05,0.0,0.0,0.0,0.0,0.0,0.0,1.0
1779289540.1553116,-377844.3950831118,23432540.08768449,1.586919701548,2160621477.6392064,-6.944131862089344e-05,0.0,0.0,0.0,0.0,0.0,0.0,1.0
1779289540.1656768,-376569.086086636,23353450.862402204,1.5869197009933504,2184628126.2826233,6.944131862089375e-05,0.0,0.0,0.0,0.0,0.0,0.0,1.0
1779289540.1756377,-392050.81012895564,24313572.16817252,1.586919700445712,2216472917.3856597,-6.944131862089329e-05,0.0,0.0,0.0,0.0,0.0,0.0,1.0
1779289540.1862512,-387122.0435736395,24007908.740707938,1.58691969988028,2240460736.9079127,6.944131862089386e-05,0.0,0.0,0.0,0.0,0.0,0.0,1.0
1779289540.19638,-397617.99282644293,24658830.399185933,1.586919699343336,2270815773.609938,-6.944131862089326e-05,0.0,0.0,0.0,0.0,0.0,0.0,1.0
1779289540.2064888,-404897.28355938825,25110266.539871518,1.5869196988141603,2299813402.014064,6.944131862089383e-05,0.0,0.0,0.0,0.0,0.0,0.0,1.0
1779289540.2166207,-409622.12116579607,25403284.737370174,1.5869196982929568,2327845952.9631605,-6.944131862089327e-05,0.0,0.0,0.0,0.0,0.0,0.0,1.0
1779289540.226729,-416688.6686441944,25841527.342493504,1.5869196977749693,2357405452.5003366,6.944131862089383e-05,0.0,0.0,0.0,0.0,0.0,0.0,1.0
1779289540.2373579,-411517.65118273196,25520840.34677147,1.586919697241374,2383056171.7419615,-6.944131862089327e-05,0.0,0.0,0.0,0.0,0.0,0.0,1.0
1779289540.2475817,-419991.6908908285,26046370.582578562,1.5869196967301749,2414531016.9164224,6.944131862089383e-05,0.0,0.0,0.0,0.0,0.0,0.0,1.0
1779289540.2576458,-429550.67425895587,26639185.121390574,1.5869196962347498,2446159014.0024843,-6.944131862089327e-05,0.0,0.0,0.0,0.0,0.0,0.0,1.0
1779289540.2682374,-427127.9834026287,26488939.410998214,1.5869196957201055,2474216025.447527,6.944131862089383e-05,0.0,0.0,0.0,0.0,0.0,0.0,1.0
1779289540.278261,-440331.2816560253,27307761.282099452,1.586919695236153,2508290476.9070144,-6.944131862089327e-05,0.0,0.0,0.0,0.0,0.0,0.0,1.0
1779289540.2884266,-445942.85870503925,27655771.938721996,1.5869196947559772,2539243122.5750422,6.944131862089383e-05,0.0,0.0,0.0,0.0,0.0,0.0,1.0
1779289540.2987359,-445965.6171308062,27657184.17133973,1.5869196942780892,2568320478.7343597,-6.944131862089332e-05,0.0,0.0,0.0,0.0,0.0,0.0,1.0
1779289540.3102546,-406717.8094389732,25223177.020497933,1.5869196937849068,2582102409.776421,6.944131862089361e-05,0.0,0.0,0.0,0.0,0.0,0.0,1.0
1779289540.3196747,-470890.2174500988,29202920.100796457,1.5869196933154495,2642101740.082821,-6.944131862089361e-05,0.0,0.0,0.0,0.0,0.0,0.0,1.0
1779289540.3297026,-478035.44443543244,29646042.252475347,1.586919692860799,2674687455.0798225,6.94413186208934e-05,0.0,0.0,0.0,0.0,0.0,0.0,1.0
1779289540.3402228,-473640.090967254,29373459.054824892,1.5869196923897588,2704054125.564831,-6.944131862089378e-05,0.0,0.0,0.0,0.0,0.0,0.0,1.0
1779289540.3507397,-473806.50268508913,29383780.173385322,1.58691969192469,2736199043.0799055,6.944131862089327e-05,0.0,0.0,0.0,0.0,0.0,0.0,1.0
1779289540.3608098,-485486.41611462686,30108127.379333023,1.586919691486127,2772483118.2326736,-6.944131862089387e-05,0.0,0.0,0.0,0.0,0.0,0.0,1.0
1779289540.3713455,-484681.92912591377,30058236.833527002,1.5869196910326462,2805032568.5395484,6.944131862089325e-05,0.0,0.0,0.0,0.0,0.0,0.0,1.0
1779289540.3818948,-486942.3572985983,30198421.35073851,1.5869196905842156,2839650326.0278225,-6.944131862089384e-05,0.0,0.0,0.0,0.0,0.0,0.0,1.0
1779289540.3921757,-493724.8278786581,30619046.736827374,1.586919690158954,2875401809.8956637,6.944131862089326e-05,0.0,0.0,0.0,0.0,0.0,0.0,1.0
1779289540.4024687,-504459.8756490317,31284796.832964282,1.5869196897307853,2913953154.414719,-6.944131862089383e-05,0.0,0.0,0.0,0.0,0.0,0.0,1.0
1779289540.412924,-509912.2341809849,31622933.45914203,1.5869196893012525,2951005767.208081,6.944131862089327e-05,0.0,0.0,0.0,0.0,0.0,0.0,1.0
1779289540.4236434,-504655.69824972184,31296942.738899842,1.586919688874393,2984057138.5092,-6.944131862089383e-05,0.0,0.0,0.0,0.0,0.0,0.0,1.0
1779289540.433991,-521299.0501223432,32329104.810089722,1.5869196884554828,3027368176.588031,6.944131862089327e-05,0.0,0.0,0.0,0.0,0.0,0.0,1.0
1779289540.4444559,-525749.6467537096,32605115.765126545,1.58691968804487,3065120161.8380604,-6.944131862089383e-05,0.0,0.0,0.0,0.0,0.0,0.0,1.0
1779289540.4549417,-532044.143054649,32995478.80544434,1.586919687636712,3104462688.487531,6.944131862089327e-05,0.0,0.0,0.0,0.0,0.0,0.0,1.0
1779289540.4658875,-521728.3763218238,32355732.6096873,1.5869196872236229,3137956517.5339594,-6.944131862089383e-05,0.0,0.0,0.0,0.0,0.0,0.0,1.0
1779289540.4762099,-545800.5241696774,33848602.2191522,1.5869196868253894,3186704346.962384,6.944131862089337e-05,0.0,0.0,0.0,0.0,0.0,0.0,1.0
1779289540.4867184,-551871.8312216074,34225123.884777255,1.5869196864323607,3227362916.3991847,-6.944131862089359e-05,0.0,0.0,0.0,0.0,0.0,0.0,1.0
1779289540.496798,-567866.1004214203,35217032.29950017,1.5869196860615533,3271086914.1429057,6.944131862089364e-05,0.0,0.0,0.0,0.0,0.0,0.0,1.0
1779289540.507408,-566242.2103821754,35116325.267016485,1.5869196856762855,3309238178.896486,-6.944131862089337e-05,0.0,0.0,0.0,0.0,0.0,0.0,1.0
1779289540.517815,-576027.891897517,35723199.24045142,1.586919685300491,3352705154.549374,6.94413186208938e-05,0.0,0.0,0.0,0.0,0.0,0.0,1.0
1779289540.5280502,-588575.0579578627,36501330.665737964,1.586919684936392,3397004832.9950666,-6.944131862089326e-05,0.0,0.0,0.0,0.0,0.0,0.0,1.0
1779289540.5384924,-592676.2909221994,36755675.38867301,1.5869196845702698,3438651602.0811176,6.944131862089383e-05,0.0,0.0,0.0,0.0,0.0,0.0,1.0
1779289540.549077,-594996.7045914346,36899580.04407589,1.5869196842034485,3480767663.0156174,-6.944131862089327e-05,0.0,0.0,0.0,0.0,0.0,0.0,1.0
1779289540.5595741,-601852.5395732102,37324755.40920735,1.5869196838444326,3525208462.7528014,6.944131862089383e-05,0.0,0.0,0.0,0.0,0.0,0.0,1.0
1779289540.5700078,-606426.3840260566,37608409.826963104,1.5869196834973573,3568279757.1703577,-6.944131862089327e-05,0.0,0.0,0.0,0.0,0.0,0.0,1.0
1779289540.580075,-631433.5624648986,39159267.04890138,1.5869196831572516,3620610102.3041124,6.944131862089383e-05,0.0,0.0,0.0,0.0,0.0,0.0,1.0
1779289540.5904617,-638943.5541762536,39625010.91692465,1.586919682812086,3666359568.2366548,-6.944131862089327e-05,0.0,0.0,0.0,0.0,0.0,0.0,1.0
1779289540.6007416,-643724.2762863357,39921495.17453528,1.5869196824804517,3710250930.5881653,6.944131862089383e-05,0.0,0.0,0.0,0.0,0.0,0.0,1.0
1779289540.6112623,-647792.9809262732,40173822.65397733,1.5869196821408504,3756132115.9167566,-6.944131862089327e-05,0.0,0.0,0.0,0.0,0.0,0.0,1.0
1779289540.621598,-658702.0969699164,40850368.192344874,1.5869196818112385,3804933759.984939,6.944131862089383e-05,0.0,0.0,0.0,0.0,0.0,0.0,1.0
1779289540.6317248,-673644.5474282361,41777046.83729608,1.5869196814931703,3854913943.0800986,-6.944131862089327e-05,0.0,0.0,0.0,0.0,0.0,0.0,1.0
1779289540.6423395,-669183.6509502019,41500398.69921871,1.586919681165524,3898682968.593694,6.944131862089379e-05,0.0,0.0,0.0,0.0,0.0,0.0,1.0
1779289540.6524901,-686655.8384810766,42583962.714228466,1.5869196808546988,3951221460.0398765,-6.944131862089344e-05,0.0,0.0,0.0,0.0,0.0,0.0,1.0
1779289540.6631281,-682910.0799662342,42351664.887637734,1.586919680534682,3996720415.610057,6.944131862089353e-05,0.0,0.0,0.0,0.0,0.0,0.0,1.0
1779289540.6732166,-704911.6201034839,43716123.35558516,1.586919680233514,4052212227.666574,-6.944131862089367e-05,0.0,0.0,0.0,0.0,0.0,0.0,1.0
1779289540.683758,-705289.9402105263,43739586.277529,1.586919679923489,4100368947.2435527,6.944131862089336e-05,0.0,0.0,0.0,0.0,0.0,0.0,1.0
1779289540.6938012,-727377.8908250879,45109403.66982326,1.5869196796302614,4156813746.911308,-6.94413186208938e-05,0.0,0.0,0.0,0.0,0.0,0.0,1.0
1779289540.703937,-738313.295854492,45787579.65109657,1.5869196793397213,4208653982.577257,6.944131862089326e-05,0.0,0.0,0.0,0.0,0.0,0.0,1.0
1779289540.7139792,-753459.1324992535,46726871.728423074,1.5869196790540325,4262654756.5883794,-6.944131862089383e-05,0.0,0.0,0.0,0.0,0.0,0.0,1.0
1779289540.7242007,-756904.2719914261,46940527.9433637,1.586919678769262,4312379636.481021,6.944131862089327e-05,0.0,0.0,0.0,0.0,0.0,0.0,1.0
1779289540.7342353,-774760.0350633735,48047880.12270063,1.5869196784891884,4369041392.247911,-6.944131862089383e-05,0.0,0.0,0.0,0.0,0.0,0.0,1.0
1779289540.7448497,-764594.6123487541,47417457.37082513,1.5869196781993713,4416202765.164626,6.944131862089327e-05,0.0,0.0,0.0,0.0,0.0,0.0,1.0
1779289540.7552898,-771828.7700263964,47866095.14418609,1.5869196779169457,4471680253.742575,-6.944131862089383e-05,0.0,0.0,0.0,0.0,0.0,0.0,1.0
1779289540.7655065,-783357.4188241832,48581062.0887217,1.5869196776469874,4528026189.212945,6.944131862089327e-05,0.0,0.0,0.0,0.0,0.0,0.0,1.0
1779289540.7760258,-787744.7506058047,48853149.77373487,1.5869196773698588,4583975269.54551,-6.944131862089383e-05,0.0,0.0,0.0,0.0,0.0,0.0,1.0
1779289540.7863624,-805238.4814905718,49938050.09935212,1.5869196770989706,4645976051.0163555,6.944131862089327e-05,0.0,0.0,0.0,0.0,0.0,0.0,1.0
1779289540.7964861,-823888.9130696161,51094684.931612164,1.5869196768385372,4707377396.727287,-6.944131862089383e-05,0.0,0.0,0.0,0.0,0.0,0.0,1.0
1779289540.8067248,-832230.6276208995,51612009.49812705,1.5869196765799645,4764923637.75434,6.944131862089327e-05,0.0,0.0,0.0,0.0,0.0,0.0,1.0
1779289540.816826,-850125.7389986276,52721802.07166435,1.5869196763259241,4827114638.263997,-6.944131862089374e-05,0.0,0.0,0.0,0.0,0.0,0.0,1.0
1779289540.8273284,-848437.176902082,52617084.25565432,1.586919676065258,4883374254.895751,6.944131862089352e-05,0.0,0.0,0.0,0.0,0.0,0.0,1.0
1779289540.837586,-858588.0150027333,53246604.32198749,1.5869196758163007,4944013009.924535,-6.944131862089346e-05,0.0,0.0,0.0,0.0,0.0,0.0,1.0
1779289540.8478389,-872583.2034695328,54114537.46967392,1.5869196755683026,5007592794.535697,6.944131862089372e-05,0.0,0.0,0.0,0.0,0.0,0.0,1.0
1779289540.858421,-870668.151972643,53995773.57267571,1.5869196753165493,5066502725.617904,-6.944131862089332e-05,0.0,0.0,0.0,0.0,0.0,0.0,1.0
1779289540.8689644,-879044.2174160796,54515228.5272267,1.586919675067369,5131318089.376467,6.944131862089383e-05,0.0,0.0,0.0,0.0,0.0,0.0,1.0
1779289540.879473,-889855.937130159,55185734.19452378,1.5869196748226555,5197727032.331952,-6.944131862089323e-05,0.0,0.0,0.0,0.0,0.0,0.0,1.0
1779289540.8900516,-896049.3782409852,55569830.47738891,1.586919674580562,5263027383.423844,6.944131862089386e-05,0.0,0.0,0.0,0.0,0.0,0.0,1.0
1779289540.9001458,-925048.6396188078,57368263.51621374,1.586919674352199,5336336255.815094,-6.944131862089326e-05,0.0,0.0,0.0,0.0,0.0,0.0,1.0
1779289540.9104548,-935368.4784943722,58008264.473516986,1.5869196741235694,5402453595.499208,6.944131862089383e-05,0.0,0.0,0.0,0.0,0.0,0.0,1.0
1779289540.9205718,-958946.1027519405,59470466.68717299,1.5869196738995868,5474672474.992932,-6.944131862089327e-05,0.0,0.0,0.0,0.0,0.0,0.0,1.0
1779289540.9307368,-974587.2179564914,60440474.524297595,1.5869196736774178,5544041534.136353,6.944131862089383e-05,0.0,0.0,0.0,0.0,0.0,0.0,1.0
1779289540.9413416,-966915.1522773056,59964680.81947723,1.5869196734494135,5606434834.95034,-6.944131862089327e-05,0.0,0.0,0.0,0.0,0.0,0.0,1.0
1779289540.9518766,-971115.6184159704,60225179.83025362,1.5869196732256938,5675173577.434181,6.944131862089383e-05,0.0,0.0,0.0,0.0,0.0,0.0,1.0
1779289540.9623084,-990275.3714297991,61413401.286015116,1.586919673004747,5751647416.489461,-6.944131862089327e-05,0.0,0.0,0.0,0.0,0.0,0.0,1.0
1779289540.9729397,-988900.3912234171,61328130.69270583,1.5869196727860926,5819882112.499889,6.944131862089383e-05,0.0,0.0,0.0,0.0,0.0,0.0,1.0
1779289540.9835355,-1000725.5053845765,62061483.62054764,1.5869196725692012,5895640962.618958,-6.944131862089327e-05,0.0,0.0,0.0,0.0,0.0,0.0,1.0
1779289540.9937544,-1027236.6359836933,63705611.74727468,1.5869196723638375,5975683644.94328,6.94413186208937e-05,0.0,0.0,0.0,0.0,0.0,0.0,1.0
1779289541.0037494,-1066341.2495916346,66130743.52784295,1.5869196721623853,6061129581.061604,-6.944131862089356e-05,0.0,0.0,0.0,0.0,0.0,0.0,1.0
1779289541.0143929,-1048998.0908880592,65055182.49708417,1.5869196719559477,6124422547.828429,6.944131862089344e-05,0.0,0.0,0.0,0.0,0.0,0.0,1.0
1779289541.024747,-1076347.08610649,66751272.129268244,1.5869196717517688,6209476376.463715,-6.944131862089375e-05,0.0,0.0,0.0,0.0,0.0,0.0,1.0
1779289541.0349658,-1093702.0010927333,67827563.95419633,1.5869196715560516,6288299130.09365,6.944131862089329e-05,0.0,0.0,0.0,0.0,0.0,0.0,1.0
1779289541.0452309,-1106193.6166617344,68602251.00723492,1.586919671362291,6365947591.135745,-6.944131862089386e-05,0.0,0.0,0.0,0.0,0.0,0.0,1.0
1779289541.0556364,-1118425.377003244,69360822.76866733,1.5869196711663687,6446279527.221485,6.944131862089326e-05,0.0,0.0,0.0,0.0,0.0,0.0,1.0
1779289541.0659177,-1136040.1608887308,70453230.79831122,1.586919670975501,6528919843.9576435,-6.944131862089383e-05,0.0,0.0,0.0,0.0,0.0,0.0,1.0
1779289541.0761323,-1154126.0084545463,71574852.55537057,1.5869196707893716,6611606150.254253,6.944131862089327e-05,0.0,0.0,0.0,0.0,0.0,0.0,1.0
1779289541.0866122,-1157166.3577435098,71763405.22229375,1.5869196706000537,6690886152.314548,-6.944131862089383e-05,0.0,0.0,0.0,0.0,0.0,0.0,1.0
1779289541.0966902,-1189255.0880103665,73753436.76303974,1.586919670419431,6781519650.044166,6.944131862089327e-05,0.0,0.0,0.0,0.0,0.0,0.0,1.0
1779289541.1071842,-1183280.928478161,73382941.14950915,1.586919670236286,6857964348.501227,-6.944131862089383e-05,0.0,0.0,0.0,0.0,0.0,0.0,1.0
1779289541.117271,-1218332.0188286959,75556687.94010791,1.5869196700596255,6952217470.125497,6.944131862089327e-05,0.0,0.0,0.0,0.0,0.0,0.0,1.0
1779289541.127802,-1216700.3836187422,75455500.48784302,1.5869196698784132,7033872411.887477,-6.944131862089383e-05,0.0,0.0,0.0,0.0,0.0,0.0,1.0
1779289541.1380267,-1236549.225472661,76686457.06249832,1.586919669705578,7123628521.116505,6.944131862089327e-05,0.0,0.0,0.0,0.0,0.0,0.0,1.0
1779289541.148147,-1262088.3472888097,78270304.90424453,1.5869196695361962,7216096738.611519,-6.944131862089383e-05,0.0,0.0,0.0,0.0,0.0,0.0,1.0
1779289541.1583529,-1277043.3995077463,79197765.78049347,1.586919669368184,7304962758.182046,6.944131862089332e-05,0.0,0.0,0.0,0.0,0.0,0.0,1.0
1779289541.169141,-1249979.0801820382,77519332.17579526,1.5869196691949625,7380294448.838006,-6.944131862089361e-05,0.0,0.0,0.0,0.0,0.0,0.0,1.0
1779289541.178951,-1324705.8442378407,82153625.6887895,1.5869196690328868,7498062630.923464,6.944131862089361e-05,0.0,0.0,0.0,0.0,0.0,0.0,1.0
1779289541.189697,-1300946.9262671603,80680181.49314795,1.5869196688624694,7577305070.026846,-6.94413186208934e-05,0.0,0.0,0.0,0.0,0.0,0.0,1.0
1779289541.2002811,-1310410.1016937504,81267055.42202602,1.5869196686957006,7672920322.02162,6.944131862089378e-05,0.0,0.0,0.0,0.0,0.0,0.0,1.0
1779289541.2104483,-1345786.702442733,83460989.44024664,1.5869196685378029,7777336902.363874,-6.944131862089327e-05,0.0,0.0,0.0,0.0,0.0,0.0,1.0
1779289541.220496,-1388932.9116664412,86136767.45409241,1.586919668382187,7885424874.42713,6.944131862089387e-05,0.0,0.0,0.0,0.0,0.0,0.0,1.0
1779289541.2311223,-1369635.5202144838,84940011.48475,1.5869196682228122,7969770882.018399,-6.944131862089325e-05,0.0,0.0,0.0,0.0,0.0,0.0,1.0
1779289541.241742,-1368829.5966020075,84890031.76785223,1.5869196680652458,8064884925.12872,6.944131862089384e-05,0.0,0.0,0.0,0.0,0.0,0.0,1.0
1779289541.2517707,-1425351.7130188257,88395336.92226578,1.586919667916157,8182777870.413585,-6.944131862089326e-05,0.0,0.0,0.0,0.0,0.0,0.0,1.0
1779289541.2623167,-1430849.4778499175,88736289.95586734,1.586919667761645,8282875815.607851,6.944131862089383e-05,0.0,0.0,0.0,0.0,0.0,0.0,1.0
1779289541.27276,-1449478.3774185537,89891590.1421225,1.5869196676103616,8389552909.258455,-6.944131862089327e-05,0.0,0.0,0.0,0.0,0.0,0.0,1.0
1779289541.2833102,-1431169.5004884852,88756138.32341911,1.5869196674649535,8478470198.118176,6.944131862089383e-05,0.0,0.0,0.0,0.0,0.0,0.0,1.0
1779289541.293506,-1496790.452874585,92825721.67952015,1.5869196673187131,8608688780.031261,-6.944131862089327e-05,0.0,0.0,0.0,0.0,0.0,0.0,1.0
1779289541.3035798,-1531725.2880476476,94992259.12132904,1.5869196671788597,8721614936.385181,6.944131862089383e-05,0.0,0.0,0.0,0.0,0.0,0.0,1.0
1779289541.3141336,-1528349.0794513316,94782879.29339892,1.5869196670337953,8823580816.151821,-6.944131862089327e-05,0.0,0.0,0.0,0.0,0.0,0.0,1.0
1779289541.3242288,-1564561.6657868105,97028658.45255858,1.5869196668972005,8939948243.636784,6.944131862089383e-05,0.0,0.0,0.0,0.0,0.0,0.0,1.0
1779289541.334869,-1551997.1480915013,96249451.73027582,1.586919666755633,9040855283.189445,-6.944131862089337e-05,0.0,0.0,0.0,0.0,0.0,0.0,1.0
1779289541.3454854,-1558837.6536712118,96673676.89326176,1.586919666616387,9152403383.865145,6.944131862089359e-05,0.0,0.0,0.0,0.0,0.0,0.0,1.0
1779289541.3557436,-1601136.5300994203,99296906.61313188,1.5869196664816538,9279059335.763882,-6.944131862089364e-05,0.0,0.0,0.0,0.0,0.0,0.0,1.0
1779289541.3660166,-1618214.514806374,100356024.53823252,1.5869196663512835,9392901442.496695,6.944131862089337e-05,0.0,0.0,0.0,0.0,0.0,0.0,1.0
1779289541.3759904,-1682632.2838762675,104350990.9341714,1.5869196662227543,9528764060.677092,-6.94413186208938e-05,0.0,0.0,0.0,0.0,0.0,0.0,1.0
1779289541.3866448,-1657261.5063667716,102777584.56053539,1.5869196660900862,9630103860.0217,6.944131862089326e-05,0.0,0.0,0.0,0.0,0.0,0.0,1.0
1779289541.3969386,-1684551.8502336335,104470037.46007305,1.5869196659631264,9753971185.139803,-6.944131862089383e-05,0.0,0.0,0.0,0.0,0.0,0.0,1.0
1779289541.4077702,0.016227896066597292,-1.0063647081791822,0.3860737632295006,-0.003556029739022463,6.944131862089327e-05,0.0,0.0,0.0,0.0,0.0,0.0,1.0
1779289541.4182422,0.016322260184148528,-1.0130016083969815,0.38686046332650115,-0.003926998638426768,-6.944131862089383e-05,0.0,0.0,0.0,0.0,0.0,0.0,1.0
1779289541.4287605,0.016347032202544375,-1.0150873317819071,0.3869160255226669,-0.004612396109999742,6.944131862089327e-05,0.0,0.0,0.0,0.0,0.0,0.0,1.0
1779289541.439023,0.01637071771145957,-1.0158566109667293,0.3868671404798505,-0.0006245938742049134,-6.944131862089383e-05,0.0,0.0,0.0,0.0,0.0,0.0,1.0
1779289541.4492562,0.016382842645330006,-1.0161479635362205,0.3869169297592787,0.0004194322863474645,6.944131862089327e-05,0.0,0.0,0.0,0.0,0.0,0.0,1.0
1779289541.4600916,0.016380350408716136,-1.0162620871954886,0.3866749706067596,-0.0015052627374187867,-6.944131862089383e-05,0.0,0.0,0.0,0.0,0.0,0.0,1.0
1779289541.4700923,0.016388418619293386,-1.0163020008767543,0.38610737078300605,0.0009450921826652165,6.944131862089327e-05,0.0,0.0,0.0,0.0,0.0,0.0,1.0
1779289541.480171,0.016391433987523685,-1.0163172751307288,0.38699601817944007,0.0009297119680415095,-6.944131862089383e-05,0.0,0.0,0.0,0.0,0.0,0.0,1.0
1779289541.4910743,0.01640473329023999,-1.0163181557781187,0.3868002488296849,0.004117753056888163,6.944131862089327e-05,0.0,0.0,0.0,0.0,0.0,0.0,1.0
1779289541.5014777,0.016412986902508628,-1.0163172015649433,0.38739146362440113,0.005046767630136365,-6.944131862089379e-05,0.0,0.0,0.0,0.0,0.0,0.0,1.0
1779289541.5117362,0.016406883736367,-1.0163206019300741,0.3872052936832979,0.002572343105922966,6.944131862089344e-05,0.0,0.0,0.0,0.0,0.0,0.0,1.0
1779289541.5219276,0.0164160908401036,-1.016317197798481,0.38701098382380295,0.005877136595210055,-6.944131862089353e-05,0.0,0.0,0.0,0.0,0.0,0.0,1.0
1779289541.5319247,0.016412188061427524,-1.01631892499202,0.38762336164095856,0.0037790099109231085,6.944131862089367e-05,0.0,0.0,0.0,0.0,0.0,0.0,1.0
1779289541.5419934,0.016405232237658548,-1.016321807791012,0.3868929623323343,0.0022711729360421,-6.944131862089336e-05,0.0,0.0,0.0,0.0,0.0,0.0,1.0
1779289541.5522993,0.016395027369258887,-1.016325990450676,0.3869527301840723,0.00014810422746512728,6.94413186208938e-05,0.0,0.0,0.0,0.0,0.0,0.0,1.0
1779289541.5625339,0.016380286884425787,-1.0163320059436376,0.3865293164141743,-0.0028928189380427855,-6.944131862089326e-05,0.0,0.0,0.0,0.0,0.0,0.0,1.0
1779289541.572949,0.016371054294170604,-1.0163357639351491,0.3856813175898317,-0.00373075042175225,6.944131862089383e-05,0.0,0.0,0.0,0.0,0.0,0.0,1.0
1779289541.583187,0.016366158095541664,-1.016337741954552,0.3850635182419193,-0.0042543470497074,-6.944131862089327e-05,0.0,0.0,0.0,0.0,0.0,0.0,1.0
1779289541.593317,0.016358841613141575,-1.0163406944740425,0.38489931810710143,-0.005733193695099803,6.944131862089383e-05,0.0,0.0,0.0,0.0,0.0,0.0,1.0
1779289541.6036816,0.01635125988703383,-1.0163437594347406,0.38550539633927006,-0.006926055911500117,-6.944131862089327e-05,0.0,0.0,0.0,0.0,0.0,0.0,1.0
1779289541.6141102,0.016352633370788794,-1.0163432163695885,0.38659837096859206,-0.005773376638215963,6.944131862089383e-05,0.0,0.0,0.0,0.0,0.0,0.0,1.0
1779289541.6241612,0.01636244137297739,-1.0163392545846777,0.3866568851693124,-0.0033599913597099733,-6.944131862089327e-05,0.0,0.0,0.0,0.0,0.0,0.0,1.0
1779289541.6343224,0.016354744169510896,-1.0163424040714697,0.3878388750626165,-0.00651354960786002,6.944131862089383e-05,0.0,0.0,0.0,0.0,0.0,0.0,1.0
1779289541.6448553,0.01636450543997365,-1.0163384489754106,0.388989322533531,-0.0029072593318506504,-6.944131862089327e-05,0.0,0.0,0.0,0.0,0.0,0.0,1.0
1779289541.6553361,0.016374081729591004,-1.0163345569685398,0.3884857651120148,-0.0013524784605396213,6.944131862089383e-05,0.0,0.0,0.0,0.0,0.0,0.0,1.0
1779289541.6653275,0.016374429734438544,-1.0163344221291128,0.38825863407446093,-0.0023364771350292417,-6.944131862089327e-05,0.0,0.0,0.0,0.0,0.0,0.0,1.0
1779289541.6755447,0.01637299331238024,-1.016335009470095,0.38722930636345154,-0.002769633799789443,6.944131862089374e-05,0.0,0.0,0.0,0.0,0.0,0.0,1.0
1779289541.685515,0.016366386457855063,-1.0163376919699403,0.38621892172062555,-0.004485647248701071,-6.944131862089352e-05,0.0,0.0,0.0,0.0,0.0,0.0,1.0
1779289541.6958196,0.016379616484329163,-1.0163322933238104,0.3864294773204815,-6.0650667560843176e-05,6.944131862089346e-05,0.0,0.0,0.0,0.0,0.0,0.0,1.0
1779289541.7062757,0.016386262851234432,-1.0163295831972372,0.38579677238246735,0.0003705034093731233,-6.944131862089372e-05,0.0,0.0,0.0,0.0,0.0,0.0,1.0
1779289541.7170572,0.016383671500972523,-1.0163306333010764,0.3879658943829982,-0.0010261156406864902,6.944131862089332e-05,0.0,0.0,0.0,0.0,0.0,0.0,1.0
1779289541.7269669,0.01638992671164238,-1.0163280820171123,0.3886215510385087,0.0009710772909259756,-6.944131862089383e-05,0.0,0.0,0.0,0.0,0.0,0.0,1.0
1779289541.737348,0.01637596646458168,-1.0163337989205121,0.3883314825541051,-0.0034980348349191942,6.944131862089323e-05,0.0,0.0,0.0,0.0,0.0,0.0,1.0
1779289541.747964,0.016362441295074172,-1.0163393279107897,0.38718369928868146,-0.005652010582158964,-6.944131862089386e-05,0.0,0.0,0.0,0.0,0.0,0.0,1.0
1779289541.7578328,0.016368167081827263,-1.0163369719349211,0.38651702342637506,-0.002827242309882103,6.944131862089326e-05,0.0,0.0,0.0,0.0,0.0,0.0,1.0
1779289541.7692835,0.016371655456699632,-1.0163355352057315,0.3865038804202081,-0.0023064614058966883,-6.944131862089383e-05,0.0,0.0,0.0,0.0,0.0,0.0,1.0
1779289541.7789457,0.01637519778919321,-1.0163340870893667,0.38673582518687954,-0.0018384941945089313,6.944131862089327e-05,0.0,0.0,0.0,0.0,0.0,0.0,1.0
1779289541.7895987,0.016365679628798088,-1.0163379618831658,0.3861859500068672,-0.004860964304410123,-6.944131862089383e-05,0.0,0.0,0.0,0.0,0.0,0.0,1.0
1779289541.7995753,0.0163753938438383,-1.0163340040587348,0.3872593673534608,-0.0011261455221206339,6.944131862089327e-05,0.0,0.0,0.0,0.0,0.0,0.0,1.0
1779289541.8097754,0.016387394304737055,-1.016329116126307,0.38674979125052733,0.0011442628954466247,-6.944131862089383e-05,0.0,0.0,0.0,0.0,0.0,0.0,1.0
1779289541.8203397,0.016392336061911955,-1.0163271057108358,0.38640579077006,0.00119726793396184,6.944131862089327e-05,0.0,0.0,0.0,0.0,0.0,0.0,1.0
1779289541.831051,0.01639248550807211,-1.0163270468611574,0.3855427687777242,0.0007260810726491797,-6.944131862089383e-05,0.0,0.0,0.0,0.0,0.0,0.0,1.0
1779289541.8413045,0.016391962860968612,-1.0163272621290766,0.38575997425136954,0.0006002464894158183,6.944131862089327e-05,0.0,0.0,0.0,0.0,0.0,0.0,1.0
1779289541.852059,0.016395913628725677,-1.0163256142461876,0.38684137735520796,0.0014310680349690174,-6.94413186208937e-05,0.0,0.0,0.0,0.0,0.0,0.0,1.0
1779289541.8616967,0.01639688293532445,-1.0163251985897686,0.38719783129058083,0.00125270357540362,6.944131862089356e-05,0.0,0.0,0.0,0.0,0.0,0.0,1.0
1779289541.8724358,0.016403052996321922,-1.01632267325779,0.3869558811246421,0.002821195526215478,-6.944131862089344e-05,0.0,0.0,0.0,0.0,0.0,0.0,1.0
1779289541.8829005,0.016405798676948892,-1.0163215533206384,0.3865370689847527,0.0029031777171118684,6.944131862089375e-05,0.0,0.0,0.0,0.0,0.0,0.0,1.0
1779289541.893245,0.016410590595362613,-1.0163196073690022,0.38617584694040374,0.0038961575945914637,-6.944131862089329e-05,0.0,0.0,0.0,0.0,0.0,0.0,1.0
1779289541.9035418,0.01640594135717002,-1.0163215045220677,0.3858156770713608,0.0021968184762359015,6.944131862089386e-05,0.0,0.0,0.0,0.0,0.0,0.0,1.0
1779289541.913824,0.016406535799449076,-1.0163212697183208,0.3856108229612758,0.002899920352484031,-6.944131862089326e-05,0.0,0.0,0.0,0.0,0.0,0.0,1.0
1779289541.9240096,0.016395047328840846,-1.0163259380234306,0.3855590369786679,-0.0003540608235987259,6.944131862089383e-05,0.0,0.0,0.0,0.0,0.0,0.0,1.0
1779289541.9343505,0.016390268154402997,-1.0163278799053632,0.3863798238479168,-0.00046053991331977435,-6.944131862089327e-05,0.0,0.0,0.0,0.0,0.0,0.0,1.0
1779289541.9446623,0.016385622579591336,-1.016329770296073,0.3861393645167137,-0.0012290471719449778,6.944131862089383e-05,0.0,0.0,0.0,0.0,0.0,0.0,1.0
1779289541.954803,0.016371796343913565,-1.016335392416781,0.3870993814086594,-0.004607237970417087,-6.944131862089327e-05,0.0,0.0,0.0,0.0,0.0,0.0,1.0
1779289541.965308,0.016370606466952462,-1.0163358896930543,0.387685237722053,-0.00336229223627753,6.944131862089383e-05,0.0,0.0,0.0,0.0,0.0,0.0,1.0
1779289541.975634,0.016370207941803338,-1.0163360648572626,0.38792924794592665,-0.00342758522929692,-6.944131862089327e-05,0.0,0.0,0.0,0.0,0.0,0.0,1.0
1779289541.985533,0.01637448517743121,-1.016334325495243,0.3885911899590475,-0.0022361705311311087,6.944131862089383e-05,0.0,0.0,0.0,0.0,0.0,0.0,1.0
1779289541.9961138,0.016370319706732393,-1.016336040977841,0.3885803125578242,-0.003686299339186255,-6.944131862089327e-05,0.0,0.0,0.0,0.0,0.0,0.0,1.0
1779289542.0062952,0.016373392677162316,-1.0163347864603924,0.38839531142399597,-0.00254710067896199,6.944131862089383e-05,0.0,0.0,0.0,0.0,0.0,0.0,1.0
1779289542.0169437,0.01637244521420894,-1.0163351735442028,0.38847866456491875,-0.003021875301880388,-6.944131862089332e-05,0.0,0.0,0.0,0.0,0.0,0.0,1.0
1779289542.0275183,0.016386684713185825,-1.0163293465439716,0.3878877475075839,0.0009031662260943489,6.944131862089361e-05,0.0,0.0,0.0,0.0,0.0,0.0,1.0
1779289542.0379963,0.01639636897777476,-1.0163253883959247,0.38791599680533295,0.0020290582745500535,-6.944131862089361e-05,0.0,0.0,0.0,0.0,0.0,0.0,1.0
1779289542.0480106,0.016399162143645382,-1.016324281749824,0.38779251756960775,0.001604503557700666,6.94413186208934e-05,0.0,0.0,0.0,0.0,0.0,0.0,1.0
1779289542.058692,0.016389724511679627,-1.0163281508446755,0.3882120553616497,-0.001283935731701265,-6.944131862089378e-05,0.0,0.0,0.0,0.0,0.0,0.0,1.0
1779289542.0688677,0.016395697514875157,-1.0163257142328104,0.3873454088106554,0.001331586041073662,6.944131862089327e-05,0.0,0.0,0.0,0.0,0.0,0.0,1.0
1779289542.0791545,0.016408618796935986,-1.0163204471449505,0.38752861811368344,0.004230403316704405,-6.944131862089387e-05,0.0,0.0,0.0,0.0,0.0,0.0,1.0
1779289542.0897202,0.01640708813350248,-1.0163210717511757,0.38732229104164073,0.0023853949007687668,6.944131862089325e-05,0.0,0.0,0.0,0.0,0.0,0.0,1.0
1779289542.0999105,0.01640715612496396,-1.016321045920227,0.3874677100443549,0.002685608775016769,-6.944131862089384e-05,0.0,0.0,0.0,0.0,0.0,0.0,1.0
1779289542.110034,0.0164018498767451,-1.0163232103124942,0.3881707340302425,0.0011991787175086453,6.944131862089326e-05,0.0,0.0,0.0,0.0,0.0,0.0,1.0
1779289542.1205907,0.016394046468140137,-1.0163263959251723,0.38765849471507696,-0.0004086088628608949,-6.944131862089383e-05,0.0,0.0,0.0,0.0,0.0,0.0,1.0
1779289542.1311023,0.016381633405155947,-1.0163314633672027,0.3876732122423121,-0.0028679159142554586,6.944131862089327e-05,0.0,0.0,0.0,0.0,0.0,0.0,1.0
1779289542.1414247,0.01637338388405439,-1.0163348307857079,0.3870826975415689,-0.0039050584978808115,-6.944131862089383e-05,0.0,0.0,0.0,0.0,0.0,0.0,1.0
1779289542.1515958,0.016387301637313462,-1.0163291499704448,0.38661292131196223,0.0007372517324093211,6.944131862089327e-05,0.0,0.0,0.0,0.0,0.0,0.0,1.0
1779289542.1617827,0.016396676949918653,-1.0163253291762573,0.3862459131402467,0.0018628020087446424,-6.944131862089383e-05,0.0,0.0,0.0,0.0,0.0,0.0,1.0
1779289542.1718671,0.01639804555038543,-1.016324772321278,0.3858310186506042,0.0012482753482921565,6.944131862089327e-05,0.0,0.0,0.0,0.0,0.0,0.0,1.0
1779289542.182273,0.016401803259937977,-1.0163232472379577,0.3862965675615886,0.002109635674034815,-6.944131862089383e-05,0.0,0.0,0.0,0.0,0.0,0.0,1.0
1779289542.1927776,0.016402959311272225,-1.0163227743732244,0.3864162868335246,0.0020544989354686584,6.944131862089337e-05,0.0,0.0,0.0,0.0,0.0,0.0,1.0
1779289542.202785,0.016402985031084134,-1.0163227622964797,0.38600677995996335,0.0019466714890975048,-6.944131862089359e-05,0.0,0.0,0.0,0.0,0.0,0.0,1.0
1779289542.2129204,0.016387508686842897,-1.0163290538471124,0.38551663814352644,-0.002363834710999327,6.944131862089364e-05,0.0,0.0,0.0,0.0,0.0,0.0,1.0
1779289542.2235456,0.01637427236535768,-1.0163344263578469,0.3862667386891365,-0.004205682128040738,-6.944131862089337e-05,0.0,0.0,0.0,0.0,0.0,0.0,1.0
1779289542.2339404,0.01637306581829394,-1.0163349260550052,0.386641387767348,-0.0032017773257251637,6.94413186208938e-05,0.0,0.0,0.0,0.0,0.0,0.0,1.0
1779289542.244503,0.016386099496190774,-1.0163296274884077,0.38753073877520894,0.0004184025476022604,-6.944131862089326e-05,0.0,0.0,0.0,0.0,0.0,0.0,1.0
1779289542.255688,0.016387133289400908,-1.0163292088632192,0.387365849893448,-0.0004105571462492968,6.944131862089383e-05,0.0,0.0,0.0,0.0,0.0,0.0,1.0
1779289542.265245,0.016389318008659236,-1.0163283185068572,0.38646822832196204,8.550417988268468e-05,-6.944131862089327e-05,0.0,0.0,0.0,0.0,0.0,0.0,1.0
1779289542.2753239,0.016398506272232063,-1.016324579136675,0.38666903080484794,0.0024006701831875343,6.944131862089383e-05,0.0,0.0,0.0,0.0,0.0,0.0,1.0
1779289542.2858524,0.016401292077873122,-1.016323443124517,0.3873492793083013,0.002187808639724532,-6.944131862089327e-05,0.0,0.0,0.0,0.0,0.0,0.0,1.0
1779289542.2961378,0.016398021478465332,-1.0163247717637884,0.38751320299588254,0.0009741454367877814,6.944131862089383e-05,0.0,0.0,0.0,0.0,0.0,0.0,1.0
1779289542.3065214,0.016394363276615344,-1.0163262619763989,0.3864866760368173,0.0003267936317999404,-6.944131862089327e-05,0.0,0.0,0.0,0.0,0.0,0.0,1.0
1779289542.3172896,0.016375490690909048,-1.016333942775071,0.38563632915154766,-0.004350746623462775,6.944131862089383e-05,0.0,0.0,0.0,0.0,0.0,0.0,1.0
1779289542.3275964,0.016377813441872283,-1.0163329926038147,0.3859308990344088,-0.0018530492983120748,-6.944131862089327e-05,0.0,0.0,0.0,0.0,0.0,0.0,1.0
1779289542.3379967,0.016378770907557745,-1.0163326035017515,0.38633312137614073,-0.0017888996640988755,6.944131862089383e-05,0.0,0.0,0.0,0.0,0.0,0.0,1.0
1779289542.3480165,0.01638387384952638,-1.0163305308369588,0.3867466095024161,-0.0005401151923068309,-6.944131862089327e-05,0.0,0.0,0.0,0.0,0.0,0.0,1.0
1779289542.3585105,0.016396637320000206,-1.0163253358454178,0.38667998002148707,0.0023901118367559457,6.944131862089379e-05,0.0,0.0,0.0,0.0,0.0,0.0,1.0
1779289542.368819,0.016398116955018933,-1.0163247341846957,0.38772766459381547,0.0015174404697608328,-6.944131862089344e-05,0.0,0.0,0.0,0.0,0.0,0.0,1.0
1779289542.3795092,0.01638645592278086,-1.0163294913464402,0.38756002252219,-0.001801239184575245,6.944131862089353e-05,0.0,0.0,0.0,0.0,0.0,0.0,1.0
1779289542.389753,0.016391659814973925,-1.0163273649738231,0.3867406519667034,0.0008076735913480125,-6.944131862089367e-05,0.0,0.0,0.0,0.0,0.0,0.0,1.0
1779289542.3998392,0.01640246905318216,-1.016322962779251,0.3867373048270153,0.0032651292869588424,6.944131862089336e-05,0.0,0.0,0.0,0.0,0.0,0.0,1.0
1779289542.4099371,0.016414180693343085,-1.016318194787194,0.3859321367905144,0.005383890982001352,-6.94413186208938e-05,0.0,0.0,0.0,0.0,0.0,0.0,1.0
1779289542.419996,0.01641398813911127,-1.0163182863083684,0.3857179106383901,0.004098747791869696,6.944131862089326e-05,0.0,0.0,0.0,0.0,0.0,0.0,1.0
1779289542.4305444,0.016412668398169943,-1.0163188302703074,0.38598258540441854,0.003578063785596363,-6.944131862089383e-05,0.0,0.0,0.0,0.0,0.0,0.0,1.0
1779289542.4412546,0.016406268006522666,-1.0163214300738448,0.3863073808657793,0.0020042757999841456,6.944131862089327e-05,0.0,0.0,0.0,0.0,0.0,0.0,1.0
1779289542.4513872,0.016410675579321292,-1.0163197278247111,0.38735222977985195,0.004178460807456929,-6.944131862089383e-05,0.0,0.0,0.0,0.0,0.0,0.0,1.0
1779289542.4617321,0.016408891248661725,-1.016320475418621,0.387363708289155,0.0032072769324236177,6.944131862089327e-05,0.0,0.0,0.0,0.0,0.0,0.0,1.0
1779289542.4719286,0.016408092166116443,-1.0163208092320888,0.3869792088291861,0.0032344283949780357,-6.944131862089383e-05,0.0,0.0,0.0,0.0,0.0,0.0,1.0
1779289542.4824631,0.016404467203385096,-1.016322294808513,0.3864849317233272,0.002235168366490748,6.944131862089327e-05,0.0,0.0,0.0,0.0,0.0,0.0,1.0
1779289542.4928465,0.01640841922916884,-1.016320694451789,0.3867860651927346,0.0037542585560892093,-6.944131862089383e-05,0.0,0.0,0.0,0.0,0.0,0.0,1.0
1779289542.5033271,0.01642098804620756,-1.0163155745057342,0.3867080119366353,0.006651865850231893,6.944131862089327e-05,0.0,0.0,0.0,0.0,0.0,0.0,1.0
1779289542.5133677,0.01641284646534386,-1.0163188911160956,0.3868027429764549,0.0032969318063864987,-6.944131862089383e-05,0.0,0.0,0.0,0.0,0.0,0.0,1.0
1779289542.523959,0.01640791674909026,-1.0163208982536258,0.38660687572886854,0.002761530075590979,6.944131862089327e-05,0.0,0.0,0.0,0.0,0.0,0.0,1.0
1779289542.5338488,0.0163992378813422,-1.0163244335812693,0.3865084038357569,0.0008751636913581081,-6.944131862089374e-05,0.0,0.0,0.0,0.0,0.0,0.0,1.0
1779289542.543958,0.016390053510642797,-1.0163281730586238,0.38680599479390754,-0.0007550502405127543,6.944131862089352e-05,0.0,0.0,0.0,0.0,0.0,0.0,1.0
1779289542.5538878,0.016385275166907933,-1.016330119868814,0.38728925712319917,-0.0011216961171740157,-6.944131862089346e-05,0.0,0.0,0.0,0.0,0.0,0.0,1.0
1779289542.5640042,0.01638918541398449,-1.0163285261120538,0.3873731668433207,0.000487975738408218,6.944131862089372e-05,0.0,0.0,0.0,0.0,0.0,0.0,1.0
1779289542.574606,0.016383324173677258,-1.016330917468959,0.3866373721060796,-0.0015051801293437246,-6.944131862089332e-05,0.0,0.0,0.0,0.0,0.0,0.0,1.0
1779289542.584672,0.016399179709185214,-1.016324459530595,0.38680843303190304,0.0035027997103066607,6.944131862089383e-05,0.0,0.0,0.0,0.0,0.0,0.0,1.0
1779289542.5951622,0.016399647689812443,-1.0163242665951076,0.387107310293926,0.0018488483345057863,-6.944131862089323e-05,0.0,0.0,0.0,0.0,0.0,0.0,1.0
1779289542.6058571,0.016402640835194205,-1.0163230429902788,0.387472653825105,0.002582734204586991,6.944131862089386e-05,0.0,0.0,0.0,0.0,0.0,0.0,1.0
1779289542.616293,0.016404472637722167,-1.0163222919314439,0.386436204067091,0.0028033718049510093,-6.944131862089326e-05,0.0,0.0,0.0,0.0,0.0,0.0,1.0
1779289542.6268764,0.016416919304855795,-1.0163172365211435,0.3865376106622467,0.005948239818292142,6.944131862089383e-05,0.0,0.0,0.0,0.0,0.0,0.0,1.0
1779289542.6370225,0.01643183640835172,-1.0163111657571564,0.38682849064274194,0.009016898709045129,-6.944131862089327e-05,0.0,0.0,0.0,0.0,0.0,0.0,1.0
1779289542.6475768,0.01644290233353956,-1.0163065567283964,0.3871168456327547,0.010180357018897827,6.944131862089383e-05,0.0,0.0,0.0,0.0,0.0,0.0,1.0
1779289542.6578841,0.016443396558158522,-1.01630630683283,0.38696947707512397,0.009414855911420508,-6.944131862089327e-05,0.0,0.0,0.0,0.0,0.0,0.0,1.0
1779289542.6683872,0.016432254276692645,-1.0163108349703391,0.38670021840177693,0.006179477365357981,6.944131862089383e-05,0.0,0.0,0.0,0.0,0.0,0.0,1.0
1779289542.6783404,0.016424733891186653,-1.0163139011536644,0.3863122666213643,0.005448448863427681,-6.944131862089327e-05,0.0,0.0,0.0,0.0,0.0,0.0,1.0
1779289542.688551,0.016419445983779802,-1.016316063071576,0.38619479752201435,0.004746601271073413,6.944131862089383e-05,0.0,0.0,0.0,0.0,0.0,0.0,1.0
1779289542.6986215,0.01641327818433505,-1.0163185776904622,0.3861479439201787,0.0036566543955514346,-6.944131862089327e-05,0.0,0.0,0.0,0.0,0.0,0.0,1.0
1779289542.7095098,0.016412403710869012,-1.0163189354450317,0.38690778534463455,0.00388388023456851,6.94413186208937e-05,0.0,0.0,0.0,0.0,0.0,0.0,1.0
1779289542.7194877,0.01640558776561016,-1.016321701459662,0.3868295167912539,0.0021967358409649726,-6.944131862089356e-05,0.0,0.0,0.0,0.0,0.0,0.0,1.0
1779289542.7298589,0.016402139515918342,-1.016323102631619,0.38703012823513383,0.0019340555287637455,6.944131862089344e-05,0.0,0.0,0.0,0.0,0.0,0.0,1.0
1779289542.7405183,0.01639428307438713,-1.0163263016864534,0.3865892702668967,0.0001681264975879487,-6.944131862089375e-05,0.0,0.0,0.0,0.0,0.0,0.0,1.0
1779289542.751055,0.016381661286457176,-1.0163314408714739,0.38722664941472296,-0.0024411318883127914,6.944131862089329e-05,0.0,0.0,0.0,0.0,0.0,0.0,1.0
1779289542.7610781,0.016379699605302882,-1.016332243876435,0.3872301327676748,-0.0017089848224375742,-6.944131862089386e-05,0.0,0.0,0.0,0.0,0.0,0.0,1.0
1779289542.7719421,0.016380866932902582,-1.01633176870533,0.3865930096739687,-0.0011288957522165226,6.944131862089326e-05,0.0,0.0,0.0,0.0,0.0,0.0,1.0
1779289542.7821636,0.01637313516185517,-1.016334913259441,0.38656904881348364,-0.0033146550247122,-6.944131862089383e-05,0.0,0.0,0.0,0.0,0.0,0.0,1.0
1779289542.7924268,0.016369453972148073,-1.0163364103765913,0.3865864930228753,-0.0036084969997911046,6.944131862089327e-05,0.0,0.0,0.0,0.0,0.0,0.0,1.0
1779289542.8030424,0.016373438579972182,-1.0163347882498681,0.38680418254489446,-0.0020710454101513045,-6.944131862089383e-05,0.0,0.0,0.0,0.0,0.0,0.0,1.0
1779289542.813651,0.016371019376997788,-1.0163357764657714,0.3873901855524471,-0.0031242809762316096,6.944131862089327e-05,0.0,0.0,0.0,0.0,0.0,0.0,1.0
1779289542.8240576,0.016380246177398364,-1.0163320197135377,0.3879956178577464,-0.0004087202529011206,-6.944131862089383e-05,0.0,0.0,0.0,0.0,0.0,0.0,1.0
1779289542.8343544,0.016395152310548708,-1.0163259343178914,0.3874792393843629,0.002721954645892514,6.944131862089327e-05,0.0,0.0,0.0,0.0,0.0,0.0,1.0
1779289542.844645,0.0164064314126157,-1.01632133479734,0.38816587806849423,0.004235217411903558,-6.944131862089383e-05,0.0,0.0,0.0,0.0,0.0,0.0,1.0
1779289542.8552618,0.016403878260439046,-1.0163223157187635,0.387912828514156,0.0018020260467484625,6.944131862089327e-05,0.0,0.0,0.0,0.0,0.0,0.0,1.0
1779289542.865819,0.016403552840414184,-1.0163224271856544,0.3872488457965666,0.0019844233446372965,-6.944131862089383e-05,0.0,0.0,0.0,0.0,0.0,0.0,1.0
1779289542.8765047,0.016400518997805327,-1.016323661827006,0.38681535269534884,0.0011997836411250977,6.944131862089332e-05,0.0,0.0,0.0,0.0,0.0,0.0,1.0
1779289542.8871145,0.016401829000190028,-1.016323129743542,0.38695089877534716,0.001870884531392826,-6.944131862089361e-05,0.0,0.0,0.0,0.0,0.0,0.0,1.0
1779289542.8969398,0.01639213081571733,-1.0163270813960925,0.3870563701992067,-0.0009094144706258544,6.944131862089361e-05,0.0,0.0,0.0,0.0,0.0,0.0,1.0
1779289542.9075525,0.016388541832518724,-1.0163285439449192,0.38648687687267724,-0.0008372763491278766,-6.94413186208934e-05,0.0,0.0,0.0,0.0,0.0,0.0,1.0
1779289542.9178152,0.01638384624540537,-1.0163304534050126,0.38603437586097655,-0.0017835760738501073,6.944131862089378e-05,0.0,0.0,0.0,0.0,0.0,0.0,1.0
1779289542.9283292,0.016378923884047557,-1.0163324518391257,0.3866293333936488,-0.002585826073932449,-6.944131862089327e-05,0.0,0.0,0.0,0.0,0.0,0.0,1.0
1779289542.938972,0.016373762589734678,-1.0163345577178982,0.3871387235538508,-0.0033918726149614505,6.944131862089387e-05,0.0,0.0,0.0,0.0,0.0,0.0,1.0
1779289542.9497442,0.01637403121149751,-1.0163344562613175,0.3875893201952181,-0.0028462516682113293,-6.944131862089325e-05,0.0,0.0,0.0,0.0,0.0,0.0,1.0
1779289542.959747,0.016369834447626522,-1.0163361767960266,0.3869315768282906,-0.004193230928117051,6.944131862089384e-05,0.0,0.0,0.0,0.0,0.0,0.0,1.0
1779289542.970275,0.016369545092952603,-1.0163362882884888,0.386973371453772,-0.003657827613269068,-6.944131862089326e-05,0.0,0.0,0.0,0.0,0.0,0.0,1.0
1779289542.980629,0.016367635941702884,-1.0163370648689523,0.38723701667096133,-0.004133310411003839,6.944131862089383e-05,0.0,0.0,0.0,0.0,0.0,0.0,1.0
1779289542.990801,0.01636682555618239,-1.016337398713506,0.38710321945449877,-0.004350881375471518,-6.944131862089327e-05,0.0,0.0,0.0,0.0,0.0,0.0,1.0
1779289543.0013747,0.016373955063204673,-1.016334491177199,0.3869253134730464,-0.0021596262768280973,6.944131862089383e-05,0.0,0.0,0.0,0.0,0.0,0.0,1.0
1779289543.011686,0.016375240468659777,-1.016333965256111,0.38725760918171925,-0.002627497196716276,-6.944131862089327e-05,0.0,0.0,0.0,0.0,0.0,0.0,1.0
1779289543.022113,0.01637446243911169,-1.0163342846909467,0.3866932469168365,-0.0028863440582731063,6.944131862089383e-05,0.0,0.0,0.0,0.0,0.0,0.0,1.0
1779289543.032198,0.016387026385398032,-1.0163291631888802,0.3870592092592213,0.0005811132699162047,-6.944131862089327e-05,0.0,0.0,0.0,0.0,0.0,0.0,1.0
1779289543.042478,0.016387911441263635,-1.0163288016039145,0.38752752560699744,-0.0005005694072913726,6.944131862089383e-05,0.0,0.0,0.0,0.0,0.0,0.0,1.0
1779289543.0527449,0.016389291083435824,-1.0163282679300305,0.387595050421468,-0.0002334061295820313,-6.944131862089337e-05,0.0,0.0,0.0,0.0,0.0,0.0,1.0
1779289543.0631318,0.016385211629380312,-1.0163299443709306,0.3869744566658735,-0.001485651888549704,6.944131862089359e-05,0.0,0.0,0.0,0.0,0.0,0.0,1.0
1779289543.0735557,0.016389408935480083,-1.0163282356069752,0.38633307834029385,8.296127747293297e-05,-6.944131862089364e-05,0.0,0.0,0.0,0.0,0.0,0.0,1.0
1779289543.0840778,0.01639272057921989,-1.0163268881496477,0.3865741881163389,0.0005422356882539631,6.944131862089337e-05,0.0,0.0,0.0,0.0,0.0,0.0,1.0
1779289543.094197,0.016392134766175934,-1.0163271262912594,0.38724803394360396,4.578715755614715e-05,-6.94413186208938e-05,0.0,0.0,0.0,0.0,0.0,0.0,1.0
1779289543.104301,0.016392765092219156,-1.0163268688320997,0.3870058815526818,0.00028553181821273086,6.944131862089326e-05,0.0,0.0,0.0,0.0,0.0,0.0,1.0
1779289543.1143684,0.016387224956249846,-1.016329126668465,0.3866935992136433,-0.0013203045833556954,-6.944131862089383e-05,0.0,0.0,0.0,0.0,0.0,0.0,1.0
1779289543.1244817,0.016379466833025276,-1.0163322851455143,0.3869490183941622,-0.0029140010029738888,6.944131862089327e-05,0.0,0.0,0.0,0.0,0.0,0.0,1.0
1779289543.1351798,0.016376852142737038,-1.0163333526881775,0.3872920024826385,-0.0026923402998931547,-6.944131862089383e-05,0.0,0.0,0.0,0.0,0.0,0.0,1.0
1779289543.1454647,0.016394965856689002,-1.0163259683701726,0.38721007789530315,0.002461225889363024,6.944131862089327e-05,0.0,0.0,0.0,0.0,0.0,0.0,1.0
1779289543.155927,0.016404228138587478,-1.0163221931741127,0.38701471161216006,0.003061545338979344,-6.944131862089383e-05,0.0,0.0,0.0,0.0,0.0,0.0,1.0
1779289543.1664822,0.01641452727574223,-1.016317998916613,0.3864365952262361,0.00486411443190715,6.944131862089327e-05,0.0,0.0,0.0,0.0,0.0,0.0,1.0
1779289543.1771066,0.016414400081345395,-1.0163180603016577,0.3865700432582049,0.003807406586422232,-6.944131862089383e-05,0.0,0.0,0.0,0.0,0.0,0.0,1.0
1779289543.187438,0.016411586002882513,-1.0163192071810034,0.38679840919273634,0.0030960458890341444,6.944131862089327e-05,0.0,0.0,0.0,0.0,0.0,0.0,1.0
1779289543.1979144,0.016414368448756187,-1.0163180710635575,0.3869797894104199,0.004070682841943143,-6.944131862089383e-05,0.0,0.0,0.0,0.0,0.0,0.0,1.0
1779289543.2079613,0.01641210956637732,-1.016318988065967,0.3868012421500584,0.0033037590692964872,6.944131862089327e-05,0.0,0.0,0.0,0.0,0.0,0.0,1.0
1779289543.2186234,0.016414503375520466,-1.0163180137030425,0.3870587382251758,0.004094630101799339,-6.944131862089379e-05,0.0,0.0,0.0,0.0,0.0,0.0,1.0
1779289543.228555,0.016401224494316673,-1.0163234227864186,0.3874207827505467,0.00026182752569950916,6.944131862089344e-05,0.0,0.0,0.0,0.0,0.0,0.0,1.0
1779289543.238948,0.01639328547482516,-1.0163266582547823,0.38683265127800315,-0.0005316065781498937,-6.944131862089353e-05,0.0,0.0,0.0,0.0,0.0,0.0,1.0
1779289543.249437,0.016392794030556407,-1.0163268882544536,0.38659942483817034,0.0005317523491617448,6.944131862089367e-05,0.0,0.0,0.0,0.0,0.0,0.0,1.0
1779289543.2596295,0.016382838668810882,-1.016330953009502,0.3867890294651879,-0.002131627763625961,-6.944131862089336e-05,0.0,0.0,0.0,0.0,0.0,0.0,1.0
1779289543.271206,0.01639023174675185,-1.016327947177128,0.3865767500446964,0.0009455713456899748,6.94413186208938e-05,0.0,0.0,0.0,0.0,0.0,0.0,1.0
1779289543.2802763,0.016396941619159687,-1.0163252182280358,0.3862770205352035,0.0019689502799129905,-6.944131862089326e-05,0.0,0.0,0.0,0.0,0.0,0.0,1.0
1779289543.2904162,0.01638100511082003,-1.016331702550907,0.38670092911221055,-0.0031312085673529362,6.944131862089383e-05,0.0,0.0,0.0,0.0,0.0,0.0,1.0
1779289543.3005648,0.016378274214217767,-1.0163328181233202,0.3871991720272021,-0.0022038710528534335,-6.944131862089327e-05,0.0,0.0,0.0,0.0,0.0,0.0,1.0
1779289543.3109381,0.01638070910972396,-1.0163318298693913,0.38665114923537125,-0.0011956683162895612,6.944131862089383e-05,0.0,0.0,0.0,0.0,0.0,0.0,1.0
1779289543.32118,0.016386716129758307,-1.0163293827886681,0.38645114625389443,0.000192419521541333,-6.944131862089327e-05,0.0,0.0,0.0,0.0,0.0,0.0,1.0
1779289543.3317912,0.016385796805479344,-1.0163297559859263,0.3864901405914294,-0.0006729842873948337,6.944131862089383e-05,0.0,0.0,0.0,0.0,0.0,0.0,1.0
1779289543.3419437,0.016382466177952387,-1.0163311112315108,0.38661997612847276,-0.001527367856814856,-6.944131862089327e-05,0.0,0.0,0.0,0.0,0.0,0.0,1.0
1779289543.352598,0.016378240799081643,-1.016332831692848,0.38634930234736586,-0.002236295118100944,6.944131862089383e-05,0.0,0.0,0.0,0.0,0.0,0.0,1.0
1779289543.3631303,0.016380544203051347,-1.016331892979475,0.3866037549430441,-0.001217980574830614,-6.944131862089327e-05,0.0,0.0,0.0,0.0,0.0,0.0,1.0
1779289543.3736074,0.0163741285074603,-1.0163345065793612,0.3874569405609911,-0.0031762541621320342,6.944131862089383e-05,0.0,0.0,0.0,0.0,0.0,0.0,1.0
1779289543.3842127,0.016366966562003378,-1.0163374388398991,0.38779161514579474,-0.004589418141167007,-6.944131862089327e-05,0.0,0.0,0.0,0.0,0.0,0.0,1.0
1779289543.394449,0.016358029358857086,-1.016341098523685,0.3880386749460696,-0.006080810345364918,6.944131862089374e-05,0.0,0.0,0.0,0.0,0.0,0.0,1.0
1779289543.40479,0.016352637230545804,-1.0163433091209768,0.3872462744964915,-0.0068526012875767,-6.944131862089352e-05,0.0,0.0,0.0,0.0,0.0,0.0,1.0
1779289543.414971,0.016348780683907355,-1.01634486215795,0.3860017788263752,-0.007223787220199537,6.944131862089346e-05,0.0,0.0,0.0,0.0,0.0,0.0,1.0
1779289543.425078,0.016352186985922012,-1.0163434371001219,0.3859041867049138,-0.006059417543788512,-6.944131862089372e-05,0.0,0.0,0.0,0.0,0.0,0.0,1.0
1779289543.435871,0.01636023964917104,-1.016340146906556,0.38549099714710433,-0.0039177703056354094,6.944131862089332e-05,0.0,0.0,0.0,0.0,0.0,0.0,1.0
1779289543.4464586,0.016374848636654022,-1.0163341592030135,0.386472572837401,-0.001056960670118904,-6.944131862089383e-05,0.0,0.0,0.0,0.0,0.0,0.0,1.0
1779289543.4569304,0.016382474662447025,-1.0163310436384723,0.3863869860490645,-0.0005135662869807556,6.944131862089323e-05,0.0,0.0,0.0,0.0,0.0,0.0,1.0
1779289543.4672112,0.016380517000964386,-1.0163318348645076,0.3862656110724867,-0.0018787559061072571,-6.944131862089386e-05,0.0,0.0,0.0,0.0,0.0,0.0,1.0
1779289543.4776766,0.01638072084818571,-1.0163317492258686,0.3863220412501196,-0.0015636980699029247,6.944131862089326e-05,0.0,0.0,0.0,0.0,0.0,0.0,1.0
1779289543.487975,0.016382136984140427,-1.016331172579078,0.3864806553916056,-0.0012414557931796752,-6.944131862089383e-05,0.0,0.0,0.0,0.0,0.0,0.0,1.0
1779289543.4980593,0.016396760664887607,-1.0163252226930202,0.38588268925443625,0.002679030728013123,6.944131862089327e-05,0.0,0.0,0.0,0.0,0.0,0.0,1.0
1779289543.5084934,0.016404014404040036,-1.0163222784132586,0.3860010381740864,0.003018403748390077,-6.944131862089383e-05,0.0,0.0,0.0,0.0,0.0,0.0,1.0
1779289543.5188005,0.016403624859418466,-1.016322436788198,0.3858436846701023,0.0022419170584075617,6.944131862089327e-05,0.0,0.0,0.0,0.0,0.0,0.0,1.0
1779289543.5294118,0.01639006828208368,-1.0163279450916174,0.3861523381913079,-0.0014209275942436458,-6.944131862089383e-05,0.0,0.0,0.0,0.0,0.0,0.0,1.0
1779289543.5396354,0.016385317789843337,-1.016329877044245,0.38631616286823167,-0.0013237751163920803,6.944131862089327e-05,0.0,0.0,0.0,0.0,0.0,0.0,1.0
1779289543.55009,0.016387299790825562,-1.0163290716598679,0.38697740370396083,-0.00029695883862939667,-6.944131862089383e-05,0.0,0.0,0.0,0.0,0.0,0.0,1.0
1779289543.5603938,0.01639332053779834,-1.016326619729088,0.3868996141571328,0.0011420559240307392,6.944131862089327e-05,0.0,0.0,0.0,0.0,0.0,0.0,1.0
1779289543.570969,0.016398627697060218,-1.0163244588086786,0.3860292844574502,0.0019453322283352812,-6.94413186208937e-05,0.0,0.0,0.0,0.0,0.0,0.0,1.0
1779289543.581009,0.016400131351317425,-1.0163238531468863,0.3855683966223289,0.001856025369140257,6.944131862089356e-05,0.0,0.0,0.0,0.0,0.0,0.0,1.0
1779289543.5914783,0.016398235952424667,-1.0163246273600977,0.38589065267858214,0.001127869302750354,-6.944131862089344e-05,0.0,0.0,0.0,0.0,0.0,0.0,1.0
1779289543.601734,0.016392946182672435,-1.016326776525117,0.38504116873993155,-0.00010394933962251944,6.944131862089375e-05,0.0,0.0,0.0,0.0,0.0,0.0,1.0
1779289543.6118705,0.016389505835724825,-1.016328172662719,0.38597980417187916,-0.0004949071338841246,-6.944131862089329e-05,0.0,0.0,0.0,0.0,0.0,0.0,1.0
1779289543.622416,0.016389708563753637,-1.0163280913734074,0.38651109833945974,-7.476536067430869e-05,6.944131862089386e-05,0.0,0.0,0.0,0.0,0.0,0.0,1.0
1779289543.6328146,0.01638139432213571,-1.0163314758041897,0.3865833469554891,-0.0023696668439986864,-6.944131862089326e-05,0.0,0.0,0.0,0.0,0.0,0.0,1.0
1779289543.6431682,0.016380931958929503,-1.0163316643858367,0.38610366571962285,-0.0016357737203316043,6.944131862089383e-05,0.0,0.0,0.0,0.0,0.0,0.0,1.0
1779289543.6533737,0.01639425549512134,-1.0163262719039536,0.38686238406642204,0.002291352620363743,-6.944131862089327e-05,0.0,0.0,0.0,0.0,0.0,0.0,1.0
1779289543.6635036,0.016388936045741383,-1.0163284459188655,0.3871015926122636,-0.0006087428667424183,6.944131862089383e-05,0.0,0.0,0.0,0.0,0.0,0.0,1.0
1779289543.6740334,0.016393348000109633,-1.016326649780599,0.38748727235690783,0.0011699700411742296,-6.944131862089327e-05,0.0,0.0,0.0,0.0,0.0,0.0,1.0
1779289543.684183,0.016387632151578905,-1.0163289825707063,0.3877395389889502,-0.0008510508579561698,6.944131862089383e-05,0.0,0.0,0.0,0.0,0.0,0.0,1.0
1779289543.6945524,0.016396765001942107,-1.0163252522632584,0.38842626071932784,0.0022246011326729517,-6.944131862089327e-05,0.0,0.0,0.0,0.0,0.0,0.0,1.0
1779289543.7046218,0.016404474037449216,-1.0163220954864576,0.3874534338914577,0.003475533765282071,6.944131862089383e-05,0.0,0.0,0.0,0.0,0.0,0.0,1.0
1779289543.7148888,0.01639246915605156,-1.0163270031298086,0.38738057752627686,-0.000715373228274043,-6.944131862089327e-05,0.0,0.0,0.0,0.0,0.0,0.0,1.0
1779289543.7255018,0.016397269478065468,-1.0163250483498,0.38702824252440315,0.0018263621610069667,6.944131862089383e-05,0.0,0.0,0.0,0.0,0.0,0.0,1.0
1779289543.7359443,0.016404609651975866,-1.0163220593695736,0.3874127317724678,0.003305021532381101,-6.944131862089332e-05,0.0,0.0,0.0,0.0,0.0,0.0,1.0
1779289543.7462144,0.01641165513781596,-1.0163191813100174,0.38773000661991297,0.004547993700616745,6.944131862089361e-05,0.0,0.0,0.0,0.0,0.0,0.0,1.0
1779289543.756379,0.016409723405085595,-1.0163199644558192,0.387671679874777,0.00330890937338987,-6.944131862089361e-05,0.0,0.0,0.0,0.0,0.0,0.0,1.0
1779289543.7664504,0.016388981992878422,-1.0163284320656767,0.3870938634098682,-0.002264946456511314,6.94413186208934e-05,0.0,0.0,0.0,0.0,0.0,0.0,1.0
1779289543.777081,0.01638187381246195,-1.0163313296216958,0.38735871013279954,-0.0019399451362627834,-6.944131862089378e-05,0.0,0.0,0.0,0.0,0.0,0.0,1.0
1779289543.7871523,0.016384583622479562,-1.0163302251000024,0.3866741617254288,-0.0005126554429564314,6.944131862089327e-05,0.0,0.0,0.0,0.0,0.0,0.0,1.0
1779289543.7979133,0.016392804580916378,-1.016326875916496,0.3868099480639433,0.0014346103173196877,-6.944131862089387e-05,0.0,0.0,0.0,0.0,0.0,0.0,1.0
1779289543.8080244,1368241916.1626723,-84847424432.0772,-1.5546718145619487,585979106463.4021,6.944131862089325e-05,0.0,0.0,0.0,0.0,0.0,0.0,1.0
1779289543.818299,760126835.9461281,-47136989087.874985,-1.5546718145619487,275785059956.1162,-6.944131862089384e-05,0.0,0.0,0.0,0.0,0.0,0.0,1.0
1779289543.828356,426954258.8823517,-26476289600.944298,-1.5546718145619487,109650226873.8361,6.944131862089326e-05,0.0,0.0,0.0,0.0,0.0,0.0,1.0
1779289543.8387938,227434508.9525745,-14103669887.354828,-1.554671814561949,14414545061.140343,-6.944131862089383e-05,0.0,0.0,0.0,0.0,0.0,0.0,1.0
1779289543.8489263,120800515.12465324,-7491082137.828982,1.5869208390278446,32683657833.637733,6.944131862089327e-05,0.0,0.0,0.0,0.0,0.0,0.0,1.0
1779289543.8595052,58161920.814024225,-3606737319.473985,1.5869208390278446,56862342251.25969,-6.944131862089383e-05,0.0,0.0,0.0,0.0,0.0,0.0,1.0
1779289543.8697903,25248805.75914419,-1565729066.8725822,1.5869208390278446,66275291189.60998,6.944131862089327e-05,0.0,0.0,0.0,0.0,0.0,0.0,1.0
1779289543.8801327,7378231.411296811,-457538922.55272883,1.5869208390278446,68457565777.358635,-6.944131862089383e-05,0.0,0.0,0.0,0.0,0.0,0.0,1.0
1779289543.890173,-2009921.6903532022,124639273.7438898,1.5869208390278446,66890213090.45799,6.944131862089327e-05,0.0,0.0,0.0,0.0,0.0,0.0,1.0
1779289543.9005587,-6783537.368406218,420660752.64091873,1.5869208390278446,63328011624.54031,-6.944131862089383e-05,0.0,0.0,0.0,0.0,0.0,0.0,1.0
1779289543.9113948,-8752848.656003444,542781693.8895679,1.5869208390278446,58673096111.99011,6.944131862089337e-05,0.0,0.0,0.0,0.0,0.0,0.0,1.0
1779289543.9217844,-9585892.93603784,594440439.8787447,1.5869208390278446,54064949615.07257,-6.944131862089359e-05,0.0,0.0,0.0,0.0,0.0,0.0,1.0
1779289543.9319668,-9670087.433589365,599661509.4748546,1.5869208390278446,49647192588.785835,6.944131862089364e-05,0.0,0.0,0.0,0.0,0.0,0.0,1.0
1779289543.9428732,-8952848.343553312,555184075.4972144,1.5869208390278446,45039355351.72356,-6.944131862089337e-05,0.0,0.0,0.0,0.0,0.0,0.0,1.0
1779289543.9532685,-8514955.90288961,528029487.3138676,1.5869208390278446,41036166306.320915,6.94413186208938e-05,0.0,0.0,0.0,0.0,0.0,0.0,1.0
1779289543.9633477,-8052435.493166319,499347669.3921136,1.5869208390278446,37475790713.77386,-6.944131862089326e-05,0.0,0.0,0.0,0.0,0.0,0.0,1.0
1779289543.9739907,-7251955.6575953625,449708309.8931078,1.5869208390278446,33942833547.131123,6.944131862089383e-05,0.0,0.0,0.0,0.0,0.0,0.0,1.0
1779289543.984051,-6758771.63615674,419124979.930904,1.5869208390278446,30984508650.19162,-6.944131862089327e-05,0.0,0.0,0.0,0.0,0.0,0.0,1.0
1779289543.9942932,-6163471.972712513,382209254.2745944,1.5869208390278446,28202361206.70345,6.944131862089383e-05,0.0,0.0,0.0,0.0,0.0,0.0,1.0
1779289544.0046237,-5616048.8421747815,348262448.41226876,1.5869208390278446,25631855587.554504,-6.944131862089327e-05,0.0,0.0,0.0,0.0,0.0,0.0,1.0
1779289544.0148158,-5144198.419318077,319002057.670214,1.5869208390278446,23338110086.67282,6.944131862089383e-05,0.0,0.0,0.0,0.0,0.0,0.0,1.0
1779289544.0249274,-4727584.918859539,293167019.2314881,1.5869208390278446,21265612102.34263,-6.944131862089327e-05,0.0,0.0,0.0,0.0,0.0,0.0,1.0
1779289544.0353727,-4235365.346027455,262643496.66101477,1.5869208390278446,19301269703.059746,6.944131862089383e-05,0.0,0.0,0.0,0.0,0.0,0.0,1.0
1779289544.0460663,-3773690.3052689554,234014101.76365831,1.5869208390278446,17472291726.0884,-6.944131862089327e-05,0.0,0.0,0.0,0.0,0.0,0.0,1.0
1779289544.0564604,-3451798.9068691568,214052970.78350103,1.5869208390278446,15889581721.843122,6.944131862089383e-05,0.0,0.0,0.0,0.0,0.0,0.0,1.0
1779289544.066688,-3148576.1015119753,195249516.68688795,1.5869208390278446,14499136633.65002,-6.944131862089327e-05,0.0,0.0,0.0,0.0,0.0,0.0,1.0
1779289544.077203,-2853251.455988483,176935843.31671342,1.5869208390278446,13174746301.112122,6.944131862089379e-05,0.0,0.0,0.0,0.0,0.0,0.0,1.0
1779289544.0872617,-2641545.4483019123,163807529.32719555,1.5869208390278446,12048824267.526052,-6.944131862089344e-05,0.0,0.0,0.0,0.0,0.0,0.0,1.0
1779289544.0975566,-2400013.3924843306,148829642.294337,1.5869208390278446,10987569207.953104,6.944131862089353e-05,0.0,0.0,0.0,0.0,0.0,0.0,1.0
1779289544.1080673,-2169714.770959575,134548363.0440747,1.5869208390278446,9993545922.030012,-6.944131862089367e-05,0.0,0.0,0.0,0.0,0.0,0.0,1.0
1779289544.118751,-1943167.2594491069,120499697.64646082,1.5869208390278446,9087100265.980455,6.944131862089336e-05,0.0,0.0,0.0,0.0,0.0,0.0,1.0
1779289544.12868,-1835540.1237351962,113825523.17741823,1.5869208390278446,8338068305.673849,-6.94413186208938e-05,0.0,0.0,0.0,0.0,0.0,0.0,1.0
1779289544.139304,-1634689.4745273339,101370371.7312529,1.5869208390278446,7586638543.925257,6.944131862089326e-05,0.0,0.0,0.0,0.0,0.0,0.0,1.0
1779289544.149591,-1505880.3884646143,93382662.05303837,1.5869208390278446,6940694796.472273,-6.944131862089383e-05,0.0,0.0,0.0,0.0,0.0,0.0,1.0
1779289544.1603007,-1342034.9462460931,83222277.68463312,1.5869208390278446,6324612389.195466,6.944131862089327e-05,0.0,0.0,0.0,0.0,0.0,0.0,1.0
1779289544.170995,-1206419.1599617633,74812470.8788108,1.5869208390278446,5777568844.921618,-6.944131862089383e-05,0.0,0.0,0.0,0.0,0.0,0.0,1.0
1779289544.1813195,-1130329.4953532112,70093998.22300848,1.5869208390278446,5303284096.820589,6.944131862089327e-05,0.0,0.0,0.0,0.0,0.0,0.0,1.0
1779289544.1917381,-1040850.0416491997,64545197.89998731,1.5869208390278446,4863282693.95774,-6.944131862089383e-05,0.0,0.0,0.0,0.0,0.0,0.0,1.0
1779289544.201995,-959418.6248139924,59495472.47884282,1.5869208390278446,4475303161.36066,6.944131862089327e-05,0.0,0.0,0.0,0.0,0.0,0.0,1.0
1779289544.2127402,-859233.2615979364,53282777.242524855,1.5869208390278446,4103097653.927183,-6.944131862089383e-05,0.0,0.0,0.0,0.0,0.0,0.0,1.0
1779289544.2231483,-797999.8364744524,49485569.78271169,1.5869208390278446,3781971404.0215597,6.944131862089327e-05,0.0,0.0,0.0,0.0,0.0,0.0,1.0
1779289544.2333047,-743622.702847581,46113534.70489558,1.5869208390278446,3501116471.451242,-6.944131862089383e-05,0.0,0.0,0.0,0.0,0.0,0.0,1.0
1779289544.2436874,-682784.2642853893,42340821.153663225,1.5869208390278446,3242106710.5637984,6.944131862089327e-05,0.0,0.0,0.0,0.0,0.0,0.0,1.0
1779289544.2534497,-657027.4378766334,40743588.70766685,1.5869208390278482,3020353957.116317,-6.944131862089374e-05,0.0,0.0,0.0,0.0,0.0,0.0,1.0
1779289544.263943,-595070.6740358382,36901525.563695855,1.5869208390278509,2793790701.746873,6.944131862089352e-05,0.0,0.0,0.0,0.0,0.0,0.0,1.0
1779289544.2740557,-553008.5651746797,34293169.862165,1.5869208390278517,2603210389.3996615,-6.944131862089346e-05,0.0,0.0,0.0,0.0,0.0,0.0,1.0
1779289544.2843843,-510039.64047712804,31628580.692544088,1.5869208390278526,2425242712.6568995,6.944131862089372e-05,0.0,0.0,0.0,0.0,0.0,0.0,1.0
1779289544.2945046,-476706.8816012657,29561549.485243138,1.5869208390278526,2269818646.406125,-6.944131862089332e-05,0.0,0.0,0.0,0.0,0.0,0.0,1.0
1779289544.3046904,-442808.27796234423,27459429.109718215,1.5869208390278526,2128413810.3175104,6.944131862089383e-05,0.0,0.0,0.0,0.0,0.0,0.0,1.0
1779289544.3147154,-419462.61964547995,26011718.031391013,1.5869208390278526,2003206863.2908921,-6.944131862089323e-05,0.0,0.0,0.0,0.0,0.0,0.0,1.0
1779289544.3249662,-389736.0589161209,24168314.40129,1.5869208390278526,1885660007.3270748,6.944131862089386e-05,0.0,0.0,0.0,0.0,0.0,0.0,1.0
1779289544.3355956,-359409.98311875627,22287733.63984517,1.5869208390278526,1774779916.9093406,-6.944131862089326e-05,0.0,0.0,0.0,0.0,0.0,0.0,1.0
1779289544.3460329,-337815.94898990897,20948644.289279997,1.5869208390278517,1678427509.4355643,6.944131862089383e-05,0.0,0.0,0.0,0.0,0.0,0.0,1.0
1779289544.3561575,-321325.27483287046,19926024.52237755,1.5869208390278509,1596862717.0439548,-6.944131862089327e-05,0.0,0.0,0.0,0.0,0.0,0.0,1.0
1779289544.3668015,-298533.15727760934,18512639.6164836,1.5869208390278509,1516655819.319798,6.944131862089383e-05,0.0,0.0,0.0,0.0,0.0,0.0,1.0
1779289544.3770676,-285977.47179054964,17734036.38633041,1.5869208390278509,1450324613.2911413,-6.944131862089327e-05,0.0,0.0,0.0,0.0,0.0,0.0,1.0
1779289544.387758,-268947.52123038913,16677975.008466378,1.58692083902785,1387165084.0979977,6.944131862089383e-05,0.0,0.0,0.0,0.0,0.0,0.0,1.0
1779289544.3982565,-257569.94491232157,15972428.689892912,1.586920839027849,1332525479.666367,-6.944131862089327e-05,0.0,0.0,0.0,0.0,0.0,0.0,1.0
1779289544.4082885,-251419.86240130963,15591049.74298355,1.586920839027849,1287928311.2615068,6.944131862089383e-05,0.0,0.0,0.0,0.0,0.0,0.0,1.0
1779289544.4184306,-243045.18603657183,15071719.27107969,1.586920839027849,1246551986.0159812,-6.944131862089327e-05,0.0,0.0,0.0,0.0,0.0,0.0,1.0
1779289544.4285445,-234888.37498323698,14565899.063937657,1.5869208390278482,1209810862.9152558,6.94413186208937e-05,0.0,0.0,0.0,0.0,0.0,0.0,1.0
1779289544.4386826,-227400.06973601083,14101534.242130723,1.5869208390278482,1177078235.5459664,-6.944131862089356e-05,0.0,0.0,0.0,0.0,0.0,0.0,1.0
1779289544.449446,-212967.56538739745,13206545.711740881,1.5869208390278242,1143741854.4336107,6.944131862089344e-05,0.0,0.0,0.0,0.0,0.0,0.0,1.0
1779289544.459438,-212811.61741064035,13196875.065156303,1.5869208390278144,1121441061.5201764,-6.944131862089375e-05,0.0,0.0,0.0,0.0,0.0,0.0,1.0
1779289544.4696896,-207361.834957912,12858923.128970966,1.5869208390278091,1099322972.8340235,6.944131862089329e-05,0.0,0.0,0.0,0.0,0.0,0.0,1.0
1779289544.4800935,-200083.19128879238,12407559.84201264,1.5869208390273126,1079159695.590461,-6.944131862089386e-05,0.0,0.0,0.0,0.0,0.0,0.0,1.0
1779289544.490494,-196022.8314652737,12155768.788870655,1.5869208389271723,1062821082.3207191,6.944131862089326e-05,0.0,0.0,0.0,0.0,0.0,0.0,1.0
1779289544.5009387,-191645.15175588935,11884300.128519462,1.586920838725816,1048739041.552681,-6.944131862089383e-05,0.0,0.0,0.0,0.0,0.0,0.0,1.0
1779289544.5114503,-187521.67029592302,11628594.863233315,1.5869208384240352,1036901170.1478521,6.944131862089327e-05,0.0,0.0,0.0,0.0,0.0,0.0,1.0
1779289544.521815,-186055.52154045107,11537676.187758636,1.5869208380310749,1028306990.5679513,-6.944131862089383e-05,0.0,0.0,0.0,0.0,0.0,0.0,1.0
1779289544.5320044,-185345.73521492103,11493661.122858582,1.5869208375623192,1021931108.6501404,6.944131862089327e-05,0.0,0.0,0.0,0.0,0.0,0.0,1.0
1779289544.5425777,-181601.30841279405,11261461.968129616,1.586920836994028,1015581015.9641291,-6.944131862089383e-05,0.0,0.0,0.0,0.0,0.0,0.0,1.0
1779289544.5526958,-183401.47723075864,11373094.383318814,1.5869208363724319,1013333160.5617172,6.944131862089327e-05,0.0,0.0,0.0,0.0,0.0,0.0,1.0
1779289544.5628471,-183178.16404671164,11359246.661876844,1.5869208356893196,1011426919.8747447,-6.944131862089383e-05,0.0,0.0,0.0,0.0,0.0,0.0,1.0
1779289544.5730221,-183153.3102517157,11357705.85647231,1.5869208349434896,1010773085.39586,6.944131862089327e-05,0.0,0.0,0.0,0.0,0.0,0.0,1.0
1779289544.5832684,-181883.949996491,11278990.740296481,1.5869208341442027,1010682097.9170069,-6.944131862089383e-05,0.0,0.0,0.0,0.0,0.0,0.0,1.0
1779289544.5937378,-179744.39002095067,11146312.824802948,1.58692083327621,1011321498.8776497,6.944131862089332e-05,0.0,0.0,0.0,0.0,0.0,0.0,1.0
1779289544.6039634,-180978.74957531007,11222858.510152597,1.586920832393611,1014398755.307702,-6.944131862089361e-05,0.0,0.0,0.0,0.0,0.0,0.0,1.0
1779289544.6144354,-179974.82535481622,11160603.727376942,1.5869208314435213,1017453356.2015862,6.944131862089361e-05,0.0,0.0,0.0,0.0,0.0,0.0,1.0
1779289544.625293,-174240.7341187293,10805021.71518054,1.5869208304489621,1019422063.5011168,-6.94413186208934e-05,0.0,0.0,0.0,0.0,0.0,0.0,1.0
1779289544.6356823,-178332.3389398746,11058751.098368436,1.5869208294426898,1026584233.0013357,6.944131862089378e-05,0.0,0.0,0.0,0.0,0.0,0.0,1.0
1779289544.6462343,-180018.0243301714,11163284.561053904,1.5869208283941934,1033409099.137206,-6.944131862089327e-05,0.0,0.0,0.0,0.0,0.0,0.0,1.0
1779289544.6568124,-179541.6535038802,11133744.53035222,1.5869208273432083,1039845577.2233742,6.944131862089387e-05,0.0,0.0,0.0,0.0,0.0,0.0,1.0
1779289544.6672008,-181272.622829976,11241086.185999842,1.5869208262990302,1047764829.7037075,-6.944131862089325e-05,0.0,0.0,0.0,0.0,0.0,0.0,1.0
1779289544.6773386,-186178.51073913317,11545311.067731682,1.586920825256354,1057507220.2960302,6.944131862089384e-05,0.0,0.0,0.0,0.0,0.0,0.0,1.0
1779289544.6879573,-183870.63706500828,11402195.825666381,1.586920824175034,1064739288.0650153,-6.944131862089326e-05,0.0,0.0,0.0,0.0,0.0,0.0,1.0
1779289544.6985629,-184395.94360509366,11434771.925055422,1.5869208230817868,1073903645.374801,6.944131862089383e-05,0.0,0.0,0.0,0.0,0.0,0.0,1.0
1779289544.7090197,-186853.39336250373,11587164.220019968,1.5869208219943811,1084343753.1895795,-6.944131862089327e-05,0.0,0.0,0.0,0.0,0.0,0.0,1.0
1779289544.7195234,-188832.28261748716,11709880.011550894,1.5869208209022068,1095022992.5664508,6.944131862089383e-05,0.0,0.0,0.0,0.0,0.0,0.0,1.0
1779289544.7299926,-189948.25364971036,11779084.470383352,1.5869208198254547,1105594463.8287287,-6.944131862089327e-05,0.0,0.0,0.0,0.0,0.0,0.0,1.0
1779289544.7401876,-194139.28350998057,12038979.706888283,1.5869208187763775,1117665991.4294412,6.944131862089383e-05,0.0,0.0,0.0,0.0,0.0,0.0,1.0
1779289544.75069,-195774.5715857372,12140388.121245116,1.5869208176914054,1129312646.8397682,-6.944131862089327e-05,0.0,0.0,0.0,0.0,0.0,0.0,1.0
1779289544.7614195,-192863.11524956895,11959843.461936673,1.5869208166110491,1139349858.3643987,6.944131862089383e-05,0.0,0.0,0.0,0.0,0.0,0.0,1.0
1779289544.771715,-200380.33899411117,12426003.005923126,1.5869208155415917,1154422066.5026114,-6.944131862089337e-05,0.0,0.0,0.0,0.0,0.0,0.0,1.0
1779289544.7826374,-193667.86496518296,12009749.276699385,1.5869208144733467,1163464682.0446694,6.944131862089359e-05,0.0,0.0,0.0,0.0,0.0,0.0,1.0
1779289544.792922,-202551.6917161879,12560654.799111912,1.5869208134237844,1179845154.3270795,-6.944131862089364e-05,0.0,0.0,0.0,0.0,0.0,0.0,1.0
1779289544.803545,-204118.34695153448,12657807.206870526,1.5869208123612246,1193346434.9859648,6.944131862089337e-05,0.0,0.0,0.0,0.0,0.0,0.0,1.0
1779289544.813968,-208313.77967508984,12917975.64376852,1.586920811325129,1208100899.155666,-6.94413186208938e-05,0.0,0.0,0.0,0.0,0.0,0.0,1.0
1779289544.8245313,-209262.38399943788,12976801.43278053,1.586920810294135,1221711592.573172,6.944131862089326e-05,0.0,0.0,0.0,0.0,0.0,0.0,1.0
1779289544.834862,-213094.51863425644,13214441.020083982,1.5869208092976486,1236580031.047791,-6.944131862089383e-05,0.0,0.0,0.0,0.0,0.0,0.0,1.0
1779289544.8453689,-215314.02841611742,13352078.353939053,1.5869208082877249,1251291116.0781956,6.944131862089327e-05,0.0,0.0,0.0,0.0,0.0,0.0,1.0
1779289544.8558595,-217703.14761367076,13500233.539890347,1.5869208072889833,1266344866.752449,-6.944131862089383e-05,0.0,0.0,0.0,0.0,0.0,0.0,1.0
1779289544.8664086,-218705.98872475332,13562422.6885603,1.586920806303727,1281018593.1780317,6.944131862089327e-05,0.0,0.0,0.0,0.0,0.0,0.0,1.0
1779289544.876601,-224992.95352533658,13952291.577341441,1.586920805355449,1297915857.9168096,-6.944131862089383e-05,0.0,0.0,0.0,0.0,0.0,0.0,1.0
1779289544.8872495,-224313.71995801298,13910171.702954162,1.5869208043813048,1312454263.985713,6.944131862089327e-05,0.0,0.0,0.0,0.0,0.0,0.0,1.0
1779289544.8974135,-230734.27898181952,14308325.10324391,1.5869208034569189,1329844799.9162257,-6.944131862089383e-05,0.0,0.0,0.0,0.0,0.0,0.0,1.0
1779289544.9076834,-234177.5295590756,14521849.26745792,1.5869208025367012,1346145274.806463,6.944131862089327e-05,0.0,0.0,0.0,0.0,0.0,0.0,1.0
1779289544.9180663,-236305.13632001018,14653787.56070298,1.5869208016166603,1362265044.6945312,-6.944131862089383e-05,0.0,0.0,0.0,0.0,0.0,0.0,1.0
1779289544.9285572,-237374.2148720544,14720084.262836983,1.586920800698925,1378339381.10317,6.944131862089327e-05,0.0,0.0,0.0,0.0,0.0,0.0,1.0
1779289544.9390373,-239637.89015776338,14860460.479468059,1.5869207997919803,1395250776.010673,-6.944131862089379e-05,0.0,0.0,0.0,0.0,0.0,0.0,1.0
1779289544.9491024,-246680.5602494625,15297192.440015249,1.5869207989305067,1413870611.7051797,6.944131862089344e-05,0.0,0.0,0.0,0.0,0.0,0.0,1.0
1779289544.959136,-252450.41972836663,15654994.693041168,1.5869207980805964,1431993527.1266875,-6.944131862089353e-05,0.0,0.0,0.0,0.0,0.0,0.0,1.0
1779289544.9692893,-255774.40452862877,15861123.003883453,1.5869207972315742,1449357232.4891064,6.944131862089367e-05,0.0,0.0,0.0,0.0,0.0,0.0,1.0
1779289544.9798005,-255006.86167691438,15813526.869455239,1.5869207963607739,1465796532.6677728,-6.944131862089336e-05,0.0,0.0,0.0,0.0,0.0,0.0,1.0
1779289544.9904008,-254227.35478238357,15765188.820356963,1.5869207954981217,1482674283.4105878,6.94413186208938e-05,0.0,0.0,0.0,0.0,0.0,0.0,1.0
1779289545.0010142,-254894.5888637465,15806566.309838535,1.5869207946478205,1500546400.7417712,-6.944131862089326e-05,0.0,0.0,0.0,0.0,0.0,0.0,1.0
1779289545.0110712,-264335.9188376644,16392044.52294115,1.5869207938450955,1521781473.5079181,6.944131862089383e-05,0.0,0.0,0.0,0.0,0.0,0.0,1.0
1779289545.0216763,-263406.5373998703,16334412.406580217,1.586920793016871,1539280543.0594592,-6.944131862089327e-05,0.0,0.0,0.0,0.0,0.0,0.0,1.0
1779289545.0318656,-271011.51279031264,16806014.336563155,1.5869207922219015,1560384913.784974,6.944131862089383e-05,0.0,0.0,0.0,0.0,0.0,0.0,1.0
1779289545.0421495,-274497.33777156216,17022178.7875421,1.5869207914361523,1579781360.9838133,-6.944131862089327e-05,0.0,0.0,0.0,0.0,0.0,0.0,1.0
1779289545.0524313,-278425.3033916879,17265761.358649112,1.586920790657521,1599671464.3982942,6.944131862089383e-05,0.0,0.0,0.0,0.0,0.0,0.0,1.0
1779289545.0631173,-275557.6047628113,17087929.947042704,1.5869207898660385,1617370316.5740342,-6.944131862089327e-05,0.0,0.0,0.0,0.0,0.0,0.0,1.0
1779289545.0738518,-274749.005243635,17037787.769985877,1.5869207890858625,1636426232.8104177,6.944131862089383e-05,0.0,0.0,0.0,0.0,0.0,0.0,1.0
1779289545.0842648,-283142.8973985894,17558312.28027718,1.5869207883208194,1659793409.1282258,-6.944131862089327e-05,0.0,0.0,0.0,0.0,0.0,0.0,1.0
1779289545.094286,-294921.3817863157,18288722.802484345,1.5869207875917812,1683994947.425248,6.944131862089383e-05,0.0,0.0,0.0,0.0,0.0,0.0,1.0
1779289545.1043851,-299824.0020615203,18592745.900099896,1.5869207868768074,1704995941.0172844,-6.944131862089327e-05,0.0,0.0,0.0,0.0,0.0,0.0,1.0
1779289545.1148534,-299917.29898579675,18598532.29757066,1.5869207861416719,1724912006.5539095,6.944131862089374e-05,0.0,0.0,0.0,0.0,0.0,0.0,1.0
1779289545.1251264,-303532.9091879594,18822745.103315912,1.586920785432926,1746267320.770171,-6.944131862089352e-05,0.0,0.0,0.0,0.0,0.0,0.0,1.0
1779289545.1356378,-304937.9486931728,18909875.559804637,1.5869207847115927,1767563720.6746244,6.944131862089346e-05,0.0,0.0,0.0,0.0,0.0,0.0,1.0
1779289545.1457727,-313374.575791092,19433050.300446883,1.586920784023234,1791567250.8300214,-6.944131862089372e-05,0.0,0.0,0.0,0.0,0.0,0.0,1.0
1779289545.1559756,-317459.61860549037,19686373.688796755,1.586920783343909,1813749413.528466,6.944131862089332e-05,0.0,0.0,0.0,0.0,0.0,0.0,1.0
1779289545.166229,-320321.63512794086,19863854.517454937,1.5869207826718954,1835691811.3193226,-6.944131862089383e-05,0.0,0.0,0.0,0.0,0.0,0.0,1.0
1779289545.1763978,-326252.4885475757,20231640.73835741,1.586920782008507,1859279961.608302,6.944131862089323e-05,0.0,0.0,0.0,0.0,0.0,0.0,1.0
1779289545.1868927,-326533.4618797711,20249065.374667905,1.586920781331676,1881329178.320682,-6.944131862089386e-05,0.0,0.0,0.0,0.0,0.0,0.0,1.0
1779289545.197078,-331307.7776524668,20545132.154840752,1.586920780689467,1904860452.0148745,6.944131862089326e-05,0.0,0.0,0.0,0.0,0.0,0.0,1.0
1779289545.207488,-333749.99871326995,20696580.569124807,1.5869207800363476,1928300635.814282,-6.944131862089383e-05,0.0,0.0,0.0,0.0,0.0,0.0,1.0
1779289545.2176902,-340409.076902855,21109525.692078345,1.5869207794046272,1953451981.8561826,6.944131862089327e-05,0.0,0.0,0.0,0.0,0.0,0.0,1.0
1779289545.2278924,-344792.9257811884,21381378.779085476,1.5869207787866273,1977579363.4552374,-6.944131862089383e-05,0.0,0.0,0.0,0.0,0.0,0.0,1.0
1779289545.2382789,-349993.78110043565,21703896.288620953,1.5869207781502395,2003350909.0647597,6.944131862089327e-05,0.0,0.0,0.0,0.0,0.0,0.0,1.0
1779289545.2484643,-355777.83709817653,22062579.382957894,1.5869207775408416,2028893098.28547,-6.944131862089383e-05,0.0,0.0,0.0,0.0,0.0,0.0,1.0
1779289545.2590995,-351701.815983623,21809817.0460235,1.586920776919536,2051147359.2786534,6.944131862089327e-05,0.0,0.0,0.0,0.0,0.0,0.0,1.0
1779289545.2695947,-356346.52765220427,22097846.882107668,1.5869207763066573,2077830879.520133,-6.944131862089383e-05,0.0,0.0,0.0,0.0,0.0,0.0,1.0
1779289545.2796085,-368359.91206648014,22842824.637136813,1.586920775730075,2106820959.9728177,6.944131862089327e-05,0.0,0.0,0.0,0.0,0.0,0.0,1.0
1779289545.2898898,-372285.83455045166,23086280.748887043,1.586920775147103,2132891033.4994144,-6.94413186208937e-05,0.0,0.0,0.0,0.0,0.0,0.0,1.0
1779289545.3006182,-368030.7787178499,22822416.028780013,1.5869207745493359,2156696067.596221,6.944131862089356e-05,0.0,0.0,0.0,0.0,0.0,0.0,1.0
1779289545.310744,-378966.78653510805,23500583.320632033,1.5869207739905464,2186360187.350001,-6.944131862089344e-05,0.0,0.0,0.0,0.0,0.0,0.0,1.0
1779289545.320796,-388388.76377795235,24084862.18310139,1.5869207734423263,2215278565.499168,6.944131862089375e-05,0.0,0.0,0.0,0.0,0.0,0.0,1.0
1779289545.3312414,-390260.3227071258,24200922.62133949,1.5869207728758195,2242241251.651382,-6.944131862089329e-05,0.0,0.0,0.0,0.0,0.0,0.0,1.0
1779289545.3414507,-395537.92252792977,24528199.33782626,1.586920772335004,2270212346.923644,6.944131862089386e-05,0.0,0.0,0.0,0.0,0.0,0.0,1.0
1779289545.352191,-383622.29690213886,23789285.314477086,1.5869207717917826,2291414533.3466125,-6.944131862089326e-05,0.0,0.0,0.0,0.0,0.0,0.0,1.0
1779289545.3620932,-411897.5716898651,25542699.87608896,1.5869207712565503,2331134083.379563,6.944131862089383e-05,0.0,0.0,0.0,0.0,0.0,0.0,1.0
1779289545.372252,-417188.01683629176,25870773.19237501,1.58692077073413,2359927629.339051,-6.944131862089327e-05,0.0,0.0,0.0,0.0,0.0,0.0,1.0
1779289545.382668,-415086.3644669902,25740445.81670662,1.5869207702104013,2386233425.950135,6.944131862089383e-05,0.0,0.0,0.0,0.0,0.0,0.0,1.0
1779289545.393189,-416906.9492250438,25853345.262563642,1.586920769682811,2415463070.782562,-6.944131862089327e-05,0.0,0.0,0.0,0.0,0.0,0.0,1.0
1779289545.40373,-419975.8999655028,26043658.721729577,1.5869207691598675,2445848986.766455,6.944131862089383e-05,0.0,0.0,0.0,0.0,0.0,0.0,1.0
1779289545.4142861,-422809.0651497277,26219350.585970808,1.5869207686455251,2476467075.8877673,-6.944131862089327e-05,0.0,0.0,0.0,0.0,0.0,0.0,1.0
1779289545.424889,-426283.41468173795,26434803.75393088,1.5869207681347204,2508017086.340288,6.944131862089383e-05,0.0,0.0,0.0,0.0,0.0,0.0,1.0
1779289545.434963,-440549.2800874017,27319463.359727673,1.5869207676569008,2543073049.184078,-6.944131862089327e-05,0.0,0.0,0.0,0.0,0.0,0.0,1.0
1779289545.4454587,-442848.66149894055,27462054.080573954,1.5869207671652683,2574193547.5863013,6.944131862089383e-05,0.0,0.0,0.0,0.0,0.0,0.0,1.0
1779289545.45666,-424557.62247883243,26327785.91131951,1.5869207666673546,2597591684.6138887,-6.944131862089332e-05,0.0,0.0,0.0,0.0,0.0,0.0,1.0
1779289545.4669209,-446194.1867798802,27669519.44757275,1.58692076619624,2638381385.0021467,6.944131862089361e-05,0.0,0.0,0.0,0.0,0.0,0.0,1.0
1779289545.476992,-472101.2502388093,29276076.43281216,1.5869207657258206,2681201983.1520767,-6.944131862089361e-05,0.0,0.0,0.0,0.0,0.0,0.0,1.0
1779289545.4871786,-476655.9978925117,29558527.57561886,1.5869207652734776,2713442246.3213086,6.94413186208934e-05,0.0,0.0,0.0,0.0,0.0,0.0,1.0
1779289545.4977517,-475937.38183587685,29513965.40759317,1.5869207648051065,2745365722.371481,-6.944131862089378e-05,0.0,0.0,0.0,0.0,0.0,0.0,1.0
1779289545.5079062,-484328.8136756462,30034338.139940355,1.5869207643655647,2780247665.082634,6.944131862089327e-05,0.0,0.0,0.0,0.0,0.0,0.0,1.0
1779289545.5183287,-486013.9008974057,30138835.103954863,1.586920763920264,2813364667.86641,-6.944131862089387e-05,0.0,0.0,0.0,0.0,0.0,0.0,1.0
1779289545.5286427,-495263.5636466899,30712428.737607107,1.5869207634798048,2850436228.994363,6.944131862089325e-05,0.0,0.0,0.0,0.0,0.0,0.0,1.0
1779289545.5392203,-494947.1346624543,30692807.105117425,1.586920763037556,2884208913.9233317,-6.944131862089384e-05,0.0,0.0,0.0,0.0,0.0,0.0,1.0
1779289545.5493014,-508711.3807581641,31546360.43396993,1.5869207626213155,2923144153.2351794,6.944131862089326e-05,0.0,0.0,0.0,0.0,0.0,0.0,1.0
1779289545.5595958,-514438.6943999024,31901525.14777611,1.5869207622017072,2959428455.117434,-6.944131862089383e-05,0.0,0.0,0.0,0.0,0.0,0.0,1.0
1779289545.569939,-520076.2879463807,32251126.125269692,1.5869207617849277,2996332677.067926,6.944131862089327e-05,0.0,0.0,0.0,0.0,0.0,0.0,1.0
1779289545.5804293,-524132.9186572989,32502687.97973948,1.5869207613649179,3033762832.634687,-6.944131862089383e-05,0.0,0.0,0.0,0.0,0.0,0.0,1.0
1779289545.5909128,-529133.6365789735,32812794.86397349,1.5869207609507194,3072109652.7901993,6.944131862089327e-05,0.0,0.0,0.0,0.0,0.0,0.0,1.0
1779289545.601442,-532274.7702029776,33007584.64914078,1.5869207605423394,3110110970.5480285,-6.944131862089383e-05,0.0,0.0,0.0,0.0,0.0,0.0,1.0
1779289545.6120276,-536013.6527549445,33239442.227891777,1.5869207601366684,3149214270.777224,6.944131862089327e-05,0.0,0.0,0.0,0.0,0.0,0.0,1.0
1779289545.6223178,-547729.6583729244,33965979.59808345,1.5869207597495851,3191066867.515525,-6.944131862089383e-05,0.0,0.0,0.0,0.0,0.0,0.0,1.0
1779289545.6327958,-553064.4503436375,34296803.202553235,1.5869207593595647,3231195382.396918,6.944131862089337e-05,0.0,0.0,0.0,0.0,0.0,0.0,1.0
1779289545.642867,-573154.1356034729,35542611.81918266,1.5869207589842294,3277307203.3044996,-6.944131862089359e-05,0.0,0.0,0.0,0.0,0.0,0.0,1.0
1779289545.6533184,-572664.9746906928,35512278.66211145,1.5869207586063494,3315152581.6211767,6.944131862089364e-05,0.0,0.0,0.0,0.0,0.0,0.0,1.0
1779289545.6637094,-580536.234046272,36000394.504121885,1.586920758231086,3357659082.632616,-6.944131862089337e-05,0.0,0.0,0.0,0.0,0.0,0.0,1.0
1779289545.6742525,-583028.6130506317,36154953.54540356,1.5869207578564781,3398733746.381317,6.94413186208938e-05,0.0,0.0,0.0,0.0,0.0,0.0,1.0
1779289545.6845515,-595088.8060093165,36902834.879325315,1.5869207574952098,3443705316.420763,-6.944131862089326e-05,0.0,0.0,0.0,0.0,0.0,0.0,1.0
1779289545.6949925,-598567.9317522446,37118584.370548606,1.5869207571358244,3485559318.1117144,6.944131862089383e-05,0.0,0.0,0.0,0.0,0.0,0.0,1.0
1779289545.7053225,-610082.2666801086,37832615.815436006,1.5869207567815353,3531526133.488628,-6.944131862089327e-05,0.0,0.0,0.0,0.0,0.0,0.0,1.0
1779289545.7155387,-621869.5720417955,38563574.80052884,1.5869207564369265,3577337298.607088,6.944131862089383e-05,0.0,0.0,0.0,0.0,0.0,0.0,1.0
1779289545.7263854,-611552.0351647517,37923761.24710716,1.5869207560775411,3616229962.7917,-6.944131862089327e-05,0.0,0.0,0.0,0.0,0.0,0.0,1.0
1779289545.7368205,-627053.1973368207,38885025.16380482,1.5869207557312581,3666568454.0858636,6.944131862089383e-05,0.0,0.0,0.0,0.0,0.0,0.0,1.0
1779289545.7469037,-646798.743578791,40109493.20368756,1.5869207554028097,3717228718.73883,-6.944131862089327e-05,0.0,0.0,0.0,0.0,0.0,0.0,1.0
1779289545.757174,-649959.8187745688,40305519.65438303,1.5869207550789959,3760649100.4856377,6.944131862089383e-05,0.0,0.0,0.0,0.0,0.0,0.0,1.0
1779289545.767987,-649192.9884270477,40257967.57945213,1.5869207547326223,3806780995.13997,-6.944131862089327e-05,0.0,0.0,0.0,0.0,0.0,0.0,1.0
1779289545.778334,-665252.4830979818,41253855.07458399,1.5869207544067399,3858894786.855128,6.944131862089383e-05,0.0,0.0,0.0,0.0,0.0,0.0,1.0
1779289545.7885828,-677436.5685568574,42009419.42988464,1.5869207540907109,3908752533.953289,-6.944131862089327e-05,0.0,0.0,0.0,0.0,0.0,0.0,1.0
1779289545.799229,-674253.3872397022,41812023.78883529,1.5869207537679042,3953923565.945601,6.944131862089379e-05,0.0,0.0,0.0,0.0,0.0,0.0,1.0
1779289545.809578,-691338.4870155036,42871511.50572154,1.5869207534535716,4008331581.8822846,-6.944131862089344e-05,0.0,0.0,0.0,0.0,0.0,0.0,1.0
1779289545.819982,-702245.5617324294,43547885.500726014,1.586920753141884,4060525330.1839895,6.944131862089353e-05,0.0,0.0,0.0,0.0,0.0,0.0,1.0
1779289545.8303108,-711472.3230013589,44120059.34518248,1.5869207528391636,4111687283.412948,-6.944131862089367e-05,0.0,0.0,0.0,0.0,0.0,0.0,1.0
1779289545.840668,-720444.4229903144,44676441.060331926,1.5869207525389362,4163548880.1796827,6.944131862089336e-05,0.0,0.0,0.0,0.0,0.0,0.0,1.0
1779289545.8508725,-732819.4354260729,45443845.33021101,1.5869207522472468,4216696729.1837254,-6.94413186208938e-05,0.0,0.0,0.0,0.0,0.0,0.0,1.0
1779289545.860919,-753713.8498784773,46739557.64485134,1.586920751960597,4273826817.6900024,6.944131862089326e-05,0.0,0.0,0.0,0.0,0.0,0.0,1.0
1779289545.8714612,-749713.5303792637,46491489.33246272,1.5869207516653887,4322397747.000226,-6.944131862089383e-05,0.0,0.0,0.0,0.0,0.0,0.0,1.0
1779289545.8817086,-757569.8563576097,46978679.32907267,1.5869207513851293,4375240750.544916,6.944131862089327e-05,0.0,0.0,0.0,0.0,0.0,0.0,1.0
1779289545.8921545,-766974.0207533786,47561854.4288826,1.5869207510978072,4431463655.298752,-6.944131862089383e-05,0.0,0.0,0.0,0.0,0.0,0.0,1.0
1779289545.9026425,-769908.5062898298,47743829.60018087,1.586920750816473,4485055979.03665,6.944131862089327e-05,0.0,0.0,0.0,0.0,0.0,0.0,1.0
1779289545.9132621,-771075.0658524501,47816171.543231346,1.5869207505360512,4539319282.5285225,-6.944131862089383e-05,0.0,0.0,0.0,0.0,0.0,0.0,1.0
1779289545.9237688,-784212.171399208,48630835.10086895,1.5869207502597709,4599713873.691517,6.944131862089327e-05,0.0,0.0,0.0,0.0,0.0,0.0,1.0
1779289545.9339733,-804102.28130987,49864268.29534463,1.5869207499960893,4661701779.921418,-6.944131862089383e-05,0.0,0.0,0.0,0.0,0.0,0.0,1.0
1779289545.944184,-821461.7476460271,50940770.364431836,1.5869207497347677,4723089843.111574,6.944131862089327e-05,0.0,0.0,0.0,0.0,0.0,0.0,1.0
1779289545.9542477,-842426.1768454612,52240824.65896917,1.5869207494792796,4785902931.426714,-6.944131862089383e-05,0.0,0.0,0.0,0.0,0.0,0.0,1.0
1779289545.9647593,-840610.3603277755,52128222.46435702,1.5869207492161905,4841437347.854522,6.944131862089327e-05,0.0,0.0,0.0,0.0,0.0,0.0,1.0
1779289545.9748716,-858024.3030647676,53208102.802539505,1.5869207489670476,4904121035.61112,-6.944131862089374e-05,0.0,0.0,0.0,0.0,0.0,0.0,1.0
1779289545.9856267,-848994.6815053466,52648155.61091549,1.5869207487044807,4959586482.087598,6.944131862089352e-05,0.0,0.0,0.0,0.0,0.0,0.0,1.0
1779289545.9959269,-864017.0377415387,53579728.087590374,1.5869207484579082,5024005235.299963,-6.944131862089346e-05,0.0,0.0,0.0,0.0,0.0,0.0,1.0
1779289546.0064974,-869665.3860161369,53929996.300782666,1.5869207482074046,5086668951.537918,6.944131862089372e-05,0.0,0.0,0.0,0.0,0.0,0.0,1.0
1779289546.0170076,-878484.2742539835,54476877.16029593,1.5869207479616634,5151266365.080626,-6.944131862089332e-05,0.0,0.0,0.0,0.0,0.0,0.0,1.0
1779289546.02732,-900171.3303041174,55821743.40089516,1.5869207477224627,5221443106.861703,6.944131862089383e-05,0.0,0.0,0.0,0.0,0.0,0.0,1.0
1779289546.037893,-904271.1093833158,56075981.20510314,1.5869207474811722,5285662815.906511,-6.944131862089323e-05,0.0,0.0,0.0,0.0,0.0,0.0,1.0
1779289546.0484247,-909001.0827392774,56369298.84031142,1.5869207472458378,5350401639.383169,6.944131862089386e-05,0.0,0.0,0.0,0.0,0.0,0.0,1.0
1779289546.058484,-946573.6573792695,58699263.58143729,1.5869207470197058,5428796246.096077,-6.944131862089326e-05,0.0,0.0,0.0,0.0,0.0,0.0,1.0
1779289546.0689836,-946253.4571333478,58679408.05199124,1.5869207467899589,5492279040.007866,6.944131862089383e-05,0.0,0.0,0.0,0.0,0.0,0.0,1.0
1779289546.0795186,-953932.0703017927,59155577.81652095,1.5869207465605726,5561282090.541706,-6.944131862089327e-05,0.0,0.0,0.0,0.0,0.0,0.0,1.0
1779289546.090002,-966835.352990864,59955741.6740743,1.586920746334605,5633414988.834613,6.944131862089383e-05,0.0,0.0,0.0,0.0,0.0,0.0,1.0
1779289546.1004856,-974306.2189295818,60419028.54769428,1.586920746116018,5702552962.531087,-6.944131862089327e-05,0.0,0.0,0.0,0.0,0.0,0.0,1.0
1779289546.1108072,-999518.7808366839,61982519.891839236,1.5869207458973928,5781396075.101039,6.944131862089383e-05,0.0,0.0,0.0,0.0,0.0,0.0,1.0
1779289546.1212268,-1006734.176959003,62429964.49155893,1.5869207456838783,5851945870.084947,-6.944131862089327e-05,0.0,0.0,0.0,0.0,0.0,0.0,1.0
1779289546.1318662,-1010415.5453779197,62658255.699297614,1.586920745466621,5924190064.135891,6.944131862089383e-05,0.0,0.0,0.0,0.0,0.0,0.0,1.0
1779289546.1423264,-1027493.1522957972,63717279.322285056,1.5869207452554823,6002374075.545678,-6.944131862089327e-05,0.0,0.0,0.0,0.0,0.0,0.0,1.0
1779289546.1526897,-1045881.7664729769,64857601.61376038,1.5869207450495058,6080985359.060216,6.94413186208937e-05,0.0,0.0,0.0,0.0,0.0,0.0,1.0
1779289546.1632516,-1052216.0792792875,65250408.18353031,1.5869207448423497,6156399167.6755085,-6.944131862089356e-05,0.0,0.0,0.0,0.0,0.0,0.0,1.0
1779289546.1734898,-1077994.9648428205,66849018.714731246,1.5869207446445426,6238981440.031422,6.944131862089344e-05,0.0,0.0,0.0,0.0,0.0,0.0,1.0
1779289546.1845102,-1054869.3521970161,65414945.593264565,1.5869207444354734,6305866001.731398,-6.944131862089375e-05,0.0,0.0,0.0,0.0,0.0,0.0,1.0
1779289546.1947322,-1093472.2598015533,67808804.13609666,1.586920744242784,6396712530.320609,6.944131862089329e-05,0.0,0.0,0.0,0.0,0.0,0.0,1.0
1779289546.2050283,-1122681.570305584,69620143.504626,1.586920744049225,6484813735.541882,-6.944131862089386e-05,0.0,0.0,0.0,0.0,0.0,0.0,1.0
1779289546.2155414,-1129559.8253969636,70046681.24726829,1.586920743855332,6564654186.447154,6.944131862089326e-05,0.0,0.0,0.0,0.0,0.0,0.0,1.0
1779289546.2258434,-1144136.6809119831,70950627.44115591,1.5869207436709427,6646108315.9373455,-6.944131862089383e-05,0.0,0.0,0.0,0.0,0.0,0.0,1.0
1779289546.2358468,-1183917.9864534365,73417561.34550016,1.5869207434892925,6739376900.673835,6.944131862089327e-05,0.0,0.0,0.0,0.0,0.0,0.0,1.0
1779289546.2459333,-1205259.789479334,74741017.99837664,1.5869207433102703,6824454958.37746,-6.944131862089383e-05,0.0,0.0,0.0,0.0,0.0,0.0,1.0
1779289546.2565043,-1195067.9275440313,74108997.31618509,1.5869207431252468,6900175039.412492,6.944131862089327e-05,0.0,0.0,0.0,0.0,0.0,0.0,1.0
1779289546.2670708,-1196368.4692079937,74189647.84775689,1.5869207429429242,6982747666.314395,-6.944131862089383e-05,0.0,0.0,0.0,0.0,0.0,0.0,1.0
1779289546.2772434,-1223456.9363464122,75869468.83237354,1.5869207427703298,7074602750.01432,6.944131862089327e-05,0.0,0.0,0.0,0.0,0.0,0.0,1.0
1779289546.2872322,-1268595.7070829156,78668632.01788135,1.586920742599542,7175150579.922065,-6.944131862089383e-05,0.0,0.0,0.0,0.0,0.0,0.0,1.0
1779289546.2980723,-1241785.6200370113,77006075.70961696,1.5869207424186857,7250233770.94042,6.944131862089327e-05,0.0,0.0,0.0,0.0,0.0,0.0,1.0
1779289546.3085473,-1255299.4105512556,77844098.8200942,1.586920742246666,7342336314.633439,-6.944131862089383e-05,0.0,0.0,0.0,0.0,0.0,0.0,1.0
1779289546.3191962,-1256149.4156719279,77896810.50973214,1.5869207420751232,7430999499.750577,6.944131862089332e-05,0.0,0.0,0.0,0.0,0.0,0.0,1.0
1779289546.3296838,-1275424.5963564324,79092111.12093474,1.5869207419095321,7527326152.676167,-6.944131862089361e-05,0.0,0.0,0.0,0.0,0.0,0.0,1.0
1779289546.3399918,-1319469.6259484752,81823448.97740646,1.586920741742908,7637282465.7922735,6.944131862089361e-05,0.0,0.0,0.0,0.0,0.0,0.0,1.0
1779289546.3501377,-1345845.3432412068,83459070.76959962,1.5869207415851916,7735644207.864552,-6.94413186208934e-05,0.0,0.0,0.0,0.0,0.0,0.0,1.0
1779289546.3606458,-1355311.0609060342,84046063.29090907,1.5869207414218902,7831795936.242954,6.944131862089378e-05,0.0,0.0,0.0,0.0,0.0,0.0,1.0
1779289546.3707542,-1385108.869756243,85893897.16184999,1.586920741268302,7933670133.072922,-6.944131862089327e-05,0.0,0.0,0.0,0.0,0.0,0.0,1.0
1779289546.3812604,-1388645.5344592507,86113215.00996721,1.5869207411096093,8029062798.01327,6.944131862089387e-05,0.0,0.0,0.0,0.0,0.0,0.0,1.0
1779289546.3914928,-1415261.7121063976,87763748.40004635,1.586920740957166,8133587062.553642,-6.944131862089325e-05,0.0,0.0,0.0,0.0,0.0,0.0,1.0
1779289546.401662,-1433541.1384989861,88897299.99744798,1.586920740809239,8233617563.01655,6.944131862089384e-05,0.0,0.0,0.0,0.0,0.0,0.0,1.0
1779289546.4121034,-1447468.2019956103,89760951.23057942,1.5869207406566703,8337237161.817329,-6.944131862089326e-05,0.0,0.0,0.0,0.0,0.0,0.0,1.0
1779289546.4223797,-1462904.759079963,90718209.7572809,1.5869207405104397,8439871484.763905,6.944131862089383e-05,0.0,0.0,0.0,0.0,0.0,0.0,1.0
1779289546.4326756,-1486460.3197575419,92178947.05713437,1.586920740364433,8548528995.837844,-6.944131862089327e-05,0.0,0.0,0.0,0.0,0.0,0.0,1.0
1779289546.442828,-1515296.9158027826,93967173.95698194,1.5869207402225474,8658909242.360796,6.944131862089383e-05,0.0,0.0,0.0,0.0,0.0,0.0,1.0
1779289546.4531095,-1531631.0618945002,94980094.14647867,1.586920740080597,8766037695.755219,-6.944131862089327e-05,0.0,0.0,0.0,0.0,0.0,0.0,1.0
1779289546.463594,-1533630.1759376847,95104064.82920004,1.5869207399377299,8870288944.134584,6.944131862089383e-05,0.0,0.0,0.0,0.0,0.0,0.0,1.0
1779289546.4738903,-1553555.0364724128,96339653.80474256,1.586920739799889,8981837620.679325,-6.944131862089327e-05,0.0,0.0,0.0,0.0,0.0,0.0,1.0
1779289546.484357,-1564257.654103014,97003349.50827247,1.5869207396611635,9092721046.202047,6.944131862089383e-05,0.0,0.0,0.0,0.0,0.0,0.0,1.0
1779289546.4944067,-1610608.093585779,99877651.7103222,1.586920739529182,9216783352.21792,-6.944131862089337e-05,0.0,0.0,0.0,0.0,0.0,0.0,1.0
1779289546.505083,-1595168.0012031766,98920175.57794873,1.586920739391422,9320317600.456984,6.944131862089359e-05,0.0,0.0,0.0,0.0,0.0,0.0,1.0
1779289546.5156121,-1608635.0926568168,99755302.9211395,1.5869207392575069,9437421347.201576,-6.944131862089364e-05,0.0,0.0,0.0,0.0,0.0,0.0,1.0
1779289546.5256507,-1667974.8286266709,103435102.4891836,1.5869207391302282,9571875406.016064,6.944131862089337e-05,0.0,0.0,0.0,0.0,0.0,0.0,1.0
1779289546.5357413,-1712351.2602807523,106186991.8497614,1.5869207390030304,9701095197.44773,-6.94413186208938e-05,0.0,0.0,0.0,0.0,0.0,0.0,1.0
1779289546.546365,-1690904.1376377188,104857005.38968073,1.5869207388728412,9806190808.62427,6.944131862089326e-05,0.0,0.0,0.0,0.0,0.0,0.0,1.0
1779289546.5566087,-1726946.6528583155,107092088.73237884,1.5869207387477369,9936268045.85011,-6.944131862089383e-05,0.0,0.0,0.0,0.0,0.0,0.0,1.0
1779289546.5672512,-1712677.231585336,106207208.66691451,1.5869207386210604,10048270281.969349,6.944131862089327e-05,0.0,0.0,0.0,0.0,0.0,0.0,1.0
1779289546.577768,-1739596.3057907003,107876525.66238096,1.5869207384959498,10181223177.477278,-6.944131862089383e-05,0.0,0.0,0.0,0.0,0.0,0.0,1.0
1779289546.587753,-1805853.2771525995,111985279.71341778,1.586920738378378,10326580572.945034,6.944131862089327e-05,0.0,0.0,0.0,0.0,0.0,0.0,1.0
1779289546.5979671,-1828508.9661528647,113390214.00606447,1.586920738260476,10454588325.666992,-6.944131862089383e-05,0.0,0.0,0.0,0.0,0.0,0.0,1.0
1779289546.6082265,-1841032.4555444608,114166826.37541372,1.5869207381443822,10579258566.2583,6.944131862089327e-05,0.0,0.0,0.0,0.0,0.0,0.0,1.0
1779289546.618463,-1877519.379752508,116429468.68211281,1.5869207380279153,10718325652.800592,-6.944131862089383e-05,0.0,0.0,0.0,0.0,0.0,0.0,1.0
1779289546.6287723,-1886719.3368417402,116999980.87812388,1.5869207379139452,10845308421.195232,6.944131862089327e-05,0.0,0.0,0.0,0.0,0.0,0.0,1.0
1779289546.6392837,-1894734.8538323345,117497043.124358,1.586920737797933,10977888175.848206,-6.944131862089383e-05,0.0,0.0,0.0,0.0,0.0,0.0,1.0
1779289546.6493561,-1946372.1695014955,120699197.51642582,1.586920737688252,11125982536.577145,6.944131862089327e-05,0.0,0.0,0.0,0.0,0.0,0.0,1.0
1779289546.6593897,-1991155.3886393572,123476312.99190003,1.5869207375801562,11271406122.274788,-6.944131862089379e-05,0.0,0.0,0.0,0.0,0.0,0.0,1.0
1779289546.669755,-1991986.6862301212,123527864.59380677,1.586920737470475,11402054806.459179,6.944131862089344e-05,0.0,0.0,0.0,0.0,0.0,0.0,1.0
1779289546.6801195,-2010462.8825890122,124673618.63478453,1.586920737361476,11543863050.41093,-6.944131862089353e-05,0.0,0.0,0.0,0.0,0.0,0.0,1.0
1779289546.6902313,-2048663.8067383713,127042550.29228026,1.5869207372571212,11691942667.43824,6.944131862089367e-05,0.0,0.0,0.0,0.0,0.0,0.0,1.0
1779289546.7005584,-2047531.6951152172,126972346.17764461,1.5869207371531715,11825172597.717787,-6.944131862089336e-05,0.0,0.0,0.0,0.0,0.0,0.0,1.0
1779289546.7110858,-2064171.7690308718,128004237.8886874,1.5869207370465181,11974406421.42509,6.94413186208938e-05,0.0,0.0,0.0,0.0,0.0,0.0,1.0
1779289546.721064,-2134422.401905333,132360648.84005001,1.586920736946566,12141596051.56001,-6.944131862089326e-05,0.0,0.0,0.0,0.0,0.0,0.0,1.0
1779289546.7314904,-2137543.7474686587,132554211.8096956,1.586920736843954,12285147133.91175,6.944131862089383e-05,0.0,0.0,0.0,0.0,0.0,0.0,1.0
1779289546.7418478,-2150229.9291348066,133340913.19579417,1.5869207367439886,12433504327.550625,-6.944131862089327e-05,0.0,0.0,0.0,0.0,0.0,0.0,1.0
1779289546.75193,-2212111.6197926104,137178346.05912787,1.5869207366465856,12603736085.504902,6.944131862089383e-05,0.0,0.0,0.0,0.0,0.0,0.0,1.0
1779289546.7621121,-2232120.3015186535,138419133.23568085,1.586920736550888,12755367364.720837,-6.944131862089327e-05,0.0,0.0,0.0,0.0,0.0,0.0,1.0
1779289546.7722614,-2266173.5854030577,140530859.8883382,1.586920736456122,12915619267.640503,6.944131862089383e-05,0.0,0.0,0.0,0.0,0.0,0.0,1.0
1779289546.7827938,-2263132.786436145,140342293.50300178,1.5869207363586533,13067580189.319975,-6.944131862089327e-05,0.0,0.0,0.0,0.0,0.0,0.0,1.0
1779289546.7928572,-2326780.111312057,144289217.67536172,1.5869207362663635,13245160685.611942,6.944131862089383e-05,0.0,0.0,0.0,0.0,0.0,0.0,1.0
1779289546.803446,-2316679.519900726,143662856.62142736,1.5869207361706446,13398948678.830135,-6.944131862089327e-05,0.0,0.0,0.0,0.0,0.0,0.0,1.0
1779289546.8136182,-2367665.3542278754,146824611.42684963,1.5869207360798985,13576262142.04128,6.944131862089383e-05,0.0,0.0,0.0,0.0,0.0,0.0,1.0
1779289546.8243072,-2341706.110419713,145214817.25917622,1.5869207359867161,13727520896.984453,-6.944131862089327e-05,0.0,0.0,0.0,0.0,0.0,0.0,1.0
1779289546.8344781,-2413339.0200478304,149656946.80668578,1.5869207358981336,13919225510.49154,6.944131862089374e-05,0.0,0.0,0.0,0.0,0.0,0.0,1.0
1779289546.8449352,-2440326.6084572603,151330512.81792986,1.5869207358078317,14097290978.541681,-6.944131862089352e-05,0.0,0.0,0.0,0.0,0.0,0.0,1.0
1779289546.8551502,-2475034.76175115,153482849.5953556,1.586920735722078,14274178291.426394,6.944131862089346e-05,0.0,0.0,0.0,0.0,0.0,0.0,1.0
1779289546.8657098,-2484034.793339313,154040964.023023,1.5869207356336297,14449302627.5754,-6.944131862089372e-05,0.0,0.0,0.0,0.0,0.0,0.0,1.0
1779289546.8762002,-2514945.3923837864,155957805.37765273,1.5869207355466397,14636289718.510242,6.944131862089332e-05,0.0,0.0,0.0,0.0,0.0,0.0,1.0
1779289546.8864207,-2560482.366790525,158781663.40352046,1.5869207354640178,14824881956.581491,-6.944131862089383e-05,0.0,0.0,0.0,0.0,0.0,0.0,1.0
1779289546.896766,-2601860.315939088,161347610.29988047,1.5869207353804935,15017500761.47331,6.944131862089323e-05,0.0,0.0,0.0,0.0,0.0,0.0,1.0
1779289546.9073303,-2606622.2221027142,161642908.3959039,1.5869207352966042,15199053345.268839,-6.944131862089386e-05,0.0,0.0,0.0,0.0,0.0,0.0,1.0
1779289546.9177732,-2619671.934316685,162452153.2554009,1.5869207352159655,15382455043.123377,6.944131862089326e-05,0.0,0.0,0.0,0.0,0.0,0.0,1.0
1779289546.92814,-2694986.2979020653,167122578.8324538,1.586920735134604,15600254922.794014,-6.944131862089383e-05,0.0,0.0,0.0,0.0,0.0,0.0,1.0
1779289546.9387164,-2700880.5918137813,167488099.01800248,1.586920735053984,15789004098.824488,6.944131862089327e-05,0.0,0.0,0.0,0.0,0.0,0.0,1.0
1779289546.9489758,-2763825.969315926,171391494.0683738,1.5869207349765535,16000753740.878971,-6.944131862089383e-05,0.0,0.0,0.0,0.0,0.0,0.0,1.0
1779289546.9595418,-2776548.517718172,172180450.73925376,1.5869207348977294,16197761831.007763,6.944131862089327e-05,0.0,0.0,0.0,0.0,0.0,0.0,1.0
1779289546.970073,-2799561.1320431195,173607519.14978275,1.5869207348204162,16401164451.092207,-6.944131862089383e-05,0.0,0.0,0.0,0.0,0.0,0.0,1.0
1779289546.980475,-2829849.3025218984,175485762.28994963,1.5869207347463217,16604600266.564137,6.944131862089327e-05,0.0,0.0,0.0,0.0,0.0,0.0,1.0
1779289546.9902852,-2988436.024717221,185320107.2711526,1.586920734674397,16863450916.11436,-6.944131862089383e-05,0.0,0.0,0.0,0.0,0.0,0.0,1.0
1779289547.000615,-2993652.753949779,185643610.04300666,1.5869207346012164,17058991802.407345,6.944131862089327e-05,0.0,0.0,0.0,0.0,0.0,0.0,1.0
1779289547.010914,-3000408.999900049,186062581.95260596,1.5869207345297802,17256443771.569992,-6.94413186208937e-05,0.0,0.0,0.0,0.0,0.0,0.0,1.0
1779289547.021436,-3020864.724900858,187331091.54345354,1.5869207344564824,17471616739.339176,6.944131862089356e-05,0.0,0.0,0.0,0.0,0.0,0.0,1.0
1779289547.0318542,-3060325.540016654,189778152.5196244,1.5869207343848881,17696063088.819057,-6.944131862089344e-05,0.0,0.0,0.0,0.0,0.0,0.0,1.0
1779289547.042372,-3063707.8475912684,189987898.40507126,1.5869207343145408,17906236107.929512,6.944131862089375e-05,0.0,0.0,0.0,0.0,0.0,0.0,1.0
1779289547.052699,-3122046.875942758,193605642.84046346,1.5869207342459095,18141830073.526882,-6.944131862089329e-05,0.0,0.0,0.0,0.0,0.0,0.0,1.0
1779289547.0631292,-3171755.564940243,196688199.1746814,1.5869207341769034,18379643024.575207,6.944131862089386e-05,0.0,0.0,0.0,0.0,0.0,0.0,1.0
1779289547.0733495,-3228173.9520607437,200186840.04862407,1.5869207341108549,18615726321.434864,-6.944131862089326e-05,0.0,0.0,0.0,0.0,0.0,0.0,1.0
1779289547.0834205,-3306360.690807524,205035388.83801585,1.586920734046286,18861187485.287235,6.944131862089383e-05,0.0,0.0,0.0,0.0,0.0,0.0,1.0
1779289547.0938914,-3317260.5666177287,205711317.23895603,1.586920733979646,19088509426.309082,-6.944131862089327e-05,0.0,0.0,0.0,0.0,0.0,0.0,1.0
1779289547.1043944,-3323063.9552233242,206071200.1964543,1.5869207339143365,19315774395.89618,6.944131862089383e-05,0.0,0.0,0.0,0.0,0.0,0.0,1.0
1779289547.1147804,-3351701.04553973,207847055.99549598,1.5869207338507163,19554031380.300518,-6.944131862089327e-05,0.0,0.0,0.0,0.0,0.0,0.0,1.0
1779289547.1249335,-3452749.532918314,214113316.98089895,1.5869207337884141,19825406702.570393,6.944131862089383e-05,0.0,0.0,0.0,0.0,0.0,0.0,1.0
1779289547.1351109,-3512789.7303951,217836555.12592846,1.5869207337271405,20078552091.110836,-6.944131862089327e-05,0.0,0.0,0.0,0.0,0.0,0.0,1.0
1779289547.1452038,-3576540.3094737227,221789882.987449,1.58692073366716,20333462423.277287,6.944131862089383e-05,0.0,0.0,0.0,0.0,0.0,0.0,1.0
1779289547.1557474,-3558257.224400967,220656105.67269033,1.586920733605437,20564646043.1886,-6.944131862089327e-05,0.0,0.0,0.0,0.0,0.0,0.0,1.0
1779289547.166223,-3595893.454742668,222990019.88189024,1.5869207335442406,20826799013.83739,6.944131862089383e-05,0.0,0.0,0.0,0.0,0.0,0.0,1.0
1779289547.1765099,-3656250.974757798,226732936.03037295,1.5869207334853082,21095892603.52898,-6.944131862089332e-05,0.0,0.0,0.0,0.0,0.0,0.0,1.0
1779289547.187085,-3657778.352520299,226827653.26088542,1.586920733425628,21348305151.35415,6.944131862089361e-05,0.0,0.0,0.0,0.0,0.0,0.0,1.0
1779289547.197649,-3686296.15005686,228596111.4915023,1.5869207333666644,21617587089.236195,-6.944131862089361e-05,0.0,0.0,0.0,0.0,0.0,0.0,1.0
1779289547.2077706,-3801803.3009492774,235758989.25061983,1.5869207333108957,21917456057.501564,6.94413186208934e-05,0.0,0.0,0.0,0.0,0.0,0.0,1.0
1779289547.2178357,-3894676.2451195265,241518265.2929808,1.586920733256144,22206528862.544357,-6.944131862089378e-05,0.0,0.0,0.0,0.0,0.0,0.0,1.0
1779289547.2279038,-3972240.105698537,246328188.1670984,1.5869207332018442,22491476735.310665,6.944131862089327e-05,0.0,0.0,0.0,0.0,0.0,0.0,1.0
1779289547.2382584,-3969616.200703076,246165474.3332568,1.5869207331471893,22748460876.10898,-6.944131862089387e-05,0.0,0.0,0.0,0.0,0.0,0.0,1.0
1779289547.2485127,-4024867.0985718877,249591716.61743712,1.5869207330932449,23035847794.29825,6.944131862089325e-05,0.0,0.0,0.0,0.0,0.0,0.0,1.0
1779289547.2591403,-3995491.072830614,247770039.2571474,1.5869207330385073,23296941837.65334,-6.944131862089384e-05,0.0,0.0,0.0,0.0,0.0,0.0,1.0
1779289547.2694108,-4080369.514275067,253033557.01266366,1.586920732986032,23606082341.932316,6.944131862089326e-05,0.0,0.0,0.0,0.0,0.0,0.0,1.0
1779289547.2795665,-4190613.1448213765,259870031.35531837,1.5869207329342103,23928571813.23907,-6.944131862089383e-05,0.0,0.0,0.0,0.0,0.0,0.0,1.0
1779289547.2897096,-4259975.05889549,264171331.8410911,1.5869207328835646,24231457762.069813,6.944131862089327e-05,0.0,0.0,0.0,0.0,0.0,0.0,1.0
1779289547.299813,-4332484.778655225,268667835.3669791,1.5869207328336854,24537779711.622158,-6.944131862089383e-05,0.0,0.0,0.0,0.0,0.0,0.0,1.0
1779289547.309997,-4371505.159161897,271087584.1678364,1.586920732784158,24833779614.684307,6.944131862089327e-05,0.0,0.0,0.0,0.0,0.0,0.0,1.0
1779289547.3206348,-4321190.06620124,267967424.68271464,1.586920732733339,25106251885.71631,-6.944131862089383e-05,0.0,0.0,0.0,0.0,0.0,0.0,1.0
1779289547.3312197,-4337199.809527832,268960228.3645443,1.5869207326831312,25415665166.948406,6.944131862089327e-05,0.0,0.0,0.0,0.0,0.0,0.0,1.0
1779289547.3414602,-4441848.375726787,275449739.3912916,1.5869207326352264,25758399250.162327,-6.944131862089383e-05,0.0,0.0,0.0,0.0,0.0,0.0,1.0
1779289547.352006,-4453786.212241636,276190034.29535025,1.5869207325867958,26069812159.665318,6.944131862089337e-05,0.0,0.0,0.0,0.0,0.0,0.0,1.0
1779289547.3618865,-4675741.926934235,289954044.82494843,1.5869207325408476,26465991208.167107,-6.944131862089359e-05,0.0,0.0,0.0,0.0,0.0,0.0,1.0
1779289547.3723717,-4651529.418028032,288452569.5381659,1.5869207324937253,26763988028.301838,6.944131862089364e-05,0.0,0.0,0.0,0.0,0.0,0.0,1.0
1779289547.3827047,-4708717.005325031,291998910.7539135,1.5869207324475427,27102140802.41039,-6.944131862089337e-05,0.0,0.0,0.0,0.0,0.0,0.0,1.0
1779289547.3932436,-4728145.225841992,293203702.47731185,1.58692073240102,27434451309.400295,6.94413186208938e-05,0.0,0.0,0.0,0.0,0.0,0.0,1.0
1779289547.4034176,-4830858.934488904,299573228.42994124,1.586920732356906,27795215906.24072,-6.944131862089326e-05,0.0,0.0,0.0,0.0,0.0,0.0,1.0
1779289547.4134474,-4956530.875777445,307366449.8445973,1.5869207323137147,28165651835.29697,6.944131862089383e-05,0.0,0.0,0.0,0.0,0.0,0.0,1.0
1779289547.4239616,-4943660.826185264,306568347.83813834,1.5869207322690686,28492499879.402332,-6.944131862089327e-05,0.0,0.0,0.0,0.0,0.0,0.0,1.0
1779289547.4342034,-5010003.9914637385,310682448.60312355,1.5869207322263872,28849738181.82495,6.944131862089383e-05,0.0,0.0,0.0,0.0,0.0,0.0,1.0
1779289547.4447486,-5024877.306401502,311604779.64224976,1.5869207321827918,29200373845.273766,-6.944131862089327e-05,0.0,0.0,0.0,0.0,0.0,0.0,1.0
1779289547.4551604,-5098078.308731057,316144151.47899216,1.5869207321401726,29579088248.29793,6.944131862089383e-05,0.0,0.0,0.0,0.0,0.0,0.0,1.0
1779289547.4656615,-5143367.098660497,318952619.60605067,1.5869207320978038,29952070622.030033,-6.944131862089327e-05,0.0,0.0,0.0,0.0,0.0,0.0,1.0
1779289547.4757173,-5293155.583127364,328241366.2557046,1.586920732057827,30359376694.839252,6.944131862089383e-05,0.0,0.0,0.0,0.0,0.0,0.0,1.0
1779289547.4863455,-5261770.383739644,326295095.0585237,1.5869207320162282,30707794585.809517,-6.944131862089327e-05,0.0,0.0,0.0,0.0,0.0,0.0,1.0
1779289547.4966743,-5359847.952409274,332377122.92406434,1.5869207319762255,31111048803.74799,6.944131862089383e-05,0.0,0.0,0.0,0.0,0.0,0.0,1.0
1779289547.5072513,-5377663.580161041,333481913.90057725,1.5869207319358223,31491166257.688007,-6.944131862089327e-05,0.0,0.0,0.0,0.0,0.0,0.0,1.0
1779289547.517899,-5387674.349105492,334102706.72204894,1.5869207318959564,31874058171.409103,6.944131862089379e-05,0.0,0.0,0.0,0.0,0.0,0.0,1.0
1779289547.528235,-5559578.509995949,344762900.044833,1.586920731856865,32332099014.564793,-6.944131862089344e-05,0.0,0.0,0.0,0.0,0.0,0.0,1.0
1779289547.5385003,-5675309.029513003,351939630.11606807,1.5869207318189549,32759243560.379635,6.944131862089353e-05,0.0,0.0,0.0,0.0,0.0,0.0,1.0
1779289547.5486453,-5794495.249230149,359330656.5204004,1.58692073178217,33184048636.8093,-6.944131862089367e-05,0.0,0.0,0.0,0.0,0.0,0.0,1.0
1779289547.5594013,-5682165.522688657,352364819.4935194,1.5869207317440734,33529436410.43236,6.944131862089336e-05,0.0,0.0,0.0,0.0,0.0,0.0,1.0
1779289547.5696745,-5904408.994124049,366146675.2610825,1.5869207317068144,34029485385.038105,-6.94413186208938e-05,0.0,0.0,0.0,0.0,0.0,0.0,1.0
1779289547.5802584,-5904887.418301099,366176344.3543499,1.586920731669701,34435482127.92688,6.944131862089326e-05,0.0,0.0,0.0,0.0,0.0,0.0,1.0
1779289547.5905895,-5955610.893292743,369321830.5084837,1.5869207316345726,34853525035.342804,-6.944131862089383e-05,0.0,0.0,0.0,0.0,0.0,0.0,1.0
1779289547.6007652,-6189704.25442921,383838526.6760625,1.5869207315990668,35367827905.462105,6.944131862089327e-05,0.0,0.0,0.0,0.0,0.0,0.0,1.0
1779289547.6112514,-6194483.2813494885,384134886.54133755,1.586920731563632,35785504835.87472,-6.944131862089383e-05,0.0,0.0,0.0,0.0,0.0,0.0,1.0
1779289547.6218114,-6167772.507956024,382478487.7409238,1.5869207315289175,36193890522.7271,6.944131862089327e-05,0.0,0.0,0.0,0.0,0.0,0.0,1.0
1779289547.6321604,-6340895.380628039,393214256.5801962,1.586920731494378,36702668140.7257,-6.944131862089383e-05,0.0,0.0,0.0,0.0,0.0,0.0,1.0
1779289547.6424072,-6461464.034485814,400691011.2299581,1.5869207314610296,37180269830.79182,6.944131862089327e-05,0.0,0.0,0.0,0.0,0.0,0.0,1.0
1779289547.6531491,-6361870.308919618,394514964.2884218,1.5869207314270408,37579682731.26923,-6.944131862089383e-05,0.0,0.0,0.0,0.0,0.0,0.0,1.0
1779289547.6631682,-6648456.33348779,412286857.6589714,1.5869207313949536,38140009447.46205,6.944131862089327e-05,0.0,0.0,0.0,0.0,0.0,0.0,1.0
1779289547.6736546,-6677147.8007969605,414066085.79262245,1.5869207313620395,38602934525.943,-6.944131862089383e-05,0.0,0.0,0.0,0.0,0.0,0.0,1.0
1779289547.6840591,-6693266.506018499,415065646.5275836,1.586920731330708,39050805723.503204,6.944131862089327e-05,0.0,0.0,0.0,0.0,0.0,0.0,1.0
1779289547.6939554,-7018148.74351682,435212380.8096236,1.5869207312997116,39643010027.90019,-6.944131862089374e-05,0.0,0.0,0.0,0.0,0.0,0.0,1.0
1779289547.7045484,-6936603.150521201,430155542.1694996,1.5869207312678641,40072941887.6134,6.944131862089352e-05,0.0,0.0,0.0,0.0,0.0,0.0,1.0
1779289547.714787,-7050713.147956135,437231780.0183396,1.5869207312374325,40584820849.40458,-6.944131862089346e-05,0.0,0.0,0.0,0.0,0.0,0.0,1.0
1779289547.725318,-7078298.7186649805,438942428.8529423,1.5869207312063711,41080230961.92826,6.944131862089372e-05,0.0,0.0,0.0,0.0,0.0,0.0,1.0
1779289547.7355127,-7232819.471554167,448524635.44747424,1.586920731176753,41622141772.42119,-6.944131862089332e-05,0.0,0.0,0.0,0.0,0.0,0.0,1.0
1779289547.7460675,-7243637.897930987,449195513.09637636,1.5869207311464875,42122184011.07026,6.944131862089383e-05,0.0,0.0,0.0,0.0,0.0,0.0,1.0
1779289547.7570732,-7000299.201436083,434105492.5580112,1.5869207311163889,42523732460.93068,-6.944131862089323e-05,0.0,0.0,0.0,0.0,0.0,0.0,1.0
1779289547.766944,-7502497.428967396,465248020.72555536,1.5869207310882762,43241623673.18409,6.944131862089386e-05,0.0,0.0,0.0,0.0,0.0,0.0,1.0
1779289547.7773764,-7629442.106824234,473120168.24784994,1.586920731059016,43814059241.60642,-6.944131862089326e-05,0.0,0.0,0.0,0.0,0.0,0.0,1.0
1779289547.787877,-7648766.211361175,474318503.58748245,1.586920731030384,44339610115.0086,6.944131862089383e-05,0.0,0.0,0.0,0.0,0.0,0.0,1.0
1779289547.798,-7831806.293092443,485669262.88739336,1.5869207310031914,44925416505.1528,-6.944131862089327e-05,0.0,0.0,0.0,0.0,0.0,0.0,1.0
1779289547.808505,-7821137.947120739,485007693.77883774,1.5869207309754838,45446614072.79632,6.944131862089383e-05,0.0,0.0,0.0,0.0,0.0,0.0,1.0
1779289547.818823,-7964267.564956752,493883508.6579084,1.5869207309483695,46040984020.967896,-6.944131862089327e-05,0.0,0.0,0.0,0.0,0.0,0.0,1.0
1779289547.8294525,-7957647.027196281,493472953.9349596,1.5869207309211095,46584965356.28845,6.944131862089383e-05,0.0,0.0,0.0,0.0,0.0,0.0,1.0
1779289547.8401444,-8105522.448841606,502643067.6337923,1.586920730894123,47209231911.7069,-6.944131862089327e-05,0.0,0.0,0.0,0.0,0.0,0.0,1.0
1779289547.8499398,-8559884.237411402,530819142.87075377,1.5869207308686724,47946809488.25256,6.944131862089383e-05,0.0,0.0,0.0,0.0,0.0,0.0,1.0
1779289547.8602257,-8550719.971842013,530250845.4251431,1.5869207308430546,48486287439.07561,-6.944131862089327e-05,0.0,0.0,0.0,0.0,0.0,0.0,1.0
1779289547.8704488,-8621538.4807088,534642473.4559526,1.5869207308178588,49069789306.168045,6.94413186208937e-05,0.0,0.0,0.0,0.0,0.0,0.0,1.0
1779289547.8806138,-8747731.241163261,542467992.8964024,1.5869207307930377,49684708447.67031,-6.944131862089356e-05,0.0,0.0,0.0,0.0,0.0,0.0,1.0
1779289547.8911238,-8720733.824486738,540793818.5838103,1.5869207307677247,50258455581.15992,6.944131862089344e-05,0.0,0.0,0.0,0.0,0.0,0.0,1.0
1779289547.9012108,-8913528.583701648,552749489.2459228,1.5869207307437918,50914722373.62161,-6.944131862089375e-05,0.0,0.0,0.0,0.0,0.0,0.0,1.0
1779289547.911349,-9079114.817215057,563017893.3672329,1.5869207307199087,51569800146.72291,6.944131862089329e-05,0.0,0.0,0.0,0.0,0.0,0.0,1.0
1779289547.9214563,-9201434.889642842,570603258.0861647,1.586920730696554,52205337153.2428,-6.944131862089386e-05,0.0,0.0,0.0,0.0,0.0,0.0,1.0
1779289547.9315023,-9370445.59893353,581084022.2700934,1.5869207306734854,52868530452.06452,6.944131862089326e-05,0.0,0.0,0.0,0.0,0.0,0.0,1.0
1779289547.9421072,-9206083.643784532,570891540.2674754,1.5869207306497932,53415888312.82616,-6.944131862089383e-05,0.0,0.0,0.0,0.0,0.0,0.0,1.0
1779289547.9527411,-9206634.657175489,570925710.7997081,1.5869207306261561,54060755292.71223,6.944131862089327e-05,0.0,0.0,0.0,0.0,0.0,0.0,1.0
1779289547.9636068,-9227737.771049209,572234366.8672273,1.5869207306019586,54752553006.195435,-6.944131862089383e-05,0.0,0.0,0.0,0.0,0.0,0.0,1.0
1779289547.9738185,-9528897.94075412,590910039.20462,1.5869207305797524,55528290533.89657,6.944131862089327e-05,0.0,0.0,0.0,0.0,0.0,0.0,1.0
1779289547.983979,-9738119.258426404,603884360.668926,1.5869207305580906,56256902265.4994,-6.944131862089383e-05,0.0,0.0,0.0,0.0,0.0,0.0,1.0
1779289547.9944139,-9860466.487983836,611471409.5483861,1.5869207305358355,56979228219.23302,6.944131862089327e-05,0.0,0.0,0.0,0.0,0.0,0.0,1.0
1779289548.004538,-10068997.24398571,624402907.650755,1.5869207305147066,57720231686.77602,-6.944131862089383e-05,0.0,0.0,0.0,0.0,0.0,0.0,1.0
1779289548.0146527,-10292059.078545595,638235513.1522193,1.5869207304936843,58477859998.41854,6.944131862089327e-05,0.0,0.0,0.0,0.0,0.0,0.0,1.0
1779289548.0252411,-10212413.661538647,633296508.77242,1.586920730472098,59135253375.628624,-6.944131862089383e-05,0.0,0.0,0.0,0.0,0.0,0.0,1.0
1779289548.0357149,-10322019.5895935,640093438.7349081,1.5869207304508581,59889633908.685524,6.944131862089332e-05,0.0,0.0,0.0,0.0,0.0,0.0,1.0
1779289548.0463157,-10335535.129083268,640931570.9354094,1.5869207304298172,60614071554.716255,-6.944131862089361e-05,0.0,0.0,0.0,0.0,0.0,0.0,1.0
1779289548.0566068,-10545778.595805539,653969278.4720807,1.5869207304096822,61414694365.16281,6.944131862089361e-05,0.0,0.0,0.0,0.0,0.0,0.0,1.0
1779289548.0671334,-10652492.269588126,660586852.7577999,1.586920730389223,62197692559.68344,-6.94413186208934e-05,0.0,0.0,0.0,0.0,0.0,0.0,1.0
1779289548.0776134,-10771162.751857327,667945897.7121145,1.5869207303691866,62989708676.609055,6.944131862089378e-05,0.0,0.0,0.0,0.0,0.0,0.0,1.0
1779289548.0886948,-10363063.244001878,642638659.3362353,1.5869207303490311,63574987624.09895,-6.944131862089327e-05,0.0,0.0,0.0,0.0,0.0,0.0,1.0
1779289548.098619,-11263693.230436074,698488907.7216312,1.5869207303301298,64722852813.38003,6.944131862089387e-05,0.0,0.0,0.0,0.0,0.0,0.0,1.0
1779289548.1085644,-11683955.913828658,724550415.8145206,1.5869207303114923,65640401114.88799,-6.944131862089325e-05,0.0,0.0,0.0,0.0,0.0,0.0,1.0
1779289548.118745,-11744469.248270197,728302995.1439488,1.5869207302929746,66404013184.08313,6.944131862089384e-05,0.0,0.0,0.0,0.0,0.0,0.0,1.0
1779289548.1287315,-11991999.877017954,743652970.0580426,1.5869207302748878,67253489825.34221,-6.944131862089326e-05,0.0,0.0,0.0,0.0,0.0,0.0,1.0
1779289548.139364,-11800752.942220088,731793285.070855,1.5869207302560984,67957235186.094185,6.944131862089383e-05,0.0,0.0,0.0,0.0,0.0,0.0,1.0
1779289548.149863,-11857178.098517656,735292346.6058793,1.5869207302375825,68790965211.40532,-6.944131862089327e-05,0.0,0.0,0.0,0.0,0.0,0.0,1.0
1779289548.1604085,-11905257.437052598,738273863.7558005,1.586920730219381,69631284433.52457,6.944131862089383e-05,0.0,0.0,0.0,0.0,0.0,0.0,1.0
1779289548.1708226,-12162612.968489228,754233104.7822474,1.586920730201376,70579419372.676,-6.944131862089327e-05,0.0,0.0,0.0,0.0,0.0,0.0,1.0
1779289548.1814232,-12190663.648705788,755972596.2969023,1.5869207301834862,71439232264.30943,6.944131862089383e-05,0.0,0.0,0.0,0.0,0.0,0.0,1.0
1779289548.1915078,-12602498.815962717,781511493.9420847,1.5869207301665949,72443469393.77103,-6.944131862089327e-05,0.0,0.0,0.0,0.0,0.0,0.0,1.0
1779289548.2016697,-12799959.289183123,793756497.2788771,1.586920730149969,73351971129.75446,6.944131862089383e-05,0.0,0.0,0.0,0.0,0.0,0.0,1.0
1779289548.2119641,-12962911.081810944,803861533.7182186,1.5869207301331567,74275154222.91637,-6.944131862089337e-05,0.0,0.0,0.0,0.0,0.0,0.0,1.0
1779289548.2227218,-12700135.40159562,787566177.7444009,1.586920730116299,75035972946.00656,6.944131862089359e-05,0.0,0.0,0.0,0.0,0.0,0.0,1.0
1779289548.2329602,-13195503.424918508,818285150.3773218,1.5869207300996804,76154817588.65918,-6.944131862089364e-05,0.0,0.0,0.0,0.0,0.0,0.0,1.0
1779289548.24349,-13239121.912077032,820990039.3399231,1.586920730083217,77077466783.64818,6.944131862089337e-05,0.0,0.0,0.0,0.0,0.0,0.0,1.0
1779289548.25359,-13604197.46007033,843629259.8129399,1.586920730067594,78119681133.06398,-6.94413186208938e-05,0.0,0.0,0.0,0.0,0.0,0.0,1.0
1779289548.264231,-13506335.409461606,837560597.6891134,1.5869207300514692,79004884866.81076,6.944131862089326e-05,0.0,0.0,0.0,0.0,0.0,0.0,1.0
1779289548.2743983,-13961028.75065329,865757234.8068557,1.586920730035942,80129517421.44402,-6.944131862089383e-05,0.0,0.0,0.0,0.0,0.0,0.0,1.0
1779289548.2850094,-13872640.986944638,860276096.170492,1.5869207300202337,81041151692.89314,6.944131862089327e-05,0.0,0.0,0.0,0.0,0.0,0.0,1.0
1779289548.2953744,-14209306.442034421,881153538.0182977,1.5869207300048123,82155447794.42236,-6.944131862089383e-05,0.0,0.0,0.0,0.0,0.0,0.0,1.0
1779289548.305621,-14373104.77912845,891311070.8194405,1.586920729990089,83166411138.18752,6.944131862089327e-05,0.0,0.0,0.0,0.0,0.0,0.0,1.0
1779289548.315845,-14598803.338663476,905307186.4827027,1.586920729975514,84219472939.01166,-6.944131862089383e-05,0.0,0.0,0.0,0.0,0.0,0.0,1.0
1779289548.3264797,-14542268.106406923,901801300.5181373,1.5869207299605295,85200551254.53714,6.944131862089327e-05,0.0,0.0,0.0,0.0,0.0,0.0,1.0
1779289548.3367813,-14997901.26018272,930056217.8599064,1.5869207299458896,86416594634.45969,-6.944131862089383e-05,0.0,0.0,0.0,0.0,0.0,0.0,1.0
1779289548.3468955,-15297285.607669115,948621767.921201,1.5869207299319665,87527603515.90157,6.944131862089327e-05,0.0,0.0,0.0,0.0,0.0,0.0,1.0
1779289548.3574545,-15265875.46055904,946673949.3945755,1.5869207299176367,88545788561.76591,-6.944131862089383e-05,0.0,0.0,0.0,0.0,0.0,0.0,1.0
1779289548.3677824,-15495319.590815209,960902337.0544908,1.5869207299037376,89680315167.52943,6.944131862089327e-05,0.0,0.0,0.0,0.0,0.0,0.0,1.0
1779289548.3782563,-15686588.281894634,972763373.1908356,1.5869207298897203,90833258264.31757,-6.944131862089379e-05,0.0,0.0,0.0,0.0,0.0,0.0,1.0
1779289548.3887398,-15662403.992362512,971263647.5997883,1.586920729876221,91877502844.05298,6.944131862089344e-05,0.0,0.0,0.0,0.0,0.0,0.0,1.0
1779289548.399291,-15964006.032129299,989966722.236765,1.5869207298623467,93132238465.09882,-6.944131862089353e-05,0.0,0.0,0.0,0.0,0.0,0.0,1.0
1779289548.409693,-16257171.00561215,1008146593.9473249,1.5869207298489547,94366957999.05171,6.944131862089367e-05,0.0,0.0,0.0,0.0,0.0,0.0,1.0
1779289548.4199488,-16524780.562969344,1024741712.3412508,1.5869207298360575,95572355529.0362,-6.944131862089336e-05,0.0,0.0,0.0,0.0,0.0,0.0,1.0
1779289548.4301445,-16882072.294829953,1046898239.8555405,1.586920729823306,96830052157.68867,6.94413186208938e-05,0.0,0.0,0.0,0.0,0.0,0.0,1.0
1779289548.440987,-16536536.46853104,1025470726.2176819,1.586920729810326,97823742660.89287,-6.944131862089326e-05,0.0,0.0,0.0,0.0,0.0,0.0,1.0
1779289548.4509883,-17436483.578945406,1081278629.7152543,1.586920729797841,99367174292.8941,6.944131862089383e-05,0.0,0.0,0.0,0.0,0.0,0.0,1.0
1779289548.461563,-17335747.618170325,1075031749.3530076,1.5869207297851524,100495963732.64455,-6.944131862089327e-05,0.0,0.0,0.0,0.0,0.0,0.0,1.0
1779289548.471636,-17881567.355634637,1108879355.7627344,1.586920729773091,101888466627.45341,6.944131862089383e-05,0.0,0.0,0.0,0.0,0.0,0.0,1.0
1779289548.4820907,-17895842.61262325,1109764599.9195921,1.5869207297608297,103086611910.95657,-6.944131862089327e-05,0.0,0.0,0.0,0.0,0.0,0.0,1.0
1779289548.492625,-17933134.719649587,1112077174.766612,1.5869207297487744,104312602000.80247,6.944131862089383e-05,0.0,0.0,0.0,0.0,0.0,0.0,1.0
1779289548.5027907,-18460859.3044165,1144802656.953296,1.5869207297370442,105757434432.8968,-6.944131862089327e-05,0.0,0.0,0.0,0.0,0.0,0.0,1.0
1779289548.5130088,-18780424.127919648,1164619647.529126,1.5869207297254446,107117436227.03491,6.944131862089383e-05,0.0,0.0,0.0,0.0,0.0,0.0,1.0
1779289548.5236168,-18637173.768574055,1155736346.1785605,1.5869207297136505,108325186067.68228,-6.944131862089327e-05,0.0,0.0,0.0,0.0,0.0,0.0,1.0
1779289548.5342855,-18627024.643932346,1155106975.2006195,1.5869207297020154,109620616031.76813,6.944131862089383e-05,0.0,0.0,0.0,0.0,0.0,0.0,1.0
1779289548.5447109,-19049573.54505101,1181310258.2564867,1.5869207296905739,111126237718.78357,-6.944131862089327e-05,0.0,0.0,0.0,0.0,0.0,0.0,1.0
1779289548.5552797,-19179637.615796566,1189375847.596039,1.586920729679254,112516163899.18439,6.944131862089374e-05,0.0,0.0,0.0,0.0,0.0,0.0,1.0
1779289548.5654266,-19737564.71133827,1223974260.8646276,1.5869207296685133,114059505831.64377,-6.944131862089352e-05,0.0,0.0,0.0,0.0,0.0,0.0,1.0
1779289548.5759664,-19861484.112510756,1231658804.3467312,1.5869207296574919,115471043521.6424,6.944131862089346e-05,0.0,0.0,0.0,0.0,0.0,0.0,1.0
1779289548.5866072,-19822300.911100592,1229228959.835355,1.5869207296465788,116836765054.54166,-6.944131862089372e-05,0.0,0.0,0.0,0.0,0.0,0.0,1.0
1779289548.5971043,-20184488.88452126,1251689115.4395185,1.5869207296358434,118401502974.04218,6.944131862089332e-05,0.0,0.0,0.0,0.0,0.0,0.0,1.0
1779289548.6076682,-20467924.838786006,1269265667.329406,1.586920729625155,119957811637.7524,-6.944131862089383e-05,0.0,0.0,0.0,0.0,0.0,0.0,1.0
1779289548.6181319,-20780634.920529723,1288657578.881647,1.5869207296147527,121522340190.22046,6.944131862089323e-05,0.0,0.0,0.0,0.0,0.0,0.0,1.0
1779289548.628459,-21149218.612402648,1311514348.5351915,1.586920729604694,123096240299.85953,-6.944131862089386e-05,0.0,0.0,0.0,0.0,0.0,0.0,1.0
1779289548.6389887,-21315516.994444776,1321826915.4512484,1.586920729594496,124635581554.52307,6.944131862089326e-05,0.0,0.0,0.0,0.0,0.0,0.0,1.0
1779289548.6496038,-21406757.650175706,1327484970.6920853,1.586920729584393,126169269554.45137,-6.944131862089383e-05,0.0,0.0,0.0,0.0,0.0,0.0,1.0
1779289548.6599767,-22030377.233961403,1366157134.7355084,1.5869207295744694,127954051344.0745,6.944131862089327e-05,0.0,0.0,0.0,0.0,0.0,0.0,1.0
1779289548.6706624,-21950333.27710822,1361193415.6438625,1.5869207295645724,129452375701.48683,-6.944131862089383e-05,0.0,0.0,0.0,0.0,0.0,0.0,1.0
1779289548.6813307,-22108282.630960763,1370988239.0999422,1.5869207295547794,131091873891.06076,6.944131862089327e-05,0.0,0.0,0.0,0.0,0.0,0.0,1.0
1779289548.6918821,-22436907.16922482,1391367044.7919016,1.5869207295452314,132809956491.22502,-6.944131862089383e-05,0.0,0.0,0.0,0.0,0.0,0.0,1.0
1779289548.7025385,-22645721.768010136,1404316145.4901693,1.5869207295357182,134509044529.95981,6.944131862089327e-05,0.0,0.0,0.0,0.0,0.0,0.0,1.0
1779289548.7126033,-23738620.093968693,1472089422.9270594,1.5869207295266783,136554917831.3776,-6.944131862089383e-05,0.0,0.0,0.0,0.0,0.0,0.0,1.0
1779289548.7229962,-23789512.587990247,1475245390.7804759,1.5869207295177503,138134774345.02994,6.944131862089327e-05,0.0,0.0,0.0,0.0,0.0,0.0,1.0
1779289548.7333238,-24392172.400102455,1512617788.6919954,1.5869207295086927,140030933530.49088,-6.94413186208937e-05,0.0,0.0,0.0,0.0,0.0,0.0,1.0
1779289548.7435951,-24603422.96810659,1525717949.7761195,1.5869207295000045,141715990596.55484,6.944131862089356e-05,0.0,0.0,0.0,0.0,0.0,0.0,1.0
1779289548.7538245,-25021295.6222561,1551631247.730869,1.5869207294914123,143518242768.70337,-6.944131862089344e-05,0.0,0.0,0.0,0.0,0.0,0.0,1.0
1779289548.7643857,-25085556.757460117,1555616237.4890878,1.5869207294826086,145247175474.2708,6.944131862089375e-05,0.0,0.0,0.0,0.0,0.0,0.0,1.0
1779289548.7749517,-25208883.14166122,1563264006.6508188,1.5869207294739018,147036508431.63,-6.944131862089329e-05,0.0,0.0,0.0,0.0,0.0,0.0,1.0
1779289548.7854419,-25559808.497735586,1585025740.27983,1.5869207294653398,148948275648.5226,6.944131862089386e-05,0.0,0.0,0.0,0.0,0.0,0.0,1.0
1779289548.7956934,-26138544.989037205,1620914595.1455941,1.58692072945711,150932596675.87308,-6.944131862089326e-05,0.0,0.0,0.0,0.0,0.0,0.0,1.0
1779289548.8065088,-25911085.271303106,1606809267.0087056,1.5869207294486625,152648537154.9009,6.944131862089383e-05,0.0,0.0,0.0,0.0,0.0,0.0,1.0
1779289548.8168628,-26596055.05709232,1649285906.2693286,1.5869207294405108,154765555504.97348,-6.944131862089327e-05,0.0,0.0,0.0,0.0,0.0,0.0,1.0
1779289548.8275194,-26530108.27441447,1645196387.110857,1.586920729432367,156585883540.05505,6.944131862089383e-05,0.0,0.0,0.0,0.0,0.0,0.0,1.0
1779289548.8376048,-27539186.810418982,1707771796.430576,1.5869207294246657,158833237179.41293,-6.944131862089327e-05,0.0,0.0,0.0,0.0,0.0,0.0,1.0
1779289548.8479383,-27991666.32763273,1735831150.059689,1.586920729416911,160872395684.0902,6.944131862089383e-05,0.0,0.0,0.0,0.0,0.0,0.0,1.0
1779289548.8584611,-28054116.44067309,1739703833.9547703,1.5869207294090835,162803294302.37463,-6.944131862089327e-05,0.0,0.0,0.0,0.0,0.0,0.0,1.0
1779289548.8686059,-28697966.054923527,1779630511.6915114,1.5869207294016938,164935591118.1282,6.944131862089383e-05,0.0,0.0,0.0,0.0,0.0,0.0,1.0
1779289548.8791158,-28459392.187328823,1764835968.0850632,1.586920729394243,166735169303.40793,-6.944131862089327e-05,0.0,0.0,0.0,0.0,0.0,0.0,1.0
1779289548.8896,-29204330.30347479,1811031389.179313,1.586920729386616,169086892314.98972,6.944131862089383e-05,0.0,0.0,0.0,0.0,0.0,0.0,1.0
1779289548.899924,-29726429.857501373,1843408050.3086479,1.5869207293793064,171289899831.50214,-6.944131862089332e-05,0.0,0.0,0.0,0.0,0.0,0.0,1.0
1779289548.9104483,-29957185.140137274,1857717746.202694,1.5869207293719363,173429029817.5346,6.944131862089361e-05,0.0,0.0,0.0,0.0,0.0,0.0,1.0
1779289548.921016,-30133515.911485583,1868652446.0921693,1.5869207293646195,175588364931.95798,-6.944131862089361e-05,0.0,0.0,0.0,0.0,0.0,0.0,1.0
1779289548.9317815,-29917726.16875375,1855270801.3466167,1.5869207293573648,177619930682.46832,6.94413186208934e-05,0.0,0.0,0.0,0.0,0.0,0.0,1.0
1779289548.941934,-31098746.605179124,1928508745.4715235,1.586920729350508,180217329993.9396,-6.944131862089378e-05,0.0,0.0,0.0,0.0,0.0,0.0,1.0
1779289548.9524636,-31313756.505739063,1941842032.0304105,1.586920729343527,182456422722.05396,6.944131862089327e-05,0.0,0.0,0.0,0.0,0.0,0.0,1.0
1779289548.9635258,-30653163.019844424,1900877027.7116618,1.5869207293363603,184436161555.41925,-6.944131862089387e-05,0.0,0.0,0.0,0.0,0.0,0.0,1.0
1779289548.974282,-31123124.620897572,1930020487.9537377,1.5869207293294787,186914856635.39087,6.944131862089325e-05,0.0,0.0,0.0,0.0,0.0,0.0,1.0
1779289548.9847412,-32162984.70897148,1994504736.4351277,1.5869207293227525,189645947369.5292,-6.944131862089384e-05,0.0,0.0,0.0,0.0,0.0,0.0,1.0
1779289548.9954205,-32369964.963201083,2007340085.1577284,1.5869207293160716,192030415732.99814,6.944131862089326e-05,0.0,0.0,0.0,0.0,0.0,0.0,1.0
1779289549.0059552,-32934638.28959129,2042356849.3695107,1.5869207293095648,194575693614.55832,-6.944131862089383e-05,0.0,0.0,0.0,0.0,0.0,0.0,1.0
1779289549.015958,-34404296.18288316,2133493902.9013212,1.586920729303385,197448202867.41156,6.944131862089327e-05,0.0,0.0,0.0,0.0,0.0,0.0,1.0
1779289549.0265543,-34376031.63228552,2131741150.3678467,1.5869207292969696,199774248859.61688,-6.944131862089383e-05,0.0,0.0,0.0,0.0,0.0,0.0,1.0
1779289549.0371635,-34456554.23014594,2136734552.9364843,1.5869207292906689,202182075111.1481,6.944131862089327e-05,0.0,0.0,0.0,0.0,0.0,0.0,1.0
1779289549.0477562,-34741410.11316465,2154399158.43622,1.586920729284424,204733668780.19022,-6.944131862089383e-05,0.0,0.0,0.0,0.0,0.0,0.0,1.0
1779289549.057952,-35703537.12429818,2214062990.328786,1.5869207292785195,207509864183.37753,6.944131862089327e-05,0.0,0.0,0.0,0.0,0.0,0.0,1.0
1779289549.0684977,-35987690.60652303,2231684038.256822,1.5869207292724647,210095923885.66318,-6.944131862089383e-05,0.0,0.0,0.0,0.0,0.0,0.0,1.0
1779289549.0788393,-36849473.31220458,2285125276.284961,1.5869207292665255,212956046330.1687,6.944131862089337e-05,0.0,0.0,0.0,0.0,0.0,0.0,1.0
1779289549.0889683,-37678387.21956268,2336528240.3625293,1.5869207292608607,215729844222.53378,-6.944131862089359e-05,0.0,0.0,0.0,0.0,0.0,0.0,1.0
1779289549.0991757,-38137800.228583544,2365017556.9352717,1.586920729255219,218381744363.54446,6.944131862089364e-05,0.0,0.0,0.0,0.0,0.0,0.0,1.0
1779289549.109441,-38559910.86612922,2391193662.9262867,1.5869207292496448,221050947231.24945,-6.944131862089337e-05,0.0,0.0,0.0,0.0,0.0,0.0,1.0
1779289549.1198692,-39009934.537554726,2419100723.9239016,1.5869207292439302,223867332839.19342,6.94413186208938e-05,0.0,0.0,0.0,0.0,0.0,0.0,1.0
1779289549.1305573,-38602251.16908938,2393819289.584852,1.5869207292382796,226347058931.10324,-6.944131862089326e-05,0.0,0.0,0.0,0.0,0.0,0.0,1.0
1779289549.1409676,-39506634.29891481,2449902283.439673,1.5869207292327268,229457966503.03616,6.944131862089383e-05,0.0,0.0,0.0,0.0,0.0,0.0,1.0
1779289549.1514757,-39842627.40275376,2470738032.1924872,1.586920729227253,232334712609.70325,-6.944131862089327e-05,0.0,0.0,0.0,0.0,0.0,0.0,1.0
1779289549.161921,-40341952.488529034,2501702393.5938025,1.586920729221891,235302194208.31656,6.944131862089383e-05,0.0,0.0,0.0,0.0,0.0,0.0,1.0
1779289549.1720815,-41214115.749841176,2555787355.2300525,1.5869207292167786,238368940408.70267,-6.944131862089327e-05,0.0,0.0,0.0,0.0,0.0,0.0,1.0
1779289549.1827266,-41109044.81361397,2549271652.285243,1.586920729211469,241174682657.5336,6.944131862089383e-05,0.0,0.0,0.0,0.0,0.0,0.0,1.0
1779289549.1931767,-41879260.548391536,2597034600.3932304,1.5869207292062812,244392282800.0005,-6.944131862089327e-05,0.0,0.0,0.0,0.0,0.0,0.0,1.0
1779289549.2036312,-42390892.08486879,2628762114.7088184,1.5869207292012026,247497796413.84564,6.944131862089383e-05,0.0,0.0,0.0,0.0,0.0,0.0,1.0
1779289549.213814,-43392222.02795277,2690857015.883584,1.5869207291963132,250778871373.78787,-6.944131862089327e-05,0.0,0.0,0.0,0.0,0.0,0.0,1.0
1779289549.2243128,-43775719.49741531,2714638625.6981983,1.5869207291913021,253922090782.23032,6.944131862089383e-05,0.0,0.0,0.0,0.0,0.0,0.0,1.0
1779289549.2348895,-44063290.66437329,2732471612.6572113,1.5869207291863443,257073571308.30844,-6.944131862089327e-05,0.0,0.0,0.0,0.0,0.0,0.0,1.0
1779289549.2450204,-45268961.16903227,2807238168.131354,1.586920729181668,260532291172.9041,6.944131862089379e-05,0.0,0.0,0.0,0.0,0.0,0.0,1.0
1779289549.2552702,-45830300.438485645,2842048179.6696086,1.5869207291770095,263750035045.26437,-6.944131862089344e-05,0.0,0.0,0.0,0.0,0.0,0.0,1.0
1779289549.2656114,-46677449.12472994,2894581926.9533725,1.5869207291722605,267233267343.80914,6.944131862089353e-05,0.0,0.0,0.0,0.0,0.0,0.0,1.0
1779289549.276111,-46921357.81976313,2909707298.0663095,1.5869207291675567,270492001672.7037,-6.944131862089367e-05,0.0,0.0,0.0,0.0,0.0,0.0,1.0
1779289549.2862213,-48005666.69526678,2976947924.412092,1.5869207291630865,274047889709.5815,6.944131862089336e-05,0.0,0.0,0.0,0.0,0.0,0.0,1.0
1779289549.296417,-48675833.57819248,3018506600.4891806,1.5869207291586553,277456011378.99426,-6.94413186208938e-05,0.0,0.0,0.0,0.0,0.0,0.0,1.0
1779289549.3066049,-49265266.3407789,3055058757.7928133,1.5869207291542766,280869079950.3924,6.944131862089326e-05,0.0,0.0,0.0,0.0,0.0,0.0,1.0
1779289549.3171809,-49018343.15443263,3039746452.451468,1.5869207291497824,284088627212.9269,-6.944131862089383e-05,0.0,0.0,0.0,0.0,0.0,0.0,1.0
1779289549.3274453,-50032565.31269858,3102640831.404476,1.586920729145449,287852709315.50793,6.944131862089327e-05,0.0,0.0,0.0,0.0,0.0,0.0,1.0
1779289549.33746,-51456274.09485079,3190928469.964937,1.5869207291412728,291740583774.8302,-6.944131862089383e-05,0.0,0.0,0.0,0.0,0.0,0.0,1.0
1779289549.3476026,-52174442.30402804,3235463824.8678794,1.5869207291371064,295368125481.1081,6.944131862089327e-05,0.0,0.0,0.0,0.0,0.0,0.0,1.0
1779289549.3584049,-50747073.28342715,3146949207.6877575,1.5869207291327987,298258714816.02185,-6.944131862089383e-05,0.0,0.0,0.0,0.0,0.0,0.0,1.0
1779289549.3687577,-52230115.301476024,3238916244.3307257,1.5869207291286083,302493905703.56665,6.944131862089327e-05,0.0,0.0,0.0,0.0,0.0,0.0,1.0
1779289549.379058,-53089133.94948549,3292186076.9170456,1.586920729124543,306403168150.4302,-6.944131862089383e-05,0.0,0.0,0.0,0.0,0.0,0.0,1.0
1779289549.389785,-52612377.32178184,3262621241.891975,1.586920729120413,309872915944.1328,6.944131862089327e-05,0.0,0.0,0.0,0.0,0.0,0.0,1.0
1779289549.4002638,-53664058.62519017,3327838553.4906087,1.586920729116363,314075311179.3786,-6.944131862089383e-05,0.0,0.0,0.0,0.0,0.0,0.0,1.0
1779289549.4105182,-54641299.71468167,3388439646.7057343,1.5869207291125198,318123162113.7628,6.944131862089327e-05,0.0,0.0,0.0,0.0,0.0,0.0,1.0
1779289549.4208424,-56078704.38982756,3477576601.0277305,1.5869207291085958,322537417427.3864,-6.944131862089374e-05,0.0,0.0,0.0,0.0,0.0,0.0,1.0
1779289549.4312997,-56352443.31728543,3494551817.3220334,1.5869207291047482,326432871183.2827,6.944131862089352e-05,0.0,0.0,0.0,0.0,0.0,0.0,1.0
1779289549.4416301,-57076388.164386004,3539445395.667822,1.5869207291009877,330548664913.8831,-6.944131862089346e-05,0.0,0.0,0.0,0.0,0.0,0.0,1.0
1779289549.4523168,-56667341.71833113,3514079433.3408847,1.5869207290971676,334329960835.3783,6.944131862089372e-05,0.0,0.0,0.0,0.0,0.0,0.0,1.0
1779289549.4627123,-58335979.02112809,3617555684.367309,1.58692072909344,339066239669.231,-6.944131862089332e-05,0.0,0.0,0.0,0.0,0.0,0.0,1.0
1779289549.4730747,-59429614.02440774,3685374646.8561177,1.5869207290897602,343564759262.03143,6.944131862089383e-05,0.0,0.0,0.0,0.0,0.0,0.0,1.0
1779289549.483351,-60158225.586744934,3730557619.5806384,1.5869207290862324,347816662446.4206,-6.944131862089323e-05,0.0,0.0,0.0,0.0,0.0,0.0,1.0
1779289549.4933157,-62275064.42047623,3861827935.7377295,1.58692072908278,352689965149.5411,6.944131862089386e-05,0.0,0.0,0.0,0.0,0.0,0.0,1.0
1779289549.5035677,-62770303.574182294,3892538918.8458786,1.586920729079301,356938104021.4563,-6.944131862089326e-05,0.0,0.0,0.0,0.0,0.0,0.0,1.0
1779289549.5137744,-63336049.084798254,3927622172.328158,1.5869207290759064,361228881776.9844,6.944131862089383e-05,0.0,0.0,0.0,0.0,0.0,0.0,1.0
1779289549.5238986,-64419824.67802037,3994829728.928629,1.5869207290725686,365786744253.33765,-6.944131862089327e-05,0.0,0.0,0.0,0.0,0.0,0.0,1.0
1779289549.5342119,-64777846.60311539,4017031538.5748196,1.58692072906919,370177414392.8485,6.944131862089383e-05,0.0,0.0,0.0,0.0,0.0,0.0,1.0
1779289549.5447407,-64973568.81818134,4029168749.176438,1.5869207290657856,374658068085.6341,-6.944131862089327e-05,0.0,0.0,0.0,0.0,0.0,0.0,1.0
1779289549.5549927,-66063080.38859161,4096732007.7005973,1.5869207290625278,379466781518.58026,6.944131862089383e-05,0.0,0.0,0.0,0.0,0.0,0.0,1.0
1779289549.5654228,-66857288.52345473,4145982783.2480607,1.586920729059207,384339188679.27026,-6.944131862089327e-05,0.0,0.0,0.0,0.0,0.0,0.0,1.0
1779289549.5758002,-67107566.61173826,4161503135.9976187,1.5869207290560379,388873257400.239,6.944131862089383e-05,0.0,0.0,0.0,0.0,0.0,0.0,1.0
1779289549.5863101,-67850646.31948677,4207583313.659467,1.586920729052804,393857098444.9416,-6.944131862089327e-05,0.0,0.0,0.0,0.0,0.0,0.0,1.0
1779289549.5968277,-68398051.26145662,4241529224.0213957,1.5869207290496172,398808239076.62775,6.94413186208937e-05,0.0,0.0,0.0,0.0,0.0,0.0,1.0
1779289549.6068962,-70586680.31051496,4377251426.039838,1.5869207290466,404345157184.26855,-6.944131862089356e-05,0.0,0.0,0.0,0.0,0.0,0.0,1.0
1779289549.6176727,-69415724.88935684,4304637638.20501,1.586920729043479,408646155279.83344,6.944131862089344e-05,0.0,0.0,0.0,0.0,0.0,0.0,1.0
1779289549.6276066,-72898081.76962751,4520587044.206831,1.5869207290405303,414901617127.2521,-6.944131862089375e-05,0.0,0.0,0.0,0.0,0.0,0.0,1.0
1779289549.6383946,-71808249.98754677,4453003930.169415,1.5869207290374945,419328667741.2364,6.944131862089329e-05,0.0,0.0,0.0,0.0,0.0,0.0,1.0
1779289549.6486664,-73904304.9357298,4582985387.542576,1.586920729034519,425248185801.6992,-6.944131862089386e-05,0.0,0.0,0.0,0.0,0.0,0.0,1.0
1779289549.6591983,-74194442.72686622,4600977537.276733,1.5869207290315765,430405697337.5981,6.944131862089326e-05,0.0,0.0,0.0,0.0,0.0,0.0,1.0
1779289549.669549,-76004670.8714553,4713234180.623667,1.5869207290286615,436335134293.6936,-6.944131862089383e-05,0.0,0.0,0.0,0.0,0.0,0.0,1.0
1779289549.6799846,-75990732.09637931,4712369804.183705,1.586920729025855,441363385460.1354,6.944131862089327e-05,0.0,0.0,0.0,0.0,0.0,0.0,1.0
1779289549.6901546,-77834068.4666193,4826679569.011274,1.5869207290231184,447236967907.9368,-6.944131862089383e-05,0.0,0.0,0.0,0.0,0.0,0.0,1.0
1779289549.7005124,-79131557.9523343,4907140043.224953,1.5869207290203224,453089609999.985,6.944131862089327e-05,0.0,0.0,0.0,0.0,0.0,0.0,1.0
1779289549.7110105,-79304221.4444624,4917847326.462744,1.586920729017554,458519538819.83234,-6.944131862089383e-05,0.0,0.0,0.0,0.0,0.0,0.0,1.0
1779289549.7216008,-79469915.03120586,4928122388.94871,1.5869207290148024,464082574879.198,6.944131862089327e-05,0.0,0.0,0.0,0.0,0.0,0.0,1.0
1779289549.731943,-81353662.67873876,5044938155.298193,1.586920729012121,470426030275.6954,-6.944131862089383e-05,0.0,0.0,0.0,0.0,0.0,0.0,1.0
1779289549.742375,-82201306.56410244,5097502611.629515,1.5869207290094716,476356567652.84424,6.944131862089327e-05,0.0,0.0,0.0,0.0,0.0,0.0,1.0
1779289549.7525322,-84065496.25252326,5213105541.471911,1.5869207290069305,482642494505.0441,-6.944131862089383e-05,0.0,0.0,0.0,0.0,0.0,0.0,1.0
1779289549.7628076,-84619842.99023305,5247481929.52153,1.5869207290044285,488375598167.503,6.944131862089332e-05,0.0,0.0,0.0,0.0,0.0,0.0,1.0
1779289549.7730029,-86275919.90325163,5350179280.869808,1.5869207290019558,494682934518.7122,-6.944131862089361e-05,0.0,0.0,0.0,0.0,0.0,0.0,1.0
1779289549.7832017,-88212819.26094027,5470291113.908579,1.5869207289994698,501267375003.6233,6.944131862089361e-05,0.0,0.0,0.0,0.0,0.0,0.0,1.0
1779289549.7935696,-89034667.23510726,5521255903.194419,1.586920728996982,507485143529.53204,-6.94413186208934e-05,0.0,0.0,0.0,0.0,0.0,0.0,1.0
1779289549.8036265,-90729696.6082068,5626368791.233101,1.5869207289946123,513951487445.02185,6.944131862089378e-05,0.0,0.0,0.0,0.0,0.0,0.0,1.0
1779289549.8142004,-90038180.33613595,5583486188.957184,1.586920728992152,519735080616.7669,-6.944131862089327e-05,0.0,0.0,0.0,0.0,0.0,0.0,1.0
1779289549.824951,-89010043.84637575,5519728949.607362,1.586920728989723,525518306817.15826,6.944131862089387e-05,0.0,0.0,0.0,0.0,0.0,0.0,1.0
1779289549.8351464,-92348907.51937903,5726779994.142227,1.5869207289873852,533207793192.9252,-6.944131862089325e-05,0.0,0.0,0.0,0.0,0.0,0.0,1.0
1779289549.8452713,-94605416.15865225,5866711574.906826,1.5869207289851124,540320703053.8409,6.944131862089384e-05,0.0,0.0,0.0,0.0,0.0,0.0,1.0
1779289549.8554885,-95275368.31478997,5908256935.712566,1.5869207289828795,546740507323.547,-6.944131862089326e-05,0.0,0.0,0.0,0.0,0.0,0.0,1.0
1779289549.8654532,-98399907.81096075,6102017217.697775,1.5869207289806848,554300604637.5044,6.944131862089383e-05,0.0,0.0,0.0,0.0,0.0,0.0,1.0
1779289549.8760426,-97316215.9163022,6034814852.741069,1.5869207289784022,560371643887.2245,-6.944131862089327e-05,0.0,0.0,0.0,0.0,0.0,0.0,1.0
1779289549.886373,-98420139.2891401,6103271822.502504,1.5869207289762084,567383710542.1031,6.944131862089383e-05,0.0,0.0,0.0,0.0,0.0,0.0,1.0
1779289549.8965948,-100058334.69740492,6204860298.513761,1.5869207289740643,574645835632.3207,-6.944131862089327e-05,0.0,0.0,0.0,0.0,0.0,0.0,1.0
1779289549.9068265,-101801995.05092616,6312988911.887997,1.5869207289719345,582063304176.2484,6.944131862089383e-05,0.0,0.0,0.0,0.0,0.0,0.0,1.0
1779289549.9167976,-104634061.1381201,6488612207.724107,1.5869207289698757,589876513594.9977,-6.944131862089327e-05,0.0,0.0,0.0,0.0,0.0,0.0,1.0
1779289549.9273276,-104013469.53706862,6450127816.452324,1.5869207289677325,596574146558.5697,6.944131862089383e-05,0.0,0.0,0.0,0.0,0.0,0.0,1.0
1779289549.9376645,-104185801.55574793,6460814544.240562,1.5869207289657048,603469900642.094,-6.944131862089337e-05,0.0,0.0,0.0,0.0,0.0,0.0,1.0
1779289549.9480124,-105947052.52648118,6570033994.562737,1.5869207289636567,611356477313.7153,6.944131862089359e-05,0.0,0.0,0.0,0.0,0.0,0.0,1.0
1779289549.9584844,-106647061.84409142,6613443273.008788,1.58692072896162,618902290287.1398,-6.944131862089364e-05,0.0,0.0,0.0,0.0,0.0,0.0,1.0
1779289549.9689698,-107539427.4844275,6668781034.128332,1.5869207289596012,626673722765.4353,6.944131862089337e-05,0.0,0.0,0.0,0.0,0.0,0.0,1.0
1779289549.979265,-110047184.06420249,6824293110.037759,1.5869207289576313,635175042213.8777,-6.94413186208938e-05,0.0,0.0,0.0,0.0,0.0,0.0,1.0
1779289549.989629,-111833897.90943985,6935091575.097961,1.5869207289556684,643475198757.1494,6.944131862089326e-05,0.0,0.0,0.0,0.0,0.0,0.0,1.0
1779289549.9999018,-112876290.70608321,6999732884.501996,1.5869207289537837,651312904942.9852,-6.944131862089383e-05,0.0,0.0,0.0,0.0,0.0,0.0,1.0
1779289550.010127,-115467122.37164144,7160396648.268522,1.5869207289518936,660057044169.606,6.944131862089327e-05,0.0,0.0,0.0,0.0,0.0,0.0,1.0
1779289550.0205092,-115730740.7632695,7176744265.7225275,1.586920728950048,667740245731.4493,-6.944131862089383e-05,0.0,0.0,0.0,0.0,0.0,0.0,1.0
1779289550.030748,-118586807.29217076,7353855887.482544,1.5869207289481926,676845518211.5771,6.944131862089327e-05,0.0,0.0,0.0,0.0,0.0,0.0,1.0
1779289550.0410933,-118909020.41008975,7373837106.20393,1.5869207289464065,684681215538.3767,-6.944131862089383e-05,0.0,0.0,0.0,0.0,0.0,0.0,1.0
1779289550.0512576,-122507021.35917942,7596957883.071562,1.5869207289445892,694337523268.7462,6.944131862089327e-05,0.0,0.0,0.0,0.0,0.0,0.0,1.0
1779289550.061573,-122673445.18687512,7607278229.610511,1.5869207289428235,702378494784.4031,-6.944131862089383e-05,0.0,0.0,0.0,0.0,0.0,0.0,1.0
1779289550.0716615,-125160125.76681587,7761483331.750757,1.5869207289411076,711455571508.6111,6.944131862089327e-05,0.0,0.0,0.0,0.0,0.0,0.0,1.0
1779289550.0822031,-124794674.9635975,7738820840.855825,1.586920728939333,719745456783.4034,-6.944131862089383e-05,0.0,0.0,0.0,0.0,0.0,0.0,1.0
1779289550.092297,-127797046.85377045,7925005213.466317,1.5869207289376561,729302199699.7443,6.944131862089327e-05,0.0,0.0,0.0,0.0,0.0,0.0,1.0
1779289550.1038842,-115845486.45768303,7183859931.307874,1.586920728935926,732737463702.5006,-6.944131862089379e-05,0.0,0.0,0.0,0.0,0.0,0.0,1.0
1779289550.1132782,-133355365.83405973,8269690072.894805,1.5869207289342633,749463175162.3141,6.944131862089344e-05,0.0,0.0,0.0,0.0,0.0,0.0,1.0
1779289550.1236694,-132810060.7108896,8235874378.833041,1.586920728932613,757832776638.5865,-6.944131862089353e-05,0.0,0.0,0.0,0.0,0.0,0.0,1.0
1779289550.1341145,-133720342.18525507,8292323144.43276,1.586920728930953,767198412388.5696,6.944131862089367e-05,0.0,0.0,0.0,0.0,0.0,0.0,1.0
1779289550.1443596,-135524422.63655272,8404198555.091366,1.5869207289293588,776833852333.0369,-6.944131862089336e-05,0.0,0.0,0.0,0.0,0.0,0.0,1.0
1779289550.1546166,-136803518.53309017,8483518398.640542,1.5869207289277938,786298749272.4828,6.94413186208938e-05,0.0,0.0,0.0,0.0,0.0,0.0,1.0
1779289550.1649547,-138363358.05657512,8580247836.269544,1.5869207289262235,796163098078.0488,-6.944131862089326e-05,0.0,0.0,0.0,0.0,0.0,0.0,1.0
1779289550.1753778,-140177618.55794308,8692754536.59618,1.5869207289246443,806442788037.036,6.944131862089383e-05,0.0,0.0,0.0,0.0,0.0,0.0,1.0
1779289550.1860049,-139404437.927365,8644807728.942162,1.5869207289230802,815733164135.9628,-6.944131862089327e-05,0.0,0.0,0.0,0.0,0.0,0.0,1.0
1779289550.1959944,-144832102.2817633,8981390377.09488,1.5869207289216103,827468573545.5791,6.944131862089383e-05,0.0,0.0,0.0,0.0,0.0,0.0,1.0
1779289550.206456,-143704103.4561709,8911440431.487518,1.586920728920127,836526320148.3799,-6.944131862089327e-05,0.0,0.0,0.0,0.0,0.0,0.0,1.0
1779289550.2168288,-146806455.1703939,9103824796.01093,1.5869207289186358,847854970102.24,6.944131862089383e-05,0.0,0.0,0.0,0.0,0.0,0.0,1.0
1779289550.2268245,-151341746.9919548,9385069256.414352,1.5869207289172218,859469014797.4843,-6.944131862089327e-05,0.0,0.0,0.0,0.0,0.0,0.0,1.0
1779289550.237292,-150869103.28576168,9355759473.240881,1.5869207289157972,869115260269.4275,6.944131862089383e-05,0.0,0.0,0.0,0.0,0.0,0.0,1.0
1779289550.2472816,-156393343.01871696,9698330995.305449,1.5869207289144,881531290845.579,-6.944131862089327e-05,0.0,0.0,0.0,0.0,0.0,0.0,1.0
1779289550.2579474,-154065323.4394402,9553964848.546854,1.5869207289129532,891001770269.7885,6.944131862089383e-05,0.0,0.0,0.0,0.0,0.0,0.0,1.0
1779289550.268438,-154986828.4659693,9611109613.94668,1.586920728911549,902003851590.5809,-6.944131862089327e-05,0.0,0.0,0.0,0.0,0.0,0.0,1.0
1779289550.2790358,-155534377.0645181,9645064433.106886,1.5869207289101528,913099050803.66,6.944131862089374e-05,0.0,0.0,0.0,0.0,0.0,0.0,1.0
1779289550.2897274,-155489699.78854966,9642293887.577435,1.5869207289087734,924134001643.826,-6.944131862089352e-05,0.0,0.0,0.0,0.0,0.0,0.0,1.0
1779289550.3001063,-160666742.377851,9963334871.756884,1.5869207289074208,937589105601.3328,6.944131862089346e-05,0.0,0.0,0.0,0.0,0.0,0.0,1.0
1779289550.3105016,-163055382.20795727,10111460229.251125,1.5869207289061027,949691666832.305,-6.944131862089372e-05,0.0,0.0,0.0,0.0,0.0,0.0,1.0
1779289550.3206527,-167048957.1609315,10359111511.294455,1.5869207289048326,962333120939.4001,6.944131862089332e-05,0.0,0.0,0.0,0.0,0.0,0.0,1.0
1779289550.3310413,-169195019.22438157,10492194032.404684,1.5869207289035376,974599507733.5178,-6.944131862089383e-05,0.0,0.0,0.0,0.0,0.0,0.0,1.0
1779289550.3412614,-172148836.82482088,10675367436.010193,1.5869207289022862,987116826568.8674,6.944131862089323e-05,0.0,0.0,0.0,0.0,0.0,0.0,1.0
1779289550.3516715,-172918607.5081326,10723102786.32386,1.5869207289010312,998960191615.0079,-6.944131862089386e-05,0.0,0.0,0.0,0.0,0.0,0.0,1.0
1779289550.3621802,-173953954.30699033,10787307156.528425,1.5869207288997753,1011293972634.5178,6.944131862089326e-05,0.0,0.0,0.0,0.0,0.0,0.0,1.0
1779289550.3727143,-175386953.68042663,10876170928.596466,1.586920728898531,1024027233452.2977,-6.944131862089383e-05,0.0,0.0,0.0,0.0,0.0,0.0,1.0
1779289550.382839,-180232130.90974635,11176632136.057106,1.5869207288973541,1037910079635.7428,6.944131862089327e-05,0.0,0.0,0.0,0.0,0.0,0.0,1.0
1779289550.3930364,-183074353.87356657,11352885285.298079,1.5869207288961924,1050955263917.9513,-6.944131862089383e-05,0.0,0.0,0.0,0.0,0.0,0.0,1.0
1779289550.403523,-183996453.01198366,11410066893.069773,1.5869207288949942,1063844549423.9254,6.944131862089327e-05,0.0,0.0,0.0,0.0,0.0,0.0,1.0
1779289550.413857,-186602566.52287143,11571678321.774096,1.5869207288938343,1077417770845.9209,-6.944131862089383e-05,0.0,0.0,0.0,0.0,0.0,0.0,1.0
1779289550.4244738,-186552639.93015295,11568582253.365343,1.5869207288926601,1090310444713.4462,6.944131862089327e-05,0.0,0.0,0.0,0.0,0.0,0.0,1.0
1779289550.435097,-186976225.95738202,11594849852.46462,1.5869207288915064,1103598350381.1936,-6.944131862089383e-05,0.0,0.0,0.0,0.0,0.0,0.0,1.0
1779289550.4453516,-193292015.14851835,11986507279.275856,1.5869207288903882,1119445893001.4597,6.944131862089327e-05,0.0,0.0,0.0,0.0,0.0,0.0,1.0
1779289550.455895,-194324468.62725905,12050532227.713242,1.5869207288892646,1133240779498.7456,-6.94413186208937e-05,0.0,0.0,0.0,0.0,0.0,0.0,1.0
1779289550.4665997,-193134915.44683313,11976765146.940582,1.5869207288881535,1146306569389.3948,6.944131862089356e-05,0.0,0.0,0.0,0.0,0.0,0.0,1.0
1779289550.477057,-198107352.5010887,12285118045.409378,1.586920728887062,1162317543793.2007,-6.944131862089344e-05,0.0,0.0,0.0,0.0,0.0,0.0,1.0
1779289550.4872375,-203458808.8788774,12616974852.612513,1.5869207288860192,1178078310724.8054,6.944131862089375e-05,0.0,0.0,0.0,0.0,0.0,0.0,1.0
1779289550.4980218,-203320083.48321998,12608372154.779842,1.586920728884917,1192515343571.105,-6.944131862089329e-05,0.0,0.0,0.0,0.0,0.0,0.0,1.0
1779289550.508622,-204284855.44520697,12668200008.016373,1.5869207288838663,1207193215882.6216,6.944131862089386e-05,0.0,0.0,0.0,0.0,0.0,0.0,1.0
1779289550.5186713,-212330269.64257765,13167115682.175905,1.5869207288828715,1224580215756.1003,-6.944131862089326e-05,0.0,0.0,0.0,0.0,0.0,0.0,1.0
1779289550.5287685,-217395645.6034766,13481231948.04237,1.5869207288818865,1240690390748.7783,6.944131862089383e-05,0.0,0.0,0.0,0.0,0.0,0.0,1.0
1779289550.5393522,-216116091.183304,13401883671.781696,1.5869207288808713,1254748680102.7434,-6.944131862089327e-05,0.0,0.0,0.0,0.0,0.0,0.0,1.0
1779289550.5498798,-217835494.59008816,13508508053.621498,1.5869207288798686,1270466041524.3564,6.944131862089383e-05,0.0,0.0,0.0,0.0,0.0,0.0,1.0
1779289550.5602164,-222423974.62499985,13793050845.006865,1.5869207288788933,1287430170235.44,-6.944131862089327e-05,0.0,0.0,0.0,0.0,0.0,0.0,1.0
1779289550.5705843,-224352956.40748662,13912671690.908737,1.5869207288779394,1303196899976.931,6.944131862089383e-05,0.0,0.0,0.0,0.0,0.0,0.0,1.0
1779289550.580795,-229141674.32748765,14209631719.870356,1.5869207288770069,1320293608316.4465,-6.944131862089327e-05,0.0,0.0,0.0,0.0,0.0,0.0,1.0
1779289550.5908082,-235592621.28488165,14609670608.357618,1.5869207288760983,1338019305504.1704,6.944131862089383e-05,0.0,0.0,0.0,0.0,0.0,0.0,1.0
1779289550.6014564,-233145917.8684282,14457944588.26239,1.586920728875148,1352835255911.337,-6.944131862089327e-05,0.0,0.0,0.0,0.0,0.0,0.0,1.0
1779289550.6123922,-230243322.1068474,14277947576.66442,1.5869207288741825,1368362198411.8357,6.944131862089383e-05,0.0,0.0,0.0,0.0,0.0,0.0,1.0
1779289550.6229029,-233683617.53357324,14491288652.094925,1.5869207288732747,1386241064036.1597,-6.944131862089332e-05,0.0,0.0,0.0,0.0,0.0,0.0,1.0
1779289550.633419,-239103087.6069476,14827363154.045622,1.5869207288723652,1405451530515.2878,6.944131862089361e-05,0.0,0.0,0.0,0.0,0.0,0.0,1.0
1779289550.6438508,-242589560.803511,15043567825.146326,1.5869207288714868,1423546359781.2415,-6.944131862089361e-05,0.0,0.0,0.0,0.0,0.0,0.0,1.0
1779289550.6542952,-245900746.86256173,15248902515.151983,1.5869207288706182,1441781402808.691,6.94413186208934e-05,0.0,0.0,0.0,0.0,0.0,0.0,1.0
1779289550.6642685,-257057808.37422043,15940778996.738527,1.5869207288697815,1463211015099.4556,-6.944131862089378e-05,0.0,0.0,0.0,0.0,0.0,0.0,1.0
1779289550.674598,-257184419.54780903,15948630463.938593,1.5869207288689484,1479868657933.3667,6.944131862089327e-05,0.0,0.0,0.0,0.0,0.0,0.0,1.0
1779289550.6846478,-264161334.69745365,16381285917.618937,1.5869207288681366,1499627368383.7026,-6.944131862089387e-05,0.0,0.0,0.0,0.0,0.0,0.0,1.0
1779289550.6953535,-259433693.2645277,16088113391.457788,1.586920728867292,1515260926034.262,6.944131862089325e-05,0.0,0.0,0.0,0.0,0.0,0.0,1.0
1779289550.7056751,-267096110.90331218,16563278519.400978,1.586920728866465,1536705358667.962,-6.944131862089384e-05,0.0,0.0,0.0,0.0,0.0,0.0,1.0
1779289550.7162454,-267035985.80864882,16559550017.115278,1.5869207288656444,1554938855950.3948,6.944131862089326e-05,0.0,0.0,0.0,0.0,0.0,0.0,1.0
1779289550.7271473,-261423612.64138907,16211513127.360483,1.5869207288648246,1571317209378.7744,-6.944131862089383e-05,0.0,0.0,0.0,0.0,0.0,0.0,1.0
1779289550.7373798,-274046506.9019444,16994289457.976748,1.5869207288640377,1595730964832.1377,6.944131862089327e-05,0.0,0.0,0.0,0.0,0.0,0.0,1.0
1779289550.7479296,-276194284.63380283,17127478372.195438,1.5869207288632508,1615678271751.0237,-6.944131862089383e-05,0.0,0.0,0.0,0.0,0.0,0.0,1.0
1779289550.7580607,-284641828.2375134,17651331068.131187,1.5869207288624994,1638019961647.8179,6.944131862089327e-05,0.0,0.0,0.0,0.0,0.0,0.0,1.0
1779289550.7690556,-276499635.27398235,17146413908.643715,1.586920728861724,1654032233879.4744,-6.944131862089383e-05,0.0,0.0,0.0,0.0,0.0,0.0,1.0
1779289550.7788978,-294120469.5720073,18239124639.46454,1.5869207288609966,1680976951815.932,6.944131862089327e-05,0.0,0.0,0.0,0.0,0.0,0.0,1.0
1779289550.7892962,-294647385.7961777,18271799995.061165,1.5869207288602754,1700240100336.4617,-6.944131862089383e-05,0.0,0.0,0.0,0.0,0.0,0.0,1.0
1779289550.799655,-300717617.53784084,18648229808.82494,1.5869207288595382,1722982928662.501,6.944131862089337e-05,0.0,0.0,0.0,0.0,0.0,0.0,1.0
1779289550.8095996,-310612569.8230718,19261839832.516373,1.586920728858841,1746696163002.374,-6.944131862089359e-05,0.0,0.0,0.0,0.0,0.0,0.0,1.0
1779289550.8197377,-313869606.238405,19463816571.77543,1.5869207288581446,1767762868263.9478,6.944131862089364e-05,0.0,0.0,0.0,0.0,0.0,0.0,1.0
1779289550.8302748,-310409718.088307,19249260505.477383,1.586920728857434,1786870207297.9197,-6.944131862089337e-05,0.0,0.0,0.0,0.0,0.0,0.0,1.0
1779289550.840736,-313429789.57960105,19436542474.319214,1.5869207288567297,1809422721617.3413,6.94413186208938e-05,0.0,0.0,0.0,0.0,0.0,0.0,1.0
1779289550.8516054,-308663549.5744323,19140976356.757496,1.5869207288560156,1829499360952.5103,-6.944131862089326e-05,0.0,0.0,0.0,0.0,0.0,0.0,1.0
1779289550.8618207,-320000254.1799269,19843992943.543484,1.5869207288553486,1855994373581.7217,6.944131862089383e-05,0.0,0.0,0.0,0.0,0.0,0.0,1.0
1779289550.8720114,-327021363.37481374,20279388977.68024,1.5869207288546923,1880493265492.2173,-6.944131862089327e-05,0.0,0.0,0.0,0.0,0.0,0.0,1.0
1779289550.8827207,-323304550.09783435,20048900360.214832,1.58692072885402,1901327514689.7964,6.944131862089383e-05,0.0,0.0,0.0,0.0,0.0,0.0,1.0
1779289550.8931634,-327635014.60853255,20317442982.758335,1.5869207288533707,1925704291117.354,-6.944131862089327e-05,0.0,0.0,0.0,0.0,0.0,0.0,1.0
1779289550.903405,-340116006.0735226,21091419576.948196,1.586920728852724,1954165419697.782,6.944131862089383e-05,0.0,0.0,0.0,0.0,0.0,0.0,1.0
1779289550.9137895,-342202444.83323485,21220804712.622963,1.5869207288520926,1977760300938.8857,-6.944131862089327e-05,0.0,0.0,0.0,0.0,0.0,0.0,1.0
1779289550.9238868,-351386106.7773439,21790305895.032864,1.5869207288514806,2004401317740.8845,6.944131862089383e-05,0.0,0.0,0.0,0.0,0.0,0.0,1.0
1779289550.9340265,-355850314.691065,22067142270.858887,1.5869207288508793,2028974555497.596,-6.944131862089327e-05,0.0,0.0,0.0,0.0,0.0,0.0,1.0
1779289550.9443018,-358595872.0755754,22237400953.279255,1.5869207288502762,2053428368343.1265,6.944131862089383e-05,0.0,0.0,0.0,0.0,0.0,0.0,1.0
1779289550.9547236,-360669131.60263616,22365968812.755253,1.5869207288496696,2078392290780.499,-6.944131862089327e-05,0.0,0.0,0.0,0.0,0.0,0.0,1.0
1779289550.9648867,-368878251.1753326,22875036255.915936,1.5869207288490896,2105666980765.5972,6.944131862089379e-05,0.0,0.0,0.0,0.0,0.0,0.0,1.0
1779289550.97557,-366431433.5776214,22723303154.913513,1.5869207288484803,2130034926236.6182,-6.944131862089344e-05,0.0,0.0,0.0,0.0,0.0,0.0,1.0
1779289550.985833,-375139764.9754027,23263327935.844364,1.5869207288479013,2158842064491.51,6.944131862089353e-05,0.0,0.0,0.0,0.0,0.0,0.0,1.0
1779289550.9963245,-371489713.69674927,23036979391.933205,1.5869207288473355,2182117541130.4448,-6.944131862089367e-05,0.0,0.0,0.0,0.0,0.0,0.0,1.0
1779289551.0065165,-387000664.1489434,23998851102.151966,1.586920728846767,2214946710423.87,6.944131862089336e-05,0.0,0.0,0.0,0.0,0.0,0.0,1.0
1779289551.0171468,-384086689.8457325,23818148479.215206,1.586920728846196,2240022748269.8047,-6.94413186208938e-05,0.0,0.0,0.0,0.0,0.0,0.0,1.0
1779289551.0277827,-384365414.82275057,23835432892.84104,1.5869207288456337,2267099734145.1494,6.944131862089326e-05,0.0,0.0,0.0,0.0,0.0,0.0,1.0
1779289551.0382383,-393734244.68838716,24416416788.032764,1.5869207288450795,2298591809852.1,-6.944131862089383e-05,0.0,0.0,0.0,0.0,0.0,0.0,1.0
1779289551.0484583,-403754931.6581079,25037823925.444794,1.5869207288445484,2329704778516.078,6.944131862089327e-05,0.0,0.0,0.0,0.0,0.0,0.0,1.0
1779289551.0585809,-413156723.6760328,25620851883.779205,1.5869207288440297,2360386565886.233,-6.944131862089383e-05,0.0,0.0,0.0,0.0,0.0,0.0,1.0
1779289551.068754,-419083441.90481734,25988382076.427258,1.5869207288435163,2389838110245.9253,6.944131862089327e-05,0.0,0.0,0.0,0.0,0.0,0.0,1.0
1779289551.0792673,-417890865.1818865,25914427498.227497,1.586920728842994,2417248968403.807,-6.944131862089383e-05,0.0,0.0,0.0,0.0,0.0,0.0,1.0
1779289551.089718,-423269052.9693409,26247941986.012226,1.5869207288424745,2448444566412.524,6.944131862089327e-05,0.0,0.0,0.0,0.0,0.0,0.0,1.0
1779289551.1001003,-426900804.8657142,26473155742.548374,1.5869207288419709,2478604508397.539,-6.944131862089383e-05,0.0,0.0,0.0,0.0,0.0,0.0,1.0
1779289551.1109633,-416173575.2443903,25807934180.855892,1.58692072884147,2503142536947.148,6.944131862089327e-05,0.0,0.0,0.0,0.0,0.0,0.0,1.0
1779289551.1207938,-446375657.33484846,27680838645.35329,1.5869207288409903,2545648726620.912,-6.944131862089383e-05,0.0,0.0,0.0,0.0,0.0,0.0,1.0
1779289551.1318462,-426276861.70683587,26434463514.358204,1.5869207288404894,2567306800947.716,6.944131862089327e-05,0.0,0.0,0.0,0.0,0.0,0.0,1.0
1779289551.141743,-463964452.73925775,28771562568.9242,1.5869207288400053,2614955222373.739,-6.944131862089374e-05,0.0,0.0,0.0,0.0,0.0,0.0,1.0
1779289551.1520674,-463914391.83863586,28768458171.735287,1.5869207288395355,2644642751079.22,6.944131862089352e-05,0.0,0.0,0.0,0.0,0.0,0.0,1.0
1779289551.1626043,-464274857.2313347,28790811507.079796,1.5869207288390568,2676211088017.246,-6.944131862089346e-05,0.0,0.0,0.0,0.0,0.0,0.0,1.0
1779289551.1732457,-461307558.15120566,28606802085.130577,1.586920728838587,2706685000084.6064,6.944131862089372e-05,0.0,0.0,0.0,0.0,0.0,0.0,1.0
1779289551.183651,-473348238.6591337,29353473928.19476,1.5869207288381233,2744430875632.446,-6.944131862089332e-05,0.0,0.0,0.0,0.0,0.0,0.0,1.0
1779289551.1939254,-481718193.892025,29872515181.651703,1.5869207288376765,2780006043732.6523,6.944131862089383e-05,0.0,0.0,0.0,0.0,0.0,0.0,1.0
1779289551.2044175,-485902753.32197124,30132009876.058094,1.5869207288372236,2814934057712.6934,-6.944131862089323e-05,0.0,0.0,0.0,0.0,0.0,0.0,1.0
1779289551.2150629,-485201088.50495625,30088497937.432865,1.5869207288367742,2848397223233.014,6.944131862089386e-05,0.0,0.0,0.0,0.0,0.0,0.0,1.0
1779289551.2252736,-495697975.49014586,30739435394.701443,1.5869207288363523,2885654875303.753,-6.944131862089326e-05,0.0,0.0,0.0,0.0,0.0,0.0,1.0
1779289551.2357411,-504494498.0911163,31284929126.74396,1.586920728835917,2923991548844.459,6.944131862089383e-05,0.0,0.0,0.0,0.0,0.0,0.0,1.0
1779289551.2463632,-504356452.7180719,31276368598.731457,1.5869207288354854,2958922368526.1655,-6.944131862089327e-05,0.0,0.0,0.0,0.0,0.0,0.0,1.0
1779289551.257102,-506709900.35171676,31422311603.32972,1.586920728835059,2995671137324.5254,6.944131862089383e-05,0.0,0.0,0.0,0.0,0.0,0.0,1.0
1779289551.267446,-523042294.9052809,32435123058.119442,1.5869207288346416,3038768401555.015,-6.944131862089327e-05,0.0,0.0,0.0,0.0,0.0,0.0,1.0
1779289551.2779684,-528918049.56349355,32799492876.210213,1.586920728834226,3077759284391.3545,6.944131862089383e-05,0.0,0.0,0.0,0.0,0.0,0.0,1.0
1779289551.2882013,-537513614.8509575,33332524757.224186,1.5869207288338343,3116677851437.287,-6.944131862089327e-05,0.0,0.0,0.0,0.0,0.0,0.0,1.0
1779289551.2984366,-550264190.7390211,34123218937.194496,1.5869207288334408,3158394828559.4697,6.944131862089383e-05,0.0,0.0,0.0,0.0,0.0,0.0,1.0
1779289551.3089976,-550123543.1953355,34114497042.259144,1.5869207288330411,3195753350128.7627,-6.944131862089327e-05,0.0,0.0,0.0,0.0,0.0,0.0,1.0
1779289551.3193202,-562460214.8140585,34879524013.257065,1.5869207288326521,3238855939481.021,6.94413186208937e-05,0.0,0.0,0.0,0.0,0.0,0.0,1.0
1779289551.3296316,-567376408.9163293,35184389150.745636,1.5869207288322755,3278171840605.879,-6.944131862089356e-05,0.0,0.0,0.0,0.0,0.0,0.0,1.0
1779289551.3399813,-574859389.6048995,35648426958.62929,1.586920728831899,3319632303601.0083,6.944131862089344e-05,0.0,0.0,0.0,0.0,0.0,0.0,1.0
1779289551.3501308,-587176940.6171257,36412268214.42021,1.5869207288315348,3362987377372.441,-6.944131862089375e-05,0.0,0.0,0.0,0.0,0.0,0.0,1.0
1779289551.3604147,-595736462.1713215,36943064936.09216,1.586920728831167,3405717697544.5825,6.944131862089329e-05,0.0,0.0,0.0,0.0,0.0,0.0,1.0
1779289551.3707018,-600988034.44453,37268727688.55219,1.5869207288308091,3446956670071.247,-6.944131862089386e-05,0.0,0.0,0.0,0.0,0.0,0.0,1.0
1779289551.381096,-607984484.2063608,37702594532.041,1.5869207288304459,3490745156582.0063,6.944131862089326e-05,0.0,0.0,0.0,0.0,0.0,0.0,1.0
1779289551.3914728,-612453968.8212006,37979758129.30243,1.5869207288300906,3533419594110.084,-6.944131862089383e-05,0.0,0.0,0.0,0.0,0.0,0.0,1.0
1779289551.4015784,-627327597.5119414,38902107970.21105,1.5869207288297487,3580332261426.1914,6.944131862089327e-05,0.0,0.0,0.0,0.0,0.0,0.0,1.0
1779289551.411771,-633343944.8468254,39275196281.750946,1.5869207288294112,3623525227717.3467,-6.944131862089383e-05,0.0,0.0,0.0,0.0,0.0,0.0,1.0
1779289551.4218736,-644953506.2388059,39995133381.74727,1.586920728829079,3669655980875.8853,6.944131862089327e-05,0.0,0.0,0.0,0.0,0.0,0.0,1.0
1779289551.4322145,-650291813.169753,40326174761.04413,1.5869207288287406,3714764860213.1147,-6.944131862089383e-05,0.0,0.0,0.0,0.0,0.0,0.0,1.0
1779289551.44246,-657098991.1843785,40748304403.83427,1.586920728828412,3760429281492.167,6.944131862089327e-05,0.0,0.0,0.0,0.0,0.0,0.0,1.0
1779289551.4531038,-650746348.4339197,40354361598.44383,1.5869207288280762,3802451107538.525,-6.944131862089383e-05,0.0,0.0,0.0,0.0,0.0,0.0,1.0
1779289551.4635637,-663182901.9332525,41125582487.69708,1.586920728827745,3853803021904.4507,6.944131862089327e-05,0.0,0.0,0.0,0.0,0.0,0.0,1.0
1779289551.4736607,-679964397.6873454,42166243799.16581,1.5869207288274332,3905201044257.909,-6.944131862089383e-05,0.0,0.0,0.0,0.0,0.0,0.0,1.0
1779289551.4842813,-677753920.2284741,42029166723.97874,1.5869207288271099,3950825825059.068,6.944131862089332e-05,0.0,0.0,0.0,0.0,0.0,0.0,1.0
1779289551.4943273,-700221172.5563632,43422415610.21649,1.5869207288268061,4005970035980.7925,-6.944131862089361e-05,0.0,0.0,0.0,0.0,0.0,0.0,1.0
1779289551.5046217,-707129852.1575774,43850839612.96409,1.5869207288264997,4055213648481.169,6.944131862089361e-05,0.0,0.0,0.0,0.0,0.0,0.0,1.0
1779289551.5151722,-708400978.0987253,43929665220.746445,1.5869207288261897,4104027588508.843,-6.94413186208934e-05,0.0,0.0,0.0,0.0,0.0,0.0,1.0
1779289551.5252168,-728559253.540318,45179728842.28665,1.5869207288258966,4159584556346.997,6.944131862089378e-05,0.0,0.0,0.0,0.0,0.0,0.0,1.0
1779289551.5352805,-743424738.0414083,46101573642.45129,1.586920728825608,4213078664805.1025,-6.944131862089327e-05,0.0,0.0,0.0,0.0,0.0,0.0,1.0
1779289551.5458698,-733884871.2055062,45509983330.28555,1.5869207288253113,4258278196480.739,6.944131862089387e-05,0.0,0.0,0.0,0.0,0.0,0.0,1.0
1779289551.5562282,-745466634.5974996,46228196608.98368,1.5869207288250209,4313458116277.4717,-6.944131862089325e-05,0.0,0.0,0.0,0.0,0.0,0.0,1.0
1779289551.5666769,-755278029.3897103,46836625030.93445,1.5869207288247313,4369153101746.41,6.944131862089384e-05,0.0,0.0,0.0,0.0,0.0,0.0,1.0
1779289551.5771635,-763414007.7144632,47341156808.47937,1.5869207288244427,4425001841376.94,-6.944131862089326e-05,0.0,0.0,0.0,0.0,0.0,0.0,1.0
1779289551.5877779,-763468143.131563,47344513878.03349,1.5869207288241585,4478017387507.016,6.944131862089383e-05,0.0,0.0,0.0,0.0,0.0,0.0,1.0
1779289551.5978725,-791404504.0872297,49076915473.9979,1.5869207288238876,4542272778444.373,-6.944131862089327e-05,0.0,0.0,0.0,0.0,0.0,0.0,1.0
1779289551.6084375,-790455825.6362514,49018085619.9378,1.5869207288236105,4595880421186.218,6.944131862089383e-05,0.0,0.0,0.0,0.0,0.0,0.0,1.0
1779289551.6188314,-801613884.0209433,49710023922.108025,1.5869207288233405,4655037455214.952,-6.944131862089327e-05,0.0,0.0,0.0,0.0,0.0,0.0,1.0
1779289551.629199,-813266776.581584,50432648093.39956,1.5869207288230758,4714786662205.81,6.944131862089383e-05,0.0,0.0,0.0,0.0,0.0,0.0,1.0
1779289551.6392648,-836478445.5045788,51872060061.10374,1.5869207288228218,4778564121187.064,-6.944131862089327e-05,0.0,0.0,0.0,0.0,0.0,0.0,1.0
1779289551.6493602,-850854052.7169268,52763526380.94528,1.5869207288225695,4838869143446.929,6.944131862089383e-05,0.0,0.0,0.0,0.0,0.0,0.0,1.0
1779289551.6594698,-864757068.7287974,53625686172.622444,1.58692072882232,4899591547520.109,-6.944131862089337e-05,0.0,0.0,0.0,0.0,0.0,0.0,1.0
1779289551.6699445,-863998389.5682118,53578638636.03185,1.5869207288220633,4956909123870.578,6.944131862089359e-05,0.0,0.0,0.0,0.0,0.0,0.0,1.0
1779289551.6805398,-861790094.001344,53441696865.230095,1.5869207288218092,5015077149784.771,-6.944131862089364e-05,0.0,0.0,0.0,0.0,0.0,0.0,1.0
1779289551.6907957,-877336868.9113811,54405790138.6344,1.5869207288215668,5080058458060.636,6.944131862089337e-05,0.0,0.0,0.0,0.0,0.0,0.0,1.0
1779289551.7011251,-893856941.5592222,55430239968.74836,1.5869207288213225,5147216858701.681,-6.94413186208938e-05,0.0,0.0,0.0,0.0,0.0,0.0,1.0
1779289551.7115734,-899068477.1044487,55753419946.67298,1.58692072882108,5210216278701.978,6.944131862089326e-05,0.0,0.0,0.0,0.0,0.0,0.0,1.0
1779289551.7219737,-902190953.4234568,55947052288.009125,1.5869207288208464,5271868676849.869,-6.944131862089383e-05,0.0,0.0,0.0,0.0,0.0,0.0,1.0
1779289551.7319431,-941886269.6966838,58408655264.05273,1.5869207288206182,5349888608529.742,6.944131862089327e-05,0.0,0.0,0.0,0.0,0.0,0.0,1.0
1779289551.7425034,-936420179.6385233,58069689744.19642,1.5869207288203828,5410618123363.654,-6.944131862089383e-05,0.0,0.0,0.0,0.0,0.0,0.0,1.0
1779289551.7525778,-962898152.9107821,59711653178.14901,1.5869207288201599,5484208051259.812,6.944131862089327e-05,0.0,0.0,0.0,0.0,0.0,0.0,1.0
1779289551.7627177,-976714957.799774,60568466808.83916,1.5869207288199387,5552536370917.465,-6.944131862089383e-05,0.0,0.0,0.0,0.0,0.0,0.0,1.0
1779289551.772872,-990001804.9256163,61392416471.4714,1.5869207288197202,5621435049396.494,6.944131862089327e-05,0.0,0.0,0.0,0.0,0.0,0.0,1.0
1779289551.7829993,-1001747240.1494435,62120779438.23739,1.5869207288195062,5690017334596.373,-6.944131862089383e-05,0.0,0.0,0.0,0.0,0.0,0.0,1.0
1779289551.7933087,-1008841822.1294956,62560731699.22803,1.5869207288192895,5759050567325.561,6.944131862089327e-05,0.0,0.0,0.0,0.0,0.0,0.0,1.0
1779289551.8038847,-1005315356.0063343,62342046970.587204,1.586920728819071,5826000389304.823,-6.944131862089383e-05,0.0,0.0,0.0,0.0,0.0,0.0,1.0
1779289551.8140798,-1030209484.977197,63885792372.65699,1.5869207288188605,5904778353232.034,6.944131862089327e-05,0.0,0.0,0.0,0.0,0.0,0.0,1.0
1779289551.8244526,-1030975358.3964031,63933286044.40421,1.5869207288186544,5973024646356.616,-6.944131862089379e-05,0.0,0.0,0.0,0.0,0.0,0.0,1.0
1779289551.8350043,-1051834751.3096409,65226827663.868546,1.5869207288184448,6053564324500.814,6.944131862089344e-05,0.0,0.0,0.0,0.0,0.0,0.0,1.0
1779289551.8449655,-1093173332.162679,67790333468.11532,1.586920728818244,6141439496211.327,-6.944131862089353e-05,0.0,0.0,0.0,0.0,0.0,0.0,1.0
1779289551.8556788,-1069066436.3396964,66295406307.23846,1.5869207288180371,6203581813605.281,6.944131862089367e-05,0.0,0.0,0.0,0.0,0.0,0.0,1.0
1779289551.8657622,-1103412038.3354552,68425260507.79194,1.5869207288178417,6290459936978.97,-6.944131862089336e-05,0.0,0.0,0.0,0.0,0.0,0.0,1.0
1779289551.8761184,-1103768086.9055853,68447339945.255394,1.5869207288176472,6362865109213.756,6.94413186208938e-05,0.0,0.0,0.0,0.0,0.0,0.0,1.0
1779289551.8861961,-1137276939.087502,70525305257.56763,1.5869207288174563,6451112886133.879,-6.944131862089326e-05,0.0,0.0,0.0,0.0,0.0,0.0,1.0
1779289551.8965528,-1141648366.7832649,70796388107.33783,1.5869207288172644,6527983660795.115,6.944131862089383e-05,0.0,0.0,0.0,0.0,0.0,0.0,1.0
1779289551.9072638,-1129974772.634517,70072480181.71783,1.586920728817069,6601629214696.189,-6.944131862089327e-05,0.0,0.0,0.0,0.0,0.0,0.0,1.0
1779289551.917848,-1139080006.5280993,70637117851.50189,1.586920728816878,6685521822465.201,6.944131862089383e-05,0.0,0.0,0.0,0.0,0.0,0.0,1.0
1779289551.9279056,-1183037135.6204836,73363006192.36221,1.5869207288166969,6782483980466.409,-6.944131862089327e-05,0.0,0.0,0.0,0.0,0.0,0.0,1.0
1779289551.938762,-1150401299.031872,71339178698.9788,1.5869207288165104,6849450813597.82,6.944131862089383e-05,0.0,0.0,0.0,0.0,0.0,0.0,1.0
1779289551.948854,-1206088735.2834103,74792491877.93881,1.5869207288163327,6954754242020.97,-6.944131862089327e-05,0.0,0.0,0.0,0.0,0.0,0.0,1.0
1779289551.9590087,-1231233863.1363444,76351802330.57236,1.5869207288161595,7045284986675.139,6.944131862089383e-05,0.0,0.0,0.0,0.0,0.0,0.0,1.0
1779289551.969225,-1241502753.2331755,76988601147.86517,1.5869207288159881,7129507847688.553,-6.944131862089327e-05,0.0,0.0,0.0,0.0,0.0,0.0,1.0
1779289551.9794767,-1263089951.5031364,78327275745.43309,1.5869207288158158,7221791843918.235,6.944131862089383e-05,0.0,0.0,0.0,0.0,0.0,0.0,1.0
1779289551.989648,-1282684867.4402895,79542404076.602,1.5869207288156497,7312082096851.55,-6.944131862089327e-05,0.0,0.0,0.0,0.0,0.0,0.0,1.0
1779289551.9995484,-1328799934.3745246,82402111384.5495,1.5869207288154845,7415139191432.202,6.944131862089374e-05,0.0,0.0,0.0,0.0,0.0,0.0,1.0
1779289552.0098648,-1314583253.7908945,81520500492.22734,1.586920728815321,7492080485663.115,-6.944131862089352e-05,0.0,0.0,0.0,0.0,0.0,0.0,1.0
1779289552.0197258,-1362638362.4641728,84500514500.54517,1.5869207288151612,7597649682232.325,6.944131862089346e-05,0.0,0.0,0.0,0.0,0.0,0.0,1.0
1779289552.0302198,-1351498370.0592585,83809696514.99525,1.5869207288149987,7679937558509.889,-6.944131862089372e-05,0.0,0.0,0.0,0.0,0.0,0.0,1.0
1779289552.0404963,-1342200623.5709586,83233120673.262,1.5869207288148397,7763845469316.942,6.944131862089332e-05,0.0,0.0,0.0,0.0,0.0,0.0,1.0
1779289552.0505233,-1391730025.4281862,86304559182.8493,1.5869207288146834,7875497038510.016,-6.944131862089383e-05,0.0,0.0,0.0,0.0,0.0,0.0,1.0
1779289552.0609558,-1397134904.821889,86639728882.56732,1.5869207288145235,7971120236696.06,6.944131862089323e-05,0.0,0.0,0.0,0.0,0.0,0.0,1.0
1779289552.0713158,-1397085367.1419687,86636656931.5652,1.5869207288143699,8062826739933.461,-6.944131862089386e-05,0.0,0.0,0.0,0.0,0.0,0.0,1.0
1779289552.082135,-1341935986.8137167,83216709908.475,1.5869207288142189,8132456006272.555,6.944131862089326e-05,0.0,0.0,0.0,0.0,0.0,0.0,1.0
1779289552.092122,-1425352456.1731212,88389567780.71593,1.5869207288140714,8265288865563.746,-6.944131862089383e-05,0.0,0.0,0.0,0.0,0.0,0.0,1.0
1779289552.1019328,-1518150521.497772,94144201205.3576,1.586920728813923,8402591829798.41,6.944131862089327e-05,0.0,0.0,0.0,0.0,0.0,0.0,1.0
1779289552.1123943,-1502187888.0087333,93154319532.63223,1.586920728813773,8493071841743.748,-6.944131862089383e-05,0.0,0.0,0.0,0.0,0.0,0.0,1.0
1779289552.1227076,-1504358278.5832283,93288910724.57918,1.5869207288136282,8591701328610.161,6.944131862089327e-05,0.0,0.0,0.0,0.0,0.0,0.0,1.0
1779289552.1328962,-1524894660.6757898,94562421658.91386,1.586920728813487,8699278269093.86,-6.944131862089383e-05,0.0,0.0,0.0,0.0,0.0,0.0,1.0
1779289552.1431592,-1541983345.7037034,95622132524.31883,1.5869207288133458,8807622483068.807,6.944131862089327e-05,0.0,0.0,0.0,0.0,0.0,0.0,1.0
1779289552.1533837,-1553951661.2020416,96364316838.54771,1.5869207288132081,8913476090232.156,-6.944131862089383e-05,0.0,0.0,0.0,0.0,0.0,0.0,1.0
1779289552.1638799,-1565129860.0034418,97057504097.3393,1.586920728813067,9025234974487.633,6.944131862089327e-05,0.0,0.0,0.0,0.0,0.0,0.0,1.0
1779289552.1743839,-1575681255.1566455,97711821739.49628,1.5869207288129275,9137958719415.928,-6.94413186208937e-05,0.0,0.0,0.0,0.0,0.0,0.0,1.0
1779289552.184734,-1593633969.5922532,98825113167.11197,1.5869207288127933,9252887645381.861,6.944131862089356e-05,0.0,0.0,0.0,0.0,0.0,0.0,1.0
1779289552.1951864,-1618667638.1133,100377511756.22581,1.5869207288126574,9375109097538.375,-6.944131862089344e-05,0.0,0.0,0.0,0.0,0.0,0.0,1.0
1779289552.20588,-1607603866.5846376,99691420412.231,1.5869207288125233,9482891461608.662,6.944131862089375e-05,0.0,0.0,0.0,0.0,0.0,0.0,1.0
1779289552.2158356,-1680186279.9754484,104192432160.00786,1.5869207288123963,9624031716788.139,-6.944131862089329e-05,0.0,0.0,0.0,0.0,0.0,0.0,1.0
1779289552.2265887,-1653583877.877216,102542752593.19957,1.5869207288122649,9727775877312.344,6.944131862089386e-05,0.0,0.0,0.0,0.0,0.0,0.0,1.0
1779289552.2369576,-1700035045.5229566,105423302323.22603,1.586920728812137,9864491292912.055,-6.944131862089326e-05,0.0,0.0,0.0,0.0,0.0,0.0,1.0
1779289552.2472656,-1724732152.107081,106954829889.22003,1.5869207288120126,9990676889442.764,6.944131862089383e-05,0.0,0.0,0.0,0.0,0.0,0.0,1.0
1779289552.2579503,-1725775111.0999453,107019506310.42142,1.5869207288118865,10111094539541.2,-6.944131862089327e-05,0.0,0.0,0.0,0.0,0.0,0.0,1.0
1779289552.2683444,-1728698864.1879854,107200815341.63797,1.5869207288117666,10229344283649.262,6.944131862089383e-05,0.0,0.0,0.0,0.0,0.0,0.0,1.0
1779289552.2785983,-1794922013.774818,111307473695.35732,1.5869207288116467,10379057547230.133,-6.944131862089327e-05,0.0,0.0,0.0,0.0,0.0,0.0,1.0
1779289552.288934,-1842630744.0244582,114266007937.01295,1.586920728811526,10523734258070.65,6.944131862089383e-05,0.0,0.0,0.0,0.0,0.0,0.0,1.0
1779289552.2994719,-1841445739.6428976,114192522937.9528,1.586920728811406,10647885119633.406,-6.944131862089327e-05,0.0,0.0,0.0,0.0,0.0,0.0,1.0
1779289552.3098233,-1865019540.817938,115654391607.24927,1.5869207288112905,10781886025926.05,6.944131862089383e-05,0.0,0.0,0.0,0.0,0.0,0.0,1.0
1779289552.3204238,-1867509213.4169111,115808782253.04594,1.5869207288111742,10911908788131.732,-6.944131862089327e-05,0.0,0.0,0.0,0.0,0.0,0.0,1.0
1779289552.3306513,-1919117847.7444308,119009159019.00159,1.5869207288110614,11062098118339.334,6.944131862089383e-05,0.0,0.0,0.0,0.0,0.0,0.0,1.0
1779289552.3409467,-1948775399.8999221,120848295863.24371,1.5869207288109504,11203793605641.07,-6.944131862089332e-05,0.0,0.0,0.0,0.0,0.0,0.0,1.0
1779289552.3514693,-1968950869.5997493,122099425743.7069,1.5869207288108402,11342779415613.93,6.944131862089361e-05,0.0,0.0,0.0,0.0,0.0,0.0,1.0
1779289552.3618371,-2006137123.7693627,124405435686.10136,1.5869207288107292,11494145574338.1,-6.944131862089361e-05,0.0,0.0,0.0,0.0,0.0,0.0,1.0
1779289552.3724425,-2003594441.4022014,124247757777.53792,1.5869207288106182,11630600910188.229,6.94413186208934e-05,0.0,0.0,0.0,0.0,0.0,0.0,1.0
1779289552.3832612,-1985173371.319026,123105422480.19302,1.586920728810508,11764236892175.166,-6.944131862089378e-05,0.0,0.0,0.0,0.0,0.0,0.0,1.0
1779289552.393583,-2046930641.5715673,126935140809.70383,1.5869207288104032,11932041824785.814,6.944131862089327e-05,0.0,0.0,0.0,0.0,0.0,0.0,1.0
1779289552.4038894,-2074721040.326238,128658490936.5542,1.586920728810302,12080974535473.59,-6.944131862089387e-05,0.0,0.0,0.0,0.0,0.0,0.0,1.0
1779289552.413811,-2164071650.806306,134199339314.22386,1.5869207288102025,12257729778402.514,6.944131862089325e-05,0.0,0.0,0.0,0.0,0.0,0.0,1.0
1779289552.424114,-2169545772.509287,134538802897.79303,1.586920728810103,12400017196297.484,-6.944131862089384e-05,0.0,0.0,0.0,0.0,0.0,0.0,1.0
1779289552.4343035,-2202255279.4978685,136567198874.1446,1.5869207288100045,12556053818253.377,6.944131862089326e-05,0.0,0.0,0.0,0.0,0.0,0.0,1.0
1779289552.4447744,-2202586437.794794,136587734805.32664,1.5869207288099059,12702544789010.947,-6.944131862089383e-05,0.0,0.0,0.0,0.0,0.0,0.0,1.0
1779289552.4552822,-2204245093.896766,136690592099.72226,1.5869207288098073,12853189866857.902,6.944131862089327e-05,0.0,0.0,0.0,0.0,0.0,0.0,1.0
1779289552.465755,-2240322974.8072433,138927869124.36798,1.5869207288097096,13023169633918.785,-6.944131862089383e-05,0.0,0.0,0.0,0.0,0.0,0.0,1.0
1779289552.475842,-2318783647.5072813,143793406010.2573,1.5869207288096163,13208720971667.408,6.944131862089327e-05,0.0,0.0,0.0,0.0,0.0,0.0,1.0
1779289552.4859467,-2350946349.1254463,145787893257.5276,1.5869207288095248,13371382601869.605,-6.944131862089383e-05,0.0,0.0,0.0,0.0,0.0,0.0,1.0
1779289552.4961169,-2386010742.4822087,147962321457.36545,1.5869207288094334,13539529333087.566,6.944131862089327e-05,0.0,0.0,0.0,0.0,0.0,0.0,1.0
1779289552.5067668,-2351364651.8905396,145813833229.68347,1.58692072880934,13684619702597.168,-6.944131862089383e-05,0.0,0.0,0.0,0.0,0.0,0.0,1.0
1779289552.5168803,-2412845321.9845786,149626398911.8098,1.5869207288092522,13868656760999.72,6.944131862089337e-05,0.0,0.0,0.0,0.0,0.0,0.0,1.0
1779289552.5273576,-2432555710.9503818,150848688006.4754,1.5869207288091616,14042434505881.941,-6.944131862089359e-05,0.0,0.0,0.0,0.0,0.0,0.0,1.0
1779289552.538041,-2427049975.234109,150507263962.83298,1.586920728809071,14210392388999.438,6.944131862089364e-05,0.0,0.0,0.0,0.0,0.0,0.0,1.0
1779289552.5481722,-2491240742.288021,154487889339.988,1.5869207288089857,14401749827420.373,-6.944131862089337e-05,0.0,0.0,0.0,0.0,0.0,0.0,1.0
1779289552.5586126,-2507136505.091679,155473624201.09888,1.5869207288089004,14577583859265.406,6.94413186208938e-05,0.0,0.0,0.0,0.0,0.0,0.0,1.0
1779289552.5689843,-2559898287.5834923,158745510486.03622,1.5869207288088143,14774230652443.77,-6.944131862089326e-05,0.0,0.0,0.0,0.0,0.0,0.0,1.0
1779289552.5795848,-2563233055.6410317,158952307553.87476,1.586920728808729,14953017930509.379,6.944131862089383e-05,0.0,0.0,0.0,0.0,0.0,0.0,1.0
1779289552.58996,-2606098047.467014,161610469811.5857,1.5869207288086464,15148347999626.904,-6.944131862089327e-05,0.0,0.0,0.0,0.0,0.0,0.0,1.0
1779289552.6005197,-2606418942.2583303,161630369277.8531,1.5869207288085638,15327545615107.717,6.944131862089383e-05,0.0,0.0,0.0,0.0,0.0,0.0,1.0
1779289552.6104999,-2714537943.1734304,168335091133.10406,1.5869207288084857,15550663982223.709,-6.944131862089327e-05,0.0,0.0,0.0,0.0,0.0,0.0,1.0
1779289552.6209862,-2720913144.46988,168730432850.9148,1.5869207288084057,15735247068522.246,6.944131862089383e-05,0.0,0.0,0.0,0.0,0.0,0.0,1.0
1779289552.6311367,-2799061510.817566,173576602861.73837,1.5869207288083285,15952178488510.82,-6.944131862089327e-05,0.0,0.0,0.0,0.0,0.0,0.0,1.0
1779289552.641818,-2766360466.7969112,171548731696.0542,1.5869207288082485,16128043337567.97,6.944131862089383e-05,0.0,0.0,0.0,0.0,0.0,0.0,1.0
1779289552.652538,-2754370297.033915,170805192147.25418,1.5869207288081695,16318024110064.002,-6.944131862089327e-05,0.0,0.0,0.0,0.0,0.0,0.0,1.0
1779289552.6629405,-2831628984.1645513,175596190988.9851,1.586920728808093,16548237071822.621,6.944131862089383e-05,0.0,0.0,0.0,0.0,0.0,0.0,1.0
1779289552.6732771,-2887724135.7389197,179074787587.23956,1.5869207288080185,16767425996149.045,-6.944131862089327e-05,0.0,0.0,0.0,0.0,0.0,0.0,1.0
1779289552.6838167,-2873927017.872758,178219194797.67267,1.5869207288079457,16956656403976.328,6.944131862089379e-05,0.0,0.0,0.0,0.0,0.0,0.0,1.0
1779289552.6940584,-2990074619.0735927,185421789657.41193,1.586920728807872,17210148272961.627,-6.944131862089344e-05,0.0,0.0,0.0,0.0,0.0,0.0,1.0
1779289552.7042007,-3044084570.8038864,188771077948.67627,1.5869207288078018,17429036373252.523,6.944131862089353e-05,0.0,0.0,0.0,0.0,0.0,0.0,1.0
1779289552.714684,-3055713427.1566324,189492211577.04633,1.5869207288077298,17639463868171.402,-6.944131862089367e-05,0.0,0.0,0.0,0.0,0.0,0.0,1.0
1779289552.7248356,-3122380836.2333684,193626419541.8401,1.5869207288076614,17870434758126.027,6.944131862089336e-05,0.0,0.0,0.0,0.0,0.0,0.0,1.0
1779289552.7354822,-3093952991.619233,191863539850.35107,1.5869207288075913,18069255574393.504,-6.94413186208938e-05,0.0,0.0,0.0,0.0,0.0,0.0,1.0
1779289552.7459772,-3144227992.544675,194981214770.54218,1.586920728807521,18309538729882.242,6.944131862089326e-05,0.0,0.0,0.0,0.0,0.0,0.0,1.0
1779289552.7560587,-3237638786.802261,200773845006.93582,1.5869207288074554,18559979467491.867,-6.944131862089383e-05,0.0,0.0,0.0,0.0,0.0,0.0,1.0
1779289552.766193,-3292869067.363914,204198808853.15643,1.5869207288073905,18794558023320.098,6.944131862089327e-05,0.0,0.0,0.0,0.0,0.0,0.0,1.0
1779289552.7768478,-3254420027.629092,201814490511.91513,1.586920728807323,19000694279093.844,-6.944131862089383e-05,0.0,0.0,0.0,0.0,0.0,0.0,1.0
1779289552.7872648,-3319726703.321199,205864316094.58737,1.5869207288072573,19256536223412.984,6.944131862089327e-05,0.0,0.0,0.0,0.0,0.0,0.0,1.0
1779289552.7978413,-3328175078.8647194,206388220382.99588,1.5869207288071916,19490085993024.9,-6.944131862089383e-05,0.0,0.0,0.0,0.0,0.0,0.0,1.0
1779289552.8084462,-3354789882.285747,208038668988.1946,1.5869207288071268,19737426817994.586,6.944131862089327e-05,0.0,0.0,0.0,0.0,0.0,0.0,1.0
1779289552.8186216,-3444185563.3978643,213582312306.3399,1.5869207288070655,20003658778217.625,-6.944131862089383e-05,0.0,0.0,0.0,0.0,0.0,0.0,1.0
1779289552.8288076,-3528922734.075314,218837070077.4801,1.586920728807005,20271490546326.23,6.944131862089327e-05,0.0,0.0,0.0,0.0,0.0,0.0,1.0
1779289552.8393264,-3542852669.742972,219700899223.25424,1.586920728806943,20518087179600.258,-6.944131862089383e-05,0.0,0.0,0.0,0.0,0.0,0.0,1.0
1779289552.84968,-3588355331.80994,222522629819.49603,1.5869207288068825,20777622557000.516,6.944131862089327e-05,0.0,0.0,0.0,0.0,0.0,0.0,1.0
1779289552.860111,-3632353240.6470976,225251047013.10324,1.5869207288068221,21042747159597.414,-6.944131862089374e-05,0.0,0.0,0.0,0.0,0.0,0.0,1.0
1779289552.8705256,-3653354045.6241302,226553357939.07172,1.5869207288067635,21297138150102.117,6.944131862089352e-05,0.0,0.0,0.0,0.0,0.0,0.0,1.0
1779289552.8811474,-3669581388.1636143,227559654865.11603,1.5869207288067049,21560340193996.312,-6.944131862089346e-05,0.0,0.0,0.0,0.0,0.0,0.0,1.0
1779289552.891396,-3760289261.6638966,233184670420.565,1.586920728806648,21850918294303.918,6.944131862089372e-05,0.0,0.0,0.0,0.0,0.0,0.0,1.0
1779289552.9018545,-3809171756.18626,236215992636.62616,1.586920728806593,22125029418337.203,-6.944131862089332e-05,0.0,0.0,0.0,0.0,0.0,0.0,1.0
1779289552.9120271,-3930288381.7882147,243726728769.28186,1.5869207288065361,22441530450022.453,6.944131862089383e-05,0.0,0.0,0.0,0.0,0.0,0.0,1.0
1779289552.922364,-3937162076.0672903,244152983247.77686,1.586920728806481,22701130253777.24,-6.944131862089323e-05,0.0,0.0,0.0,0.0,0.0,0.0,1.0
1779289552.9327836,-3965187474.444399,245890906272.44028,1.5869207288064269,22978641657927.58,6.944131862089386e-05,0.0,0.0,0.0,0.0,0.0,0.0,1.0
1779289552.9430807,-4048356635.3434176,251048427948.93167,1.5869207288063727,23284769514188.26,-6.944131862089326e-05,0.0,0.0,0.0,0.0,0.0,0.0,1.0
1779289552.9533672,-4114288669.208935,255137033511.09735,1.5869207288063194,23584645879159.55,6.944131862089383e-05,0.0,0.0,0.0,0.0,0.0,0.0,1.0
1779289552.9637668,-4145577057.6691566,257077302476.26654,1.586920728806267,23874477059870.07,-6.944131862089327e-05,0.0,0.0,0.0,0.0,0.0,0.0,1.0
1779289552.9743454,-4142785048.998038,256904163237.95874,1.5869207288062146,24157483796512.48,6.944131862089383e-05,0.0,0.0,0.0,0.0,0.0,0.0,1.0
1779289552.9848459,-4193383018.356765,260041866215.42,1.5869207288061622,24468783646600.734,-6.944131862089327e-05,0.0,0.0,0.0,0.0,0.0,0.0,1.0
1779289552.995038,-4294239775.368212,266296238688.0698,1.5869207288061125,24795653244718.6,6.944131862089383e-05,0.0,0.0,0.0,0.0,0.0,0.0,1.0
1779289553.0052488,-4354218487.761808,270015664325.87524,1.5869207288060636,25104745691975.848,-6.944131862089327e-05,0.0,0.0,0.0,0.0,0.0,0.0,1.0
1779289553.0152314,-4496719780.790661,278852515626.82715,1.5869207288060156,25451991308410.08,6.944131862089383e-05,0.0,0.0,0.0,0.0,0.0,0.0,1.0
1779289553.0259771,-4395865980.99466,272598326539.92413,1.586920728805966,25709246945501.508,-6.944131862089327e-05,0.0,0.0,0.0,0.0,0.0,0.0,1.0
1779289553.036434,-4476606624.324038,277605249943.48425,1.586920728805917,26053164159024.266,6.94413186208937e-05,0.0,0.0,0.0,0.0,0.0,0.0,1.0
1779289553.0469735,-4492763807.288357,278607196103.9137,1.58692072880587,26368311580343.438,-6.944131862089356e-05,0.0,0.0,0.0,0.0,0.0,0.0,1.0
1779289553.0570407,-4677503708.56876,290063366095.4557,1.5869207288058238,26755355605795.37,6.944131862089344e-05,0.0,0.0,0.0,0.0,0.0,0.0,1.0
1779289553.0682309,-4494017050.066276,278684912734.2255,1.586920728805774,27007786239280.53,-6.944131862089375e-05,0.0,0.0,0.0,0.0,0.0,0.0,1.0
1779289553.0782735,-4735522139.038127,293661229890.82007,1.5869207288057297,27430963500159.453,6.944131862089329e-05,0.0,0.0,0.0,0.0,0.0,0.0,1.0
1779289553.0887992,-4759704661.092767,295160846820.8942,1.5869207288056835,27767107683475.3,-6.944131862089386e-05,0.0,0.0,0.0,0.0,0.0,0.0,1.0
1779289553.0994792,-4767000876.225537,295613302843.8121,1.5869207288056382,28104389611660.754,6.944131862089326e-05,0.0,0.0,0.0,0.0,0.0,0.0,1.0
1779289553.109433,-4979843203.906242,308812172554.23425,1.5869207288055955,28519286717577.832,-6.944131862089383e-05,0.0,0.0,0.0,0.0,0.0,0.0,1.0
1779289553.119465,-5111017205.572494,316946591005.33136,1.5869207288055538,28899025828010.473,6.944131862089327e-05,0.0,0.0,0.0,0.0,0.0,0.0,1.0
1779289553.1298597,-5103819364.482246,316500235397.4211,1.5869207288055103,29228985177444.223,-6.944131862089383e-05,0.0,0.0,0.0,0.0,0.0,0.0,1.0
1779289553.1404085,-5091278546.80223,315722548833.69415,1.5869207288054676,29568648296764.37,6.944131862089327e-05,0.0,0.0,0.0,0.0,0.0,0.0,1.0
1779289553.1507626,-5148808134.65245,319290098310.07776,1.586920728805426,29937961481128.516,-6.944131862089383e-05,0.0,0.0,0.0,0.0,0.0,0.0,1.0
1779289553.1611886,-5236803780.900726,324746922066.3994,1.5869207288053842,30333233710832.59,6.944131862089327e-05,0.0,0.0,0.0,0.0,0.0,0.0,1.0
1779289553.171896,-5150009994.038147,319364628531.44525,1.5869207288053433,30650840306764.906,-6.944131862089383e-05,0.0,0.0,0.0,0.0,0.0,0.0,1.0
1779289553.181935,-5451804983.842091,338079668876.5135,1.5869207288053033,31147153813026.188,6.944131862089327e-05,0.0,0.0,0.0,0.0,0.0,0.0,1.0
1779289553.1922288,-5457173383.882574,338412576403.1032,1.5869207288052642,31501766612648.164,-6.944131862089383e-05,0.0,0.0,0.0,0.0,0.0,0.0,1.0
1779289553.2028093,-5484900629.415186,340132010245.83655,1.5869207288052243,31891120710123.254,6.944131862089332e-05,0.0,0.0,0.0,0.0,0.0,0.0,1.0
1779289553.2133832,-5501198224.122879,341142663679.56415,1.5869207288051852,32278448611262.668,-6.944131862089361e-05,0.0,0.0,0.0,0.0,0.0,0.0,1.0
1779289553.2239368,-5611088742.889453,347957241661.0585,1.5869207288051452,32718866570742.805,6.944131862089361e-05,0.0,0.0,0.0,0.0,0.0,0.0,1.0
1779289553.234363,-5703146583.869298,353665971979.4014,1.586920728805108,33145402792806.87,-6.94413186208934e-05,0.0,0.0,0.0,0.0,0.0,0.0,1.0
1779289553.2448895,-5750648672.563851,356611691877.5394,1.5869207288050697,33561962661085.73,6.944131862089378e-05,0.0,0.0,0.0,0.0,0.0,0.0,1.0
1779289553.2553546,-5848804422.738128,362698568356.2106,1.5869207288050324,34005983076306.113,-6.944131862089327e-05,0.0,0.0,0.0,0.0,0.0,0.0,1.0
1779289553.265994,-5860790215.830261,363441836498.8816,1.5869207288049951,34419322979969.297,6.944131862089387e-05,0.0,0.0,0.0,0.0,0.0,0.0,1.0
1779289553.2762291,-6047418645.764961,375015118739.9437,1.5869207288049596,34905694356810.098,-6.944131862089325e-05,0.0,0.0,0.0,0.0,0.0,0.0,1.0
1779289553.2865193,-6081145265.47193,377106588347.0663,1.586920728804925,35316768434636.1,6.944131862089384e-05,0.0,0.0,0.0,0.0,0.0,0.0,1.0
1779289553.296878,-6224123705.174756,385973028672.8574,1.5869207288048894,35799452497114.82,-6.944131862089326e-05,0.0,0.0,0.0,0.0,0.0,0.0,1.0
1779289553.3074224,-6241116415.802994,387026787933.2044,1.586920728804854,36232347550493.266,6.944131862089383e-05,0.0,0.0,0.0,0.0,0.0,0.0,1.0
1779289553.3176794,-6308504045.28108,391205658515.16766,1.586920728804821,36674954453557.54,-6.944131862089327e-05,0.0,0.0,0.0,0.0,0.0,0.0,1.0
1779289553.3281786,-6391989436.0967245,396382790377.3984,1.5869207288047864,37148822188792.76,6.944131862089383e-05,0.0,0.0,0.0,0.0,0.0,0.0,1.0
1779289553.338608,-6476914307.739208,401649187942.05457,1.5869207288047527,37625235625646.27,-6.944131862089327e-05,0.0,0.0,0.0,0.0,0.0,0.0,1.0
1779289553.349225,-6438514843.029899,399267943868.1539,1.5869207288047198,38052262925667.63,6.944131862089383e-05,0.0,0.0,0.0,0.0,0.0,0.0,1.0
1779289553.3598955,-6556185486.535943,406564986282.02026,1.586920728804686,38574966323931.4,-6.944131862089327e-05,0.0,0.0,0.0,0.0,0.0,0.0,1.0
1779289553.3705287,-6584142031.8088045,408298639558.6511,1.5869207288046532,39050629198364.15,6.944131862089383e-05,0.0,0.0,0.0,0.0,0.0,0.0,1.0
1779289553.3807986,-6830105935.5636635,423551458650.9778,1.5869207288046212,39623030271221.13,-6.944131862089337e-05,0.0,0.0,0.0,0.0,0.0,0.0,1.0
1779289553.391961,-6589866621.1175995,408653635247.75635,1.5869207288045892,39998981504203.82,6.944131862089359e-05,0.0,0.0,0.0,0.0,0.0,0.0,1.0
1779289553.4022753,-6943096899.199471,430558302750.5807,1.5869207288045581,40643069799487.44,-6.944131862089364e-05,0.0,0.0,0.0,0.0,0.0,0.0,1.0
1779289553.412491,-7191140709.9080305,445940101925.0662,1.586920728804527,41229608738424.94,6.944131862089337e-05,0.0,0.0,0.0,0.0,0.0,0.0,1.0
1779289553.4227824,-7227428073.762984,448190369496.63635,1.5869207288044977,41713211847378.8,-6.94413186208938e-05,0.0,0.0,0.0,0.0,0.0,0.0,1.0
1779289553.4331405,-7363438067.578665,456624679567.60034,1.5869207288044684,42262110569775.43,6.944131862089326e-05,0.0,0.0,0.0,0.0,0.0,0.0,1.0
1779289553.4433901,-7482053315.800508,463980299214.3423,1.5869207288044391,42800430976479.375,-6.944131862089383e-05,0.0,0.0,0.0,0.0,0.0,0.0,1.0
1779289553.4538674,-7482245097.00599,463992192033.56256,1.5869207288044098,43300264249947.44,6.944131862089327e-05,0.0,0.0,0.0,0.0,0.0,0.0,1.0
1779289553.4641705,-7574954807.766771,469741346380.6019,1.5869207288043814,43838828520834.19,-6.944131862089383e-05,0.0,0.0,0.0,0.0,0.0,0.0,1.0
1779289553.4742324,-7816364404.807253,484711741851.9063,1.5869207288043539,44446495627575.62,6.944131862089327e-05,0.0,0.0,0.0,0.0,0.0,0.0,1.0
1779289553.4843922,-7915239603.708287,490843233093.84735,1.5869207288043263,44990231625609.35,-6.944131862089383e-05,0.0,0.0,0.0,0.0,0.0,0.0,1.0
1779289553.4948976,-7882471247.386505,488811187728.3611,1.5869207288042988,45502937240058.02,6.944131862089327e-05,0.0,0.0,0.0,0.0,0.0,0.0,1.0
1779289553.505139,-8053868366.4904175,499439939390.09546,1.5869207288042722,46107903646515.57,-6.944131862089383e-05,0.0,0.0,0.0,0.0,0.0,0.0,1.0
1779289553.5153518,-8160729911.515936,506066683353.23456,1.5869207288042455,46681587554668.3,6.944131862089327e-05,0.0,0.0,0.0,0.0,0.0,0.0,1.0
1779289553.5254815,-8292582821.044796,514243202530.5856,1.5869207288042197,47268105259774.52,-6.944131862089383e-05,0.0,0.0,0.0,0.0,0.0,0.0,1.0
1779289553.5360432,-8259366307.068632,512183365820.413,1.586920728804193,47813728268136.945,6.944131862089327e-05,0.0,0.0,0.0,0.0,0.0,0.0,1.0
1779289553.5462115,-8438191457.040824,523272747718.24475,1.5869207288041682,48438283409765.984,-6.944131862089379e-05,0.0,0.0,0.0,0.0,0.0,0.0,1.0
1779289553.5567691,-8445024338.864124,523696471317.3024,1.5869207288041416,49017748546553.31,6.944131862089344e-05,0.0,0.0,0.0,0.0,0.0,0.0,1.0
1779289553.5668132,-8709500873.049332,540097303588.3125,1.5869207288041167,49695504649933.11,-6.944131862089353e-05,0.0,0.0,0.0,0.0,0.0,0.0,1.0
1779289553.577241,-8748780507.350712,542533129118.24506,1.5869207288040919,50294771735408.22,6.944131862089367e-05,0.0,0.0,0.0,0.0,0.0,0.0,1.0
1779289553.5880923,-8619209604.510294,534498122720.02234,1.586920728804066,50854114772786.93,-6.944131862089336e-05,0.0,0.0,0.0,0.0,0.0,0.0,1.0
1779289553.5986753,-8661127464.112722,537097551008.84924,1.5869207288040421,51481142523341.945,6.94413186208938e-05,0.0,0.0,0.0,0.0,0.0,0.0,1.0
1779289553.6088333,-9078207180.424637,562961677260.5852,1.5869207288040181,52277976753187.02,-6.944131862089326e-05,0.0,0.0,0.0,0.0,0.0,0.0,1.0
1779289553.619367,-9074339479.92753,562721831759.3691,1.5869207288039942,52891311396663.94,6.944131862089383e-05,0.0,0.0,0.0,0.0,0.0,0.0,1.0
1779289553.6294835,-9373296653.161114,581260892207.7421,1.586920728803971,53635325181871.32,-6.944131862089327e-05,0.0,0.0,0.0,0.0,0.0,0.0,1.0
1779289553.6399827,-9403628390.26671,583141836899.0927,1.586920728803948,54283721441021.875,6.944131862089383e-05,0.0,0.0,0.0,0.0,0.0,0.0,1.0
1779289553.6503983,-9442645036.777283,585561353917.3698,1.5869207288039249,54932902169310.25,-6.944131862089327e-05,0.0,0.0,0.0,0.0,0.0,0.0,1.0
1779289553.6609344,-9539216016.267965,591549954917.1503,1.5869207288039018,55635243490730.21,6.944131862089383e-05,0.0,0.0,0.0,0.0,0.0,0.0,1.0
1779289553.670995,-9829647447.842352,609560313417.2124,1.5869207288038805,56396882386165.64,-6.944131862089327e-05,0.0,0.0,0.0,0.0,0.0,0.0,1.0
1779289553.681796,-9632095965.173073,597309666146.0151,1.5869207288038583,56981483151147.12,6.944131862089383e-05,0.0,0.0,0.0,0.0,0.0,0.0,1.0
1779289553.692347,-9835904976.29633,609948357957.2365,1.586920728803836,57767157900455.75,-6.944131862089327e-05,0.0,0.0,0.0,0.0,0.0,0.0,1.0
1779289553.7024665,-10150675181.04649,629468022898.3202,1.5869207288038147,58570563637692.87,6.944131862089383e-05,0.0,0.0,0.0,0.0,0.0,0.0,1.0
1779289553.7128973,-10274218538.01873,637129246538.8337,1.5869207288037934,59317579123041.38,-6.944131862089327e-05,0.0,0.0,0.0,0.0,0.0,0.0,1.0
1779289553.723217,-10402183877.791447,645064688073.3416,1.586920728803773,60058614804063.74,6.944131862089374e-05,0.0,0.0,0.0,0.0,0.0,0.0,1.0
1779289553.7332795,-10687879007.508562,662781336991.4021,1.5869207288037526,60867175721876.17,-6.944131862089352e-05,0.0,0.0,0.0,0.0,0.0,0.0,1.0
1779289553.7437756,-10691547310.092312,663008817345.3939,1.5869207288037321,61585220092518.7,6.944131862089346e-05,0.0,0.0,0.0,0.0,0.0,0.0,1.0
1779289553.7543662,-10608649927.712305,657868149315.8081,1.5869207288037117,62269392040212.82,-6.944131862089372e-05,0.0,0.0,0.0,0.0,0.0,0.0,1.0
1779289553.764641,0.008206882514059544,-0.5081594586372375,0.19314100937996326,4.569481673747495e-05,6.944131862089332e-05,0.0,0.0,0.0,0.0,0.0,0.0,1.0
1779289553.7749865,0.012310556972623593,-0.7622391423465329,0.2900760528453801,0.0014955705624274008,-6.944131862089383e-05,0.0,0.0,0.0,0.0,0.0,0.0,1.0
1779289553.785742,0.014369750456222026,-0.8892767643912214,0.33870454949573636,-0.002403223660755945,6.944131862089323e-05,0.0,0.0,0.0,0.0,0.0,0.0,1.0
1779289553.7958503,0.015380028191723964,-0.9528019729188197,0.36299535216352874,-0.002460308489042645,-6.944131862089386e-05,0.0,0.0,0.0,0.0,0.0,0.0,1.0
1779289553.8064885,0.015884760855017686,-0.984565054577385,0.3754884547992603,-0.002590645294454497,6.944131862089326e-05,0.0,0.0,0.0,0.0,0.0,0.0,1.0
1779289553.8166063,0.016137011077261357,-1.0004468154983845,0.3814392288070767,-0.004248050390656206,-6.944131862089383e-05,0.0,0.0,0.0,0.0,0.0,0.0,1.0
1779289553.8268847,0.016255157347299837,-1.0083909805685716,0.3837832080402679,0.0005846420139558705,6.944131862089327e-05,0.0,0.0,0.0,0.0,0.0,0.0,1.0
1779289553.8376257,0.016337335698574283,-1.012353788176426,0.3852155816012397,-0.00024750357628516384,-6.944131862089383e-05,0.0,0.0,0.0,0.0,0.0,0.0,1.0
1779289553.8476584,0.01637350710163987,-1.014337179718328,0.38573553246611647,-0.0013690562016356127,6.944131862089327e-05,0.0,0.0,0.0,0.0,0.0,0.0,1.0
1779289553.8580425,0.016386202128941048,-1.0153310652276537,0.38590371561549563,-0.0004575579202697659,-6.944131862089383e-05,0.0,0.0,0.0,0.0,0.0,0.0,1.0
1779289553.868231,0.016396914475542708,-1.0158262359449028,0.3867815753063826,-0.00026472399900210133,6.944131862089327e-05,0.0,0.0,0.0,0.0,0.0,0.0,1.0
1779289553.8786938,0.016403188622172715,-1.016073449649057,0.3866832552231694,0.0012892308008518362,-6.944131862089383e-05,0.0,0.0,0.0,0.0,0.0,0.0,1.0
1779289553.8889637,0.01641381598116145,-1.0161940064389599,0.38591210373538054,-0.0004807281527702506,6.944131862089327e-05,0.0,0.0,0.0,0.0,0.0,0.0,1.0
1779289553.8995254,0.016410563591274102,-1.0162577706877718,0.38681839239486937,-0.00017069797627831712,-6.94413186208937e-05,0.0,0.0,0.0,0.0,0.0,0.0,1.0
1779289553.909568,0.0164104832186075,-1.0162890256090331,0.3874568132105298,-0.0005162734243960307,6.944131862089356e-05,0.0,0.0,0.0,0.0,0.0,0.0,1.0
1779289553.919803,0.01640882306266237,-1.0163053147473615,0.386436286733181,-0.0036963663013377997,-6.944131862089344e-05,0.0,0.0,0.0,0.0,0.0,0.0,1.0
1779289553.9300382,0.01639261067919836,-1.0163197154274806,0.3864302593395874,-0.003632020570277782,6.944131862089375e-05,0.0,0.0,0.0,0.0,0.0,0.0,1.0
1779289553.9406223,0.016384545564473302,-1.0163268989287606,0.3867686044964773,-0.001970264935594617,-6.944131862089329e-05,0.0,0.0,0.0,0.0,0.0,0.0,1.0
1779289553.951684,0.01638833787949237,-1.0163273107491246,0.38706398248135265,0.00022736789735483304,6.944131862089386e-05,0.0,0.0,0.0,0.0,0.0,0.0,1.0
1779289553.9617262,0.016401243074762463,-1.0163230324996122,0.38678291111957375,0.0005456856013617698,-6.944131862089326e-05,0.0,0.0,0.0,0.0,0.0,0.0,1.0
1779289553.9721217,0.016409200176852233,-1.0163202809444676,0.38607659987461673,-0.001181525732090433,6.944131862089383e-05,0.0,0.0,0.0,0.0,0.0,0.0,1.0
1779289553.9824243,0.016404915882325007,-1.0163222659404036,0.38550851661292196,-0.0007392725384612773,-6.944131862089327e-05,0.0,0.0,0.0,0.0,0.0,0.0,1.0
1779289553.9928048,0.01640492141252003,-1.016322383120785,0.3856773640741835,-0.004289164493248244,6.944131862089383e-05,0.0,0.0,0.0,0.0,0.0,0.0,1.0
1779289554.0033884,0.016387256768406907,-1.0163296155653714,0.3860343631090477,-0.001895228962289409,-6.944131862089327e-05,0.0,0.0,0.0,0.0,0.0,0.0,1.0
1779289554.0135603,0.01639067731199275,-1.0163282607130097,0.38588370228485314,-0.0026486088862161675,6.944131862089383e-05,0.0,0.0,0.0,0.0,0.0,0.0,1.0
1779289554.0239182,0.01638870324214941,-1.0163290784843682,0.3864227172115191,-0.0019750952936447136,-6.944131862089327e-05,0.0,0.0,0.0,0.0,0.0,0.0,1.0
1779289554.034388,0.016390695418861463,-1.0163282831249152,0.38672101317623175,5.5524914800653786e-05,6.944131862089383e-05,0.0,0.0,0.0,0.0,0.0,0.0,1.0
1779289554.044944,0.016401615499826966,-1.0163238474836542,0.3870833311417341,0.003384912886743065,-6.944131862089327e-05,0.0,0.0,0.0,0.0,0.0,0.0,1.0
1779289554.055711,0.016423473068382207,-1.01631483272888,0.38667392357464525,0.002821358636484077,6.944131862089383e-05,0.0,0.0,0.0,0.0,0.0,0.0,1.0
1779289554.0657141,0.016430963653104508,-1.0163117332394698,0.3866212660866202,0.0031020910542336817,-6.944131862089332e-05,0.0,0.0,0.0,0.0,0.0,0.0,1.0
1779289554.076139,0.016436641911732802,-1.0163093973745416,0.38653806142427305,0.005403418171347971,6.944131862089361e-05,0.0,0.0,0.0,0.0,0.0,0.0,1.0
1779289554.086488,0.016449584996916677,-1.016304118462084,0.3861976497324586,0.004879456548919607,-6.944131862089361e-05,0.0,0.0,0.0,0.0,0.0,0.0,1.0
1779289554.0967443,0.016454311683210127,-1.0163021985122098,0.3869479916157088,0.0038011704859184114,6.94413186208934e-05,0.0,0.0,0.0,0.0,0.0,0.0,1.0
1779289554.1068916,0.016451050385741448,-1.0163035099719229,0.3866068577290256,0.002776361532630219,-6.944131862089378e-05,0.0,0.0,0.0,0.0,0.0,0.0,1.0
1779289554.1172283,0.016444702861548192,-1.0163060930249501,0.386816293870075,0.003184903764733486,6.944131862089327e-05,0.0,0.0,0.0,0.0,0.0,0.0,1.0
1779289554.1272056,0.01644328347381176,-1.016306666713688,0.3861274569670705,0.0019242105754056211,-6.944131862089387e-05,0.0,0.0,0.0,0.0,0.0,0.0,1.0
1779289554.1378443,0.01643708926662909,-1.0163091951839824,0.38692350229809414,-0.0012899995922668408,6.944131862089325e-05,0.0,0.0,0.0,0.0,0.0,0.0,1.0
1779289554.1480305,0.016418518402917276,-1.0163167556519372,0.3865278288812992,-0.00015314611701348056,-6.944131862089384e-05,0.0,0.0,0.0,0.0,0.0,0.0,1.0
1779289554.1587248,0.016414515379230273,-1.0163183831499905,0.3873687671223789,0.0013034752878166712,6.944131862089326e-05,0.0,0.0,0.0,0.0,0.0,0.0,1.0
1779289554.169131,0.01641965205614144,-1.0163162853862726,0.3870433512821978,0.00024399753068197636,-6.944131862089383e-05,0.0,0.0,0.0,0.0,0.0,0.0,1.0
1779289554.179714,0.016417030153899226,-1.0163173544831623,0.38711788362814925,-0.0028808839815612775,6.944131862089327e-05,0.0,0.0,0.0,0.0,0.0,0.0,1.0
1779289554.189842,0.0164008753384104,-1.0163239406201652,0.3862623474972091,-0.005993536825710388,-6.944131862089383e-05,0.0,0.0,0.0,0.0,0.0,0.0,1.0
1779289554.2005453,0.01637705146163869,-1.0163336240404082,0.3863903827788504,-0.00396429504198275,6.944131862089327e-05,0.0,0.0,0.0,0.0,0.0,0.0,1.0
1779289554.2109387,0.016375263879986363,-1.0163343511277891,0.38674298177451893,0.0015513742884679656,-6.944131862089383e-05,0.0,0.0,0.0,0.0,0.0,0.0,1.0
1779289554.221485,0.016401083840547132,-1.0163238433480797,0.3870120992760535,0.00033349991491274595,6.944131862089327e-05,0.0,0.0,0.0,0.0,0.0,0.0,1.0
1779289554.231642,0.016408131306596217,-1.0163209764882075,0.3871241685830933,-0.00045563343922888183,-6.944131862089383e-05,0.0,0.0,0.0,0.0,0.0,0.0,1.0
1779289554.2420247,0.01640791444045809,-1.0163210678838557,0.3870188488797015,0.0011124789997500816,6.944131862089337e-05,0.0,0.0,0.0,0.0,0.0,0.0,1.0
1779289554.252163,0.01641394107112145,-1.0163185540667907,0.38673822063590535,0.0012344608753728345,-6.944131862089359e-05,0.0,0.0,0.0,0.0,0.0,0.0,1.0
1779289554.2626858,0.01641774722947087,-1.0163169760043238,0.3866322468853687,0.004142042456403833,6.944131862089364e-05,0.0,0.0,0.0,0.0,0.0,0.0,1.0
1779289554.2730289,0.01643312590703143,-1.0163107014903963,0.3863556643825907,0.0020547769584466982,-6.944131862089337e-05,0.0,0.0,0.0,0.0,0.0,0.0,1.0
1779289554.2833428,0.01643122804037702,-1.0163114706233787,0.38662651853607954,-0.0023881671887984145,6.94413186208938e-05,0.0,0.0,0.0,0.0,0.0,0.0,1.0
1779289554.2938118,0.01640866001979608,-1.0163206535388665,0.3869754555279399,-0.0036298148765636197,-6.944131862089326e-05,0.0,0.0,0.0,0.0,0.0,0.0,1.0
1779289554.3042574,0.01639166549555262,-1.0163275769073912,0.3865305386789566,-0.003180761319401597,6.944131862089383e-05,0.0,0.0,0.0,0.0,0.0,0.0,1.0
1779289554.314774,0.016385013695169644,-1.0163302784725827,0.3863276067727641,-0.005715172043625091,-6.944131862089327e-05,0.0,0.0,0.0,0.0,0.0,0.0,1.0
1779289554.3251593,0.016369869459130954,-1.0163364329109075,0.38672129116748444,-0.004031564819778007,6.944131862089383e-05,0.0,0.0,0.0,0.0,0.0,0.0,1.0
1779289554.3352838,0.01637054443313435,-1.0163361642333726,0.3865947134440981,-0.0035308460370021364,-6.944131862089327e-05,0.0,0.0,0.0,0.0,0.0,0.0,1.0
1779289554.3457592,0.016372995484473678,-1.0163351666883496,0.3867715676711314,-0.0021760248346009967,6.944131862089383e-05,0.0,0.0,0.0,0.0,0.0,0.0,1.0
1779289554.3558886,0.01638099012746836,-1.0163319144493799,0.38727089494995637,-0.0006439084128499544,-6.944131862089327e-05,0.0,0.0,0.0,0.0,0.0,0.0,1.0
1779289554.3659117,0.01639218665209976,-1.0163273579468515,0.38709438128737705,-0.0018475431133266908,6.944131862089383e-05,0.0,0.0,0.0,0.0,0.0,0.0,1.0
1779289554.3765795,0.016391772182702442,-1.016327530240937,0.38647412079287147,0.0008133338909247221,-6.944131862089327e-05,0.0,0.0,0.0,0.0,0.0,0.0,1.0
1779289554.387189,0.016404608884210053,-1.0163223017752825,0.386207008377911,-0.00026041857705075375,6.944131862089383e-05,0.0,0.0,0.0,0.0,0.0,0.0,1.0
1779289554.3973534,0.01640578075485921,-1.0163218221602361,0.3861484426092803,-0.0011278271686468743,-6.944131862089327e-05,0.0,0.0,0.0,0.0,0.0,0.0,1.0
1779289554.4078474,0.016402085986653325,-1.0163233226306465,0.38593428873046154,-0.0024823582096275857,6.944131862089379e-05,0.0,0.0,0.0,0.0,0.0,0.0,1.0
1779289554.418067,0.016394046512820747,-1.0163265874013123,0.38621062748976076,2.4828168377612377e-05,-6.944131862089344e-05,0.0,0.0,0.0,0.0,0.0,0.0,1.0
1779289554.428718,0.016401843990204043,-1.0163234182936125,0.3870113787908571,0.0005513812354530814,6.944131862089353e-05,0.0,0.0,0.0,0.0,0.0,0.0,1.0
1779289554.4392953,0.016408323927315352,-1.016320781618922,0.38691308410295777,0.0034116344061896416,-6.944131862089367e-05,0.0,0.0,0.0,0.0,0.0,0.0,1.0
1779289554.4497137,0.016426665282434093,-1.016313397218001,0.3864042402869874,0.0033091657699580073,6.944131862089336e-05,0.0,0.0,0.0,0.0,0.0,0.0,1.0
1779289554.4601917,0.016435414412138902,-1.0163098863550801,0.3864518856713901,0.0034649138753058465,-6.94413186208938e-05,0.0,0.0,0.0,0.0,0.0,0.0,1.0
1779289554.4703572,0.01643987060049843,-1.0163080968133151,0.38696867860114104,0.0025779918177163915,6.944131862089326e-05,0.0,0.0,0.0,0.0,0.0,0.0,1.0
1779289554.4805036,0.01643795498684084,-1.0163088808921967,0.3870080813274397,0.0012248597397883352,-6.944131862089383e-05,0.0,0.0,0.0,0.0,0.0,0.0,1.0
1779289554.49098,0.016430886534615326,-1.0163117628417675,0.3872631500080912,-0.0006785455619754683,6.944131862089327e-05,0.0,0.0,0.0,0.0,0.0,0.0,1.0
1779289554.5017312,0.016418047010673904,-1.016316997291339,0.3873545901877131,0.0008953082686982194,-6.944131862089383e-05,0.0,0.0,0.0,0.0,0.0,0.0,1.0
1779289554.5120616,0.016419269211248748,-1.0163164972116405,0.3868186020695421,-0.0020018010007519255,6.944131862089327e-05,0.0,0.0,0.0,0.0,0.0,0.0,1.0
1779289554.52263,0.01640591025322767,-1.0163219404403434,0.38688508044134906,-0.0014727526648262096,-6.944131862089383e-05,0.0,0.0,0.0,0.0,0.0,0.0,1.0
1779289554.5328913,0.01640169081465443,-1.0163236605379486,0.38687576414542946,-0.002515693462604934,6.944131862089327e-05,0.0,0.0,0.0,0.0,0.0,0.0,1.0
1779289554.5433087,0.016394689907847954,-1.0163265132148247,0.3865041175055657,-0.0009309718423906621,-6.944131862089383e-05,0.0,0.0,0.0,0.0,0.0,0.0,1.0
1779289554.5540762,0.016398629108027925,-1.0163249065672635,0.3867627124098383,0.0005700039983142475,6.944131862089327e-05,0.0,0.0,0.0,0.0,0.0,0.0,1.0
1779289554.5644894,0.016407978888498268,-1.0163210988781306,0.3868185251278655,0.0010659741301582222,-6.944131862089383e-05,0.0,0.0,0.0,0.0,0.0,0.0,1.0
1779289554.5749152,0.016415131649107066,-1.016318185518534,0.3868361542648193,-0.0016985325168294586,6.944131862089327e-05,0.0,0.0,0.0,0.0,0.0,0.0,1.0
1779289554.5853179,0.01640546880114115,-1.0163221218806777,0.3873306122156821,-0.002013738973030217,-6.944131862089374e-05,0.0,0.0,0.0,0.0,0.0,0.0,1.0
1779289554.5954957,0.0163990378163875,-1.016324747215436,0.38815662108000115,0.00021722514769773353,6.944131862089352e-05,0.0,0.0,0.0,0.0,0.0,0.0,1.0
1779289554.6060848,0.016406517594443178,-1.0163216958526828,0.38767693097017775,-0.0017246921768224962,-6.944131862089346e-05,0.0,0.0,0.0,0.0,0.0,0.0,1.0
1779289554.6167357,0.016400769229075136,-1.01632404521796,0.3867584037449747,-0.002964890907703627,6.944131862089372e-05,0.0,0.0,0.0,0.0,0.0,0.0,1.0
1779289554.6274545,0.0163915246595267,-1.0163278053455722,0.38686782399387676,-0.003268180769074411,-6.944131862089332e-05,0.0,0.0,0.0,0.0,0.0,0.0,1.0
1779289554.637846,0.016385886726505806,-1.0163301010702863,0.386965702634674,-0.0015214689879548616,6.944131862089383e-05,0.0,0.0,0.0,0.0,0.0,0.0,1.0
1779289554.6487439,0.01638951673923921,-1.0163286130799696,0.38645562419234825,-0.005981013296806005,-6.944131862089323e-05,0.0,0.0,0.0,0.0,0.0,0.0,1.0
1779289554.6586719,0.01637060908551892,-1.0163362970783572,0.3864948480350092,-0.00873140773274125,6.944131862089386e-05,0.0,0.0,0.0,0.0,0.0,0.0,1.0
1779289554.6689258,0.016347702921716258,-1.016345614973671,0.38714897474266996,-0.006784065502418901,-6.944131862089326e-05,0.0,0.0,0.0,0.0,0.0,0.0,1.0
1779289554.6793194,0.01634479563164068,-1.0163468213160474,0.3868961572957197,-0.0053357013643689786,6.944131862089383e-05,0.0,0.0,0.0,0.0,0.0,0.0,1.0
1779289554.6898987,0.016350373044076504,-1.0163445500660835,0.3866816799760171,-0.003952100080889404,-6.944131862089327e-05,0.0,0.0,0.0,0.0,0.0,0.0,1.0
1779289554.7006085,0.016359852998429555,-1.0163406833802493,0.3868669463162919,-0.004739100500053147,6.944131862089383e-05,0.0,0.0,0.0,0.0,0.0,0.0,1.0
1779289554.7110677,0.016360806339688522,-1.0163402968805813,0.3867341402807387,-0.003940177839175395,-6.944131862089327e-05,0.0,0.0,0.0,0.0,0.0,0.0,1.0
1779289554.721268,0.016365780939376625,-1.0163382683019284,0.3864061539444599,-0.004020842497927581,6.944131862089383e-05,0.0,0.0,0.0,0.0,0.0,0.0,1.0
1779289554.7314572,0.01636799478084438,-1.016337358147731,0.38669810151172745,-0.00551881584356126,-6.944131862089327e-05,0.0,0.0,0.0,0.0,0.0,0.0,1.0
1779289554.7417023,0.01636195799233354,-1.0163398184256849,0.3867817508673501,-0.0036026921783836492,6.944131862089383e-05,0.0,0.0,0.0,0.0,0.0,0.0,1.0
1779289554.752051,0.016367632115189688,-1.0163375106616788,0.3867660119937697,-0.003307059362039056,-6.944131862089327e-05,0.0,0.0,0.0,0.0,0.0,0.0,1.0
1779289554.7620862,0.01637241703288836,-1.0163355631392346,0.3871181714283507,-0.001522084099860099,6.94413186208937e-05,0.0,0.0,0.0,0.0,0.0,0.0,1.0
1779289554.7722797,0.01638303440166196,-1.0163312424913735,0.3869019491273593,-0.0018011700505131257,-6.944131862089356e-05,0.0,0.0,0.0,0.0,0.0,0.0,1.0
1779289554.7829728,0.016386641074178664,-1.016329773820036,0.38601977047712754,0.0033363078753571836,6.944131862089344e-05,0.0,0.0,0.0,0.0,0.0,0.0,1.0
1779289554.793473,0.016413486593759186,-1.0163188529587341,0.38704466065687937,0.004498151262432717,-6.944131862089375e-05,0.0,0.0,0.0,0.0,0.0,0.0,1.0
1779289554.8034751,0.016431732063850672,-1.0163114074704822,0.38735418014884493,0.0017667049513851699,6.944131862089329e-05,0.0,0.0,0.0,0.0,0.0,0.0,1.0
1779289554.8141649,0.01642856081046104,-1.0163126926755397,0.38679715602441345,0.001620479042381703,-6.944131862089386e-05,0.0,0.0,0.0,0.0,0.0,0.0,1.0
1779289554.8247263,0.01642616453144781,-1.016313671110268,0.3863642246369521,0.0035080266531850816,6.944131862089326e-05,0.0,0.0,0.0,0.0,0.0,0.0,1.0
1779289554.8350308,0.016433986783917418,-1.0163104947048787,0.3867487397007241,0.0035424733914316,-6.944131862089383e-05,0.0,0.0,0.0,0.0,0.0,0.0,1.0
1779289554.8451035,0.016437592969522383,-1.016309023120197,0.38585360721833695,0.0014177767227261861,6.944131862089327e-05,0.0,0.0,0.0,0.0,0.0,0.0,1.0
1779289554.8555245,0.016429104558007945,-1.016312488860879,0.3862192443084256,0.0019719114213774674,-6.944131862089383e-05,0.0,0.0,0.0,0.0,0.0,0.0,1.0
1779289554.8658607,0.016427494475464557,-1.0163131477192489,0.38648289522366763,0.0016389924550400353,6.944131862089327e-05,0.0,0.0,0.0,0.0,0.0,0.0,1.0
1779289554.87606,0.016425336368341353,-1.0163140249010398,0.3858083416037852,0.0017848294549024802,-6.944131862089383e-05,0.0,0.0,0.0,0.0,0.0,0.0,1.0
1779289554.8862793,0.016424602933773742,-1.016314329409684,0.38654408964331477,0.0044438345561607015,6.944131862089327e-05,0.0,0.0,0.0,0.0,0.0,0.0,1.0
1779289554.8968017,0.016437494607223498,-1.0163090780602109,0.38656053523706824,0.005359347314572763,-6.944131862089383e-05,0.0,0.0,0.0,0.0,0.0,0.0,1.0
1779289554.9072742,0.016448565758696118,-1.016304569283227,0.38625526138383925,0.0036049907686569716,6.944131862089327e-05,0.0,0.0,0.0,0.0,0.0,0.0,1.0
1779289554.9174933,0.016444722713709732,-1.0163061383669652,0.3866175518265158,0.002258965994893864,-6.944131862089383e-05,0.0,0.0,0.0,0.0,0.0,0.0,1.0
1779289554.9275827,0.016436485850729522,-1.0163094868050795,0.3868890843554853,0.006001968468807467,6.944131862089332e-05,0.0,0.0,0.0,0.0,0.0,0.0,1.0
1779289554.937765,0.01645045950082727,-1.0163037865560536,0.386806202569157,0.0031898783112990466,-6.944131862089361e-05,0.0,0.0,0.0,0.0,0.0,0.0,1.0
1779289554.9485834,0.016444427069987905,-1.0163062422849343,0.3872622512321833,0.003359394735562742,6.944131862089361e-05,0.0,0.0,0.0,0.0,0.0,0.0,1.0
1779289554.9586332,0.016441756042056374,-1.0163073210563724,0.3869967439200317,0.0014584420518036969,-6.94413186208934e-05,0.0,0.0,0.0,0.0,0.0,0.0,1.0
1779289554.9691365,0.016431582579350568,-1.0163114672777207,0.3866165492590854,0.0015810261210314897,6.944131862089378e-05,0.0,0.0,0.0,0.0,0.0,0.0,1.0
1779289554.9793735,0.016426785847597665,-1.016313425486151,0.3871760692917716,0.0019986049952564183,-6.944131862089327e-05,0.0,0.0,0.0,0.0,0.0,0.0,1.0
1779289554.9894998,0.016426344540923756,-1.0163136017472634,0.3874507603384876,0.00400434642412075,6.944131862089387e-05,0.0,0.0,0.0,0.0,0.0,0.0,1.0
1779289554.9998853,0.016435906915264694,-1.016309694636289,0.387214162471087,0.0011921249339977035,-6.944131862089325e-05,0.0,0.0,0.0,0.0,0.0,0.0,1.0
1779289555.010273,0.016427199284899833,-1.016313247134796,0.38664494556092466,-0.0010759880814564457,6.944131862089384e-05,0.0,0.0,0.0,0.0,0.0,0.0,1.0
1779289555.0201085,0.01641213239356653,-1.016319388848792,0.38657212806151797,-0.002028191067633865,-6.944131862089326e-05,0.0,0.0,0.0,0.0,0.0,0.0,1.0
1779289555.0307684,0.01639972020825528,-1.0163244451852576,0.38743473763424596,-0.003857136966978634,6.944131862089383e-05,0.0,0.0,0.0,0.0,0.0,0.0,1.0
1779289555.0410974,0.016384909985725997,-1.0163304943337477,0.3869107303439532,-0.0030877519030971094,-6.944131862089327e-05,0.0,0.0,0.0,0.0,0.0,0.0,1.0
1779289555.0515914,0.016383497213282503,-1.0163310028905073,0.38677594635152523,-0.005812466129936468,6.944131862089383e-05,0.0,0.0,0.0,0.0,0.0,0.0,1.0
1779289555.0617247,0.016370627684602616,-1.0163362087485257,0.3868797344540873,-0.007709435960669227,-6.944131862089327e-05,0.0,0.0,0.0,0.0,0.0,0.0,1.0
1779289555.071975,0.016354593919550596,-1.0163427257154476,0.3867404470093234,-0.005993784652928206,6.944131862089383e-05,0.0,0.0,0.0,0.0,0.0,0.0,1.0
1779289555.0820887,0.016355402560219556,-1.016342384034595,0.3863191839607807,-0.0030040630098514933,-6.944131862089327e-05,0.0,0.0,0.0,0.0,0.0,0.0,1.0
1779289555.0925717,0.016369083279857574,-1.0163367991778882,0.38579116353105114,-0.0011260952810648677,6.944131862089383e-05,0.0,0.0,0.0,0.0,0.0,0.0,1.0
1779289555.1032538,0.01638511017011667,-1.0163302666712641,0.38621807619497606,0.0009148385595276863,-6.944131862089337e-05,0.0,0.0,0.0,0.0,0.0,0.0,1.0
1779289555.1133862,0.016402956203875177,-1.0163230048168095,0.3869709746748411,-0.0004716299830359264,6.944131862089359e-05,0.0,0.0,0.0,0.0,0.0,0.0,1.0
1779289555.1238792,0.016405245519279563,-1.0163220734339782,0.3870046227415749,-0.0021431186245076668,-6.944131862089364e-05,0.0,0.0,0.0,0.0,0.0,0.0,1.0
1779289555.134597,0.016398204108761284,-1.0163249441277162,0.3867825584631195,-0.00432560606191723,6.944131862089337e-05,0.0,0.0,0.0,0.0,0.0,0.0,1.0
1779289555.1450088,0.01638406843768282,-1.0163307002245572,0.3868082086879614,-0.002286709712206318,-6.94413186208938e-05,0.0,0.0,0.0,0.0,0.0,0.0,1.0
1779289555.155279,0.016387306287996492,-1.0163293811021732,0.3868254265198856,-0.0028535667340640622,6.944131862089326e-05,0.0,0.0,0.0,0.0,0.0,0.0,1.0
1779289555.1658206,0.016385709310525215,-1.0163300317514916,0.3870877742381884,-0.0030869226251754194,-6.944131862089383e-05,0.0,0.0,0.0,0.0,0.0,0.0,1.0
1779289555.1757889,0.016384519795273444,-1.016330520763368,0.38722399403942376,-0.0015694619219251448,6.944131862089327e-05,0.0,0.0,0.0,0.0,0.0,0.0,1.0
1779289555.185988,0.016390932878930495,-1.016327909663267,0.3867218374341177,3.862584393636592e-05,-6.944131862089383e-05,0.0,0.0,0.0,0.0,0.0,0.0,1.0
1779289555.1962695,0.01640170907095336,-1.0163235172152487,0.3864102427731759,-0.0018232690897701297,6.944131862089327e-05,0.0,0.0,0.0,0.0,0.0,0.0,1.0
1779289555.2070076,0.016398000578749714,-1.0163250221395161,0.38648512465036555,-0.0015556190349893786,-6.944131862089383e-05,0.0,0.0,0.0,0.0,0.0,0.0,1.0
1779289555.217142,0.016397689829726784,-1.0163251472502053,0.38716394206912064,-0.0009627650587123105,6.944131862089327e-05,0.0,0.0,0.0,0.0,0.0,0.0,1.0
1779289555.227259,0.016400362581994347,-1.0163240624872452,0.3866002593608533,-0.0017891403670286944,-6.944131862089383e-05,0.0,0.0,0.0,0.0,0.0,0.0,1.0
1779289555.2375546,0.016397724969237575,-1.0163251348777451,0.3858879143904326,0.002227699531317358,6.944131862089327e-05,0.0,0.0,0.0,0.0,0.0,0.0,1.0
1779289555.248131,0.01641506957383239,-1.016318126607684,0.38639099386482423,0.0013741355900038434,-6.944131862089383e-05,0.0,0.0,0.0,0.0,0.0,0.0,1.0
1779289555.2583358,0.01641930141539933,-1.0163164226390482,0.3864801517065377,0.0002328427148937679,6.944131862089327e-05,0.0,0.0,0.0,0.0,0.0,0.0,1.0
1779289555.2684004,0.016416027243361213,-1.0163177634595977,0.3865700639449714,0.0006386084374235338,-6.944131862089379e-05,0.0,0.0,0.0,0.0,0.0,0.0,1.0
1779289555.278604,0.016416312152548983,-1.0163176514056,0.3865176802853627,0.003648408073080885,6.944131862089344e-05,0.0,0.0,0.0,0.0,0.0,0.0,1.0
1779289555.2886655,0.01643050841106544,-1.016311875804717,0.38721118580030245,0.005453164856043816,-6.944131862089353e-05,0.0,0.0,0.0,0.0,0.0,0.0,1.0
1779289555.2993507,0.01644716853626708,-1.0163050748373554,0.38693690179158313,0.005988805466150914,6.944131862089367e-05,0.0,0.0,0.0,0.0,0.0,0.0,1.0
1779289555.3097203,0.01645792485619213,-1.0163006942220882,0.387164853780694,0.0032381273439191813,-6.944131862089336e-05,0.0,0.0,0.0,0.0,0.0,0.0,1.0
1779289555.3203633,0.016450140301805163,-1.016303863216915,0.3867099997932413,0.005326683740192772,6.94413186208938e-05,0.0,0.0,0.0,0.0,0.0,0.0,1.0
1779289555.3311431,0.016456744489891352,-1.0163011818322403,0.3864143197565171,0.006973604685981441,-6.944131862089326e-05,0.0,0.0,0.0,0.0,0.0,0.0,1.0
1779289555.3413148,0.01646714167489919,-1.0162969634581238,0.38616003723894465,0.003959771399590358,6.944131862089383e-05,0.0,0.0,0.0,0.0,0.0,0.0,1.0
1779289555.3519092,0.016458144786565827,-1.0163006356949407,0.3858860010324081,0.0013687721508282465,-6.944131862089327e-05,0.0,0.0,0.0,0.0,0.0,0.0,1.0
1779289555.3619673,0.016440781348873248,-1.0163077044248658,0.387226448727354,0.00391191862929301,6.944131862089383e-05,0.0,0.0,0.0,0.0,0.0,0.0,1.0
1779289555.3722181,0.016444117027060966,-1.0163063278652995,0.3876517385324778,0.005195355456264719,-6.944131862089327e-05,0.0,0.0,0.0,0.0,0.0,0.0,1.0
1779289555.3825285,0.01645193025214275,-1.01630312120012,0.3871681857811211,0.0038838641119540293,6.944131862089383e-05,0.0,0.0,0.0,0.0,0.0,0.0,1.0
1779289555.3929586,0.016450230634017717,-1.0163038176660777,0.38612013258897626,0.0037313116929279947,-6.944131862089327e-05,0.0,0.0,0.0,0.0,0.0,0.0,1.0
1779289555.4035578,0.016448676578207838,-1.0163044753803714,0.386912866563923,0.002970133465324088,6.944131862089383e-05,0.0,0.0,0.0,0.0,0.0,0.0,1.0
1779289555.4141572,0.01644429308844802,-1.016306256807825,0.38663317770723626,0.0022517567711497874,-6.944131862089327e-05,0.0,0.0,0.0,0.0,0.0,0.0,1.0
1779289555.4244153,0.016438144258131223,-1.0163087633311165,0.38657488682698826,0.0018480030292187455,6.944131862089383e-05,0.0,0.0,0.0,0.0,0.0,0.0,1.0
1779289555.434685,0.01643311853205527,-1.01631081161465,0.38682254886358747,-0.0007443528725568065,-6.944131862089327e-05,0.0,0.0,0.0,0.0,0.0,0.0,1.0
1779289555.444854,0.016418347253762938,-1.0163168266368978,0.3865040936557551,0.0009658360984498591,6.944131862089374e-05,0.0,0.0,0.0,0.0,0.0,0.0,1.0
1779289555.455492,0.01641666783269279,-1.0163174917612565,0.3866310839786622,0.0006219432815004377,-6.944131862089352e-05,0.0,0.0,0.0,0.0,0.0,0.0,1.0
1779289555.4657664,0.01641405277474204,-1.0163185464047975,0.3866848435892072,0.002842315613592294,6.944131862089346e-05,0.0,0.0,0.0,0.0,0.0,0.0,1.0
1779289555.4758232,0.01642304177803063,-1.0163148809484943,0.3863344743367283,0.003072087461196646,-6.944131862089372e-05,0.0,0.0,0.0,0.0,0.0,0.0,1.0
1779289555.4860349,0.016428731968271014,-1.0163125672591158,0.3866117359487884,-0.0008629511425157278,6.944131862089332e-05,0.0,0.0,0.0,0.0,0.0,0.0,1.0
1779289555.4960356,0.01641309368716777,-1.016318930317493,0.38702771274427183,0.002073871475163079,-6.944131862089383e-05,0.0,0.0,0.0,0.0,0.0,0.0,1.0
1779289555.5065155,0.016419201001590375,-1.0163164375893488,0.3866230851548935,0.00505130650733762,6.944131862089323e-05,0.0,0.0,0.0,0.0,0.0,0.0,1.0
1779289555.5166233,0.01643606945587637,-1.0163095717150312,0.3866406633729498,0.0037584662114290585,-6.944131862089386e-05,0.0,0.0,0.0,0.0,0.0,0.0,1.0
1779289555.527125,0.016439152980472983,-1.016308316741403,0.38755689548658934,0.00142526377934792,6.944131862089326e-05,0.0,0.0,0.0,0.0,0.0,0.0,1.0
1779289555.5377269,0.016429340874145833,-1.016312304300675,0.38707750299597343,-4.664639400521822e-06,-6.944131862089383e-05,0.0,0.0,0.0,0.0,0.0,0.0,1.0
1779289555.5477648,0.01641740067938218,-1.016317169417832,0.3870740907461734,0.0005493261109612216,6.944131862089327e-05,0.0,0.0,0.0,0.0,0.0,0.0,1.0
1779289555.5580437,0.016414039221289638,-1.016318538593929,0.38658185214877117,0.002521528679998082,-6.944131862089383e-05,0.0,0.0,0.0,0.0,0.0,0.0,1.0
1779289555.5683985,0.01642186070162177,-1.0163153566515555,0.3861339538545421,0.004410274994513871,6.944131862089327e-05,0.0,0.0,0.0,0.0,0.0,0.0,1.0
1779289555.5788248,0.016434930374283632,-1.0163100484931382,0.38574565856180554,0.005542396497228652,-6.944131862089383e-05,0.0,0.0,0.0,0.0,0.0,0.0,1.0
1779289555.5891163,0.016447010098887178,-1.0163051523006765,0.38654689486760496,0.0026328553432428303,6.944131862089327e-05,0.0,0.0,0.0,0.0,0.0,0.0,1.0
1779289555.5996015,0.016438960579410362,-1.016308413906095,0.38744223544541256,-0.0016233930220228643,-6.944131862089383e-05,0.0,0.0,0.0,0.0,0.0,0.0,1.0
1779289555.609927,0.01641447876368399,-1.0163183793179194,0.3872177261255425,0.00025556871956413665,6.944131862089327e-05,0.0,0.0,0.0,0.0,0.0,0.0,1.0
1779289555.6201138,0.01641120174109415,-1.0163197044650527,0.3866641005400444,-0.0009856969823331737,-6.94413186208937e-05,0.0,0.0,0.0,0.0,0.0,0.0,1.0
1779289555.63049,0.016403618683065613,-1.0163227882056372,0.38672065002432277,-0.00174133431931943,6.944131862089356e-05,0.0,0.0,0.0,0.0,0.0,0.0,1.0
1779289555.64092,0.016396144010093712,-1.0163258302622795,0.38700893961679617,-0.0018039641112164023,-6.944131862089344e-05,0.0,0.0,0.0,0.0,0.0,0.0,1.0
1779289555.6513205,0.016392645990773974,-1.0163272869137012,0.38724981985797813,-0.001605660834062678,6.944131862089375e-05,0.0,0.0,0.0,0.0,0.0,0.0,1.0
1779289555.6619694,0.016391726417210727,-1.016327679400701,0.3869754208030667,0.0002886082435314336,-6.944131862089329e-05,0.0,0.0,0.0,0.0,0.0,0.0,1.0
1779289555.6727622,0.016400548242873812,-1.0163240906516566,0.3867725442137355,0.0007680276657474012,6.944131862089386e-05,0.0,0.0,0.0,0.0,0.0,0.0,1.0
1779289555.683223,0.016407284342087186,-1.0163213495945311,0.38712373902654296,-0.0020772587534593485,-6.944131862089326e-05,0.0,0.0,0.0,0.0,0.0,0.0,1.0
1779289555.6935358,0.016396885479854538,-1.016325590255856,0.3867304532632261,-0.002755255459911817,6.944131862089383e-05,0.0,0.0,0.0,0.0,0.0,0.0,1.0
1779289555.7038498,0.016388562821648765,-1.0163289778875089,0.3866617272148125,-0.0022456791805709636,-6.944131862089327e-05,0.0,0.0,0.0,0.0,0.0,0.0,1.0
1779289555.7140932,0.016386974176482074,-1.0163296231614827,0.3867161094538849,-0.0013633060453468713,6.944131862089383e-05,0.0,0.0,0.0,0.0,0.0,0.0,1.0
1779289555.7245033,0.01639025692819693,-1.0163282861971803,0.3869777125174467,-0.0016123431831770304,-6.944131862089327e-05,0.0,0.0,0.0,0.0,0.0,0.0,1.0
1779289555.7346752,0.016390640685853435,-1.0163281322087796,0.3865677091740878,0.0006828130587132385,6.944131862089383e-05,0.0,0.0,0.0,0.0,0.0,0.0,1.0
1779289555.7451239,0.016401903567099356,-1.0163235450755654,0.38666433184044235,0.0007226399741049213,-6.944131862089327e-05,0.0,0.0,0.0,0.0,0.0,0.0,1.0
1779289555.755418,0.016407645501885847,-1.0163212061463254,0.38677533869289826,0.0017889397587274314,6.944131862089383e-05,0.0,0.0,0.0,0.0,0.0,0.0,1.0
1779289555.7658215,0.016415669596038518,-1.016317937419094,0.38739765163520135,-0.0010866399718525285,-6.944131862089327e-05,0.0,0.0,0.0,0.0,0.0,0.0,1.0
1779289555.7763987,0.01640577143921214,-1.0163219724147374,0.38660770596740024,-0.0013304111416066878,6.944131862089383e-05,0.0,0.0,0.0,0.0,0.0,0.0,1.0
1779289555.7869523,0.016399627363192934,-1.0163244714815525,0.3867725675075482,0.00033205560588631653,-6.944131862089332e-05,0.0,0.0,0.0,0.0,0.0,0.0,1.0
1779289555.7977011,0.016404715554943983,-1.0163223987121233,0.38703931396459534,0.0011846686120620515,6.944131862089361e-05,0.0,0.0,0.0,0.0,0.0,0.0,1.0
1779289555.8077273,0.016411170345697466,-1.0163197678262974,0.38694690115250463,0.0013802759644711206,-6.944131862089361e-05,0.0,0.0,0.0,0.0,0.0,0.0,1.0
1779289555.818078,0.016415395910991105,-1.016318046236506,0.3866362343250387,-0.0016341817335242975,6.94413186208934e-05,0.0,0.0,0.0,0.0,0.0,0.0,1.0
1779289555.828106,0.016403265195757875,-1.0163229867421038,0.38679287321663836,-0.003723359249811286,-6.944131862089378e-05,0.0,0.0,0.0,0.0,0.0,0.0,1.0
1779289555.8385637,0.016386891007690883,-1.0163296572988063,0.3871898672125491,-0.002531186256692744,6.944131862089327e-05,0.0,0.0,0.0,0.0,0.0,0.0,1.0
1779289555.848998,0.016381480896445262,-1.0163318779868211,0.3866870375126683,0.0014849669672869796,-6.944131862089387e-05,0.0,0.0,0.0,0.0,0.0,0.0,1.0
1779289555.8589652,0.016397779089710962,-1.0163252433891112,0.3871919440046385,0.0023421631405415736,6.944131862089325e-05,0.0,0.0,0.0,0.0,0.0,0.0,1.0
1779289555.8694086,0.016410233481559865,-1.0163201663923167,0.3866543239349274,0.0013799953342096489,-6.944131862089384e-05,0.0,0.0,0.0,0.0,0.0,0.0,1.0
1779289555.8801556,0.016411934560022837,-1.0163194777651405,0.38667833617720593,0.0012857628311621306,6.944131862089326e-05,0.0,0.0,0.0,0.0,0.0,0.0,1.0
1779289555.8902287,0.016412198389753933,-1.0163193721575157,0.38636560959744504,0.0002943959530862121,-6.944131862089383e-05,0.0,0.0,0.0,0.0,0.0,0.0,1.0
1779289555.9004629,0.016407548482424573,-1.0163212669048824,0.3865416878725081,0.0014625582032974014,6.944131862089327e-05,0.0,0.0,0.0,0.0,0.0,0.0,1.0
1779289555.910582,0.016410766466184726,-1.0163199579208024,0.3869956322572561,0.002486757467090809,-6.944131862089383e-05,0.0,0.0,0.0,0.0,0.0,0.0,1.0
1779289555.9207518,0.01641721203190999,-1.0163173286343503,0.38643785334439507,-0.001854034395835541,6.944131862089327e-05,0.0,0.0,0.0,0.0,0.0,0.0,1.0
1779289555.930959,0.016399897862454826,-1.0163243780592395,0.386931411070067,-0.004508589973283119,-6.944131862089383e-05,0.0,0.0,0.0,0.0,0.0,0.0,1.0
1779289555.9410775,0.01637885955663198,-1.0163329528292926,0.38638781614002227,-0.0010316691292548922,6.944131862089327e-05,0.0,0.0,0.0,0.0,0.0,0.0,1.0
1779289555.9514234,0.016384589078580758,-1.0163306162149919,0.386434380645011,-0.0016982665852588522,-6.944131862089383e-05,0.0,0.0,0.0,0.0,0.0,0.0,1.0
1779289555.9618816,0.016384257531988827,-1.016330748729389,0.38630571755140375,-0.0008502916848100836,6.944131862089337e-05,0.0,0.0,0.0,0.0,0.0,0.0,1.0
1779289555.9724157,0.016388052037108122,-1.0163292029551485,0.386510744130657,-0.0004639234340658779,-6.944131862089359e-05,0.0,0.0,0.0,0.0,0.0,0.0,1.0
1779289555.9827018,0.01639187854231453,-1.0163276458886537,0.38666067234501833,0.0002653592131811586,6.944131862089364e-05,0.0,0.0,0.0,0.0,0.0,0.0,1.0
1779289555.99304,0.016397294060297888,-1.0163254417726466,0.3865503227716989,-0.001386850398932154,-6.944131862089337e-05,0.0,0.0,0.0,0.0,0.0,0.0,1.0
1779289583.2621417,-0.0011126147437581883,-1.023452420099884,-0.13861929521993943,-0.0027912285692284697,-0.00017360329655223363,0.0,0.0,0.0,0.0,0.0,0.0,1.0
1779289583.3529387,0.017352759838104248,-1.0169012546539307,0.3854357898235321,-0.005509117618203163,-0.0004119348534791186,0.0,0.0,0.0,0.053072803456586944,0.1,0.0,1.0
1779289583.3595924,0.01714959554374218,-1.0168195962905884,0.38549575209617615,-0.006217212416231632,-0.0004304734476959026,0.0,0.0,0.0,-0.3190450478005513,0.1,0.0,1.0
1779289583.370363,0.016966162249445915,-1.016724944114685,0.38549646735191345,-0.006838222965598106,-0.00044437739335849056,0.0,0.0,0.0,-0.3191520722613885,0.1,0.0,1.0
1779289583.3803513,0.016838664188981056,-1.016639232635498,0.3854803442955017,-0.007353292778134346,-0.0004548053526054316,0.0,0.0,0.0,-0.3192423793653512,0.1,0.0,1.0
1779289583.390992,0.0167685616761446,-1.0165730714797974,0.38546475768089294,-0.007772434037178755,-0.00046262632204063727,0.0,0.0,0.0,-0.31931822889016453,0.1,0.0,1.0
1779289583.401414,0.01674015074968338,-1.0165306329727173,0.38546597957611084,-0.008119005709886551,-0.00046849204911704153,0.0,0.0,0.0,-0.3193775526420548,0.1,0.0,1.0
1779289583.413325,0.016735149547457695,-1.0165079832077026,0.38548415899276733,-0.008412175811827183,-0.00047289134442434475,0.0,0.0,0.0,-0.3194233436995389,0.1,0.0,1.0
1779289583.4223065,0.0167411919683218,-1.0164971351623535,0.38551753759384155,-0.008664581924676895,-0.00047619081590482215,0.0,0.0,0.0,-0.31945846639163245,0.1,0.0,1.0
1779289583.432532,0.016751151531934738,-1.016496181488037,0.38555121421813965,-0.008879026398062706,-0.00047866541951518027,0.0,0.0,0.0,-0.31948979869297084,0.1,0.0,1.0
1779289583.443044,0.01676039583981037,-1.0165019035339355,0.38559412956237793,-0.009064673446118832,-0.0004805213722229488,0.0,0.0,0.0,-0.3195105361349937,0.1,0.0,1.0
1779289583.4526417,0.008194261230528355,-0.5081644058227539,0.19321952727535718,-0.01005419417003614,-0.0004819133367537752,0.0,0.0,0.0,-0.319528856083373,0.1,0.0,1.0
1779289583.4628754,0.012238033150039858,-0.7622573661697283,0.2898279542806832,-0.010158470774666858,-0.00048295731015189506,0.0,0.0,0.0,-0.33555164803540166,0.1,0.0,1.0
1779289583.473014,0.014262270810644543,-0.8893085123066546,0.3381389703693056,-0.010247105888602968,-0.0004837402902004849,0.0,0.0,0.0,-0.48,0.1,0.0,1.0
1779289583.4837878,0.015274374187504835,-0.9528366957646163,0.36229282025458165,-0.010322445735448663,-0.0004843275252369273,0.0,0.0,0.0,-0.41768692504232374,0.1,0.0,1.0
1779289583.4941995,0.015781755433854315,-0.9846016564726219,0.37436517951832426,-0.010386484605267504,-0.0004847679515142591,0.0,0.0,0.0,-0.3734378401702762,0.1,0.0,1.0
1779289583.5043054,0.01603690712618794,-1.0004842316998934,0.3804036006504985,-0.010440917644613516,-0.000485098271222258,0.0,0.0,0.0,-0.34788479862655886,0.1,0.0,1.0
1779289583.5146525,0.01616420633249341,-1.008425997428664,0.3834274412008174,-0.010487185728057628,-0.0004853460110032571,0.0,0.0,0.0,-0.33426736940259116,0.1,0.0,1.0
1779289583.5248263,0.016228289111476578,-1.012396857948724,0.38493136464805255,-0.010526513598985123,-0.00048553181583900647,0.0,0.0,0.0,-0.3272567990953383,0.1,0.0,1.0
1779289583.5348835,0.016261666869431278,-1.014381847482148,0.38569203974477295,-0.010559942289273493,-0.00048567116946581846,0.0,0.0,0.0,-0.32369741589622314,0.1,0.0,1.0
1779289583.5455716,0.01627850156052731,-1.0153742594867223,0.3860660661836741,-0.01058835667601861,-0.00048577568468592745,0.0,0.0,0.0,-0.32191087933992674,0.1,0.0,1.0
1779289583.5559483,0.016287395163747484,-1.0158704049855056,0.3862503556127983,-0.010612508904751957,-0.00048585407110100917,0.0,0.0,0.0,-0.3210111724785952,0.1,0.0,1.0
1779289583.5664835,0.016289413213202056,-1.016119450961737,0.38634344194121706,-0.010633038299175303,-0.0004859128609123205,0.0,0.0,0.0,-0.3205591543604222,0.1,0.0,1.0
1779289583.576824,0.0162948194003191,-1.0162422226922891,0.38639866632586095,-0.010650488284435145,-0.00048595695327080404,0.0,0.0,0.0,-0.3203321657593211,0.1,0.0,1.0
1779289583.5870917,0.016297102769470606,-1.0163037745584789,0.3864250291573583,-0.010665320771906014,-0.0004859900225396667,0.0,0.0,0.0,-0.3202258159355617,0.1,0.0,1.0
1779289583.5972316,0.016296457143247206,-1.016335306268548,0.3864318213785971,-0.010677928386256249,-0.00048601482449131365,0.0,0.0,0.0,-0.3201717103825377,0.1,0.0,1.0
1779289583.6071894,0.016296802910750037,-1.0163508285494398,0.3864417858200211,-0.010688644858453951,-0.0004860334259550489,0.0,0.0,0.0,-0.3201400905601869,0.1,0.0,1.0
1779289583.6178403,0.016291192674895053,-1.016360997410957,0.3864387620263323,-0.010697753859821996,-0.0004860473770528503,0.0,0.0,0.0,-0.3201282681316861,0.1,0.0,1.0
1779289583.6278808,0.01629164520458446,-1.016364764511495,0.38644431453003225,-0.010705496510984836,-0.0004860578403762014,0.0,0.0,0.0,-0.3201146788168194,0.1,0.0,1.0
1779289583.638289,0.01629232705026245,-1.0163664602494407,0.3864484595669029,-0.010712077764473249,-0.0004860656878687146,0.0,0.0,0.0,-0.3201135869153657,0.1,0.0,1.0
1779289583.6490002,0.016288642025647677,-1.0163688947956238,0.3864383554105384,-0.0107176718299384,-0.0004860715734880996,0.0,0.0,0.0,-0.3201140544105679,0.1,0.0,1.0
1779289583.6596222,0.016286990132898665,-1.0163700797946489,0.38643996812116566,-0.010722426785583779,-0.0004860759877026383,0.0,0.0,0.0,-0.320105369170551,0.1,0.0,1.0
1779289583.6699414,0.016285701331678854,-1.016370861863352,0.38643905660534594,-0.01072646849788235,-0.00048607929836354236,0.0,0.0,0.0,-0.3201047884774536,0.1,0.0,1.0
1779289583.6799777,0.01628427746661535,-1.0163715602183065,0.3864459729949479,-0.010729903953336135,-0.00048608178135922035,0.0,0.0,0.0,-0.32010328779807284,0.1,0.0,1.0
1779289583.690222,0.016282187357840885,-1.0163724179170541,0.386440676477501,-0.010732824090471854,-0.00048608364360597884,0.0,0.0,0.0,-0.320106224401185,0.1,0.0,1.0
1779289583.700491,0.016283120517563407,-1.0163720430200727,0.38644176252153617,-0.010735306207037214,-0.00048608504029104777,0.0,0.0,0.0,-0.32010212634918495,0.1,0.0,1.0
1779289583.7119534,0.016285005936845336,-1.0163712670995149,0.38643887439452485,-0.010737416006117769,-0.0004860860878048495,0.0,0.0,0.0,-0.32010323549149783,0.1,0.0,1.0
1779289583.721339,0.016283247434874717,-1.016371899225633,0.3864453490738917,-0.010739209335336241,-0.00048608687344020075,0.0,0.0,0.0,-0.3201026691264635,0.1,0.0,1.0
1779289583.7320552,0.01627869398583351,-1.0163736997804529,0.38644073197603923,-0.010740733665171944,-0.00048608746266671414,0.0,0.0,0.0,-0.3201054038472715,0.1,0.0,1.0
1779289583.7424212,0.016278440225844383,-1.0163737879415171,0.38643993919576003,-0.01074202934553229,-0.00048608790458659927,0.0,0.0,0.0,-0.320100403655952,0.1,0.0,1.0
1779289583.7530391,0.016268172175078425,-1.016377949185491,0.3864372553729347,-0.010743130673838586,-0.0004860882360265131,0.0,0.0,0.0,-0.3200998406973232,0.1,0.0,1.0
1779289583.7638605,0.01626459822195552,-1.0163793921379973,0.3864357618846572,-0.010744066802898935,-0.0004860884846064485,0.0,0.0,0.0,-0.32009275209307625,0.1,0.0,1.0
1779289583.7737958,0.016264188962814174,-1.016379555867557,0.386443742293336,-0.010744862512600234,-0.00048608867104139994,0.0,0.0,0.0,-0.3200899796662535,0.1,0.0,1.0
1779289583.7844396,0.016261173852918837,-1.0163807158564624,0.3864414627273618,-0.010745538865846338,-0.0004860888108676136,0.0,0.0,0.0,-0.320094199709007,0.1,0.0,1.0
1779289583.7944653,0.016260767196055563,-1.0163808690292493,0.38643872449743766,-0.010746113766105524,-0.00048608891573727385,0.0,0.0,0.0,-0.3200913577345835,0.1,0.0,1.0
1779289583.8052382,0.016263944913809003,-1.0163795861014864,0.38644292698056404,-0.010746602431325834,-0.00048608899438951905,0.0,0.0,0.0,-0.3200896255026909,0.1,0.0,1.0
1779289583.815171,0.01626340788510393,-1.0163797340713425,0.3864471686711868,-0.010747017796763098,-0.0004860890533787029,0.0,0.0,0.0,-0.32009369002151744,0.1,0.0,1.0
1779289583.825372,0.01626268425019701,-1.01637989551554,0.38644336423905834,-0.01074737085738477,-0.00048608909762059085,0.0,0.0,0.0,-0.3200958357407559,0.1,0.0,1.0
1779289583.8360512,0.01625417423629607,-1.0163833579032624,0.38643934913336464,-0.010747670958913193,-0.0004860891308020068,0.0,0.0,0.0,-0.3200934722363961,0.1,0.0,1.0
1779289583.846397,0.01624789111478617,-1.0163859522708163,0.3864444427269689,-0.010747926045212353,-0.00048608915568806876,0.0,0.0,0.0,-0.3200865857488032,0.1,0.0,1.0
1779289583.857744,0.016238790293386825,-1.0163896364357372,0.38643279641734596,-0.010748142868566637,-0.00048608917435261523,0.0,0.0,0.0,-0.3200859426699599,0.1,0.0,1.0
1779289583.8675876,0.016233381664983976,-1.0163918868910735,0.3864349930566502,-0.010748327168417782,-0.0004860891883510251,0.0,0.0,0.0,-0.3200745077272183,0.1,0.0,1.0
1779289583.8783567,0.016225034268932816,-1.0163953082740684,0.38643523244073563,-0.010748483823291254,-0.0004860891988498324,0.0,0.0,0.0,-0.32007271749571664,0.1,0.0,1.0
1779289583.8890507,0.016222635979877078,-1.0163963317600786,0.38643962384442077,-0.010748616979933706,-0.000486089206723938,0.0,0.0,0.0,-0.32006825944263473,0.1,0.0,1.0
1779289583.8989332,0.01621588007553501,-1.016399148139335,0.3864442815220053,-0.010748730163079787,-0.00048608921262951706,0.0,0.0,0.0,-0.3200693386649416,0.1,0.0,1.0
1779289583.9091089,0.01621691482977397,-1.0163986728188026,0.386446954853672,-0.010748826368753957,-0.0004860892170587014,0.0,0.0,0.0,-0.32006816173447145,0.1,0.0,1.0
1779289583.9193358,0.016220636224384785,-1.0163970941873322,0.38644574227223494,-0.010748908143577002,-0.00048608922038058963,0.0,0.0,0.0,-0.32007027586989384,0.1,0.0,1.0
1779289583.9295933,0.016220593880689232,-1.0163970747637077,0.3864485855034987,-0.01074897765217659,-0.0004860892228720059,0.0,0.0,0.0,-0.3200717076461654,0.1,0.0,1.0
1779289583.9405046,0.01621614946771535,-1.0163987875409095,0.38644043021722263,-0.01074903673448624,-0.00048608922474056805,0.0,0.0,0.0,-0.32007330774848036,0.1,0.0,1.0
1779289583.9501045,0.01621487983060236,-1.0163992683343515,0.38644389007817637,-0.010749086954449441,-0.00048608922614198967,0.0,0.0,0.0,-0.32006644715924587,0.1,0.0,1.0
1779289583.9607728,0.01621376372860643,-1.0163997386082806,0.3864440031887626,-0.010749129641418165,-0.0004860892271930559,0.0,0.0,0.0,-0.32006771856839183,0.1,0.0,1.0
1779289583.9707568,0.0162130553028655,-1.0164000778705744,0.38644363716612995,-0.01074916592534158,-0.00048608922798135557,0.0,0.0,0.0,-0.32006715329925595,0.1,0.0,1.0
1779289583.9815443,0.016213640293507425,-1.0163998385709703,0.38644621009780833,-0.010749196766676482,-0.00048608922857258034,0.0,0.0,0.0,-0.32006650518132623,0.1,0.0,1.0
1779289583.9914956,0.016211336791440965,-1.0164008054439189,0.3864416998968814,-0.010749222981811149,-0.00048608922901599886,0.0,0.0,0.0,-0.320068258162952,0.1,0.0,1.0
1779289584.001916,0.016211631791140185,-1.0164007120471061,0.3864449291229781,-0.010749245264675616,-0.0004860892293485628,0.0,0.0,0.0,-0.32006445596288097,0.1,0.0,1.0
1779289584.0124884,0.016211262623930797,-1.0164008438869054,0.38644654832926495,-0.010749264205110413,-0.0004860892295979857,0.0,0.0,0.0,-0.3200663843586584,0.1,0.0,1.0
1779289584.0226517,0.016211613911780852,-1.016400718767993,0.38644123973895894,-0.01074928030447999,-0.00048608922978505284,0.0,0.0,0.0,-0.32006710419320256,0.1,0.0,1.0
1779289584.0332105,0.016211902624092424,-1.0164005691108948,0.38643827769683803,-0.010749293988944131,-0.00048608922992535327,0.0,0.0,0.0,-0.32006432214953434,0.1,0.0,1.0
1779289584.0433197,0.016211232830507648,-1.0164008821267596,0.3864444444175894,-0.010749305620738652,-0.00048608923003057856,0.0,0.0,0.0,-0.32006286773205733,0.1,0.0,1.0
1779289584.054972,0.016211143263485515,-1.0164009679732484,0.3864482029839986,-0.010749315507763993,-0.0004860892301094975,0.0,0.0,0.0,-0.32006588785888407,0.1,0.0,1.0
1779289584.06371,0.016210423363990943,-1.016401247874817,0.386449531078604,-0.010749323911735532,-0.0004860892301686867,0.0,0.0,0.0,-0.32006787507371387,0.1,0.0,1.0
1779289584.0740447,0.0162095358247163,-1.0164017026898866,0.3864455008363388,-0.01074933105511134,-0.0004860892302130786,0.0,0.0,0.0,-0.32006823518653005,0.1,0.0,1.0
1779289584.0851583,0.016203878191529127,-1.0164039737128303,0.3864319842464399,-0.010749337126980778,-0.00048608923024637263,0.0,0.0,0.0,-0.3200654022876429,0.1,0.0,1.0
1779289584.0952132,0.016203080722089223,-1.016404304920339,0.3864425057140699,-0.0107493422880698,-0.0004860892302713431,0.0,0.0,0.0,-0.32005482258808593,0.1,0.0,1.0
1779289584.105279,0.016199411820356786,-1.016405773682783,0.3864410465402148,-0.01074934667499547,-0.00048608923029007096,0.0,0.0,0.0,-0.32006023417121804,0.1,0.0,1.0
1779289584.11594,0.01619895979230371,-1.016405971718953,0.38643804789355496,-0.010749350403882287,-0.0004860892303041168,0.0,0.0,0.0,-0.3200574436061013,0.1,0.0,1.0
1779289584.1266327,0.016203264903850524,-1.016404236083559,0.38643698952110395,-0.010749353573436083,-0.00048608923031465124,0.0,0.0,0.0,-0.3200555119895545,0.1,0.0,1.0
1779289584.1375265,0.016208196029984898,-1.0164022207567394,0.3864366027252668,-0.010749356267556808,-0.00048608923032255203,0.0,0.0,0.0,-0.3200572583333753,0.1,0.0,1.0
1779289584.1474006,0.016212484664115075,-1.0164004108493139,0.3864412046681598,-0.010749358557559426,-0.00048608923032847763,0.0,0.0,0.0,-0.3200597486293207,0.1,0.0,1.0
1779289584.157444,0.016214253981021394,-1.0163996569738338,0.38644660607547543,-0.01074936050406165,-0.0004860892303329219,0.0,0.0,0.0,-0.32006472664356034,0.1,0.0,1.0
1779289584.16795,0.016209362504772465,-1.0164015191120512,0.3864410527298632,-0.01074936215858854,-0.00048608923033625505,0.0,0.0,0.0,-0.32006873765023036,0.1,0.0,1.0
1779289584.1787913,0.01620862210367437,-1.0164017304908017,0.38643888236451573,-0.010749363564936398,-0.0004860892303387549,0.0,0.0,0.0,-0.32006311707222956,0.1,0.0,1.0
1779289584.1886692,0.016213852470842047,-1.0163995543021203,0.38644646002932337,-0.010749364760332076,-0.0004860892303406298,0.0,0.0,0.0,-0.3200616053131734,0.1,0.0,1.0
1779289584.1990774,0.016215568288124586,-1.0163987363052467,0.3864414482170959,-0.010749365776418402,-0.000486089230342036,0.0,0.0,0.0,-0.32006873508164296,0.1,0.0,1.0
1779289584.209426,0.01621534546985174,-1.0163987625846451,0.38644273632583914,-0.010749366640091781,-0.0004860892303430906,0.0,0.0,0.0,-0.3200670184235672,0.1,0.0,1.0
1779289584.2198575,0.016213796514383764,-1.0163992785093188,0.3864425673770273,-0.010749367374214152,-0.00048608923034388154,0.0,0.0,0.0,-0.32006768558135223,0.1,0.0,1.0
1779289584.230548,0.016214088631668754,-1.016399097263537,0.38643929060198534,-0.010749367998218167,-0.0004860892303444748,0.0,0.0,0.0,-0.3200668729694423,0.1,0.0,1.0
1779289584.2403662,0.016215431829552398,-1.016398504712265,0.3864452586171305,-0.01074936852862158,-0.0004860892303449198,0.0,0.0,0.0,-0.32006527913418714,0.1,0.0,1.0
1779289584.2509422,0.016216528642448484,-1.0163979908881873,0.38644748014714114,-0.01074936897946448,-0.0004860892303452535,0.0,0.0,0.0,-0.32006938602364726,0.1,0.0,1.0
1779289584.2611887,0.01621637436755595,-1.0163980052036274,0.38644374504571344,-0.010749369362680946,-0.0004860892303455037,0.0,0.0,0.0,-0.32007129751873226,0.1,0.0,1.0
1779289584.271425,0.01621708919356815,-1.0163976823031073,0.3864450146767755,-0.010749369688414941,-0.0004860892303456914,0.0,0.0,0.0,-0.320069189020646,0.1,0.0,1.0
1779289584.2813225,0.016218207040149177,-1.0163972503737997,0.3864493562356355,-0.01074936996528884,-0.00048608923034583213,0.0,0.0,0.0,-0.32007032221443993,0.1,0.0,1.0
1779289584.291521,0.016218154923365733,-1.016397335434073,0.38644979995745476,-0.010749370200631651,-0.00048608923034593773,0.0,0.0,0.0,-0.32007332355426027,0.1,0.0,1.0
1779289584.3017066,0.01621621943897757,-1.0163982033899355,0.38645180858807304,-0.010749370400673041,-0.0004860892303460169,0.0,0.0,0.0,-0.32007347041141276,0.1,0.0,1.0
1779289584.3121262,0.0162149288932319,-1.0163986998875805,0.3864442832598125,-0.010749370570708225,-0.0004860892303460763,0.0,0.0,0.0,-0.3200734399690172,0.1,0.0,1.0
1779289584.3222406,0.016216795495527722,-1.0163980379188242,0.3864480397268206,-0.01074937071523813,-0.00048608923034612085,0.0,0.0,0.0,-0.320068578940824,0.1,0.0,1.0
1779289584.332959,0.016216184234600396,-1.016398334785804,0.38644338178218796,-0.010749370838088551,-0.00048608923034615425,0.0,0.0,0.0,-0.3200715803714286,0.1,0.0,1.0
1779289584.3428602,0.016214208316004862,-1.0163993074508095,0.3864456827941032,-0.010749370942511407,-0.0004860892303461793,0.0,0.0,0.0,-0.3200686002424428,0.1,0.0,1.0
1779289584.3531458,0.016209371394522797,-1.0164013503829545,0.3864467689947242,-0.010749371031270834,-0.00048608923034619805,0.0,0.0,0.0,-0.3200686114872506,0.1,0.0,1.0
1779289584.363836,0.016203655031100904,-1.0164037325217863,0.3864428750268125,-0.010749371106716348,-0.00048608923034621214,0.0,0.0,0.0,-0.3200664879656504,0.1,0.0,1.0
1779289584.3743227,0.01620141431066149,-1.0164046522940646,0.38643897132333027,-0.010749371170845033,-0.00048608923034622277,0.0,0.0,0.0,-0.3200611332682806,0.1,0.0,1.0
1779289584.385278,0.016201705673047354,-1.0164045228907295,0.3864375201345669,-0.010749371225354416,-0.0004860892303462307,0.0,0.0,0.0,-0.3200577270449887,0.1,0.0,1.0
1779289584.3955653,0.01620177962908601,-1.0164045113196227,0.38643515475410295,-0.010749371271687392,-0.00048608923034623665,0.0,0.0,0.0,-0.3200570909098442,0.1,0.0,1.0
1779289584.406101,0.016200649833973756,-1.0164049820450547,0.3864334070955566,-0.010749371311070424,-0.0004860892303462411,0.0,0.0,0.0,-0.3200557942741688,0.1,0.0,1.0
1779289584.4165215,0.016201189597370234,-1.0164048336492988,0.3864356153292001,-0.010749371344546,-0.00048608923034624445,0.0,0.0,0.0,-0.32005419177717837,0.1,0.0,1.0
1779289584.4273238,0.01620068274699366,-1.016405047810447,0.3864351118126077,-0.010749371373000239,-0.00048608923034624695,0.0,0.0,0.0,-0.32005563585477936,0.1,0.0,1.0
1779289584.4378412,0.016201849682091398,-1.0164045640902701,0.3864387780866032,-0.010749371397186343,-0.0004860892303462488,0.0,0.0,0.0,-0.3200550697035111,0.1,0.0,1.0
1779289584.447925,0.016201145515275468,-1.0164048446106801,0.386444148017111,-0.01074937141774453,-0.0004860892303462502,0.0,0.0,0.0,-0.32005775780977935,0.1,0.0,1.0
1779289584.4581335,0.016197477342226395,-1.0164063330005129,0.3864419503700254,-0.01074937143521899,-0.0004860892303462513,0.0,0.0,0.0,-0.32006036789190656,0.1,0.0,1.0
1779289584.4686055,0.016196461595073965,-1.0164067927460487,0.3864384538760772,-0.010749371450072279,-0.00048608923034625204,0.0,0.0,0.0,-0.3200571444576436,0.1,0.0,1.0
1779289584.4794598,0.0161966799996512,-1.0164066717692481,0.3864372062920802,-0.010749371462697575,-0.0004860892303462527,0.0,0.0,0.0,-0.32005459140511516,0.1,0.0,1.0
1779289584.4899535,0.016196035532667026,-1.0164069544743461,0.3864384197954118,-0.010749371473429078,-0.0004860892303462531,0.0,0.0,0.0,-0.3200540525136392,0.1,0.0,1.0
1779289584.4999583,0.01619835564591879,-1.0164059166739972,0.38644117158937563,-0.010749371482550854,-0.00048608923034625345,0.0,0.0,0.0,-0.3200543525795221,0.1,0.0,1.0
1779289584.5108843,0.016200008808318032,-1.0164052421189997,0.3864445960706502,-0.010749371490304364,-0.00048608923034625367,0.0,0.0,0.0,-0.32005725725928974,0.1,0.0,1.0
1779289584.5205092,0.01620348720759786,-1.0164038274190843,0.38644805374185154,-0.010749371496894849,-0.0004860892303462539,0.0,0.0,0.0,-0.32006006872723886,0.1,0.0,1.0
1779289584.5307412,0.016205629175950913,-1.0164030518304688,0.3864481657575616,-0.01074937150249676,-0.000486089230346254,0.0,0.0,0.0,-0.32006389355468495,0.1,0.0,1.0
1779289584.541337,0.016207185232425474,-1.0164024609338673,0.38644391790110566,-0.010749371507258385,-0.0004860892303462541,0.0,0.0,0.0,-0.3200650192121168,0.1,0.0,1.0
1779289584.5518005,0.016206248416934334,-1.0164028690124525,0.3864407696807315,-0.010749371511305766,-0.0004860892303462542,0.0,0.0,0.0,-0.32006345862193875,0.1,0.0,1.0
1779289584.5614471,0.016209375036256128,-1.0164015636429375,0.38644674685435065,-0.010749371514746038,-0.0004860892303462543,0.0,0.0,0.0,-0.3200611644498349,0.1,0.0,1.0
1779289584.5721295,0.016209469012114962,-1.0164015383198268,0.38644150435808156,-0.010749371517670272,-0.0004860892303462543,0.0,0.0,0.0,-0.3200662369482851,0.1,0.0,1.0
1779289584.582465,0.016208778412454664,-1.01640182838967,0.38644337070379065,-0.01074937152015587,-0.0004860892303462543,0.0,0.0,0.0,-0.32006335651390844,0.1,0.0,1.0
1779289584.5923915,0.01621003932840573,-1.0164013923968853,0.3864481300441702,-0.010749371522268628,-0.0004860892303462543,0.0,0.0,0.0,-0.32006400741516755,0.1,0.0,1.0
1779289584.6030931,0.01620753086264208,-1.016402462698121,0.38644506213370633,-0.010749371524064473,-0.0004860892303462543,0.0,0.0,0.0,-0.3200672587739481,0.1,0.0,1.0
1779289584.6136663,0.016203611520061865,-1.0164040850299205,0.386440556353278,-0.01074937152559094,-0.0004860892303462543,0.0,0.0,0.0,-0.32006412469538864,0.1,0.0,1.0
1779289584.6238163,0.01620318468397143,-1.0164042909372135,0.3864389557029062,-0.010749371526888436,-0.0004860892303462543,0.0,0.0,0.0,-0.32005944392519164,0.1,0.0,1.0
1779289584.6342173,0.01620513600629015,-1.0164035495570085,0.386443350330266,-0.010749371527991311,-0.0004860892303462543,0.0,0.0,0.0,-0.32005828373710943,0.1,0.0,1.0
1779289584.644627,0.01620371522468134,-1.0164041957163419,0.3864426814632309,-0.010749371528928752,-0.0004860892303462543,0.0,0.0,0.0,-0.32006173699118534,0.1,0.0,1.0
1779289584.6566064,0.01620156969042675,-1.016405041328174,0.3864373771458456,-0.010749371529725577,-0.0004860892303462543,0.0,0.0,0.0,-0.32006051184654255,0.1,0.0,1.0
1779289584.665983,0.016203820883678634,-1.0164040562800742,0.3864379081013123,-0.010749371530402878,-0.0004860892303462543,0.0,0.0,0.0,-0.3200564179409211,0.1,0.0,1.0
1779289584.6761484,0.016207423715410396,-1.0164025299764718,0.3864417700846543,-0.010749371530978585,-0.0004860892303462543,0.0,0.0,0.0,-0.32005802140266887,0.1,0.0,1.0
1779289584.6863859,0.016208665571699366,-1.0164019553306738,0.3864458782712914,-0.010749371531467936,-0.0004860892303462543,0.0,0.0,0.0,-0.32006220762465926,0.1,0.0,1.0
1779289584.6973166,0.016204732887583027,-1.0164035162622875,0.38644056021709794,-0.010749371531883885,-0.0004860892303462543,0.0,0.0,0.0,-0.32006525031924077,0.1,0.0,1.0
1779289584.7086666,0.016204753013628025,-1.0164034407332996,0.3864381032924875,-0.010749371532237442,-0.0004860892303462543,0.0,0.0,0.0,-0.32006018514467816,0.1,0.0,1.0
1779289584.7181013,0.019658822379758634,-1.0150007091904758,0.38513796828181945,-0.010749371532537966,-0.0004860892303462543,0.0,0.0,0.0,-0.32005890438470935,0.1,0.0,1.0
1779289584.728294,0.04960380613244346,-1.0039023659918893,0.35068648750765563,-0.01074937153279341,-0.0004860892303462543,0.0,0.0,0.0,-0.3212315671212751,0.1,0.0,1.0
1779289584.7393823,0.10860180723326096,-0.9871283812375374,0.2667916688276346,-0.010749371533010539,-0.0004860892303462543,0.0,0.0,0.0,-0.31332230238885744,0.1,0.0,1.0
1779289584.7488496,0.1934084707664142,-0.9734874401245383,0.13794974955320205,-0.010749371533195096,-0.0004860892303462543,0.0,0.0,0.0,-0.28353659562971606,0.1,0.0,1.0
1779289584.759537,0.2904349920536556,-0.9710232777983789,-0.013701434925854628,-0.01074937153335197,-0.0004860892303462543,0.0,0.0,0.0,-0.21987819383583845,0.1,0.0,1.0
1779289584.7697966,0.39805488226046215,-0.9858320450538328,-0.1875046729029064,-0.010749371533485316,-0.0004860892303462543,0.0,0.0,0.0,-0.11646218210006938,0.1,0.0,1.0
1779289584.7797139,0.5040694266315217,-1.0188912821796665,-0.3675825990999799,-0.010749371533598655,-0.0004860892303462543,0.0,0.0,0.0,0.03403283787994767,0.1,0.0,1.0
1779289584.7902596,0.5570782897146207,-1.035410868338266,-0.45762594874111695,-0.010749371533694995,-0.0004860892303462543,0.0,0.0,0.0,0.21086004156957608,0.1,0.0,1.0
1779289584.8006337,0.5835867699433869,-1.0436669732559416,-0.5026396221405229,-0.010749371533776884,-0.0004860892303462543,0.0,0.0,0.0,0.2889940400226901,0.1,0.0,1.0
1779289584.810977,0.596840276994304,-1.047791826453251,-0.5251540882090842,-0.010749371533846492,-0.0004860892303462543,0.0,0.0,0.0,0.3235789907329069,0.1,0.0,1.0
1779289584.8220818,0.6034690482303692,-1.0498539499286106,-0.5364055567292665,-0.010749371533905656,-0.0004860892303462543,0.0,0.0,0.0,0.34019749191686527,0.1,0.0,1.0
1779289584.8317814,0.6067823349048747,-1.050883638671848,-0.5420371795208907,-0.010749371533955946,-0.0004860892303462543,0.0,0.0,0.0,0.3480442616477943,0.1,0.0,1.0
1779289584.8426614,0.6084392539331714,-1.0513982768610552,-0.5448525224063938,-0.010749371533998693,-0.0004860892303462543,0.0,0.0,0.0,0.3519296143542804,0.1,0.0,1.0
1779289584.8526587,0.6575749075843684,-1.0879606941417894,-0.6343956505680728,-0.010749371534035029,-0.0004860892303462543,0.0,0.0,0.0,0.3541150229270175,0.1,0.0,1.0
1779289584.8630896,0.6821455321982133,-1.1062377507365988,-0.6791671549368141,-0.010749371534065914,-0.0004860892303462543,0.0,0.0,0.0,0.43052136472305336,0.1,0.0,1.0
1779289584.87337,0.6944337730135105,-1.1153754263959654,-0.7015464582145761,-0.010749371534092167,-0.0004860892303462543,0.0,0.0,0.0,0.4634033806094264,0.1,0.0,1.0
1779289584.8836582,0.7005765926196021,-1.1199415795033394,-0.7127458337389916,-0.010749371534114479,-0.0004860892303462543,0.0,0.0,0.0,0.4776696445784646,0.1,0.0,1.0
1779289584.8943138,0.7036485332709959,-1.122224273536324,-0.7183449657193623,-0.010749371534133446,-0.0004860892303462543,0.0,0.0,0.0,0.48,0.1,0.0,1.0
1779289584.9044726,0.7051856244840278,-1.1233661788355125,-0.721140186506092,-0.010749371534149569,-0.0004860892303462543,0.0,0.0,0.0,0.48,0.1,0.0,1.0
1779289584.9154541,0.705953229037533,-1.1239360977719581,-0.7225427759698011,-0.010749371534163273,-0.0004860892303462543,0.0,0.0,0.0,0.48,0.1,0.0,1.0
1779289584.9260445,0.7063371205375554,-1.124221029581491,-0.723243896158599,-0.01074937153417492,-0.0004860892303462543,0.0,0.0,0.0,0.48,0.1,0.0,1.0
1779289584.9367075,0.7062525672240867,-1.1241463839249028,-0.7236481838095019,-0.010749371534184822,-0.0004860892303462543,0.0,0.0,0.0,0.48,0.1,0.0,0.0
1779289584.9465072,0.7061713859178158,-1.1240746567346003,-0.7240364869910333,-0.010749371534193239,-0.0004860892303462543,0.0,0.0,0.0,0.48,0.1,0.0,0.0
1779289584.9571443,0.7060852329763325,-1.1239984773005582,-0.724448711757762,-0.010749371534200393,-0.0004860892303462543,0.0,0.0,0.0,0.48,0.1,0.0,0.0
1779289584.9670916,0.7060037425430845,-1.1239263607397092,-0.7248387695563336,-0.010749371534206471,-0.0004860892303462543,0.0,0.0,0.0,0.48,0.1,0.0,0.0
1779289584.9778874,0.7059188191532326,-1.1238511470284251,-0.7252453997587823,-0.01074937153421164,-0.0004860892303462543,0.0,0.0,0.0,0.48,0.1,0.0,0.0
1779289584.9885433,0.705837501272711,-1.1237790675672568,-0.7256349063687549,-0.010749371534216033,-0.0004860892303462543,0.0,0.0,0.0,0.48,0.1,0.0,0.0
1779289584.9984353,0.7057529100343086,-1.123704027773434,-0.7260402320915194,-0.010749371534219766,-0.0004860892303462543,0.0,0.0,0.0,0.48,0.1,0.0,0.0
1779289585.0101147,0.7056680962374123,-1.1236287290993006,-0.7264467704292016,-0.01074937153422294,-0.0004860892303462543,0.0,0.0,0.0,0.48,0.1,0.0,0.0
1779289585.0189638,0.7055867289857134,-1.1235564311346546,-0.7268369292790163,-0.01074937153422564,-0.0004860892303462543,0.0,0.0,0.0,0.48,0.1,0.0,0.0
1779289585.029379,0.7055037448198458,-1.123482638520154,-0.7272349793122737,-0.010749371534227933,-0.0004860892303462543,0.0,0.0,0.0,0.48,0.1,0.0,0.0
1779289585.0399976,0.7054191531460478,-1.1234073561309164,-0.727640883783067,-0.010749371534229883,-0.0004860892303462543,0.0,0.0,0.0,0.48,0.1,0.0,0.0
1779289585.0499003,0.7532078383479748,-1.1644513292433047,-0.689950899496778,-0.010749371534231538,-0.0004860892303462543,0.0,0.0,0.0,0.48,0.1,0.0,1.0
1779289585.060503,0.7770997135130129,-1.1849739260205836,-0.671111198764184,-0.010749371534232947,-0.0004860892303462543,0.0,0.0,0.0,0.48,0.1,0.0,1.0
1779289585.0710728,0.7890441204176123,-1.195235347539983,-0.6616953353287531,-0.010749371534234144,-0.0004860892303462543,0.0,0.0,0.0,0.48,0.1,0.0,1.0
1779289585.0817442,0.7950160753977993,-1.200366542162206,-0.6569870315587334,-0.01074937153423516,-0.0004860892303462543,0.0,0.0,0.0,0.48,0.1,0.0,1.0
1779289585.092009,0.7980032846631866,-1.202933426396228,-0.6546265639710267,-0.010749371534236024,-0.0004860892303462543,0.0,0.0,0.0,0.48,0.1,0.0,1.0
1779289585.1023312,0.7994956860089559,-1.2042161082912937,-0.6534514102987607,-0.01074937153423676,-0.0004860892303462543,0.0,0.0,0.0,0.48,0.1,0.0,1.0
1779289585.1127195,0.8002416164814912,-1.2048573256976165,-0.6528648715344891,-0.010749371534237384,-0.0004860892303462543,0.0,0.0,0.0,0.48,0.1,0.0,1.0
1779289585.1235068,0.8006143722150156,-1.2051778159791413,-0.6525724564946818,-0.010749371534237915,-0.0004860892303462543,0.0,0.0,0.0,0.48,0.1,0.0,1.0
1779289585.1342916,0.8005265611148145,-1.2051107044606542,-0.6529686141137492,-0.010749371534238366,-0.0004860892303462543,0.0,0.0,0.0,0.48,0.1,0.0,0.0
1779289585.1442015,0.8004361689662585,-1.2050415635770886,-0.6533765396094056,-0.010749371534238751,-0.0004860892303462543,0.0,0.0,0.0,0.48,0.1,0.0,0.0
1779289585.1545007,0.8003473923253659,-1.2049736009739898,-0.6537772996532748,-0.010749371534239077,-0.0004860892303462543,0.0,0.0,0.0,0.48,0.1,0.0,0.0
1779289585.164848,0.8002580326172575,-1.2049051351889875,-0.6541808156401391,-0.010749371534239355,-0.0004860892303462543,0.0,0.0,0.0,0.48,0.1,0.0,0.0
1779289585.1756313,0.800168169737059,-1.2048362263172359,-0.6545867292974091,-0.01074937153423959,-0.0004860892303462543,0.0,0.0,0.0,0.48,0.1,0.0,0.0
1779289585.1856506,0.8000822262036655,-1.2047702674722567,-0.6549750600383705,-0.010749371534239792,-0.0004860892303462543,0.0,0.0,0.0,0.48,0.1,0.0,0.0
1779289585.1955833,0.7999963103231006,-1.2047042768188687,-0.6553633815928551,-0.010749371534239962,-0.0004860892303462543,0.0,0.0,0.0,0.48,0.1,0.0,0.0
1779289585.2065053,0.7999060596271769,-1.2046349009225248,-0.6557714173262313,-0.010749371534240108,-0.0004860892303462543,0.0,0.0,0.0,0.48,0.1,0.0,0.0
1779289585.2165442,0.7998179985049779,-1.2045671509736298,-0.6561696786484517,-0.010749371534240229,-0.0004860892303462543,0.0,0.0,0.0,0.48,0.1,0.0,0.0
1779289585.2267241,0.7997313472345993,-1.204500430743101,-0.6565616839800731,-0.010749371534240333,-0.0004860892303462543,0.0,0.0,0.0,0.48,0.1,0.0,0.0
1779289585.2374415,0.7996418557341606,-1.2044314676794687,-0.6569666606167248,-0.010749371534240423,-0.0004860892303462543,0.0,0.0,0.0,0.48,0.1,0.0,0.0
1779289585.2473216,0.8520981654194315,-1.2360449704144936,-0.5407082846891589,-0.0107493715342405,-0.0004860892303462543,0.0,0.0,0.0,0.48,0.1,0.0,1.0
1779289585.2582228,0.8783206292084496,-1.251855633423547,-0.4825880581333486,-0.010749371534240562,-0.0004860892303462543,0.0,0.0,0.0,0.48,0.1,0.0,1.0
1779289585.2683184,0.8914319048998043,-1.2597647038278112,-0.45352124332072696,-0.010749371534240618,-0.0004860892303462543,0.0,0.0,0.0,0.48,0.1,0.0,1.0
1779289585.278147,0.8979869278680199,-1.26372071095834,-0.43898742252296685,-0.010749371534240663,-0.0004860892303462543,0.0,0.0,0.0,0.48,0.1,0.0,1.0
1779289585.28854,0.9012644141797417,-1.2656995806434514,-0.43171925357678553,-0.010749371534240701,-0.0004860892303462543,0.0,0.0,0.0,0.48,0.1,0.0,1.0
1779289585.2990656,0.9029004710655408,-1.266688212677741,-0.4280951134646691,-0.010749371534240736,-0.0004860892303462543,0.0,0.0,0.0,0.48,0.1,0.0,1.0
1779289585.3090518,0.9037207739714666,-1.267183794053407,-0.4262737421010021,-0.010749371534240763,-0.0004860892303462543,0.0,0.0,0.0,0.48,0.1,0.0,1.0
1779289585.319655,0.9041304689267288,-1.2674314864762528,-0.4253646916120126,-0.010749371534240788,-0.0004860892303462543,0.0,0.0,0.0,0.48,0.1,0.0,1.0
1779289585.3300714,0.9043334888851393,-1.2675545596346713,-0.424917276700445,-0.010749371534240808,-0.0004860892303462543,0.0,0.0,0.0,0.48,0.1,0.0,1.0
1779289585.340221,0.9044357413742838,-1.267616460154254,-0.4246906066059415,-0.010749371534240826,-0.0004860892303462543,0.0,0.0,0.0,0.48,0.1,0.0,1.0
1779289585.351663,0.9043321480151628,-1.2675696141559838,-0.42509813708310196,-0.01074937153424084,-0.0004860892303462543,0.0,0.0,0.0,0.48,0.1,0.0,0.0
1779289585.3618972,0.9042314338267706,-1.2675240207022684,-0.4254944141263658,-0.010749371534240854,-0.0004860892303462543,0.0,0.0,0.0,0.48,0.1,0.0,0.0
1779289585.3715158,0.904132199006241,-1.267479049568362,-0.42588494043524655,-0.010749371534240864,-0.0004860892303462543,0.0,0.0,0.0,0.48,0.1,0.0,0.0
1779289585.3816402,0.9040328090456483,-1.2674339613342054,-0.42627614654339946,-0.010749371534240874,-0.0004860892303462543,0.0,0.0,0.0,0.48,0.1,0.0,0.0
1779289585.391556,0.9039339174335014,-1.2673890525187153,-0.4266654602373624,-0.010749371534240881,-0.0004860892303462543,0.0,0.0,0.0,0.48,0.1,0.0,0.0
1779289585.4018197,0.9038348100032294,-1.2673439991464297,-0.42705569257899034,-0.010749371534240888,-0.0004860892303462543,0.0,0.0,0.0,0.48,0.1,0.0,0.0
1779289585.412006,0.9037354262443204,-1.2672987733519148,-0.4274470824166762,-0.010749371534240895,-0.0004860892303462543,0.0,0.0,0.0,0.48,0.1,0.0,0.0
1779289585.4224136,0.9036313257007514,-1.2672513519369044,-0.42785712080196225,-0.010749371534240899,-0.0004860892303462543,0.0,0.0,0.0,0.48,0.1,0.0,0.0
1779289585.433589,0.9035280980591507,-1.2672042770388086,-0.4282637969367942,-0.010749371534240902,-0.0004860892303462543,0.0,0.0,0.0,0.48,0.1,0.0,0.0
1779289585.4435635,0.903424952517966,-1.2671571889013284,-0.42867022503675667,-0.010749371534240906,-0.0004860892303462543,0.0,0.0,0.0,0.48,0.1,0.0,0.0
1779289585.4537537,0.9600157194772969,-1.284120425644524,-0.2943995662537606,-0.010749371534240909,-0.0004860892303462543,0.0,0.0,0.0,0.48,0.1,0.0,1.0
1779289585.4642425,0.9883060662777444,-1.2926081229201043,-0.2272734371186278,-0.010749371534240913,-0.0004860892303462543,0.0,0.0,0.0,0.46332520532394295,0.1,0.0,1.0
1779289585.4748108,1.002450684891024,-1.2968557633607576,-0.1937087878838395,-0.010749371534240916,-0.0004860892303462543,0.0,0.0,0.0,0.4429229243248332,0.1,0.0,1.0
1779289585.4855597,1.009523097206385,-1.298981535904821,-0.17692463975083017,-0.010749371534240916,-0.0004860892303462543,0.0,0.0,0.0,0.4365551147234129,0.1,0.0,1.0
1779289585.4958944,1.0130603575760202,-1.3000455652538314,-0.1685280964634348,-0.010749371534240916,-0.0004860892303462543,0.0,0.0,0.0,0.42905211239602126,0.1,0.0,1.0
1779289585.5060287,1.014826652560647,-1.3005776488604806,-0.16433802834338618,-0.010749371534240916,-0.0004860892303462543,0.0,0.0,0.0,0.4273834668944572,0.1,0.0,1.0
1779289585.5165174,1.0157121269725846,-1.3008443187723362,-0.16223439574121734,-0.010749371534240916,-0.0004860892303462543,0.0,0.0,0.0,0.4265552444806627,0.1,0.0,1.0
1779289585.5268297,1.0161522770967253,-1.30097734674847,-0.16119190830717134,-0.010749371534240916,-0.0004860892303462543,0.0,0.0,0.0,0.42613941145634704,0.1,0.0,1.0
1779289585.5376992,1.0163749973953196,-1.3010443513092267,-0.16066102338290378,-0.010749371534240916,-0.0004860892303462543,0.0,0.0,0.0,0.4259347409421751,0.1,0.0,1.0
1779289585.5478628,1.0164842442790203,-1.3010775404534622,-0.16040323784905786,-0.010749371534240916,-0.0004860892303462543,0.0,0.0,0.0,0.42582944637910475,0.1,0.0,1.0
1779289585.5581932,1.0165387452126515,-1.3010941300062,-0.1602747814397758,-0.010749371534240916,-0.0004860892303462543,0.0,0.0,0.0,0.425779260502975,0.1,0.0,1.0
1779289585.5682118,1.0165685055425446,-1.3011028379220178,-0.16020143565705958,-0.010749371534240916,-0.0004860892303462543,0.0,0.0,0.0,0.4257543198016203,0.1,0.0,1.0
1779289585.5783403,1.0165830839985865,-1.3011071471592632,-0.16016585595642274,-0.010749371534240916,-0.0004860892303462543,0.0,0.0,0.0,0.42573896425826774,0.1,0.0,1.0
1779289585.5889506,1.016470997830837,-1.301089039679137,-0.1605728352449842,-0.010749371534240916,-0.0004860892303462543,0.0,0.0,0.0,0.42573163621418625,0.1,0.0,0.0
1779289585.5990295,1.016363401990913,-1.3010716126747972,-0.16096353609692132,-0.010749371534240916,-0.0004860892303462543,0.0,0.0,0.0,0.4258606848320017,0.1,0.0,0.0
1779289585.609613,1.0162512316436905,-1.301053399772425,-0.16137087365807212,-0.010749371534240916,-0.0004860892303462543,0.0,0.0,0.0,0.425984503696053,0.1,0.0,0.0
1779289585.6199386,1.016144370668112,-1.3010360042643987,-0.1617589563641639,-0.010749371534240916,-0.0004860892303462543,0.0,0.0,0.0,0.42611352537920344,0.1,0.0,0.0
1779289585.630034,1.0160332443063254,-1.3010178701378892,-0.16216255502931803,-0.010749371534240916,-0.0004860892303462543,0.0,0.0,0.0,0.42623638074746173,0.1,0.0,0.0
1779289585.6405847,1.0159215334335148,-1.300999594338073,-0.16256830333000835,-0.010749371534240916,-0.0004860892303462543,0.0,0.0,0.0,0.426364079607565,0.1,0.0,0.0
1779289585.651401,1.0764090667400794,-1.3020758681400237,-0.02384847545615143,-0.010749371534240916,-0.0004860892303462543,0.0,0.0,0.0,0.42649238779056886,0.1,0.0,1.0
1779289585.6617699,1.1066548125866347,-1.3026219227651383,0.045521166959549664,-0.010749371534240916,-0.0004860892303462543,0.0,0.0,0.0,0.3712596816599692,0.1,0.0,1.0
1779289585.6719167,1.1217751942026086,-1.3028988235086145,0.08019690274199309,-0.010749371534240916,-0.0004860892303462543,0.0,0.0,0.0,0.3438760966993593,0.1,0.0,1.0
1779289585.6824691,1.129335633738413,-1.303039226768111,0.09753522077057042,-0.010749371534240916,-0.0004860892303462543,0.0,0.0,0.0,0.3276050321680919,0.1,0.0,1.0
1779289585.6930442,1.1331157939324972,-1.3031104201774744,0.10620385156245193,-0.010749371534240916,-0.0004860892303462543,0.0,0.0,0.0,0.3174388242748769,0.1,0.0,1.0
1779289585.7032719,1.1350076455037508,-1.3031463227196847,0.1105443724233699,-0.010749371534240916,-0.0004860892303462543,0.0,0.0,0.0,0.31430082787687763,0.1,0.0,1.0
1779289585.7134707,1.135953892593366,-1.3031644785827816,0.11271569848512009,-0.010749371534240916,-0.0004860892303462543,0.0,0.0,0.0,0.3127308716737048,0.1,0.0,1.0
1779289585.7240133,1.1364250315758275,-1.3031739007245724,0.11379415472506338,-0.010749371534240916,-0.0004860892303462543,0.0,0.0,0.0,0.3119460459458235,0.1,0.0,1.0
1779289585.7343197,1.1366625176868226,-1.3031784543252956,0.11434027270252267,-0.010749371534240916,-0.0004860892303462543,0.0,0.0,0.0,0.31155736272438866,0.1,0.0,1.0
1779289585.744697,1.1367793876620893,-1.3031809763592515,0.11460656125796076,-0.010749371534240916,-0.0004860892303462543,0.0,0.0,0.0,0.31135976648839836,0.1,0.0,1.0
1779289585.754843,1.1368401323568906,-1.3031819867002414,0.11474803307676362,-0.010749371534240916,-0.0004860892303462543,0.0,0.0,0.0,0.31126429506121783,0.1,0.0,1.0
1779289585.765416,1.1368689207021099,-1.3031826821767158,0.11481305040445022,-0.010749371534240916,-0.0004860892303462543,0.0,0.0,0.0,0.31121252992159654,0.1,0.0,1.0
1779289585.7753713,1.1368843756907359,-1.303182911244313,0.11484938523581834,-0.010749371534240916,-0.0004860892303462543,0.0,0.0,0.0,0.3111894346354258,0.1,0.0,1.0
1779289585.7856822,1.136891991391101,-1.3031830406822968,0.11486714844653001,-0.010749371534240916,-0.0004860892303462543,0.0,0.0,0.0,0.311176031250137,0.1,0.0,1.0
1779289585.7960393,1.1368951730469283,-1.3031831786321475,0.11487377017862954,-0.010749371534240916,-0.0004860892303462543,0.0,0.0,0.0,0.3111695280410778,0.1,0.0,1.0
1779289585.8063211,1.136786745753028,-1.3031956891622414,0.1144825365110467,-0.010749371534240916,-0.0004860892303462543,0.0,0.0,0.0,0.3111673757875717,0.1,0.0,0.0
1779289585.8168004,1.1366740743604327,-1.3032086447181637,0.11407600735984111,-0.010749371534240916,-0.0004860892303462543,0.0,0.0,0.0,0.31135750170952964,0.1,0.0,0.0
1779289585.826816,1.1365660165032607,-1.3032210252778482,0.11368614247727916,-0.010749371534240916,-0.0004860892303462543,0.0,0.0,0.0,0.3115549632858686,0.1,0.0,0.0
1779289585.8374496,1.1364534519587406,-1.3032338777251145,0.11328003590399949,-0.010749371534240916,-0.0004860892303462543,0.0,0.0,0.0,0.31174423561463005,0.1,0.0,0.0
1779289585.847458,1.1935392894255843,-1.2893021625610936,0.23091800229652515,-0.010749371534240916,-0.0004860892303462543,0.0,0.0,0.0,0.31194129600116494,0.1,0.0,1.0
1779289585.8580136,1.222081833178531,-1.282342924684476,0.28973158843775604,-0.010749371534240916,-0.0004860892303462543,0.0,0.0,0.0,0.2452223213265915,0.1,0.0,1.0
1779289585.8681939,1.2363548946215301,-1.2788661873865905,0.31914192289512,-0.010749371534240916,-0.0004860892303462543,0.0,0.0,0.0,0.2127041000199409,0.1,0.0,1.0
1779289585.8787417,1.243490014263724,-1.2771299787936479,0.3338399430449681,-0.010749371534240916,-0.0004860892303462543,0.0,0.0,0.0,0.19490693540078183,0.1,0.0,1.0
1779289585.8888805,1.247059436968955,-1.276262110222742,0.34119500700800476,-0.010749371534240916,-0.0004860892303462543,0.0,0.0,0.0,0.18737259406842824,0.1,0.0,1.0
1779289585.899557,1.2488419021734223,-1.2758294027442736,0.34486348571678427,-0.010749371534240916,-0.0004860892303462543,0.0,0.0,0.0,0.18361097141811838,0.1,0.0,1.0
1779289585.909973,1.249734406902442,-1.275612816252672,0.3467022999365459,-0.010749371534240916,-0.0004860892303462543,0.0,0.0,0.0,0.17922937958915047,0.1,0.0,1.0
1779289585.9201472,1.2501820489413507,-1.2755041308916737,0.34762686984630387,-0.010749371534240916,-0.0004860892303462543,0.0,0.0,0.0,0.17827200317010436,0.1,0.0,1.0
1779289585.9302378,1.250406396820666,-1.2754496512030833,0.34809109774099456,-0.010749371534240916,-0.0004860892303462543,0.0,0.0,0.0,0.17779022853397244,0.1,0.0,1.0
1779289585.940541,1.2505176506222422,-1.2754227720439721,0.34831967030159117,-0.010749371534240916,-0.0004860892303462543,0.0,0.0,0.0,0.17754817769614062,0.1,0.0,1.0
1779289585.9513292,1.2505719773887014,-1.2754098180120166,0.34842898210478346,-0.010749371534240916,-0.0004860892303462543,0.0,0.0,0.0,0.1774294847420525,0.1,0.0,1.0
1779289585.9612048,1.250601371070677,-1.2754025374290114,0.3484921354972812,-0.010749371534240916,-0.0004860892303462543,0.0,0.0,0.0,0.17737337788207927,0.1,0.0,1.0
1779289585.9714808,1.2506152127557655,-1.2753992114797295,0.3485204464010807,-0.010749371534240916,-0.0004860892303462543,0.0,0.0,0.0,0.17733982848945065,0.1,0.0,1.0
1779289585.982079,1.250622382234976,-1.2753974598243918,0.3485355480600756,-0.010749371534240916,-0.0004860892303462543,0.0,0.0,0.0,0.1773251735911559,0.1,0.0,1.0
1779289585.9918709,1.2506256396670394,-1.2753967038127656,0.3485418495287482,-0.010749371534240916,-0.0004860892303462543,0.0,0.0,0.0,0.17731723516861833,0.1,0.0,1.0
1779289586.002648,1.2506259123756946,-1.2753968189192733,0.34853982827673047,-0.010749371534240916,-0.0004860892303462543,0.0,0.0,0.0,0.17731407630533766,0.1,0.0,1.0
1779289586.0132465,1.2505198767093204,-1.2754353495915485,0.34813543038810774,-0.010749371534240916,-0.0004860892303462543,0.0,0.0,0.0,0.17731584765308192,0.1,0.0,0.0
1779289586.023281,1.2504180630867172,-1.2754722994772552,0.3477471915119129,-0.010749371534240916,-0.0004860892303462543,0.0,0.0,0.0,0.17757778670808547,0.1,0.0,0.0
1779289586.034351,1.2503109897648608,-1.2755111111582482,0.3473389536760504,-0.010749371534240916,-0.0004860892303462543,0.0,0.0,0.0,0.17782915959875542,0.1,0.0,0.0
1779289586.0441968,1.2502047633163744,-1.2755495668103995,0.34693400459882867,-0.010749371534240916,-0.0004860892303462543,0.0,0.0,0.0,0.17809337854395788,0.1,0.0,0.0
1779289586.054719,1.305142534252008,-1.2492383963271463,0.4370560418549214,-0.010749371534240916,-0.0004860892303462543,0.0,0.0,0.0,0.17835536329803559,0.1,0.0,1.0
1779289586.0648947,1.3326112023902472,-1.2360883302419985,0.4821087742810293,-0.010749371534240916,-0.0004860892303462543,0.0,0.0,0.0,0.12012573811826346,0.1,0.0,1.0
1779289586.0752726,1.3463475852837896,-1.2295151147763195,0.5046388334576966,-0.010749371534240916,-0.0004860892303462543,0.0,0.0,0.0,0.10140975700744605,0.1,0.0,1.0
1779289586.0855498,1.3532168647422858,-1.226229342654999,0.5159058794776552,-0.010749371534240916,-0.0004860892303462543,0.0,0.0,0.0,0.08501057907003336,0.1,0.0,1.0
1779289586.0959637,1.3566521741478939,-1.2245867925107565,0.5215409090698051,-0.010749371534240916,-0.0004860892303462543,0.0,0.0,0.0,0.07667917928554345,0.1,0.0,1.0
1779289586.1060312,1.3583702598109593,-1.2237656261855836,0.5243595721754613,-0.010749371534240916,-0.0004860892303462543,0.0,0.0,0.0,0.07258241751439785,0.1,0.0,1.0
1779289586.116313,1.3592295014052547,-1.223355105576104,0.5257694089845053,-0.010749371534240916,-0.0004860892303462543,0.0,0.0,0.0,0.07053689422404545,0.1,0.0,1.0
1779289586.1265254,1.359657887131581,-1.2231506505488126,0.5264690497581919,-0.010749371534240916,-0.0004860892303462543,0.0,0.0,0.0,0.06951481090706099,0.1,0.0,1.0
1779289586.1369083,1.3598720697030298,-1.2230484742090937,0.5268187461276002,-0.010749371534240916,-0.0004860892303462543,0.0,0.0,0.0,0.06900863047875924,0.1,0.0,1.0
1779289586.1472883,1.3599789326603378,-1.222997541453673,0.5269926067660644,-0.010749371534240916,-0.0004860892303462543,0.0,0.0,0.0,0.0687557639086537,0.1,0.0,1.0
1779289586.1582184,1.3600314586296838,-1.2229726132737353,0.5270757614433932,-0.010749371534240916,-0.0004860892303462543,0.0,0.0,0.0,0.06863022155851406,0.1,0.0,1.0
1779289586.1684647,1.3600583918369544,-1.2229597646215309,0.5271201085047674,-0.010749371534240916,-0.0004860892303462543,0.0,0.0,0.0,0.06857070445031148,0.1,0.0,1.0
1779289586.1784837,1.3600739306937681,-1.2229521370261278,0.5271508713911226,-0.010749371534240916,-0.0004860892303462543,0.0,0.0,0.0,0.0685385809376189,0.1,0.0,1.0
1779289586.1884434,1.3600817242152359,-1.2229483111275643,0.5271663492923051,-0.010749371534240916,-0.0004860892303462543,0.0,0.0,0.0,0.06851516306916729,0.1,0.0,1.0
1779289586.198539,1.3600855483046164,-1.2229464414488702,0.5271737850891669,-0.010749371534240916,-0.0004860892303462543,0.0,0.0,0.0,0.06850337414883922,0.1,0.0,1.0
1779289586.2098932,1.36008527223263,-1.2229467808364087,0.5271684267486672,-0.010749371534240916,-0.0004860892303462543,0.0,0.0,0.0,0.06849774080001733,0.1,0.0,1.0
1779289586.2192945,1.3600870809452386,-1.2229458169384366,0.5271738224913931,-0.010749371534240916,-0.0004860892303462543,0.0,0.0,0.0,0.06850270247706737,0.1,0.0,1.0
1779289586.2297308,1.360086379648265,-1.222946270022887,0.5271698601671844,-0.010749371534240916,-0.0004860892303462543,0.0,0.0,0.0,0.06849826321233835,0.1,0.0,1.0
1779289586.240182,1.3599925120638168,-1.2230009123687884,0.5267805372867448,-0.010749371534240916,-0.0004860892303462543,0.0,0.0,0.0,0.06850175137105427,0.1,0.0,0.0
1779289586.2501352,1.4128057254558373,-1.1874819043239326,0.5835049251498976,-0.010749371534240916,-0.0004860892303462543,0.0,0.0,0.0,0.0688353631779304,0.1,0.0,1.0
1779289586.2601714,1.4392149096401925,-1.169724461283286,0.6118710784529107,-0.010749371534240916,-0.0004860892303462543,0.0,0.0,0.0,0.02105371387316356,0.1,0.0,1.0
1779289586.27125,1.4524204279595518,-1.1608469705807094,0.6260544169190014,-0.010749371534240916,-0.0004860892303462543,0.0,0.0,0.0,-0.0015389710499785238,0.1,0.0,1.0
1779289586.2812715,1.4590215917073328,-1.1564103276174726,0.6331370558454994,-0.010749371534240916,-0.0004860892303462543,0.0,0.0,0.0,-0.011103285531615133,0.1,0.0,1.0
1779289586.2913756,1.4623244297748925,-1.1541908486198866,0.6366873550896743,-0.010749371534240916,-0.0004860892303462543,0.0,0.0,0.0,-0.01711735784761937,0.1,0.0,1.0
1779289586.3030863,1.4639740011889555,-1.1530827146778744,0.6384537591859907,-0.010749371534240916,-0.0004860892303462543,0.0,0.0,0.0,-0.016944060571768352,0.1,0.0,1.0
1779289586.3130293,1.4647987199049783,-1.1525288220635808,0.6393363962658345,-0.010749371534240916,-0.0004860892303462543,0.0,0.0,0.0,-0.018430290969519345,0.1,0.0,1.0
1779289586.322757,1.465211152358548,-1.152251883903205,0.6397779077217662,-0.010749371534240916,-0.0004860892303462543,0.0,0.0,0.0,-0.019172326447858934,0.1,0.0,1.0
1779289586.3333173,1.4654192318796104,-1.1521120594033316,0.6400069220922409,-0.010749371534240916,-0.0004860892303462543,0.0,0.0,0.0,-0.019543332277974692,0.1,0.0,1.0
1779289586.3438292,1.465521802109964,-1.1520432568488457,0.640114828794005,-0.010749371534240916,-0.0004860892303462543,0.0,0.0,0.0,-0.01973620473118846,0.1,0.0,1.0
1779289586.3538363,1.465572832891552,-1.1520090525546807,0.6401676292420673,-0.010749371534240916,-0.0004860892303462543,0.0,0.0,0.0,-0.01982666937767607,0.1,0.0,1.0
1779289586.364353,1.4655999018909887,-1.1519907970010066,0.6402009652559695,-0.010749371534240916,-0.0004860892303462543,0.0,0.0,0.0,-0.019870851715608772,0.1,0.0,1.0
1779289586.3744867,1.4656117325724,-1.1519829405971809,0.640210013080539,-0.010749371534240916,-0.0004860892303462543,0.0,0.0,0.0,-0.019899184245115994,0.1,0.0,1.0
1779289586.3849041,1.4656187324065209,-1.1519782052293213,0.6402193828592573,-0.010749371534240916,-0.0004860892303462543,0.0,0.0,0.0,-0.019906484177331082,0.1,0.0,1.0
1779289586.3956475,1.4656210508277825,-1.1519767182717562,0.6402187855245423,-0.010749371534240916,-0.0004860892303462543,0.0,0.0,0.0,-0.01991449777252339,0.1,0.0,1.0
1779289586.406098,1.4656224063007852,-1.151975828557874,0.6402193641657048,-0.010749371534240916,-0.0004860892303462543,0.0,0.0,0.0,-0.019913746171363215,0.1,0.0,1.0
1779289586.4165013,1.4656248403237488,-1.1519740755106684,0.6402275033305838,-0.010749371534240916,-0.0004860892303462543,0.0,0.0,0.0,-0.019914160589982726,0.1,0.0,1.0
1779289586.4266715,1.4656241173944151,-1.1519746445972854,0.6402229008790652,-0.010749371534240916,-0.0004860892303462543,0.0,0.0,0.0,-0.019921437847420793,0.1,0.0,1.0
1779289586.4369016,1.4656254195465435,-1.1519736896018302,0.6402280361061545,-0.010749371534240916,-0.0004860892303462543,0.0,0.0,0.0,-0.01991726508797771,0.1,0.0,1.0
1779289586.4471972,1.5140944529889668,-1.1136616914643986,0.6622097845292334,-0.010749371534240916,-0.0004860892303462543,0.0,0.0,0.0,-0.019921876926605284,0.1,0.0,1.0
1779289586.4579632,1.5383285670341702,-1.0945075442790184,0.6731954867544183,-0.010749371534240916,-0.0004860892303462543,0.0,0.0,0.0,-0.03601508018190817,0.1,0.0,1.0
1779289586.468064,1.5504477815096505,-1.0849295457994752,0.6786964633056081,-0.010749371534240916,-0.0004860892303462543,0.0,0.0,0.0,-0.04270205453039864,0.1,0.0,1.0
1779289586.4781544,1.556506814766979,-1.0801413936223816,0.681443446940361,-0.010749371534240916,-0.0004860892303462543,0.0,0.0,0.0,-0.04255752252171071,0.1,0.0,1.0
1779289586.4888635,1.5595349878695974,-1.077748602914992,0.6828102969351191,-0.010749371534240916,-0.0004860892303462543,0.0,0.0,0.0,-0.04548554897714366,0.1,0.0,1.0
1779289586.4988043,1.5610514231297437,-1.076550398065197,0.6835043460927444,-0.010749371534240916,-0.0004860892303462543,0.0,0.0,0.0,-0.04029042558766882,0.1,0.0,1.0
1779289586.5091565,1.5618088686653055,-1.075951973027947,0.6838476914876583,-0.010749371534240916,-0.0004860892303462543,0.0,0.0,0.0,-0.0410036930624578,0.1,0.0,1.0
1779289586.5197115,1.5621877692953117,-1.075652640016095,0.6840201312559158,-0.010749371534240916,-0.0004860892303462543,0.0,0.0,0.0,-0.0413571491132998,0.1,0.0,1.0
1779289586.5300171,1.5623759057053714,-1.0755040570241228,0.6841002467263104,-0.010749371534240916,-0.0004860892303462543,0.0,0.0,0.0,-0.04153459245297219,0.1,0.0,1.0
1779289586.5404596,1.5624701336910636,-1.0754296410979847,0.684141030193163,-0.010749371534240916,-0.0004860892303462543,0.0,0.0,0.0,-0.04161778902420886,0.1,0.0,1.0
1779289586.551904,1.5625168539048768,-1.0753927572501851,0.6841595938177356,-0.010749371534240916,-0.0004860892303462543,0.0,0.0,0.0,-0.041660039482890356,0.1,0.0,1.0
1779289586.5615196,1.5625412752487295,-1.075373451185817,0.6841737812085533,-0.010749371534240916,-0.0004860892303462543,0.0,0.0,0.0,-0.04167950771841179,0.1,0.0,1.0
1779289586.5718675,1.5625535112456441,-1.075363778518212,0.6841809897349203,-0.010749371534240916,-0.0004860892303462543,0.0,0.0,0.0,-0.04169367835539654,0.1,0.0,1.0
1779289586.582558,1.562559193560292,-1.0753592980457263,0.6841825775664789,-0.010749371534240916,-0.0004860892303462543,0.0,0.0,0.0,-0.041700866259130144,0.1,0.0,1.0
1779289586.5924277,1.5625634349354052,-1.0753559159033887,0.6841898479482973,-0.010749371534240916,-0.0004860892303462543,0.0,0.0,0.0,-0.04170263523423455,0.1,0.0,1.0
1779289586.6031826,1.5625636294211955,-1.0753557963810967,0.6841845722568554,-0.010749371534240916,-0.0004860892303462543,0.0,0.0,0.0,-0.04170937894929576,0.1,0.0,1.0
1779289586.613823,1.5625642716427324,-1.075355291744859,0.6841844560989747,-0.010749371534240916,-0.0004860892303462543,0.0,0.0,0.0,-0.0417046882611365,0.1,0.0,1.0
1779289586.6239793,1.5625642293037874,-1.0753553358499857,0.6841827168948074,-0.010749371534240916,-0.0004860892303462543,0.0,0.0,0.0,-0.04170462485082849,0.1,0.0,1.0
1779289586.634266,1.5625661037513092,-1.0753538117048185,0.6841906157846864,-0.010749371534240916,-0.0004860892303462543,0.0,0.0,0.0,-0.041703072209909424,0.1,0.0,1.0
1779289586.644381,1.562480950665136,-1.0754232639228356,0.6837967364118283,-0.010749371534240916,-0.0004860892303462543,0.0,0.0,0.0,-0.04171022907459947,0.1,0.0,0.0
1779289586.6545763,1.6108882053910318,-1.0357464845453257,0.683501980218324,-0.010749371534240916,-0.0004860892303462543,0.0,0.0,0.0,-0.041353867459774644,0.1,0.0,1.0
1779289586.6646183,1.6350918424497045,-1.015908066181923,0.6833546939863386,-0.010749371534240916,-0.0004860892303462543,0.0,0.0,0.0,-0.022171626849383425,0.1,0.0,1.0
1779289586.674781,1.6471935962765594,-1.0059888993062978,0.6832807752760459,-0.010749371534240916,-0.0004860892303462543,0.0,0.0,0.0,-0.014477851230785247,0.1,0.0,1.0
1779289586.6852987,1.6532436179973553,-1.0010300068679479,0.6832398749224171,-0.010749371534240916,-0.0004860892303462543,0.0,0.0,0.0,-0.005420349415308544,0.1,0.0,1.0
1779289586.6958604,1.656268014251187,-0.9985510580162241,0.6832165907175556,-0.010749371534240916,-0.0004860892303462543,0.0,0.0,0.0,-0.005515285758559725,0.1,0.0,1.0
1779289586.7069185,1.6577803089389584,-0.9973115032910403,0.6832053987524809,-0.010749371534240916,-0.0004860892303462543,0.0,0.0,0.0,-0.005561861547657305,0.1,0.0,1.0
1779289586.71687,1.6585365254507725,-0.9966916688124174,0.6832001242966266,-0.010749371534240916,-0.0004860892303462543,0.0,0.0,0.0,-0.005585953454311539,0.1,0.0,1.0
1779289586.7269883,1.6589158211308281,-0.9963807846644932,0.6832029759884977,-0.010749371534240916,-0.0004860892303462543,0.0,0.0,0.0,-0.005598387191402209,0.1,0.0,1.0
1779289586.7375238,1.6591040459262778,-0.9962265011115967,0.6831978243171517,-0.010749371534240916,-0.0004860892303462543,0.0,0.0,0.0,-0.0056094844329311585,0.1,0.0,1.0
1779289586.7477577,1.6591995594249154,-0.9961482185127724,0.6832017249475171,-0.010749371534240916,-0.0004860892303462543,0.0,0.0,0.0,-0.005609222442015416,0.1,0.0,1.0
1779289586.7577996,1.6592477247678192,-0.9961087449062185,0.6832055630836518,-0.010749371534240916,-0.0004860892303462543,0.0,0.0,0.0,-0.0056148209750204025,0.1,0.0,1.0
1779289586.7684708,1.659270207531912,-0.996090310659657,0.6832000870380153,-0.010749371534240916,-0.0004860892303462543,0.0,0.0,0.0,-0.0056192897218975265,0.1,0.0,1.0
1779289586.7786288,1.6592817687281696,-0.9960808328195465,0.6831988280379377,-0.010749371534240916,-0.0004860892303462543,0.0,0.0,0.0,-0.005614984031884643,0.1,0.0,1.0
1779289586.7892876,1.6592871070325446,-0.9960764538205508,0.6831961545468443,-0.010749371534240916,-0.0004860892303462543,0.0,0.0,0.0,-0.00561413972675336,0.1,0.0,1.0
1779289586.800069,1.6592903147400648,-0.9960738257628252,0.6831973073364699,-0.010749371534240916,-0.0004860892303462543,0.0,0.0,0.0,-0.005611910135997346,0.1,0.0,1.0
1779289586.8102117,1.659291654278435,-0.9960727269600309,0.6831966619298884,-0.010749371534240916,-0.0004860892303462543,0.0,0.0,0.0,-0.005612997196365496,0.1,0.0,1.0
1779289586.8203146,1.6592937203422036,-0.9960710409808915,0.6832027927264441,-0.010749371534240916,-0.0004860892303462543,0.0,0.0,0.0,-0.00561246012934785,0.1,0.0,1.0
1779289586.830731,1.6592937965405534,-0.9960709772575551,0.683201434836215,-0.010749371534240916,-0.0004860892303462543,0.0,0.0,0.0,-0.005617898709004133,0.1,0.0,1.0
1779289586.8411002,1.6592931538277766,-0.9960714994590152,0.6831976095228476,-0.010749371534240916,-0.0004860892303462543,0.0,0.0,0.0,-0.005616705716631425,0.1,0.0,1.0
1779289586.8513405,1.7076053985428201,-0.9572466427279054,0.677403300565353,-0.010749371534240916,-0.0004860892303462543,0.0,0.0,0.0,-0.0056133269106282595,0.1,0.0,1.0
1779289586.8622131,1.73176055899166,-0.9378345799286614,0.674502641445764,-0.010749371534240916,-0.0004860892303462543,0.0,0.0,0.0,0.033070102308829244,0.1,0.0,1.0
1779289586.8720746,1.7438376855422035,-0.928128703801921,0.6730506950660788,-0.010749371534240916,-0.0004860892303462543,0.0,0.0,0.0,0.061101361040552124,0.1,0.0,1.0
1779289586.8826683,1.7498762178362735,-0.9232756858602695,0.6723248137410032,-0.010749371534240916,-0.0004860892303462543,0.0,0.0,0.0,0.07595517162212112,0.1,0.0,1.0
1779289586.893365,1.7528949943391559,-0.92084951444018,0.6719597464091205,-0.010749371534240916,-0.0004860892303462543,0.0,0.0,0.0,0.07775064149034652,0.1,0.0,1.0
1779289586.9039004,1.7544046905706527,-0.9196361572115048,0.6717786825794434,-0.010749371534240916,-0.0004860892303462543,0.0,0.0,0.0,0.07866336958087866,0.1,0.0,1.0
1779289586.9154246,1.7551592424567577,-0.9190297010806489,0.671686823218729,-0.010749371534240916,-0.0004860892303462543,0.0,0.0,0.0,0.07912199709223983,0.1,0.0,1.0
1779289586.925417,1.7555374570279634,-0.9187257201315987,0.6716452065891589,-0.010749371534240916,-0.0004860892303462543,0.0,0.0,0.0,0.09107776210647656,0.1,0.0,1.0
1779289586.9353156,1.7557260813854436,-0.9185741105955775,0.671622193519978,-0.010749371534240916,-0.0004860892303462543,0.0,0.0,0.0,0.09119825924843188,0.1,0.0,1.0
1779289586.9456465,1.7558200577176528,-0.9184985711374118,0.6716091528437866,-0.010749371534240916,-0.0004860892303462543,0.0,0.0,0.0,0.09126036610788127,0.1,0.0,1.0
1779289586.9559295,1.7558683635324597,-0.9184597530957832,0.6716086680208502,-0.010749371534240916,-0.0004860892303462543,0.0,0.0,0.0,0.09129268627863395,0.1,0.0,1.0
1779289586.9667652,1.7558913467769053,-0.9184412737777932,0.6716030698934947,-0.010749371534240916,-0.0004860892303462543,0.0,0.0,0.0,0.09130391516214789,0.1,0.0,1.0
1779289586.9776053,1.755903238451878,-0.9184317157261469,0.6716021035319089,-0.010749371534240916,-0.0004860892303462543,0.0,0.0,0.0,0.09131390843176321,0.1,0.0,1.0
1779289586.9874876,1.7559087589275297,-0.9184272747365243,0.6715996728180658,-0.010749371534240916,-0.0004860892303462543,0.0,0.0,0.0,0.09131740665587772,0.1,0.0,1.0
1779289586.9979427,1.7559112552555054,-0.9184252638378928,0.6715972494394649,-0.010749371534240916,-0.0004860892303462543,0.0,0.0,0.0,0.09132074767152133,0.1,0.0,1.0
1779289587.0079737,1.755914653054936,-0.9184225495592,0.6716058810598957,-0.010749371534240916,-0.0004860892303462543,0.0,0.0,0.0,0.09132340540143054,0.1,0.0,1.0
1779289587.0192707,1.755914097210289,-0.9184229852482777,0.6715998712703559,-0.010749371534240916,-0.0004860892303462543,0.0,0.0,0.0,0.0913166880207965,0.1,0.0,1.0
1779289587.0287786,1.7559153598890282,-0.9184219780906913,0.6716039215896537,-0.010749371534240916,-0.0004860892303462543,0.0,0.0,0.0,0.09132177042518987,0.1,0.0,1.0
1779289587.0389948,1.755916633370951,-0.9184209643779708,0.6716088864218301,-0.010749371534240916,-0.0004860892303462543,0.0,0.0,0.0,0.0913185440293628,0.1,0.0,1.0
1779289587.0499287,1.8052435496980619,-0.8789763634927286,0.6779577892646422,-0.010749371534240916,-0.0004860892303462543,0.0,0.0,0.0,0.09131452829133295,0.1,0.0,1.0
1779289587.0598166,1.8299062281771103,-0.8592551417420801,0.6811276428544848,-0.010749371534240916,-0.0004860892303462543,0.0,0.0,0.0,0.1356723521460568,0.1,0.0,1.0
1779289587.0703433,1.8422386666748392,-0.8493938707829443,0.6827171215485865,-0.010749371534240916,-0.0004860892303462543,0.0,0.0,0.0,0.15446566639513692,0.1,0.0,1.0
1779289587.0805569,1.8484043756382116,-0.8444637635773603,0.6835092473430304,-0.010749371534240916,-0.0004860892303462543,0.0,0.0,0.0,0.17046385150822274,0.1,0.0,1.0
1779289587.0907679,1.8514877787725834,-0.8419983203656196,0.6839077170971346,-0.010749371534240916,-0.0004860892303462543,0.0,0.0,0.0,0.18446477970868547,0.1,0.0,1.0
1779289587.1015317,1.853028526857445,-0.8407664044536326,0.684102478160058,-0.010749371534240916,-0.0004860892303462543,0.0,0.0,0.0,0.18561310579410598,0.1,0.0,1.0
1779289587.1120622,1.8537991104583136,-0.8401502898392013,0.6842007957121377,-0.010749371534240916,-0.0004860892303462543,0.0,0.0,0.0,0.18619892893920165,0.1,0.0,1.0
1779289587.1218696,1.8541858664750286,-0.839841045419846,0.6842567111417539,-0.010749371534240916,-0.0004860892303462543,0.0,0.0,0.0,0.1864928316011937,0.1,0.0,1.0
1779289587.1322267,1.8543791401618057,-0.8396865122390356,0.6842841773800616,-0.010749371534240916,-0.0004860892303462543,0.0,0.0,0.0,0.186635448586976,0.1,0.0,1.0
1779289587.142411,1.8544758127062866,-0.8396092184605553,0.6842980712625564,-0.010749371534240916,-0.0004860892303462543,0.0,0.0,0.0,0.18670725225361465,0.1,0.0,1.0
1779289587.1526191,1.854524125627503,-0.8395705915994347,0.6843049079660841,-0.010749371534240916,-0.0004860892303462543,0.0,0.0,0.0,0.1867430743866373,0.1,0.0,1.0
1779289587.1630468,1.8545474850067705,-0.8395519289146185,0.6843046379474726,-0.010749371534240916,-0.0004860892303462543,0.0,0.0,0.0,0.18676107473767173,0.1,0.0,1.0
1779289587.1730316,1.854560176475843,-0.8395417721372167,0.6843091834480202,-0.010749371534240916,-0.0004860892303462543,0.0,0.0,0.0,0.18677273943934472,0.1,0.0,1.0
1779289587.183432,1.8545648413534057,-0.8395380653329069,0.6843036798458098,-0.010749371534240916,-0.0004860892303462543,0.0,0.0,0.0,0.18677519449469618,0.1,0.0,1.0
1779289587.1934109,1.8545689469582074,-0.8395347649730758,0.6843091315683534,-0.010749371534240916,-0.0004860892303462543,0.0,0.0,0.0,0.18678203446258823,0.1,0.0,1.0
1779289587.2040877,1.8545689674406804,-0.8395347731682732,0.6843024550707737,-0.010749371534240916,-0.0004860892303462543,0.0,0.0,0.0,0.18677953383297743,0.1,0.0,1.0
1779289587.2145598,1.8545695592962228,-0.8395343022939735,0.6843018084596424,-0.010749371534240916,-0.0004860892303462543,0.0,0.0,0.0,0.1867850692904116,0.1,0.0,1.0
1779289587.2246795,1.8545712254385138,-0.8395329489874332,0.6843078238229654,-0.010749371534240916,-0.0004860892303462543,0.0,0.0,0.0,0.18678589396380485,0.1,0.0,1.0
1779289587.235209,1.8545720021196805,-0.8395323187593422,0.6843105696900422,-0.010749371534240916,-0.0004860892303462543,0.0,0.0,0.0,0.18678173193177672,0.1,0.0,1.0
1779289587.2453053,1.8545723428945649,-0.8395320426428546,0.684311722148141,-0.010749371534240916,-0.0004860892303462543,0.0,0.0,0.0,0.18677984039059548,0.1,0.0,1.0
1779289587.2551162,1.901299010793625,-0.7992151805543852,0.7155237929836011,-0.010749371534240916,-0.0004860892303462543,0.0,0.0,0.0,0.18677905397281663,0.1,0.0,1.0
1779289587.2660842,1.9246621478662789,-0.7790592208657615,0.7311235815972092,-0.010749371534240916,-0.0004860892303462543,0.0,0.0,0.0,0.21936972373845653,0.1,0.0,1.0
1779289587.276269,1.9363448801997927,-0.7689813994245447,0.7389262272537698,-0.010749371534240916,-0.0004860892303462543,0.0,0.0,0.0,0.24350356193823866,0.1,0.0,1.0
1779289587.2867012,1.9421879453932918,-0.763941538198964,0.7428343526680097,-0.010749371534240916,-0.0004860892303462543,0.0,0.0,0.0,0.2559092279257506,0.1,0.0,1.0
1779289587.2974854,1.9451086189974647,-0.7614226866831089,0.7447835327627899,-0.010749371534240916,-0.0004860892303462543,0.0,0.0,0.0,0.2568597766723788,0.1,0.0,1.0
1779289587.3073077,1.9465689497188463,-0.7601634151815053,0.7457577323849227,-0.010749371534240916,-0.0004860892303462543,0.0,0.0,0.0,0.25738140069859317,0.1,0.0,1.0
1779289587.318017,1.9472993931694962,-0.7595335970648045,0.746246008065,-0.010749371534240916,-0.0004860892303462543,0.0,0.0,0.0,0.25765409145983786,0.1,0.0,1.0
1779289587.32843,1.9476639653815533,-0.7592193256942299,0.7464868847058277,-0.010749371534240916,-0.0004860892303462543,0.0,0.0,0.0,0.2577926729433518,0.1,0.0,1.0
1779289587.3390095,1.947846698181206,-0.7590617954179882,0.7466094588820633,-0.010749371534240916,-0.0004860892303462543,0.0,0.0,0.0,0.25786480515089744,0.1,0.0,1.0
1779289587.3493607,1.9479392054534608,-0.7589819840291909,0.7466762946020777,-0.010749371534240916,-0.0004860892303462543,0.0,0.0,0.0,0.2578997183577012,0.1,0.0,1.0
1779289587.3597612,1.9479834159763096,-0.7589439740205208,0.7466997221687279,-0.010749371534240916,-0.0004860892303462543,0.0,0.0,0.0,0.25791370929222723,0.1,0.0,1.0
1779289587.369833,1.9480077501529136,-0.7589229080971752,0.7467223173336448,-0.010749371534240916,-0.0004860892303462543,0.0,0.0,0.0,0.257927063251601,0.1,0.0,1.0
1779289587.3804195,1.9480181960892065,-0.7589139697231432,0.7467252046967299,-0.010749371534240916,-0.0004860892303462543,0.0,0.0,0.0,0.25792683827652335,0.1,0.0,1.0
1779289587.3905833,1.9480246144929478,-0.7589083943858326,0.7467324863841838,-0.010749371534240916,-0.0004860892303462543,0.0,0.0,0.0,0.2579320666088092,0.1,0.0,1.0
1779289587.4008965,1.9480284540710784,-0.7589050238431572,0.7467392046975885,-0.010749371534240916,-0.0004860892303462543,0.0,0.0,0.0,0.257930975689298,0.1,0.0,1.0
1779289587.4110012,1.9480297073302753,-0.7589039559577183,0.7467393072483186,-0.010749371534240916,-0.0004860892303462543,0.0,0.0,0.0,0.2579284775672942,0.1,0.0,1.0
1779289587.4215176,1.9480299107623429,-0.758903813702313,0.7467372915664372,-0.010749371534240916,-0.0004860892303462543,0.0,0.0,0.0,0.257929296107866,0.1,0.0,1.0
1779289587.431928,1.9480293917055937,-0.7589043169595815,0.7467332521882017,-0.010749371534240916,-0.0004860892303462543,0.0,0.0,0.0,0.2579310173247975,0.1,0.0,1.0
1779289587.442492,1.9480290332744947,-0.7589046598126831,0.7467307502090601,-0.010749371534240916,-0.0004860892303462543,0.0,0.0,0.0,0.25793380192856347,0.1,0.0,1.0
1779289587.4525528,1.9911877139017995,-0.7143212817370648,0.8039672117886916,-0.010749371534240916,-0.0004860892303462543,0.0,0.0,0.0,0.2579354999983412,0.1,0.0,1.0
1779289587.4628322,2.01276894971919,-0.6920321488698916,0.8325838808774764,-0.010749371534240916,-0.0004860892303462543,0.0,0.0,0.0,0.28422488551311087,0.1,0.0,1.0
1779289587.473397,2.02355984922208,-0.6808896241892309,0.8468875624714456,-0.010749371534240916,-0.0004860892303462543,0.0,0.0,0.0,0.28943647171509734,0.1,0.0,1.0
1779289587.4837308,2.0289570236682,-0.6753176331507547,0.854045475529496,-0.010749371534240916,-0.0004860892303462543,0.0,0.0,0.0,0.29746873133297047,0.1,0.0,1.0
1779289587.493921,2.0316556394137777,-0.6725322031319829,0.8576229760019722,-0.010749371534240916,-0.0004860892303462543,0.0,0.0,0.0,0.2968376942762834,0.1,0.0,1.0
1779289587.5043056,2.0330051545532672,-0.671139550978392,0.8594120431716545,-0.010749371534240916,-0.0004860892303462543,0.0,0.0,0.0,0.30593670130299283,0.1,0.0,1.0
1779289587.514615,2.0336795593873758,-0.670443785462028,0.860304229611712,-0.010749371534240916,-0.0004860892303462543,0.0,0.0,0.0,0.3058077064284069,0.1,0.0,1.0
1779289587.524747,2.034017685480279,-0.6700949055804201,0.8607551916643654,-0.010749371534240916,-0.0004860892303462543,0.0,0.0,0.0,0.3057478447478876,0.1,0.0,1.0
1779289587.5353332,2.034186584233505,-0.6699206944838529,0.8609796667714988,-0.010749371534240916,-0.0004860892303462543,0.0,0.0,0.0,0.30571596793828104,0.1,0.0,1.0
1779289587.5451097,2.034271411217662,-0.6698331683290935,0.8610939299431664,-0.010749371534240916,-0.0004860892303462543,0.0,0.0,0.0,0.3057008414518417,0.1,0.0,1.0
1779289587.5552754,2.034313470366002,-0.6697898272639563,0.8611490864365203,-0.010749371534240916,-0.0004860892303462543,0.0,0.0,0.0,0.30569217764972656,0.1,0.0,1.0
1779289587.5653613,2.0343349272134312,-0.6697676639124441,0.8611790026415047,-0.010749371534240916,-0.0004860892303462543,0.0,0.0,0.0,0.30568900440434477,0.1,0.0,1.0
1779289587.575592,2.0343452135315996,-0.6697570994787684,0.8611915217344466,-0.010749371534240916,-0.0004860892303462543,0.0,0.0,0.0,0.30568607808240705,0.1,0.0,1.0
1779289587.5857306,2.03435053587814,-0.6697516096766695,0.8611987642339196,-0.010749371534240916,-0.0004860892303462543,0.0,0.0,0.0,0.30568602294289204,0.1,0.0,1.0
1779289587.5960596,2.0343519224818225,-0.6697503494600536,0.8611953716087335,-0.010749371534240916,-0.0004860892303462543,0.0,0.0,0.0,0.30568543022009115,0.1,0.0,1.0
1779289587.6067257,2.0343524770468155,-0.6697498805982974,0.861192912818578,-0.010749371534240916,-0.0004860892303462543,0.0,0.0,0.0,0.3056891749547304,0.1,0.0,1.0
1779289587.6171038,2.0343538537744417,-0.6697483658011082,0.8611977327183746,-0.010749371534240916,-0.0004860892303462543,0.0,0.0,0.0,0.305691486302644,0.1,0.0,1.0
1779289587.627227,2.034354902175267,-0.6697471895919971,0.8612021223539914,-0.010749371534240916,-0.0004860892303462543,0.0,0.0,0.0,0.30568915697505383,0.1,0.0,1.0
1779289587.6373227,2.0343554875034275,-0.669746530678266,0.8612046524781976,-0.010749371534240916,-0.0004860892303462543,0.0,0.0,0.0,0.3056868522233888,0.1,0.0,1.0
1779289587.6477635,2.0706613180337734,-0.62027431336049,0.938462217137916,-0.010749371534240916,-0.0004860892303462543,0.0,0.0,0.0,0.3056855070045285,0.1,0.0,1.0
1779289587.6579208,2.0888187232561704,-0.5955394899213974,0.9770974024420003,-0.010749371534240916,-0.0004860892303462543,0.0,0.0,0.0,0.30500216645920514,0.1,0.0,1.0
1779289587.6690958,2.0978967344619015,-0.5831768988254997,0.9963994332025967,-0.010749371534240916,-0.0004860892303462543,0.0,0.0,0.0,0.3013620998438132,0.1,0.0,1.0
1779289587.6795363,2.1024382499985887,-0.5769938324415991,1.0060607052840753,-0.010749371534240916,-0.0004860892303462543,0.0,0.0,0.0,0.30300686650570247,0.1,0.0,1.0
1779289587.6901896,2.1047091914512968,-0.5739030285647029,1.010889494843008,-0.010749371534240916,-0.0004860892303462543,0.0,0.0,0.0,0.30650868561526673,0.1,0.0,1.0
1779289587.7007482,2.1058451896325296,-0.5723573031798666,1.013305878494669,-0.010749371534240916,-0.0004860892303462543,0.0,0.0,0.0,0.30537717857452495,0.1,0.0,1.0
1779289587.711104,2.1064135022914794,-0.5715841952376327,1.0145154115460908,-0.010749371534240916,-0.0004860892303462543,0.0,0.0,0.0,0.3048225366030621,0.1,0.0,1.0
1779289587.7214277,2.106698272362239,-0.5711967825827073,1.0151239537137045,-0.010749371534240916,-0.0004860892303462543,0.0,0.0,0.0,0.3045476424377027,0.1,0.0,1.0
1779289587.7318134,2.1068397259457883,-0.5710046397717804,1.01542170239909,-0.010749371534240916,-0.0004860892303462543,0.0,0.0,0.0,0.30440886948778867,0.1,0.0,1.0
1779289587.7423773,2.1069107947986216,-0.5709080492050197,1.0155728044623702,-0.010749371534240916,-0.0004860892303462543,0.0,0.0,0.0,0.3043434803450054,0.1,0.0,1.0
1779289587.752696,2.106946541786546,-0.5708594273624821,1.0156497518384615,-0.010749371534240916,-0.0004860892303462543,0.0,0.0,0.0,0.3043095597873182,0.1,0.0,1.0
1779289587.763148,2.1069642960070842,-0.5708353168997518,1.0156873895571312,-0.010749371534240916,-0.0004860892303462543,0.0,0.0,0.0,0.3042917755887529,0.1,0.0,1.0
1779289587.773254,2.106973993442326,-0.5708219428997974,1.015711775421316,-0.010749371534240916,-0.0004860892303462543,0.0,0.0,0.0,0.3042833745931964,0.1,0.0,1.0
1779289587.783508,2.1069789810564785,-0.5708150344386307,1.015724905374027,-0.010749371534240916,-0.0004860892303462543,0.0,0.0,0.0,0.30427596539300183,0.1,0.0,1.0
1779289587.7938533,2.106980398339466,-0.5708133175946983,1.0157241441352545,-0.010749371534240916,-0.0004860892303462543,0.0,0.0,0.0,0.30427172208660436,0.1,0.0,1.0
1779289587.8039074,2.1069821867762815,-0.5708107177833855,1.0157311081039495,-0.010749371534240916,-0.0004860892303462543,0.0,0.0,0.0,0.3042738288715389,0.1,0.0,1.0
1779289587.8141098,2.1069831036007765,-0.5708093821384008,1.0157347416651623,-0.010749371534240916,-0.0004860892303462543,0.0,0.0,0.0,0.30427064418498057,0.1,0.0,1.0
1779289587.8244698,2.1069822736976933,-0.5708107923118535,1.0157277945470442,-0.010749371534240916,-0.0004860892303462543,0.0,0.0,0.0,0.30426896488330446,0.1,0.0,1.0
1779289587.8347816,2.106982984158507,-0.5708096817660326,1.015731977916273,-0.010749371534240916,-0.0004860892303462543,0.0,0.0,0.0,0.3042731825374147,0.1,0.0,1.0
1779289587.8455122,2.1337754985641593,-0.5176670134350255,1.1019319507041834,-0.010749371534240916,-0.0004860892303462543,0.0,0.0,0.0,0.3042708725779926,0.1,0.0,1.0
1779289587.8556132,2.1471759597080116,-0.4910981517736287,1.1450315926052639,-0.010749371534240916,-0.0004860892303462543,0.0,0.0,0.0,0.2817620141486583,0.1,0.0,1.0
1779289587.865931,2.1538790868179563,-0.477813242026246,1.166587453664202,-0.010749371534240916,-0.0004860892303462543,0.0,0.0,0.0,0.2686103710843684,0.1,0.0,1.0
1779289587.876099,2.15723197165609,-0.47117070978143727,1.177367547608922,-0.010749371534240916,-0.0004860892303462543,0.0,0.0,0.0,0.2636217429023141,0.1,0.0,1.0
1779289587.8862586,2.1589088719044653,-0.4678498688083933,1.1827568275104818,-0.010749371534240916,-0.0004860892303462543,0.0,0.0,0.0,0.2622629378560174,0.1,0.0,1.0
1779289587.8966284,2.1597468147343406,-0.46619146646014,1.1854440861272728,-0.010749371534240916,-0.0004860892303462543,0.0,0.0,0.0,0.26028614565132024,0.1,0.0,1.0
1779289587.9069138,2.1601666018815906,-0.4653606590440999,1.1867941505625623,-0.010749371534240916,-0.0004860892303462543,0.0,0.0,0.0,0.25931204897658555,0.1,0.0,1.0
1779289587.917473,2.1603763825962483,-0.46494573221353697,1.18746744653612,-0.010749371534240916,-0.0004860892303462543,0.0,0.0,0.0,0.2588234688037359,0.1,0.0,1.0
1779289587.9275436,2.1604813204248425,-0.4647382506499175,1.1878042185403341,-0.010749371534240916,-0.0004860892303462543,0.0,0.0,0.0,0.2585809851094181,0.1,0.0,1.0
1779289587.9380727,2.160533738126029,-0.46463468679504105,1.18797194770936,-0.010749371534240916,-0.0004860892303462543,0.0,0.0,0.0,0.258459868068158,0.1,0.0,1.0
1779289587.9484575,2.1605594520481244,-0.46458415882038656,1.188050980207155,-0.010749371534240916,-0.0004860892303462543,0.0,0.0,0.0,0.2583997929699327,0.1,0.0,1.0
1779289587.9587584,2.1605727577669906,-0.46455779220323534,1.1880947635744565,-0.010749371534240916,-0.0004860892303462543,0.0,0.0,0.0,0.2583728575491033,0.1,0.0,1.0
1779289587.9693038,2.1605792894270834,-0.4645449164952008,1.1881154702026198,-0.010749371534240916,-0.0004860892303462543,0.0,0.0,0.0,0.2583566797400916,0.1,0.0,1.0
1779289587.9795835,2.1605826572942597,-0.46453822825056346,1.1881267926899879,-0.010749371534240916,-0.0004860892303462543,0.0,0.0,0.0,0.258349350212266,0.1,0.0,1.0
1779289587.9899707,2.1605840762552075,-0.46453554411484965,1.1881299046864013,-0.010749371534240916,-0.0004860892303462543,0.0,0.0,0.0,0.25834506972324545,0.1,0.0,1.0
1779289588.0005195,2.1605847906832416,-0.46453419022508863,1.1881315066169913,-0.010749371534240916,-0.0004860892303462543,0.0,0.0,0.0,0.2583445549519083,0.1,0.0,1.0
1779289588.010986,2.160585126449602,-0.46453356680737135,1.1881321008865617,-0.010749371534240916,-0.0004860892303462543,0.0,0.0,0.0,0.2583442685652398,0.1,0.0,1.0
1779289588.021069,2.160586136959277,-0.46453116173376263,1.1881404867140377,-0.010749371534240916,-0.0004860892303462543,0.0,0.0,0.0,0.25834425722449306,0.1,0.0,1.0
1779289588.0314553,2.16058629096337,-0.46453083309599363,1.1881413035976065,-0.010749371534240916,-0.0004860892303462543,0.0,0.0,0.0,0.25833909710641983,0.1,0.0,1.0
1779289588.0418496,2.160586073751468,-0.4645313998738694,1.1881388871978213,-0.010749371534240916,-0.0004860892303462543,0.0,0.0,0.0,0.2583386691027766,0.1,0.0,1.0
1779289588.0525746,2.1782768676257307,-0.4053357838881915,1.2762406697324238,-0.010749371534240916,-0.0004860892303462543,0.0,0.0,0.0,0.2583402553046929,0.1,0.0,1.0
1779289588.0629508,2.1871272531195416,-0.37573895501112864,1.3202941929252852,-0.010749371534240916,-0.0004860892303462543,0.0,0.0,0.0,0.21704346663741164,0.1,0.0,1.0
1779289588.0731559,2.191555360752654,-0.36093923089100627,1.342328289923321,-0.010749371534240916,-0.0004860892303462543,0.0,0.0,0.0,0.19617026178634614,0.1,0.0,1.0
1779289588.0837216,2.1937701594496013,-0.353541486987728,1.353338595548478,-0.010749371534240916,-0.0004860892303462543,0.0,0.0,0.0,0.18493429605570025,0.1,0.0,1.0
1779289588.094452,2.194878152569826,-0.3498428153599545,1.3588435186991399,-0.010749371534240916,-0.0004860892303462543,0.0,0.0,0.0,0.17975257920910356,0.1,0.0,1.0
1779289588.1047835,2.1954324168874777,-0.34799371761514963,1.3615953510008207,-0.010749371534240916,-0.0004860892303462543,0.0,0.0,0.0,0.17697068577808345,0.1,0.0,1.0
1779289588.1149843,2.195710177262242,-0.34706696270186954,1.3629794706753096,-0.010749371534240916,-0.0004860892303462543,0.0,0.0,0.0,0.17558823625626077,0.1,0.0,1.0
1779289588.125383,2.1958488507825153,-0.3466049312090911,1.363666657086691,-0.010749371534240916,-0.0004860892303462543,0.0,0.0,0.0,0.1748931610979709,0.1,0.0,1.0
1779289588.1356494,2.1959183244795133,-0.3463734506037528,1.3640119819432304,-0.010749371534240916,-0.0004860892303462543,0.0,0.0,0.0,0.17455000215725486,0.1,0.0,1.0
1779289588.1457195,2.195953310262512,-0.3462566168730739,1.3641886634550344,-0.010749371534240916,-0.0004860892303462543,0.0,0.0,0.0,0.17437735305592597,0.1,0.0,1.0
1779289588.1564603,2.195970246840153,-0.3462009009548598,1.3642671195620606,-0.010749371534240916,-0.0004860892303462543,0.0,0.0,0.0,0.17428813102280616,0.1,0.0,1.0
1779289588.1668205,2.195979100269573,-0.3461712265883966,1.364313003217907,-0.010749371534240916,-0.0004860892303462543,0.0,0.0,0.0,0.17425082326155658,0.1,0.0,1.0
1779289588.1766355,2.1959837490940743,-0.34615534140916,1.3643397849930698,-0.010749371534240916,-0.0004860892303462543,0.0,0.0,0.0,0.17422727674577965,0.1,0.0,1.0
1779289588.1872766,2.1959856031461005,-0.34614965168124084,1.3643449264246197,-0.010749371534240916,-0.0004860892303462543,0.0,0.0,0.0,0.17421267990107417,0.1,0.0,1.0
1779289588.1977623,2.195986528091955,-0.3461468181646665,1.3643474558012496,-0.010749371534240916,-0.0004860892303462543,0.0,0.0,0.0,0.1742114600450555,0.1,0.0,1.0
1779289588.2083502,2.1959868906259885,-0.346145879291137,1.3643469704657623,-0.010749371534240916,-0.0004860892303462543,0.0,0.0,0.0,0.17421088106715285,0.1,0.0,1.0
1779289588.2187538,2.1959873946924517,-0.34614386841997846,1.3643523728879199,-0.010749371534240916,-0.0004860892303462543,0.0,0.0,0.0,0.1742118807846392,0.1,0.0,1.0
1779289588.228726,2.1959876717090734,-0.3461427451494628,1.3643555058634016,-0.010749371534240916,-0.0004860892303462543,0.0,0.0,0.0,0.17420822275527614,0.1,0.0,1.0
1779289588.2389567,2.195987996877755,-0.3461412930562986,1.3643603335503531,-0.010749371534240916,-0.0004860892303462543,0.0,0.0,0.0,0.1742060762166957,0.1,0.0,1.0
1779289588.2492013,2.2037820764651093,-0.2848147146004598,1.438445356221738,-0.010749371534240916,-0.0004860892303462543,0.0,0.0,0.0,0.17420260120210537,0.1,0.0,1.0
1779289588.259621,2.2076827720017578,-0.2541543942723641,1.4754795813554917,-0.010749371534240916,-0.0004860892303462543,0.0,0.0,0.0,0.1250030541848348,0.1,0.0,1.0
1779289588.269997,2.2096353429536455,-0.23882298595338441,1.4940020450450175,-0.010749371534240916,-0.0004860892303462543,0.0,0.0,0.0,0.1019443921684424,0.1,0.0,1.0
1779289588.2801085,2.2106126671949395,-0.23115707688309062,1.5032643287413565,-0.010749371534240916,-0.0004860892303462543,0.0,0.0,0.0,0.08990903072514418,0.1,0.0,1.0
1779289588.2903314,2.211101787794803,-0.22732486210601305,1.5078929443084474,-0.010749371534240916,-0.0004860892303462543,0.0,0.0,0.0,0.08537464330069967,0.1,0.0,1.0
1779289588.3005311,2.211346652684432,-0.22540800411941336,1.5102100080349876,-0.010749371534240916,-0.0004860892303462543,0.0,0.0,0.0,0.0823958912148814,0.1,0.0,1.0
1779289588.3106296,2.2114692434727736,-0.22444905852849306,1.511370423125971,-0.010749371534240916,-0.0004860892303462543,0.0,0.0,0.0,0.08090968691511098,0.1,0.0,1.0
1779289588.3213954,2.211530446607963,-0.22397219515893693,1.511941274244995,-0.010749371534240916,-0.0004860892303462543,0.0,0.0,0.0,0.08016658717710685,0.1,0.0,1.0
1779289588.331583,2.2115611202645242,-0.22373309124888852,1.5122291204411038,-0.010749371534240916,-0.0004860892303462543,0.0,0.0,0.0,0.0798031910795779,0.1,0.0,1.0
1779289588.341856,2.211576555951898,-0.2236121292534568,1.5123781098810305,-0.010749371534240916,-0.0004860892303462543,0.0,0.0,0.0,0.07961962640476888,0.1,0.0,1.0
1779289588.3518825,2.2115843092405667,-0.22355118181000827,1.5124542811329826,-0.010749371534240916,-0.0004860892303462543,0.0,0.0,0.0,0.07952370237457344,0.1,0.0,1.0
1779289588.362012,2.2115881749910726,-0.22352096545753908,1.5124914435180559,-0.010749371534240916,-0.0004860892303462543,0.0,0.0,0.0,0.07947437304220725,0.1,0.0,1.0
1779289588.3723218,2.2115900237925223,-0.22350733237171055,1.5125047287068032,-0.010749371534240916,-0.0004860892303462543,0.0,0.0,0.0,0.07945048041471996,0.1,0.0,1.0
1779289588.3828237,2.211590964314369,-0.22350025234693954,1.5125123175082722,-0.010749371534240916,-0.0004860892303462543,0.0,0.0,0.0,0.07944291811408026,0.1,0.0,1.0
1779289588.3934343,2.2115913883446745,-0.22349751188983552,1.5125132411350535,-0.010749371534240916,-0.0004860892303462543,0.0,0.0,0.0,0.07943835575711147,0.1,0.0,1.0
1779289588.4034865,2.2115917025983722,-0.22349439037228974,1.512519991091711,-0.010749371534240916,-0.0004860892303462543,0.0,0.0,0.0,0.0794384496894806,0.1,0.0,1.0
1779289588.413618,2.2115918956202316,-0.22349222071222902,1.512525552451483,-0.010749371534240916,-0.0004860892303462543,0.0,0.0,0.0,0.07943329596904648,0.1,0.0,1.0
1779289588.4238331,2.2115919578793193,-0.22349172819250168,1.5125262064620237,-0.010749371534240916,-0.0004860892303462543,0.0,0.0,0.0,0.07942891143993548,0.1,0.0,1.0
1779289588.4344473,2.21159199150728,-0.22349143971947039,1.5125266850441594,-0.010749371534240916,-0.0004860892303462543,0.0,0.0,0.0,0.07942847863818724,0.1,0.0,1.0
1779289588.4440422,2.2115920325261946,-0.22349088100744194,1.5125284125444445,-0.010749371534240916,-0.0004860892303462543,0.0,0.0,0.0,0.07942813693313305,0.1,0.0,1.0
1779289588.4543886,2.2117271118068,-0.16242529316022353,1.5621441453224483,-0.010749371534240916,-0.0004860892303462543,0.0,0.0,0.0,0.0794267352502449,0.1,0.0,1.0
1779289588.46481,2.211797320916829,-0.13189568401218416,1.5869409190408952,-0.010749371534240916,-0.0004860892303462543,0.0,0.0,0.0,0.04414208287475283,0.1,0.0,1.0
1779289588.4750042,2.211833803428929,-0.11662795411254907,1.5993497738902613,-0.010749371534240916,-0.0004860892303462543,0.0,0.0,0.0,0.03259458319138925,0.1,0.0,1.0
1779289588.4854417,2.2118527621311945,-0.1089954983988847,1.6055490936339272,-0.010749371534240916,-0.0004860892303462543,0.0,0.0,0.0,0.024668995911853342,0.1,0.0,1.0
1779289588.4955525,2.211862526977811,-0.10517749482216311,1.6086550829881716,-0.010749371534240916,-0.0004860892303462543,0.0,0.0,0.0,0.02508214628910037,0.1,0.0,1.0
1779289588.5060968,2.211867675596536,-0.10327107226500581,1.6101988039171156,-0.010749371534240916,-0.0004860892303462543,0.0,0.0,0.0,0.02314154119597186,0.1,0.0,1.0
1779289588.516547,2.2118702573125817,-0.1023158229962623,1.6109779630372865,-0.010749371534240916,-0.0004860892303462543,0.0,0.0,0.0,0.022180542960108948,0.1,0.0,1.0
1779289588.5263515,2.211871569134547,-0.10183765762000094,1.6113694763507063,-0.010749371534240916,-0.0004860892303462543,0.0,0.0,0.0,0.02169529994957165,0.1,0.0,1.0
1779289588.5368087,2.2118723414276684,-0.10160091843305182,1.6115568227880432,-0.010749371534240916,-0.0004860892303462543,0.0,0.0,0.0,0.02145144419240418,0.1,0.0,1.0
1779289588.5472662,2.2118727019249786,-0.10148165983844676,1.6116536837141089,-0.010749371534240916,-0.0004860892303462543,0.0,0.0,0.0,0.021335841793924712,0.1,0.0,1.0
1779289588.5576458,2.2118728929535365,-0.10142216219773227,1.6117016410735943,-0.010749371534240916,-0.0004860892303462543,0.0,0.0,0.0,0.02127569333375219,0.1,0.0,1.0
1779289588.5682857,2.2118730498853703,-0.10139384854372215,1.6117204707331751,-0.010749371534240916,-0.0004860892303462543,0.0,0.0,0.0,0.021245981639299135,0.1,0.0,1.0
1779289588.5786643,2.2118730486914266,-0.1013777199304865,1.6117369591499857,-0.010749371534240916,-0.0004860892303462543,0.0,0.0,0.0,0.021234962474417952,0.1,0.0,1.0
1779289588.5892506,2.2118731118374337,-0.10137118944727816,1.6117397006588776,-0.010749371534240916,-0.0004860892303462543,0.0,0.0,0.0,0.02122419026967507,0.1,0.0,1.0
1779289588.5999014,2.2118730389259036,-0.10136536989899617,1.6117502349237824,-0.010749371534240916,-0.0004860892303462543,0.0,0.0,0.0,0.02122290093139211,0.1,0.0,1.0
1779289588.609603,2.211873040396048,-0.10136337171099763,1.6117522316705468,-0.010749371534240916,-0.0004860892303462543,0.0,0.0,0.0,0.02121543664057915,0.1,0.0,1.0
1779289588.619925,2.2118730922393457,-0.10136361711304959,1.6117487654162774,-0.010749371534240916,-0.0004860892303462543,0.0,0.0,0.0,0.021214139344858343,0.1,0.0,1.0
1779289588.6305416,2.2118731221101813,-0.10136384096977519,1.6117466694233151,-0.010749371534240916,-0.0004860892303462543,0.0,0.0,0.0,0.02121681365261471,0.1,0.0,1.0
1779289588.6406875,2.211873052623825,-0.10136189537947111,1.611753002760822,-0.010749371534240916,-0.0004860892303462543,0.0,0.0,0.0,0.02121842056827776,0.1,0.0,1.0
1779289588.6512191,2.207233364184206,-0.03803996728057389,1.6388650628378514,-0.010749371534240916,-0.0004860892303462543,0.0,0.0,0.0,0.021213730326328856,0.1,0.0,1.0
1779289588.6612895,2.2049148749594822,-0.0063762922899825505,1.6524305319811248,-0.010749371534240916,-0.0004860892303462543,0.0,0.0,0.0,0.01720312725073367,0.1,0.0,1.0
1779289588.671839,2.2037565012329505,0.009453889908075615,1.6592071162066437,-0.010749371534240916,-0.0004860892303462543,0.0,0.0,0.0,0.021017896007575133,0.1,0.0,1.0
1779289588.681681,2.203177550515073,0.01737059585160248,1.6626011039349269,-0.010749371534240916,-0.0004860892303462543,0.0,0.0,0.0,0.023788366862124127,0.1,0.0,1.0
1779289588.6921835,2.20288847697958,0.021326589399912065,1.6642895451893072,-0.010749371534240916,-0.0004860892303462543,0.0,0.0,0.0,0.021792678615692118,0.1,0.0,1.0
1779289588.702812,2.2027439190020233,0.023305835112921086,1.6651382304441489,-0.010749371534240916,-0.0004860892303462543,0.0,0.0,0.0,0.020808349436019922,0.1,0.0,1.0
1779289588.7125802,2.2026715675983146,0.02429672151314527,1.6655671065977966,-0.010749371534240916,-0.0004860892303462543,0.0,0.0,0.0,0.020314787476687524,0.1,0.0,1.0
1779289588.7231145,2.202635588128143,0.02479034523797622,1.665774985530292,-0.010749371534240916,-0.0004860892303462543,0.0,0.0,0.0,0.027342894763812072,0.1,0.0,1.0
1779289588.7338717,2.202617695751516,0.025036257592094997,1.6658756821702827,-0.010749371534240916,-0.0004860892303462543,0.0,0.0,0.0,0.027228847456665883,0.1,0.0,1.0
1779289588.7437387,2.2026085490515097,0.025161376516682057,1.6659338160292387,-0.010749371534240916,-0.0004860892303462543,0.0,0.0,0.0,0.027174270187302008,0.1,0.0,1.0
1779289588.7539315,2.202603969853506,0.02522403067704366,1.6659632228583527,-0.010749371534240916,-0.0004860892303462543,0.0,0.0,0.0,0.02714124108704587,0.1,0.0,1.0
1779289588.764419,2.202601874604498,0.02525333859267143,1.6659706551766416,-0.010749371534240916,-0.0004860892303462543,0.0,0.0,0.0,0.027124481948324963,0.1,0.0,1.0
1779289588.774635,2.2026006259828907,0.02527010247524257,1.665981968551975,-0.010749371534240916,-0.0004860892303462543,0.0,0.0,0.0,0.027121481935671574,0.1,0.0,1.0
1779289588.7847133,2.202600045641865,0.025278030352793364,1.6659859900467984,-0.010749371534240916,-0.0004860892303462543,0.0,0.0,0.0,0.02711436484894745,0.1,0.0,1.0
1779289588.7948148,2.2025997223193863,0.025282343833458717,1.6659892593415115,-0.010749371534240916,-0.0004860892303462543,0.0,0.0,0.0,0.02711201642460302,0.1,0.0,1.0
1779289588.805162,2.202599609798563,0.025283987790131912,1.6659890475070611,-0.010749371534240916,-0.0004860892303462543,0.0,0.0,0.0,0.027109911900014567,0.1,0.0,1.0
1779289588.8153856,2.2025995552317204,0.025284791908632608,1.6659888772844997,-0.010749371534240916,-0.0004860892303462543,0.0,0.0,0.0,0.02711022531596788,0.1,0.0,1.0
1779289588.825299,2.20259943391094,0.025286178748282186,1.665992338153206,-0.010749371534240916,-0.0004860892303462543,0.0,0.0,0.0,0.027110429558422123,0.1,0.0,1.0
1779289588.8354843,2.202599394630427,0.02528665022748801,1.6659932693640904,-0.010749371534240916,-0.0004860892303462543,0.0,0.0,0.0,0.027107909537158584,0.1,0.0,1.0
1779289588.8457415,2.19598533998733,0.08560719461573826,1.6783393387719796,-0.010749371534240916,-0.0004860892303462543,0.0,0.0,0.0,0.027107240805532437,0.1,0.0,1.0
1779289588.8561773,2.192679184768158,0.11576569820476931,1.6845057500262595,-0.010749371534240916,-0.0004860892303462543,0.0,0.0,0.0,0.044878095008828126,0.1,0.0,1.0
1779289588.8663316,2.191026157630362,0.13084758964586565,1.6875983396392975,-0.010749371534240916,-0.0004860892303462543,0.0,0.0,0.0,0.05178666724488665,0.1,0.0,1.0
1779289588.876662,2.1902000283900995,0.13838669519609925,1.6891379237246236,-0.010749371534240916,-0.0004860892303462543,0.0,0.0,0.0,0.060130663315910625,0.1,0.0,1.0
1779289588.8872075,2.189787108783941,0.1421557579990895,1.689905910624625,-0.010749371534240916,-0.0004860892303462543,0.0,0.0,0.0,0.06000287488649769,0.1,0.0,1.0
1779289588.8978324,2.1895807229474977,0.14404003625037815,1.6902889716472451,-0.010749371534240916,-0.0004860892303462543,0.0,0.0,0.0,0.05995227341432301,0.1,0.0,1.0
1779289588.9080412,2.1894772680859544,0.14498453932744915,1.690489027208887,-0.010749371534240916,-0.0004860892303462543,0.0,0.0,0.0,0.059930755501885764,0.1,0.0,1.0
1779289588.9185088,2.1894258178416734,0.1454545771639035,1.6905810581617837,-0.010749371534240916,-0.0004860892303462543,0.0,0.0,0.0,0.06894980635135717,0.1,0.0,1.0
1779289588.928594,2.1893999361852536,0.14569094019240184,1.6906319240979037,-0.010749371534240916,-0.0004860892303462543,0.0,0.0,0.0,0.06895376869375294,0.1,0.0,1.0
1779289588.9392552,2.1893872037308233,0.14580741470306727,1.6906511929401313,-0.010749371534240916,-0.0004860892303462543,0.0,0.0,0.0,0.06895237333728732,0.1,0.0,1.0
1779289588.949788,2.18938068736717,0.1458669077825608,1.690665360887472,-0.010749371534240916,-0.0004860892303462543,0.0,0.0,0.0,0.06895605808866904,0.1,0.0,1.0
1779289588.9597707,2.189377244400189,0.14589819508695306,1.690678007272754,-0.010749371534240916,-0.0004860892303462543,0.0,0.0,0.0,0.06895469459384475,0.1,0.0,1.0
1779289588.970477,2.1893758723970773,0.14591094323032167,1.6906738762549667,-0.010749371534240916,-0.0004860892303462543,0.0,0.0,0.0,0.06895007553116553,0.1,0.0,1.0
1779289588.9807427,2.1893751296136488,0.14591778672615163,1.6906735056510156,-0.010749371534240916,-0.0004860892303462543,0.0,0.0,0.0,0.06895517092301029,0.1,0.0,1.0
1779289588.9913065,2.1893747401180983,0.14592135859453215,1.6906738623511623,-0.010749371534240916,-0.0004860892303462543,0.0,0.0,0.0,0.0689565179782753,0.1,0.0,1.0
1779289589.0017095,2.1893744502242836,0.14592393458504432,1.6906768931022356,-0.010749371534240916,-0.0004860892303462543,0.0,0.0,0.0,0.06895680764126763,0.1,0.0,1.0
1779289589.0118673,2.1893742493551414,0.1459256882359311,1.6906800896029992,-0.010749371534240916,-0.0004860892303462543,0.0,0.0,0.0,0.06895493244216314,0.1,0.0,1.0
1779289589.0225692,2.189374328096653,0.14592507912065306,1.6906763229510169,-0.010749371534240916,-0.0004860892303462543,0.0,0.0,0.0,0.06895280452080547,0.1,0.0,1.0
1779289589.0326157,2.1893740868089133,0.14592710271501022,1.6906828452511604,-0.010749371534240916,-0.0004860892303462543,0.0,0.0,0.0,0.06895554024607914,0.1,0.0,1.0
1779289589.042955,2.18937412942976,0.1459267621770865,1.6906812237888929,-0.010749371534240916,-0.0004860892303462543,0.0,0.0,0.0,0.06895095493917301,0.1,0.0,1.0
1779289589.0536208,2.1810363085152202,0.2082758701333097,1.7042828139952384,-0.010749371534240916,-0.0004860892303462543,0.0,0.0,0.0,0.06895212068275051,0.1,0.0,1.0
1779289589.063641,2.1768679038044065,0.23945245973354407,1.7110906183800951,-0.010749371534240916,-0.0004860892303462543,0.0,0.0,0.0,0.11249419151368993,0.1,0.0,1.0
1779289589.0743334,2.1747843230767883,0.25503902147747115,1.7144880624794379,-0.010749371534240916,-0.0004860892303462543,0.0,0.0,0.0,0.1256614543973426,0.1,0.0,1.0
1779289589.0843093,2.173742431374558,0.26283434603897016,1.7161940877780468,-0.010749371534240916,-0.0004860892303462543,0.0,0.0,0.0,0.1385708694911051,0.1,0.0,1.0
1779289589.0946293,2.1732215451783694,0.26673224361557774,1.7170479042440583,-0.010749371534240916,-0.0004860892303462543,0.0,0.0,0.0,0.15082860962068007,0.1,0.0,1.0
1779289589.1050968,2.1729614775998387,0.26867896157813964,1.7174667054114199,-0.010749371534240916,-0.0004860892303462543,0.0,0.0,0.0,0.15135773690291746,0.1,0.0,1.0
1779289589.1157343,2.172831495172411,0.2696521351375753,1.71767542160259,-0.010749371534240916,-0.0004860892303462543,0.0,0.0,0.0,0.15163583268698755,0.1,0.0,1.0
1779289589.1257668,2.1727661481127436,0.270141208201041,1.7177887824452922,-0.010749371534240916,-0.0004860892303462543,0.0,0.0,0.0,0.15177728375289432,0.1,0.0,1.0
1779289589.1358838,2.1727335212111902,0.2703854718310274,1.7178444707271652,-0.010749371534240916,-0.0004860892303462543,0.0,0.0,0.0,0.15184165874076266,0.1,0.0,1.0
1779289589.1460078,2.172717267843648,0.27050721874214995,1.7178709185236514,-0.010749371534240916,-0.0004860892303462543,0.0,0.0,0.0,0.15187472741061042,0.1,0.0,1.0
1779289589.1561463,2.172709044385612,0.2705687553606568,1.7178865446855385,-0.010749371534240916,-0.0004860892303462543,0.0,0.0,0.0,0.15189235617314806,0.1,0.0,1.0
1779289589.1667504,2.1727052687298114,0.27059726115008886,1.7178861588360714,-0.010749371534240916,-0.0004860892303462543,0.0,0.0,0.0,0.15189935686532632,0.1,0.0,1.0
1779289589.1774828,2.172703419756086,0.27061125165092326,1.7178850151110048,-0.010749371534240916,-0.0004860892303462543,0.0,0.0,0.0,0.151909083861914,0.1,0.0,1.0
1779289589.1878982,2.1727024227124847,0.2706187361807991,1.7178862162384645,-0.010749371534240916,-0.0004860892303462543,0.0,0.0,0.0,0.15191466940042037,0.1,0.0,1.0
1779289589.197981,2.1727016292148367,0.27062446983613014,1.7178940327796033,-0.010749371534240916,-0.0004860892303462543,0.0,0.0,0.0,0.15191611639629832,0.1,0.0,1.0
1779289589.2083628,2.1727014971427705,0.2706255532320432,1.7178914783638497,-0.010749371534240916,-0.0004860892303462543,0.0,0.0,0.0,0.15191136288074514,0.1,0.0,1.0
1779289589.2186954,2.1727013481396087,0.2706266539147757,1.7178922267740742,-0.010749371534240916,-0.0004860892303462543,0.0,0.0,0.0,0.15191389225598553,0.1,0.0,1.0
1779289589.2292295,2.1727014243054787,0.2706261876577079,1.7178889172020497,-0.010749371534240916,-0.0004860892303462543,0.0,0.0,0.0,0.15191361919081503,0.1,0.0,1.0
1779289589.239285,2.1727011053657077,0.2706283629176209,1.7178959895688548,-0.010749371534240916,-0.0004860892303462543,0.0,0.0,0.0,0.15191627883683342,0.1,0.0,1.0
1779289589.2501135,2.1619166651569945,0.33277894252899715,1.7452596420201765,-0.010749371534240916,-0.0004860892303462543,0.0,0.0,0.0,0.15191098415956766,0.1,0.0,1.0
1779289589.2603393,2.1565257790493466,0.3638557012991086,1.7589459007208212,-0.010749371534240916,-0.0004860892303462543,0.0,0.0,0.0,0.18276592730123983,0.1,0.0,1.0
1779289589.2709384,2.1538310710639363,0.3793943248674396,1.7657894159031624,-0.010749371534240916,-0.0004860892303462543,0.0,0.0,0.0,0.20638072000512306,0.1,0.0,1.0
1779289589.282012,2.15248479341565,0.38716016447312246,1.7691982205622567,-0.010749371534240916,-0.0004860892303462543,0.0,0.0,0.0,0.21868789184248352,0.1,0.0,1.0
1779289589.2926202,2.1518114803022383,0.3910449820328794,1.7709094162912864,-0.010749371534240916,-0.0004860892303462543,0.0,0.0,0.0,0.21952547641099873,0.1,0.0,1.0
1779289589.3030035,2.1514744910840466,0.3929895277282783,1.7717727583556178,-0.010749371534240916,-0.0004860892303462543,0.0,0.0,0.0,0.21997942273586973,0.1,0.0,1.0
1779289589.3132129,2.1513058736170483,0.3939626438694888,1.7722074792980314,-0.010749371534240916,-0.0004860892303462543,0.0,0.0,0.0,0.22021198210591103,0.1,0.0,1.0
1779289589.323577,2.1512219142621785,0.39444760966898174,1.7724189971700888,-0.010749371534240916,-0.0004860892303462543,0.0,0.0,0.0,0.2203289779837302,0.1,0.0,1.0
1779289589.3341136,2.151179892625173,0.39469035734610153,1.772525716092927,-0.010749371534240916,-0.0004860892303462543,0.0,0.0,0.0,0.22039217803912114,0.1,0.0,1.0
1779289589.3446252,2.151159040178498,0.39481098665195064,1.772576347170781,-0.010749371534240916,-0.0004860892303462543,0.0,0.0,0.0,0.22042331380518262,0.1,0.0,1.0
1779289589.3552299,2.151148617544221,0.3948712981151079,1.7726016489299932,-0.010749371534240916,-0.0004860892303462543,0.0,0.0,0.0,0.22044079202634265,0.1,0.0,1.0
1779289589.365766,2.1511432571235467,0.3949021898110459,1.7726169914472578,-0.010749371534240916,-0.0004860892303462543,0.0,0.0,0.0,0.2204495556586702,0.1,0.0,1.0
1779289589.3762653,2.151140701822338,0.3949170294654535,1.7726224441717786,-0.010749371534240916,-0.0004860892303462543,0.0,0.0,0.0,0.22045210947623978,0.1,0.0,1.0
1779289589.3868937,2.151139457611187,0.39492428740611996,1.7726245780062957,-0.010749371534240916,-0.0004860892303462543,0.0,0.0,0.0,0.2204548992020293,0.1,0.0,1.0
1779289589.3969176,2.1511384305318506,0.3949298961890072,1.772632888460393,-0.010749371534240916,-0.0004860892303462543,0.0,0.0,0.0,0.22045669820664746,0.1,0.0,1.0
1779289589.4070697,2.1511378223908784,0.39493316517428273,1.772638743185622,-0.010749371534240916,-0.0004860892303462543,0.0,0.0,0.0,0.22045266534113775,0.1,0.0,1.0
1779289589.417359,2.1511375954433043,0.3949344243629632,1.7726402971699766,-0.010749371534240916,-0.0004860892303462543,0.0,0.0,0.0,0.22044949234185468,0.1,0.0,1.0
1779289589.4277782,2.1511378892317756,0.39493306414921325,1.7726337938794092,-0.010749371534240916,-0.0004860892303462543,0.0,0.0,0.0,0.22044884158594413,0.1,0.0,1.0
1779289589.4380364,2.151137526100359,0.3949348747054391,1.7726396552189625,-0.010749371534240916,-0.0004860892303462543,0.0,0.0,0.0,0.22045347401600252,0.1,0.0,1.0
1779289589.4484603,2.136149170345111,0.4543185704927691,1.8201284070617554,-0.010749371534240916,-0.0004860892303462543,0.0,0.0,0.0,0.22044958398063771,0.1,0.0,1.0
1779289589.4587297,2.1286576132639663,0.48401091206533775,1.84387240633761,-0.010749371534240916,-0.0004860892303462543,0.0,0.0,0.0,0.2508487657026415,0.1,0.0,1.0
1779289589.4688656,2.1249126293591134,0.4988591905835414,1.8557509697131032,-0.010749371534240916,-0.0004860892303462543,0.0,0.0,0.0,0.2577776022888777,0.1,0.0,1.0
1779289589.4792666,2.123041284948593,0.5062817084922921,1.8616835314931803,-0.010749371534240916,-0.0004860892303462543,0.0,0.0,0.0,0.2669237583426113,0.1,0.0,1.0
1779289589.4896932,2.1221056932674616,0.5099938613109581,1.864652802581369,-0.010749371534240916,-0.0004860892303462543,0.0,0.0,0.0,0.26658871364494235,0.1,0.0,1.0
1779289589.5004423,2.121638446093811,0.5118486923908732,1.8661325968522684,-0.010749371534240916,-0.0004860892303462543,0.0,0.0,0.0,0.2664664239276187,0.1,0.0,1.0
1779289589.5105255,2.1214048036317568,0.5127764584080443,1.8668737157891124,-0.010749371534240916,-0.0004860892303462543,0.0,0.0,0.0,0.27634648831897524,0.1,0.0,1.0
1779289589.5208387,2.121287479129102,0.5132421344914042,1.8672509492328206,-0.010749371534240916,-0.0004860892303462543,0.0,0.0,0.0,0.2763231477003123,0.1,0.0,1.0
1779289589.531261,2.12122916410336,0.5134739062026097,1.8674355468711408,-0.010749371534240916,-0.0004860892303462543,0.0,0.0,0.0,0.2763081559250818,0.1,0.0,1.0
1779289589.5415635,2.1211997939201943,0.5135905229821152,1.8675305740738661,-0.010749371534240916,-0.0004860892303462543,0.0,0.0,0.0,0.27630334438650955,0.1,0.0,1.0
1779289589.55202,2.1211856477457904,0.5136470866701921,1.867571542310615,-0.010749371534240916,-0.0004860892303462543,0.0,0.0,0.0,0.27629932023502,0.1,0.0,1.0
1779289589.5622423,2.1211781747875107,0.5136766840552003,1.8675969549737124,-0.010749371534240916,-0.0004860892303462543,0.0,0.0,0.0,0.27630135330843014,0.1,0.0,1.0
1779289589.5723934,2.1211742710074715,0.5136920345877792,1.8676117282625073,-0.010749371534240916,-0.0004860892303462543,0.0,0.0,0.0,0.27629934411526236,0.1,0.0,1.0
1779289589.5827181,2.12117228616034,0.5136998203759491,1.8676195282983539,-0.010749371534240916,-0.0004860892303462543,0.0,0.0,0.0,0.27629707077789356,0.1,0.0,1.0
1779289589.5931423,2.121171821857234,0.5137019880472213,1.867616961036716,-0.010749371534240916,-0.0004860892303462543,0.0,0.0,0.0,0.2762956811526092,0.1,0.0,1.0
1779289589.6034203,2.1211710862202207,0.513704717538972,1.8676218461249672,-0.010749371534240916,-0.0004860892303462543,0.0,0.0,0.0,0.2762989652749254,0.1,0.0,1.0
1779289589.6138458,2.1211712752337437,0.5137042626619122,1.86761746771018,-0.010749371534240916,-0.0004860892303462543,0.0,0.0,0.0,0.27629681252181654,0.1,0.0,1.0
1779289589.6242151,2.12117080506433,0.51370588058761,1.8676221959197044,-0.010749371534240916,-0.0004860892303462543,0.0,0.0,0.0,0.2762999323648254,0.1,0.0,1.0
1779289589.6345417,2.1211709825062197,0.5137053416994886,1.867619507462309,-0.010749371534240916,-0.0004860892303462543,0.0,0.0,0.0,0.27629723677786777,0.1,0.0,1.0
1779289589.6450045,2.0996077157695847,0.5706077740473027,1.934063161570867,-0.010749371534240916,-0.0004860892303462543,0.0,0.0,0.0,0.2762989973760269,0.1,0.0,1.0
1779289589.6555815,2.088829614195615,0.5990602962449215,1.9672853147450677,-0.010749371534240916,-0.0004860892303462543,0.0,0.0,0.0,0.28304205816071526,0.1,0.0,1.0
1779289589.665756,2.0834415125796415,0.6132891602354754,1.9839037956323482,-0.010749371534240916,-0.0004860892303462543,0.0,0.0,0.0,0.28393787135297754,0.1,0.0,1.0
1779289589.6760037,2.080748495233916,0.6204034927452855,1.9922112493062798,-0.010749371534240916,-0.0004860892303462543,0.0,0.0,0.0,0.28961951218515714,0.1,0.0,1.0
1779289589.6866133,2.0794032061320817,0.6239590564656672,1.996357953081846,-0.010749371534240916,-0.0004860892303462543,0.0,0.0,0.0,0.28798751473294615,0.1,0.0,1.0
1779289589.697266,2.078730689296603,0.6257371292233032,1.9984320674471912,-0.010749371534240916,-0.0004860892303462543,0.0,0.0,0.0,0.2962936883014986,0.1,0.0,1.0
1779289589.7076564,2.078394474890515,0.6266263531071006,1.9994696712252251,-0.010749371534240916,-0.0004860892303462543,0.0,0.0,0.0,0.29591581505449394,0.1,0.0,1.0
1779289589.7179072,2.07822547518607,0.6270730593440264,1.9999966307055068,-0.010749371534240916,-0.0004860892303462543,0.0,0.0,0.0,0.2957296839070679,0.1,0.0,1.0
1779289589.7280052,2.0781413549395387,0.6272956518525334,2.000257065128639,-0.010749371534240916,-0.0004860892303462543,0.0,0.0,0.0,0.29563264286412816,0.1,0.0,1.0
1779289589.7382727,2.0780992283921935,0.6274071276871522,2.000387966732715,-0.010749371534240916,-0.0004860892303462543,0.0,0.0,0.0,0.2955861431044604,0.1,0.0,1.0
1779289589.7483292,2.0780777777876263,0.6274637283665357,2.000456807344637,-0.010749371534240916,-0.0004860892303462543,0.0,0.0,0.0,0.2955625567966933,0.1,0.0,1.0
1779289589.758845,2.078068027907559,0.6274899088782375,2.000482863363608,-0.010749371534240916,-0.0004860892303462543,0.0,0.0,0.0,0.29554878907785304,0.1,0.0,1.0
1779289589.7693794,2.0780631244098284,0.6275030649830418,2.00049614859444,-0.010749371534240916,-0.0004860892303462543,0.0,0.0,0.0,0.29554683885723726,0.1,0.0,1.0
1779289589.779445,2.0780599211623683,0.6275112847360391,2.0005092630826553,-0.010749371534240916,-0.0004860892303462543,0.0,0.0,0.0,0.2955457149370471,0.1,0.0,1.0
1779289589.789943,2.07805900192078,0.6275139073017068,2.000509954761422,-0.010749371534240916,-0.0004860892303462543,0.0,0.0,0.0,0.2955413429840717,0.1,0.0,1.0
1779289589.8005016,2.078058729184583,0.627514810877219,2.000508692967392,-0.010749371534240916,-0.0004860892303462543,0.0,0.0,0.0,0.29554261219261146,0.1,0.0,1.0
1779289589.8109624,2.078058626384306,0.627515189244934,2.0005077726963627,-0.010749371534240916,-0.0004860892303462543,0.0,0.0,0.0,0.2955441935670916,0.1,0.0,1.0
1779289589.82127,2.078057758142367,0.6275171607430324,2.000514340215485,-0.010749371534240916,-0.0004860892303462543,0.0,0.0,0.0,0.29554515456440683,0.1,0.0,1.0
1779289589.8314166,2.0780573296868576,0.6275181349926535,2.000517578042663,-0.010749371534240916,-0.0004860892303462543,0.0,0.0,0.0,0.2955414965208649,0.1,0.0,1.0
1779289589.8416247,2.0780568396126244,0.6275192244550964,2.0005215716604656,-0.010749371534240916,-0.0004860892303462543,0.0,0.0,0.0,0.2955396950334037,0.1,0.0,1.0
1779289589.8521242,2.0476462014085857,0.681566891525372,2.082821758017751,-0.010749371534240916,-0.0004860892303462543,0.0,0.0,0.0,0.2955373960901131,0.1,0.0,1.0
1779289589.8626025,2.0324458884321794,0.7085911888748075,2.1239651864075837,-0.010749371534240916,-0.0004860892303462543,0.0,0.0,0.0,0.29011033001270237,0.1,0.0,1.0
1779289589.8728778,2.024846553366886,0.7221065253168533,2.1445452511097756,-0.010749371534240916,-0.0004860892303462543,0.0,0.0,0.0,0.2940186270319552,0.1,0.0,1.0
1779289589.883133,2.0210472407698763,0.7288657439798798,2.1548393025444055,-0.010749371534240916,-0.0004860892303462543,0.0,0.0,0.0,0.2878438946209574,0.1,0.0,1.0
1779289589.8935459,2.019149359183916,0.7322436812122515,2.159977830770819,-0.010749371534240916,-0.0004860892303462543,0.0,0.0,0.0,0.293488120172064,0.1,0.0,1.0
1779289589.9041715,2.0182007319435806,0.7339327043692749,2.1625466355601928,-0.010749371534240916,-0.0004860892303462543,0.0,0.0,0.0,0.29207283583143867,0.1,0.0,1.0
1779289589.9142315,2.017725059091602,0.7347794997104784,2.163840550551451,-0.010749371534240916,-0.0004860892303462543,0.0,0.0,0.0,0.29137770245061745,0.1,0.0,1.0
1779289589.9246733,2.0174885333298747,0.7352010779593741,2.16447947447325,-0.010749371534240916,-0.0004860892303462543,0.0,0.0,0.0,0.2910272135689618,0.1,0.0,1.0
1779289589.9347475,2.0173690859487756,0.7354136865042697,2.1648067173798724,-0.010749371534240916,-0.0004860892303462543,0.0,0.0,0.0,0.29086149168433184,0.1,0.0,1.0
1779289589.9449794,2.0173097298134444,0.7355194782318161,2.1649680789599275,-0.010749371534240916,-0.0004860892303462543,0.0,0.0,0.0,0.2907747462910237,0.1,0.0,1.0
1779289589.9551795,2.017279675280654,0.735572947111267,2.1650512171324587,-0.010749371534240916,-0.0004860892303462543,0.0,0.0,0.0,0.29073278516312173,0.1,0.0,1.0
1779289589.965323,2.0172651223955156,0.7355989875652851,2.165089773054383,-0.010749371534240916,-0.0004860892303462543,0.0,0.0,0.0,0.2907103735913335,0.1,0.0,1.0
1779289589.9760294,2.0172594549085088,0.7356096307318757,2.165098762161497,-0.010749371534240916,-0.0004860892303462543,0.0,0.0,0.0,0.29070096214465496,0.1,0.0,1.0
1779289589.9861152,2.0172545752587348,0.7356179806057653,2.165116356630757,-0.010749371534240916,-0.0004860892303462543,0.0,0.0,0.0,0.2907023549389697,0.1,0.0,1.0
1779289589.9965632,2.017253489481682,0.7356201537134743,2.1651164910179066,-0.010749371534240916,-0.0004860892303462543,0.0,0.0,0.0,0.2906952923089032,0.1,0.0,1.0
1779289590.0069964,2.0172520704974213,0.7356225366050777,2.1651221665554754,-0.010749371534240916,-0.0004860892303462543,0.0,0.0,0.0,0.29069689403779625,0.1,0.0,1.0
1779289590.0174794,2.017252258899475,0.735622400046418,2.1651192581831156,-0.010749371534240916,-0.0004860892303462543,0.0,0.0,0.0,0.2906943727083149,0.1,0.0,1.0
1779289590.0274944,2.01725119128099,0.7356240505610172,2.1651252404497843,-0.010749371534240916,-0.0004860892303462543,0.0,0.0,0.0,0.29069651634657084,0.1,0.0,1.0
1779289590.0380125,2.0172518596175917,0.7356230976671163,2.1651205379089236,-0.010749371534240916,-0.0004860892303462543,0.0,0.0,0.0,0.29069318279643375,0.1,0.0,1.0
1779289590.0482829,1.9788533627061948,0.782765923240104,2.251950346018406,-0.010749371534240916,-0.0004860892303462543,0.0,0.0,0.0,0.2906960740128051,0.1,0.0,1.0
1779289590.0582738,1.9596574605222408,0.8063407606264039,2.295367973863473,-0.010749371534240916,-0.0004860892303462543,0.0,0.0,0.0,0.2786387776926799,0.1,0.0,1.0
1779289590.068663,1.950061912434812,0.8181290061991088,2.317073480654413,-0.010749371534240916,-0.0004860892303462543,0.0,0.0,0.0,0.27912271991772486,0.1,0.0,1.0
1779289590.0790021,1.9452658267011558,0.8240230615653822,2.327921994490909,-0.010749371534240916,-0.0004860892303462543,0.0,0.0,0.0,0.27146999465327987,0.1,0.0,1.0
1779289590.089191,1.9428672020204303,0.8269715923944407,2.3333516117182818,-0.010749371534240916,-0.0004860892303462543,0.0,0.0,0.0,0.2762058488875232,0.1,0.0,1.0
1779289590.0994182,1.9416683935252084,0.828445760296131,2.3360649229362744,-0.010749371534240916,-0.0004860892303462543,0.0,0.0,0.0,0.2744075818630641,0.1,0.0,1.0
1779289590.1099474,1.9410702184022974,0.8291817804726743,2.3374157772852664,-0.010749371534240916,-0.0004860892303462543,0.0,0.0,0.0,0.2735209711423313,0.1,0.0,1.0
1779289590.1200728,1.9407696535564396,0.8295514348650105,2.3380991232026345,-0.010749371534240916,-0.0004860892303462543,0.0,0.0,0.0,0.27308447745647735,0.1,0.0,1.0
1779289590.1302507,1.9406191408754583,0.8297365544743034,2.3384421236071944,-0.010749371534240916,-0.0004860892303462543,0.0,0.0,0.0,0.2728621358824299,0.1,0.0,1.0
1779289590.1406395,1.9405448651975994,0.8298281249105242,2.338608630959415,-0.010749371534240916,-0.0004860892303462543,0.0,0.0,0.0,0.27275037146106795,0.1,0.0,1.0
1779289590.1511796,1.9405085768713788,0.8298730435141461,2.338687534838831,-0.010749371534240916,-0.0004860892303462543,0.0,0.0,0.0,0.2726976387154744,0.1,0.0,1.0
1779289590.1612504,1.940488633471161,0.8298973726276547,2.3387362880861478,-0.010749371534240916,-0.0004860892303462543,0.0,0.0,0.0,0.27267397958379097,0.1,0.0,1.0
1779289590.1722124,1.9404820675966263,0.829906014115315,2.338743100166451,-0.010749371534240916,-0.0004860892303462543,0.0,0.0,0.0,0.2726564219446611,0.1,0.0,1.0
1779289590.1826353,1.9404768435222042,0.8299123455370309,2.3387565240593897,-0.010749371534240916,-0.0004860892303462543,0.0,0.0,0.0,0.27265848232851236,0.1,0.0,1.0
1779289590.1927238,1.940472951078445,0.8299168381943107,2.3387698456758095,-0.010749371534240916,-0.0004860892303462543,0.0,0.0,0.0,0.2726533337866938,0.1,0.0,1.0
1779289590.2028623,1.9404708647297917,0.8299192306637878,2.3387772322156746,-0.010749371534240916,-0.0004860892303462543,0.0,0.0,0.0,0.2726466835046735,0.1,0.0,1.0
1779289590.2129552,1.9404698592313512,0.8299203884633322,2.338780732569597,-0.010749371534240916,-0.0004860892303462543,0.0,0.0,0.0,0.2726429117736351,0.1,0.0,1.0
1779289590.2232368,1.9404698747087845,0.8299204310396218,2.338779809481853,-0.010749371534240916,-0.0004860892303462543,0.0,0.0,0.0,0.2726411455059115,0.1,0.0,1.0
1779289590.2340653,1.9404710334242523,0.8299192604754345,2.3387734088808267,-0.010749371534240916,-0.0004860892303462543,0.0,0.0,0.0,0.27264191169093,0.1,0.0,1.0
1779289590.2443292,1.9404714683115212,0.8299188242650454,2.3387709526849223,-0.010749371534240916,-0.0004860892303462543,0.0,0.0,0.0,0.27264595827729493,0.1,0.0,1.0
1779289590.2548146,1.8935200546685902,0.8704208285992053,2.4267399061813215,-0.010749371534240916,-0.0004860892303462543,0.0,0.0,0.0,0.2726475220216363,0.1,0.0,1.0
1779289590.265454,1.8700479224472804,0.8906753307084051,2.470723716909964,-0.010749371534240916,-0.0004860892303462543,0.0,0.0,0.0,0.2565221144669357,0.1,0.0,1.0
1779289590.2755408,1.8583118680543151,0.9008057688763143,2.4927228887773154,-0.010749371534240916,-0.0004860892303462543,0.0,0.0,0.0,0.25519099724177385,0.1,0.0,1.0
1779289590.2858183,1.8524442771469367,0.9058721731565504,2.5037238434960125,-0.010749371534240916,-0.0004860892303462543,0.0,0.0,0.0,0.2551052907598231,0.1,0.0,1.0
1779289590.2965748,1.849512978719411,0.9084042711367065,2.5092147852925972,-0.010749371534240916,-0.0004860892303462543,0.0,0.0,0.0,0.2509464012788073,0.1,0.0,1.0
1779289590.307353,1.8480486807180014,0.9096697193338518,2.5119550796112975,-0.010749371534240916,-0.0004860892303462543,0.0,0.0,0.0,0.24891576646956118,0.1,0.0,1.0
1779289590.3175836,1.847313174524352,0.9103050881523567,2.5133405360339856,-0.010749371534240916,-0.0004860892303462543,0.0,0.0,0.0,0.24791527162317387,0.1,0.0,1.0
1779289590.3278108,1.8469473774954623,0.9106214446913345,2.5140247943138583,-0.010749371534240916,-0.0004860892303462543,0.0,0.0,0.0,0.24740801430024567,0.1,0.0,1.0
1779289590.3383017,1.8467634417049021,0.9107804233513996,2.514371617743363,-0.010749371534240916,-0.0004860892303462543,0.0,0.0,0.0,0.24716067018547389,0.1,0.0,1.0
1779289590.3485622,1.8466706685641638,0.9108605201164148,2.514548644336677,-0.010749371534240916,-0.0004860892303462543,0.0,0.0,0.0,0.2470341814370319,0.1,0.0,1.0
1779289590.3588343,1.8466246809169145,0.9109002913353641,2.5146354167960085,-0.010749371534240916,-0.0004860892303462543,0.0,0.0,0.0,0.24696866349224827,0.1,0.0,1.0
1779289590.3692477,1.8466031105253227,0.9109191516007398,2.514672514882408,-0.010749371534240916,-0.0004860892303462543,0.0,0.0,0.0,0.24693705996703225,0.1,0.0,1.0
1779289590.3797038,1.8465923473174204,0.9109285684003365,2.5146909720608406,-0.010749371534240916,-0.0004860892303462543,0.0,0.0,0.0,0.24692534950674958,0.1,0.0,1.0
1779289590.3905513,1.8465870784053031,0.9109331964601239,2.514699704580318,-0.010749371534240916,-0.0004860892303462543,0.0,0.0,0.0,0.2469195577904251,0.1,0.0,1.0
1779289590.4015188,1.8465861814626785,0.9109342525057929,2.5146963817590997,-0.010749371534240916,-0.0004860892303462543,0.0,0.0,0.0,0.24691698568832468,0.1,0.0,1.0
1779289590.4118173,1.8465837995206957,0.9109361808382519,2.514703277551491,-0.010749371534240916,-0.0004860892303462543,0.0,0.0,0.0,0.2469206911122651,0.1,0.0,1.0
1779289590.422406,1.8465826440627335,0.9109371197619238,2.5147065692775836,-0.010749371534240916,-0.0004860892303462543,0.0,0.0,0.0,0.2469169894130814,0.1,0.0,1.0
1779289590.4329505,1.8465812611316847,0.9109381727070043,2.5147117794935703,-0.010749371534240916,-0.0004860892303462543,0.0,0.0,0.0,0.24691524053310573,0.1,0.0,1.0
1779289590.4428499,1.8465798548082715,0.9109392173434621,2.5147175493427696,-0.010749371534240916,-0.0004860892303462543,0.0,0.0,0.0,0.24691205289258444,0.1,0.0,1.0
1779289590.4532177,1.794656124054598,0.9421717207060659,2.596082965145551,-0.010749371534240916,-0.0004860892303462543,0.0,0.0,0.0,0.24690840539017553,0.1,0.0,1.0
1779289590.4636366,1.768699129895074,0.9577901651337584,2.6367554668713833,-0.010749371534240916,-0.0004860892303462543,0.0,0.0,0.0,0.23203553073878033,0.1,0.0,1.0
1779289590.4742842,1.7557214778206707,0.9656015687969877,2.6570930176207455,-0.010749371534240916,-0.0004860892303462543,0.0,0.0,0.0,0.22977708760586404,0.1,0.0,1.0
1779289590.4848595,1.7492333211537394,0.9695082200824345,2.6672612969256875,-0.010749371534240916,-0.0004860892303462543,0.0,0.0,0.0,0.22821742871469403,0.1,0.0,1.0
1779289590.495222,1.7459893894528502,0.9714621194783915,2.6723459188681833,-0.010749371534240916,-0.0004860892303462543,0.0,0.0,0.0,0.22403932724939002,0.1,0.0,1.0
1779289590.5053864,1.7443656309854447,0.9724403010127833,2.6748959602595317,-0.010749371534240916,-0.0004860892303462543,0.0,0.0,0.0,0.22198861432270808,0.1,0.0,1.0
1779289590.5157282,1.7435543099529358,0.9729292661465803,2.676168992083012,-0.010749371534240916,-0.0004860892303462543,0.0,0.0,0.0,0.22096811515565756,0.1,0.0,1.0
1779289590.525738,1.7431480534005706,0.9731741264743368,2.676808025089354,-0.010749371534240916,-0.0004860892303462543,0.0,0.0,0.0,0.22046183052606436,0.1,0.0,1.0
1779289590.5359356,1.74294519385369,0.9732964607410455,2.6771265264868553,-0.010749371534240916,-0.0004860892303462543,0.0,0.0,0.0,0.22020768896078483,0.1,0.0,1.0
1779289590.546054,1.7428439116486016,0.9733575734000794,2.67728521681053,-0.010749371534240916,-0.0004860892303462543,0.0,0.0,0.0,0.22008151718179486,0.1,0.0,1.0
1779289590.5565276,1.7427944729078253,0.9733875372798819,2.677359757445079,-0.010749371534240916,-0.0004860892303462543,0.0,0.0,0.0,0.22001887907523066,0.1,0.0,1.0
1779289590.5667787,1.742768273883953,0.9734032648081501,2.677402966819508,-0.010749371534240916,-0.0004860892303462543,0.0,0.0,0.0,0.21999085797427,0.1,0.0,1.0
1779289590.5769558,1.742755367925261,0.9734110342965256,2.6774237998426837,-0.010749371534240916,-0.0004860892303462543,0.0,0.0,0.0,0.21997280857015464,0.1,0.0,1.0
1779289590.5873885,1.7427501873410491,0.9734142832879161,2.677429117859731,-0.010749371534240916,-0.0004860892303462543,0.0,0.0,0.0,0.2199643142097865,0.1,0.0,1.0
1779289590.5977705,1.742746012478194,0.9734167014248291,2.677438129316858,-0.010749371534240916,-0.0004860892303462543,0.0,0.0,0.0,0.21996354413247401,0.1,0.0,1.0
1779289590.6097627,1.7427462375926046,0.9734167533022211,2.677433365890481,-0.010749371534240916,-0.0004860892303462543,0.0,0.0,0.0,0.21995882977698306,0.1,0.0,1.0
1779289590.6199899,1.7427458699181475,0.9734170193607694,2.6774329087441515,-0.010749371534240916,-0.0004860892303462543,0.0,0.0,0.0,0.2199627912808641,0.1,0.0,1.0
1779289590.6296031,1.7427459358641728,0.9734170273096471,2.677431678845032,-0.010749371534240916,-0.0004860892303462543,0.0,0.0,0.0,0.21996345981000348,0.1,0.0,1.0
1779289590.6399596,1.7427460100564787,0.9734170105700476,2.6774308985388924,-0.010749371534240916,-0.0004860892303462543,0.0,0.0,0.0,0.2199644765354431,0.1,0.0,1.0
1779289590.6499012,1.6919714793247973,0.9944254024091874,2.7452685736697227,-0.010749371534240916,-0.0004860892303462543,0.0,0.0,0.0,0.21996509749264465,0.1,0.0,1.0
1779289590.6601968,1.6665861571441647,1.0049327763725213,2.7791858311611533,-0.010749371534240916,-0.0004860892303462543,0.0,0.0,0.0,0.20189924226023265,0.1,0.0,1.0
1779289590.6709754,1.6538959619134255,1.0101875142389825,2.7961376435411944,-0.010749371534240916,-0.0004860892303462543,0.0,0.0,0.0,0.19018914759535438,0.1,0.0,1.0
1779289590.6812167,1.6475523269373413,1.012815377503845,2.804609245866904,-0.010749371534240916,-0.0004860892303462543,0.0,0.0,0.0,0.18664661357943504,0.1,0.0,1.0
1779289590.6912622,1.6443770877418058,1.0141310272818307,2.8088586659813934,-0.010749371534240916,-0.0004860892303462543,0.0,0.0,0.0,0.1827103105772069,0.1,0.0,1.0
1779289590.701615,1.6427900317290616,1.0147889004571042,2.8109815249635925,-0.010749371534240916,-0.0004860892303462543,0.0,0.0,0.0,0.18476851404560127,0.1,0.0,1.0
1779289590.7119246,1.6419985206907377,1.0151172672958975,2.8120354536965078,-0.010749371534240916,-0.0004860892303462543,0.0,0.0,0.0,0.18378715236322388,0.1,0.0,1.0
1779289590.7221231,1.6416006202778237,1.0152822474550454,2.8125706169933755,-0.010749371534240916,-0.0004860892303462543,0.0,0.0,0.0,0.18330371070087662,0.1,0.0,1.0
1779289590.7330124,1.641404694224137,1.0153637357428502,2.812826779851333,-0.010749371534240916,-0.0004860892303462543,0.0,0.0,0.0,0.1830565449567574,0.1,0.0,1.0
1779289590.7433565,1.6413053788440988,1.0154049568183052,2.8129600011139972,-0.010749371534240916,-0.0004860892303462543,0.0,0.0,0.0,0.18294139626162115,0.1,0.0,1.0
1779289590.7534583,1.641254161418718,1.0154261071232846,2.8130325278362927,-0.010749371534240916,-0.0004860892303462543,0.0,0.0,0.0,0.18288014096527602,0.1,0.0,1.0
1779289590.7639754,1.6412309081791343,1.0154358834300337,2.8130598757218515,-0.010749371534240916,-0.0004860892303462543,0.0,0.0,0.0,0.18284523811450892,0.1,0.0,1.0
1779289590.7741804,1.6412178217422615,1.015441270861126,2.8130790799235736,-0.010749371534240916,-0.0004860892303462543,0.0,0.0,0.0,0.18283426513835355,0.1,0.0,1.0
1779289590.7852063,1.6412131564335726,1.0154433255877324,2.813081571691508,-0.010749371534240916,-0.0004860892303462543,0.0,0.0,0.0,0.18282476779098827,0.1,0.0,1.0
1779289590.7958076,1.6412099590282765,1.0154446478630064,2.813086092554401,-0.010749371534240916,-0.0004860892303462543,0.0,0.0,0.0,0.18282518146134819,0.1,0.0,1.0
1779289590.805988,1.6412084343949964,1.01544528402342,2.813088072798309,-0.010749371534240916,-0.0004860892303462543,0.0,0.0,0.0,0.1828230116236614,0.1,0.0,1.0
1779289590.8167481,1.6412078043208034,1.0154455571465082,2.8130885622572857,-0.010749371534240916,-0.0004860892303462543,0.0,0.0,0.0,0.1828221304722144,0.1,0.0,1.0
1779289590.827232,1.641207884698733,1.0154455589584646,2.81308730959108,-0.010749371534240916,-0.0004860892303462543,0.0,0.0,0.0,0.18282205344915087,0.1,0.0,1.0
1779289590.8376858,1.6412071316270018,1.015445830176267,2.813089687235842,-0.010749371534240916,-0.0004860892303462543,0.0,0.0,0.0,0.1828231017676729,0.1,0.0,1.0
1779289590.8477573,1.5752599009805137,1.0322444664717514,2.8871333630102294,-0.010749371534240916,-0.0004860892303462543,0.0,0.0,0.0,0.18282144557613028,0.1,0.0,1.0
1779289590.8582942,1.5422893884126843,1.0406471524697267,2.924148012479444,-0.010749371534240916,-0.0004860892303462543,0.0,0.0,0.0,0.14829778977103808,0.1,0.0,1.0
1779289590.8690205,1.5258047159009944,1.0448505124488892,2.9426549927211774,-0.010749371534240916,-0.0004860892303462543,0.0,0.0,0.0,0.13217204782262887,0.1,0.0,1.0
1779289590.8794117,1.5175623127169688,1.0469532767008511,2.9519095209139046,-0.010749371534240916,-0.0004860892303462543,0.0,0.0,0.0,0.12389948555529377,0.1,0.0,1.0
1779289590.8897188,1.5134393909981214,1.0480055208404688,2.956543431426125,-0.010749371534240916,-0.0004860892303462543,0.0,0.0,0.0,0.11880350939668562,0.1,0.0,1.0
1779289590.9000814,1.511379358970284,1.0485316327377345,2.9588553478997923,-0.010749371534240916,-0.0004860892303462543,0.0,0.0,0.0,0.11628208977630432,0.1,0.0,1.0
1779289590.9103358,1.5103495480756335,1.0487947823966635,2.960010644710307,-0.010749371534240916,-0.0004860892303462543,0.0,0.0,0.0,0.11675511162765577,0.1,0.0,1.0
1779289590.920595,1.5098334469607946,1.0489266427291322,2.9605926934378806,-0.010749371534240916,-0.0004860892303462543,0.0,0.0,0.0,0.11612342566350069,0.1,0.0,1.0
1779289590.9307032,1.509574833686988,1.0489927083819794,2.960885789352152,-0.010749371534240916,-0.0004860892303462543,0.0,0.0,0.0,0.1158046795979355,0.1,0.0,1.0
1779289590.941374,1.5094477863171887,1.0490253446371465,2.9610241154126857,-0.010749371534240916,-0.0004860892303462543,0.0,0.0,0.0,0.11564383517434194,0.1,0.0,1.0
1779289590.9515193,1.5093821601134823,1.0490420545604515,2.9611009445577174,-0.010749371534240916,-0.0004860892303462543,0.0,0.0,0.0,0.11557000969310367,0.1,0.0,1.0
1779289590.9622567,1.509352287503595,1.0490498772058419,2.961128647698459,-0.010749371534240916,-0.0004860892303462543,0.0,0.0,0.0,0.1155270199500809,0.1,0.0,1.0
1779289590.9725184,1.5093348806786842,1.0490542408916235,2.9611515020159462,-0.010749371534240916,-0.0004860892303462543,0.0,0.0,0.0,0.11551405439343772,0.1,0.0,1.0
1779289590.9833367,1.5093287680669638,1.0490559513844024,2.9611534900699326,-0.010749371534240916,-0.0004860892303462543,0.0,0.0,0.0,0.11550041343799793,0.1,0.0,1.0
1779289590.9940717,1.5093268526436479,1.0490565986237201,2.9611503272162407,-0.010749371534240916,-0.0004860892303462543,0.0,0.0,0.0,0.11550110368280664,0.1,0.0,1.0
1779289591.0041203,1.509321959242202,1.0490576400286473,2.9611630858794467,-0.010749371534240916,-0.0004860892303462543,0.0,0.0,0.0,0.11550475567325381,0.1,0.0,1.0
1779289591.0147324,1.5093213985592002,1.0490578174068037,2.961162593726515,-0.010749371534240916,-0.0004860892303462543,0.0,0.0,0.0,0.11549517433267464,0.1,0.0,1.0
1779289591.0249672,1.509318665040196,1.0490583535611036,2.9611712860918296,-0.010749371534240916,-0.0004860892303462543,0.0,0.0,0.0,0.11549585089737273,0.1,0.0,1.0
1779289591.0355363,1.5093197351535088,1.049058177619725,2.9611667535448047,-0.010749371534240916,-0.0004860892303462543,0.0,0.0,0.0,0.11548907885580915,0.1,0.0,1.0
1779289591.0456448,1.4467142986885788,1.0566997465143821,3.0148411206743786,-0.010749371534240916,-0.0004860892303462543,0.0,0.0,0.0,0.11549275643946227,0.1,0.0,1.0
1779289591.0557606,1.4154118660699981,1.0605234393019534,3.0416788875804333,-0.010749371534240916,-0.0004860892303462543,0.0,0.0,0.0,0.08203564336444978,0.1,0.0,1.0
1779289591.0657895,1.3997608170694997,1.0624367329727986,3.0550977618469837,-0.010749371534240916,-0.0004860892303462543,0.0,0.0,0.0,0.06474754600716061,0.1,0.0,1.0
1779289591.075968,1.3919365578525738,1.0633940013008232,3.06180289052271,-0.010749371534240916,-0.0004860892303462543,0.0,0.0,0.0,0.05658147469844844,0.1,0.0,1.0
1779289591.086606,1.3880257237180413,1.063872905137226,3.0651509075546315,-0.010749371534240916,-0.0004860892303462543,0.0,0.0,0.0,0.05282080112985786,0.1,0.0,1.0
1779289591.0971098,1.3860700250577098,1.0641125692106868,3.066825981701884,-0.010749371534240916,-0.0004860892303462543,0.0,0.0,0.0,0.05058457307690194,0.1,0.0,1.0
1779289591.1076615,1.385092435884558,1.06423247660322,3.067662609314321,-0.010749371534240916,-0.0004860892303462543,0.0,0.0,0.0,0.04946961992161983,0.1,0.0,1.0
1779289591.1182487,1.3846038965737182,1.0642924589725058,3.06808001825259,-0.010749371534240916,-0.0004860892303462543,0.0,0.0,0.0,0.04891403292304099,0.1,0.0,1.0
1779289591.1287723,1.3843592465584935,1.064322502012356,3.0682900960999833,-0.010749371534240916,-0.0004860892303462543,0.0,0.0,0.0,0.04863733173193116,0.1,0.0,1.0
1779289591.138826,1.3842345351490382,1.0643377106949254,3.068403715192872,-0.010749371534240916,-0.0004860892303462543,0.0,0.0,0.0,0.048497915695320644,0.1,0.0,1.0
1779289591.1492085,1.3841736457544966,1.0643452137002052,3.068455256294957,-0.010749371534240916,-0.0004860892303462543,0.0,0.0,0.0,0.04842094928161261,0.1,0.0,1.0
1779289591.1593568,1.3841419040976939,1.0643490631051158,3.0684856889829,-0.010749371534240916,-0.0004860892303462543,0.0,0.0,0.0,0.04838695989670227,0.1,0.0,1.0
1779289591.1698496,1.3841280526334696,1.0643508415731842,3.0684936480103175,-0.010749371534240916,-0.0004860892303462543,0.0,0.0,0.0,0.048366007345204874,0.1,0.0,1.0
1779289591.1802294,1.3841206681311138,1.0643517648527006,3.068499276496585,-0.010749371534240916,-0.0004860892303462543,0.0,0.0,0.0,0.048361704603465054,0.1,0.0,1.0
1779289591.1903007,1.3841153298345834,1.064352347337815,3.0685080068306814,-0.010749371534240916,-0.0004860892303462543,0.0,0.0,0.0,0.0483581520605044,0.1,0.0,1.0
1779289591.2007186,1.3841136383941228,1.064352567472552,3.0685088581704107,-0.010749371534240916,-0.0004860892303462543,0.0,0.0,0.0,0.04835134627736758,0.1,0.0,1.0
1779289591.211169,1.384114275162277,1.064352569047896,3.068503955683818,-0.010749371534240916,-0.0004860892303462543,0.0,0.0,0.0,0.048350931819215986,0.1,0.0,1.0
1779289591.2217724,1.3841144989537597,1.0643525764826358,3.068501844340158,-0.010749371534240916,-0.0004860892303462543,0.0,0.0,0.0,0.04835525489031574,0.1,0.0,1.0
1779289591.2320027,1.3841135245376983,1.0643526596211874,3.0685046929209046,-0.010749371534240916,-0.0004860892303462543,0.0,0.0,0.0,0.04835712694208052,0.1,0.0,1.0
1779289591.2424724,1.3841133862362829,1.0643526758027693,3.068504863257215,-0.010749371534240916,-0.0004860892303462543,0.0,0.0,0.0,0.04835474321830162,0.1,0.0,1.0
1779289591.2528946,1.324369587233293,1.0664839386464786,3.101212788401072,-0.010749371534240916,-0.0004860892303462543,0.0,0.0,0.0,0.04835461779340252,0.1,0.0,1.0
1779289591.263045,1.2944959483927347,1.0675514829092916,3.117573365236188,-0.010749371534240916,-0.0004860892303462543,0.0,0.0,0.0,0.02335872789514105,0.1,0.0,1.0
1779289591.273629,1.2795607589722975,1.0680861069794134,3.1257479121058402,-0.010749371534240916,-0.0004860892303462543,0.0,0.0,0.0,0.009946620274723308,0.1,0.0,1.0
1779289591.2839944,1.2720928902353599,1.068353881630528,3.129836200646336,-0.010749371534240916,-0.0004860892303462543,0.0,0.0,0.0,0.0038426190622159588,0.1,0.0,1.0
1779289591.293977,1.2683575482620961,1.0684880135302222,3.1318854020719797,-0.010749371534240916,-0.0004860892303462543,0.0,0.0,0.0,0.0013534254438352343,0.1,0.0,1.0
1779289591.3042135,1.2664898848777475,1.0685551908072775,3.13290997981861,-0.010749371534240916,-0.0004860892303462543,0.0,0.0,0.0,-4.926806822656235e-05,0.1,0.0,1.0
1779289591.314407,1.2655572415339018,1.06858882483283,3.133418010759998,-0.010749371534240916,-0.0004860892303462543,0.0,0.0,0.0,-0.0007496117092205912,0.1,0.0,1.0
1779289591.3246207,1.2650897143192803,1.068605679925255,3.133676348467956,-0.010749371534240916,-0.0004860892303462543,0.0,0.0,0.0,-0.0010962729621553976,0.1,0.0,1.0
1779289591.3346884,1.2648561699417296,1.068614119776797,3.1338047318781816,-0.010749371534240916,-0.0004860892303462543,0.0,0.0,0.0,-0.0012727759939356726,0.1,0.0,1.0
1779289591.345181,1.264741193029866,1.0686183327266736,3.1338624884564004,-0.010749371534240916,-0.0004860892303462543,0.0,0.0,0.0,-0.0013603991660406497,0.1,0.0,1.0
1779289591.3555596,1.2646821951257095,1.068620454125587,3.133896777580257,-0.010749371534240916,-0.0004860892303462543,0.0,0.0,0.0,-0.0013993309175471637,0.1,0.0,1.0
1779289591.365998,1.2646546054547636,1.0686215020121126,3.1339070782170815,-0.010749371534240916,-0.0004860892303462543,0.0,0.0,0.0,-0.0014228825857545643,0.1,0.0,1.0
1779289591.3760412,1.2646382427240423,1.0686220462762317,3.1339214333850967,-0.010749371534240916,-0.0004860892303462543,0.0,0.0,0.0,-0.0014294800777026422,0.1,0.0,1.0
1779289591.3866148,1.2646321756536005,1.068622302966757,3.133921032125868,-0.010749371534240916,-0.0004860892303462543,0.0,0.0,0.0,-0.0014397385184375514,0.1,0.0,1.0
1779289591.3969748,1.2646292728197044,1.0686224302867133,3.1339203629859442,-0.010749371534240916,-0.0004860892303462543,0.0,0.0,0.0,-0.0014391354489019556,0.1,0.0,1.0
1779289591.4073353,1.2646267642580027,1.0686225020198048,3.1339238178376005,-0.010749371534240916,-0.0004860892303462543,0.0,0.0,0.0,-0.0014384796594800967,0.1,0.0,1.0
1779289591.4177465,1.2646247988086885,1.0686225435316379,3.133928094510699,-0.010749371534240916,-0.0004860892303462543,0.0,0.0,0.0,-0.0014410173689328176,0.1,0.0,1.0
1779289591.4275525,1.2646233804141405,1.0686225678606585,3.133931794548279,-0.010749371534240916,-0.0004860892303462543,0.0,0.0,0.0,-0.0014442136700748545,0.1,0.0,1.0
1779289591.4381094,1.2646251840189802,1.0686225609752518,3.1339246372267135,-0.010749371534240916,-0.0004860892303462543,0.0,0.0,0.0,-0.0014469924253221892,0.1,0.0,1.0
1779289591.448299,1.199715550873389,1.0677791646874213,-3.132749546724069,-0.010749371534240916,-0.0004860892303462543,0.0,0.0,0.0,-0.0014415701367259067,0.1,0.0,1.0
1779289591.45881,1.1672613116669335,1.067358380031085,-3.1244960566601527,-0.010749371534240916,-0.0004860892303462543,0.0,0.0,0.0,-0.015269755331424035,0.1,0.0,1.0
1779289591.4692862,1.1510340682388116,1.0671484444972372,-3.120368889050268,-0.010749371534240916,-0.0004860892303462543,0.0,0.0,0.0,-0.02200207834985774,0.1,0.0,1.0
1779289591.4792094,1.1429198374417178,1.0670436928140279,-3.1183031372368366,-0.010749371534240916,-0.0004860892303462543,0.0,0.0,0.0,-0.025360453812715157,0.1,0.0,1.0
1779289591.4900537,1.138864570677446,1.0669914734163966,-3.117276898559501,-0.010749371534240916,-0.0004860892303462543,0.0,0.0,0.0,-0.027228532990460484,0.1,0.0,1.0
1779289591.500385,1.1368368936353215,1.0669654208848565,-3.116763627643968,-0.010749371534240916,-0.0004860892303462543,0.0,0.0,0.0,-0.02816092791365339,0.1,0.0,1.0
1779289591.5103915,1.13582082028317,1.066952368220818,-3.1164989815785624,-0.010749371534240916,-0.0004860892303462543,0.0,0.0,0.0,-0.02862808494913418,0.1,0.0,1.0
1779289591.5209582,1.135314878998658,1.0669459088944868,-3.1163741730837597,-0.010749371534240916,-0.0004860892303462543,0.0,0.0,0.0,-0.028868023143419328,0.1,0.0,1.0
1779289591.531427,1.1350616417272557,1.0669426795651895,-3.116310813442787,-0.010749371534240916,-0.0004860892303462543,0.0,0.0,0.0,-0.028982242299441963,0.1,0.0,1.0
1779289591.5421107,1.1349355968964483,1.0669410829772645,-3.11628119139307,-0.010749371534240916,-0.0004860892303462543,0.0,0.0,0.0,-0.02904009171539401,0.1,0.0,1.0
1779289591.55264,1.1348721645138151,1.0669402759887807,-3.1162649105319478,-0.010749371534240916,-0.0004860892303462543,0.0,0.0,0.0,-0.029067429676985272,0.1,0.0,1.0
1779289591.5629728,1.1348403983396906,1.066939872147509,-3.116256590965092,-0.010749371534240916,-0.0004860892303462543,0.0,0.0,0.0,-0.029082229141334407,0.1,0.0,1.0
1779289591.5732744,1.1348228512039724,1.0669396285267028,-3.116246464565079,-0.010749371534240916,-0.0004860892303462543,0.0,0.0,0.0,-0.029089765675364695,0.1,0.0,1.0
1779289591.5839324,1.1348166242766178,1.0669395718321106,-3.116250532722863,-0.010749371534240916,-0.0004860892303462543,0.0,0.0,0.0,-0.02909812917010984,0.1,0.0,1.0
1779289591.5940433,1.1348109026753885,1.066939477141853,-3.1162432149685255,-0.010749371534240916,-0.0004860892303462543,0.0,0.0,0.0,-0.029095276451862603,0.1,0.0,1.0
1779289591.604646,1.134810103014952,1.0669394824568137,-3.116246946611822,-0.010749371534240916,-0.0004860892303462543,0.0,0.0,0.0,-0.02910105389439391,0.1,0.0,1.0
1779289591.6147122,1.1348072679836845,1.0669394231674318,-3.116240080687414,-0.010749371534240916,-0.0004860892303462543,0.0,0.0,0.0,-0.029098249279177677,0.1,0.0,1.0
1779289591.624726,1.1348056403724467,1.0669393885680072,-3.1162358944341246,-0.010749371534240916,-0.0004860892303462543,0.0,0.0,0.0,-0.02910357311598411,0.1,0.0,1.0
1779289591.63525,1.1348070337465046,1.0669394274736814,-3.116241715457114,-0.010749371534240916,-0.0004860892303462543,0.0,0.0,0.0,-0.029106814700962925,0.1,0.0,1.0
1779289591.6458557,1.073190955610913,1.065144464902252,-3.1148916540665255,-0.010749371534240916,-0.0004860892303462543,0.0,0.0,0.0,-0.02910233906331333,0.1,0.0,1.0
1779289591.6563547,1.0423806241775861,1.064246999061675,-3.114208410661106,-0.010749371534240916,-0.0004860892303462543,0.0,0.0,0.0,-0.03242194573658828,0.1,0.0,1.0
1779289591.666386,1.0269767396799367,1.0637983384705296,-3.1138713867899597,-0.010749371534240916,-0.0004860892303462543,0.0,0.0,0.0,-0.03456157039141205,0.1,0.0,1.0
1779289591.6767156,1.019275360523742,1.0635740425882463,-3.1137048958792497,-0.010749371534240916,-0.0004860892303462543,0.0,0.0,0.0,-0.03536171951720557,0.1,0.0,1.0
1779289591.6873646,1.0154250255016337,1.0634619139184807,-3.1136229227509107,-0.010749371534240916,-0.0004860892303462543,0.0,0.0,0.0,-0.03605297750005475,0.1,0.0,1.0
1779289591.6976073,1.0134987357716367,1.0634058228351972,-3.1135779125099683,-0.010749371534240916,-0.0004860892303462543,0.0,0.0,0.0,-0.03640422561518727,0.1,0.0,1.0
1779289591.7084239,1.0125367667231644,1.06337781274395,-3.1135596239822796,-0.010749371534240916,-0.0004860892303462543,0.0,0.0,0.0,-0.03597943081750239,0.1,0.0,1.0
1779289591.7185795,1.0120545985984153,1.063363775547686,-3.113546235566223,-0.010749371534240916,-0.0004860892303462543,0.0,0.0,0.0,-0.03606277937451132,0.1,0.0,1.0
1779289591.728846,1.0118137527664945,1.0633567643768163,-3.113540395700523,-0.010749371534240916,-0.0004860892303462543,0.0,0.0,0.0,-0.03610783009354556,0.1,0.0,1.0
1779289591.7393022,1.0116933208749517,1.0633532588654457,-3.1135374436150047,-0.010749371534240916,-0.0004860892303462543,0.0,0.0,0.0,-0.03612971890296251,0.1,0.0,1.0
1779289591.7496185,1.0116321762570721,1.0633514802135575,-3.11353263747446,-0.010749371534240916,-0.0004860892303462543,0.0,0.0,0.0,-0.036140693861134554,0.1,0.0,1.0
1779289591.7596238,1.0116010236837494,1.0633505748648258,-3.113528153667226,-0.010749371534240916,-0.0004860892303462543,0.0,0.0,0.0,-0.0361487560906684,0.1,0.0,1.0
1779289591.769713,1.0115855306500827,1.0633501247709518,-3.1135262103241006,-0.010749371534240916,-0.0004860892303462543,0.0,0.0,0.0,-0.036154395178452606,0.1,0.0,1.0
1779289591.7803388,1.011580316509662,1.0633499709231478,-3.1135343194847067,-0.010749371534240916,-0.0004860892303462543,0.0,0.0,0.0,-0.03615698373838741,0.1,0.0,1.0
1779289591.7905588,1.011575677912382,1.063349836521546,-3.113531089189026,-0.010749371534240916,-0.0004860892303462543,0.0,0.0,0.0,-0.03615126029453755,0.1,0.0,1.0
1779289591.8010774,1.0115751736730436,1.063349820444782,-3.1135359826598923,-0.010749371534240916,-0.0004860892303462543,0.0,0.0,0.0,-0.03615402893108097,0.1,0.0,1.0
1779289591.811277,1.0115732602071068,1.0633497655049053,-3.1135324719652178,-0.010749371534240916,-0.0004860892303462543,0.0,0.0,0.0,-0.03615038318988504,0.1,0.0,1.0
1779289591.8216064,1.0115726928685516,1.0633497491575006,-3.1135321129623312,-0.010749371534240916,-0.0004860892303462543,0.0,0.0,0.0,-0.036153164564814,0.1,0.0,1.0
1779289591.8316307,1.0115712947978952,1.0633497097247782,-3.1135279373435454,-0.010749371534240916,-0.0004860892303462543,0.0,0.0,0.0,-0.03615347588457633,0.1,0.0,1.0
1779289591.841992,1.0115710389546426,1.06334970267649,-3.1135274387946126,-0.010749371534240916,-0.0004860892303462543,0.0,0.0,0.0,-0.03615671967379465,0.1,0.0,1.0
1779289591.8522851,0.9507059557807697,1.061974243785106,-3.120093466690133,-0.010749371534240916,-0.0004860892303462543,0.0,0.0,0.0,-0.036157113064663994,0.1,0.0,1.0
1779289591.862787,0.9202728301727592,1.0612861327842484,-3.123374353968549,-0.010749371534240916,-0.0004860892303462543,0.0,0.0,0.0,-0.03328569700013217,0.1,0.0,1.0
1779289591.873267,0.9050574497058854,1.0609419164051528,-3.125019023387016,-0.010749371534240916,-0.0004860892303462543,0.0,0.0,0.0,-0.032218292054121724,0.1,0.0,1.0
1779289591.8835058,0.897447958379341,1.0607696849799604,-3.125834895409926,-0.010749371534240916,-0.0004860892303462543,0.0,0.0,0.0,-0.03132127374361601,0.1,0.0,1.0
1779289591.8935685,0.8936425138698617,1.060683513401783,-3.1262403235132554,-0.010749371534240916,-0.0004860892303462543,0.0,0.0,0.0,-0.03125954935041746,0.1,0.0,1.0
1779289591.9040558,0.8917420559683913,1.060640440374019,-3.1264511538170403,-0.010749371534240916,-0.0004860892303462543,0.0,0.0,0.0,-0.03046700225079762,0.1,0.0,1.0
1779289591.9141054,0.8907894337719698,1.060618855699882,-3.1265479887997416,-0.010749371534240916,-0.0004860892303462543,0.0,0.0,0.0,-0.03044269739437107,0.1,0.0,1.0
1779289591.924672,0.8903159748819982,1.060608101033433,-3.126606630839604,-0.010749371534240916,-0.0004860892303462543,0.0,0.0,0.0,-0.030437553036221282,0.1,0.0,1.0
1779289591.9353478,0.890079122484212,1.0606027185150313,-3.126635510908656,-0.010749371534240916,-0.0004860892303462543,0.0,0.0,0.0,-0.03042720519751974,0.1,0.0,1.0
1779289591.9459977,0.8899606168704469,1.0606000244253764,-3.1266496661624057,-0.010749371534240916,-0.0004860892303462543,0.0,0.0,0.0,-0.030422399791042304,0.1,0.0,1.0
1779289591.9564724,0.889901328199689,1.0605986760406445,-3.1266566151786073,-0.010749371534240916,-0.0004860892303462543,0.0,0.0,0.0,-0.030420224940133387,0.1,0.0,1.0
1779289591.966835,0.8898696632884675,1.0605979712722142,-3.1266528461498693,-0.010749371534240916,-0.0004860892303462543,0.0,0.0,0.0,-0.030419239312366682,0.1,0.0,1.0
1779289591.9772458,0.8898558283483209,1.060597648939026,-3.1266581224940495,-0.010749371534240916,-0.0004860892303462543,0.0,0.0,0.0,-0.03042432932981785,0.1,0.0,1.0
1779289591.9876173,0.889847177308116,1.0605974615810898,-3.1266545460146857,-0.010749371534240916,-0.0004860892303462543,0.0,0.0,0.0,-0.03042135595999525,0.1,0.0,1.0
1779289591.9980555,0.8898446814557337,1.0605973954326426,-3.1266593169193317,-0.010749371534240916,-0.0004860892303462543,0.0,0.0,0.0,-0.030424658757961423,0.1,0.0,1.0
1779289592.0081012,0.8898409042827962,1.0605973243143763,-3.1266526353192012,-0.010749371534240916,-0.0004860892303462543,0.0,0.0,0.0,-0.03042125537722465,0.1,0.0,1.0
1779289592.0189166,0.8898426506877631,1.0605973434289506,-3.126662325536264,-0.010749371534240916,-0.0004860892303462543,0.0,0.0,0.0,-0.030426541169061138,0.1,0.0,1.0
1779289592.0295172,0.8898423925265166,1.0605973355319152,-3.1266631148153547,-0.010749371534240916,-0.0004860892303462543,0.0,0.0,0.0,-0.030419141775734595,0.1,0.0,1.0
1779289592.040301,0.8898432961599654,1.0605973469576515,-3.12666721160499,-0.010749371534240916,-0.0004860892303462543,0.0,0.0,0.0,-0.030418568336637548,0.1,0.0,1.0
1779289592.0507174,0.8277452592467014,1.0602402283028045,-3.136041897134242,-0.010749371534240916,-0.0004860892303462543,0.0,0.0,0.0,-0.030415428807232366,0.1,0.0,1.0
1779289592.0606167,0.796694728946661,1.060061138956455,-3.140723801504692,-0.010749371534240916,-0.0004860892303462543,0.0,0.0,0.0,-0.02396001801719708,0.1,0.0,1.0
1779289592.0707452,0.7811696081295659,1.0599713410022513,3.1401200390469777,-0.010749371534240916,-0.0004860892303462543,0.0,0.0,0.0,-0.021144469179149722,0.1,0.0,1.0
1779289592.0813203,0.7734096041226498,1.0599263111930088,3.1389401422225607,-0.010749371534240916,-0.0004860892303462543,0.0,0.0,0.0,-0.019328969493072223,0.1,0.0,1.0
1779289592.0913768,0.76952706604986,1.0599037359677475,3.138359283828997,-0.010749371534240916,-0.0004860892303462543,0.0,0.0,0.0,-0.01801374436963904,0.1,0.0,1.0
1779289592.1017852,0.7675865414246626,1.0598924144138548,3.1380661859607484,-0.010749371534240916,-0.0004860892303462543,0.0,0.0,0.0,-0.017762637505646453,0.1,0.0,1.0
1779289592.1117818,0.7666157690535891,1.059886739305361,3.137921465135477,-0.010749371534240916,-0.0004860892303462543,0.0,0.0,0.0,-0.01763617164991415,0.1,0.0,1.0
1779289592.1218486,0.7661303303015865,1.059883894053379,3.1378492930456137,-0.010749371534240916,-0.0004860892303462543,0.0,0.0,0.0,-0.01757463545287544,0.1,0.0,1.0
1779289592.1326349,0.7658902749748034,1.059882457523545,3.1378036576582033,-0.010749371534240916,-0.0004860892303462543,0.0,0.0,0.0,-0.01754409237165644,0.1,0.0,1.0
1779289592.142884,0.7657677100984164,1.059881746264772,3.1377899345763822,-0.010749371534240916,-0.0004860892303462543,0.0,0.0,0.0,-0.017521539895008535,0.1,0.0,1.0
1779289592.1529675,0.7657062187866231,1.0598813906804232,3.1377838217333185,-0.010749371534240916,-0.0004860892303462543,0.0,0.0,0.0,-0.017517228104928215,0.1,0.0,1.0
1779289592.1634734,0.7656778104316047,1.059881203653347,3.1377723872450813,-0.010749371534240916,-0.0004860892303462543,0.0,0.0,0.0,-0.01751564710694953,0.1,0.0,1.0
1779289592.1737745,0.765662523455445,1.0598811136277693,3.137770551287348,-0.010749371534240916,-0.0004860892303462543,0.0,0.0,0.0,-0.017508449223210886,0.1,0.0,1.0
1779289592.1840355,0.765654245666261,1.0598810709371966,3.1377719069614525,-0.010749371534240916,-0.0004860892303462543,0.0,0.0,0.0,-0.01750781999798992,0.1,0.0,1.0
1779289592.194336,0.765651070396478,1.059881045984701,3.1377691306832833,-0.010749371534240916,-0.0004860892303462543,0.0,0.0,0.0,-0.01750924460470541,0.1,0.0,1.0
1779289592.204462,0.7656480104144946,1.0598810389826365,3.137773020175035,-0.010749371534240916,-0.0004860892303462543,0.0,0.0,0.0,-0.01750731485022429,0.1,0.0,1.0
1779289592.2148411,0.7656480642539897,1.0598810296439032,3.137769287678341,-0.010749371534240916,-0.0004860892303462543,0.0,0.0,0.0,-0.017510386905615554,0.1,0.0,1.0
1779289592.2254565,0.7656486216789864,1.0598810227368753,3.137765519829327,-0.010749371534240916,-0.0004860892303462543,0.0,0.0,0.0,-0.017507580256520293,0.1,0.0,1.0
1779289592.2359786,0.7656489836826801,1.0598810187512764,3.137763337344329,-0.010749371534240916,-0.0004860892303462543,0.0,0.0,0.0,-0.01750472277059735,0.1,0.0,1.0
1779289592.2462347,0.7026528551232616,1.0606681600684233,3.1294170348679993,-0.010749371534240916,-0.0004860892303462543,0.0,0.0,0.0,-0.017503065989397017,0.1,0.0,1.0
1779289592.2567003,0.6711547589458298,1.0610612676651283,3.1252439846810773,-0.010749371534240916,-0.0004860892303462543,0.0,0.0,0.0,-0.010127904891005306,0.1,0.0,1.0
1779289592.2673738,0.6554070464644106,1.0612575680084628,3.1231526596535666,-0.010749371534240916,-0.0004860892303462543,0.0,0.0,0.0,-0.006064495248167064,0.1,0.0,1.0
1779289592.2778618,0.6475330600355973,1.0613556017004027,3.1221074564636435,-0.010749371534240916,-0.0004860892303462543,0.0,0.0,0.0,-0.00477276859308934,0.1,0.0,1.0
1779289592.2879956,0.6435940094007278,1.061404599359217,3.121592227016194,-0.010749371534240916,-0.0004860892303462543,0.0,0.0,0.0,-0.0033849060005133012,0.1,0.0,1.0
1779289592.2982368,0.6416247410423228,1.061429064885619,3.121333689051566,-0.010749371534240916,-0.0004860892303462543,0.0,0.0,0.0,-0.0030642835641114343,0.1,0.0,1.0
1779289592.3082604,0.6406394800891716,1.0614412961496904,3.1212066661627933,-0.010749371534240916,-0.0004860892303462543,0.0,0.0,0.0,-0.0029037242534965327,0.1,0.0,1.0
1779289592.318563,0.6401479589559003,1.061447382267151,3.121139176974017,-0.010749371534240916,-0.0004860892303462543,0.0,0.0,0.0,-0.0028252708665091205,0.1,0.0,1.0
1779289592.3290799,0.6399030310649294,1.0614504045533266,3.1211024467747173,-0.010749371534240916,-0.0004860892303462543,0.0,0.0,0.0,-0.00278306858558244,0.1,0.0,1.0
1779289592.3390913,0.6397784019236132,1.0614519580023898,3.1210918442478377,-0.010749371534240916,-0.0004860892303462543,0.0,0.0,0.0,-0.002759718847333333,0.1,0.0,1.0
1779289592.3496027,0.6397178207448337,1.0614526986127317,3.121080328332944,-0.010749371534240916,-0.0004860892303462543,0.0,0.0,0.0,-0.0027539268549045363,0.1,0.0,1.0
1779289592.3595576,0.639686000442758,1.061453099657638,3.121080054702057,-0.010749371534240916,-0.0004860892303462543,0.0,0.0,0.0,-0.0027463262235562654,0.1,0.0,1.0
1779289592.3701677,0.6396715751504809,1.061453269702655,3.121074594323394,-0.010749371534240916,-0.0004860892303462543,0.0,0.0,0.0,-0.002746679868719196,0.1,0.0,1.0
1779289592.3802176,0.6396640191484992,1.061453361466684,3.1210730951219343,-0.010749371534240916,-0.0004860892303462543,0.0,0.0,0.0,-0.002742825595387137,0.1,0.0,1.0
1779289592.3909857,0.6396624383269374,1.0614533621741389,3.121064468117477,-0.010749371534240916,-0.0004860892303462543,0.0,0.0,0.0,-0.0027418310636139367,0.1,0.0,1.0
1779289592.4016156,0.6396607203497724,1.0614533810747644,3.121063480119796,-0.010749371534240916,-0.0004860892303462543,0.0,0.0,0.0,-0.0027353689652828196,0.1,0.0,1.0
1779289592.4118474,0.639658751879874,1.0614534132490068,3.1210669638653448,-0.010749371534240916,-0.0004860892303462543,0.0,0.0,0.0,-0.0027346568148869607,0.1,0.0,1.0
1779289592.4225333,0.6396588963464692,1.0614534063591075,3.121064659095154,-0.010749371534240916,-0.0004860892303462543,0.0,0.0,0.0,-0.002737312853521208,0.1,0.0,1.0
1779289592.433078,0.6396590441652275,1.0614534012316303,3.1210632357089985,-0.010749371534240916,-0.0004860892303462543,0.0,0.0,0.0,-0.0027355763718114423,0.1,0.0,1.0
1779289592.443463,0.639659020705174,1.0614534005862901,3.1210628731020327,-0.010749371534240916,-0.0004860892303462543,0.0,0.0,0.0,-0.0027345031227174917,0.1,0.0,1.0
1779289592.453843,0.5763933504776996,1.0630907785304822,3.1162163190652246,-0.010749371534240916,-0.0004860892303462543,0.0,0.0,0.0,-0.0027342309564876593,0.1,0.0,1.0
1779289592.4642959,0.5447621976442355,1.0639091591953158,3.113786988158708,-0.010749371534240916,-0.0004860892303462543,0.0,0.0,0.0,0.003321287054243393,0.1,0.0,1.0
1779289592.4746482,0.5289458157178126,1.0643182346819544,3.1125751980726406,-0.010749371534240916,-0.0004860892303462543,0.0,0.0,0.0,0.006657361316458254,0.1,0.0,1.0
1779289592.4851894,0.5210366749828441,1.0645227325008426,3.1119727020259678,-0.010749371534240916,-0.0004860892303462543,0.0,0.0,0.0,0.008304151287780366,0.1,0.0,1.0
1779289592.4953089,0.5170838520266275,1.0646248966511256,3.1116651842323177,-0.010749371534240916,-0.0004860892303462543,0.0,0.0,0.0,0.008853361232488316,0.1,0.0,1.0
1779289592.5053613,0.5151051908569411,1.0646760286995098,3.1115194910619914,-0.010749371534240916,-0.0004860892303462543,0.0,0.0,0.0,0.00913374446261795,0.1,0.0,1.0
1779289592.5160465,0.5141185357214435,1.0647015063366478,3.1114370492019674,-0.010749371534240916,-0.0004860892303462543,0.0,0.0,0.0,0.00926814686846362,0.1,0.0,1.0
1779289592.5266519,0.5136263159410825,1.064714207045981,3.1113918551208037,-0.010749371534240916,-0.0004860892303462543,0.0,0.0,0.0,0.009869915446429534,0.1,0.0,1.0
1779289592.537266,0.5133784742753035,1.0647206070947086,3.111375468138438,-0.010749371534240916,-0.0004860892303462543,0.0,0.0,0.0,0.009910405722133798,0.1,0.0,1.0
1779289592.547294,0.5132523862333344,1.0647238717033494,3.1113750464065006,-0.010749371534240916,-0.0004860892303462543,0.0,0.0,0.0,0.009925994424810501,0.1,0.0,1.0
1779289592.5574203,0.5131896239964496,1.0647254954674064,3.1113738250281013,-0.010749371534240916,-0.0004860892303462543,0.0,0.0,0.0,0.00992796037364281,0.1,0.0,1.0
1779289592.5675082,0.5131582364718006,1.0647263074766207,3.1113732373050933,-0.010749371534240916,-0.0004860892303462543,0.0,0.0,0.0,0.009929701422893572,0.1,0.0,1.0
1779289592.57813,0.5131449212281698,1.0647266415499164,3.111364413800019,-0.010749371534240916,-0.0004860892303462543,0.0,0.0,0.0,0.009930554701828307,0.1,0.0,1.0
1779289592.588291,0.5131358351194522,1.064726881516736,3.111368710827346,-0.010749371534240916,-0.0004860892303462543,0.0,0.0,0.0,0.009937377838447841,0.1,0.0,1.0
1779289592.5986886,0.5131336526597272,1.064726930365516,3.111362394002777,-0.010749371534240916,-0.0004860892303462543,0.0,0.0,0.0,0.009934257836419005,0.1,0.0,1.0
1779289592.6087685,0.5131299920550816,1.064727032128144,3.111368449626572,-0.010749371534240916,-0.0004860892303462543,0.0,0.0,0.0,0.009939046467247897,0.1,0.0,1.0
1779289592.6190257,0.5131285805972452,1.06472707067427,3.111369975449538,-0.010749371534240916,-0.0004860892303462543,0.0,0.0,0.0,0.009934530532230165,0.1,0.0,1.0
1779289592.629101,0.5131274790913576,1.0647271019956783,3.1113721576716635,-0.010749371534240916,-0.0004860892303462543,0.0,0.0,0.0,0.009933399415014577,0.1,0.0,1.0
1779289592.6393147,0.5131279043419419,1.0647270882703062,3.1113697487351217,-0.010749371534240916,-0.0004860892303462543,0.0,0.0,0.0,0.009931769616868967,0.1,0.0,1.0
1779289592.6493664,0.4491375689707917,1.0667345949851261,3.110605620232503,-0.010749371534240916,-0.0004860892303462543,0.0,0.0,0.0,0.009933579636369743,0.1,0.0,1.0
1779289592.6593883,0.4171423564713923,1.0677383083299339,3.1102237121512966,-0.010749371534240916,-0.0004860892303462543,0.0,0.0,0.0,0.013411447973425673,0.1,0.0,1.0
1779289592.6695848,0.4011449698741372,1.068240137433826,3.1100319680737014,-0.010749371534240916,-0.0004860892303462543,0.0,0.0,0.0,0.01499400854738106,0.1,0.0,1.0
1779289592.680196,0.39314870461953455,1.0684909649064749,3.1099273872550395,-0.010749371534240916,-0.0004860892303462543,0.0,0.0,0.0,0.015971205274044484,0.1,0.0,1.0
1779289592.6908488,0.3891496586066363,1.0686164016358743,3.1098783718246343,-0.010749371534240916,-0.0004860892303462543,0.0,0.0,0.0,0.016607681468647387,0.1,0.0,1.0
1779289592.7006755,0.38714876635902173,1.068679160700831,3.109858774281202,-0.010749371534240916,-0.0004860892303462543,0.0,0.0,0.0,0.016774316421559597,0.1,0.0,1.0
1779289592.7106342,0.38614813064594333,1.0687105451835501,3.109849655308757,-0.010749371534240916,-0.0004860892303462543,0.0,0.0,0.0,0.016854741983819563,0.1,0.0,1.0
1779289592.7211533,0.38564915887284856,1.06872619418652,3.109840268329055,-0.010749371534240916,-0.0004860892303462543,0.0,0.0,0.0,0.016894642556592128,0.1,0.0,1.0
1779289592.731567,0.38540084104019245,1.0687339810645247,3.109831385805852,-0.010749371534240916,-0.0004860892303462543,0.0,0.0,0.0,0.016918239941266996,0.1,0.0,1.0
1779289592.7422798,0.38527633885916246,1.0687378849048965,3.1098281755321207,-0.010749371534240916,-0.0004860892303462543,0.0,0.0,0.0,0.01693317263745583,0.1,0.0,1.0
1779289592.7526236,0.38521345249674005,1.0687398568296063,3.109828848641465,-0.010749371534240916,-0.0004860892303462543,0.0,0.0,0.0,0.016939723718972573,0.1,0.0,1.0
1779289592.7628202,0.3851813804544502,1.068740862811298,3.109831440476155,-0.010749371534240916,-0.0004860892303462543,0.0,0.0,0.0,0.016941301597060136,0.1,0.0,1.0
1779289592.7729042,0.38516425577598445,1.068741400533984,3.1098366406460762,-0.010749371534240916,-0.0004860892303462543,0.0,0.0,0.0,0.016940409751926764,0.1,0.0,1.0
1779289592.7833936,0.385157640229576,1.0687416078336658,3.1098322590087824,-0.010749371534240916,-0.0004860892303462543,0.0,0.0,0.0,0.016937053947611365,0.1,0.0,1.0
1779289592.7937882,0.3851536702859867,1.0687417322756385,3.1098324428943496,-0.010749371534240916,-0.0004860892303462543,0.0,0.0,0.0,0.016940580527116802,0.1,0.0,1.0
1779289592.804248,0.38515290845817807,1.068741755646438,3.1098281482945325,-0.010749371534240916,-0.0004860892303462543,0.0,0.0,0.0,0.016940573394239423,0.1,0.0,1.0
1779289592.8148217,0.38515281315016436,1.06874175801339,3.1098249767024777,-0.010749371534240916,-0.0004860892303462543,0.0,0.0,0.0,0.016943839479945016,0.1,0.0,1.0
1779289592.8251536,0.385151758798603,1.068741791007511,3.109827001191774,-0.010749371534240916,-0.0004860892303462543,0.0,0.0,0.0,0.01694623563978006,0.1,0.0,1.0
1779289592.835291,0.38514991626691436,1.0687418494149845,3.1098327306921814,-0.010749371534240916,-0.0004860892303462543,0.0,0.0,0.0,0.016944742429651924,0.1,0.0,1.0
1779289592.8457928,0.3240083566966117,1.0705229776755905,3.1124799786071637,-0.010749371534240916,-0.0004860892303462543,0.0,0.0,0.0,0.016940479863536508,0.1,0.0,1.0
1779289592.8559916,0.2934351951948396,1.0714137612832253,3.1138121597676545,-0.010749371534240916,-0.0004860892303462543,0.0,0.0,0.0,0.017616051311592624,0.1,0.0,1.0
1779289592.8662062,0.27814914552559505,1.0718592106902598,3.1144763533404722,-0.010749371534240916,-0.0004860892303462543,0.0,0.0,0.0,0.018011650247560164,0.1,0.0,1.0
1779289592.8766088,0.270508057211662,1.0720819192979372,3.1148015097437716,-0.010749371534240916,-0.0004860892303462543,0.0,0.0,0.0,0.018099245202504468,0.1,0.0,1.0
1779289592.887239,0.26668757631939677,1.0721932903695892,3.1149638628767438,-0.010749371534240916,-0.0004860892303462543,0.0,0.0,0.0,0.01824377805735577,0.1,0.0,1.0
1779289592.8976865,0.2647761345691864,1.0722490171312078,3.1150493479007784,-0.010749371534240916,-0.0004860892303462543,0.0,0.0,0.0,0.018273429240181573,0.1,0.0,1.0
1779289592.908204,0.2638216269024404,1.072276853058485,3.1150877406161017,-0.010749371534240916,-0.0004860892303462543,0.0,0.0,0.0,0.018285933860087124,0.1,0.0,1.0
1779289592.918629,0.2633429307492432,1.072290811442507,3.1151121089601173,-0.010749371534240916,-0.0004860892303462543,0.0,0.0,0.0,0.01829565231793705,0.1,0.0,1.0
1779289592.929244,0.26310495847629267,1.0722977555442896,3.1151193599941642,-0.010749371534240916,-0.0004860892303462543,0.0,0.0,0.0,0.018296720730168452,0.1,0.0,1.0
1779289592.9397058,0.2629861978024798,1.0723012220368302,3.1151221771012425,-0.010749371534240916,-0.0004860892303462543,0.0,0.0,0.0,0.018300942883113097,0.1,0.0,1.0
1779289592.9500675,0.2629256236001618,1.0723029870532879,3.1151278665529007,-0.010749371534240916,-0.0004860892303462543,0.0,0.0,0.0,0.018303659776117313,0.1,0.0,1.0
1779289592.9603221,0.26289495733844226,1.0723038799158515,3.115132070877274,-0.010749371534240916,-0.0004860892303462543,0.0,0.0,0.0,0.018301832945192983,0.1,0.0,1.0
1779289592.9705694,0.262878630176087,1.0723043528890184,3.1151377373924003,-0.010749371534240916,-0.0004860892303462543,0.0,0.0,0.0,0.018299908248114078,0.1,0.0,1.0
1779289592.9810843,0.26287273649353116,1.072304529620132,3.115132431431652,-0.010749371534240916,-0.0004860892303462543,0.0,0.0,0.0,0.018296293258453573,0.1,0.0,1.0
1779289592.9911602,0.26286743520970957,1.0723046799983627,3.1151382208233196,-0.010749371534240916,-0.0004860892303462543,0.0,0.0,0.0,0.018300544518811274,0.1,0.0,1.0
1779289593.001559,0.2628646398257686,1.072304759332161,3.1151416345550835,-0.010749371534240916,-0.0004860892303462543,0.0,0.0,0.0,0.0182963857971526,0.1,0.0,1.0
1779289593.0114703,0.26286395308075533,1.0723047803744834,3.1151407921736958,-0.010749371534240916,-0.0004860892303462543,0.0,0.0,0.0,0.018293920578682493,0.1,0.0,1.0
1779289593.022221,0.2628664509132632,1.0723047156766792,3.115130183180396,-0.010749371534240916,-0.0004860892303462543,0.0,0.0,0.0,0.01829458573746493,0.1,0.0,1.0
1779289593.032626,0.26286604222997306,1.0723047265893002,3.115130822334139,-0.010749371534240916,-0.0004860892303462543,0.0,0.0,0.0,0.01830250135381063,0.1,0.0,1.0
1779289593.0428462,0.26286468885351333,1.0723047624941398,3.115135262045788,-0.010749371534240916,-0.0004860892303462543,0.0,0.0,0.0,0.018302034212889833,0.1,0.0,1.0
1779289593.0534606,0.20146190538948533,1.0736281542786197,3.119724153276395,-0.010749371534240916,-0.0004860892303462543,0.0,0.0,0.0,0.018298733966508884,0.1,0.0,1.0
1779289593.0637712,0.17076081836848161,1.0742901006132124,3.1220175286671683,-0.010749371534240916,-0.0004860892303462543,0.0,0.0,0.0,0.016840045470276396,0.1,0.0,1.0
1779289593.074309,0.15541028137750657,1.074621202825503,3.1231642025828403,-0.010749371534240916,-0.0004860892303462543,0.0,0.0,0.0,0.0160907054911833,0.1,0.0,1.0
1779289593.0848975,0.1477353754095108,1.074786811838655,3.1237362442474685,-0.010749371534240916,-0.0004860892303462543,0.0,0.0,0.0,0.015775616413144778,0.1,0.0,1.0
1779289593.095612,0.1438979909183999,1.0748696475498136,3.124022021638151,-0.010749371534240916,-0.0004860892303462543,0.0,0.0,0.0,0.015546857229794653,0.1,0.0,1.0
1779289593.1055045,0.14197665835094508,1.074911128021697,3.12417437699768,-0.010749371534240916,-0.0004860892303462543,0.0,0.0,0.0,0.01547228953755479,0.1,0.0,1.0
1779289593.1155412,0.1410166417953153,1.07493186518388,3.124248225905614,-0.010749371534240916,-0.0004860892303462543,0.0,0.0,0.0,0.015428783287925022,0.1,0.0,1.0
1779289593.1261356,0.14053858490442644,1.0749422039601142,3.1242781548576115,-0.010749371534240916,-0.0004860892303462543,0.0,0.0,0.0,0.015408987406933684,0.1,0.0,1.0
1779289593.1363175,0.14029757057744613,1.0749474094336435,3.1243002388530146,-0.010749371534240916,-0.0004860892303462543,0.0,0.0,0.0,0.015404367086658672,0.1,0.0,1.0
1779289593.1468806,0.14017910443960424,1.07494997808126,3.124303963822064,-0.010749371534240916,-0.0004860892303462543,0.0,0.0,0.0,0.015396760595679942,0.1,0.0,1.0
1779289593.1571555,0.14011772274585957,1.074951299767146,3.12431352916726,-0.010749371534240916,-0.0004860892303462543,0.0,0.0,0.0,0.015398421792091084,0.1,0.0,1.0
1779289593.1672096,0.1400866244757144,1.0749519681731778,3.1243197724896454,-0.010749371534240916,-0.0004860892303462543,0.0,0.0,0.0,0.015393506345385253,0.1,0.0,1.0
1779289593.1776495,0.14007365959504325,1.0749522580727082,3.1243136295891363,-0.010749371534240916,-0.0004860892303462543,0.0,0.0,0.0,0.015389959823201228,0.1,0.0,1.0
1779289593.1882718,0.14006705158778301,1.0749524048434547,3.124311008276238,-0.010749371534240916,-0.0004860892303462543,0.0,0.0,0.0,0.015395099547658156,0.1,0.0,1.0
1779289593.198428,0.14006152079759587,1.074952516566637,3.124317680667998,-0.010749371534240916,-0.0004860892303462543,0.0,0.0,0.0,0.015397333035252642,0.1,0.0,1.0
1779289593.2086692,0.14005986623843403,1.0749525535999407,3.12431703452625,-0.010749371534240916,-0.0004860892303462543,0.0,0.0,0.0,0.015392493328876562,0.1,0.0,1.0
1779289593.2187123,0.14005763216359784,1.074952596386372,3.1243217548310565,-0.010749371534240916,-0.0004860892303462543,0.0,0.0,0.0,0.015393045300847247,0.1,0.0,1.0
1779289593.2287443,0.14005643569409626,1.0749526194071901,3.1243243997642365,-0.010749371534240916,-0.0004860892303462543,0.0,0.0,0.0,0.015389558309561523,0.1,0.0,1.0
1779289593.239011,0.14005603861553587,1.0749526275866494,3.1243250010924095,-0.010749371534240916,-0.0004860892303462543,0.0,0.0,0.0,0.015387602724255003,0.1,0.0,1.0
1779289593.2495728,0.07673981118728422,1.0756799437777882,3.129519417683925,-0.010749371534240916,-0.0004860892303462543,0.0,0.0,0.0,0.015387163201811318,0.1,0.0,1.0
1779289593.2599072,0.045080820243575945,1.0760439074103876,3.1321197861276504,-0.010749371534240916,-0.0004860892303462543,0.0,0.0,0.0,0.012597870454920133,0.1,0.0,1.0
1779289593.2704463,0.02925225148484806,1.076226025803712,3.133416654031442,-0.010749371534240916,-0.0004860892303462543,0.0,0.0,0.0,0.011125810104702007,0.1,0.0,1.0
1779289593.2805579,0.021335777873708328,1.076317176591633,3.1340729378276357,-0.010749371534240916,-0.0004860892303462543,0.0,0.0,0.0,0.010386320527159236,0.1,0.0,1.0
1779289593.2907333,0.01737764001643919,1.076362787095961,3.1344007260463815,-0.010749371534240916,-0.0004860892303462543,0.0,0.0,0.0,0.0100964491089529,0.1,0.0,1.0
1779289593.3015413,0.015400598381598489,1.0763855957079245,3.134557353652724,-0.010749371534240916,-0.0004860892303462543,0.0,0.0,0.0,0.009954307795604894,0.1,0.0,1.0
1779289593.3119338,0.014412048155371124,1.076397009110723,3.134635773100377,-0.010749371534240916,-0.0004860892303462543,0.0,0.0,0.0,0.009889346933258561,0.1,0.0,1.0
1779289593.3220763,0.013915405057388527,1.0764027367348146,3.1346834711286284,-0.010749371534240916,-0.0004860892303462543,0.0,0.0,0.0,0.009676449707221544,0.1,0.0,1.0
1779289593.3323293,0.013667321865723912,1.0764056014928745,3.1347064658004253,-0.010749371534240916,-0.0004860892303462543,0.0,0.0,0.0,0.009653236204202737,0.1,0.0,1.0
1779289593.34262,0.013544673154439642,1.0764070255355738,3.134712970286264,-0.010749371534240916,-0.0004860892303462543,0.0,0.0,0.0,0.009642283268954254,0.1,0.0,1.0
1779289593.3528855,0.01348257099477052,1.0764077432722516,3.1347190106248473,-0.010749371534240916,-0.0004860892303462543,0.0,0.0,0.0,0.009640554877990398,0.1,0.0,1.0
1779289593.3632119,0.013451057333752701,1.0764081056537702,3.1347236889531738,-0.010749371534240916,-0.0004860892303462543,0.0,0.0,0.0,0.009637601148991794,0.1,0.0,1.0
1779289593.373221,0.013434876363353686,1.0764082900141225,3.1347275484792227,-0.010749371534240916,-0.0004860892303462543,0.0,0.0,0.0,0.009634881555337023,0.1,0.0,1.0
1779289593.3833706,0.013427197207307867,1.076408379580114,3.1347280038127447,-0.010749371534240916,-0.0004860892303462543,0.0,0.0,0.0,0.009632382130009307,0.1,0.0,1.0
1779289593.3938994,0.013425229747187665,1.0764084115363985,3.134721520758313,-0.010749371534240916,-0.0004860892303462543,0.0,0.0,0.0,0.009632238344226128,0.1,0.0,1.0
1779289593.4041705,0.013422212441227327,1.0764084411207195,3.1347255687003193,-0.010749371534240916,-0.0004860892303462543,0.0,0.0,0.0,0.009637198547405112,0.1,0.0,1.0
1779289593.4146352,0.013422560530728218,1.0764084433831966,3.1347209370689892,-0.010749371534240916,-0.0004860892303462543,0.0,0.0,0.0,0.009634212091420694,0.1,0.0,1.0
1779289593.4251673,0.013423102333958953,1.076408441725882,3.1347173029939253,-0.010749371534240916,-0.0004860892303462543,0.0,0.0,0.0,0.009637709909947317,0.1,0.0,1.0
1779289593.4356365,0.013423010599467565,1.0764084431840923,3.134716785842839,-0.010749371534240916,-0.0004860892303462543,0.0,0.0,0.0,0.009640446928059196,0.1,0.0,1.0
1779289593.4460645,-0.048070736381273335,1.0765215739755802,3.1389847380731712,-0.010749371534240916,-0.0004860892303462543,0.0,0.0,0.0,0.009640840412517266,0.1,0.0,1.0
1779289593.4564342,-0.07881986531250385,1.0765783858319244,3.141126802881029,-0.010749371534240916,-0.0004860892303462543,0.0,0.0,0.0,0.006599248336499137,0.1,0.0,1.0
1779289593.4663832,-0.09419435271448859,1.0766069076355582,-3.1409877474889285,-0.010749371534240916,-0.0004860892303462543,0.0,0.0,0.0,0.005168040510267351,0.1,0.0,1.0
1779289593.476716,-0.10187919759245942,1.076621228011569,-3.1404609676262587,-0.010749371534240916,-0.0004860892303462543,0.0,0.0,0.0,0.004357855486801791,0.1,0.0,1.0
1779289593.4872005,-0.10572276180622184,1.0766284167167353,-3.140193485119576,-0.010749371534240916,-0.0004860892303462543,0.0,0.0,0.0,0.004056857559658621,0.1,0.0,1.0
1779289593.4974782,-0.10764432608984317,1.076632026204933,-3.14006052471675,-0.010749371534240916,-0.0004860892303462543,0.0,0.0,0.0,0.0037098110555621464,0.1,0.0,1.0
1779289593.5080712,-0.10860326683701839,1.0766338411713803,-3.1400006449988105,-0.010749371534240916,-0.0004860892303462543,0.0,0.0,0.0,0.003632790710036764,0.1,0.0,1.0
1779289593.5183325,-0.10908608173084958,1.0766347467734956,-3.1399587167878122,-0.010749371534240916,-0.0004860892303462543,0.0,0.0,0.0,0.003599330214059431,0.1,0.0,1.0
1779289593.528151,-0.10932758144390081,1.0766352016946605,-3.1399374219691536,-0.010749371534240916,-0.0004860892303462543,0.0,0.0,0.0,0.0035735907162707035,0.1,0.0,1.0
1779289593.5384977,-0.10944753041282727,1.076635431632278,-3.139929645333777,-0.010749371534240916,-0.0004860892303462543,0.0,0.0,0.0,0.0035604794541333937,0.1,0.0,1.0
1779289593.5485363,-0.10950821608785877,1.0766355458450692,-3.1399232077688186,-0.010749371534240916,-0.0004860892303462543,0.0,0.0,0.0,0.003556089286665726,0.1,0.0,1.0
1779289593.5589092,-0.10953722240160163,1.0766356055313682,-3.1399247797339127,-0.010749371534240916,-0.0004860892303462543,0.0,0.0,0.0,0.003551974635090639,0.1,0.0,1.0
1779289593.56944,-0.10955165892432311,1.0766356353984192,-3.1399258045648524,-0.010749371534240916,-0.0004860892303462543,0.0,0.0,0.0,0.003553527005059972,0.1,0.0,1.0
1779289593.5795255,-0.1095599394853915,1.076635648504309,-3.1399225091857508,-0.010749371534240916,-0.0004860892303462543,0.0,0.0,0.0,0.0035544830116260853,0.1,0.0,1.0
1779289593.5894847,-0.10956379016459197,1.0766356557205254,-3.139921899568061,-0.010749371534240916,-0.0004860892303462543,0.0,0.0,0.0,0.0035520923381177063,0.1,0.0,1.0
1779289593.5998414,-0.1095658500536793,1.0766356591372344,-3.1399211124691924,-0.010749371534240916,-0.0004860892303462543,0.0,0.0,0.0,0.0035516793018043526,0.1,0.0,1.0
1779289593.6099072,-0.10956721701258423,1.0766356603252731,-3.1399195108980784,-0.010749371534240916,-0.0004860892303462543,0.0,0.0,0.0,0.003551109500639999,0.1,0.0,1.0
1779289593.6200178,-0.1095674584011954,1.076635661745967,-3.1399202947797438,-0.010749371534240916,-0.0004860892303462543,0.0,0.0,0.0,0.003549914600936345,0.1,0.0,1.0
1779289593.6302395,-0.10956782384725117,1.076635662004076,-3.1399198094120564,-0.010749371534240916,-0.0004860892303462543,0.0,0.0,0.0,0.0035505110914999223,0.1,0.0,1.0
1779289593.6403563,-0.1095676426461485,1.076635662768379,-3.139920871207897,-0.010749371534240916,-0.0004860892303462543,0.0,0.0,0.0,0.003550148351805675,0.1,0.0,1.0
1779289593.650746,-0.1715687797106693,1.0763109374930988,-3.1371425254777376,-0.010749371534240916,-0.0004860892303462543,0.0,0.0,0.0,0.0035509497522548494,0.1,0.0,1.0
1779289593.6612055,-0.20256781486173772,1.0761487349916876,-3.1357588507189336,-0.010749371534240916,-0.0004860892303462543,0.0,0.0,0.0,0.0009848260008402086,0.1,0.0,1.0
1779289593.6713905,-0.21806940615106118,1.0760677001190597,-3.135059581479921,-0.010749371534240916,-0.0004860892303462543,0.0,0.0,0.0,-0.00021196156629002064,0.1,0.0,1.0
1779289593.681515,-0.22582036861367166,1.076027219802648,-3.134709349739433,-0.010749371534240916,-0.0004860892303462543,0.0,0.0,0.0,-0.000901221000812916,0.1,0.0,1.0
1779289593.6919906,-0.22969359471848677,1.076007014246613,-3.134542317968641,-0.010749371534240916,-0.0004860892303462543,0.0,0.0,0.0,-0.0013227945868823161,0.1,0.0,1.0
1779289593.7026281,-0.2316301834904405,1.0759969211157254,-3.1344588893547733,-0.010749371534240916,-0.0004860892303462543,0.0,0.0,0.0,-0.0014494619853134146,0.1,0.0,1.0
1779289593.7134283,-0.23259708888070352,1.0759918891942717,-3.134422154118184,-0.010749371534240916,-0.0004860892303462543,0.0,0.0,0.0,-0.001512718009479048,0.1,0.0,1.0
1779289593.7239225,-0.23308198571989625,1.0759893650140988,-3.1343986099202965,-0.010749371534240916,-0.0004860892303462543,0.0,0.0,0.0,-0.0015405739543719011,0.1,0.0,1.0
1779289593.7345653,-0.23332453153485602,1.0759881035583057,-3.13438648873524,-0.010749371534240916,-0.0004860892303462543,0.0,0.0,0.0,-0.0015584138615261586,0.1,0.0,1.0
1779289593.7448545,-0.23344652330800397,1.0759874683361539,-3.134377851336011,-0.010749371534240916,-0.0004860892303462543,0.0,0.0,0.0,-0.0015675958558605573,0.1,0.0,1.0
1779289593.7552972,-0.23350801509660463,1.0759871476298768,-3.1343717550531656,-0.010749371534240916,-0.0004860892303462543,0.0,0.0,0.0,-0.0015741346880366498,0.1,0.0,1.0
1779289593.7656472,-0.2335383445410928,1.075986990621596,-3.134370199714198,-0.010749371534240916,-0.0004860892303462543,0.0,0.0,0.0,-0.001578747786684396,0.1,0.0,1.0
1779289593.7760973,-0.23355290829133993,1.0759869165448193,-3.134371576273489,-0.010749371534240916,-0.0004860892303462543,0.0,0.0,0.0,-0.0015799248006538326,0.1,0.0,1.0
1779289593.7867332,-0.23356033496314618,1.0759868783831785,-3.1343717455172033,-0.010749371534240916,-0.0004860892303462543,0.0,0.0,0.0,-0.0015788839017733386,0.1,0.0,1.0
1779289593.7971048,-0.2335636459420382,1.0759868621982698,-3.134373272415895,-0.010749371534240916,-0.0004860892303462543,0.0,0.0,0.0,-0.001578756123483523,0.1,0.0,1.0
1779289593.8072553,-0.2335676425332219,1.0759868371176964,-3.1343656440188203,-0.010749371534240916,-0.0004860892303462543,0.0,0.0,0.0,-0.0015776014341135093,0.1,0.0,1.0
1779289593.817806,-0.23356728691565876,1.075986842003851,-3.1343702675990865,-0.010749371534240916,-0.0004860892303462543,0.0,0.0,0.0,-0.0015833710873980563,0.1,0.0,1.0
1779289593.828312,-0.2335671014166349,1.0759868442404237,-3.1343726069486495,-0.010749371534240916,-0.0004860892303462543,0.0,0.0,0.0,-0.0015798736563674312,0.1,0.0,1.0
1779289593.8388696,-0.2335671009263566,1.0759868445599787,-3.1343734459102714,-0.010749371534240916,-0.0004860892303462543,0.0,0.0,0.0,-0.0015781044915730465,0.1,0.0,1.0
1779289593.8491077,-0.2959835910823162,1.0754211834942398,-3.133255496321974,-0.010749371534240916,-0.0004860892303462543,0.0,0.0,0.0,-0.0015774702316935566,0.1,0.0,1.0
1779289593.859311,-0.3271917443772109,1.075138414965286,-3.1326968522409846,-0.010749371534240916,-0.0004860892303462543,0.0,0.0,0.0,-0.0032588374503420402,0.1,0.0,1.0
1779289593.870434,-0.3427935430053642,1.0749970816190753,-3.132425696978232,-0.010749371534240916,-0.0004860892303462543,0.0,0.0,0.0,-0.0041536055543037005,0.1,0.0,1.0
1779289593.8802373,-0.3505952971339109,1.0749264226059085,-3.132287055656893,-0.010749371534240916,-0.0004860892303462543,0.0,0.0,0.0,-0.004493751793568019,0.1,0.0,1.0
1779289593.8911495,-0.35449527731164293,1.0748911092503275,-3.132220950263051,-0.010749371534240916,-0.0004860892303462543,0.0,0.0,0.0,-0.004762871993367283,0.1,0.0,1.0
1779289593.9017196,-0.35644612723419133,1.0748734482948432,-3.132184815503214,-0.010749371534240916,-0.0004860892303462543,0.0,0.0,0.0,-0.004848376467073975,0.1,0.0,1.0
1779289593.9117286,-0.3574226670049431,1.0748646093643652,-3.1321627520059527,-0.010749371534240916,-0.0004860892303462543,0.0,0.0,0.0,-0.0048936676100777106,0.1,0.0,1.0
1779289593.9220905,-0.3579114661067646,1.0748601861267884,-3.1321498232498937,-0.010749371534240916,-0.0004860892303462543,0.0,0.0,0.0,-0.004919392321520761,0.1,0.0,1.0
1779289593.9321415,-0.35815551200683027,1.074857978554602,-3.132144626605642,-0.010749371534240916,-0.0004860892303462543,0.0,0.0,0.0,-0.004933704276305951,0.1,0.0,1.0
1779289593.942674,-0.35827597937911515,1.0748568897521151,-3.1321476044748424,-0.010749371534240916,-0.0004860892303462543,0.0,0.0,0.0,-0.004939901434317487,0.1,0.0,1.0
1779289593.9529781,-0.358338392670271,1.0748563245952454,-3.132141280311052,-0.010749371534240916,-0.0004860892303462543,0.0,0.0,0.0,-0.004938772992963208,0.1,0.0,1.0
1779289593.962993,-0.3583691149621058,1.0748560469388961,-3.1321398544732437,-0.010749371534240916,-0.0004860892303462543,0.0,0.0,0.0,-0.004944132491344179,0.1,0.0,1.0
1779289593.9734802,-0.35838321139885,1.0748559201443997,-3.1321436750805667,-0.010749371534240916,-0.0004860892303462543,0.0,0.0,0.0,-0.004945495487338714,0.1,0.0,1.0
1779289593.9840577,-0.3583896099617504,1.0748558626713263,-3.1321479141560586,-0.010749371534240916,-0.0004860892303462543,0.0,0.0,0.0,-0.004942739910266226,0.1,0.0,1.0
1779289593.9944873,-0.35839380486369876,1.0748558242902873,-3.132146464747626,-0.010749371534240916,-0.0004860892303462543,0.0,0.0,0.0,-0.004939596958881408,0.1,0.0,1.0
1779289594.0046349,-0.35839713242849924,1.0748557935604408,-3.1321413305346173,-0.010749371534240916,-0.0004860892303462543,0.0,0.0,0.0,-0.004940731537262107,0.1,0.0,1.0
1779289594.0146596,-0.3583991998443765,1.0748557746608096,-3.132137316558041,-0.010749371534240916,-0.0004860892303462543,0.0,0.0,0.0,-0.004944641641092212,0.1,0.0,1.0
1779289594.0248172,-0.35839988758510233,1.0748557686998301,-3.1321365497441005,-0.010749371534240916,-0.0004860892303462543,0.0,0.0,0.0,-0.004947693171706631,0.1,0.0,1.0
1779289594.0354035,-0.35839821970864544,1.0748557847850102,-3.1321433777213006,-0.010749371534240916,-0.0004860892303462543,0.0,0.0,0.0,-0.0049482784008555375,0.1,0.0,1.0
1779289594.0460224,-0.42269589028433624,1.0742323889269583,-3.132526909869668,-0.010749371534240916,-0.0004860892303462543,0.0,0.0,0.0,-0.00494310382654671,0.1,0.0,1.0
1779289594.0565581,-0.4548445664807167,1.0739206706943745,-3.132719245505404,-0.010749371534240916,-0.0004860892303462543,0.0,0.0,0.0,-0.005589223711853119,0.1,0.0,1.0
1779289594.067473,-0.4709191069379932,1.0737647988466432,-3.1328146875916163,-0.010749371534240916,-0.0004860892303462543,0.0,0.0,0.0,-0.005933630589034966,0.1,0.0,1.0
1779289594.0772183,-0.47895866949981525,1.0736868373929416,-3.132854191331359,-0.010749371534240916,-0.0004860892303462543,0.0,0.0,0.0,-0.006100666593184939,0.1,0.0,1.0
1779289594.0874388,-0.48297796255765557,1.0736478587849891,-3.132875693225032,-0.010749371534240916,-0.0004860892303462543,0.0,0.0,0.0,-0.006180766841586043,0.1,0.0,1.0
1779289594.0973964,-0.48498835868139445,1.0736283617672604,-3.1328837571274484,-0.010749371534240916,-0.0004860892303462543,0.0,0.0,0.0,-0.006220838633199113,0.1,0.0,1.0
1779289594.1079361,-0.4859909427317104,1.0736186355878603,-3.13289715928484,-0.010749371534240916,-0.0004860892303462543,0.0,0.0,0.0,-0.006243261129140182,0.1,0.0,1.0
1779289594.1185367,-0.4864926447907337,1.073613768172514,-3.1329023905272715,-0.010749371534240916,-0.0004860892303462543,0.0,0.0,0.0,-0.006259989572254794,0.1,0.0,1.0
1779289594.1287534,-0.48674413778734005,1.0736113285912903,-3.1329027049360865,-0.010749371534240916,-0.0004860892303462543,0.0,0.0,0.0,-0.0062629530093755974,0.1,0.0,1.0
1779289594.1389663,-0.4868709862693331,1.0736100992067548,-3.132898911955534,-0.010749371534240916,-0.0004860892303462543,0.0,0.0,0.0,-0.006266185935943373,0.1,0.0,1.0
1779289594.149108,-0.48693477186030654,1.0736094815798745,-3.1328957201720504,-0.010749371534240916,-0.0004860892303462543,0.0,0.0,0.0,-0.006270800251442237,0.1,0.0,1.0
1779289594.1592486,-0.48696612776055115,1.0736091776088885,-3.132896048847167,-0.010749371534240916,-0.0004860892303462543,0.0,0.0,0.0,-0.006274090017885608,0.1,0.0,1.0
1779289594.16931,-0.48698238232993585,1.0736090205906486,-3.132894146227479,-0.010749371534240916,-0.0004860892303462543,0.0,0.0,0.0,-0.0062742747772801906,0.1,0.0,1.0
1779289594.1797993,-0.4869882595184516,1.0736089617575466,-3.1329012606441338,-0.010749371534240916,-0.0004860892303462543,0.0,0.0,0.0,-0.006275935168724235,0.1,0.0,1.0
1779289594.1902974,-0.48699255764973376,1.0736089201231003,-3.1328999444265984,-0.010749371534240916,-0.0004860892303462543,0.0,0.0,0.0,-0.006270646661466252,0.1,0.0,1.0
1779289594.2003891,-0.4869939763313827,1.0736089057275113,-3.132901904463676,-0.010749371534240916,-0.0004860892303462543,0.0,0.0,0.0,-0.00627169990765172,0.1,0.0,1.0
1779289594.2104774,-0.4869960593069202,1.0736088864821685,-3.1328979605307303,-0.010749371534240916,-0.0004860892303462543,0.0,0.0,0.0,-0.00627024033808739,0.1,0.0,1.0
1779289594.2206962,-0.4869969303734786,1.073608878555874,-3.1328965994649547,-0.010749371534240916,-0.0004860892303462543,0.0,0.0,0.0,-0.006273245946083653,0.1,0.0,1.0
1779289594.2312677,-0.48699519269287245,1.073608893565873,-3.132903709064266,-0.010749371534240916,-0.0004860892303462543,0.0,0.0,0.0,-0.006274285011205033,0.1,0.0,1.0
1779289594.2418861,-0.4869943879178909,1.0736089001107192,-3.1329070342020056,-0.010749371534240916,-0.0004860892303462543,0.0,0.0,0.0,-0.006268894947252613,0.1,0.0,1.0
1779289594.2522655,-0.5470630544655033,1.0731356856145917,-3.1341872822366654,-0.010749371534240916,-0.0004860892303462543,0.0,0.0,0.0,-0.006266374731377698,0.1,0.0,1.0
1779289594.2626162,-0.5770961070663647,1.0728990176810433,-3.1348319948990824,-0.010749371534240916,-0.0004860892303462543,0.0,0.0,0.0,-0.006002546258310472,0.1,0.0,1.0
1779289594.272769,-0.5921133827271319,1.0727806424865745,-3.1351516641858703,-0.010749371534240916,-0.0004860892303462543,0.0,0.0,0.0,-0.00588281488281913,0.1,0.0,1.0
1779289594.283382,-0.5996205404256387,1.0727214467326522,-3.13531680401953,-0.010749371534240916,-0.0004860892303462543,0.0,0.0,0.0,-0.005811444774708242,0.1,0.0,1.0
1779289594.2938533,-0.6033742537622011,1.0726918386284952,-3.135398891646336,-0.010749371534240916,-0.0004860892303462543,0.0,0.0,0.0,-0.005791288213527935,0.1,0.0,1.0
1779289594.3040335,-0.6052530440346213,1.072677017946849,-3.1354330042631062,-0.010749371534240916,-0.0004860892303462543,0.0,0.0,0.0,-0.005782785681744792,0.1,0.0,1.0
1779289594.314608,-0.6061902454014095,1.0726696192513407,-3.135457924195504,-0.010749371534240916,-0.0004860892303462543,0.0,0.0,0.0,-0.005784106183026083,0.1,0.0,1.0
1779289594.3245914,-0.6066617522931645,1.0726659006554946,-3.135459966697181,-0.010749371534240916,-0.0004860892303462543,0.0,0.0,0.0,-0.0057339005035637,0.1,0.0,1.0
1779289594.3353167,-0.6068947827615658,1.072664057946575,-3.135470748579461,-0.010749371534240916,-0.0004860892303462543,0.0,0.0,0.0,-0.005738901388826688,0.1,0.0,1.0
1779289594.3458345,-0.6070113364340446,1.072663135744798,-3.135476001723451,-0.010749371534240916,-0.0004860892303462543,0.0,0.0,0.0,-0.005734004204823233,0.1,0.0,1.0
1779289594.3560176,-0.6070710228095304,1.0726626657241651,-3.1354735757332883,-0.010749371534240916,-0.0004860892303462543,0.0,0.0,0.0,-0.005731662139231488,0.1,0.0,1.0
1779289594.3663301,-0.6071014618495376,1.0726624272019274,-3.1354702268823855,-0.010749371534240916,-0.0004860892303462543,0.0,0.0,0.0,-0.005734323608154705,0.1,0.0,1.0
1779289594.3767087,-0.607115602431082,1.0726623147298548,-3.1354724199636044,-0.010749371534240916,-0.0004860892303462543,0.0,0.0,0.0,-0.0057372740169545685,0.1,0.0,1.0
1779289594.3872778,-0.6071231071160254,1.0726622557128245,-3.1354719593964213,-0.010749371534240916,-0.0004860892303462543,0.0,0.0,0.0,-0.005735815903088487,0.1,0.0,1.0
1779289594.398077,-0.6071252115770431,1.0726622363161118,-3.135477636017316,-0.010749371534240916,-0.0004860892303462543,0.0,0.0,0.0,-0.005736267920451252,0.1,0.0,1.0
1779289594.4085975,-0.6071264393575072,1.0726622252206246,-3.135479845054113,-0.010749371534240916,-0.0004860892303462543,0.0,0.0,0.0,-0.005732014178861416,0.1,0.0,1.0
1779289594.4189186,-0.607127210859295,1.0726622185838695,-3.1354803846041976,-0.010749371534240916,-0.0004860892303462543,0.0,0.0,0.0,-0.005730365019981544,0.1,0.0,1.0
1779289594.429234,-0.6071287806245322,1.0726622079978076,-3.135476410227027,-0.010749371534240916,-0.0004860892303462543,0.0,0.0,0.0,-0.005729969089467528,0.1,0.0,1.0
1779289594.4394794,-0.6071302343998087,1.072662198834166,-3.135472025368036,-0.010749371534240916,-0.0004860892303462543,0.0,0.0,0.0,-0.00573298986079821,0.1,0.0,1.0
1779289594.450877,-0.6710588548224019,1.072361087121327,-3.137244994587259,-0.010749371534240916,-0.0004860892303462543,0.0,0.0,0.0,-0.005736318273763462,0.1,0.0,1.0
1779289594.4605708,-0.703024103777361,1.0722104255525275,-3.1381281123531783,-0.010749371534240916,-0.0004860892303462543,0.0,0.0,0.0,-0.0027083064350889407,0.1,0.0,1.0
1779289594.470688,-0.7190073674875557,1.0721350427606167,-3.1385673792102136,-0.010749371534240916,-0.0004860892303462543,0.0,0.0,0.0,0.00014144783189013873,0.1,0.0,1.0
1779289594.480919,-0.7269998411555332,1.0720973243316578,-3.138783994881152,-0.010749371534240916,-0.0004860892303462543,0.0,0.0,0.0,0.00359020765572297,0.1,0.0,1.0
1779289594.4913988,-0.7309947965349426,1.0720784568238124,-3.1388968959549457,-0.010749371534240916,-0.0004860892303462543,0.0,0.0,0.0,0.007587687819141867,0.1,0.0,1.0
1779289594.502197,-0.7329912080655104,1.0720690196008822,-3.1389571680661295,-0.010749371534240916,-0.0004860892303462543,0.0,0.0,0.0,0.007721651984764109,0.1,0.0,1.0
1779289594.5125813,-0.7339900532504229,1.0720642958537057,-3.138985012095797,-0.010749371534240916,-0.0004860892303462543,0.0,0.0,0.0,0.007791784843058844,0.1,0.0,1.0
1779289594.5228,-0.7344913005816628,1.0720619276455996,-3.138992393339256,-0.010749371534240916,-0.0004860892303462543,0.0,0.0,0.0,0.00782519846889775,0.1,0.0,1.0
1779289594.5330837,-0.7347422599784299,1.0720607422641755,-3.138994880532544,-0.010749371534240916,-0.0004860892303462543,0.0,0.0,0.0,0.007837009993456311,0.1,0.0,1.0
1779289594.5432792,-0.7348665056684046,1.0720601526437186,-3.1390005474176954,-0.010749371534240916,-0.0004860892303462543,0.0,0.0,0.0,0.007842016189758038,0.1,0.0,1.0
1779289594.5534616,-0.7349299150588944,1.0720598541830697,-3.1389987692489925,-0.010749371534240916,-0.0004860892303462543,0.0,0.0,0.0,0.007847841644830666,0.1,0.0,1.0
1779289594.5636444,-0.7349612455795653,1.0720597060200396,-3.138999221390232,-0.010749371534240916,-0.0004860892303462543,0.0,0.0,0.0,0.007847291406292898,0.1,0.0,1.0
1779289594.574157,-0.7349747516460676,1.0720596375134956,-3.1390071870674294,-0.010749371534240916,-0.0004860892303462543,0.0,0.0,0.0,0.007848023611366951,0.1,0.0,1.0
1779289594.584428,-0.73498366771622,1.0720595972142652,-3.1390034165197354,-0.010749371534240916,-0.0004860892303462543,0.0,0.0,0.0,0.007854201227637784,0.1,0.0,1.0
1779289594.5950544,-0.7349857000225433,1.0720595835519524,-3.1390102262460378,-0.010749371534240916,-0.0004860892303462543,0.0,0.0,0.0,0.007851467502195106,0.1,0.0,1.0
1779289594.6056893,-0.7349870544697549,1.0720595754577074,-3.1390124184942714,-0.010749371534240916,-0.0004860892303462543,0.0,0.0,0.0,0.007856629855793506,0.1,0.0,1.0
1779289594.6157067,-0.73499032272565,1.0720595646004585,-3.1390042270904948,-0.010749371534240916,-0.0004860892303462543,0.0,0.0,0.0,0.007858299919825163,0.1,0.0,1.0
1779289594.6263468,-0.7349892979068956,1.0720595664988308,-3.1390096623581307,-0.010749371534240916,-0.0004860892303462543,0.0,0.0,0.0,0.007852160979195158,0.1,0.0,1.0
1779289594.6365342,-0.7349906320239024,1.0720595623690568,-3.1390057611355227,-0.010749371534240916,-0.0004860892303462543,0.0,0.0,0.0,0.007856248791755572,0.1,0.0,1.0
1779289594.6470509,-0.7976262153388959,1.0719389844828564,-3.1395307580522323,-0.010749371534240916,-0.0004860892303462543,0.0,0.0,0.0,0.007853322281026016,0.1,0.0,1.0
1779289594.6573665,-0.8289453652347745,1.0718786629803074,-3.139788387677963,-0.010749371534240916,-0.0004860892303462543,0.0,0.0,0.0,0.025664468088347495,0.1,0.0,1.0
1779289594.6677244,-0.844605657751961,1.071848486680829,-3.1399146302773655,-0.010749371534240916,-0.0004860892303462543,0.0,0.0,0.0,0.041030906176873015,0.1,0.0,1.0
1779289594.6776688,-0.8524362883764978,1.071833390824456,-3.13997601533298,-0.010749371534240916,-0.0004860892303462543,0.0,0.0,0.0,0.042432976822744106,0.1,0.0,1.0
1779289594.688347,-0.856348104116345,1.0718258452314358,-3.1400192519946533,-0.010749371534240916,-0.0004860892303462543,0.0,0.0,0.0,0.05058504507627137,0.1,0.0,1.0
1779289594.6987863,-0.8583051101621122,1.0718220682156183,-3.1400369339202454,-0.010749371534240916,-0.0004860892303462543,0.0,0.0,0.0,0.0510121544805316,0.1,0.0,1.0
1779289594.7089388,-0.8592856711494012,1.0718201755066206,-3.1400383981422912,-0.010749371534240916,-0.0004860892303462543,0.0,0.0,0.0,0.05122518330354417,0.1,0.0,1.0
1779289594.7191489,-0.8597756710111981,1.0718192295085438,-3.1400401361725074,-0.010749371534240916,-0.0004860892303462543,0.0,0.0,0.0,0.051326964368609285,0.1,0.0,1.0
1779289594.7294645,-0.860020011008898,1.0718187574389106,-3.140043370705353,-0.010749371534240916,-0.0004860892303462543,0.0,0.0,0.0,0.0513787289049002,0.1,0.0,1.0
1779289594.7397065,-0.8601422130430552,1.0718185211752447,-3.140044873140818,-0.010749371534240916,-0.0004860892303462543,0.0,0.0,0.0,0.05140635398574773,0.1,0.0,1.0
1779289594.7504482,-0.8602019890682002,1.0718184050110118,-3.1400503737669783,-0.010749371534240916,-0.0004860892303462543,0.0,0.0,0.0,0.05142009272944672,0.1,0.0,1.0
1779289594.7605894,-0.8602334647639078,1.071818344168353,-3.1400474330577737,-0.010749371534240916,-0.0004860892303462543,0.0,0.0,0.0,0.051430388793209936,0.1,0.0,1.0
1779289594.7708306,-0.8602495524406037,1.0718183133685315,-3.140044708749109,-0.010749371534240916,-0.0004860892303462543,0.0,0.0,0.0,0.05143143350828286,0.1,0.0,1.0
1779289594.7814412,-0.8602558330405725,1.0718183008472102,-3.140049666890712,-0.010749371534240916,-0.0004860892303462543,0.0,0.0,0.0,0.05143105212827141,0.1,0.0,1.0
1779289594.7913427,-0.8602611837955203,1.071818290895579,-3.140044222625402,-0.010749371534240916,-0.0004860892303462543,0.0,0.0,0.0,0.051435418821994754,0.1,0.0,1.0
1779289594.801642,-0.860263578541725,1.0718182866500114,-3.1400425064119406,-0.010749371534240916,-0.0004860892303462543,0.0,0.0,0.0,0.051431888815472476,0.1,0.0,1.0
1779289594.8118925,-0.8602633355950662,1.0718182868536363,-3.140046811105087,-0.010749371534240916,-0.0004860892303462543,0.0,0.0,0.0,0.05143084955889796,0.1,0.0,1.0
1779289594.8226812,-0.8602619634521127,1.0718182886475673,-3.140053446452266,-0.010749371534240916,-0.0004860892303462543,0.0,0.0,0.0,0.05143405260365333,0.1,0.0,1.0
1779289594.8328488,-0.8602641862112261,1.0718182846871143,-3.140046337474857,-0.010749371534240916,-0.0004860892303462543,0.0,0.0,0.0,0.05143888612427526,0.1,0.0,1.0
1779289594.8434243,-0.8602626386378,1.0718182872050495,-3.1400523139556773,-0.010749371534240916,-0.0004860892303462543,0.0,0.0,0.0,0.05143378444372462,0.1,0.0,1.0
1779289594.853902,-0.9221184219446835,1.071432168286841,-3.134084645941752,-0.010749371534240916,-0.0004860892303462543,0.0,0.0,0.0,0.05143810627486995,0.1,0.0,1.0
1779289594.8643732,-0.9530460460298,1.0712394475544524,-3.1311017765148383,-0.010749371534240916,-0.0004860892303462543,0.0,0.0,0.0,0.07979144371254553,0.1,0.0,1.0
1779289594.875006,-0.968509582821617,1.0711432591884458,-3.1296113339408596,-0.010749371534240916,-0.0004860892303462543,0.0,0.0,0.0,0.10153661301094102,0.1,0.0,1.0
1779289594.885648,-0.9762417532287593,1.0710952451026428,-3.1288646749702744,-0.010749371534240916,-0.0004860892303462543,0.0,0.0,0.0,0.11325232213844245,0.1,0.0,1.0
1779289594.8957982,-0.9801092650645719,1.0710712621404577,-3.128486233210726,-0.010749371534240916,-0.0004860892303462543,0.0,0.0,0.0,0.11450538018242983,0.1,0.0,1.0
1779289594.9061716,-0.9820434197409516,1.0710592863022175,-3.1282955838338324,-0.010749371534240916,-0.0004860892303462543,0.0,0.0,0.0,0.11514926027030441,0.1,0.0,1.0
1779289594.9164143,-0.9830096656456517,1.0710533198769192,-3.1282032401570588,-0.010749371534240916,-0.0004860892303462543,0.0,0.0,0.0,0.11547559452739659,0.1,0.0,1.0
1779289594.9264727,-0.983494290361891,1.0710503216877094,-3.128151685043355,-0.010749371534240916,-0.0004860892303462543,0.0,0.0,0.0,0.11564210120046363,0.1,0.0,1.0
1779289594.936677,-0.9837361248290775,1.071048831804763,-3.128127620764398,-0.010749371534240916,-0.0004860892303462543,0.0,0.0,0.0,0.11572212859831396,0.1,0.0,1.0
1779289594.9469528,-0.9838552174966277,1.0710481127454483,-3.128122129396295,-0.010749371534240916,-0.0004860892303462543,0.0,0.0,0.0,0.11576336838709596,0.1,0.0,1.0
1779289594.9575288,-0.9839145229485393,1.0710477567703962,-3.128120247241048,-0.010749371534240916,-0.0004860892303462543,0.0,0.0,0.0,0.1157883502961616,0.1,0.0,1.0
1779289594.96769,-0.9839466434763953,1.071047545640198,-3.1281104595864107,-0.010749371534240916,-0.0004860892303462543,0.0,0.0,0.0,0.11580141962736715,0.1,0.0,1.0
1779289594.9781988,-0.983960006593108,1.0710474769707934,-3.1281152345257666,-0.010749371534240916,-0.0004860892303462543,0.0,0.0,0.0,0.11580208762692162,0.1,0.0,1.0
1779289594.9885123,-0.9839681757470506,1.0710474223144706,-3.128112289245749,-0.010749371534240916,-0.0004860892303462543,0.0,0.0,0.0,0.11580883624139653,0.1,0.0,1.0
1779289594.998875,-0.9839722974841665,1.0710473946484047,-3.128110683401829,-0.010749371534240916,-0.0004860892303462543,0.0,0.0,0.0,0.11580867293415577,0.1,0.0,1.0
1779289595.0090854,-0.9839744416389737,1.0710473797812852,-3.128109581919378,-0.010749371534240916,-0.0004860892303462543,0.0,0.0,0.0,0.11580850318819638,0.1,0.0,1.0
1779289595.0196576,-0.9839739095189953,1.0710473940393925,-3.128114781912535,-0.010749371534240916,-0.0004860892303462543,0.0,0.0,0.0,0.11580822041275618,0.1,0.0,1.0
1779289595.0301814,-0.9839739112485104,1.0710473972633932,-3.1281164219223037,-0.010749371534240916,-0.0004860892303462543,0.0,0.0,0.0,0.11581189364580002,0.1,0.0,1.0
1779289595.0408068,-0.9839737673241473,1.0710474007339337,-3.1281177609631188,-0.010749371534240916,-0.0004860892303462543,0.0,0.0,0.0,0.11581309305905053,0.1,0.0,1.0
1779289595.0510333,-1.0451508454857519,1.0692069054634676,-3.1094339076540876,-0.010749371534240916,-0.0004860892303462543,0.0,0.0,0.0,0.11581403690996027,0.1,0.0,1.0
1779289595.061163,-1.0757395155459117,1.0682876795433467,-3.1000915951675525,-0.010749371534240916,-0.0004860892303462543,0.0,0.0,0.0,0.1476438808001415,0.1,0.0,1.0
1779289595.071191,-1.0910343687445792,1.067828557244476,-3.0954186475613383,-0.010749371534240916,-0.0004860892303462543,0.0,0.0,0.0,0.17131028996140063,0.1,0.0,1.0
1779289595.0814984,-1.0986815427668892,1.0675992616705807,-3.093083119965326,-0.010749371534240916,-0.0004860892303462543,0.0,0.0,0.0,0.18611168229983444,0.1,0.0,1.0
1779289595.0920453,-1.1025026873240757,1.0674848599915556,-3.0919241430322364,-0.010749371534240916,-0.0004860892303462543,0.0,0.0,0.0,0.18739263028953335,0.1,0.0,1.0
1779289595.102241,-1.104415058465905,1.067427635866359,-3.091338210252321,-0.010749371534240916,-0.0004860892303462543,0.0,0.0,0.0,0.18807117507726306,0.1,0.0,1.0
1779289595.1122594,-1.1053721376775139,1.067399011237832,-3.0910420423752507,-0.010749371534240916,-0.0004860892303462543,0.0,0.0,0.0,0.18841507412361483,0.1,0.0,1.0
1779289595.1227443,-1.1058488607945547,1.067384806929459,-3.0909004808351375,-0.010749371534240916,-0.0004860892303462543,0.0,0.0,0.0,0.18858729073786878,0.1,0.0,1.0
1779289595.1332254,-1.106088789204395,1.0673776332349045,-3.0908240779413707,-0.010749371534240916,-0.0004860892303462543,0.0,0.0,0.0,0.1989508986913839,0.1,0.0,1.0
1779289595.1435723,-1.1062063182109458,1.0673741742988783,-3.09079461742702,-0.010749371534240916,-0.0004860892303462543,0.0,0.0,0.0,0.19899373865525935,0.1,0.0,1.0
1779289595.1539688,-1.1062653937840405,1.0673724306966872,-3.090778771012932,-0.010749371534240916,-0.0004860892303462543,0.0,0.0,0.0,0.19902029913895947,0.1,0.0,1.0
1779289595.1643152,-1.1062967104978179,1.0673714693228464,-3.0907644632046156,-0.010749371534240916,-0.0004860892303462543,0.0,0.0,0.0,0.19903293766827315,0.1,0.0,1.0
1779289595.1749327,-1.106310588734516,1.0673710799807106,-3.0907636984949676,-0.010749371534240916,-0.0004860892303462543,0.0,0.0,0.0,0.1990355330725628,0.1,0.0,1.0
1779289595.1855652,-1.1063174369913995,1.0673708899754182,-3.0907636422600646,-0.010749371534240916,-0.0004860892303462543,0.0,0.0,0.0,0.19904056199664052,0.1,0.0,1.0
1779289595.195509,-1.106323421939699,1.0673706646998147,-3.090754423072725,-0.010749371534240916,-0.0004860892303462543,0.0,0.0,0.0,0.1990432669841746,0.1,0.0,1.0
1779289595.206236,-1.1063238190669749,1.0673706846190443,-3.0907591285663782,-0.010749371534240916,-0.0004860892303462543,0.0,0.0,0.0,0.19903925435089415,0.1,0.0,1.0
1779289595.216668,-1.1063243413987565,1.0673706778385421,-3.090760319223909,-0.010749371534240916,-0.0004860892303462543,0.0,0.0,0.0,0.19904268627798224,0.1,0.0,1.0
1779289595.2269914,-1.1063258580153512,1.0673706105084393,-3.090756408585877,-0.010749371534240916,-0.0004860892303462543,0.0,0.0,0.0,0.1990437235368571,0.1,0.0,1.0
1779289595.2376087,-1.1063257000196662,1.0673706236812568,-3.090757742025502,-0.010749371534240916,-0.0004860892303462543,0.0,0.0,0.0,0.19904161178828333,0.1,0.0,1.0
1779289595.2481456,-1.1705726834764683,1.0616951067158689,-3.050675384851986,-0.010749371534240916,-0.0004860892303462543,0.0,0.0,0.0,0.1990424759640073,0.1,0.0,1.0
1779289595.257868,-1.2026988323919687,1.058859389444211,-3.0306252218910643,-0.010749371534240916,-0.0004860892303462543,0.0,0.0,0.0,0.26060364087252014,0.1,0.0,1.0
1779289595.268357,-1.2187606053578106,1.0574427700599487,-3.020605229718668,-0.010749371534240916,-0.0004860892303462543,0.0,0.0,0.0,0.2734730176592386,0.1,0.0,1.0
1779289595.2784681,-1.2267923972106995,1.056734912127717,-3.0155921975019364,-0.010749371534240916,-0.0004860892303462543,0.0,0.0,0.0,0.2863504628165509,0.1,0.0,1.0
1779289595.2886903,-1.2308082125720847,1.0563812703535187,-3.01308609478502,-0.010749371534240916,-0.0004860892303462543,0.0,0.0,0.0,0.298475501256232,0.1,0.0,1.0
1779289595.2995224,-1.2328142809988223,1.0562048259390624,-3.011839754147755,-0.010749371534240916,-0.0004860892303462543,0.0,0.0,0.0,0.2989770272934911,0.1,0.0,1.0
1779289595.309304,-1.2338200015948524,1.0561163245925382,-3.011206905875971,-0.010749371534240916,-0.0004860892303462543,0.0,0.0,0.0,0.2992450899265964,0.1,0.0,1.0
1779289595.3200443,-1.2343203239672782,1.0560724412487734,-3.010899672809968,-0.010749371534240916,-0.0004860892303462543,0.0,0.0,0.0,0.299376744060096,0.1,0.0,1.0
1779289595.3303885,-1.23457057508401,1.0560505053160072,-3.0107457393435215,-0.010749371534240916,-0.0004860892303462543,0.0,0.0,0.0,0.2994483992920763,0.1,0.0,1.0
1779289595.3406754,-1.2346967677032261,1.0560394057101488,-3.010664918883344,-0.010749371534240916,-0.0004860892303462543,0.0,0.0,0.0,0.2994842756376071,0.1,0.0,1.0
1779289595.3513894,-1.2347585661907476,1.056034031330316,-3.010629202942823,-0.010749371534240916,-0.0004860892303462543,0.0,0.0,0.0,0.2995000399684404,0.1,0.0,1.0
1779289595.361525,-1.2347913218291113,1.056031101667669,-3.01060463425137,-0.010749371534240916,-0.0004860892303462543,0.0,0.0,0.0,0.2995106678991752,0.1,0.0,1.0
1779289595.3716347,-1.234808497665549,1.056029533065167,-3.010589465351975,-0.010749371534240916,-0.0004860892303462543,0.0,0.0,0.0,0.29951209057553546,0.1,0.0,1.0
1779289595.3822618,-1.2348144647632895,1.0560290949057092,-3.0105913567529425,-0.010749371534240916,-0.0004860892303462543,0.0,0.0,0.0,0.29951112946539804,0.1,0.0,1.0
1779289595.392832,-1.2348175156317254,1.056028866847911,-3.010592059011795,-0.010749371534240916,-0.0004860892303462543,0.0,0.0,0.0,0.29951615339181153,0.1,0.0,1.0
1779289595.4032753,-1.2348194031376494,1.0560287050740298,-3.0105911010682984,-0.010749371534240916,-0.0004860892303462543,0.0,0.0,0.0,0.29951852384801475,0.1,0.0,1.0
1779289595.4136562,-1.2348208372894833,1.0560285596284786,-3.010588849106557,-0.010749371534240916,-0.0004860892303462543,0.0,0.0,0.0,0.29951894879192664,0.1,0.0,1.0
1779289595.4242065,-1.2348209051845602,1.056028572567605,-3.01059007027047,-0.010749371534240916,-0.0004860892303462543,0.0,0.0,0.0,0.2995181316895185,0.1,0.0,1.0
1779289595.4353445,-1.2348215463957755,1.056028498956223,-3.010588485284507,-0.010749371534240916,-0.0004860892303462543,0.0,0.0,0.0,0.2995190864014314,0.1,0.0,1.0
1779289595.444671,-1.234822560675759,1.0560283708421974,-3.0105851848834,-0.010749371534240916,-0.0004860892303462543,0.0,0.0,0.0,0.29951828860230423,0.1,0.0,1.0
1779289595.455231,-1.294972125128373,1.0442963208499951,-2.945792959746596,-0.010749371534240916,-0.0004860892303462543,0.0,0.0,0.0,0.299516433371427,0.1,0.0,1.0
1779289595.4658074,-1.325047410117253,1.038433927834567,-2.9133971870778304,-0.010749371534240916,-0.0004860892303462543,0.0,0.0,0.0,0.3164887063488598,0.1,0.0,1.0
1779289595.4760373,-1.3400869314582455,1.0355041780080234,-2.8971938072304106,-0.010749371534240916,-0.0004860892303462543,0.0,0.0,0.0,0.33271589339208407,0.1,0.0,1.0
1779289595.4867013,-1.34760529223345,1.034040572252052,-2.8890980609570933,-0.010749371534240916,-0.0004860892303462543,0.0,0.0,0.0,0.33096561364608984,0.1,0.0,1.0
1779289595.4967852,-1.3513661179838077,1.0333088193781652,-2.8850445151711033,-0.010749371534240916,-0.0004860892303462543,0.0,0.0,0.0,0.34051753933325674,0.1,0.0,1.0
1779289595.5075397,-1.353245461714554,1.0329434546162304,-2.8830219129385073,-0.010749371534240916,-0.0004860892303462543,0.0,0.0,0.0,0.3402137909058334,0.1,0.0,1.0
1779289595.518092,-1.3541847810455026,1.0327609833396458,-2.8820120265396136,-0.010749371534240916,-0.0004860892303462543,0.0,0.0,0.0,0.3400759232665063,0.1,0.0,1.0
1779289595.528639,-1.3546540132456966,1.0326699205011094,-2.881508723126249,-0.010749371534240916,-0.0004860892303462543,0.0,0.0,0.0,0.34001117119842866,0.1,0.0,1.0
1779289595.5391855,-1.354889124642039,1.03262428706218,-2.881255261683666,-0.010749371534240916,-0.0004860892303462543,0.0,0.0,0.0,0.3399805568134975,0.1,0.0,1.0
1779289595.5494926,-1.3550085215921595,1.0326009947326273,-2.8811217145967003,-0.010749371534240916,-0.0004860892303462543,0.0,0.0,0.0,0.3399645423894693,0.1,0.0,1.0
1779289595.559961,-1.3550660055711437,1.0325899463595647,-2.8810631629498196,-0.010749371534240916,-0.0004860892303462543,0.0,0.0,0.0,0.33995302422998425,0.1,0.0,1.0
1779289595.5706596,-1.355095142163122,1.032584320435044,-2.881032426476592,-0.010749371534240916,-0.0004860892303462543,0.0,0.0,0.0,0.3399516073896933,0.1,0.0,1.0
1779289595.5806212,-1.355111287100084,1.03258108890899,-2.88101121104759,-0.010749371534240916,-0.0004860892303462543,0.0,0.0,0.0,0.3399501388978802,0.1,0.0,1.0
1779289595.5912585,-1.3551184337223559,1.0325797212259167,-2.881004039075356,-0.010749371534240916,-0.0004860892303462543,0.0,0.0,0.0,0.33994633561126303,0.1,0.0,1.0
1779289595.6013644,-1.355123575888343,1.0325786194618605,-2.8809946334562815,-0.010749371534240916,-0.0004860892303462543,0.0,0.0,0.0,0.3399462407770982,0.1,0.0,1.0
1779289595.6116257,-1.3551244830174074,1.0325785128223501,-2.880996103959053,-0.010749371534240916,-0.0004860892303462543,0.0,0.0,0.0,0.33994313633394757,0.1,0.0,1.0
1779289595.6227796,-1.3551217978263996,1.032579296399064,-2.881008483069593,-0.010749371534240916,-0.0004860892303462543,0.0,0.0,0.0,0.339944828190603,0.1,0.0,1.0
1779289595.63341,-1.3551229115581478,1.0325790324544983,-2.881005559640026,-0.010749371534240916,-0.0004860892303462543,0.0,0.0,0.0,0.3399517915728619,0.1,0.0,1.0
1779289595.6439395,-1.355123563805324,1.0325788752206146,-2.8810037442458913,-0.010749371534240916,-0.0004860892303462543,0.0,0.0,0.0,0.3399504845151855,0.1,0.0,1.0
1779289595.6546252,-1.4116232993432085,1.0121923882114183,-2.7949205252512637,-0.010749371534240916,-0.0004860892303462543,0.0,0.0,0.0,0.3399496453773139,0.1,0.0,1.0
1779289595.6648948,-1.439875062989894,1.0020036498890783,-2.7518772575949146,-0.010749371534240916,-0.0004860892303462543,0.0,0.0,0.0,0.3424343205548053,0.1,0.0,1.0
1779289595.6751013,-1.4540037279368585,0.9969107571704967,-2.73034821946656,-0.010749371534240916,-0.0004860892303462543,0.0,0.0,0.0,0.35096835432464746,0.1,0.0,1.0
1779289595.6855755,-1.461066220571201,0.9943663871939106,-2.7195926755900697,-0.010749371534240916,-0.0004860892303462543,0.0,0.0,0.0,0.3557663591823499,0.1,0.0,1.0
1779289595.6957111,-1.464600026189911,0.9930937222134879,-2.7142058182264175,-0.010749371534240916,-0.0004860892303462543,0.0,0.0,0.0,0.35356845564926215,0.1,0.0,1.0
1779289595.706267,-1.4663647823154764,0.9924586883734539,-2.711521318799895,-0.010749371534240916,-0.0004860892303462543,0.0,0.0,0.0,0.35251334729250927,0.1,0.0,1.0
1779289595.716424,-1.4672495286695728,0.9921402525817029,-2.710169979067989,-0.010749371534240916,-0.0004860892303462543,0.0,0.0,0.0,0.35200414229807675,0.1,0.0,1.0
1779289595.7269485,-1.4676894041824435,0.9919822650581235,-2.7095042857156777,-0.010749371534240916,-0.0004860892303462543,0.0,0.0,0.0,0.35174813938498994,0.1,0.0,1.0
1779289595.7371786,-1.4679113034328666,0.9919024085025435,-2.709163759145043,-0.010749371534240916,-0.0004860892303462543,0.0,0.0,0.0,0.3516260714838485,0.1,0.0,1.0
1779289595.7474148,-1.468022328358487,0.9918624660258896,-2.7089932294519024,-0.010749371534240916,-0.0004860892303462543,0.0,0.0,0.0,0.35156136937013394,0.1,0.0,1.0
1779289595.757953,-1.4680760798880885,0.9918433182168553,-2.7089149325478714,-0.010749371534240916,-0.0004860892303462543,0.0,0.0,0.0,0.3515289551217625,0.1,0.0,1.0
1779289595.7680168,-1.4681050899099448,0.9918327634601314,-2.708867364690006,-0.010749371534240916,-0.0004860892303462543,0.0,0.0,0.0,0.35151631828674235,0.1,0.0,1.0
1779289595.7781196,-1.4681195599419596,0.991827505086242,-2.7088437231514613,-0.010749371534240916,-0.0004860892303462543,0.0,0.0,0.0,0.35150572355895365,0.1,0.0,1.0
1779289595.788067,-1.468126931602955,0.9918248141917938,-2.708831364973305,-0.010749371534240916,-0.0004860892303462543,0.0,0.0,0.0,0.3515005028042118,0.1,0.0,1.0
1779289595.7983267,-1.4681300093128078,0.9918237504145877,-2.7088275881478707,-0.010749371534240916,-0.0004860892303462543,0.0,0.0,0.0,0.3514976207706761,0.1,0.0,1.0
1779289595.8088439,-1.4681298952197783,0.9918239823699182,-2.7088322267268135,-0.010749371534240916,-0.0004860892303462543,0.0,0.0,0.0,0.3514974033248924,0.1,0.0,1.0
1779289595.8191886,-1.4681310420705302,0.9918235418978295,-2.708829792014619,-0.010749371534240916,-0.0004860892303462543,0.0,0.0,0.0,0.3515006168455733,0.1,0.0,1.0
1779289595.8295965,-1.4681311444195841,0.9918235394331099,-2.708830434920043,-0.010749371534240916,-0.0004860892303462543,0.0,0.0,0.0,0.3514998036868895,0.1,0.0,1.0
1779289595.8400304,-1.4681305243599014,0.9918238482502038,-2.7088334066712685,-0.010749371534240916,-0.0004860892303462543,0.0,0.0,0.0,0.3515003440743249,0.1,0.0,1.0
1779289595.8503582,-1.5208231243778565,0.9606041684481317,-2.6082157182171475,-0.010749371534240916,-0.0004860892303462543,0.0,0.0,0.0,0.35150196310401255,0.1,0.0,1.0
1779289595.8604739,-1.5471719706503029,0.9449991775307345,-2.5579068648036105,-0.010749371534240916,-0.0004860892303462543,0.0,0.0,0.0,0.34322731419981994,0.1,0.0,1.0
1779289595.8707058,-1.5603472327306003,0.9371994096902307,-2.5327550700224024,-0.010749371534240916,-0.0004860892303462543,0.0,0.0,0.0,0.3463594424260609,0.1,0.0,1.0
1779289595.880695,-1.566936297062921,0.9333002184575876,-2.52017631563756,-0.010749371534240916,-0.0004860892303462543,0.0,0.0,0.0,0.34847159872934874,0.1,0.0,1.0
1779289595.8910878,-1.5702301092389939,0.9313519798553096,-2.513891853210147,-0.010749371534240916,-0.0004860892303462543,0.0,0.0,0.0,0.34506051200881027,0.1,0.0,1.0
1779289595.9015226,-1.5718765657933775,0.9303786197025912,-2.5107525203298238,-0.010749371534240916,-0.0004860892303462543,0.0,0.0,0.0,0.3434052805881829,0.1,0.0,1.0
1779289595.9118161,-1.5727013069471059,0.9298910545410197,-2.5091766024923015,-0.010749371534240916,-0.0004860892303462543,0.0,0.0,0.0,0.34259210873116674,0.1,0.0,1.0
1779289595.922406,-1.5731126484298117,0.9296481332224124,-2.50839344350759,-0.010749371534240916,-0.0004860892303462543,0.0,0.0,0.0,0.34218541759956833,0.1,0.0,1.0
1779289595.932579,-1.573318770784078,0.9295263956324984,-2.5079999716010444,-0.010749371534240916,-0.0004860892303462543,0.0,0.0,0.0,0.34198543966903716,0.1,0.0,1.0
1779289595.9432125,-1.5734211963783986,0.9294660209214265,-2.5078061202014394,-0.010749371534240916,-0.0004860892303462543,0.0,0.0,0.0,0.34188470315405384,0.1,0.0,1.0
1779289595.9539108,-1.5734716247128935,0.9294364236699058,-2.5077127129221943,-0.010749371534240916,-0.0004860892303462543,0.0,0.0,0.0,0.34183592152213116,0.1,0.0,1.0
1779289595.9642055,-1.5734985188200605,0.9294203968208123,-2.5076585498635318,-0.010749371534240916,-0.0004860892303462543,0.0,0.0,0.0,0.3418134001244258,0.1,0.0,1.0
1779289595.9744291,-1.5735118767936231,0.9294124526045595,-2.5076318725391733,-0.010749371534240916,-0.0004860892303462543,0.0,0.0,0.0,0.34179824098695305,0.1,0.0,1.0
1779289595.9846475,-1.5735194053127897,0.9294078577575562,-2.5076147582350905,-0.010749371534240916,-0.0004860892303462543,0.0,0.0,0.0,0.34179087792107227,0.1,0.0,1.0
1779289595.9951599,-1.5735215760746208,0.9294067330691698,-2.507613293043023,-0.010749371534240916,-0.0004860892303462543,0.0,0.0,0.0,0.3417852201789533,0.1,0.0,1.0
1779289596.0057616,-1.5735222268580855,0.9294064903554293,-2.5076144942003245,-0.010749371534240916,-0.0004860892303462543,0.0,0.0,0.0,0.3417861086484383,0.1,0.0,1.0
1779289596.016479,-1.573522422125012,0.929406464584769,-2.507615673527004,-0.010749371534240916,-0.0004860892303462543,0.0,0.0,0.0,0.34178756624650997,0.1,0.0,1.0
1779289596.027011,-1.5735227292990512,0.9294062975566961,-2.5076153307629636,-0.010749371534240916,-0.0004860892303462543,0.0,0.0,0.0,0.34178859820631996,0.1,0.0,1.0
1779289596.037152,-1.5735247433108137,0.9294048462375797,-2.5076068823654816,-0.010749371534240916,-0.0004860892303462543,0.0,0.0,0.0,0.3417886255255299,0.1,0.0,1.0
1779289596.0474906,-1.6173149152347994,0.8895079082283133,-2.406109190526208,-0.010749371534240916,-0.0004860892303462543,0.0,0.0,0.0,0.34178430222716755,0.1,0.0,1.0
1779289596.057745,-1.6392130996355294,0.8695642031405046,-2.355362544767729,-0.010749371534240916,-0.0004860892303462543,0.0,0.0,0.0,0.3288461264588415,0.1,0.0,1.0
1779289596.0681977,-1.6501644750954232,0.859594083685462,-2.3299875775091694,-0.010749371534240916,-0.0004860892303462543,0.0,0.0,0.0,0.32954564546123605,0.1,0.0,1.0
1779289596.0783358,-1.6556417486230344,0.8546093998480164,-2.317297094495263,-0.010749371534240916,-0.0004860892303462543,0.0,0.0,0.0,0.32108705281397487,0.1,0.0,1.0
1779289596.0884585,-1.6583804881758701,0.8521179689969705,-2.310953984250893,-0.010749371534240916,-0.0004860892303462543,0.0,0.0,0.0,0.3263799039078735,0.1,0.0,1.0
1779289596.0988743,-1.6597495890070337,0.8508730680818617,-2.307785231004086,-0.010749371534240916,-0.0004860892303462543,0.0,0.0,0.0,0.3243830297355351,0.1,0.0,1.0
1779289596.109063,-1.6604354704567248,0.8502494154469833,-2.306194455999696,-0.010749371534240916,-0.0004860892303462543,0.0,0.0,0.0,0.3233968704830764,0.1,0.0,1.0
1779289596.1195357,-1.6607771443862527,0.8499391181198936,-2.3054061788304283,-0.010749371534240916,-0.0004860892303462543,0.0,0.0,0.0,0.32290377463638203,0.1,0.0,1.0
1779289596.1298275,-1.660949130875033,0.8497827629869776,-2.3050060690359713,-0.010749371534240916,-0.0004860892303462543,0.0,0.0,0.0,0.3226619017943502,0.1,0.0,1.0
1779289596.1400106,-1.6610348123682035,0.849704963451378,-2.3048077687557833,-0.010749371534240916,-0.0004860892303462543,0.0,0.0,0.0,0.32253788729093313,0.1,0.0,1.0
1779289596.1505647,-1.6610768037178247,0.8496670215010839,-2.304713207260776,-0.010749371534240916,-0.0004860892303462543,0.0,0.0,0.0,0.32247691884602253,0.1,0.0,1.0
1779289596.1604748,-1.6610992083505791,0.8496464964412354,-2.304658407382134,-0.010749371534240916,-0.0004860892303462543,0.0,0.0,0.0,0.3224489941200541,0.1,0.0,1.0
1779289596.170926,-1.6611100343986116,0.8496366555492799,-2.304633033060915,-0.010749371534240916,-0.0004860892303462543,0.0,0.0,0.0,0.32243088788031915,0.1,0.0,1.0
1779289596.1812015,-1.6611149635726776,0.8496322736890085,-2.304622941079959,-0.010749371534240916,-0.0004860892303462543,0.0,0.0,0.0,0.3224229584488119,0.1,0.0,1.0
1779289596.1912487,-1.6611183631462727,0.8496290468332584,-2.304612893052945,-0.010749371534240916,-0.0004860892303462543,0.0,0.0,0.0,0.32242042944102206,0.1,0.0,1.0
1779289596.201508,-1.6611197106246958,0.8496278248843957,-2.3046097568603896,-0.010749371534240916,-0.0004860892303462543,0.0,0.0,0.0,0.3224164024423626,0.1,0.0,1.0
1779289596.2119107,-1.661119479112935,0.8496282179833093,-2.3046130346305445,-0.010749371534240916,-0.0004860892303462543,0.0,0.0,0.0,0.32241543259842625,0.1,0.0,1.0
1779289596.2218463,-1.6611205844131298,0.8496270602593344,-2.3046081373374854,-0.010749371534240916,-0.0004860892303462543,0.0,0.0,0.0,0.3224176249548489,0.1,0.0,1.0
1779289596.232359,-1.6611195050077787,0.8496282915579265,-2.30461442503025,-0.010749371534240916,-0.0004860892303462543,0.0,0.0,0.0,0.32241511005667606,0.1,0.0,1.0
1779289596.2429047,-1.6611189616077757,0.8496289107750689,-2.304617587249586,-0.010749371534240916,-0.0004860892303462543,0.0,0.0,0.0,0.32241867925911216,0.1,0.0,1.0
1779289596.2534108,-1.6961068105221409,0.801605133016273,-2.2045976712115936,-0.010749371534240916,-0.0004860892303462543,0.0,0.0,0.0,0.32242047352020836,0.1,0.0,1.0
1779289596.2636232,-1.713605220079439,0.7775965279443795,-2.1545866797139737,-0.010749371534240916,-0.0004860892303462543,0.0,0.0,0.0,0.30728261010654484,0.1,0.0,1.0
1779289596.2737064,-1.722357147991659,0.7655931259298394,-2.129578248885874,-0.010749371534240916,-0.0004860892303462543,0.0,0.0,0.0,0.29739483338318345,0.1,0.0,1.0
1779289596.2840793,-1.726733976457922,0.7595926157904838,-2.117075948852206,-0.010749371534240916,-0.0004860892303462543,0.0,0.0,0.0,0.2979831118836676,0.1,0.0,1.0
1779289596.294529,-1.7289225922338418,0.7565933551151797,-2.110827453727124,-0.010749371534240916,-0.0004860892303462543,0.0,0.0,0.0,0.30330404885202267,0.1,0.0,1.0
1779289596.3048978,-1.7300173727442534,0.755093614946439,-2.107701993549665,-0.010749371534240916,-0.0004860892303462543,0.0,0.0,0.0,0.3011311996815079,0.1,0.0,1.0
1779289596.3152575,-1.7305642931936644,0.7543448732750595,-2.1061435994779143,-0.010749371534240916,-0.0004860892303462543,0.0,0.0,0.0,0.3000539902258717,0.1,0.0,1.0
1779289596.3259263,-1.7308376372031653,0.7539708716114741,-2.1053657528541065,-0.010749371534240916,-0.0004860892303462543,0.0,0.0,0.0,0.29952057008810323,0.1,0.0,1.0
1779289596.336382,-1.7309747201840198,0.7537832638030667,-2.104974206803119,-0.010749371534240916,-0.0004860892303462543,0.0,0.0,0.0,0.2992553821576071,0.1,0.0,1.0
1779289596.3470452,-1.7310429707653667,0.7536899950171024,-2.1047806155658297,-0.010749371534240916,-0.0004860892303462543,0.0,0.0,0.0,0.29912147039948617,0.1,0.0,1.0
1779289596.3575792,-1.7310774564328777,0.7536427728059916,-2.1046813487849665,-0.010749371534240916,-0.0004860892303462543,0.0,0.0,0.0,0.2990558599633225,0.1,0.0,1.0
1779289596.3683798,-1.7310940787174482,0.7536202224137222,-2.1046361203100883,-0.010749371534240916,-0.0004860892303462543,0.0,0.0,0.0,0.29902163466210807,0.1,0.0,1.0
1779289596.3783689,-1.7311037333522452,0.7536066794088954,-2.1046040577814145,-0.010749371534240916,-0.0004860892303462543,0.0,0.0,0.0,0.29900710868206615,0.1,0.0,1.0
1779289596.3888867,-1.7311076252481779,0.7536014940250122,-2.1045946270005507,-0.010749371534240916,-0.0004860892303462543,0.0,0.0,0.0,0.2989943236597954,0.1,0.0,1.0
1779289596.3991706,-1.731110547045297,0.7535972512868209,-2.1045830401255845,-0.010749371534240916,-0.0004860892303462543,0.0,0.0,0.0,0.29899179449429486,0.1,0.0,1.0
1779289596.4096508,-1.7311111165748287,0.7535966393657166,-2.10458353023813,-0.010749371534240916,-0.0004860892303462543,0.0,0.0,0.0,0.2989865114673653,0.1,0.0,1.0
1779289596.4198616,-1.7311122221656015,0.7535949445110925,-2.1045779924073518,-0.010749371534240916,-0.0004860892303462543,0.0,0.0,0.0,0.29898754623491614,0.1,0.0,1.0
1779289596.430544,-1.7311117672625767,0.7535958027313743,-2.1045823246384128,-0.010749371534240916,-0.0004860892303462543,0.0,0.0,0.0,0.29898468105746123,0.1,0.0,1.0
1779289596.4408176,-1.7311123910902624,0.7535947909864962,-2.1045784919846913,-0.010749371534240916,-0.0004860892303462543,0.0,0.0,0.0,0.2989874025133523,0.1,0.0,1.0
1779289596.4512877,-1.7568579621648288,0.6975687617962258,-2.0059792371624683,-0.010749371534240916,-0.0004860892303462543,0.0,0.0,0.0,0.2989852540948371,0.1,0.0,1.0
1779289596.4620607,-1.7697355578975316,0.6695586332585536,-1.9566807350947466,-0.010749371534240916,-0.0004860892303462543,0.0,0.0,0.0,0.28297153489177523,0.1,0.0,1.0
1779289596.4724228,-1.7761771922152612,0.6555540477550623,-1.9320289991189519,-0.010749371534240916,-0.0004860892303462543,0.0,0.0,0.0,0.2727088978210552,0.1,0.0,1.0
1779289596.483081,-1.7793990503964712,0.6485529254825296,-1.9197056757850866,-0.010749371534240916,-0.0004860892303462543,0.0,0.0,0.0,0.2734881059574141,0.1,0.0,1.0
1779289596.4934711,-1.7810107625160878,0.645052266553849,-1.9135427096384696,-0.010749371534240916,-0.0004860892303462543,0.0,0.0,0.0,0.2792265972305494,0.1,0.0,1.0
1779289596.5037115,-1.78181756882401,0.6433003126573804,-1.9104545939290196,-0.010749371534240916,-0.0004860892303462543,0.0,0.0,0.0,0.276974413571085,0.1,0.0,1.0
1779289596.514111,-1.7822206144033412,0.64242585547082,-1.9089160984859064,-0.010749371534240916,-0.0004860892303462543,0.0,0.0,0.0,0.275855046535188,0.1,0.0,1.0
1779289596.5244956,-1.782422419145125,0.6419880863138036,-1.9081446873490986,-0.010749371534240916,-0.0004860892303462543,0.0,0.0,0.0,0.275301654797523,0.1,0.0,1.0
1779289596.534704,-1.7825236958745614,0.6417682643423586,-1.9077553669021328,-0.010749371534240916,-0.0004860892303462543,0.0,0.0,0.0,0.2750244203056834,0.1,0.0,1.0
1779289596.5456626,-1.7825732765469213,0.6416614370248462,-1.907572391876949,-0.010749371534240916,-0.0004860892303462543,0.0,0.0,0.0,0.2748839597758975,0.1,0.0,1.0
1779289596.5558755,-1.7825992252706762,0.6416047468696364,-1.9074684475020194,-0.010749371534240916,-0.0004860892303462543,0.0,0.0,0.0,0.27482102185810187,0.1,0.0,1.0
1779289596.5660913,-1.7826121567223976,0.6415765415453469,-1.9074169989437235,-0.010749371534240916,-0.0004860892303462543,0.0,0.0,0.0,0.27478191910021305,0.1,0.0,1.0
1779289596.576329,-1.7826179830264284,0.6415642746335265,-1.907398242607115,-0.010749371534240916,-0.0004860892303462543,0.0,0.0,0.0,0.2747627007728087,0.1,0.0,1.0
1779289596.586485,-1.782621634449056,0.6415560345540008,-1.9073808630176483,-0.010749371534240916,-0.0004860892303462543,0.0,0.0,0.0,0.2747573814779347,0.1,0.0,1.0
1779289596.5975711,-1.7826218308470305,0.6415565739044977,-1.9073898663769435,-0.010749371534240916,-0.0004860892303462543,0.0,0.0,0.0,0.2747498029081644,0.1,0.0,1.0
1779289596.6079948,-1.7826227728678683,0.6415544304149039,-1.9073852045461324,-0.010749371534240916,-0.0004860892303462543,0.0,0.0,0.0,0.2747568959484365,0.1,0.0,1.0
1779289596.6182463,-1.7826239322761146,0.6415513920779317,-1.90737540502521,-0.010749371534240916,-0.0004860892303462543,0.0,0.0,0.0,0.27475480637699495,0.1,0.0,1.0
1779289596.628639,-1.7826243939888906,0.6415502117531291,-1.90737179137148,-0.010749371534240916,-0.0004860892303462543,0.0,0.0,0.0,0.2747491689866977,0.1,0.0,1.0
1779289596.6390958,-1.7826239656887521,0.641551506097426,-1.9073771408099256,-0.010749371534240916,-0.0004860892303462543,0.0,0.0,0.0,0.2747471420078335,0.1,0.0,1.0
1779289596.6494865,-1.797448844491087,0.5806581504832468,-1.8141865735171654,-0.010749371534240916,-0.0004860892303462543,0.0,0.0,0.0,0.27475052977808073,0.1,0.0,1.0
1779289596.6596053,-1.8048668275912583,0.5502109001096712,-1.7675836329424974,-0.010749371534240916,-0.0004860892303462543,0.0,0.0,0.0,0.26147569979929125,0.1,0.0,1.0
1779289596.6698437,-1.808578110203078,0.5349886971932291,-1.7442853457693226,-0.010749371534240916,-0.0004860892303462543,0.0,0.0,0.0,0.2635364094397227,0.1,0.0,1.0
1779289596.6800094,-1.8104350992523004,0.5273773397340829,-1.7326344108197884,-0.010749371534240916,-0.0004860892303462543,0.0,0.0,0.0,0.25440153242328634,0.1,0.0,1.0
1779289596.6904216,-1.8113640478199178,0.5235728269401833,-1.7268127924787378,-0.010749371534240916,-0.0004860892303462543,0.0,0.0,0.0,0.2610162035696166,0.1,0.0,1.0
1779289596.7008073,-1.8118287373245971,0.5216712876680372,-1.7239043993515715,-0.010749371534240916,-0.0004860892303462543,0.0,0.0,0.0,0.25888671000156305,0.1,0.0,1.0
1779289596.7109535,-1.8120615638891548,0.5207184701020386,-1.72244268365685,-0.010749371534240916,-0.0004860892303462543,0.0,0.0,0.0,0.25783624110982606,0.1,0.0,1.0
1779289596.721143,-1.8121780657924655,0.5202420062166961,-1.7217115823678582,-0.010749371534240916,-0.0004860892303462543,0.0,0.0,0.0,0.2573092942620644,0.1,0.0,1.0
1779289596.732005,-1.812235963845793,0.5200063583028083,-1.7213553789633538,-0.010749371534240916,-0.0004860892303462543,0.0,0.0,0.0,0.25704649798418894,0.1,0.0,1.0
1779289596.7421815,-1.8122649703468228,0.5198882903317947,-1.7211763815796284,-0.010749371534240916,-0.0004860892303462543,0.0,0.0,0.0,0.2569212757918455,0.1,0.0,1.0
1779289596.7523475,-1.8122797617734636,0.5198274220335775,-1.7210802272854324,-0.010749371534240916,-0.0004860892303462543,0.0,0.0,0.0,0.25685817122105076,0.1,0.0,1.0
1779289596.7629166,-1.8122868645440495,0.5197989575610256,-1.7210392880306917,-0.010749371534240916,-0.0004860892303462543,0.0,0.0,0.0,0.2568224172820051,0.1,0.0,1.0
1779289596.773375,-1.8122904111262468,0.5197847725506122,-1.7210189883531395,-0.010749371534240916,-0.0004860892303462543,0.0,0.0,0.0,0.2568090862575054,0.1,0.0,1.0
1779289596.7841716,-1.8122921512276826,0.5197779070094934,-1.7210096607040235,-0.010749371534240916,-0.0004860892303462543,0.0,0.0,0.0,0.25680253296981975,0.1,0.0,1.0
1779289596.7942479,-1.8122933278589453,0.519772452194329,-1.7209976660710986,-0.010749371534240916,-0.0004860892303462543,0.0,0.0,0.0,0.2567997806543797,0.1,0.0,1.0
1779289596.80463,-1.8122937446351244,0.5197708626488894,-1.720995793482652,-0.010749371534240916,-0.0004860892303462543,0.0,0.0,0.0,0.25679374760600293,0.1,0.0,1.0
1779289596.8150623,-1.812293987066107,0.5197698436332805,-1.7209940441852452,-0.010749371534240916,-0.0004860892303462543,0.0,0.0,0.0,0.25679335284382293,0.1,0.0,1.0
1779289596.825209,-1.8122943392382318,0.5197678086744507,-1.7209876392775982,-0.010749371534240916,-0.0004860892303462543,0.0,0.0,0.0,0.2567926390666976,0.1,0.0,1.0
1779289596.8355544,-1.8122942871185184,0.5197683015101744,-1.7209899119638583,-0.010749371534240916,-0.0004860892303462543,0.0,0.0,0.0,0.25678876854546684,0.1,0.0,1.0
1779289596.8460329,-1.8161055179763386,0.45977118244908194,-1.6381396494080644,-0.010749371534240916,-0.0004860892303462543,0.0,0.0,0.0,0.25679031259867136,0.1,0.0,1.0
1779289596.8565407,-1.8180156946145776,0.42977397103813936,-1.5967175496674622,-0.010749371534240916,-0.0004860892303462543,0.0,0.0,0.0,0.25091628584211983,0.1,0.0,1.0
1779289596.8676374,-1.8189731351609657,0.4147756046389304,-1.5760069637142318,-0.010749371534240916,-0.0004860892303462543,0.0,0.0,0.0,0.25674676668788465,0.1,0.0,1.0
1779289596.8778493,-1.819453037988887,0.40727626556281404,-1.5656510460572044,-0.010749371534240916,-0.0004860892303462543,0.0,0.0,0.0,0.2603750858597788,0.1,0.0,1.0
1779289596.8881676,-1.8196935761300277,0.4035261283300944,-1.560471410696702,-0.010749371534240916,-0.0004860892303462543,0.0,0.0,0.0,0.25667289120474235,0.1,0.0,1.0
1779289596.8990085,-1.8198141479241454,0.40165207356906424,-1.5578852354544426,-0.010749371534240916,-0.0004860892303462543,0.0,0.0,0.0,0.25486041436115775,0.1,0.0,1.0
1779289596.9096525,-1.8198745751904775,0.40071448965206097,-1.5565901589611182,-0.010749371534240916,-0.0004860892303462543,0.0,0.0,0.0,0.25396649468034127,0.1,0.0,1.0
1779289596.9199722,-1.8199048596988558,0.40024550065653175,-1.5559419179489924,-0.010749371534240916,-0.0004860892303462543,0.0,0.0,0.0,0.25352114431109796,0.1,0.0,1.0
1779289596.9301543,-1.8199200127711537,0.4000092605166259,-1.5556115414523306,-0.010749371534240916,-0.0004860892303462543,0.0,0.0,0.0,0.25329880131983606,0.1,0.0,1.0
1779289596.9404666,-1.819927597397018,0.3998904777537399,-1.5554439784997853,-0.010749371534240916,-0.0004860892303462543,0.0,0.0,0.0,0.2531838568971807,0.1,0.0,1.0
1779289596.9506087,-1.8199314110006797,0.3998318806232727,-1.5553630448312743,-0.010749371534240916,-0.0004860892303462543,0.0,0.0,0.0,0.25312493710755596,0.1,0.0,1.0
1779289596.961251,-1.8199333498662762,0.3998043706456156,-1.5553289901577207,-0.010749371534240916,-0.0004860892303462543,0.0,0.0,0.0,0.25309732128854995,0.1,0.0,1.0
1779289596.9716933,-1.819934317786676,0.3997903926856005,-1.5553111635974755,-0.010749371534240916,-0.0004860892303462543,0.0,0.0,0.0,0.25308762023237386,0.1,0.0,1.0
1779289596.981779,-1.8199347663061622,0.3997810499945708,-1.5552938125385496,-0.010749371534240916,-0.0004860892303462543,0.0,0.0,0.0,0.25308226249767646,0.1,0.0,1.0
1779289596.9921982,-1.8199350204105607,0.39977824288371794,-1.5552918201708497,-0.010749371534240916,-0.0004860892303462543,0.0,0.0,0.0,0.2530741932263654,0.1,0.0,1.0
1779289597.002504,-1.8199351247672255,0.39977536842753403,-1.5552855509494024,-0.010749371534240916,-0.0004860892303462543,0.0,0.0,0.0,0.2530744309046745,0.1,0.0,1.0
1779289597.0126755,-1.8199351885574884,0.39977465767467085,-1.5552850207048092,-0.010749371534240916,-0.0004860892303462543,0.0,0.0,0.0,0.2530711801995436,0.1,0.0,1.0
1779289597.0227807,-1.8199351998708133,0.3997729736199733,-1.5552799923943694,-0.010749371534240916,-0.0004860892303462543,0.0,0.0,0.0,0.25307121968423124,0.1,0.0,1.0
1779289597.0329351,-1.819935214607178,0.3997726991913225,-1.5552795130437276,-0.010749371534240916,-0.0004860892303462543,0.0,0.0,0.0,0.2530681955521708,0.1,0.0,1.0
1779289597.043384,-1.8199352490422056,0.3997743045047175,-1.5552855201725289,-0.010749371534240916,-0.0004860892303462543,0.0,0.0,0.0,0.2530679842417047,0.1,0.0,1.0
1779289597.054104,-1.8136261196179757,0.3373125408187266,-1.473151280562088,-0.010749371534240916,-0.0004860892303462543,0.0,0.0,0.0,0.25307187066341796,0.1,0.0,1.0
1779289597.0642076,-1.8104760386940617,0.306079690457144,-1.432078019597227,-0.010749371534240916,-0.0004860892303462543,0.0,0.0,0.0,0.25013966956597733,0.1,0.0,1.0
1779289597.0742903,-1.8089031277936196,0.2904621802735936,-1.4115384264760766,-0.010749371534240916,-0.0004860892303462543,0.0,0.0,0.0,0.25789587612762144,0.1,0.0,1.0
1779289597.084484,-1.8081178299641059,0.2826536142217567,-1.4012699160222326,-0.010749371534240916,-0.0004860892303462543,0.0,0.0,0.0,0.2623710067474204,0.1,0.0,1.0
1779289597.0945017,-1.80772565992195,0.27874880882428554,-1.3961340945010416,-0.010749371534240916,-0.0004860892303462543,0.0,0.0,0.0,0.25902796448949494,0.1,0.0,1.0
1779289597.104775,-1.8075300101546974,0.27679727343164734,-1.393569513838232,-0.010749371534240916,-0.0004860892303462543,0.0,0.0,0.0,0.2574022358752921,0.1,0.0,1.0
1779289597.1150455,-1.807432178762418,0.27582066871539945,-1.3922842654613456,-0.010749371534240916,-0.0004860892303462543,0.0,0.0,0.0,0.2673670271874568,0.1,0.0,1.0
1779289597.1249907,-1.8073833157217343,0.27533226575382735,-1.3916413197462199,-0.010749371534240916,-0.0004860892303462543,0.0,0.0,0.0,0.26697167653056936,0.1,0.0,1.0
1779289597.1357796,-1.8073594045993482,0.2750907425711496,-1.3913296258930512,-0.010749371534240916,-0.0004860892303462543,0.0,0.0,0.0,0.2667746346797012,0.1,0.0,1.0
1779289597.1460593,-1.8073474289620903,0.2749697710407317,-1.3911730256753814,-0.010749371534240916,-0.0004860892303462543,0.0,0.0,0.0,0.26668246256538897,0.1,0.0,1.0
1779289597.156654,-1.8073414686444644,0.27490938707765045,-1.3910951022120892,-0.010749371534240916,-0.0004860892303462543,0.0,0.0,0.0,0.2666359765854447,0.1,0.0,1.0
1779289597.166708,-1.8073380505676122,0.2748767597197384,-1.3910472709372372,-0.010749371534240916,-0.0004860892303462543,0.0,0.0,0.0,0.26661299333585536,0.1,0.0,1.0
1779289597.176949,-1.8073364593190437,0.27486107974873475,-1.3910256656986888,-0.010749371534240916,-0.0004860892303462543,0.0,0.0,0.0,0.2665959638053129,0.1,0.0,1.0
1779289597.1875036,-1.8073359970917549,0.2748550676740035,-1.391021523274986,-0.010749371534240916,-0.0004860892303462543,0.0,0.0,0.0,0.26658889852006695,0.1,0.0,1.0
1779289597.1975694,-1.8073352864133008,0.274849421534916,-1.3910098338220818,-0.010749371534240916,-0.0004860892303462543,0.0,0.0,0.0,0.26658953327560986,0.1,0.0,1.0
1779289597.2075865,-1.8073349617140628,0.2748467635132752,-1.3910045908098503,-0.010749371534240916,-0.0004860892303462543,0.0,0.0,0.0,0.26658383544976877,0.1,0.0,1.0
1779289597.2180817,-1.8073350058797146,0.27484656914421923,-1.391006103218227,-0.010749371534240916,-0.0004860892303462543,0.0,0.0,0.0,0.26658136379163266,0.1,0.0,1.0
1779289597.2284074,-1.8073351859925346,0.2748473419059419,-1.3910100287568599,-0.010749371534240916,-0.0004860892303462543,0.0,0.0,0.0,0.2665827138968718,0.1,0.0,1.0
1779289597.2387323,-1.8073350847257865,0.27484667684343916,-1.391008160765413,-0.010749371534240916,-0.0004860892303462543,0.0,0.0,0.0,0.2665853710555617,0.1,0.0,1.0
1779289597.2487822,-1.7918050186426386,0.2165365525126762,-1.3128467821511902,-0.010749371534240916,-0.0004860892303462543,0.0,0.0,0.0,0.2665843034146115,0.1,0.0,1.0
1779289597.2592013,-1.7840445890440995,0.1873823828460411,-1.2737728035652718,-0.010749371534240916,-0.0004860892303462543,0.0,0.0,0.0,0.2601380641697427,0.1,0.0,1.0
1779289597.2693813,-1.7801660345885115,0.17280325316511008,-1.2542303942510888,-0.010749371534240916,-0.0004860892303462543,0.0,0.0,0.0,0.2531240316243574,0.1,0.0,1.0
1779289597.2794485,-1.7782277653660459,0.1655133474856152,-1.244459116102184,-0.010749371534240916,-0.0004860892303462543,0.0,0.0,0.0,0.2534566596453488,0.1,0.0,1.0
1779289597.290282,-1.7772598480862016,0.16187033254645344,-1.2395814462962258,-0.010749371534240916,-0.0004860892303462543,0.0,0.0,0.0,0.25012600161939186,0.1,0.0,1.0
1779289597.3002021,-1.7767753275624838,0.16004634138141388,-1.2371335351543162,-0.010749371534240916,-0.0004860892303462543,0.0,0.0,0.0,0.2550714246263351,0.1,0.0,1.0
1779289597.3107066,-1.7765340343971547,0.1591367313339775,-1.2359187936194418,-0.010749371534240916,-0.0004860892303462543,0.0,0.0,0.0,0.2542544077314457,0.1,0.0,1.0
1779289597.3207142,-1.7764126927019532,0.15867971922912893,-1.2353031320568275,-0.010749371534240916,-0.0004860892303462543,0.0,0.0,0.0,0.25385459969199314,0.1,0.0,1.0
1779289597.3315964,-1.7763529014685637,0.15845363422988512,-1.235004533684554,-0.010749371534240916,-0.0004860892303462543,0.0,0.0,0.0,0.2536501245517999,0.1,0.0,1.0
1779289597.3418267,-1.7763229133907925,0.15834027519551194,-1.2348540540361677,-0.010749371534240916,-0.0004860892303462543,0.0,0.0,0.0,0.2535540312267892,0.1,0.0,1.0
1779289597.352122,-1.7763071737759408,0.15828143459848504,-1.2347706198748025,-0.010749371534240916,-0.0004860892303462543,0.0,0.0,0.0,0.2535052918897739,0.1,0.0,1.0
1779289597.362194,-1.7762993728964491,0.1582521978982134,-1.2347296055595838,-0.010749371534240916,-0.0004860892303462543,0.0,0.0,0.0,0.2534756800063339,0.1,0.0,1.0
1779289597.3727539,-1.7762961143600446,0.15823941035813396,-1.2347160525647987,-0.010749371534240916,-0.0004860892303462543,0.0,0.0,0.0,0.25346133491144845,0.1,0.0,1.0
1779289597.3829782,-1.7762937711976472,0.15823097067360617,-1.2347015089013982,-0.010749371534240916,-0.0004860892303462543,0.0,0.0,0.0,0.25345863470397334,0.1,0.0,1.0
1779289597.3937538,-1.7762940017623934,0.15823076203209982,-1.2347094682479842,-0.010749371534240916,-0.0004860892303462543,0.0,0.0,0.0,0.2534522950412347,0.1,0.0,1.0
1779289597.4043517,-1.7762934433901063,0.15822873076146132,-1.2347061308926253,-0.010749371534240916,-0.0004860892303462543,0.0,0.0,0.0,0.2534589133326548,0.1,0.0,1.0
1779289597.4146805,-1.7762932404522036,0.15822793281550285,-1.2347052889978443,-0.010749371534240916,-0.0004860892303462543,0.0,0.0,0.0,0.2534575202105096,0.1,0.0,1.0
1779289597.4253383,-1.776293261163548,0.1582278834388997,-1.2347061954963297,-0.010749371534240916,-0.0004860892303462543,0.0,0.0,0.0,0.25345735518085905,0.1,0.0,1.0
1779289597.4358954,-1.7762931205978454,0.15822742689372687,-1.2347050089594902,-0.010749371534240916,-0.0004860892303462543,0.0,0.0,0.0,0.2534581256915739,0.1,0.0,1.0
1779289597.446295,-1.75080796475948,0.10122110247340316,-1.1535961942212325,-0.010749371534240916,-0.0004860892303462543,0.0,0.0,0.0,0.25345745722155594,0.1,0.0,1.0
1779289597.4570417,-1.7380700042186794,0.07271716589937191,-1.113045296086184,-0.010749371534240916,-0.0004860892303462543,0.0,0.0,0.0,0.2304880259446747,0.1,0.0,1.0
1779289597.4674718,-1.7317029363279728,0.05846385483964567,-1.092768390962111,-0.010749371534240916,-0.0004860892303462543,0.0,0.0,0.0,0.22078294952516897,0.1,0.0,1.0
1779289597.4776297,-1.7285195709829841,0.051335032405464776,-1.0826232782045029,-0.010749371534240916,-0.0004860892303462543,0.0,0.0,0.0,0.21201729724902993,0.1,0.0,1.0
1779289597.4881597,-1.7269290179153942,0.04777156536465085,-1.0775555998447999,-0.010749371534240916,-0.0004860892303462543,0.0,0.0,0.0,0.21122947490697366,0.1,0.0,1.0
1779289597.4986112,-1.7261342406715883,0.04599016074719849,-1.0750236438926617,-0.010749371534240916,-0.0004860892303462543,0.0,0.0,0.0,0.2091064605045096,0.1,0.0,1.0
1779289597.5089982,-1.7257366123842302,0.04509871416724,-1.073754909973598,-0.010749371534240916,-0.0004860892303462543,0.0,0.0,0.0,0.2080558992473221,0.1,0.0,1.0
1779289597.5192251,-1.7255372403157092,0.04465181389078051,-1.0731158808771655,-0.010749371534240916,-0.0004860892303462543,0.0,0.0,0.0,0.2075309623016642,0.1,0.0,1.0
1779289597.5296729,-1.72543855205015,0.04443012730572334,-1.0728036282387414,-0.010749371534240916,-0.0004860892303462543,0.0,0.0,0.0,0.2072659744508207,0.1,0.0,1.0
1779289597.539868,-1.7253885440080294,0.04431802596000775,-1.0726424034249886,-0.010749371534240916,-0.0004860892303462543,0.0,0.0,0.0,0.2071387626958445,0.1,0.0,1.0
1779289597.5505762,-1.725364378031784,0.044263497475890895,-1.0725680194492808,-0.010749371534240916,-0.0004860892303462543,0.0,0.0,0.0,0.2070716632109598,0.1,0.0,1.0
1779289597.56074,-1.7253514616696224,0.044234692459481376,-1.0725245485046369,-0.010749371534240916,-0.0004860892303462543,0.0,0.0,0.0,0.20704248723446356,0.1,0.0,1.0
1779289597.5711517,-1.7253452438173695,0.04422072667140847,-1.0725045998020235,-0.010749371534240916,-0.0004860892303462543,0.0,0.0,0.0,0.20702352293805878,0.1,0.0,1.0
1779289597.5816975,-1.72534276911381,0.044214907121896824,-1.0724993748591451,-0.010749371534240916,-0.0004860892303462543,0.0,0.0,0.0,0.20701529313822378,0.1,0.0,1.0
1779289597.5922003,-1.7253414450579547,0.0442118373696883,-1.0724961101478634,-0.010749371534240916,-0.0004860892303462543,0.0,0.0,0.0,0.2070144973492882,0.1,0.0,1.0
1779289597.602634,-1.7253400323468662,0.04420892242090472,-1.072488846482036,-0.010749371534240916,-0.0004860892303462543,0.0,0.0,0.0,0.20701364439778897,0.1,0.0,1.0
1779289597.613048,-1.7253399136767475,0.04420854419999857,-1.072489619564676,-0.010749371534240916,-0.0004860892303462543,0.0,0.0,0.0,0.20700928503422963,0.1,0.0,1.0
1779289597.62332,-1.725339150606659,0.044207061801908205,-1.0724847284751604,-0.010749371534240916,-0.0004860892303462543,0.0,0.0,0.0,0.2070101826128485,0.1,0.0,1.0
1779289597.633422,-1.7253384471597926,0.04420572841315999,-1.0724798668870434,-0.010749371534240916,-0.0004860892303462543,0.0,0.0,0.0,0.2070069451558752,0.1,0.0,1.0
1779289597.6439483,-1.7253394106062,0.044207478232038064,-1.0724872977756692,-0.010749371534240916,-0.0004860892303462543,0.0,0.0,0.0,0.2070036393454727,0.1,0.0,1.0
1779289597.6543565,-1.691970243353408,-0.00715158418356418,-0.9990833622181148,-0.010749371534240916,-0.0004860892303462543,0.0,0.0,0.0,0.20700887483059927,0.1,0.0,1.0
1779289597.6643143,-1.6752884517250504,-0.03283433609564264,-0.9623765623526195,-0.010749371534240916,-0.0004860892303462543,0.0,0.0,0.0,0.1733204273872324,0.1,0.0,1.0
1779289597.6745086,-1.6669491397445353,-0.045676933031126576,-0.9440226847230857,-0.010749371534240916,-0.0004860892303462543,0.0,0.0,0.0,0.15695637711748553,0.1,0.0,1.0
1779289597.6847243,-1.6627806547176256,-0.05209831351385051,-0.934847936883,-0.010749371534240916,-0.0004860892303462543,0.0,0.0,0.0,0.1484897858667734,0.1,0.0,1.0
1779289597.69495,-1.660696792977341,-0.055309336149619054,-0.9302604067928542,-0.010749371534240916,-0.0004860892303462543,0.0,0.0,0.0,0.14358088754373072,0.1,0.0,1.0
1779289597.7052772,-1.6596552748496414,-0.05691471488191579,-0.9279679048883205,-0.010749371534240916,-0.0004860892303462543,0.0,0.0,0.0,0.14115292881507346,0.1,0.0,1.0
1779289597.7155843,-1.6591346955439308,-0.05771737539721457,-0.9268221224463629,-0.010749371534240916,-0.0004860892303462543,0.0,0.0,0.0,0.13994736069352576,0.1,0.0,1.0
1779289597.7255177,-1.658873725754771,-0.05811971723667522,-0.926244867648975,-0.010749371534240916,-0.0004860892303462543,0.0,0.0,0.0,0.13934696904432,0.1,0.0,1.0
1779289597.736214,-1.6587449473732774,-0.05831866978280535,-0.9259662718827832,-0.010749371534240916,-0.0004860892303462543,0.0,0.0,0.0,0.13904397287905024,0.1,0.0,1.0
1779289597.7467246,-1.6586805346590687,-0.05841820372050786,-0.9258267581174859,-0.010749371534240916,-0.0004860892303462543,0.0,0.0,0.0,0.13890038495048254,0.1,0.0,1.0
1779289597.7573402,-1.658648283798707,-0.05846804304323137,-0.9257566980811083,-0.010749371534240916,-0.0004860892303462543,0.0,0.0,0.0,0.13882847991695235,0.1,0.0,1.0
1779289597.7681532,-1.6586320606210587,-0.05849309923455532,-0.9257210663486988,-0.010749371534240916,-0.0004860892303462543,0.0,0.0,0.0,0.13879231399885314,0.1,0.0,1.0
1779289597.7779584,-1.6586226015551968,-0.05850742144173415,-0.9256952077221867,-0.010749371534240916,-0.0004860892303462543,0.0,0.0,0.0,0.13877377507373648,0.1,0.0,1.0
1779289597.78869,-1.6586198987750103,-0.05851189153534005,-0.9256943540324873,-0.010749371534240916,-0.0004860892303462543,0.0,0.0,0.0,0.138758300774706,0.1,0.0,1.0
1779289597.7989793,-1.6586168631220373,-0.058516364874253796,-0.9256838863686587,-0.010749371534240916,-0.0004860892303462543,0.0,0.0,0.0,0.138759888168827,0.1,0.0,1.0
1779289597.8090024,-1.6586148187290966,-0.05851930223692918,-0.9256755107617298,-0.010749371534240916,-0.0004860892303462543,0.0,0.0,0.0,0.13875293074084274,0.1,0.0,1.0
1779289597.8197775,-1.6586154357785312,-0.058518593369509944,-0.9256810927761832,-0.010749371534240916,-0.0004860892303462543,0.0,0.0,0.0,0.13874702762056362,0.1,0.0,1.0
1779289597.8302073,-1.6586155945712775,-0.05851843738132544,-0.9256829926951751,-0.010749371534240916,-0.0004860892303462543,0.0,0.0,0.0,0.1387516189510677,0.1,0.0,1.0
1779289597.8406026,-1.658615735522355,-0.05851827741071697,-0.9256843101137369,-0.010749371534240916,-0.0004860892303462543,0.0,0.0,0.0,0.1387532261765413,0.1,0.0,1.0
1779289597.8507857,-1.6206243648741245,-0.10292045144217105,-0.8682462241841638,-0.010749371534240916,-0.0004860892303462543,0.0,0.0,0.0,0.13875431327712973,0.1,0.0,1.0
1779289597.8608928,-1.6016316229598901,-0.12512287743790435,-0.8395300152474237,-0.010749371534240916,-0.0004860892303462543,0.0,0.0,0.0,0.10280223050930655,0.1,0.0,1.0
1779289597.871132,-1.592136101844556,-0.13622550764363975,-0.8251700826702004,-0.010749371534240916,-0.0004860892303462543,0.0,0.0,0.0,0.08474939116802649,0.1,0.0,1.0
1779289597.8815181,-1.5873904160328685,-0.14177572921737538,-0.8179980213447462,-0.010749371534240916,-0.0004860892303462543,0.0,0.0,0.0,0.07557915940067886,0.1,0.0,1.0
1779289597.892236,-1.5850180267761131,-0.14455095044980076,-0.8144128082784414,-0.010749371534240916,-0.0004860892303462543,0.0,0.0,0.0,0.07075261197525265,0.1,0.0,1.0
1779289597.9030638,-1.583831789098654,-0.1459389040230419,-0.8126192004193338,-0.010749371534240916,-0.0004860892303462543,0.0,0.0,0.0,0.06843222709421003,0.1,0.0,1.0
1779289597.91326,-1.5832383599205948,-0.14663335626154717,-0.8117203938378701,-0.010749371534240916,-0.0004860892303462543,0.0,0.0,0.0,0.06727540617773575,0.1,0.0,1.0
1779289597.9235373,-1.582940499229154,-0.14698186370008337,-0.8112648310145447,-0.010749371534240916,-0.0004860892303462543,0.0,0.0,0.0,0.06669648778325851,0.1,0.0,1.0
1779289597.933707,-1.5827922124430365,-0.1471554756391278,-0.811040306208854,-0.010749371534240916,-0.0004860892303462543,0.0,0.0,0.0,0.06640222780299355,0.1,0.0,1.0
1779289597.9437313,-1.5827175299689702,-0.14724286708725853,-0.8109251914050093,-0.010749371534240916,-0.0004860892303462543,0.0,0.0,0.0,0.06625792079697422,0.1,0.0,1.0
1779289597.9540622,-1.5826808588197596,-0.14728586671222,-0.8108710973047839,-0.010749371534240916,-0.0004860892303462543,0.0,0.0,0.0,0.06618342465922443,0.1,0.0,1.0
1779289597.9647799,-1.5826633887306905,-0.14730646013713056,-0.8108485424417529,-0.010749371534240916,-0.0004860892303462543,0.0,0.0,0.0,0.06614908148319829,0.1,0.0,1.0
1779289597.9747715,-1.5826532483881288,-0.1473182374188289,-0.8108299479815857,-0.010749371534240916,-0.0004860892303462543,0.0,0.0,0.0,0.066135664755748,0.1,0.0,1.0
1779289597.985027,-1.5826485329441953,-0.14732375428983632,-0.8108224926400704,-0.010749371534240916,-0.0004860892303462543,0.0,0.0,0.0,0.06612285290089344,0.1,0.0,1.0
1779289597.9953547,-1.5826464906716697,-0.1473261814106309,-0.8108204047553946,-0.010749371534240916,-0.0004860892303462543,0.0,0.0,0.0,0.0661179858676082,0.1,0.0,1.0
1779289598.0055969,-1.582644522397978,-0.14732839170085993,-0.8108144322683337,-0.010749371534240916,-0.0004860892303462543,0.0,0.0,0.0,0.06611692148846805,0.1,0.0,1.0
1779289598.0158978,-1.582644737317069,-0.14732823570591252,-0.8108176836424494,-0.010749371534240916,-0.0004860892303462543,0.0,0.0,0.0,0.06611227663058523,0.1,0.0,1.0
1779289598.026405,-1.582645400796875,-0.1473275724126989,-0.8108222030696517,-0.010749371534240916,-0.0004860892303462543,0.0,0.0,0.0,0.06611516008671944,0.1,0.0,1.0
1779289598.0375342,-1.5826459830594146,-0.14732697679705886,-0.8108257672629371,-0.010749371534240916,-0.0004860892303462543,0.0,0.0,0.0,0.06611901632536647,0.1,0.0,1.0
1779289598.0474315,-1.5380113225901648,-0.19004608876001855,-0.7690362509999895,-0.010749371534240916,-0.0004860892303462543,0.0,0.0,0.0,0.0661220325800535,0.1,0.0,1.0
1779289598.0574613,-1.5156953749855795,-0.21140749286230748,-0.7481402756603597,-0.010749371534240916,-0.0004860892303462543,0.0,0.0,0.0,0.02825987623174925,0.1,0.0,1.0
1779289598.0678802,-1.5045396802449824,-0.22208763227493244,-0.7376996050191966,-0.010749371534240916,-0.0004860892303462543,0.0,0.0,0.0,0.013893525065169235,0.1,0.0,1.0
1779289598.0782819,-1.49896086168401,-0.22742938188343062,-0.7324726324692352,-0.010749371534240916,-0.0004860892303462543,0.0,0.0,0.0,0.006691257678888927,0.1,0.0,1.0
1779289598.08875,-1.4961726758407263,-0.23009954056892024,-0.7298641206713605,-0.010749371534240916,-0.0004860892303462543,0.0,0.0,0.0,0.0031506924987681237,0.1,0.0,1.0
1779289598.0990899,-1.4947791761787437,-0.23143428529089966,-0.7285622486631143,-0.010749371534240916,-0.0004860892303462543,0.0,0.0,0.0,0.0013892179688920986,0.1,0.0,1.0
1779289598.1092758,-1.4940809495803125,-0.23210307436190147,-0.7279039818506239,-0.010749371534240916,-0.0004860892303462543,0.0,0.0,0.0,0.0005117069777569444,0.1,0.0,1.0
1779289598.1193802,-1.4937317148145306,-0.23243762533871914,-0.7275741502721536,-0.010749371534240916,-0.0004860892303462543,0.0,0.0,0.0,6.78373698089679e-05,0.1,0.0,1.0
1779289598.1295738,-1.4935573447925967,-0.23260470459396476,-0.7274103644195464,-0.010749371534240916,-0.0004860892303462543,0.0,0.0,0.0,-0.0001544916097642363,0.1,0.0,1.0
1779289598.1400886,-1.493471630103436,-0.23268694725907763,-0.72733549914788,-0.010749371534240916,-0.0004860892303462543,0.0,0.0,0.0,-0.00026475536017686715,0.1,0.0,1.0
1779289598.1508367,-1.4934288349272682,-0.2327280189408577,-0.727298351292823,-0.010749371534240916,-0.0004860892303462543,0.0,0.0,0.0,-0.0003145594671008961,0.1,0.0,1.0
1779289598.161358,-1.4934073554670508,-0.2327486304790147,-0.7272793777535602,-0.010749371534240916,-0.0004860892303462543,0.0,0.0,0.0,-0.000339238634402388,0.1,0.0,1.0
1779289598.1715596,-1.4933952792349519,-0.23276012721529987,-0.7272634742299884,-0.010749371534240916,-0.0004860892303462543,0.0,0.0,0.0,-0.0003518765783296521,0.1,0.0,1.0
1779289598.1816776,-1.4933889822929776,-0.23276610710813736,-0.7272542777006166,-0.010749371534240916,-0.0004860892303462543,0.0,0.0,0.0,-0.00036304172249114616,0.1,0.0,1.0
1779289598.1921172,-1.4933873427466735,-0.23276775480619594,-0.7272569183795312,-0.010749371534240916,-0.0004860892303462543,0.0,0.0,0.0,-0.0003695633701476712,0.1,0.0,1.0
1779289598.2023365,-1.493384941537554,-0.23276998591682674,-0.7272506506892755,-0.010749371534240916,-0.0004860892303462543,0.0,0.0,0.0,-0.0003673542709513217,0.1,0.0,1.0
1779289598.2124333,-1.4933838368830785,-0.23277101653571303,-0.72724797616798,-0.010749371534240916,-0.0004860892303462543,0.0,0.0,0.0,-0.00037198282820896054,0.1,0.0,1.0
1779289598.2227936,-1.4933842907049937,-0.2327706365944368,-0.7272514664008121,-0.010749371534240916,-0.0004860892303462543,0.0,0.0,0.0,-0.0003739495541076077,0.1,0.0,1.0
1779289598.2336445,-1.4933853799505332,-0.232769678901943,-0.7272573500249591,-0.010749371534240916,-0.0004860892303462543,0.0,0.0,0.0,-0.00037128542564196504,0.1,0.0,1.0
1779289598.243943,-1.4933853241697403,-0.23276973395934203,-0.7272574118766029,-0.010749371534240916,-0.0004860892303462543,0.0,0.0,0.0,-0.0003668269429928159,0.1,0.0,1.0
1779289598.2546597,-1.444615754471669,-0.273933464809479,-0.706197806874937,-0.010749371534240916,-0.0004860892303462543,0.0,0.0,0.0,-0.00036677407336212805,0.1,0.0,1.0
1779289598.2652025,-1.4202324652142684,-0.2945156170012547,-0.695671371217796,-0.010749371534240916,-0.0004860892303462543,0.0,0.0,0.0,-0.019429497917182233,0.1,0.0,1.0
1779289598.2757022,-1.40804026097026,-0.30480794730284466,-0.690403720914242,-0.010749371534240916,-0.0004860892303462543,0.0,0.0,0.0,-0.02889701884452322,0.1,0.0,1.0
1779289598.2857478,-1.4019428965054777,-0.30995553882398413,-0.6877631482953652,-0.010749371534240916,-0.0004860892303462543,0.0,0.0,0.0,-0.03362733643317054,0.1,0.0,1.0
1779289598.2967038,-1.3988977024793188,-0.312526654204641,-0.6864586213866204,-0.010749371534240916,-0.0004860892303462543,0.0,0.0,0.0,-0.036028497278425664,0.1,0.0,1.0
1779289598.3067634,-1.3973720377535357,-0.3138148245226704,-0.6857919167909539,-0.010749371534240916,-0.0004860892303462543,0.0,0.0,0.0,-0.03713944163297421,0.1,0.0,1.0
1779289598.3174796,-1.3966108479440509,-0.3144576126726317,-0.6854660652513056,-0.010749371534240916,-0.0004860892303462543,0.0,0.0,0.0,-0.03774357301122222,0.1,0.0,1.0
1779289598.3277242,-1.3962298431515623,-0.31477936580992805,-0.6853011873551931,-0.010749371534240916,-0.0004860892303462543,0.0,0.0,0.0,-0.03804006222786514,0.1,0.0,1.0
1779289598.3383205,-1.3960396968359392,-0.3149399632597897,-0.6852203698202657,-0.010749371534240916,-0.0004860892303462543,0.0,0.0,0.0,-0.03818985826573098,0.1,0.0,1.0
1779289598.3488052,-1.3959446751919429,-0.3150202257926681,-0.6851801861214799,-0.010749371534240916,-0.0004860892303462543,0.0,0.0,0.0,-0.03826350595633869,0.1,0.0,1.0
1779289598.3590152,-1.3958952567925096,-0.31506191899833635,-0.6851512568815492,-0.010749371534240916,-0.0004860892303462543,0.0,0.0,0.0,-0.0383001532551157,0.1,0.0,1.0
1779289598.3691032,-1.3958705337021091,-0.3150827789791773,-0.6851367233630095,-0.010749371534240916,-0.0004860892303462543,0.0,0.0,0.0,-0.03832530950330236,0.1,0.0,1.0
1779289598.3791542,-1.3958584534619964,-0.31509298010674336,-0.6851307564901852,-0.010749371534240916,-0.0004860892303462543,0.0,0.0,0.0,-0.038337938852119356,0.1,0.0,1.0
1779289598.3892848,-1.39585211686411,-0.3150983233676701,-0.6851263996755139,-0.010749371534240916,-0.0004860892303462543,0.0,0.0,0.0,-0.03834324705345993,0.1,0.0,1.0
1779289598.3998935,-1.3958509669661332,-0.3150993459153164,-0.6851335639149316,-0.010749371534240916,-0.0004860892303462543,0.0,0.0,0.0,-0.03834696289615629,0.1,0.0,1.0
1779289598.4098794,-1.3958483675663904,-0.3151015110192723,-0.6851277758284571,-0.010749371534240916,-0.0004860892303462543,0.0,0.0,0.0,-0.03834159457280007,0.1,0.0,1.0
1779289598.4202976,-1.3958479412505196,-0.31510188026632224,-0.6851289238349461,-0.010749371534240916,-0.0004860892303462543,0.0,0.0,0.0,-0.03834615820466849,0.1,0.0,1.0
1779289598.430724,-1.3958487808353313,-0.31510120452785806,-0.6851343712640539,-0.010749371534240916,-0.0004860892303462543,0.0,0.0,0.0,-0.03834531330611544,0.1,0.0,1.0
1779289598.4410558,-1.3958480464445349,-0.3151018094454531,-0.6851317530424352,-0.010749371534240916,-0.0004860892303462543,0.0,0.0,0.0,-0.03834112169349777,0.1,0.0,1.0
1779289598.4524803,-1.3459211668326803,-0.3554455610661388,-0.6829119902009566,-0.010749371534240916,-0.0004860892303462543,0.0,0.0,0.0,-0.03834315795441383,0.1,0.0,1.0
1779289598.4625795,-1.3209555402995727,-0.3756193864689611,-0.6817916178238832,-0.010749371534240916,-0.0004860892303462543,0.0,0.0,0.0,-0.045188651720121945,0.1,0.0,1.0
1779289598.47278,-1.3084708170026773,-0.3857079312684547,-0.6812224288882289,-0.010749371534240916,-0.0004860892303462543,0.0,0.0,0.0,-0.04845144465291668,0.1,0.0,1.0
1779289598.4831629,-1.3022289645405112,-0.39075183060784535,-0.6809400942936579,-0.010749371534240916,-0.0004860892303462543,0.0,0.0,0.0,-0.0505059027498505,0.1,0.0,1.0
1779289598.4931822,-1.2991082083587602,-0.393273662432168,-0.6807996665077427,-0.010749371534240916,-0.0004860892303462543,0.0,0.0,0.0,-0.05108533929037044,0.1,0.0,1.0
1779289598.5035925,-1.2975481776749191,-0.39453430689963065,-0.6807310326887688,-0.010749371534240916,-0.0004860892303462543,0.0,0.0,0.0,-0.051606689919649215,0.1,0.0,1.0
1779289598.5135534,-1.2967671430274974,-0.3951654595410731,-0.6806920031167603,-0.010749371534240916,-0.0004860892303462543,0.0,0.0,0.0,-0.051868602587255765,0.1,0.0,1.0
1779289598.5237377,-1.2963768351659493,-0.3954808689591943,-0.6806734483175658,-0.010749371534240916,-0.0004860892303462543,0.0,0.0,0.0,-0.05200385292364085,0.1,0.0,1.0
1779289598.5344162,-1.2961832284388204,-0.3956373220802105,-0.6806713042170873,-0.010749371534240916,-0.0004860892303462543,0.0,0.0,0.0,-0.05207088543672226,0.1,0.0,1.0
1779289598.5447056,-1.2960863783459957,-0.3957155866364959,-0.6806700162846471,-0.010749371534240916,-0.0004860892303462543,0.0,0.0,0.0,-0.05209888197553831,0.1,0.0,1.0
1779289598.555098,-1.2960364625413834,-0.39575592617955047,-0.6806624962406542,-0.010749371534240916,-0.0004860892303462543,0.0,0.0,0.0,-0.05211305809282221,0.1,0.0,1.0
1779289598.5650787,-1.2960115995041908,-0.3957760196603277,-0.6806591725762989,-0.010749371534240916,-0.0004860892303462543,0.0,0.0,0.0,-0.052125506134697006,0.1,0.0,1.0
1779289598.5751379,-1.2959988593801475,-0.3957863165280936,-0.6806560868402403,-0.010749371534240916,-0.0004860892303462543,0.0,0.0,0.0,-0.052131390180997446,0.1,0.0,1.0
1779289598.5854173,-1.2959932771582774,-0.3957908272258718,-0.6806581772237261,-0.010749371534240916,-0.0004860892303462543,0.0,0.0,0.0,-0.05213544156424274,0.1,0.0,1.0
1779289598.5953903,-1.2959896036334322,-0.3957937969614187,-0.6806551528063132,-0.010749371534240916,-0.0004860892303462543,0.0,0.0,0.0,-0.052134636088366285,0.1,0.0,1.0
1779289598.6059206,-1.2959893215316236,-0.3957940231601156,-0.6806608106426317,-0.010749371534240916,-0.0004860892303462543,0.0,0.0,0.0,-0.05213740448848961,0.1,0.0,1.0
1779289598.616241,-1.2959885090657863,-0.3957946795328218,-0.6806605437181599,-0.010749371534240916,-0.0004860892303462543,0.0,0.0,0.0,-0.05213320168247612,0.1,0.0,1.0
1779289598.62642,-1.2959877413418293,-0.39579530045711364,-0.6806587429104121,-0.010749371534240916,-0.0004860892303462543,0.0,0.0,0.0,-0.05213351297326935,0.1,0.0,1.0
1779289598.6365347,-1.2959873834345044,-0.3957955900292763,-0.6806579619307351,-0.010749371534240916,-0.0004860892303462543,0.0,0.0,0.0,-0.05213496775723188,0.1,0.0,1.0
1779289598.646628,-1.2510602625225635,-0.43270568743080395,-0.6890942813920371,-0.010749371534240916,-0.0004860892303462543,0.0,0.0,0.0,-0.05213560194727902,0.1,0.0,1.0
1779289598.6567993,-1.2285965370254355,-0.4511602767986541,-0.6933130244639552,-0.010749371534240916,-0.0004860892303462543,0.0,0.0,0.0,-0.0497307724426034,0.1,0.0,1.0
1779289598.6673734,-1.2173660441886065,-0.4603861335684403,-0.6954294649936967,-0.010749371534240916,-0.0004860892303462543,0.0,0.0,0.0,-0.04846528938098855,0.1,0.0,1.0
1779289598.6777096,-1.2117497923636742,-0.46499974495374896,-0.6964833492415883,-0.010749371534240916,-0.0004860892303462543,0.0,0.0,0.0,-0.04765565114085344,0.1,0.0,1.0
1779289598.6877356,-1.2089407640005494,-0.46730722926578183,-0.697006249315808,-0.010749371534240916,-0.0004860892303462543,0.0,0.0,0.0,-0.04763843202561843,0.1,0.0,1.0
1779289598.697804,-1.2075361146873718,-0.4684610475484964,-0.6972671527575574,-0.010749371534240916,-0.0004860892303462543,0.0,0.0,0.0,-0.04764151520747418,0.1,0.0,1.0
1779289598.7083423,-1.2068354047756689,-0.4690365857201484,-0.6974051971013835,-0.010749371534240916,-0.0004860892303462543,0.0,0.0,0.0,-0.047645695642585355,0.1,0.0,1.0
1779289598.7184472,-1.2064836677537,-0.469325502661101,-0.6974677795531647,-0.010749371534240916,-0.0004860892303462543,0.0,0.0,0.0,-0.04764243976452256,0.1,0.0,1.0
1779289598.728594,-1.2063082134972136,-0.46946960955499917,-0.6975010183121051,-0.010749371534240916,-0.0004860892303462543,0.0,0.0,0.0,-0.047645980094305755,0.1,0.0,1.0
1779289598.7389197,-1.206220721892957,-0.4695414632428214,-0.6975187446620117,-0.010749371534240916,-0.0004860892303462543,0.0,0.0,0.0,-0.047646272487229385,0.1,0.0,1.0
1779289598.7496676,-1.206178090182529,-0.4695764551373306,-0.6975328211624641,-0.010749371534240916,-0.0004860892303462543,0.0,0.0,0.0,-0.04764556745055911,0.1,0.0,1.0
1779289598.7600412,-1.206156743368555,-0.46959397598845076,-0.6975397170223019,-0.010749371534240916,-0.0004860892303462543,0.0,0.0,0.0,-0.04764115564005057,0.1,0.0,1.0
1779289598.7702465,-1.2061445592161908,-0.46960400204650277,-0.6975361005516771,-0.010749371534240916,-0.0004860892303462543,0.0,0.0,0.0,-0.04763906243882273,0.1,0.0,1.0
1779289598.780513,-1.206138864043159,-0.4696086826951094,-0.697536147984648,-0.010749371534240916,-0.0004860892303462543,0.0,0.0,0.0,-0.04764352210963256,0.1,0.0,1.0
1779289598.7911017,-1.2061371655339919,-0.4696100599912013,-0.6975415457899738,-0.010749371534240916,-0.0004860892303462543,0.0,0.0,0.0,-0.047644305488930144,0.1,0.0,1.0
1779289598.8016355,-1.206135700296949,-0.46961126449109836,-0.6975413647322068,-0.010749371534240916,-0.0004860892303462543,0.0,0.0,0.0,-0.04764050895482403,0.1,0.0,1.0
1779289598.811718,-1.2061343243999119,-0.4696124058822192,-0.6975382656322204,-0.010749371534240916,-0.0004860892303462543,0.0,0.0,0.0,-0.04764085561671203,0.1,0.0,1.0
1779289598.8217778,-1.2061329844353321,-0.46961352324798333,-0.6975336661719793,-0.010749371534240916,-0.0004860892303462543,0.0,0.0,0.0,-0.04764337362393395,0.1,0.0,1.0
1779289598.8323753,-1.2061341806429744,-0.46961251823802697,-0.6975400935946765,-0.010749371534240916,-0.0004860892303462543,0.0,0.0,0.0,-0.04764700927684602,0.1,0.0,1.0
1779289598.8426745,-1.2061337639873768,-0.4696128657194152,-0.697538562490835,-0.010749371534240916,-0.0004860892303462543,0.0,0.0,0.0,-0.047642025301378434,0.1,0.0,1.0
1779289598.852837,-1.157959709750461,-0.5111228843518408,-0.7114453589381071,-0.010749371534240916,-0.0004860892303462543,0.0,0.0,0.0,-0.04764323168361624,0.1,0.0,1.0
1779289598.8635592,-1.133872950842835,-0.5318766560590698,-0.718402362853829,-0.010749371534240916,-0.0004860892303462543,0.0,0.0,0.0,-0.03855683012664339,0.1,0.0,1.0
1779289598.8773334,-1.1218300287804361,-0.5422526262223413,-0.7218842546215738,-0.010749371534240916,-0.0004860892303462543,0.0,0.0,0.0,-0.034887788121428794,0.1,0.0,1.0
1779289598.8848033,-1.1158086114827372,-0.5474403094618355,-0.723626031881583,-0.010749371534240916,-0.0004860892303462543,0.0,0.0,0.0,-0.0325886130901273,0.1,0.0,1.0
1779289598.8968532,-1.1127974251924388,-0.5500344406054984,-0.7244949500123461,-0.010749371534240916,-0.0004860892303462543,0.0,0.0,0.0,-0.031927122364993635,0.1,0.0,1.0
1779289598.9073198,-1.1112919943495432,-0.5513312970312638,-0.7249303415051074,-0.010749371534240916,-0.0004860892303462543,0.0,0.0,0.0,-0.03160593954489491,0.1,0.0,1.0
1779289598.916789,-1.1105392309066553,-0.5519797347986171,-0.7251478856746236,-0.010749371534240916,-0.0004860892303462543,0.0,0.0,0.0,-0.03039507219022547,0.1,0.0,1.0
1779289598.9283884,-1.1101628074444527,-0.5523039742021153,-0.7252564969960402,-0.010749371534240916,-0.0004860892303462543,0.0,0.0,0.0,-0.03031070360862064,0.1,0.0,1.0
1779289598.9372873,-1.1099745868397068,-0.5524660935516739,-0.7253107796905569,-0.010749371534240916,-0.0004860892303462543,0.0,0.0,0.0,-0.030268778486757603,0.1,0.0,1.0
1779289598.9481044,-1.1098807132602793,-0.5525469392627183,-0.725339064754158,-0.010749371534240916,-0.0004860892303462543,0.0,0.0,0.0,-0.030247872127215997,0.1,0.0,1.0
1779289598.9588819,-1.1098335088398508,-0.5525875972364258,-0.7253519303657043,-0.010749371534240916,-0.0004860892303462543,0.0,0.0,0.0,-0.030236547652737072,0.1,0.0,1.0
1779289598.9691377,-1.10981004613837,-0.5526078015646245,-0.7253590337842728,-0.010749371534240916,-0.0004860892303462543,0.0,0.0,0.0,-0.03023187573527994,0.1,0.0,1.0
1779289598.9790986,-1.109796359443993,-0.5526196367862254,-0.7253532198806121,-0.010749371534240916,-0.0004860892303462543,0.0,0.0,0.0,-0.030229023458501238,0.1,0.0,1.0
1779289598.9896548,-1.109791491527639,-0.5526238034327144,-0.725359774999732,-0.010749371534240916,-0.0004860892303462543,0.0,0.0,0.0,-0.03023483046079628,0.1,0.0,1.0
1779289599.0002682,-1.109788573108271,-0.5526263157795755,-0.7253607329739378,-0.010749371534240916,-0.0004860892303462543,0.0,0.0,0.0,-0.030230426589580587,0.1,0.0,1.0
1779289599.0105834,-1.109787537669846,-0.552627196166688,-0.7253632421723797,-0.010749371534240916,-0.0004860892303462543,0.0,0.0,0.0,-0.03023001647432832,0.1,0.0,1.0
1779289599.020895,-1.1097864225007195,-0.552628165870207,-0.7253616351841243,-0.010749371534240916,-0.0004860892303462543,0.0,0.0,0.0,-0.030228243704169475,0.1,0.0,1.0
1779289599.031479,-1.1097852110479312,-0.552629230560878,-0.7253576991014592,-0.010749371534240916,-0.0004860892303462543,0.0,0.0,0.0,-0.030229567339812708,0.1,0.0,1.0
1779289599.0418634,-1.1097853993862734,-0.5526290591844136,-0.7253595342614596,-0.010749371534240916,-0.0004860892303462543,0.0,0.0,0.0,-0.030232648107817325,0.1,0.0,1.0
1779289599.0519254,-1.0645807625907748,-0.5938354552320897,-0.7382066536600953,-0.010749371534240916,-0.0004860892303462543,0.0,0.0,0.0,-0.030231251208393598,0.1,0.0,1.0
1779289599.0624347,-1.0419794210093198,-0.6144368144602288,-0.7446372226410976,-0.010749371534240916,-0.0004860892303462543,0.0,0.0,0.0,-0.015245954516526864,0.1,0.0,1.0
1779289599.0730171,-1.0306785343164009,-0.6247371975777132,-0.7478526541152251,-0.010749371534240916,-0.0004860892303462543,0.0,0.0,0.0,-0.006857560850315373,0.1,0.0,1.0
1779289599.0838935,-1.0250279145898067,-0.629887304076236,-0.7494601126309428,-0.010749371534240916,-0.0004860892303462543,0.0,0.0,0.0,0.000469763735545455,0.1,0.0,1.0
1779289599.0943735,-1.0222026028058746,-0.6324622347696791,-0.7502641358560544,-0.010749371534240916,-0.0004860892303462543,0.0,0.0,0.0,0.0015911661406051852,0.1,0.0,1.0
1779289599.104507,-1.0207895183922817,-0.6337500372060438,-0.7506641999355601,-0.010749371534240916,-0.0004860892303462543,0.0,0.0,0.0,0.008081492310663236,0.1,0.0,1.0
1779289599.1150956,-1.020083244779669,-0.6343936571405326,-0.7508656237265257,-0.010749371534240916,-0.0004860892303462543,0.0,0.0,0.0,0.008382844400098002,0.1,0.0,1.0
1779289599.1256542,-1.019730091770536,-0.6347154666472776,-0.7509662942828634,-0.010749371534240916,-0.0004860892303462543,0.0,0.0,0.0,0.008534527647656769,0.1,0.0,1.0
1779289599.1363595,-1.0195536996708705,-0.6348761914900092,-0.7510175528019358,-0.010749371534240916,-0.0004860892303462543,0.0,0.0,0.0,0.008610319353014415,0.1,0.0,1.0
1779289599.1467934,-1.0194655400396484,-0.6349565159317043,-0.7510433703842434,-0.010749371534240916,-0.0004860892303462543,0.0,0.0,0.0,0.008648900896865076,0.1,0.0,1.0
1779289599.157391,-1.0194214151978693,-0.6349967181786009,-0.7510560632931957,-0.010749371534240916,-0.0004860892303462543,0.0,0.0,0.0,0.008668328873554546,0.1,0.0,1.0
1779289599.1683602,-1.0193992183396157,-0.6350169438226949,-0.7510617529145915,-0.010749371534240916,-0.0004860892303462543,0.0,0.0,0.0,0.008677878193517207,0.1,0.0,1.0
1779289599.1780562,-1.0193866828290474,-0.6350283978369625,-0.7510575516976985,-0.010749371534240916,-0.0004860892303462543,0.0,0.0,0.0,0.008682157559795312,0.1,0.0,1.0
1779289599.1885664,-1.0193823166910383,-0.6350323498581327,-0.7510647753630524,-0.010749371534240916,-0.0004860892303462543,0.0,0.0,0.0,0.008678995333672007,0.1,0.0,1.0
1779289599.1991632,-1.0193797202667012,-0.6350347112062873,-0.7510663615776276,-0.010749371534240916,-0.0004860892303462543,0.0,0.0,0.0,0.008684430155114874,0.1,0.0,1.0
1779289599.209404,-1.0193771387519894,-0.6350370898361326,-0.7510608619484098,-0.010749371534240916,-0.0004860892303462543,0.0,0.0,0.0,0.008685622873410197,0.1,0.0,1.0
1779289599.2201087,-1.0193770424642103,-0.6350371644314173,-0.7510639685126654,-0.010749371534240916,-0.0004860892303462543,0.0,0.0,0.0,0.008681484462895033,0.1,0.0,1.0
1779289599.230374,-1.0193762842011527,-0.6350378644458534,-0.7510620401201429,-0.010749371534240916,-0.0004860892303462543,0.0,0.0,0.0,0.008683822045890553,0.1,0.0,1.0
1779289599.2404714,-1.019374960973185,-0.6350390959913298,-0.7510564459396498,-0.010749371534240916,-0.0004860892303462543,0.0,0.0,0.0,0.008682370968965965,0.1,0.0,1.0
1779289599.2511973,-0.971242428425131,-0.6808250578378572,-0.7586283035670514,-0.010749371534240916,-0.0004860892303462543,0.0,0.0,0.0,0.008678161997898934,0.1,0.0,1.0
1779289599.2617748,-0.9471755270421884,-0.703718044358224,-0.762412560442002,-0.010749371534240916,-0.0004860892303462543,0.0,0.0,0.0,0.03987839833889476,0.1,0.0,1.0
1779289599.2723074,-0.9351418163223453,-0.7151644892612328,-0.7643041330976401,-0.010749371534240916,-0.0004860892303462543,0.0,0.0,0.0,0.06358204759609169,0.1,0.0,1.0
1779289599.2824843,-0.9291233607430687,-0.7208890976387593,-0.7652423405822226,-0.010749371534240916,-0.0004860892303462543,0.0,0.0,0.0,0.07660613435018279,0.1,0.0,1.0
1779289599.2927685,-0.9261154727795796,-0.7237500441457004,-0.7657182790631416,-0.010749371534240916,-0.0004860892303462543,0.0,0.0,0.0,0.07852408397087951,0.1,0.0,1.0
1779289599.303086,-0.9246118751048076,-0.7251801472671722,-0.7659580626327394,-0.010749371534240916,-0.0004860892303462543,0.0,0.0,0.0,0.07950256707730087,0.1,0.0,1.0
1779289599.3139873,-0.9238599837007339,-0.7258952689521626,-0.7660775410260889,-0.010749371534240916,-0.0004860892303462543,0.0,0.0,0.0,0.07999683740725319,0.1,0.0,1.0
1779289599.3239398,-0.9234823277051951,-0.7262544658398646,-0.7661287965115777,-0.010749371534240916,-0.0004860892303462543,0.0,0.0,0.0,0.08024462633199138,0.1,0.0,1.0
1779289599.3342988,-0.9232941478457058,-0.7264334367880116,-0.7661576578941025,-0.010749371534240916,-0.0004860892303462543,0.0,0.0,0.0,0.08036282837154259,0.1,0.0,1.0
1779289599.344261,-0.9231995932786485,-0.7265233671416438,-0.766169782779726,-0.010749371534240916,-0.0004860892303462543,0.0,0.0,0.0,0.08042424487639065,0.1,0.0,1.0
1779289599.3545396,-0.923152834463467,-0.7265678324958693,-0.7661784266224765,-0.010749371534240916,-0.0004860892303462543,0.0,0.0,0.0,0.08045335601749876,0.1,0.0,1.0
1779289599.3648345,-0.9231298970092933,-0.72658963922583,-0.7661849487050096,-0.010749371534240916,-0.0004860892303462543,0.0,0.0,0.0,0.08046971684241976,0.1,0.0,1.0
1779289599.375314,-0.9231179571231476,-0.7266009954776046,-0.7661858671947299,-0.010749371534240916,-0.0004860892303462543,0.0,0.0,0.0,0.08047943362869185,0.1,0.0,1.0
1779289599.3858721,-0.9231131671788941,-0.7266055380258434,-0.76619219659817,-0.010749371534240916,-0.0004860892303462543,0.0,0.0,0.0,0.0804826561355967,0.1,0.0,1.0
1779289599.396088,-0.9231096408669812,-0.7266088974964181,-0.7661897345829414,-0.010749371534240916,-0.0004860892303462543,0.0,0.0,0.0,0.08048836587173064,0.1,0.0,1.0
1779289599.4062836,-0.9231074281385365,-0.7266110100456675,-0.7661862666682628,-0.010749371534240916,-0.0004860892303462543,0.0,0.0,0.0,0.080487291696967,0.1,0.0,1.0
1779289599.41672,-0.9231066977069456,-0.7266117048253204,-0.7661864021589215,-0.010749371534240916,-0.0004860892303462543,0.0,0.0,0.0,0.08048519303654525,0.1,0.0,1.0
1779289599.427234,-0.9231074765089791,-0.726610951320751,-0.7661921609265363,-0.010749371534240916,-0.0004860892303462543,0.0,0.0,0.0,0.08048544922497312,0.1,0.0,1.0
1779289599.437639,-0.9231064668248068,-0.726611920463963,-0.7661880815542812,-0.010749371534240916,-0.0004860892303462543,0.0,0.0,0.0,0.08048955072165243,0.1,0.0,1.0
1779289599.4477878,-0.8773931733037226,-0.7702187926935536,-0.7590519245443597,-0.010749371534240916,-0.0004860892303462543,0.0,0.0,0.0,0.08048674246159368,0.1,0.0,1.0
1779289599.4583833,-0.8545382320961701,-0.7920211498789451,-0.7554909379993728,-0.010749371534240916,-0.0004860892303462543,0.0,0.0,0.0,0.12976947362779753,0.1,0.0,1.0
1779289599.4688532,-0.8431093734027999,-0.8029239136823895,-0.753702925595741,-0.010749371534240916,-0.0004860892303462543,0.0,0.0,0.0,0.14692338511651287,0.1,0.0,1.0
1779289599.4790184,-0.8373966779343953,-0.8083738023643879,-0.7528171137310973,-0.010749371534240916,-0.0004860892303462543,0.0,0.0,0.0,0.16173110057093124,0.1,0.0,1.0
1779289599.4894872,-0.8345395558219649,-0.8110995413487807,-0.752370234647624,-0.010749371534240916,-0.0004860892303462543,0.0,0.0,0.0,0.1636997852522479,0.1,0.0,1.0
1779289599.4998674,-0.8331111755465448,-0.8124622758161075,-0.7521475989225945,-0.010749371534240916,-0.0004860892303462543,0.0,0.0,0.0,0.1759468097064947,0.1,0.0,1.0
1779289599.510268,-0.8323974253104627,-0.8131432485701235,-0.7520383985429477,-0.010749371534240916,-0.0004860892303462543,0.0,0.0,0.0,0.17647379897056803,0.1,0.0,1.0
1779289599.52038,-0.8320387202094869,-0.8134854552081313,-0.7519747956060066,-0.010749371534240916,-0.0004860892303462543,0.0,0.0,0.0,0.17674045847133044,0.1,0.0,1.0
1779289599.53109,-0.8318616123750313,-0.8136544637792423,-0.7519539995365632,-0.010749371534240916,-0.0004860892303462543,0.0,0.0,0.0,0.1768688688004182,0.1,0.0,1.0
1779289599.541227,-0.8317711172869935,-0.8137407851801708,-0.7519340705323168,-0.010749371534240916,-0.0004860892303462543,0.0,0.0,0.0,0.17693979750221286,0.1,0.0,1.0
1779289599.5513353,-0.8317255550831123,-0.8137842416445751,-0.7519225581088782,-0.010749371534240916,-0.0004860892303462543,0.0,0.0,0.0,0.17696957811965167,0.1,0.0,1.0
1779289599.5614667,-0.8317031338014886,-0.8138056342283904,-0.7519185657006755,-0.010749371534240916,-0.0004860892303462543,0.0,0.0,0.0,0.17698354958634605,0.1,0.0,1.0
1779289599.5723858,-0.8316951410261257,-0.8138133215145651,-0.7519323610499362,-0.010749371534240916,-0.0004860892303462543,0.0,0.0,0.0,0.1769915955399123,0.1,0.0,1.0
1779289599.5830476,-0.8316883428892359,-0.813819784273025,-0.7519255111622596,-0.010749371534240916,-0.0004860892303462543,0.0,0.0,0.0,0.17700508633799145,0.1,0.0,1.0
1779289599.5929573,-0.8316848748209489,-0.813823080698621,-0.7519217463187848,-0.010749371534240916,-0.0004860892303462543,0.0,0.0,0.0,0.1770035891193791,0.1,0.0,1.0
1779289599.6031415,-0.8316828142910304,-0.813825034531886,-0.751918260856872,-0.010749371534240916,-0.0004860892303462543,0.0,0.0,0.0,0.17700263729230434,0.1,0.0,1.0
1779289599.6135077,-0.8316826377217259,-0.8138252133452,-0.7519207071592682,-0.010749371534240916,-0.0004860892303462543,0.0,0.0,0.0,0.17700120065457609,0.1,0.0,1.0
1779289599.6236117,-0.8316817734619901,-0.8138260282494063,-0.7519181225158951,-0.010749371534240916,-0.0004860892303462543,0.0,0.0,0.0,0.17700299389729438,0.1,0.0,1.0
1779289599.6343057,-0.8316827125621955,-0.8138251535405896,-0.7519235592883549,-0.010749371534240916,-0.0004860892303462543,0.0,0.0,0.0,0.17700160758790204,0.1,0.0,1.0
1779289599.644765,-0.831682728915465,-0.8138251395923248,-0.751924054547235,-0.010749371534240916,-0.0004860892303462543,0.0,0.0,0.0,0.17700494867397248,0.1,0.0,1.0
1779289599.6552377,-0.7868238311197417,-0.8537061575298655,-0.7235987440653813,-0.010749371534240916,-0.0004860892303462543,0.0,0.0,0.0,0.17700528605808344,0.1,0.0,1.0
1779289599.665536,-0.7643940330065271,-0.8736491168063624,-0.7094292540858267,-0.010749371534240916,-0.0004860892303462543,0.0,0.0,0.0,0.2126184241523828,0.1,0.0,1.0
1779289599.6759107,-0.7531806771278124,-0.8836202943396255,-0.7023493917083892,-0.010749371534240916,-0.0004860892303462543,0.0,0.0,0.0,0.23011969169582952,0.1,0.0,1.0
1779289599.6864398,-0.7475750052635073,-0.8886055522567579,-0.6988129743469891,-0.010749371534240916,-0.0004860892303462543,0.0,0.0,0.0,0.26984773578124377,0.1,0.0,1.0
1779289599.6966476,-0.7447710015798403,-0.8910994262308212,-0.6970386888119844,-0.010749371534240916,-0.0004860892303462543,0.0,0.0,0.0,0.2712926713563841,0.1,0.0,1.0
1779289599.706783,-0.7433681531018456,-0.8923472002876653,-0.6961472927057932,-0.010749371534240916,-0.0004860892303462543,0.0,0.0,0.0,0.28235802352512457,0.1,0.0,1.0
1779289599.7175012,-0.7426689122360958,-0.8929693256169846,-0.6957116492513915,-0.010749371534240916,-0.0004860892303462543,0.0,0.0,0.0,0.29210446005138885,0.1,0.0,1.0
1779289599.7278075,-0.7423187460857723,-0.8932808763159403,-0.6954912047851067,-0.010749371534240916,-0.0004860892303462543,0.0,0.0,0.0,0.29231064787237016,0.1,0.0,1.0
1779289599.7386918,-0.7421447895450217,-0.8934357276148563,-0.6953862050639401,-0.010749371534240916,-0.0004860892303462543,0.0,0.0,0.0,0.29241290937514103,0.1,0.0,1.0
1779289599.7487285,-0.7420550838923934,-0.8935154369775157,-0.6953209543737664,-0.010749371534240916,-0.0004860892303462543,0.0,0.0,0.0,0.29246731117569613,0.1,0.0,1.0
1779289599.7586946,-0.7420101349379158,-0.893555376466591,-0.6952878697048468,-0.010749371534240916,-0.0004860892303462543,0.0,0.0,0.0,0.2924870376222584,0.1,0.0,1.0
1779289599.768922,-0.7419880719209473,-0.8935750052740512,-0.6952732427507691,-0.010749371534240916,-0.0004860892303462543,0.0,0.0,0.0,0.2924966460653371,0.1,0.0,1.0
1779289599.779516,-0.7419791210555577,-0.8935830849618518,-0.6952756393795494,-0.010749371534240916,-0.0004860892303462543,0.0,0.0,0.0,0.2925025859693746,0.1,0.0,1.0
1779289599.7902367,-0.7419742588319275,-0.8935874473049829,-0.6952750325512778,-0.010749371534240916,-0.0004860892303462543,0.0,0.0,0.0,0.2925112879677268,0.1,0.0,1.0
1779289599.8007596,-0.7419717155687693,-0.8935897220829463,-0.6952742055079728,-0.010749371534240916,-0.0004860892303462543,0.0,0.0,0.0,0.2925145736000884,0.1,0.0,1.0
1779289599.810837,-0.7419691411801816,-0.8935919463473674,-0.6952677105387775,-0.010749371534240916,-0.0004860892303462543,0.0,0.0,0.0,0.29251590748843875,0.1,0.0,1.0
1779289599.8214266,-0.7419692180156641,-0.8935919210288472,-0.6952708292824985,-0.010749371534240916,-0.0004860892303462543,0.0,0.0,0.0,0.29251298571374573,0.1,0.0,1.0
1779289599.8321438,-0.7419694678759261,-0.8935917317461237,-0.6952733762005989,-0.010749371534240916,-0.0004860892303462543,0.0,0.0,0.0,0.2925152821891659,0.1,0.0,1.0
1779289599.8423345,-0.7419678864937826,-0.8935930603903238,-0.6952666849843938,-0.010749371534240916,-0.0004860892303462543,0.0,0.0,0.0,0.29251701295110044,0.1,0.0,1.0
1779289599.8525167,-0.69153515287161,-0.9312081104483323,-0.6372580868649109,-0.010749371534240916,-0.0004860892303462543,0.0,0.0,0.0,0.29251317801330645,0.1,0.0,1.0
1779289599.8628821,-0.6663210708754308,-0.9500178992079674,-0.6082552117090505,-0.010749371534240916,-0.0004860892303462543,0.0,0.0,0.0,0.3083796863761422,0.1,0.0,1.0
1779289599.872978,-0.6537144866972857,-0.9594244270643897,-0.5937516888009204,-0.010749371534240916,-0.0004860892303462543,0.0,0.0,0.0,0.31936950643335527,0.1,0.0,1.0
1779289599.8836348,-0.6474133931267648,-0.9641271631776923,-0.5865074970036153,-0.010749371534240916,-0.0004860892303462543,0.0,0.0,0.0,0.31854374922844436,0.1,0.0,1.0
1779289599.8938684,-0.644262031350982,-0.9664795664684196,-0.5828809089178808,-0.010749371534240916,-0.0004860892303462543,0.0,0.0,0.0,0.3239888561596028,0.1,0.0,1.0
1779289599.9044297,-0.6426876287575054,-0.9676551664462925,-0.5810726260980266,-0.010749371534240916,-0.0004860892303462543,0.0,0.0,0.0,0.323883878324694,0.1,0.0,1.0
1779289599.9145272,-0.6418982828890769,-0.9682444978815157,-0.5801590455833412,-0.010749371534240916,-0.0004860892303462543,0.0,0.0,0.0,0.32384624633822323,0.1,0.0,1.0
1779289599.925041,-0.6415056874135869,-0.9685378613206284,-0.5797110421909144,-0.010749371534240916,-0.0004860892303462543,0.0,0.0,0.0,0.32382532478948417,0.1,0.0,1.0
1779289599.9352756,-0.6413079348686425,-0.9686855259568584,-0.5794807477581956,-0.010749371534240916,-0.0004860892303462543,0.0,0.0,0.0,0.32382060326634926,0.1,0.0,1.0
1779289599.9457147,-0.6412101259629974,-0.9687586748896806,-0.5793701432545397,-0.010749371534240916,-0.0004860892303462543,0.0,0.0,0.0,0.3238150342064752,0.1,0.0,1.0
1779289599.955757,-0.6411594920688394,-0.9687963883077825,-0.5793074183295781,-0.010749371534240916,-0.0004860892303462543,0.0,0.0,0.0,0.3238148127771952,0.1,0.0,1.0
1779289599.96594,-0.6411342724208553,-0.9688151854254812,-0.5792764646653081,-0.010749371534240916,-0.0004860892303462543,0.0,0.0,0.0,0.3238106500125818,0.1,0.0,1.0
1779289599.9762368,-0.6411231669820134,-0.9688236019211651,-0.5792674275533054,-0.010749371534240916,-0.0004860892303462543,0.0,0.0,0.0,0.3238088008878886,0.1,0.0,1.0
1779289599.9868853,-0.641117721777813,-0.9688277404464598,-0.5792633683211363,-0.010749371534240916,-0.0004860892303462543,0.0,0.0,0.0,0.32381141332555896,0.1,0.0,1.0
1779289599.9969406,-0.641113981610917,-0.9688304755872545,-0.5792569797218814,-0.010749371534240916,-0.0004860892303462543,0.0,0.0,0.0,0.32381297243429213,0.1,0.0,1.0
1779289600.007512,-0.6411134489845961,-0.9688309687373228,-0.5792595131904452,-0.010749371534240916,-0.0004860892303462543,0.0,0.0,0.0,0.32381136024883783,0.1,0.0,1.0
1779289600.018714,-0.6411148898280038,-0.9688300984718148,-0.5792680923601408,-0.010749371534240916,-0.0004860892303462543,0.0,0.0,0.0,0.3238136978603348,0.1,0.0,1.0
1779289600.0289276,-0.6411139971181863,-0.9688307179243136,-0.5792654737145475,-0.010749371534240916,-0.0004860892303462543,0.0,0.0,0.0,0.32381887929797337,0.1,0.0,1.0
1779289600.0396523,-0.6411136259111234,-0.9688309786723253,-0.5792644859184337,-0.010749371534240916,-0.0004860892303462543,0.0,0.0,0.0,0.3238176783779821,0.1,0.0,1.0
1779289600.0505607,-0.5865975558272232,-0.9982874966446362,-0.49523293728958784,-0.010749371534240916,-0.0004860892303462543,0.0,0.0,0.0,0.3238172545530682,0.1,0.0,1.0
1779289600.0606859,-0.5593418406530234,-1.0130199176928647,-0.45321667149866407,-0.010749371534240916,-0.0004860892303462543,0.0,0.0,0.0,0.3077306209775646,0.1,0.0,1.0
1779289600.0712469,-0.5457151512995287,-1.0203882049861,-0.4322088647231235,-0.010749371534240916,-0.0004860892303462543,0.0,0.0,0.0,0.30069804186608196,0.1,0.0,1.0
1779289600.081686,-0.5389019237741612,-1.0240736067200313,-0.42170340882079893,-0.010749371534240916,-0.0004860892303462543,0.0,0.0,0.0,0.29674233332842803,0.1,0.0,1.0
1779289600.0917463,-0.535493639786369,-1.0259177049606487,-0.41644315714526003,-0.010749371534240916,-0.0004860892303462543,0.0,0.0,0.0,0.29368543116182516,0.1,0.0,1.0
1779289600.1022284,-0.5337914360932319,-1.0268392084222406,-0.413820173793086,-0.010749371534240916,-0.0004860892303462543,0.0,0.0,0.0,0.29223032114056513,0.1,0.0,1.0
1779289600.112466,-0.5329392227632881,-1.0273006092397456,-0.41250409806515087,-0.010749371534240916,-0.0004860892303462543,0.0,0.0,0.0,0.29152458096035416,0.1,0.0,1.0
1779289600.1235015,-0.5325171588055686,-1.0275296193829293,-0.4118617644830169,-0.010749371534240916,-0.0004860892303462543,0.0,0.0,0.0,0.2911721919970113,0.1,0.0,1.0
1779289600.134432,-0.5323037841504845,-1.0276451893983825,-0.4115313744693929,-0.010749371534240916,-0.0004860892303462543,0.0,0.0,0.0,0.29100614000496805,0.1,0.0,1.0
1779289600.1451945,-0.5321962047010826,-1.0277033842184817,-0.41136266104202424,-0.010749371534240916,-0.0004860892303462543,0.0,0.0,0.0,0.290917900422918,0.1,0.0,1.0
1779289600.1559687,-0.5321423130294033,-1.0277325363609089,-0.41127789093689016,-0.010749371534240916,-0.0004860892303462543,0.0,0.0,0.0,0.29087177356288346,0.1,0.0,1.0
1779289600.1654525,-0.5321164156183442,-1.0277466603034178,-0.4112395984596713,-0.010749371534240916,-0.0004860892303462543,0.0,0.0,0.0,0.29084849108532074,0.1,0.0,1.0
1779289600.1761222,-0.5321017376143302,-1.027754478802646,-0.4112136863810085,-0.010749371534240916,-0.0004860892303462543,0.0,0.0,0.0,0.2908392811490792,0.1,0.0,1.0
1779289600.186581,-0.5320963325733772,-1.0277575462513509,-0.41120829081196053,-0.010749371534240916,-0.0004860892303462543,0.0,0.0,0.0,0.2908306767529986,0.1,0.0,1.0
1779289600.1967268,-0.5320911212227897,-1.0277601743328675,-0.411195781870374,-0.010749371534240916,-0.0004860892303462543,0.0,0.0,0.0,0.2908308503381227,0.1,0.0,1.0
1779289600.2072976,-0.5320905267507821,-1.0277606121213316,-0.4111973910235931,-0.010749371534240916,-0.0004860892303462543,0.0,0.0,0.0,0.29082513234345886,0.1,0.0,1.0
1779289600.2176332,-0.5320907157666255,-1.0277606188836903,-0.4112000972008696,-0.010749371534240916,-0.0004860892303462543,0.0,0.0,0.0,0.29082692729401977,0.1,0.0,1.0
1779289600.2284548,-0.5320905694183613,-1.027760727124146,-0.41120050867565094,-0.010749371534240916,-0.0004860892303462543,0.0,0.0,0.0,0.29082894982051694,0.1,0.0,1.0
1779289600.2391872,-0.5320896892795879,-1.0277611331033099,-0.4111975588583121,-0.010749371534240916,-0.0004860892303462543,0.0,0.0,0.0,0.2908294037050553,0.1,0.0,1.0
1779289600.2497625,-0.47687350902604364,-1.0460983492498281,-0.32431517286324096,-0.010749371534240916,-0.0004860892303462543,0.0,0.0,0.0,0.0,0.0,0.0,1.0
1779289600.2588673,-0.4492659925513751,-1.0552718468663949,-0.2808695933231049,-0.010749371534240916,-0.0004860892303462543,0.0,0.0,0.0,0.0,0.0,0.0,1.0
1779289600.268992,-0.43546310462600013,-1.0598607988551776,-0.25914742823344916,-0.010749371534240916,-0.0004860892303462543,0.0,0.0,0.0,0.0,0.0,0.0,1.0
1779289600.2792418,-0.42856189945951906,-1.0621564354867856,-0.24828606090784522,-0.010749371534240916,-0.0004860892303462543,0.0,0.0,0.0,0.0,0.0,0.0,1.0
1779289600.2899017,-0.42511393313907664,-1.0633041948778175,-0.24286457750140844,-0.010749371534240916,-0.0004860892303462543,0.0,0.0,0.0,0.0,0.0,0.0,1.0
1779289600.301498,-0.42338908223358274,-1.0638786076790623,-0.2401503541235397,-0.010749371534240916,-0.0004860892303462543,0.0,0.0,0.0,0.0,0.0,0.0,1.0
1779289600.310566,-0.4225250613857145,-1.0641663611966994,-0.23878722069916103,-0.010749371534240916,-0.0004860892303462543,0.0,0.0,0.0,0.0,0.0,0.0,1.0
1779289600.3216205,-0.42209506809397646,-1.0643098231072565,-0.23811303072772194,-0.010749371534240916,-0.0004860892303462543,0.0,0.0,0.0,0.0,0.0,0.0,1.0
1779289600.3313956,-0.4218787305514334,-1.0643819186239234,-0.2377709566716577,-0.010749371534240916,-0.0004860892303462543,0.0,0.0,0.0,0.0,0.0,0.0,1.0
1779289600.342267,-0.4217713918945508,-1.0644177845487717,-0.23760296496063527,-0.010749371534240916,-0.0004860892303462543,0.0,0.0,0.0,0.0,0.0,0.0,1.0
1779289600.351771,-0.42171878587477296,-1.0644354696504905,-0.23752288254417708,-0.010749371534240916,-0.0004860892303462543,0.0,0.0,0.0,0.0,0.0,0.0,1.0
1779289600.3630195,-0.421692348183736,-1.064444349496203,-0.2374823406729707,-0.010749371534240916,-0.0004860892303462543,0.0,0.0,0.0,0.0,0.0,0.0,1.0
1779289600.3729348,-0.4216774808912048,-1.0644491907937317,-0.23745598828982484,-0.010749371534240916,-0.0004860892303462543,0.0,0.0,0.0,0.0,0.0,0.0,1.0
1779289600.3833632,-0.42166968889171796,-1.0644516996652094,-0.23744148924561426,-0.010749371534240916,-0.0004860892303462543,0.0,0.0,0.0,0.0,0.0,0.0,1.0
1779289600.3930454,-0.4216660396820077,-1.0644528951922445,-0.2374351491846971,-0.010749371534240916,-0.0004860892303462543,0.0,0.0,0.0,0.0,0.0,0.0,1.0
1779289600.4036767,-0.4216634965206978,-1.064453667204916,-0.23742932885572499,-0.010749371534240916,-0.0004860892303462543,0.0,0.0,0.0,0.0,0.0,0.0,1.0
1779289600.4135518,-0.4216629835089252,-1.0644538699670005,-0.2374292159733793,-0.010749371534240916,-0.0004860892303462543,0.0,0.0,0.0,0.0,0.0,0.0,1.0
1779289600.4238765,-0.4216645292077673,-1.0644535352322926,-0.23743580594806257,-0.010749371534240916,-0.0004860892303462543,0.0,0.0,0.0,0.0,0.0,0.0,1.0
1779289600.4343045,-0.4216634860684533,-1.0644538069498783,-0.2374324039939264,-0.010749371534240916,-0.0004860892303462543,0.0,0.0,0.0,0.0,0.0,0.0,1.0
1779289600.4448795,-0.4216637753468212,-1.064453746778317,-0.23743369321500785,-0.010749371534240916,-0.0004860892303462543,0.0,0.0,0.0,0.0,0.0,0.0,1.0
1779289600.4554653,-0.3770978224232935,-1.072740487611853,-0.1944618450249349,-0.010749371534240916,-0.0004860892303462543,0.0,0.0,0.0,0.0,0.0,0.0,1.0
1779289600.4658349,-0.35481645676199847,-1.076885963370266,-0.17297994460667176,-0.010749371534240916,-0.0004860892303462543,0.0,0.0,0.0,0.0,0.0,0.0,1.0
1779289600.475743,-0.3436758717725727,-1.0789599151534266,-0.16223854426018436,-0.010749371534240916,-0.0004860892303462543,0.0,0.0,0.0,0.0,0.0,0.0,1.0
1779289600.4868648,-0.33810640609202225,-1.0799973687908744,-0.15687048060573927,-0.010749371534240916,-0.0004860892303462543,0.0,0.0,0.0,0.0,0.0,0.0,1.0
1779289600.4967742,-0.33532012335214195,-1.0805166508823738,-0.1541806475185119,-0.010749371534240916,-0.0004860892303462543,0.0,0.0,0.0,0.0,0.0,0.0,1.0
1779289600.507416,-0.33392830549575436,-1.0807762371626102,-0.15284044823065823,-0.010749371534240916,-0.0004860892303462543,0.0,0.0,0.0,0.0,0.0,0.0,1.0
1779289600.5183773,-0.3332326728951584,-1.0809060647046222,-0.15217130857354144,-0.010749371534240916,-0.0004860892303462543,0.0,0.0,0.0,0.0,0.0,0.0,1.0
1779289600.5284436,-0.33288417335223375,-1.0809711218617437,-0.15183424002333412,-0.010749371534240916,-0.0004860892303462543,0.0,0.0,0.0,0.0,0.0,0.0,1.0
1779289600.539136,-0.3327103761281354,-1.0810036004037273,-0.15166733634783558,-0.010749371534240916,-0.0004860892303462543,0.0,0.0,0.0,0.0,0.0,0.0,1.0
1779289600.549532,-0.3326209480525187,-1.0810202358685537,-0.15157470721991295,-0.010749371534240916,-0.0004860892303462543,0.0,0.0,0.0,0.0,0.0,0.0,1.0
1779289600.560408,-0.33257847562370774,-1.0810282162847034,-0.1515365180945487,-0.010749371534240916,-0.0004860892303462543,0.0,0.0,0.0,0.0,0.0,0.0,1.0
1779289600.5700204,-0.3325562782792132,-1.0810323554466867,-0.151513937263978,-0.010749371534240916,-0.0004860892303462543,0.0,0.0,0.0,0.0,0.0,0.0,1.0
1779289600.581043,-0.33254647947612626,-1.0810342278265597,-0.1515073595112142,-0.010749371534240916,-0.0004860892303462543,0.0,0.0,0.0,0.0,0.0,0.0,1.0
1779289600.5910482,-0.332541245710108,-1.0810352154445608,-0.15150285801991448,-0.010749371534240916,-0.0004860892303462543,0.0,0.0,0.0,0.0,0.0,0.0,1.0
1779289600.6020648,-0.3325364538613912,-1.0810360415688334,-0.15149272068406017,-0.010749371534240916,-0.0004860892303462543,0.0,0.0,0.0,0.0,0.0,0.0,1.0
1779289600.6122992,-0.33253560472022153,-1.0810362190521645,-0.151493260360128,-0.010749371534240916,-0.0004860892303462543,0.0,0.0,0.0,0.0,0.0,0.0,1.0
1779289600.6225283,-0.3325363392200198,-1.0810361308162495,-0.15149773301122949,-0.010749371534240916,-0.0004860892303462543,0.0,0.0,0.0,0.0,0.0,0.0,1.0
1779289600.6327593,-0.33253645814887306,-1.0810361243508004,-0.15149906906206834,-0.010749371534240916,-0.0004860892303462543,0.0,0.0,0.0,0.0,0.0,0.0,1.0
1779289600.6432993,-0.3325340867135187,-1.0810364921640727,-0.1514909226631418,-0.010749371534240916,-0.0004860892303462543,0.0,0.0,0.0,0.0,0.0,0.0,1.0
1779289600.6534824,-0.31478902087495164,-1.083633480812134,-0.14676836799694737,-0.010749371534240916,-0.0004860892303462543,0.0,0.0,0.0,0.0,0.0,0.0,1.0
1779289600.6637444,-0.30591692688579764,-1.0849321711900066,-0.1444085421271608,-0.010749371534240916,-0.0004860892303462543,0.0,0.0,0.0,0.0,0.0,0.0,1.0
1779289600.6738958,-0.30148156448849917,-1.0855815481356645,-0.14323104064238823,-0.010749371534240916,-0.0004860892303462543,0.0,0.0,0.0,0.0,0.0,0.0,1.0
1779289600.684116,-0.2992625508318073,-1.0859064950844979,-0.142637430253854,-0.010749371534240916,-0.0004860892303462543,0.0,0.0,0.0,0.0,0.0,0.0,1.0
1779289600.6942515,-0.29815322871638883,-1.0860689746449448,-0.1423412772994288,-0.010749371534240916,-0.0004860892303462543,0.0,0.0,0.0,0.0,0.0,0.0,1.0
1779289600.7040663,-0.2975987323170022,-1.0861502071523996,-0.14219378875672195,-0.010749371534240916,-0.0004860892303462543,0.0,0.0,0.0,0.0,0.0,0.0,1.0
1779289600.7153227,-0.2973213190893244,-1.0861908551856285,-0.14211944277114785,-0.010749371534240916,-0.0004860892303462543,0.0,0.0,0.0,0.0,0.0,0.0,1.0
1779289600.7246952,-0.2971823897931901,-1.0862112151622012,-0.1420814613684156,-0.010749371534240916,-0.0004860892303462543,0.0,0.0,0.0,0.0,0.0,0.0,1.0
1779289600.734786,-0.2971148472338818,-1.0862211222894156,-0.14206942942311196,-0.010749371534240916,-0.0004860892303462543,0.0,0.0,0.0,0.0,0.0,0.0,1.0
1779289600.7456443,-0.2970816126318311,-1.0862259997743988,-0.14206535639027162,-0.010749371534240916,-0.0004860892303462543,0.0,0.0,0.0,0.0,0.0,0.0,1.0
1779289600.7557266,-0.2970647860585226,-1.0862284686826498,-0.14206256198952794,-0.010749371534240916,-0.0004860892303462543,0.0,0.0,0.0,0.0,0.0,0.0,1.0
1779289600.766898,-0.29705460194597993,-1.0862299565707674,-0.14205475262845413,-0.010749371534240916,-0.0004860892303462543,0.0,0.0,0.0,0.0,0.0,0.0,1.0
1779289600.776478,-0.2970513721338329,-1.0862304346127294,-0.1420575908217785,-0.010749371534240916,-0.0004860892303462543,0.0,0.0,0.0,0.0,0.0,0.0,1.0
1779289600.787172,-0.29704970392726776,-1.086230681094237,-0.14205881700243106,-0.010749371534240916,-0.0004860892303462543,0.0,0.0,0.0,0.0,0.0,0.0,1.0
1779289600.7978578,-0.2970467831042738,-1.086231102712092,-0.14205187421571264,-0.010749371534240916,-0.0004860892303462543,0.0,0.0,0.0,0.0,0.0,0.0,1.0
1779289600.807613,-0.29704702002333766,-1.0862310711595706,-0.14205454857523225,-0.010749371534240916,-0.0004860892303462543,0.0,0.0,0.0,0.0,0.0,0.0,1.0
1779289600.8185651,-0.29704770675737413,-1.0862309739579405,-0.14205794352576184,-0.010749371534240916,-0.0004860892303462543,0.0,0.0,0.0,0.0,0.0,0.0,1.0
1779289600.829099,-0.29704806658779714,-1.086230922807623,-0.14205970071312501,-0.010749371534240916,-0.0004860892303462543,0.0,0.0,0.0,0.0,0.0,0.0,1.0
1779289600.8393247,-0.29704601643689066,-1.086231216082561,-0.14205250439383077,-0.010749371534240916,-0.0004860892303462543,0.0,0.0,0.0,0.0,0.0,0.0,1.0
1779289600.8495526,-0.2906212329163781,-1.0871433783959716,-0.14154178813663787,-0.010749371534240916,-0.0004860892303462543,0.0,0.0,0.0,0.0,0.0,0.0,1.0
1779289600.8599184,-0.28740924086985603,-1.0875994305232135,-0.1412878630983987,-0.010749371534240916,-0.0004860892303462543,0.0,0.0,0.0,0.0,0.0,0.0,1.0
1779289600.870275,-0.2858035411266244,-1.087827428432751,-0.14116196621057053,-0.010749371534240916,-0.0004860892303462543,0.0,0.0,0.0,0.0,0.0,0.0,1.0
1779289600.8796487,-0.2850002431143867,-1.0879414980442155,-0.14109739176028935,-0.010749371534240916,-0.0004860892303462543,0.0,0.0,0.0,0.0,0.0,0.0,1.0
1779289600.8908098,-0.2846007348830547,-1.0879982323184083,-0.14107285332820307,-0.010749371534240916,-0.0004860892303462543,0.0,0.0,0.0,0.0,0.0,0.0,1.0
1779289600.9004602,-0.2843998315249028,-1.088026764067942,-0.1410564226382376,-0.010749371534240916,-0.0004860892303462543,0.0,0.0,0.0,0.0,0.0,0.0,1.0
1779289600.910602,-0.28429911100981453,-1.088041069036347,-0.14104723352672988,-0.010749371534240916,-0.0004860892303462543,0.0,0.0,0.0,0.0,0.0,0.0,1.0
1779289600.9213955,-0.28424802258993753,-1.0880483254238618,-0.1410400024521774,-0.010749371534240916,-0.0004860892303462543,0.0,0.0,0.0,0.0,0.0,0.0,1.0
1779289600.9316661,-0.28422315211540816,-1.0880518583559637,-0.14103882592445194,-0.010749371534240916,-0.0004860892303462543,0.0,0.0,0.0,0.0,0.0,0.0,1.0
1779289600.9419267,-0.2842119259593359,-1.0880534532202675,-0.14104261501671322,-0.010749371534240916,-0.0004860892303462543,0.0,0.0,0.0,0.0,0.0,0.0,1.0
1779289600.9524825,-0.2842064219595555,-1.0880542349495328,-0.14104490458133956,-0.010749371534240916,-0.0004860892303462543,0.0,0.0,0.0,0.0,0.0,0.0,1.0
1779289600.9629226,-0.28420365471711784,-1.0880546278480272,-0.1410459942447928,-0.010749371534240916,-0.0004860892303462543,0.0,0.0,0.0,0.0,0.0,0.0,1.0
1779289600.9728408,-0.28420180547445784,-1.0880548903482727,-0.1410448533580544,-0.010749371534240916,-0.0004860892303462543,0.0,0.0,0.0,0.0,0.0,0.0,1.0
1779289600.9838884,-0.2842016141706645,-1.0880549175407728,-0.14104693780643718,-0.010749371534240916,-0.0004860892303462543,0.0,0.0,0.0,0.0,0.0,0.0,1.0
1779289600.993933,-0.2841990635684935,-1.0880552795956286,-0.14103909211446908,-0.010749371534240916,-0.0004860892303462543,0.0,0.0,0.0,0.0,0.0,0.0,1.0
1779289601.0037954,-0.28419914076239583,-1.0880552690226033,-0.14104006566053995,-0.010749371534240916,-0.0004860892303462543,0.0,0.0,0.0,0.0,0.0,0.0,1.0
1779289601.0146034,-0.28419850947771896,-1.0880553587931407,-0.14103812720373954,-0.010749371534240916,-0.0004860892303462543,0.0,0.0,0.0,0.0,0.0,0.0,1.0
1779289601.0250738,-0.2841986315522276,-1.0880553416384149,-0.14103874264256167,-0.010749371534240916,-0.0004860892303462543,0.0,0.0,0.0,0.0,0.0,0.0,1.0
1779289601.0347636,-0.28419969358982755,-1.0880551909032299,-0.14104267442701124,-0.010749371534240916,-0.0004860892303462543,0.0,0.0,0.0,0.0,0.0,0.0,1.0
1779289601.045723,-0.2833661471750147,-1.0881732435955533,-0.14103136190752386,-0.010749371534240916,-0.0004860892303462543,0.0,0.0,0.0,0.0,0.0,0.0,1.0
1779289601.0569165,-0.28294853163952727,-1.0882323901791349,-0.14102265573753225,-0.010749371534240916,-0.0004860892303462543,0.0,0.0,0.0,0.0,0.0,0.0,1.0
1779289601.0665061,-0.28274054732909504,-1.0882618470606553,-0.14102128366420974,-0.010749371534240916,-0.0004860892303462543,0.0,0.0,0.0,0.0,0.0,0.0,1.0
1779289601.0779066,-0.2826361809170886,-1.0882766287109287,-0.1410192426222423,-0.010749371534240916,-0.0004860892303462543,0.0,0.0,0.0,0.0,0.0,0.0,1.0
1779289601.0872846,-0.2825819094395505,-1.0882843161065279,-0.14101066163097542,-0.010749371534240916,-0.0004860892303462543,0.0,0.0,0.0,0.0,0.0,0.0,1.0
1779289601.097548,-0.28255647129501715,-1.0882879192965493,-0.14101251688822103,-0.010749371534240916,-0.0004860892303462543,0.0,0.0,0.0,0.0,0.0,0.0,1.0
1779289601.1081824,-0.2825434223446491,-1.088289767614373,-0.1410122502748794,-0.010749371534240916,-0.0004860892303462543,0.0,0.0,0.0,0.0,0.0,0.0,1.0
1779289601.1186435,-0.2825376058093997,-1.088290591293088,-0.14101467999519413,-0.010749371534240916,-0.0004860892303462543,0.0,0.0,0.0,0.0,0.0,0.0,1.0
1779289601.1286619,-0.2825337713675925,-1.0882911344708885,-0.1410125417913739,-0.010749371534240916,-0.0004860892303462543,0.0,0.0,0.0,0.0,0.0,0.0,1.0
1779289601.1392632,-0.2825329351006656,-1.0882912527330286,-0.14101538612851705,-0.010749371534240916,-0.0004860892303462543,0.0,0.0,0.0,0.0,0.0,0.0,1.0
1779289601.150396,-0.28253093106303073,-1.0882915368328332,-0.14101106674918196,-0.010749371534240916,-0.0004860892303462543,0.0,0.0,0.0,0.0,0.0,0.0,1.0
1779289601.159733,-0.2825313779398524,-1.088291473447021,-0.1410141525376818,-0.010749371534240916,-0.0004860892303462543,0.0,0.0,0.0,0.0,0.0,0.0,1.0
1779289601.170939,-0.28253210629858694,-1.0882913699017145,-0.14101752354078512,-0.010749371534240916,-0.0004860892303462543,0.0,0.0,0.0,0.0,0.0,0.0,1.0
1779289601.1811876,-0.282530375819249,-1.0882916152925959,-0.141011625605862,-0.010749371534240916,-0.0004860892303462543,0.0,0.0,0.0,0.0,0.0,0.0,1.0
1779289601.1914062,-0.28253157734696377,-1.0882914449290113,-0.14101615902363207,-0.010749371534240916,-0.0004860892303462543,0.0,0.0,0.0,0.0,0.0,0.0,1.0
1779289601.202108,-0.28253002381329145,-1.08829166530739,-0.14101062641384088,-0.010749371534240916,-0.0004860892303462543,0.0,0.0,0.0,0.0,0.0,0.0,1.0
1779289601.2120504,-0.2825311032060349,-1.0882915123153054,-0.14101458001661493,-0.010749371534240916,-0.0004860892303462543,0.0,0.0,0.0,0.0,0.0,0.0,1.0
1779289601.22288,-0.2825320678872808,-1.08829137526387,-0.14101809555284106,-0.010749371534240916,-0.0004860892303462543,0.0,0.0,0.0,0.0,0.0,0.0,1.0
1779289601.233164,-0.282529977266465,-1.0882916717942752,-0.14101053823363063,-0.010749371534240916,-0.0004860892303462543,0.0,0.0,0.0,0.0,0.0,0.0,1.0
1779289601.2436798,-0.28252893074513696,-1.0882918206466425,-0.14100675498078719,-0.010749371534240916,-0.0004860892303462543,0.0,0.0,0.0,0.0,0.0,0.0,1.0
1779289601.2538764,-0.28251978873337175,-1.0882930777910116,-0.14101422896731064,-0.010749371534240916,-0.0004860892303462543,0.0,0.0,0.0,0.0,0.0,0.0,1.0
1779289601.264124,-0.28251531282050857,-1.0882936924337252,-0.14101831045344637,-0.010749371534240916,-0.0004860892303462543,0.0,0.0,0.0,0.0,0.0,0.0,1.0
1779289601.2746267,-0.2825126802641434,-1.0882940555372782,-0.14101892269939542,-0.010749371534240916,-0.0004860892303462543,0.0,0.0,0.0,0.0,0.0,0.0,1.0
1779289601.2853508,-0.2825092680810468,-1.088294534591165,-0.1410116407926565,-0.010749371534240916,-0.0004860892303462543,0.0,0.0,0.0,0.0,0.0,0.0,1.0
1779289601.2954242,-0.28250796929998,-1.0882947167004,-0.14100947426878951,-0.010749371534240916,-0.0004860892303462543,0.0,0.0,0.0,0.0,0.0,0.0,1.0
1779289601.305603,-0.28250898446889117,-1.0882945715885726,-0.14101441733553877,-0.010749371534240916,-0.0004860892303462543,0.0,0.0,0.0,0.0,0.0,0.0,1.0
1779289601.3159814,-0.28250767395907905,-1.0882947568401238,-0.14101030675839343,-0.010749371534240916,-0.0004860892303462543,0.0,0.0,0.0,0.0,0.0,0.0,1.0
1779289601.3260963,-0.28250734479334905,-1.0882948034044906,-0.14100943193207005,-0.010749371534240916,-0.0004860892303462543,0.0,0.0,0.0,0.0,0.0,0.0,1.0
1779289601.3363948,-0.28250874833829287,-1.0882946041373065,-0.14101467176147864,-0.010749371534240916,-0.0004860892303462543,0.0,0.0,0.0,0.0,0.0,0.0,1.0
1779289601.3472078,-0.2825093460351188,-1.0882945189775417,-0.14101691503064018,-0.010749371534240916,-0.0004860892303462543,0.0,0.0,0.0,0.0,0.0,0.0,1.0
1779289601.3577676,-0.2825078382297722,-1.0882947327403185,-0.14101149589384576,-0.010749371534240916,-0.0004860892303462543,0.0,0.0,0.0,0.0,0.0,0.0,1.0
1779289601.3681402,-0.282507100862042,-1.0882948375746548,-0.14100884603754693,-0.010749371534240916,-0.0004860892303462543,0.0,0.0,0.0,0.0,0.0,0.0,1.0
1779289601.3782487,-0.2825091287850621,-1.088294549938074,-0.1410161977365938,-0.010749371534240916,-0.0004860892303462543,0.0,0.0,0.0,0.0,0.0,0.0,1.0
1779289601.3896954,-0.28251057277842745,-1.0882943446478626,-0.14102143069390927,-0.010749371534240916,-0.0004860892303462543,0.0,0.0,0.0,0.0,0.0,0.0,1.0
1779289601.3996866,-0.28251017827299707,-1.0882944002005859,-0.14102000512284096,-0.010749371534240916,-0.0004860892303462543,0.0,0.0,0.0,0.0,0.0,0.0,1.0
1779289601.4102273,-0.2825084687359431,-1.0882946427457876,-0.14101381719722328,-0.010749371534240916,-0.0004860892303462543,0.0,0.0,0.0,0.0,0.0,0.0,1.0
1779289601.421797,-0.2825094282642189,-1.0882945068121597,-0.14101729156521925,-0.010749371534240916,-0.0004860892303462543,0.0,0.0,0.0,0.0,0.0,0.0,1.0
1779289601.4309587,-0.28250950962723553,-1.0882944952025637,-0.14101758647238327,-0.010749371534240916,-0.0004860892303462543,0.0,0.0,0.0,0.0,0.0,0.0,1.0
1779289601.44117,-0.2825099626354827,-1.088294430847104,-0.14101922672842093,-0.010749371534240916,-0.0004860892303462543,0.0,0.0,0.0,0.0,0.0,0.0,1.0
1779289601.452839,-0.2825091929628043,-1.088294638796623,-0.14102000092405653,-0.010749371534240916,-0.0004860892303462543,0.0,0.0,0.0,0.0,0.0,0.0,1.0
1779289601.4624698,-0.2825065726630752,-1.0882950600784285,-0.14101229473594534,-0.010749371534240916,-0.0004860892303462543,0.0,0.0,0.0,0.0,0.0,0.0,1.0
1779289601.4730794,-0.28250686114170503,-1.088295044212115,-0.14101422912217965,-0.010749371534240916,-0.0004860892303462543,0.0,0.0,0.0,0.0,0.0,0.0,1.0
1779289601.4834106,-0.28250624287374393,-1.0882951444118705,-0.14101243577906297,-0.010749371534240916,-0.0004860892303462543,0.0,0.0,0.0,0.0,0.0,0.0,1.0
1779289601.4937375,-0.2825073382110538,-1.088294995241089,-0.1410166238223307,-0.010749371534240916,-0.0004860892303462543,0.0,0.0,0.0,0.0,0.0,0.0,1.0
1779289601.5047207,-0.2825078300231998,-1.088294928344372,-0.14101851574147828,-0.010749371534240916,-0.0004860892303462543,0.0,0.0,0.0,0.0,0.0,0.0,1.0
1779289601.514272,-0.2825061728571185,-1.0882951649490287,-0.14101257184356442,-0.010749371534240916,-0.0004860892303462543,0.0,0.0,0.0,0.0,0.0,0.0,1.0
1779289601.5246098,-0.28250459324613975,-1.088295390192989,-0.14100688069751932,-0.010749371534240916,-0.0004860892303462543,0.0,0.0,0.0,0.0,0.0,0.0,1.0
1779289601.5356975,-0.2825057966223322,-1.0882952201962768,-0.14101125110190527,-0.010749371534240916,-0.0004860892303462543,0.0,0.0,0.0,0.0,0.0,0.0,1.0
1779289601.545276,-0.28250494687626204,-1.0882953409859653,-0.1410081816394544,-0.010749371534240916,-0.0004860892303462543,0.0,0.0,0.0,0.0,0.0,0.0,1.0
1779289601.5553935,-0.28250651262741,-1.088295118980807,-0.1410138536991612,-0.010749371534240916,-0.0004860892303462543,0.0,0.0,0.0,0.0,0.0,0.0,1.0
1779289601.5663035,-0.28250604070800167,-1.0882951857790444,-0.1410121470163106,-0.010749371534240916,-0.0004860892303462543,0.0,0.0,0.0,0.0,0.0,0.0,1.0
1779289601.5762265,-0.2825071102599075,-1.0882950339507649,-0.14101602011712222,-0.010749371534240916,-0.0004860892303462543,0.0,0.0,0.0,0.0,0.0,0.0,1.0
1779289601.5868485,-0.28250540320297224,-1.0882952760612241,-0.14100984041540743,-0.010749371534240916,-0.0004860892303462543,0.0,0.0,0.0,0.0,0.0,0.0,1.0
1779289601.5968595,-0.28250670525376875,-1.0882950914679663,-0.1410145544764645,-0.010749371534240916,-0.0004860892303462543,0.0,0.0,0.0,0.0,0.0,0.0,1.0
1779289601.6076186,-0.28250498756862086,-1.088295335155925,-0.14100833593103967,-0.010749371534240916,-0.0004860892303462543,0.0,0.0,0.0,0.0,0.0,0.0,1.0
1779289601.6182353,-0.28250539367389793,-1.0882952777809982,-0.14100980611693759,-0.010749371534240916,-0.0004860892303462543,0.0,0.0,0.0,0.0,0.0,0.0,1.0
1779289601.6277328,-0.2825064759284963,-1.08829512420664,-0.14101372432404613,-0.010749371534240916,-0.0004860892303462543,0.0,0.0,0.0,0.0,0.0,0.0,1.0
1779289601.6382964,-0.2825056506288247,-1.0882952411684326,-0.1410107365099238,-0.010749371534240916,-0.0004860892303462543,0.0,0.0,0.0,0.0,0.0,0.0,1.0
1779289601.6499236,-0.28249895132437985,-1.08829613480299,-0.14101226954691892,-0.010749371534240916,-0.0004860892303462543,0.0,0.0,0.0,0.0,0.0,0.0,1.0
1779289601.6589942,-0.28249639840736473,-1.0882964684336116,-0.14101592061908486,-0.010749371534240916,-0.0004860892303462543,0.0,0.0,0.0,0.0,0.0,0.0,1.0
1779289601.6698756,-0.2824948009373463,-1.0882966806099599,-0.1410165840658717,-0.010749371534240916,-0.0004860892303462543,0.0,0.0,0.0,0.0,0.0,0.0,1.0
1779289601.6800206,-0.28249415824779867,-1.0882967645083153,-0.1410174807575788,-0.010749371534240916,-0.0004860892303462543,0.0,0.0,0.0,0.0,0.0,0.0,1.0
1779289601.6902034,-0.2824916344242249,-1.0882971190695732,-0.1410099552416999,-0.010749371534240916,-0.0004860892303462543,0.0,0.0,0.0,0.0,0.0,0.0,1.0
1779289601.7006822,-0.28249142813348765,-1.0882971469155653,-0.14101001405804725,-0.010749371534240916,-0.0004860892303462543,0.0,0.0,0.0,0.0,0.0,0.0,1.0
1779289601.7110693,-0.2824925695884682,-1.0882969841616204,-0.14101454943301794,-0.010749371534240916,-0.0004860892303462543,0.0,0.0,0.0,0.0,0.0,0.0,1.0
1779289601.7210047,-0.28249060540644166,-1.0882972623726335,-0.1410076398303297,-0.010749371534240916,-0.0004860892303462543,0.0,0.0,0.0,0.0,0.0,0.0,1.0
1779289601.7311575,-0.28248985680997984,-1.088297368711149,-0.14100503018483712,-0.010749371534240916,-0.0004860892303462543,0.0,0.0,0.0,0.0,0.0,0.0,1.0
1779289601.7414882,-0.2824902602491398,-1.088297311626087,-0.14100654101718435,-0.010749371534240916,-0.0004860892303462543,0.0,0.0,0.0,0.0,0.0,0.0,1.0
1779289601.7522864,-0.28249342438751457,-1.088296862488343,-0.1410180216448471,-0.010749371534240916,-0.0004860892303462543,0.0,0.0,0.0,0.0,0.0,0.0,1.0
1779289601.7623508,-0.2824912205478758,-1.0882971746944041,-0.14101005573551628,-0.010749371534240916,-0.0004860892303462543,0.0,0.0,0.0,0.0,0.0,0.0,1.0
1779289601.7725723,-0.2824907352800493,-1.0882972436990779,-0.14100830509467688,-0.010749371534240916,-0.0004860892303462543,0.0,0.0,0.0,0.0,0.0,0.0,1.0
1779289601.7827842,-0.2824903213842623,-1.0882973026091796,-0.14100680968708312,-0.010749371534240916,-0.0004860892303462543,0.0,0.0,0.0,0.0,0.0,0.0,1.0
1779289601.7932563,-0.2824921773651318,-1.0882970393165388,-0.14101353058880317,-0.010749371534240916,-0.0004860892303462543,0.0,0.0,0.0,0.0,0.0,0.0,1.0
1779289601.803389,-0.28249057423424595,-1.0882972665916562,-0.14100772752920454,-0.010749371534240916,-0.0004860892303462543,0.0,0.0,0.0,0.0,0.0,0.0,1.0
1779289601.8135562,-0.28249036773646685,-1.088297296077502,-0.14100698022817948,-0.010749371534240916,-0.0004860892303462543,0.0,0.0,0.0,0.0,0.0,0.0,1.0
1779289601.823985,-0.2824913872988317,-1.0882971514798752,-0.14101067159358482,-0.010749371534240916,-0.0004860892303462543,0.0,0.0,0.0,0.0,0.0,0.0,1.0
1779289601.8347507,-0.2824927826078287,-1.0882969532691642,-0.14101572335663848,-0.010749371534240916,-0.0004860892303462543,0.0,0.0,0.0,0.0,0.0,0.0,1.0
1779289601.8450172,-0.2824932797665164,-1.0882968823355232,-0.14101752350650987,-0.010749371534240916,-0.0004860892303462543,0.0,0.0,0.0,0.0,0.0,0.0,1.0
1779289601.8553088,-0.28248380072448787,-1.0882981896388935,-0.14101001795531065,-0.010749371534240916,-0.0004860892303462543,0.0,0.0,0.0,0.0,0.0,0.0,1.0
1779289601.8659525,-0.28248139314283555,-1.0882985126787788,-0.1410147075517525,-0.010749371534240916,-0.0004860892303462543,0.0,0.0,0.0,0.0,0.0,0.0,1.0
1779289601.876135,-0.28247846895014683,-1.088298918153102,-0.14101082391880437,-0.010749371534240916,-0.0004860892303462543,0.0,0.0,0.0,0.0,0.0,0.0,1.0
1779289601.8867128,-0.28247868538194254,-1.0882988828338296,-0.14101495895663474,-0.010749371534240916,-0.0004860892303462543,0.0,0.0,0.0,0.0,0.0,0.0,1.0
1779289601.8968282,-0.2824773218667281,-1.0882990738603542,-0.14101169831909255,-0.010749371534240916,-0.0004860892303462543,0.0,0.0,0.0,0.0,0.0,0.0,1.0
1779289601.9074557,-0.2824784201288101,-1.088298916874678,-0.14101651231369194,-0.010749371534240916,-0.0004860892303462543,0.0,0.0,0.0,0.0,0.0,0.0,1.0
