time,x,y,theta,velocity,acceleration,x_gps,y_gps,theta_gps,steering,throttle,v_ref,gps_valid
1779978038.6132364,-1.2820223569869995,-0.46003758907318115,0.0,0.0,nan,0.0,0.0,0.0,0.0,0.0,0.0,1.0
1779978038.623889,-1.2820223569869995,-0.46003758907318115,0.0,0.0,nan,0.0,0.0,0.0,0.0,0.0,0.0,1.0
1779978038.633903,-1.2820223569869995,-0.46003758907318115,0.0,0.0,nan,0.0,0.0,0.0,0.0,0.0,0.0,1.0
1779978038.6443298,-1.2820223569869995,-0.46003758907318115,0.0,0.0,nan,0.0,0.0,0.0,0.0,0.0,0.0,1.0
1779978038.6547334,-1.2820223569869995,-0.46003758907318115,0.0,0.0,nan,0.0,0.0,0.0,0.0,0.0,0.0,1.0
1779978038.6652389,-1.2820223569869995,-0.46003758907318115,0.0,0.0,nan,0.0,0.0,0.0,0.0,0.0,0.0,1.0
1779978038.675388,-1.2820223569869995,-0.46003758907318115,0.0,0.0,nan,0.0,0.0,0.0,0.0,0.0,0.0,1.0
1779978038.685419,-1.2820223569869995,-0.46003758907318115,0.0,0.0,nan,0.0,0.0,0.0,0.0,0.0,0.0,1.0
1779978038.6954525,-1.2820223569869995,-0.46003758907318115,0.0,0.0,nan,0.0,0.0,0.0,0.0,0.0,0.0,1.0
1779978038.7063282,-1.2820223569869995,-0.46003758907318115,0.0,0.0,nan,0.0,0.0,0.0,0.0,0.0,0.0,1.0
1779978038.716543,-1.2820223569869995,-0.46003758907318115,0.0,0.0,nan,0.0,0.0,0.0,0.0,0.0,0.0,1.0
1779978038.7267027,-1.2820223569869995,-0.46003758907318115,0.0,0.0,nan,0.0,0.0,0.0,0.0,0.0,0.0,1.0
1779978038.7371113,-1.2820223569869995,-0.46003758907318115,0.0,0.0,nan,0.0,0.0,0.0,0.0,0.0,0.0,1.0
1779978038.7471588,-1.2820223569869995,-0.46003758907318115,0.0,0.0,nan,0.0,0.0,0.0,0.0,0.0,0.0,1.0
1779978038.757469,-1.2820223569869995,-0.46003758907318115,0.0,0.0,nan,0.0,0.0,0.0,0.0,0.0,0.0,1.0
1779978038.7675967,-1.2820223569869995,-0.46003758907318115,0.0,0.0,nan,0.0,0.0,0.0,0.0,0.0,0.0,1.0
1779978038.7777653,-1.2820223569869995,-0.46003758907318115,0.0,0.0,nan,0.0,0.0,0.0,0.0,0.0,0.0,0.0
1779978038.788144,-1.2820223569869995,-0.46003758907318115,0.0,0.0,nan,0.0,0.0,0.0,0.0,0.0,0.0,0.0
1779978038.7985046,-1.2820223569869995,-0.46003758907318115,0.0,0.0,nan,0.0,0.0,0.0,0.0,0.0,0.0,1.0
1779978038.8088953,-1.2820223569869995,-0.46003758907318115,0.0,0.0,nan,0.0,0.0,0.0,0.0,0.0,0.0,1.0
1779978038.8191164,-1.2820223569869995,-0.46003758907318115,0.0,0.0,nan,0.0,0.0,0.0,0.0,0.0,0.0,1.0
1779978038.8291962,-1.2820223569869995,-0.46003758907318115,0.0,0.0,nan,0.0,0.0,0.0,0.0,0.0,0.0,1.0
1779978038.839417,-1.2820223569869995,-0.46003758907318115,0.0,0.0,nan,0.0,0.0,0.0,0.0,0.0,0.0,1.0
1779978038.849777,-1.2820223569869995,-0.46003758907318115,0.0,0.0,nan,0.0,0.0,0.0,0.0,0.0,0.0,1.0
1779978038.8599715,-1.2820223569869995,-0.46003758907318115,0.0,0.0,nan,0.0,0.0,0.0,0.0,0.0,0.0,1.0
1779978038.8704147,-1.2820223569869995,-0.46003758907318115,0.0,0.0,nan,0.0,0.0,0.0,0.0,0.0,0.0,1.0
1779978038.8806808,-1.2820223569869995,-0.46003758907318115,0.0,0.0,nan,0.0,0.0,0.0,0.0,0.0,0.0,1.0
1779978038.8910377,-1.2820223569869995,-0.46003758907318115,0.0,0.0,nan,0.0,0.0,0.0,0.0,0.0,0.0,0.0
1779978038.9015074,-1.2820223569869995,-0.46003758907318115,0.0,0.0,nan,0.0,0.0,0.0,0.0,0.0,0.0,0.0
1779978038.91159,-1.2820223569869995,-0.46003758907318115,0.0,0.0,nan,0.0,0.0,0.0,0.0,0.0,0.0,0.0
1779978038.9221184,-1.2820223569869995,-0.46003758907318115,0.0,0.0,nan,0.0,0.0,0.0,0.0,0.0,0.0,0.0
1779978038.9323144,-1.2820223569869995,-0.46003758907318115,0.0,0.0,nan,0.0,0.0,0.0,0.0,0.0,0.0,0.0
1779978038.942595,-1.2820223569869995,-0.46003758907318115,0.0,0.0,nan,0.0,0.0,0.0,0.0,0.0,0.0,0.0
1779978038.9530547,-1.2820223569869995,-0.46003758907318115,0.0,0.0,nan,0.0,0.0,0.0,0.0,0.0,0.0,0.0
1779978038.9632187,-1.2820223569869995,-0.46003758907318115,0.0,0.0,nan,0.0,0.0,0.0,0.0,0.0,0.0,0.0
1779978038.9732873,-1.2820223569869995,-0.46003758907318115,0.0,0.0,nan,0.0,0.0,0.0,0.0,0.0,0.0,0.0
1779978038.983447,-1.2820223569869995,-0.46003758907318115,0.0,0.0,nan,0.0,0.0,0.0,0.0,0.0,0.0,0.0
1779978038.9937675,-1.2820223569869995,-0.46003758907318115,0.0,0.0,nan,0.0,0.0,0.0,0.0,0.0,0.0,1.0
1779978039.0039828,-1.2820223569869995,-0.46003758907318115,0.0,0.0,nan,0.0,0.0,0.0,0.0,0.0,0.0,1.0
1779978039.0143611,-1.2820223569869995,-0.46003758907318115,0.0,0.0,nan,0.0,0.0,0.0,0.0,0.0,0.0,1.0
1779978039.024503,-1.2820223569869995,-0.46003758907318115,0.0,0.0,nan,0.0,0.0,0.0,0.0,0.0,0.0,1.0
1779978039.0349913,-1.2820223569869995,-0.46003758907318115,0.0,0.0,nan,0.0,0.0,0.0,0.0,0.0,0.0,1.0
1779978039.0450373,-1.2820223569869995,-0.46003758907318115,0.0,0.0,nan,0.0,0.0,0.0,0.0,0.0,0.0,1.0
1779978039.0551136,-1.2820223569869995,-0.46003758907318115,0.0,0.0,nan,0.0,0.0,0.0,0.0,0.0,0.0,1.0
1779978039.065447,-1.2820223569869995,-0.46003758907318115,0.0,0.0,nan,0.0,0.0,0.0,0.0,0.0,0.0,1.0
1779978039.0756514,-1.2820223569869995,-0.46003758907318115,0.0,0.0,nan,0.0,0.0,0.0,0.0,0.0,0.0,1.0
1779978039.0864089,-1.2820223569869995,-0.46003758907318115,0.0,0.0,nan,0.0,0.0,0.0,0.0,0.0,0.0,1.0
1779978039.0963438,-1.2820223569869995,-0.46003758907318115,0.0,0.0,nan,0.0,0.0,0.0,0.0,0.0,0.0,1.0
1779978039.106538,-1.2820223569869995,-0.46003758907318115,0.0,0.0,nan,0.0,0.0,0.0,0.0,0.0,0.0,1.0
1779978039.116956,-1.2820223569869995,-0.46003758907318115,0.0,0.0,nan,0.0,0.0,0.0,0.0,0.0,0.0,0.0
1779978039.127109,-1.2820223569869995,-0.46003758907318115,0.0,0.0,nan,0.0,0.0,0.0,0.0,0.0,0.0,0.0
1779978039.1377091,-1.2820223569869995,-0.46003758907318115,0.0,0.0,nan,0.0,0.0,0.0,0.0,0.0,0.0,0.0
1779978039.1477563,-1.2820223569869995,-0.46003758907318115,0.0,0.0,nan,0.0,0.0,0.0,0.0,0.0,0.0,0.0
1779978039.1579492,-1.2820223569869995,-0.46003758907318115,0.0,0.0,nan,0.0,0.0,0.0,0.0,0.0,0.0,0.0
1779978039.168041,-1.2820223569869995,-0.46003758907318115,0.0,0.0,nan,0.0,0.0,0.0,0.0,0.0,0.0,0.0
1779978039.178408,-1.2820223569869995,-0.46003758907318115,0.0,0.0,nan,0.0,0.0,0.0,0.0,0.0,0.0,0.0
1779978039.1885552,-1.2820223569869995,-0.46003758907318115,0.0,0.0,nan,0.0,0.0,0.0,0.0,0.0,0.0,0.0
1779978039.198621,-1.2820223569869995,-0.46003758907318115,0.0,0.0,nan,0.0,0.0,0.0,0.0,0.0,0.0,1.0
1779978039.209058,-1.2820223569869995,-0.46003758907318115,0.0,0.0,nan,0.0,0.0,0.0,0.0,0.0,0.0,1.0
1779978039.2196646,-1.2820223569869995,-0.46003758907318115,0.0,0.0,nan,0.0,0.0,0.0,0.0,0.0,0.0,1.0
1779978039.2302313,-1.2820223569869995,-0.46003758907318115,0.0,0.0,nan,0.0,0.0,0.0,0.0,0.0,0.0,1.0
1779978039.240427,-1.2820223569869995,-0.46003758907318115,0.0,0.0,nan,0.0,0.0,0.0,0.0,0.0,0.0,1.0
1779978039.2508721,-1.2820223569869995,-0.46003758907318115,0.0,0.0,nan,0.0,0.0,0.0,0.0,0.0,0.0,1.0
1779978039.2612143,-1.2820223569869995,-0.46003758907318115,0.0,0.0,nan,0.0,0.0,0.0,0.0,0.0,0.0,1.0
1779978039.2713623,-1.2820223569869995,-0.46003758907318115,0.0,0.0,nan,0.0,0.0,0.0,0.0,0.0,0.0,1.0
1779978039.2816262,-1.2820223569869995,-0.46003758907318115,0.0,0.0,nan,0.0,0.0,0.0,0.0,0.0,0.0,1.0
1779978039.2918453,-1.2820223569869995,-0.46003758907318115,0.0,0.0,nan,0.0,0.0,0.0,0.0,0.0,0.0,1.0
1779978039.3020065,-1.2820223569869995,-0.46003758907318115,0.0,0.0,nan,0.0,0.0,0.0,0.0,0.0,0.0,1.0
1779978039.3121204,-1.2820223569869995,-0.46003758907318115,0.0,0.0,nan,0.0,0.0,0.0,0.0,0.0,0.0,1.0
1779978039.3222177,-1.2820223569869995,-0.46003758907318115,0.0,0.0,nan,0.0,0.0,0.0,0.0,0.0,0.0,1.0
1779978039.3327765,-1.2820223569869995,-0.46003758907318115,0.0,0.0,nan,0.0,0.0,0.0,0.0,0.0,0.0,1.0
1779978039.3428516,-1.2820223569869995,-0.46003758907318115,0.0,0.0,nan,0.0,0.0,0.0,0.0,0.0,0.0,0.0
1779978039.352974,-1.2820223569869995,-0.46003758907318115,0.0,0.0,nan,0.0,0.0,0.0,0.0,0.0,0.0,0.0
1779978039.363418,-1.2820223569869995,-0.46003758907318115,0.0,0.0,nan,0.0,0.0,0.0,0.0,0.0,0.0,0.0
1779978039.373625,-1.2820223569869995,-0.46003758907318115,0.0,0.0,nan,0.0,0.0,0.0,0.0,0.0,0.0,0.0
1779978039.3842564,-1.2820223569869995,-0.46003758907318115,0.0,0.0,nan,0.0,0.0,0.0,0.0,0.0,0.0,0.0
1779978039.394641,-1.2820223569869995,-0.46003758907318115,0.0,0.0,nan,0.0,0.0,0.0,0.0,0.0,0.0,1.0
1779978039.4049377,-1.2820223569869995,-0.46003758907318115,0.0,0.0,nan,0.0,0.0,0.0,0.0,0.0,0.0,1.0
1779978039.4150412,-1.2820223569869995,-0.46003758907318115,0.0,0.0,nan,0.0,0.0,0.0,0.0,0.0,0.0,1.0
1779978039.4256747,-1.2820223569869995,-0.46003758907318115,0.0,0.0,nan,0.0,0.0,0.0,0.0,0.0,0.0,1.0
1779978039.4359322,-1.2820223569869995,-0.46003758907318115,0.0,0.0,nan,0.0,0.0,0.0,0.0,0.0,0.0,1.0
1779978039.4469218,-1.2820223569869995,-0.46003758907318115,0.0,0.0,nan,0.0,0.0,0.0,0.0,0.0,0.0,1.0
1779978039.4573636,-1.2820223569869995,-0.46003758907318115,0.0,0.0,nan,0.0,0.0,0.0,0.0,0.0,0.0,1.0
1779978039.467819,-1.2820223569869995,-0.46003758907318115,0.0,0.0,nan,0.0,0.0,0.0,0.0,0.0,0.0,1.0
1779978039.4779444,-1.2820223569869995,-0.46003758907318115,0.0,0.0,nan,0.0,0.0,0.0,0.0,0.0,0.0,1.0
1779978039.4884489,-1.2820223569869995,-0.46003758907318115,0.0,0.0,nan,0.0,0.0,0.0,0.0,0.0,0.0,1.0
1779978039.4987836,-1.2820223569869995,-0.46003758907318115,0.0,0.0,nan,0.0,0.0,0.0,0.0,0.0,0.0,1.0
1779978039.5092113,-1.2820223569869995,-0.46003758907318115,0.0,0.0,nan,0.0,0.0,0.0,0.0,0.0,0.0,1.0
1779978039.5195584,-1.2820223569869995,-0.46003758907318115,0.0,0.0,nan,0.0,0.0,0.0,0.0,0.0,0.0,1.0
1779978039.5302567,-1.2820223569869995,-0.46003758907318115,0.0,0.0,nan,0.0,0.0,0.0,0.0,0.0,0.0,1.0
1779978039.5404058,-1.2820223569869995,-0.46003758907318115,0.0,0.0,nan,0.0,0.0,0.0,0.0,0.0,0.0,1.0
1779978039.5505044,-1.2820223569869995,-0.46003758907318115,0.0,0.0,nan,0.0,0.0,0.0,0.0,0.0,0.0,1.0
1779978039.560808,-1.2820223569869995,-0.46003758907318115,0.0,0.0,nan,0.0,0.0,0.0,0.0,0.0,0.0,0.0
1779978039.571024,-1.2820223569869995,-0.46003758907318115,0.0,0.0,nan,0.0,0.0,0.0,0.0,0.0,0.0,0.0
1779978039.5810153,-1.2820223569869995,-0.46003758907318115,0.0,0.0,nan,0.0,0.0,0.0,0.0,0.0,0.0,0.0
1779978039.5914524,-1.2820223569869995,-0.46003758907318115,0.0,0.0,nan,0.0,0.0,0.0,0.0,0.0,0.0,0.0
1779978039.6016119,-1.2820223569869995,-0.46003758907318115,0.0,0.0,nan,0.0,0.0,0.0,0.0,0.0,0.0,1.0
1779978039.6119728,-1.2820223569869995,-0.46003758907318115,0.0,0.0,nan,0.0,0.0,0.0,0.0,0.0,0.0,1.0
1779978039.6221123,-1.2820223569869995,-0.46003758907318115,0.0,0.0,nan,0.0,0.0,0.0,0.0,0.0,0.0,1.0
1779978039.6324112,-1.2820223569869995,-0.46003758907318115,0.0,0.0,nan,0.0,0.0,0.0,0.0,0.0,0.0,1.0
1779978039.6431494,-1.2820223569869995,-0.46003758907318115,0.0,0.0,nan,0.0,0.0,0.0,0.0,0.0,0.0,1.0
1779978039.6531024,-1.2820223569869995,-0.46003758907318115,0.0,0.0,nan,0.0,0.0,0.0,0.0,0.0,0.0,1.0
1779978039.6633227,-1.2820223569869995,-0.46003758907318115,0.0,0.0,nan,0.0,0.0,0.0,0.0,0.0,0.0,1.0
1779978039.673457,-1.2820223569869995,-0.46003758907318115,0.0,0.0,nan,0.0,0.0,0.0,0.0,0.0,0.0,1.0
1779978039.683848,-1.2820223569869995,-0.46003758907318115,0.0,0.0,nan,0.0,0.0,0.0,0.0,0.0,0.0,1.0
1779978039.6940658,-1.2820223569869995,-0.46003758907318115,0.0,0.0,nan,0.0,0.0,0.0,0.0,0.0,0.0,1.0
1779978039.7041726,-1.2820223569869995,-0.46003758907318115,0.0,0.0,nan,0.0,0.0,0.0,0.0,0.0,0.0,1.0
1779978039.714438,-1.2820223569869995,-0.46003758907318115,0.0,0.0,nan,0.0,0.0,0.0,0.0,0.0,0.0,1.0
1779978039.7248793,-1.2820223569869995,-0.46003758907318115,0.0,0.0,nan,0.0,0.0,0.0,0.0,0.0,0.0,1.0
1779978039.7351468,-1.2820223569869995,-0.46003758907318115,0.0,0.0,nan,0.0,0.0,0.0,0.0,0.0,0.0,1.0
1779978039.7453473,-1.2820223569869995,-0.46003758907318115,0.0,0.0,nan,0.0,0.0,0.0,0.0,0.0,0.0,1.0
1779978039.7558954,-1.2820223569869995,-0.46003758907318115,0.0,0.0,nan,0.0,0.0,0.0,0.0,0.0,0.0,1.0
1779978039.766089,-1.2820223569869995,-0.46003758907318115,0.0,0.0,nan,0.0,0.0,0.0,0.0,0.0,0.0,1.0
1779978039.7767272,-1.2820223569869995,-0.46003758907318115,0.0,0.0,nan,0.0,0.0,0.0,0.0,0.0,0.0,0.0
1779978039.7867608,-1.2820223569869995,-0.46003758907318115,0.0,0.0,nan,0.0,0.0,0.0,0.0,0.0,0.0,0.0
1779978039.796833,-1.2820223569869995,-0.46003758907318115,0.0,0.0,nan,0.0,0.0,0.0,0.0,0.0,0.0,1.0
1779978039.8070593,-1.2820223569869995,-0.46003758907318115,0.0,0.0,nan,0.0,0.0,0.0,0.0,0.0,0.0,1.0
1779978039.8171897,-1.2820223569869995,-0.46003758907318115,0.0,0.0,nan,0.0,0.0,0.0,0.0,0.0,0.0,1.0
1779978039.8274314,-1.2820223569869995,-0.46003758907318115,0.0,0.0,nan,0.0,0.0,0.0,0.0,0.0,0.0,1.0
1779978039.8376055,-1.2820223569869995,-0.46003758907318115,0.0,0.0,nan,0.0,0.0,0.0,0.0,0.0,0.0,1.0
1779978039.8476162,-1.2820223569869995,-0.46003758907318115,0.0,0.0,nan,0.0,0.0,0.0,0.0,0.0,0.0,1.0
1779978039.8577409,-1.2820223569869995,-0.46003758907318115,0.0,0.0,nan,0.0,0.0,0.0,0.0,0.0,0.0,1.0
1779978039.867998,-1.2820223569869995,-0.46003758907318115,0.0,0.0,nan,0.0,0.0,0.0,0.0,0.0,0.0,1.0
1779978039.878101,-1.2820223569869995,-0.46003758907318115,0.0,0.0,nan,0.0,0.0,0.0,0.0,0.0,0.0,1.0
1779978039.8885646,-1.2820223569869995,-0.46003758907318115,0.0,0.0,nan,0.0,0.0,0.0,0.0,0.0,0.0,1.0
1779978039.8991961,-1.2820223569869995,-0.46003758907318115,0.0,0.0,nan,0.0,0.0,0.0,0.0,0.0,0.0,1.0
1779978039.909169,-1.2820223569869995,-0.46003758907318115,0.0,0.0,nan,0.0,0.0,0.0,0.0,0.0,0.0,1.0
1779978039.9199,-1.2820223569869995,-0.46003758907318115,0.0,0.0,nan,0.0,0.0,0.0,0.0,0.0,0.0,1.0
1779978039.9304552,-1.2820223569869995,-0.46003758907318115,0.0,0.0,nan,0.0,0.0,0.0,0.0,0.0,0.0,1.0
1779978039.9407938,-1.2820223569869995,-0.46003758907318115,0.0,0.0,nan,0.0,0.0,0.0,0.0,0.0,0.0,1.0
1779978039.9510264,-1.2820223569869995,-0.46003758907318115,0.0,0.0,nan,0.0,0.0,0.0,0.0,0.0,0.0,1.0
1779978039.9613748,-1.2820223569869995,-0.46003758907318115,0.0,0.0,nan,0.0,0.0,0.0,0.0,0.0,0.0,1.0
1779978039.97152,-1.2820223569869995,-0.46003758907318115,0.0,0.0,nan,0.0,0.0,0.0,0.0,0.0,0.0,1.0
1779978039.9815388,-1.2820223569869995,-0.46003758907318115,0.0,0.0,nan,0.0,0.0,0.0,0.0,0.0,0.0,0.0
1779978039.9916203,-1.2820223569869995,-0.46003758907318115,0.0,0.0,nan,0.0,0.0,0.0,0.0,0.0,0.0,0.0
1779978040.0022068,-1.2820223569869995,-0.46003758907318115,0.0,0.0,nan,0.0,0.0,0.0,0.0,0.0,0.0,1.0
1779978040.01238,-1.2820223569869995,-0.46003758907318115,0.0,0.0,nan,0.0,0.0,0.0,0.0,0.0,0.0,1.0
1779978040.022841,-1.2820223569869995,-0.46003758907318115,0.0,0.0,nan,0.0,0.0,0.0,0.0,0.0,0.0,1.0
1779978040.0331469,-1.2820223569869995,-0.46003758907318115,0.0,0.0,nan,0.0,0.0,0.0,0.0,0.0,0.0,1.0
1779978040.0438635,-1.2820223569869995,-0.46003758907318115,0.0,0.0,nan,0.0,0.0,0.0,0.0,0.0,0.0,1.0
1779978040.0542467,-1.2820223569869995,-0.46003758907318115,0.0,0.0,nan,0.0,0.0,0.0,0.0,0.0,0.0,1.0
1779978040.064858,-1.2820223569869995,-0.46003758907318115,0.0,0.0,nan,0.0,0.0,0.0,0.0,0.0,0.0,1.0
1779978040.0748053,-1.2820223569869995,-0.46003758907318115,0.0,0.0,nan,0.0,0.0,0.0,0.0,0.0,0.0,1.0
1779978040.0855446,-1.2820223569869995,-0.46003758907318115,0.0,0.0,nan,0.0,0.0,0.0,0.0,0.0,0.0,1.0
1779978040.0956986,-1.2820223569869995,-0.46003758907318115,0.0,0.0,nan,0.0,0.0,0.0,0.0,0.0,0.0,1.0
1779978040.1059391,-1.2820223569869995,-0.46003758907318115,0.0,0.0,nan,0.0,0.0,0.0,0.0,0.0,0.0,1.0
1779978040.1160154,-1.2820223569869995,-0.46003758907318115,0.0,0.0,nan,0.0,0.0,0.0,0.0,0.0,0.0,1.0
1779978040.126085,-1.2820223569869995,-0.46003758907318115,0.0,0.0,nan,0.0,0.0,0.0,0.0,0.0,0.0,1.0
1779978040.1362572,-1.2820223569869995,-0.46003758907318115,0.0,0.0,nan,0.0,0.0,0.0,0.0,0.0,0.0,1.0
1779978040.1469438,-1.2820223569869995,-0.46003758907318115,0.0,0.0,nan,0.0,0.0,0.0,0.0,0.0,0.0,1.0
1779978040.1576092,-1.2820223569869995,-0.46003758907318115,0.0,0.0,nan,0.0,0.0,0.0,0.0,0.0,0.0,1.0
1779978040.1680737,-1.2820223569869995,-0.46003758907318115,0.0,0.0,nan,0.0,0.0,0.0,0.0,0.0,0.0,1.0
1779978040.1783535,-1.2820223569869995,-0.46003758907318115,0.0,0.0,nan,0.0,0.0,0.0,0.0,0.0,0.0,1.0
1779978040.1888347,-1.2820223569869995,-0.46003758907318115,0.0,0.0,nan,0.0,0.0,0.0,0.0,0.0,0.0,1.0
1779978040.1990092,-1.2820223569869995,-0.46003758907318115,0.0,0.0,nan,0.0,0.0,0.0,0.0,0.0,0.0,1.0
1779978040.2098591,-1.2820223569869995,-0.46003758907318115,0.0,0.0,nan,0.0,0.0,0.0,0.0,0.0,0.0,1.0
1779978040.2201724,-1.2820223569869995,-0.46003758907318115,0.0,0.0,nan,0.0,0.0,0.0,0.0,0.0,0.0,1.0
1779978040.2307098,-1.2820223569869995,-0.46003758907318115,0.0,0.0,nan,0.0,0.0,0.0,0.0,0.0,0.0,1.0
1779978040.2409806,-1.2820223569869995,-0.46003758907318115,0.0,0.0,nan,0.0,0.0,0.0,0.0,0.0,0.0,1.0
1779978040.2510478,-1.2820223569869995,-0.46003758907318115,0.0,0.0,nan,0.0,0.0,0.0,0.0,0.0,0.0,1.0
1779978040.2615542,-1.2820223569869995,-0.46003758907318115,0.0,0.0,nan,0.0,0.0,0.0,0.0,0.0,0.0,1.0
1779978040.2716932,-1.2820223569869995,-0.46003758907318115,0.0,0.0,nan,0.0,0.0,0.0,0.0,0.0,0.0,1.0
1779978040.2822366,-1.2820223569869995,-0.46003758907318115,0.0,0.0,nan,0.0,0.0,0.0,0.0,0.0,0.0,1.0
1779978040.2927523,-1.2820223569869995,-0.46003758907318115,0.0,0.0,nan,0.0,0.0,0.0,0.0,0.0,0.0,1.0
1779978040.302952,-1.2820223569869995,-0.46003758907318115,0.0,0.0,nan,0.0,0.0,0.0,0.0,0.0,0.0,1.0
1779978040.3135302,-1.2820223569869995,-0.46003758907318115,0.0,0.0,nan,0.0,0.0,0.0,0.0,0.0,0.0,1.0
1779978040.3239663,-1.2820223569869995,-0.46003758907318115,0.0,0.0,nan,0.0,0.0,0.0,0.0,0.0,0.0,1.0
1779978040.3346033,-1.2820223569869995,-0.46003758907318115,0.0,0.0,nan,0.0,0.0,0.0,0.0,0.0,0.0,1.0
1779978040.34465,-1.2820223569869995,-0.46003758907318115,0.0,0.0,nan,0.0,0.0,0.0,0.0,0.0,0.0,1.0
1779978040.3557773,-1.2820223569869995,-0.46003758907318115,0.0,0.0,nan,0.0,0.0,0.0,0.0,0.0,0.0,1.0
1779978040.366212,-1.2820223569869995,-0.46003758907318115,0.0,0.0,nan,0.0,0.0,0.0,0.0,0.0,0.0,1.0
1779978040.376654,-1.2820223569869995,-0.46003758907318115,0.0,0.0,nan,0.0,0.0,0.0,0.0,0.0,0.0,1.0
1779978040.387244,-1.2820223569869995,-0.46003758907318115,0.0,0.0,nan,0.0,0.0,0.0,0.0,0.0,0.0,1.0
1779978040.3977437,-1.2820223569869995,-0.46003758907318115,0.0,0.0,nan,0.0,0.0,0.0,0.0,0.0,0.0,1.0
1779978040.4080982,-1.2820223569869995,-0.46003758907318115,0.0,0.0,nan,0.0,0.0,0.0,0.0,0.0,0.0,1.0
1779978040.4186158,-1.2820223569869995,-0.46003758907318115,0.0,0.0,nan,0.0,0.0,0.0,0.0,0.0,0.0,1.0
1779978040.4291084,-1.2820223569869995,-0.46003758907318115,0.0,0.0,nan,0.0,0.0,0.0,0.0,0.0,0.0,1.0
1779978040.439989,-1.2820223569869995,-0.46003758907318115,0.0,0.0,nan,0.0,0.0,0.0,0.0,0.0,0.0,1.0
1779978040.4502447,-1.2820223569869995,-0.46003758907318115,0.0,0.0,nan,0.0,0.0,0.0,0.0,0.0,0.0,1.0
1779978040.460871,-1.2820223569869995,-0.46003758907318115,0.0,0.0,nan,0.0,0.0,0.0,0.0,0.0,0.0,1.0
1779978040.4714127,-1.2820223569869995,-0.46003758907318115,0.0,0.0,nan,0.0,0.0,0.0,0.0,0.0,0.0,1.0
1779978040.4814806,-1.2820223569869995,-0.46003758907318115,0.0,0.0,nan,0.0,0.0,0.0,0.0,0.0,0.0,1.0
1779978040.4918916,-1.2820223569869995,-0.46003758907318115,0.0,0.0,nan,0.0,0.0,0.0,0.0,0.0,0.0,1.0
1779978040.5021727,-1.2820223569869995,-0.46003758907318115,0.0,0.0,nan,0.0,0.0,0.0,0.0,0.0,0.0,1.0
1779978040.5126545,-1.2820223569869995,-0.46003758907318115,0.0,0.0,nan,0.0,0.0,0.0,0.0,0.0,0.0,1.0
1779978040.5232341,-1.2820223569869995,-0.46003758907318115,0.0,0.0,nan,0.0,0.0,0.0,0.0,0.0,0.0,1.0
1779978040.5346694,-1.2820223569869995,-0.46003758907318115,0.0,0.0,nan,0.0,0.0,0.0,0.0,0.0,0.0,1.0
1779978040.5452461,-1.2820223569869995,-0.46003758907318115,0.0,0.0,nan,0.0,0.0,0.0,0.0,0.0,0.0,1.0
1779978040.5553024,-1.2820223569869995,-0.46003758907318115,0.0,0.0,nan,0.0,0.0,0.0,0.0,0.0,0.0,1.0
1779978040.5657952,-1.2820223569869995,-0.46003758907318115,0.0,0.0,nan,0.0,0.0,0.0,0.0,0.0,0.0,1.0
1779978040.5763657,-1.2820223569869995,-0.46003758907318115,0.0,0.0,nan,0.0,0.0,0.0,0.0,0.0,0.0,1.0
1779978040.5867462,-1.2820223569869995,-0.46003758907318115,0.0,0.0,nan,0.0,0.0,0.0,0.0,0.0,0.0,1.0
1779978040.5969472,-1.2820223569869995,-0.46003758907318115,0.0,0.0,nan,0.0,0.0,0.0,0.0,0.0,0.0,1.0
1779978040.6072843,-1.2820223569869995,-0.46003758907318115,0.0,0.0,nan,0.0,0.0,0.0,0.0,0.0,0.0,1.0
1779978040.6173751,-1.2820223569869995,-0.46003758907318115,0.0,0.0,nan,0.0,0.0,0.0,0.0,0.0,0.0,1.0
1779978040.6277506,-1.2820223569869995,-0.46003758907318115,0.0,0.0,nan,0.0,0.0,0.0,0.0,0.0,0.0,1.0
1779978040.637934,-1.2820223569869995,-0.46003758907318115,0.0,0.0,nan,0.0,0.0,0.0,0.0,0.0,0.0,1.0
1779978040.6481023,-1.2820223569869995,-0.46003758907318115,0.0,0.0,nan,0.0,0.0,0.0,0.0,0.0,0.0,1.0
1779978040.6582894,-1.2820223569869995,-0.46003758907318115,0.0,0.0,nan,0.0,0.0,0.0,0.0,0.0,0.0,1.0
1779978040.668767,-1.2820223569869995,-0.46003758907318115,0.0,0.0,nan,0.0,0.0,0.0,0.0,0.0,0.0,1.0
1779978040.6792219,-1.2820223569869995,-0.46003758907318115,0.0,0.0,nan,0.0,0.0,0.0,0.0,0.0,0.0,1.0
1779978040.6892393,-1.2820223569869995,-0.46003758907318115,0.0,0.0,nan,0.0,0.0,0.0,0.0,0.0,0.0,1.0
1779978040.6997464,-1.2820223569869995,-0.46003758907318115,0.0,0.0,nan,0.0,0.0,0.0,0.0,0.0,0.0,1.0
1779978040.7102444,-1.2820223569869995,-0.46003758907318115,0.0,0.0,nan,0.0,0.0,0.0,0.0,0.0,0.0,1.0
1779978040.7209556,-1.2820223569869995,-0.46003758907318115,0.0,0.0,nan,0.0,0.0,0.0,0.0,0.0,0.0,1.0
1779978040.731465,-1.2820223569869995,-0.46003758907318115,0.0,0.0,nan,0.0,0.0,0.0,0.0,0.0,0.0,1.0
1779978040.7413898,-1.2820223569869995,-0.46003758907318115,0.0,0.0,nan,0.0,0.0,0.0,0.0,0.0,0.0,1.0
1779978040.751521,-1.2820223569869995,-0.46003758907318115,0.0,0.0,nan,0.0,0.0,0.0,0.0,0.0,0.0,1.0
1779978040.761901,-1.2820223569869995,-0.46003758907318115,0.0,0.0,nan,0.0,0.0,0.0,0.0,0.0,0.0,1.0
1779978040.7724907,-1.2820223569869995,-0.46003758907318115,0.0,0.0,nan,0.0,0.0,0.0,0.0,0.0,0.0,1.0
1779978040.782588,-1.2820223569869995,-0.46003758907318115,0.0,0.0,nan,0.0,0.0,0.0,0.0,0.0,0.0,1.0
1779978040.7930338,-1.2820223569869995,-0.46003758907318115,0.0,0.0,nan,0.0,0.0,0.0,0.0,0.0,0.0,1.0
1779978040.8032568,-1.2820223569869995,-0.46003758907318115,0.0,0.0,nan,0.0,0.0,0.0,0.0,0.0,0.0,1.0
1779978040.8134017,-1.2820223569869995,-0.46003758907318115,0.0,0.0,nan,0.0,0.0,0.0,0.0,0.0,0.0,1.0
1779978040.823835,-1.2820223569869995,-0.46003758907318115,0.0,0.0,nan,0.0,0.0,0.0,0.0,0.0,0.0,1.0
1779978040.8342519,-1.2820223569869995,-0.46003758907318115,0.0,0.0,nan,0.0,0.0,0.0,0.0,0.0,0.0,1.0
1779978040.8443396,-1.2820223569869995,-0.46003758907318115,0.0,0.0,nan,0.0,0.0,0.0,0.0,0.0,0.0,1.0
1779978040.8545501,-1.2820223569869995,-0.46003758907318115,0.0,0.0,nan,0.0,0.0,0.0,0.0,0.0,0.0,1.0
1779978040.8649614,-1.2820223569869995,-0.46003758907318115,0.0,0.0,nan,0.0,0.0,0.0,0.0,0.0,0.0,1.0
1779978040.8752906,-1.2820223569869995,-0.46003758907318115,0.0,0.0,nan,0.0,0.0,0.0,0.0,0.0,0.0,1.0
1779978040.885885,-1.2820223569869995,-0.46003758907318115,0.0,0.0,nan,0.0,0.0,0.0,0.0,0.0,0.0,1.0
1779978040.8962996,-1.2820223569869995,-0.46003758907318115,0.0,0.0,nan,0.0,0.0,0.0,0.0,0.0,0.0,1.0
1779978040.9069374,-1.2820223569869995,-0.46003758907318115,0.0,0.0,nan,0.0,0.0,0.0,0.0,0.0,0.0,1.0
1779978040.9173787,-1.2820223569869995,-0.46003758907318115,0.0,0.0,nan,0.0,0.0,0.0,0.0,0.0,0.0,1.0
1779978040.928046,-1.2820223569869995,-0.46003758907318115,0.0,0.0,nan,0.0,0.0,0.0,0.0,0.0,0.0,1.0
1779978040.938259,-1.2820223569869995,-0.46003758907318115,0.0,0.0,nan,0.0,0.0,0.0,0.0,0.0,0.0,1.0
1779978040.9486887,-1.2820223569869995,-0.46003758907318115,0.0,0.0,nan,0.0,0.0,0.0,0.0,0.0,0.0,1.0
1779978040.9591506,-1.2820223569869995,-0.46003758907318115,0.0,0.0,nan,0.0,0.0,0.0,0.0,0.0,0.0,1.0
1779978040.969679,-1.2820223569869995,-0.46003758907318115,0.0,0.0,nan,0.0,0.0,0.0,0.0,0.0,0.0,1.0
1779978040.9801257,-1.2820223569869995,-0.46003758907318115,0.0,0.0,nan,0.0,0.0,0.0,0.0,0.0,0.0,1.0
1779978040.99072,-1.2820223569869995,-0.46003758907318115,0.0,0.0,nan,0.0,0.0,0.0,0.0,0.0,0.0,1.0
1779978041.0011451,-1.2820223569869995,-0.46003758907318115,0.0,0.0,nan,0.0,0.0,0.0,0.0,0.0,0.0,1.0
1779978041.011373,-1.2820223569869995,-0.46003758907318115,0.0,0.0,nan,0.0,0.0,0.0,0.0,0.0,0.0,1.0
1779978041.0219245,-1.2820223569869995,-0.46003758907318115,0.0,0.0,nan,0.0,0.0,0.0,0.0,0.0,0.0,1.0
1779978041.0323853,-1.2820223569869995,-0.46003758907318115,0.0,0.0,nan,0.0,0.0,0.0,0.0,0.0,0.0,1.0
1779978041.042754,-1.2820223569869995,-0.46003758907318115,0.0,0.0,nan,0.0,0.0,0.0,0.0,0.0,0.0,1.0
1779978041.053295,-1.2820223569869995,-0.46003758907318115,0.0,0.0,nan,0.0,0.0,0.0,0.0,0.0,0.0,1.0
1779978041.0638342,-1.2820223569869995,-0.46003758907318115,0.0,0.0,nan,0.0,0.0,0.0,0.0,0.0,0.0,1.0
1779978041.0744195,-1.2820223569869995,-0.46003758907318115,0.0,0.0,nan,0.0,0.0,0.0,0.0,0.0,0.0,1.0
1779978041.0848806,-1.2820223569869995,-0.46003758907318115,0.0,0.0,nan,0.0,0.0,0.0,0.0,0.0,0.0,1.0
1779978041.0956597,-1.2820223569869995,-0.46003758907318115,0.0,0.0,nan,0.0,0.0,0.0,0.0,0.0,0.0,1.0
1779978041.1063669,-1.2820223569869995,-0.46003758907318115,0.0,0.0,nan,0.0,0.0,0.0,0.0,0.0,0.0,1.0
1779978041.1166453,-1.2820223569869995,-0.46003758907318115,0.0,0.0,nan,0.0,0.0,0.0,0.0,0.0,0.0,1.0
1779978041.1272836,-1.2820223569869995,-0.46003758907318115,0.0,0.0,nan,0.0,0.0,0.0,0.0,0.0,0.0,1.0
1779978041.1379676,-1.2820223569869995,-0.46003758907318115,0.0,0.0,nan,0.0,0.0,0.0,0.0,0.0,0.0,1.0
1779978041.1481247,-1.2820223569869995,-0.46003758907318115,0.0,0.0,nan,0.0,0.0,0.0,0.0,0.0,0.0,1.0
1779978041.1587658,-1.2820223569869995,-0.46003758907318115,0.0,0.0,nan,0.0,0.0,0.0,0.0,0.0,0.0,1.0
1779978041.169308,-1.2820223569869995,-0.46003758907318115,0.0,0.0,nan,0.0,0.0,0.0,0.0,0.0,0.0,1.0
1779978041.1798007,-1.2820223569869995,-0.46003758907318115,0.0,0.0,nan,0.0,0.0,0.0,0.0,0.0,0.0,1.0
1779978041.1904235,-1.2820223569869995,-0.46003758907318115,0.0,0.0,nan,0.0,0.0,0.0,0.0,0.0,0.0,1.0
1779978041.2006004,-1.2820223569869995,-0.46003758907318115,0.0,0.0,nan,0.0,0.0,0.0,0.0,0.0,0.0,1.0
1779978041.2109432,-1.2820223569869995,-0.46003758907318115,0.0,0.0,nan,0.0,0.0,0.0,0.0,0.0,0.0,1.0
1779978041.2219646,-1.2820223569869995,-0.46003758907318115,0.0,0.0,nan,0.0,0.0,0.0,0.0,0.0,0.0,1.0
1779978041.2324622,-1.2820223569869995,-0.46003758907318115,0.0,0.0,nan,0.0,0.0,0.0,0.0,0.0,0.0,1.0
1779978041.242874,-1.2820223569869995,-0.46003758907318115,0.0,0.0,nan,0.0,0.0,0.0,0.0,0.0,0.0,1.0
1779978041.2534487,-1.2820223569869995,-0.46003758907318115,0.0,0.0,nan,0.0,0.0,0.0,0.0,0.0,0.0,1.0
1779978041.2637637,-1.2820223569869995,-0.46003758907318115,0.0,0.0,nan,0.0,0.0,0.0,0.0,0.0,0.0,1.0
1779978041.274314,-1.2820223569869995,-0.46003758907318115,0.0,0.0,nan,0.0,0.0,0.0,0.0,0.0,0.0,1.0
1779978041.2846258,-1.2820223569869995,-0.46003758907318115,0.0,0.0,nan,0.0,0.0,0.0,0.0,0.0,0.0,1.0
1779978041.294654,-1.2820223569869995,-0.46003758907318115,0.0,0.0,nan,0.0,0.0,0.0,0.0,0.0,0.0,1.0
1779978041.3051016,-1.2820223569869995,-0.46003758907318115,0.0,0.0,nan,0.0,0.0,0.0,0.0,0.0,0.0,1.0
1779978041.3157532,-1.2820223569869995,-0.46003758907318115,0.0,0.0,nan,0.0,0.0,0.0,0.0,0.0,0.0,1.0
1779978041.3262012,-1.2820223569869995,-0.46003758907318115,0.0,0.0,nan,0.0,0.0,0.0,0.0,0.0,0.0,1.0
1779978041.3367553,-1.2820223569869995,-0.46003758907318115,0.0,0.0,nan,0.0,0.0,0.0,0.0,0.0,0.0,1.0
1779978041.347165,-1.2820223569869995,-0.46003758907318115,0.0,0.0,nan,0.0,0.0,0.0,0.0,0.0,0.0,1.0
1779978041.3577256,-1.2820223569869995,-0.46003758907318115,0.0,0.0,nan,0.0,0.0,0.0,0.0,0.0,0.0,1.0
1779978041.3681588,-1.2820223569869995,-0.46003758907318115,0.0,0.0,nan,0.0,0.0,0.0,0.0,0.0,0.0,1.0
1779978041.3787282,-1.2820223569869995,-0.46003758907318115,0.0,0.0,nan,0.0,0.0,0.0,0.0,0.0,0.0,1.0
1779978041.3891578,-1.2820223569869995,-0.46003758907318115,0.0,0.0,nan,0.0,0.0,0.0,0.0,0.0,0.0,1.0
1779978041.3997982,-1.2820223569869995,-0.46003758907318115,0.0,0.0,nan,0.0,0.0,0.0,0.0,0.0,0.0,1.0
1779978041.4102597,-1.2820223569869995,-0.46003758907318115,0.0,0.0,nan,0.0,0.0,0.0,0.0,0.0,0.0,1.0
1779978041.420775,-1.2820223569869995,-0.46003758907318115,0.0,0.0,nan,0.0,0.0,0.0,0.0,0.0,0.0,1.0
1779978041.4310894,-1.2820223569869995,-0.46003758907318115,0.0,0.0,nan,0.0,0.0,0.0,0.0,0.0,0.0,1.0
1779978041.4410915,-1.2820223569869995,-0.46003758907318115,0.0,0.0,nan,0.0,0.0,0.0,0.0,0.0,0.0,1.0
1779978041.4516206,-1.2820223569869995,-0.46003758907318115,0.0,0.0,nan,0.0,0.0,0.0,0.0,0.0,0.0,1.0
1779978041.4617953,-1.2820223569869995,-0.46003758907318115,0.0,0.0,nan,0.0,0.0,0.0,0.0,0.0,0.0,1.0
1779978041.47199,-1.2820223569869995,-0.46003758907318115,0.0,0.0,nan,0.0,0.0,0.0,0.0,0.0,0.0,1.0
1779978041.4826312,-1.2820223569869995,-0.46003758907318115,0.0,0.0,nan,0.0,0.0,0.0,0.0,0.0,0.0,1.0
1779978041.4927633,-1.2820223569869995,-0.46003758907318115,0.0,0.0,nan,0.0,0.0,0.0,0.0,0.0,0.0,1.0
1779978041.5034142,-1.2820223569869995,-0.46003758907318115,0.0,0.0,nan,0.0,0.0,0.0,0.0,0.0,0.0,1.0
1779978041.5139546,-1.2820223569869995,-0.46003758907318115,0.0,0.0,nan,0.0,0.0,0.0,0.0,0.0,0.0,1.0
1779978041.5244408,-1.2820223569869995,-0.46003758907318115,0.0,0.0,nan,0.0,0.0,0.0,0.0,0.0,0.0,1.0
1779978041.5348873,-1.2820223569869995,-0.46003758907318115,0.0,0.0,nan,0.0,0.0,0.0,0.0,0.0,0.0,1.0
1779978041.54561,-1.2820223569869995,-0.46003758907318115,0.0,0.0,nan,0.0,0.0,0.0,0.0,0.0,0.0,1.0
1779978041.556112,-1.2820223569869995,-0.46003758907318115,0.0,0.0,nan,0.0,0.0,0.0,0.0,0.0,0.0,1.0
1779978041.5662074,-1.2820223569869995,-0.46003758907318115,0.0,0.0,nan,0.0,0.0,0.0,0.0,0.0,0.0,1.0
1779978041.5765462,-1.2820223569869995,-0.46003758907318115,0.0,0.0,nan,0.0,0.0,0.0,0.0,0.0,0.0,1.0
1779978041.5867822,-1.2820223569869995,-0.46003758907318115,0.0,0.0,nan,0.0,0.0,0.0,0.0,0.0,0.0,1.0
1779978041.597522,-1.2820223569869995,-0.46003758907318115,0.0,0.0,nan,0.0,0.0,0.0,0.0,0.0,0.0,1.0
1779978041.6075873,-1.2820223569869995,-0.46003758907318115,0.0,0.0,nan,0.0,0.0,0.0,0.0,0.0,0.0,1.0
1779978041.6181617,-1.2820223569869995,-0.46003758907318115,0.0,0.0,nan,0.0,0.0,0.0,0.0,0.0,0.0,1.0
1779978041.6287043,-1.2820223569869995,-0.46003758907318115,0.0,0.0,nan,0.0,0.0,0.0,0.0,0.0,0.0,1.0
1779978041.6393077,-1.2820223569869995,-0.46003758907318115,0.0,0.0,nan,0.0,0.0,0.0,0.0,0.0,0.0,1.0
1779978041.649493,-1.2820223569869995,-0.46003758907318115,0.0,0.0,nan,0.0,0.0,0.0,0.0,0.0,0.0,1.0
1779978041.6599877,-1.2820223569869995,-0.46003758907318115,0.0,0.0,nan,0.0,0.0,0.0,0.0,0.0,0.0,1.0
1779978041.6704097,-1.2820223569869995,-0.46003758907318115,0.0,0.0,nan,0.0,0.0,0.0,0.0,0.0,0.0,1.0
1779978041.6809258,-1.2820223569869995,-0.46003758907318115,0.0,0.0,nan,0.0,0.0,0.0,0.0,0.0,0.0,1.0
1779978041.6912313,-1.2820223569869995,-0.46003758907318115,0.0,0.0,nan,0.0,0.0,0.0,0.0,0.0,0.0,1.0
1779978041.7013803,-1.2820223569869995,-0.46003758907318115,0.0,0.0,nan,0.0,0.0,0.0,0.0,0.0,0.0,1.0
1779978041.711785,-1.2820223569869995,-0.46003758907318115,0.0,0.0,nan,0.0,0.0,0.0,0.0,0.0,0.0,1.0
1779978041.7225158,-1.2820223569869995,-0.46003758907318115,0.0,0.0,nan,0.0,0.0,0.0,0.0,0.0,0.0,1.0
1779978041.7325191,-1.2820223569869995,-0.46003758907318115,0.0,0.0,nan,0.0,0.0,0.0,0.0,0.0,0.0,1.0
1779978041.7431445,-1.2820223569869995,-0.46003758907318115,0.0,0.0,nan,0.0,0.0,0.0,0.0,0.0,0.0,1.0
1779978041.753291,-1.2820223569869995,-0.46003758907318115,0.0,0.0,nan,0.0,0.0,0.0,0.0,0.0,0.0,1.0
1779978041.7637503,-1.2820223569869995,-0.46003758907318115,0.0,0.0,nan,0.0,0.0,0.0,0.0,0.0,0.0,1.0
1779978041.7743528,-1.2820223569869995,-0.46003758907318115,0.0,0.0,nan,0.0,0.0,0.0,0.0,0.0,0.0,1.0
1779978041.7845078,-1.2820223569869995,-0.46003758907318115,0.0,0.0,nan,0.0,0.0,0.0,0.0,0.0,0.0,1.0
1779978041.794905,-1.2820223569869995,-0.46003758907318115,0.0,0.0,nan,0.0,0.0,0.0,0.0,0.0,0.0,1.0
1779978041.8049338,-1.2820223569869995,-0.46003758907318115,0.0,0.0,nan,0.0,0.0,0.0,0.0,0.0,0.0,1.0
1779978041.815583,-1.2820223569869995,-0.46003758907318115,0.0,0.0,nan,0.0,0.0,0.0,0.0,0.0,0.0,1.0
1779978041.8261278,-1.2820223569869995,-0.46003758907318115,0.0,0.0,nan,0.0,0.0,0.0,0.0,0.0,0.0,1.0
1779978041.8367667,-1.2820223569869995,-0.46003758907318115,0.0,0.0,nan,0.0,0.0,0.0,0.0,0.0,0.0,1.0
1779978041.8472583,-1.2820223569869995,-0.46003758907318115,0.0,0.0,nan,0.0,0.0,0.0,0.0,0.0,0.0,1.0
1779978041.8573759,-1.2820223569869995,-0.46003758907318115,0.0,0.0,nan,0.0,0.0,0.0,0.0,0.0,0.0,1.0
1779978041.867892,-1.2820223569869995,-0.46003758907318115,0.0,0.0,nan,0.0,0.0,0.0,0.0,0.0,0.0,1.0
1779978041.8781242,-1.2820223569869995,-0.46003758907318115,0.0,0.0,nan,0.0,0.0,0.0,0.0,0.0,0.0,1.0
1779978041.888141,-1.2820223569869995,-0.46003758907318115,0.0,0.0,nan,0.0,0.0,0.0,0.0,0.0,0.0,1.0
1779978041.8986187,-1.2820223569869995,-0.46003758907318115,0.0,0.0,nan,0.0,0.0,0.0,0.0,0.0,0.0,1.0
1779978041.909338,-1.2820223569869995,-0.46003758907318115,0.0,0.0,nan,0.0,0.0,0.0,0.0,0.0,0.0,1.0
1779978041.919433,-1.2820223569869995,-0.46003758907318115,0.0,0.0,nan,0.0,0.0,0.0,0.0,0.0,0.0,1.0
1779978041.9300208,-1.2820223569869995,-0.46003758907318115,0.0,0.0,nan,0.0,0.0,0.0,0.0,0.0,0.0,1.0
1779978041.939963,-1.2820223569869995,-0.46003758907318115,0.0,0.0,nan,0.0,0.0,0.0,0.0,0.0,0.0,1.0
1779978041.9505587,-1.2820223569869995,-0.46003758907318115,0.0,0.0,nan,0.0,0.0,0.0,0.0,0.0,0.0,1.0
1779978041.9608104,-1.2820223569869995,-0.46003758907318115,0.0,0.0,nan,0.0,0.0,0.0,0.0,0.0,0.0,1.0
1779978041.9715595,-1.2820223569869995,-0.46003758907318115,0.0,0.0,nan,0.0,0.0,0.0,0.0,0.0,0.0,1.0
1779978041.981888,-1.2820223569869995,-0.46003758907318115,0.0,0.0,nan,0.0,0.0,0.0,0.0,0.0,0.0,1.0
1779978041.992558,-1.2820223569869995,-0.46003758907318115,0.0,0.0,nan,0.0,0.0,0.0,0.0,0.0,0.0,1.0
1779978042.0028396,-1.2820223569869995,-0.46003758907318115,0.0,0.0,nan,0.0,0.0,0.0,0.0,0.0,0.0,1.0
1779978042.0133936,-1.2820223569869995,-0.46003758907318115,0.0,0.0,nan,0.0,0.0,0.0,0.0,0.0,0.0,1.0
1779978042.0236354,-1.2820223569869995,-0.46003758907318115,0.0,0.0,nan,0.0,0.0,0.0,0.0,0.0,0.0,1.0
1779978042.0343242,-1.2820223569869995,-0.46003758907318115,0.0,0.0,nan,0.0,0.0,0.0,0.0,0.0,0.0,1.0
1779978042.0445254,-1.2820223569869995,-0.46003758907318115,0.0,0.0,nan,0.0,0.0,0.0,0.0,0.0,0.0,1.0
1779978042.0549731,-1.2820223569869995,-0.46003758907318115,0.0,0.0,nan,0.0,0.0,0.0,0.0,0.0,0.0,1.0
1779978042.0653527,-1.2820223569869995,-0.46003758907318115,0.0,0.0,nan,0.0,0.0,0.0,0.0,0.0,0.0,1.0
1779978042.0760655,-1.2820223569869995,-0.46003758907318115,0.0,0.0,nan,0.0,0.0,0.0,0.0,0.0,0.0,1.0
1779978042.086466,-1.2820223569869995,-0.46003758907318115,0.0,0.0,nan,0.0,0.0,0.0,0.0,0.0,0.0,1.0
1779978042.0971308,-1.2820223569869995,-0.46003758907318115,0.0,0.0,nan,0.0,0.0,0.0,0.0,0.0,0.0,1.0
1779978042.1076312,-1.2820223569869995,-0.46003758907318115,0.0,0.0,nan,0.0,0.0,0.0,0.0,0.0,0.0,1.0
1779978042.1179404,-1.2820223569869995,-0.46003758907318115,0.0,0.0,nan,0.0,0.0,0.0,0.0,0.0,0.0,1.0
1779978042.128031,-1.2820223569869995,-0.46003758907318115,0.0,0.0,nan,0.0,0.0,0.0,0.0,0.0,0.0,1.0
1779978042.1387076,-1.2820223569869995,-0.46003758907318115,0.0,0.0,nan,0.0,0.0,0.0,0.0,0.0,0.0,1.0
1779978042.1492906,-1.2820223569869995,-0.46003758907318115,0.0,0.0,nan,0.0,0.0,0.0,0.0,0.0,0.0,1.0
1779978042.1594656,-1.2820223569869995,-0.46003758907318115,0.0,0.0,nan,0.0,0.0,0.0,0.0,0.0,0.0,1.0
1779978042.1700006,-1.2820223569869995,-0.46003758907318115,0.0,0.0,nan,0.0,0.0,0.0,0.0,0.0,0.0,1.0
1779978042.18051,-1.2820223569869995,-0.46003758907318115,0.0,0.0,nan,0.0,0.0,0.0,0.0,0.0,0.0,1.0
1779978042.1910326,-1.2820223569869995,-0.46003758907318115,0.0,0.0,nan,0.0,0.0,0.0,0.0,0.0,0.0,1.0
1779978042.2016635,-1.2820223569869995,-0.46003758907318115,0.0,0.0,nan,0.0,0.0,0.0,0.0,0.0,0.0,1.0
1779978042.2117596,-1.2820223569869995,-0.46003758907318115,0.0,0.0,nan,0.0,0.0,0.0,0.0,0.0,0.0,1.0
1779978042.2220259,-1.2820223569869995,-0.46003758907318115,0.0,0.0,nan,0.0,0.0,0.0,0.0,0.0,0.0,1.0
1779978042.2326088,-1.2820223569869995,-0.46003758907318115,0.0,0.0,nan,0.0,0.0,0.0,0.0,0.0,0.0,1.0
1779978042.2429547,-1.2820223569869995,-0.46003758907318115,0.0,0.0,nan,0.0,0.0,0.0,0.0,0.0,0.0,1.0
1779978042.2535887,-1.2820223569869995,-0.46003758907318115,0.0,0.0,nan,0.0,0.0,0.0,0.0,0.0,0.0,1.0
1779978042.2641263,-1.2820223569869995,-0.46003758907318115,0.0,0.0,nan,0.0,0.0,0.0,0.0,0.0,0.0,1.0
1779978042.2742324,-1.2820223569869995,-0.46003758907318115,0.0,0.0,nan,0.0,0.0,0.0,0.0,0.0,0.0,1.0
1779978042.2848077,-1.2820223569869995,-0.46003758907318115,0.0,0.0,nan,0.0,0.0,0.0,0.0,0.0,0.0,1.0
1779978042.29544,-1.2820223569869995,-0.46003758907318115,0.0,0.0,nan,0.0,0.0,0.0,0.0,0.0,0.0,1.0
1779978042.305587,-1.2820223569869995,-0.46003758907318115,0.0,0.0,nan,0.0,0.0,0.0,0.0,0.0,0.0,1.0
1779978042.315606,-1.2820223569869995,-0.46003758907318115,0.0,0.0,nan,0.0,0.0,0.0,0.0,0.0,0.0,1.0
1779978042.326242,-1.2820223569869995,-0.46003758907318115,0.0,0.0,nan,0.0,0.0,0.0,0.0,0.0,0.0,1.0
1779978042.33715,-1.2820223569869995,-0.46003758907318115,0.0,0.0,nan,0.0,0.0,0.0,0.0,0.0,0.0,1.0
1779978042.3476505,-1.2820223569869995,-0.46003758907318115,0.0,0.0,nan,0.0,0.0,0.0,0.0,0.0,0.0,1.0
1779978042.3582656,-1.2820223569869995,-0.46003758907318115,0.0,0.0,nan,0.0,0.0,0.0,0.0,0.0,0.0,1.0
1779978042.368871,-1.2820223569869995,-0.46003758907318115,0.0,0.0,nan,0.0,0.0,0.0,0.0,0.0,0.0,1.0
1779978042.3792841,-1.2820223569869995,-0.46003758907318115,0.0,0.0,nan,0.0,0.0,0.0,0.0,0.0,0.0,1.0
1779978042.3897667,-1.2820223569869995,-0.46003758907318115,0.0,0.0,nan,0.0,0.0,0.0,0.0,0.0,0.0,1.0
1779978042.4002328,-1.2820223569869995,-0.46003758907318115,0.0,0.0,nan,0.0,0.0,0.0,0.0,0.0,0.0,1.0
1779978042.410325,-1.2820223569869995,-0.46003758907318115,0.0,0.0,nan,0.0,0.0,0.0,0.0,0.0,0.0,1.0
1779978042.420733,-1.2820223569869995,-0.46003758907318115,0.0,0.0,nan,0.0,0.0,0.0,0.0,0.0,0.0,1.0
1779978042.4311574,-1.2820223569869995,-0.46003758907318115,0.0,0.0,nan,0.0,0.0,0.0,0.0,0.0,0.0,1.0
1779978042.4415762,-1.2820223569869995,-0.46003758907318115,0.0,0.0,nan,0.0,0.0,0.0,0.0,0.0,0.0,1.0
1779978042.4516041,-1.2820223569869995,-0.46003758907318115,0.0,0.0,nan,0.0,0.0,0.0,0.0,0.0,0.0,1.0
1779978042.4621153,-1.2820223569869995,-0.46003758907318115,0.0,0.0,nan,0.0,0.0,0.0,0.0,0.0,0.0,1.0
1779978042.4727545,-1.2820223569869995,-0.46003758907318115,0.0,0.0,nan,0.0,0.0,0.0,0.0,0.0,0.0,1.0
1779978042.4834037,-1.2820223569869995,-0.46003758907318115,0.0,0.0,nan,0.0,0.0,0.0,0.0,0.0,0.0,1.0
1779978042.493822,-1.2820223569869995,-0.46003758907318115,0.0,0.0,nan,0.0,0.0,0.0,0.0,0.0,0.0,1.0
1779978042.5040214,-1.2820223569869995,-0.46003758907318115,0.0,0.0,nan,0.0,0.0,0.0,0.0,0.0,0.0,1.0
1779978042.514323,-1.2820223569869995,-0.46003758907318115,0.0,0.0,nan,0.0,0.0,0.0,0.0,0.0,0.0,1.0
1779978042.524294,-1.2820223569869995,-0.46003758907318115,0.0,0.0,nan,0.0,0.0,0.0,0.0,0.0,0.0,1.0
1779978042.534805,-1.2820223569869995,-0.46003758907318115,0.0,0.0,nan,0.0,0.0,0.0,0.0,0.0,0.0,1.0
1779978042.5450168,-1.2820223569869995,-0.46003758907318115,0.0,0.0,nan,0.0,0.0,0.0,0.0,0.0,0.0,1.0
1779978042.5553923,-1.2820223569869995,-0.46003758907318115,0.0,0.0,nan,0.0,0.0,0.0,0.0,0.0,0.0,1.0
1779978042.5660453,-1.2820223569869995,-0.46003758907318115,0.0,0.0,nan,0.0,0.0,0.0,0.0,0.0,0.0,1.0
1779978042.5765526,-1.2820223569869995,-0.46003758907318115,0.0,0.0,nan,0.0,0.0,0.0,0.0,0.0,0.0,1.0
1779978042.5871744,-1.2820223569869995,-0.46003758907318115,0.0,0.0,nan,0.0,0.0,0.0,0.0,0.0,0.0,1.0
1779978042.5973725,-1.2820223569869995,-0.46003758907318115,0.0,0.0,nan,0.0,0.0,0.0,0.0,0.0,0.0,1.0
1779978042.607623,-1.2820223569869995,-0.46003758907318115,0.0,0.0,nan,0.0,0.0,0.0,0.0,0.0,0.0,1.0
1779978042.6177266,-1.2820223569869995,-0.46003758907318115,0.0,0.0,nan,0.0,0.0,0.0,0.0,0.0,0.0,1.0
1779978042.6282651,-1.2820223569869995,-0.46003758907318115,0.0,0.0,nan,0.0,0.0,0.0,0.0,0.0,0.0,1.0
1779978042.6385345,-1.2820223569869995,-0.46003758907318115,0.0,0.0,nan,0.0,0.0,0.0,0.0,0.0,0.0,1.0
1779978042.6489513,-1.2820223569869995,-0.46003758907318115,0.0,0.0,nan,0.0,0.0,0.0,0.0,0.0,0.0,1.0
1779978042.6593368,-1.2820223569869995,-0.46003758907318115,0.0,0.0,nan,0.0,0.0,0.0,0.0,0.0,0.0,1.0
1779978042.6694257,-1.2820223569869995,-0.46003758907318115,0.0,0.0,nan,0.0,0.0,0.0,0.0,0.0,0.0,1.0
1779978042.6795866,-1.2820223569869995,-0.46003758907318115,0.0,0.0,nan,0.0,0.0,0.0,0.0,0.0,0.0,1.0
1779978042.6899788,-1.2820223569869995,-0.46003758907318115,0.0,0.0,nan,0.0,0.0,0.0,0.0,0.0,0.0,1.0
1779978042.7000566,-1.2820223569869995,-0.46003758907318115,0.0,0.0,nan,0.0,0.0,0.0,0.0,0.0,0.0,1.0
1779978042.7105412,-1.2820223569869995,-0.46003758907318115,0.0,0.0,nan,0.0,0.0,0.0,0.0,0.0,0.0,1.0
1779978042.7212641,-1.2820223569869995,-0.46003758907318115,0.0,0.0,nan,0.0,0.0,0.0,0.0,0.0,0.0,1.0
1779978042.7313929,-1.2820223569869995,-0.46003758907318115,0.0,0.0,nan,0.0,0.0,0.0,0.0,0.0,0.0,1.0
1779978042.74183,-1.2820223569869995,-0.46003758907318115,0.0,0.0,nan,0.0,0.0,0.0,0.0,0.0,0.0,1.0
1779978042.7518523,-1.2820223569869995,-0.46003758907318115,0.0,0.0,nan,0.0,0.0,0.0,0.0,0.0,0.0,1.0
1779978042.7625217,-1.2820223569869995,-0.46003758907318115,0.0,0.0,nan,0.0,0.0,0.0,0.0,0.0,0.0,1.0
1779978042.772974,-1.2820223569869995,-0.46003758907318115,0.0,0.0,nan,0.0,0.0,0.0,0.0,0.0,0.0,1.0
1779978042.7835364,-1.2820223569869995,-0.46003758907318115,0.0,0.0,nan,0.0,0.0,0.0,0.0,0.0,0.0,1.0
1779978042.794145,-1.2820223569869995,-0.46003758907318115,0.0,0.0,nan,0.0,0.0,0.0,0.0,0.0,0.0,1.0
1779978042.8045442,-1.2820223569869995,-0.46003758907318115,0.0,0.0,nan,0.0,0.0,0.0,0.0,0.0,0.0,1.0
1779978042.8148754,-1.2820223569869995,-0.46003758907318115,0.0,0.0,nan,0.0,0.0,0.0,0.0,0.0,0.0,1.0
1779978042.825223,-1.2820223569869995,-0.46003758907318115,0.0,0.0,nan,0.0,0.0,0.0,0.0,0.0,0.0,1.0
1779978042.835743,-1.2820223569869995,-0.46003758907318115,0.0,0.0,nan,0.0,0.0,0.0,0.0,0.0,0.0,1.0
1779978042.8459537,-1.2820223569869995,-0.46003758907318115,0.0,0.0,nan,0.0,0.0,0.0,0.0,0.0,0.0,1.0
1779978042.8562233,-1.2820223569869995,-0.46003758907318115,0.0,0.0,nan,0.0,0.0,0.0,0.0,0.0,0.0,1.0
1779978042.8664796,-1.2820223569869995,-0.46003758907318115,0.0,0.0,nan,0.0,0.0,0.0,0.0,0.0,0.0,1.0
1779978042.876549,-1.2820223569869995,-0.46003758907318115,0.0,0.0,nan,0.0,0.0,0.0,0.0,0.0,0.0,1.0
1779978042.887077,-1.2820223569869995,-0.46003758907318115,0.0,0.0,nan,0.0,0.0,0.0,0.0,0.0,0.0,1.0
1779978042.8970635,-1.2820223569869995,-0.46003758907318115,0.0,0.0,nan,0.0,0.0,0.0,0.0,0.0,0.0,1.0
1779978042.9074435,-1.2820223569869995,-0.46003758907318115,0.0,0.0,nan,0.0,0.0,0.0,0.0,0.0,0.0,1.0
1779978042.9177158,-1.2820223569869995,-0.46003758907318115,0.0,0.0,nan,0.0,0.0,0.0,0.0,0.0,0.0,1.0
1779978042.9279122,-1.2820223569869995,-0.46003758907318115,0.0,0.0,nan,0.0,0.0,0.0,0.0,0.0,0.0,1.0
1779978042.9381793,-1.2820223569869995,-0.46003758907318115,0.0,0.0,nan,0.0,0.0,0.0,0.0,0.0,0.0,1.0
1779978042.9481974,-1.2820223569869995,-0.46003758907318115,0.0,0.0,nan,0.0,0.0,0.0,0.0,0.0,0.0,1.0
1779978042.9585977,-1.2820223569869995,-0.46003758907318115,0.0,0.0,nan,0.0,0.0,0.0,0.0,0.0,0.0,1.0
1779978042.9685657,-1.2820223569869995,-0.46003758907318115,0.0,0.0,nan,0.0,0.0,0.0,0.0,0.0,0.0,1.0
1779978042.9787395,-1.2820223569869995,-0.46003758907318115,0.0,0.0,nan,0.0,0.0,0.0,0.0,0.0,0.0,1.0
1779978042.9889073,-1.2820223569869995,-0.46003758907318115,0.0,0.0,nan,0.0,0.0,0.0,0.0,0.0,0.0,1.0
1779978042.9993582,-1.2820223569869995,-0.46003758907318115,0.0,0.0,nan,0.0,0.0,0.0,0.0,0.0,0.0,1.0
1779978043.0094173,-1.2820223569869995,-0.46003758907318115,0.0,0.0,nan,0.0,0.0,0.0,0.0,0.0,0.0,1.0
1779978043.019846,-1.2820223569869995,-0.46003758907318115,0.0,0.0,nan,0.0,0.0,0.0,0.0,0.0,0.0,1.0
1779978043.0303793,-1.2820223569869995,-0.46003758907318115,0.0,0.0,nan,0.0,0.0,0.0,0.0,0.0,0.0,1.0
1779978043.0408466,-1.2820223569869995,-0.46003758907318115,0.0,0.0,nan,0.0,0.0,0.0,0.0,0.0,0.0,1.0
1779978043.0512016,-1.2820223569869995,-0.46003758907318115,0.0,0.0,nan,0.0,0.0,0.0,0.0,0.0,0.0,1.0
1779978043.0612001,-1.2820223569869995,-0.46003758907318115,0.0,0.0,nan,0.0,0.0,0.0,0.0,0.0,0.0,1.0
1779978043.0714257,-1.2820223569869995,-0.46003758907318115,0.0,0.0,nan,0.0,0.0,0.0,0.0,0.0,0.0,1.0
1779978043.0820491,-1.2820223569869995,-0.46003758907318115,0.0,0.0,nan,0.0,0.0,0.0,0.0,0.0,0.0,1.0
1779978043.092581,-1.2820223569869995,-0.46003758907318115,0.0,0.0,nan,0.0,0.0,0.0,0.0,0.0,0.0,1.0
1779978043.1031342,-1.2820223569869995,-0.46003758907318115,0.0,0.0,nan,0.0,0.0,0.0,0.0,0.0,0.0,1.0
1779978043.1134796,-1.2820223569869995,-0.46003758907318115,0.0,0.0,nan,0.0,0.0,0.0,0.0,0.0,0.0,1.0
1779978043.123442,-1.2820223569869995,-0.46003758907318115,0.0,0.0,nan,0.0,0.0,0.0,0.0,0.0,0.0,1.0
1779978043.1340938,-1.2820223569869995,-0.46003758907318115,0.0,0.0,nan,0.0,0.0,0.0,0.0,0.0,0.0,1.0
1779978043.1440744,-1.2820223569869995,-0.46003758907318115,0.0,0.0,nan,0.0,0.0,0.0,0.0,0.0,0.0,1.0
1779978043.1545198,-1.2820223569869995,-0.46003758907318115,0.0,0.0,nan,0.0,0.0,0.0,0.0,0.0,0.0,1.0
1779978043.1649332,-1.2820223569869995,-0.46003758907318115,0.0,0.0,nan,0.0,0.0,0.0,0.0,0.0,0.0,1.0
1779978043.1755068,-1.2820223569869995,-0.46003758907318115,0.0,0.0,nan,0.0,0.0,0.0,0.0,0.0,0.0,1.0
1779978043.185652,-1.2820223569869995,-0.46003758907318115,0.0,0.0,nan,0.0,0.0,0.0,0.0,0.0,0.0,1.0
1779978043.1957352,-1.2820223569869995,-0.46003758907318115,0.0,0.0,nan,0.0,0.0,0.0,0.0,0.0,0.0,1.0
1779978043.205843,-1.2820223569869995,-0.46003758907318115,0.0,0.0,nan,0.0,0.0,0.0,0.0,0.0,0.0,1.0
1779978043.2163274,-1.2820223569869995,-0.46003758907318115,0.0,0.0,nan,0.0,0.0,0.0,0.0,0.0,0.0,1.0
1779978043.2264068,-1.2820223569869995,-0.46003758907318115,0.0,0.0,nan,0.0,0.0,0.0,0.0,0.0,0.0,1.0
1779978043.2367406,-1.2820223569869995,-0.46003758907318115,0.0,0.0,nan,0.0,0.0,0.0,0.0,0.0,0.0,1.0
1779978043.246999,-1.2820223569869995,-0.46003758907318115,0.0,0.0,nan,0.0,0.0,0.0,0.0,0.0,0.0,1.0
1779978043.257066,-1.2820223569869995,-0.46003758907318115,0.0,0.0,nan,0.0,0.0,0.0,0.0,0.0,0.0,1.0
1779978043.26729,-1.2820223569869995,-0.46003758907318115,0.0,0.0,nan,0.0,0.0,0.0,0.0,0.0,0.0,1.0
1779978043.2775097,-1.2820223569869995,-0.46003758907318115,0.0,0.0,nan,0.0,0.0,0.0,0.0,0.0,0.0,1.0
1779978043.287883,-1.2820223569869995,-0.46003758907318115,0.0,0.0,nan,0.0,0.0,0.0,0.0,0.0,0.0,1.0
1779978043.2978926,-1.2820223569869995,-0.46003758907318115,0.0,0.0,nan,0.0,0.0,0.0,0.0,0.0,0.0,1.0
1779978043.308193,-1.2820223569869995,-0.46003758907318115,0.0,0.0,nan,0.0,0.0,0.0,0.0,0.0,0.0,1.0
1779978043.318309,-1.2820223569869995,-0.46003758907318115,0.0,0.0,nan,0.0,0.0,0.0,0.0,0.0,0.0,1.0
1779978043.328481,-1.2820223569869995,-0.46003758907318115,0.0,0.0,nan,0.0,0.0,0.0,0.0,0.0,0.0,1.0
1779978043.3387487,-1.2820223569869995,-0.46003758907318115,0.0,0.0,nan,0.0,0.0,0.0,0.0,0.0,0.0,1.0
1779978043.349281,-1.2820223569869995,-0.46003758907318115,0.0,0.0,nan,0.0,0.0,0.0,0.0,0.0,0.0,1.0
1779978043.3597262,-1.2820223569869995,-0.46003758907318115,0.0,0.0,nan,0.0,0.0,0.0,0.0,0.0,0.0,1.0
1779978043.3698962,-1.2820223569869995,-0.46003758907318115,0.0,0.0,nan,0.0,0.0,0.0,0.0,0.0,0.0,1.0
1779978043.3804312,-1.2820223569869995,-0.46003758907318115,0.0,0.0,nan,0.0,0.0,0.0,0.0,0.0,0.0,1.0
1779978043.390833,-1.2820223569869995,-0.46003758907318115,0.0,0.0,nan,0.0,0.0,0.0,0.0,0.0,0.0,1.0
1779978043.4014199,-1.2820223569869995,-0.46003758907318115,0.0,0.0,nan,0.0,0.0,0.0,0.0,0.0,0.0,1.0
1779978043.4116788,-1.2820223569869995,-0.46003758907318115,0.0,0.0,nan,0.0,0.0,0.0,0.0,0.0,0.0,1.0
1779978043.4221616,-1.2820223569869995,-0.46003758907318115,0.0,0.0,nan,0.0,0.0,0.0,0.0,0.0,0.0,1.0
1779978043.4324975,-1.2820223569869995,-0.46003758907318115,0.0,0.0,nan,0.0,0.0,0.0,0.0,0.0,0.0,1.0
1779978043.443036,-1.2820223569869995,-0.46003758907318115,0.0,0.0,nan,0.0,0.0,0.0,0.0,0.0,0.0,1.0
1779978043.4532359,-1.2820223569869995,-0.46003758907318115,0.0,0.0,nan,0.0,0.0,0.0,0.0,0.0,0.0,1.0
1779978043.4633412,-1.2820223569869995,-0.46003758907318115,0.0,0.0,nan,0.0,0.0,0.0,0.0,0.0,0.0,1.0
1779978043.4738977,-1.2820223569869995,-0.46003758907318115,0.0,0.0,nan,0.0,0.0,0.0,0.0,0.0,0.0,1.0
1779978043.4842916,-1.2820223569869995,-0.46003758907318115,0.0,0.0,nan,0.0,0.0,0.0,0.0,0.0,0.0,1.0
1779978043.4946258,-1.2820223569869995,-0.46003758907318115,0.0,0.0,nan,0.0,0.0,0.0,0.0,0.0,0.0,1.0
1779978043.5047772,-1.2820223569869995,-0.46003758907318115,0.0,0.0,nan,0.0,0.0,0.0,0.0,0.0,0.0,1.0
1779978043.5150988,-1.2820223569869995,-0.46003758907318115,0.0,0.0,nan,0.0,0.0,0.0,0.0,0.0,0.0,1.0
1779978043.5254261,-1.2820223569869995,-0.46003758907318115,0.0,0.0,nan,0.0,0.0,0.0,0.0,0.0,0.0,1.0
1779978043.5360596,-1.2820223569869995,-0.46003758907318115,0.0,0.0,nan,0.0,0.0,0.0,0.0,0.0,0.0,1.0
1779978043.5465217,-1.2820223569869995,-0.46003758907318115,0.0,0.0,nan,0.0,0.0,0.0,0.0,0.0,0.0,1.0
1779978043.5566123,-1.2820223569869995,-0.46003758907318115,0.0,0.0,nan,0.0,0.0,0.0,0.0,0.0,0.0,1.0
1779978043.5666866,-1.2820223569869995,-0.46003758907318115,0.0,0.0,nan,0.0,0.0,0.0,0.0,0.0,0.0,1.0
1779978043.5768409,-1.2820223569869995,-0.46003758907318115,0.0,0.0,nan,0.0,0.0,0.0,0.0,0.0,0.0,1.0
1779978043.5870657,-1.2820223569869995,-0.46003758907318115,0.0,0.0,nan,0.0,0.0,0.0,0.0,0.0,0.0,1.0
1779978043.597397,-1.2820223569869995,-0.46003758907318115,0.0,0.0,nan,0.0,0.0,0.0,0.0,0.0,0.0,1.0
1779978043.6079605,-1.2820223569869995,-0.46003758907318115,0.0,0.0,nan,0.0,0.0,0.0,0.0,0.0,0.0,1.0
1779978043.6180775,-1.2820223569869995,-0.46003758907318115,0.0,0.0,nan,0.0,0.0,0.0,0.0,0.0,0.0,1.0
1779978043.6283298,-1.2820223569869995,-0.46003758907318115,0.0,0.0,nan,0.0,0.0,0.0,0.0,0.0,0.0,1.0
1779978043.638426,-1.2820223569869995,-0.46003758907318115,0.0,0.0,nan,0.0,0.0,0.0,0.0,0.0,0.0,1.0
1779978043.648613,-1.2820223569869995,-0.46003758907318115,0.0,0.0,nan,0.0,0.0,0.0,0.0,0.0,0.0,1.0
1779978043.6586795,-1.2820223569869995,-0.46003758907318115,0.0,0.0,nan,0.0,0.0,0.0,0.0,0.0,0.0,1.0
1779978043.6692362,-1.2820223569869995,-0.46003758907318115,0.0,0.0,nan,0.0,0.0,0.0,0.0,0.0,0.0,1.0
1779978043.6795506,-1.2820223569869995,-0.46003758907318115,0.0,0.0,nan,0.0,0.0,0.0,0.0,0.0,0.0,1.0
1779978043.6901271,-1.2820223569869995,-0.46003758907318115,0.0,0.0,nan,0.0,0.0,0.0,0.0,0.0,0.0,1.0
1779978043.7006767,-1.2820223569869995,-0.46003758907318115,0.0,0.0,nan,0.0,0.0,0.0,0.0,0.0,0.0,1.0
1779978043.7110283,-1.2820223569869995,-0.46003758907318115,0.0,0.0,nan,0.0,0.0,0.0,0.0,0.0,0.0,1.0
1779978043.7213242,-1.2820223569869995,-0.46003758907318115,0.0,0.0,nan,0.0,0.0,0.0,0.0,0.0,0.0,1.0
1779978043.731812,-1.2820223569869995,-0.46003758907318115,0.0,0.0,nan,0.0,0.0,0.0,0.0,0.0,0.0,1.0
1779978043.7420819,-1.2820223569869995,-0.46003758907318115,0.0,0.0,nan,0.0,0.0,0.0,0.0,0.0,0.0,1.0
1779978043.7525353,-1.2820223569869995,-0.46003758907318115,0.0,0.0,nan,0.0,0.0,0.0,0.0,0.0,0.0,1.0
1779978043.7631242,-1.2820223569869995,-0.46003758907318115,0.0,0.0,nan,0.0,0.0,0.0,0.0,0.0,0.0,1.0
1779978043.7734864,-1.2820223569869995,-0.46003758907318115,0.0,0.0,nan,0.0,0.0,0.0,0.0,0.0,0.0,1.0
1779978043.7836833,-1.2820223569869995,-0.46003758907318115,0.0,0.0,nan,0.0,0.0,0.0,0.0,0.0,0.0,1.0
1779978043.7942092,-1.2820223569869995,-0.46003758907318115,0.0,0.0,nan,0.0,0.0,0.0,0.0,0.0,0.0,1.0
1779978043.8044584,-1.2820223569869995,-0.46003758907318115,0.0,0.0,nan,0.0,0.0,0.0,0.0,0.0,0.0,1.0
1779978043.8146515,-1.2820223569869995,-0.46003758907318115,0.0,0.0,nan,0.0,0.0,0.0,0.0,0.0,0.0,1.0
1779978043.8247662,-1.2820223569869995,-0.46003758907318115,0.0,0.0,nan,0.0,0.0,0.0,0.0,0.0,0.0,1.0
1779978043.8351793,-1.2820223569869995,-0.46003758907318115,0.0,0.0,nan,0.0,0.0,0.0,0.0,0.0,0.0,1.0
1779978043.8453443,-1.2820223569869995,-0.46003758907318115,0.0,0.0,nan,0.0,0.0,0.0,0.0,0.0,0.0,1.0
1779978043.8559656,-1.2820223569869995,-0.46003758907318115,0.0,0.0,nan,0.0,0.0,0.0,0.0,0.0,0.0,1.0
1779978043.8659933,-1.2820223569869995,-0.46003758907318115,0.0,0.0,nan,0.0,0.0,0.0,0.0,0.0,0.0,1.0
1779978043.8764966,-1.2820223569869995,-0.46003758907318115,0.0,0.0,nan,0.0,0.0,0.0,0.0,0.0,0.0,1.0
1779978043.8870518,-1.2820223569869995,-0.46003758907318115,0.0,0.0,nan,0.0,0.0,0.0,0.0,0.0,0.0,1.0
1779978043.8971972,-1.2820223569869995,-0.46003758907318115,0.0,0.0,nan,0.0,0.0,0.0,0.0,0.0,0.0,1.0
1779978043.90744,-1.2820223569869995,-0.46003758907318115,0.0,0.0,nan,0.0,0.0,0.0,0.0,0.0,0.0,1.0
1779978043.9180672,-1.2820223569869995,-0.46003758907318115,0.0,0.0,nan,0.0,0.0,0.0,0.0,0.0,0.0,1.0
1779978043.9281592,-1.2820223569869995,-0.46003758907318115,0.0,0.0,nan,0.0,0.0,0.0,0.0,0.0,0.0,1.0
1779978043.9386392,-1.2820223569869995,-0.46003758907318115,0.0,0.0,nan,0.0,0.0,0.0,0.0,0.0,0.0,1.0
1779978043.9491525,-1.2820223569869995,-0.46003758907318115,0.0,0.0,nan,0.0,0.0,0.0,0.0,0.0,0.0,1.0
1779978043.959414,-1.2820223569869995,-0.46003758907318115,0.0,0.0,nan,0.0,0.0,0.0,0.0,0.0,0.0,1.0
1779978043.9700902,-1.2820223569869995,-0.46003758907318115,0.0,0.0,nan,0.0,0.0,0.0,0.0,0.0,0.0,1.0
1779978043.9803286,-1.2820223569869995,-0.46003758907318115,0.0,0.0,nan,0.0,0.0,0.0,0.0,0.0,0.0,1.0
1779978043.99041,-1.2820223569869995,-0.46003758907318115,0.0,0.0,nan,0.0,0.0,0.0,0.0,0.0,0.0,1.0
1779978044.0006917,-1.2820223569869995,-0.46003758907318115,0.0,0.0,nan,0.0,0.0,0.0,0.0,0.0,0.0,1.0
1779978044.0108929,-1.2820223569869995,-0.46003758907318115,0.0,0.0,nan,0.0,0.0,0.0,0.0,0.0,0.0,1.0
1779978044.0210748,-1.2820223569869995,-0.46003758907318115,0.0,0.0,nan,0.0,0.0,0.0,0.0,0.0,0.0,1.0
1779978044.031611,-1.2820223569869995,-0.46003758907318115,0.0,0.0,nan,0.0,0.0,0.0,0.0,0.0,0.0,1.0
1779978044.0421183,-1.2820223569869995,-0.46003758907318115,0.0,0.0,nan,0.0,0.0,0.0,0.0,0.0,0.0,1.0
1779978044.0524268,-1.2820223569869995,-0.46003758907318115,0.0,0.0,nan,0.0,0.0,0.0,0.0,0.0,0.0,1.0
1779978044.0628357,-1.2820223569869995,-0.46003758907318115,0.0,0.0,nan,0.0,0.0,0.0,0.0,0.0,0.0,1.0
1779978044.0731955,-1.2820223569869995,-0.46003758907318115,0.0,0.0,nan,0.0,0.0,0.0,0.0,0.0,0.0,1.0
1779978044.0836184,-1.2820223569869995,-0.46003758907318115,0.0,0.0,nan,0.0,0.0,0.0,0.0,0.0,0.0,1.0
1779978044.094155,-1.2820223569869995,-0.46003758907318115,0.0,0.0,nan,0.0,0.0,0.0,0.0,0.0,0.0,1.0
1779978044.1042147,-1.2820223569869995,-0.46003758907318115,0.0,0.0,nan,0.0,0.0,0.0,0.0,0.0,0.0,1.0
1779978044.1144445,-1.2820223569869995,-0.46003758907318115,0.0,0.0,nan,0.0,0.0,0.0,0.0,0.0,0.0,1.0
1779978044.124565,-1.2820223569869995,-0.46003758907318115,0.0,0.0,nan,0.0,0.0,0.0,0.0,0.0,0.0,1.0
1779978044.1352024,-1.2820223569869995,-0.46003758907318115,0.0,0.0,nan,0.0,0.0,0.0,0.0,0.0,0.0,1.0
1779978044.145102,-1.2820223569869995,-0.46003758907318115,0.0,0.0,nan,0.0,0.0,0.0,0.0,0.0,0.0,1.0
1779978044.1554785,-1.2820223569869995,-0.46003758907318115,0.0,0.0,nan,0.0,0.0,0.0,0.0,0.0,0.0,1.0
1779978044.1659727,-1.2820223569869995,-0.46003758907318115,0.0,0.0,nan,0.0,0.0,0.0,0.0,0.0,0.0,1.0
1779978044.1759386,-1.2820223569869995,-0.46003758907318115,0.0,0.0,nan,0.0,0.0,0.0,0.0,0.0,0.0,1.0
1779978044.1864085,-1.2820223569869995,-0.46003758907318115,0.0,0.0,nan,0.0,0.0,0.0,0.0,0.0,0.0,1.0
1779978044.1964762,-1.2820223569869995,-0.46003758907318115,0.0,0.0,nan,0.0,0.0,0.0,0.0,0.0,0.0,1.0
1779978044.206907,-1.2820223569869995,-0.46003758907318115,0.0,0.0,nan,0.0,0.0,0.0,0.0,0.0,0.0,1.0
1779978044.2168927,-1.2820223569869995,-0.46003758907318115,0.0,0.0,nan,0.0,0.0,0.0,0.0,0.0,0.0,1.0
1779978044.2274098,-1.2820223569869995,-0.46003758907318115,0.0,0.0,nan,0.0,0.0,0.0,0.0,0.0,0.0,1.0
1779978044.2379856,-1.2820223569869995,-0.46003758907318115,0.0,0.0,nan,0.0,0.0,0.0,0.0,0.0,0.0,1.0
1779978044.2481105,-1.2820223569869995,-0.46003758907318115,0.0,0.0,nan,0.0,0.0,0.0,0.0,0.0,0.0,1.0
1779978044.258201,-1.2820223569869995,-0.46003758907318115,0.0,0.0,nan,0.0,0.0,0.0,0.0,0.0,0.0,1.0
1779978044.2683136,-1.2820223569869995,-0.46003758907318115,0.0,0.0,nan,0.0,0.0,0.0,0.0,0.0,0.0,1.0
1779978044.2785525,-1.2820223569869995,-0.46003758907318115,0.0,0.0,nan,0.0,0.0,0.0,0.0,0.0,0.0,1.0
1779978044.2891128,-1.2820223569869995,-0.46003758907318115,0.0,0.0,nan,0.0,0.0,0.0,0.0,0.0,0.0,1.0
1779978044.299341,-1.2820223569869995,-0.46003758907318115,0.0,0.0,nan,0.0,0.0,0.0,0.0,0.0,0.0,1.0
1779978044.3096147,-1.2820223569869995,-0.46003758907318115,0.0,0.0,nan,0.0,0.0,0.0,0.0,0.0,0.0,1.0
1779978044.3201263,-1.2820223569869995,-0.46003758907318115,0.0,0.0,nan,0.0,0.0,0.0,0.0,0.0,0.0,1.0
1779978044.3306792,-1.2820223569869995,-0.46003758907318115,0.0,0.0,nan,0.0,0.0,0.0,0.0,0.0,0.0,1.0
1779978044.340781,-1.2820223569869995,-0.46003758907318115,0.0,0.0,nan,0.0,0.0,0.0,0.0,0.0,0.0,1.0
1779978044.3513322,-1.2820223569869995,-0.46003758907318115,0.0,0.0,nan,0.0,0.0,0.0,0.0,0.0,0.0,1.0
1779978044.361576,-1.2820223569869995,-0.46003758907318115,0.0,0.0,nan,0.0,0.0,0.0,0.0,0.0,0.0,1.0
1779978044.3721848,-1.2820223569869995,-0.46003758907318115,0.0,0.0,nan,0.0,0.0,0.0,0.0,0.0,0.0,1.0
1779978044.3827434,-1.2820223569869995,-0.46003758907318115,0.0,0.0,nan,0.0,0.0,0.0,0.0,0.0,0.0,1.0
1779978044.393153,-1.2820223569869995,-0.46003758907318115,0.0,0.0,nan,0.0,0.0,0.0,0.0,0.0,0.0,1.0
1779978044.4037347,-1.2820223569869995,-0.46003758907318115,0.0,0.0,nan,0.0,0.0,0.0,0.0,0.0,0.0,1.0
1779978044.4139233,-1.2820223569869995,-0.46003758907318115,0.0,0.0,nan,0.0,0.0,0.0,0.0,0.0,0.0,1.0
1779978044.424315,-1.2820223569869995,-0.46003758907318115,0.0,0.0,nan,0.0,0.0,0.0,0.0,0.0,0.0,1.0
1779978044.4347422,-1.2820223569869995,-0.46003758907318115,0.0,0.0,nan,0.0,0.0,0.0,0.0,0.0,0.0,1.0
1779978044.445193,-1.2820223569869995,-0.46003758907318115,0.0,0.0,nan,0.0,0.0,0.0,0.0,0.0,0.0,1.0
1779978044.4554195,-1.2820223569869995,-0.46003758907318115,0.0,0.0,nan,0.0,0.0,0.0,0.0,0.0,0.0,1.0
1779978044.4654212,-1.2820223569869995,-0.46003758907318115,0.0,0.0,nan,0.0,0.0,0.0,0.0,0.0,0.0,1.0
1779978044.4759758,-1.2820223569869995,-0.46003758907318115,0.0,0.0,nan,0.0,0.0,0.0,0.0,0.0,0.0,1.0
1779978044.4865265,-1.2820223569869995,-0.46003758907318115,0.0,0.0,nan,0.0,0.0,0.0,0.0,0.0,0.0,1.0
1779978044.496815,-1.2820223569869995,-0.46003758907318115,0.0,0.0,nan,0.0,0.0,0.0,0.0,0.0,0.0,1.0
1779978044.5070124,-1.2820223569869995,-0.46003758907318115,0.0,0.0,nan,0.0,0.0,0.0,0.0,0.0,0.0,1.0
1779978044.517213,-1.2820223569869995,-0.46003758907318115,0.0,0.0,nan,0.0,0.0,0.0,0.0,0.0,0.0,1.0
1779978044.52761,-1.2820223569869995,-0.46003758907318115,0.0,0.0,nan,0.0,0.0,0.0,0.0,0.0,0.0,1.0
1779978044.5378373,-1.2820223569869995,-0.46003758907318115,0.0,0.0,nan,0.0,0.0,0.0,0.0,0.0,0.0,1.0
1779978044.54812,-1.2820223569869995,-0.46003758907318115,0.0,0.0,nan,0.0,0.0,0.0,0.0,0.0,0.0,1.0
1779978044.558768,-1.2820223569869995,-0.46003758907318115,0.0,0.0,nan,0.0,0.0,0.0,0.0,0.0,0.0,1.0
1779978044.5690386,-1.2820223569869995,-0.46003758907318115,0.0,0.0,nan,0.0,0.0,0.0,0.0,0.0,0.0,1.0
1779978044.5800028,-1.2820223569869995,-0.46003758907318115,0.0,0.0,nan,0.0,0.0,0.0,0.0,0.0,0.0,1.0
1779978044.5905805,-1.2820223569869995,-0.46003758907318115,0.0,0.0,nan,0.0,0.0,0.0,0.0,0.0,0.0,1.0
1779978044.6006699,-1.2820223569869995,-0.46003758907318115,0.0,0.0,nan,0.0,0.0,0.0,0.0,0.0,0.0,1.0
1779978044.610706,-1.2820223569869995,-0.46003758907318115,0.0,0.0,nan,0.0,0.0,0.0,0.0,0.0,0.0,1.0
1779978044.6212523,-1.2820223569869995,-0.46003758907318115,0.0,0.0,nan,0.0,0.0,0.0,0.0,0.0,0.0,1.0
1779978044.6315737,-1.2820223569869995,-0.46003758907318115,0.0,0.0,nan,0.0,0.0,0.0,0.0,0.0,0.0,1.0
1779978044.641807,-1.2820223569869995,-0.46003758907318115,0.0,0.0,nan,0.0,0.0,0.0,0.0,0.0,0.0,1.0
1779978044.6521544,-1.2820223569869995,-0.46003758907318115,0.0,0.0,nan,0.0,0.0,0.0,0.0,0.0,0.0,1.0
1779978044.662225,-1.2820223569869995,-0.46003758907318115,0.0,0.0,nan,0.0,0.0,0.0,0.0,0.0,0.0,1.0
1779978044.6725616,-1.2820223569869995,-0.46003758907318115,0.0,0.0,nan,0.0,0.0,0.0,0.0,0.0,0.0,1.0
1779978044.68294,-1.2820223569869995,-0.46003758907318115,0.0,0.0,nan,0.0,0.0,0.0,0.0,0.0,0.0,1.0
1779978044.6930368,-1.2820223569869995,-0.46003758907318115,0.0,0.0,nan,0.0,0.0,0.0,0.0,0.0,0.0,1.0
1779978044.7033508,-1.2820223569869995,-0.46003758907318115,0.0,0.0,nan,0.0,0.0,0.0,0.0,0.0,0.0,1.0
1779978044.7138405,-1.2820223569869995,-0.46003758907318115,0.0,0.0,nan,0.0,0.0,0.0,0.0,0.0,0.0,1.0
1779978044.7241373,-1.2820223569869995,-0.46003758907318115,0.0,0.0,nan,0.0,0.0,0.0,0.0,0.0,0.0,1.0
1779978044.734288,-1.2820223569869995,-0.46003758907318115,0.0,0.0,nan,0.0,0.0,0.0,0.0,0.0,0.0,1.0
1779978044.7447581,-1.2820223569869995,-0.46003758907318115,0.0,0.0,nan,0.0,0.0,0.0,0.0,0.0,0.0,1.0
1779978044.7551389,-1.2820223569869995,-0.46003758907318115,0.0,0.0,nan,0.0,0.0,0.0,0.0,0.0,0.0,1.0
1779978044.7657113,-1.2820223569869995,-0.46003758907318115,0.0,0.0,nan,0.0,0.0,0.0,0.0,0.0,0.0,1.0
1779978044.7759073,-1.2820223569869995,-0.46003758907318115,0.0,0.0,nan,0.0,0.0,0.0,0.0,0.0,0.0,1.0
1779978044.7861164,-1.2820223569869995,-0.46003758907318115,0.0,0.0,nan,0.0,0.0,0.0,0.0,0.0,0.0,1.0
1779978044.7965732,-1.2820223569869995,-0.46003758907318115,0.0,0.0,nan,0.0,0.0,0.0,0.0,0.0,0.0,1.0
1779978044.8068266,-1.2820223569869995,-0.46003758907318115,0.0,0.0,nan,0.0,0.0,0.0,0.0,0.0,0.0,1.0
1779978044.8173676,-1.2820223569869995,-0.46003758907318115,0.0,0.0,nan,0.0,0.0,0.0,0.0,0.0,0.0,1.0
1779978044.827782,-1.2820223569869995,-0.46003758907318115,0.0,0.0,nan,0.0,0.0,0.0,0.0,0.0,0.0,1.0
1779978044.838197,-1.2820223569869995,-0.46003758907318115,0.0,0.0,nan,0.0,0.0,0.0,0.0,0.0,0.0,1.0
1779978044.848554,-1.2820223569869995,-0.46003758907318115,0.0,0.0,nan,0.0,0.0,0.0,0.0,0.0,0.0,1.0
1779978044.8587744,-1.2820223569869995,-0.46003758907318115,0.0,0.0,nan,0.0,0.0,0.0,0.0,0.0,0.0,1.0
1779978044.86886,-1.2820223569869995,-0.46003758907318115,0.0,0.0,nan,0.0,0.0,0.0,0.0,0.0,0.0,1.0
1779978044.879061,-1.2820223569869995,-0.46003758907318115,0.0,0.0,nan,0.0,0.0,0.0,0.0,0.0,0.0,1.0
1779978044.8896286,-1.2820223569869995,-0.46003758907318115,0.0,0.0,nan,0.0,0.0,0.0,0.0,0.0,0.0,1.0
1779978044.899917,-1.2820223569869995,-0.46003758907318115,0.0,0.0,nan,0.0,0.0,0.0,0.0,0.0,0.0,1.0
1779978044.910438,-1.2820223569869995,-0.46003758907318115,0.0,0.0,nan,0.0,0.0,0.0,0.0,0.0,0.0,1.0
1779978044.9209301,-1.2820223569869995,-0.46003758907318115,0.0,0.0,nan,0.0,0.0,0.0,0.0,0.0,0.0,1.0
1779978044.9316485,-1.2820223569869995,-0.46003758907318115,0.0,0.0,nan,0.0,0.0,0.0,0.0,0.0,0.0,1.0
1779978044.9418764,-1.2820223569869995,-0.46003758907318115,0.0,0.0,nan,0.0,0.0,0.0,0.0,0.0,0.0,1.0
1779978044.9524074,-1.2820223569869995,-0.46003758907318115,0.0,0.0,nan,0.0,0.0,0.0,0.0,0.0,0.0,1.0
1779978044.9629595,-1.2820223569869995,-0.46003758907318115,0.0,0.0,nan,0.0,0.0,0.0,0.0,0.0,0.0,1.0
1779978044.9733996,-1.2820223569869995,-0.46003758907318115,0.0,0.0,nan,0.0,0.0,0.0,0.0,0.0,0.0,1.0
1779978044.9836173,-1.2820223569869995,-0.46003758907318115,0.0,0.0,nan,0.0,0.0,0.0,0.0,0.0,0.0,1.0
1779978044.9937658,-1.2820223569869995,-0.46003758907318115,0.0,0.0,nan,0.0,0.0,0.0,0.0,0.0,0.0,1.0
1779978045.0043705,-1.2820223569869995,-0.46003758907318115,0.0,0.0,nan,0.0,0.0,0.0,0.0,0.0,0.0,1.0
1779978045.0145485,-1.2820223569869995,-0.46003758907318115,0.0,0.0,nan,0.0,0.0,0.0,0.0,0.0,0.0,1.0
1779978045.024767,-1.2820223569869995,-0.46003758907318115,0.0,0.0,nan,0.0,0.0,0.0,0.0,0.0,0.0,1.0
1779978045.0349472,-1.2820223569869995,-0.46003758907318115,0.0,0.0,nan,0.0,0.0,0.0,0.0,0.0,0.0,1.0
1779978045.045106,-1.2820223569869995,-0.46003758907318115,0.0,0.0,nan,0.0,0.0,0.0,0.0,0.0,0.0,1.0
1779978045.0552819,-1.2820223569869995,-0.46003758907318115,0.0,0.0,nan,0.0,0.0,0.0,0.0,0.0,0.0,1.0
1779978045.0654414,-1.2820223569869995,-0.46003758907318115,0.0,0.0,nan,0.0,0.0,0.0,0.0,0.0,0.0,1.0
1779978045.0754573,-1.2820223569869995,-0.46003758907318115,0.0,0.0,nan,0.0,0.0,0.0,0.0,0.0,0.0,1.0
1779978045.0857718,-1.2820223569869995,-0.46003758907318115,0.0,0.0,nan,0.0,0.0,0.0,0.0,0.0,0.0,1.0
1779978045.095867,-1.2820223569869995,-0.46003758907318115,0.0,0.0,nan,0.0,0.0,0.0,0.0,0.0,0.0,1.0
1779978045.1063662,-1.2820223569869995,-0.46003758907318115,0.0,0.0,nan,0.0,0.0,0.0,0.0,0.0,0.0,1.0
1779978045.1167912,-1.2820223569869995,-0.46003758907318115,0.0,0.0,nan,0.0,0.0,0.0,0.0,0.0,0.0,1.0
1779978045.126805,-1.2820223569869995,-0.46003758907318115,0.0,0.0,nan,0.0,0.0,0.0,0.0,0.0,0.0,1.0
1779978045.1369863,-1.2820223569869995,-0.46003758907318115,0.0,0.0,nan,0.0,0.0,0.0,0.0,0.0,0.0,1.0
1779978045.1470659,-1.2820223569869995,-0.46003758907318115,0.0,0.0,nan,0.0,0.0,0.0,0.0,0.0,0.0,1.0
1779978045.1574836,-1.2820223569869995,-0.46003758907318115,0.0,0.0,nan,0.0,0.0,0.0,0.0,0.0,0.0,1.0
1779978045.1676953,-1.2820223569869995,-0.46003758907318115,0.0,0.0,nan,0.0,0.0,0.0,0.0,0.0,0.0,1.0
1779978045.1778657,-1.2820223569869995,-0.46003758907318115,0.0,0.0,nan,0.0,0.0,0.0,0.0,0.0,0.0,1.0
1779978045.1885247,-1.2820223569869995,-0.46003758907318115,0.0,0.0,nan,0.0,0.0,0.0,0.0,0.0,0.0,1.0
1779978045.1988988,-1.2820223569869995,-0.46003758907318115,0.0,0.0,nan,0.0,0.0,0.0,0.0,0.0,0.0,1.0
1779978045.209113,-1.2820223569869995,-0.46003758907318115,0.0,0.0,nan,0.0,0.0,0.0,0.0,0.0,0.0,1.0
1779978045.2198057,-1.2820223569869995,-0.46003758907318115,0.0,0.0,nan,0.0,0.0,0.0,0.0,0.0,0.0,1.0
1779978045.2300458,-1.2820223569869995,-0.46003758907318115,0.0,0.0,nan,0.0,0.0,0.0,0.0,0.0,0.0,1.0
1779978045.240282,-1.2820223569869995,-0.46003758907318115,0.0,0.0,nan,0.0,0.0,0.0,0.0,0.0,0.0,1.0
1779978045.2505734,-1.2820223569869995,-0.46003758907318115,0.0,0.0,nan,0.0,0.0,0.0,0.0,0.0,0.0,1.0
1779978045.2611082,-1.2820223569869995,-0.46003758907318115,0.0,0.0,nan,0.0,0.0,0.0,0.0,0.0,0.0,1.0
1779978045.2715383,-1.2820223569869995,-0.46003758907318115,0.0,0.0,nan,0.0,0.0,0.0,0.0,0.0,0.0,1.0
1779978045.2819967,-1.2820223569869995,-0.46003758907318115,0.0,0.0,nan,0.0,0.0,0.0,0.0,0.0,0.0,1.0
1779978045.292581,-1.2820223569869995,-0.46003758907318115,0.0,0.0,nan,0.0,0.0,0.0,0.0,0.0,0.0,1.0
1779978045.3029168,-1.2820223569869995,-0.46003758907318115,0.0,0.0,nan,0.0,0.0,0.0,0.0,0.0,0.0,1.0
1779978045.3130796,-1.2820223569869995,-0.46003758907318115,0.0,0.0,nan,0.0,0.0,0.0,0.0,0.0,0.0,1.0
1779978045.3232596,-1.2820223569869995,-0.46003758907318115,0.0,0.0,nan,0.0,0.0,0.0,0.0,0.0,0.0,1.0
1779978045.3333254,-1.2820223569869995,-0.46003758907318115,0.0,0.0,nan,0.0,0.0,0.0,0.0,0.0,0.0,1.0
1779978045.343679,-1.2820223569869995,-0.46003758907318115,0.0,0.0,nan,0.0,0.0,0.0,0.0,0.0,0.0,1.0
1779978045.3539748,-1.2820223569869995,-0.46003758907318115,0.0,0.0,nan,0.0,0.0,0.0,0.0,0.0,0.0,1.0
1779978045.364124,-1.2820223569869995,-0.46003758907318115,0.0,0.0,nan,0.0,0.0,0.0,0.0,0.0,0.0,1.0
1779978045.3748038,-1.2820223569869995,-0.46003758907318115,0.0,0.0,nan,0.0,0.0,0.0,0.0,0.0,0.0,1.0
1779978045.3848941,-1.2820223569869995,-0.46003758907318115,0.0,0.0,nan,0.0,0.0,0.0,0.0,0.0,0.0,1.0
1779978045.3950837,-1.2820223569869995,-0.46003758907318115,0.0,0.0,nan,0.0,0.0,0.0,0.0,0.0,0.0,1.0
1779978045.4051273,-1.2820223569869995,-0.46003758907318115,0.0,0.0,nan,0.0,0.0,0.0,0.0,0.0,0.0,1.0
1779978045.4153907,-1.2820223569869995,-0.46003758907318115,0.0,0.0,nan,0.0,0.0,0.0,0.0,0.0,0.0,1.0
1779978045.4258156,-1.2820223569869995,-0.46003758907318115,0.0,0.0,nan,0.0,0.0,0.0,0.0,0.0,0.0,1.0
1779978045.436543,-1.2820223569869995,-0.46003758907318115,0.0,0.0,nan,0.0,0.0,0.0,0.0,0.0,0.0,1.0
1779978045.4466846,-1.2820223569869995,-0.46003758907318115,0.0,0.0,nan,0.0,0.0,0.0,0.0,0.0,0.0,1.0
1779978045.4571898,-1.2820223569869995,-0.46003758907318115,0.0,0.0,nan,0.0,0.0,0.0,0.0,0.0,0.0,1.0
1779978045.4674623,-1.2820223569869995,-0.46003758907318115,0.0,0.0,nan,0.0,0.0,0.0,0.0,0.0,0.0,1.0
1779978045.4779518,-1.2820223569869995,-0.46003758907318115,0.0,0.0,nan,0.0,0.0,0.0,0.0,0.0,0.0,1.0
1779978045.4881163,-1.2820223569869995,-0.46003758907318115,0.0,0.0,nan,0.0,0.0,0.0,0.0,0.0,0.0,1.0
1779978045.4983962,-1.2820223569869995,-0.46003758907318115,0.0,0.0,nan,0.0,0.0,0.0,0.0,0.0,0.0,1.0
1779978045.5088778,-1.2820223569869995,-0.46003758907318115,0.0,0.0,nan,0.0,0.0,0.0,0.0,0.0,0.0,1.0
1779978045.5189567,-1.2820223569869995,-0.46003758907318115,0.0,0.0,nan,0.0,0.0,0.0,0.0,0.0,0.0,1.0
1779978045.5292227,-1.2820223569869995,-0.46003758907318115,0.0,0.0,nan,0.0,0.0,0.0,0.0,0.0,0.0,1.0
1779978045.5397496,-1.2820223569869995,-0.46003758907318115,0.0,0.0,nan,0.0,0.0,0.0,0.0,0.0,0.0,1.0
1779978045.5502548,-1.2820223569869995,-0.46003758907318115,0.0,0.0,nan,0.0,0.0,0.0,0.0,0.0,0.0,1.0
1779978045.560792,-1.2820223569869995,-0.46003758907318115,0.0,0.0,nan,0.0,0.0,0.0,0.0,0.0,0.0,1.0
1779978045.5708063,-1.2820223569869995,-0.46003758907318115,0.0,0.0,nan,0.0,0.0,0.0,0.0,0.0,0.0,1.0
1779978045.581043,-1.2820223569869995,-0.46003758907318115,0.0,0.0,nan,0.0,0.0,0.0,0.0,0.0,0.0,1.0
1779978045.5913806,-1.2820223569869995,-0.46003758907318115,0.0,0.0,nan,0.0,0.0,0.0,0.0,0.0,0.0,1.0
1779978045.6021261,-1.2820223569869995,-0.46003758907318115,0.0,0.0,nan,0.0,0.0,0.0,0.0,0.0,0.0,1.0
1779978045.612454,-1.2820223569869995,-0.46003758907318115,0.0,0.0,nan,0.0,0.0,0.0,0.0,0.0,0.0,1.0
1779978045.6230454,-1.2820223569869995,-0.46003758907318115,0.0,0.0,nan,0.0,0.0,0.0,0.0,0.0,0.0,1.0
1779978045.6336553,-1.2820223569869995,-0.46003758907318115,0.0,0.0,nan,0.0,0.0,0.0,0.0,0.0,0.0,1.0
1779978045.643986,-1.2820223569869995,-0.46003758907318115,0.0,0.0,nan,0.0,0.0,0.0,0.0,0.0,0.0,1.0
1779978045.6540322,-1.2820223569869995,-0.46003758907318115,0.0,0.0,nan,0.0,0.0,0.0,0.0,0.0,0.0,1.0
1779978045.6641903,-1.2820223569869995,-0.46003758907318115,0.0,0.0,nan,0.0,0.0,0.0,0.0,0.0,0.0,1.0
1779978045.674389,-1.2820223569869995,-0.46003758907318115,0.0,0.0,nan,0.0,0.0,0.0,0.0,0.0,0.0,1.0
1779978045.6848633,-1.2820223569869995,-0.46003758907318115,0.0,0.0,nan,0.0,0.0,0.0,0.0,0.0,0.0,1.0
1779978045.6953478,-1.2820223569869995,-0.46003758907318115,0.0,0.0,nan,0.0,0.0,0.0,0.0,0.0,0.0,1.0
1779978045.7055044,-1.2820223569869995,-0.46003758907318115,0.0,0.0,nan,0.0,0.0,0.0,0.0,0.0,0.0,1.0
1779978045.7156112,-1.2820223569869995,-0.46003758907318115,0.0,0.0,nan,0.0,0.0,0.0,0.0,0.0,0.0,1.0
1779978045.7262518,-1.2820223569869995,-0.46003758907318115,0.0,0.0,nan,0.0,0.0,0.0,0.0,0.0,0.0,1.0
1779978045.7363698,-1.2820223569869995,-0.46003758907318115,0.0,0.0,nan,0.0,0.0,0.0,0.0,0.0,0.0,1.0
1779978045.7466142,-1.2820223569869995,-0.46003758907318115,0.0,0.0,nan,0.0,0.0,0.0,0.0,0.0,0.0,1.0
1779978045.7566767,-1.2820223569869995,-0.46003758907318115,0.0,0.0,nan,0.0,0.0,0.0,0.0,0.0,0.0,1.0
1779978045.766705,-1.2820223569869995,-0.46003758907318115,0.0,0.0,nan,0.0,0.0,0.0,0.0,0.0,0.0,1.0
1779978045.777177,-1.2820223569869995,-0.46003758907318115,0.0,0.0,nan,0.0,0.0,0.0,0.0,0.0,0.0,1.0
1779978045.7876036,-1.2820223569869995,-0.46003758907318115,0.0,0.0,nan,0.0,0.0,0.0,0.0,0.0,0.0,1.0
1779978045.7982786,-1.2820223569869995,-0.46003758907318115,0.0,0.0,nan,0.0,0.0,0.0,0.0,0.0,0.0,1.0
1779978045.8083282,-1.2820223569869995,-0.46003758907318115,0.0,0.0,nan,0.0,0.0,0.0,0.0,0.0,0.0,1.0
1779978045.8184419,-1.2820223569869995,-0.46003758907318115,0.0,0.0,nan,0.0,0.0,0.0,0.0,0.0,0.0,1.0
1779978045.828507,-1.2820223569869995,-0.46003758907318115,0.0,0.0,nan,0.0,0.0,0.0,0.0,0.0,0.0,1.0
1779978045.8389897,-1.2820223569869995,-0.46003758907318115,0.0,0.0,nan,0.0,0.0,0.0,0.0,0.0,0.0,1.0
1779978045.8497002,-1.2820223569869995,-0.46003758907318115,0.0,0.0,nan,0.0,0.0,0.0,0.0,0.0,0.0,1.0
1779978045.8597565,-1.2820223569869995,-0.46003758907318115,0.0,0.0,nan,0.0,0.0,0.0,0.0,0.0,0.0,1.0
1779978045.8701935,-1.2820223569869995,-0.46003758907318115,0.0,0.0,nan,0.0,0.0,0.0,0.0,0.0,0.0,1.0
1779978045.880438,-1.2820223569869995,-0.46003758907318115,0.0,0.0,nan,0.0,0.0,0.0,0.0,0.0,0.0,1.0
1779978045.8906608,-1.2820223569869995,-0.46003758907318115,0.0,0.0,nan,0.0,0.0,0.0,0.0,0.0,0.0,1.0
1779978045.9007945,-1.2820223569869995,-0.46003758907318115,0.0,0.0,nan,0.0,0.0,0.0,0.0,0.0,0.0,1.0
1779978045.910937,-1.2820223569869995,-0.46003758907318115,0.0,0.0,nan,0.0,0.0,0.0,0.0,0.0,0.0,1.0
1779978045.9214835,-1.2820223569869995,-0.46003758907318115,0.0,0.0,nan,0.0,0.0,0.0,0.0,0.0,0.0,1.0
1779978045.9315681,-1.2820223569869995,-0.46003758907318115,0.0,0.0,nan,0.0,0.0,0.0,0.0,0.0,0.0,1.0
1779978045.9422066,-1.2820223569869995,-0.46003758907318115,0.0,0.0,nan,0.0,0.0,0.0,0.0,0.0,0.0,1.0
1779978045.9525428,-1.2820223569869995,-0.46003758907318115,0.0,0.0,nan,0.0,0.0,0.0,0.0,0.0,0.0,1.0
1779978045.9629211,-1.2820223569869995,-0.46003758907318115,0.0,0.0,nan,0.0,0.0,0.0,0.0,0.0,0.0,1.0
1779978045.9736075,-1.2820223569869995,-0.46003758907318115,0.0,0.0,nan,0.0,0.0,0.0,0.0,0.0,0.0,1.0
1779978045.9836137,-1.2820223569869995,-0.46003758907318115,0.0,0.0,nan,0.0,0.0,0.0,0.0,0.0,0.0,1.0
1779978045.9942122,-1.2820223569869995,-0.46003758907318115,0.0,0.0,nan,0.0,0.0,0.0,0.0,0.0,0.0,1.0
1779978046.0050185,-1.2820223569869995,-0.46003758907318115,0.0,0.0,nan,0.0,0.0,0.0,0.0,0.0,0.0,1.0
1779978046.0148227,-1.2820223569869995,-0.46003758907318115,0.0,0.0,nan,0.0,0.0,0.0,0.0,0.0,0.0,1.0
1779978046.0252507,-1.2820223569869995,-0.46003758907318115,0.0,0.0,nan,0.0,0.0,0.0,0.0,0.0,0.0,1.0
1779978046.0353453,-1.2820223569869995,-0.46003758907318115,0.0,0.0,nan,0.0,0.0,0.0,0.0,0.0,0.0,1.0
1779978046.045872,-1.2820223569869995,-0.46003758907318115,0.0,0.0,nan,0.0,0.0,0.0,0.0,0.0,0.0,1.0
1779978046.0564828,-1.2820223569869995,-0.46003758907318115,0.0,0.0,nan,0.0,0.0,0.0,0.0,0.0,0.0,1.0
1779978046.0666296,-1.2820223569869995,-0.46003758907318115,0.0,0.0,nan,0.0,0.0,0.0,0.0,0.0,0.0,1.0
1779978046.076649,-1.2820223569869995,-0.46003758907318115,0.0,0.0,nan,0.0,0.0,0.0,0.0,0.0,0.0,1.0
1779978046.0867047,-1.2820223569869995,-0.46003758907318115,0.0,0.0,nan,0.0,0.0,0.0,0.0,0.0,0.0,1.0
1779978046.097262,-1.2820223569869995,-0.46003758907318115,0.0,0.0,nan,0.0,0.0,0.0,0.0,0.0,0.0,1.0
1779978046.1074986,-1.2820223569869995,-0.46003758907318115,0.0,0.0,nan,0.0,0.0,0.0,0.0,0.0,0.0,1.0
1779978046.1177824,-1.2820223569869995,-0.46003758907318115,0.0,0.0,nan,0.0,0.0,0.0,0.0,0.0,0.0,1.0
1779978046.128114,-1.2820223569869995,-0.46003758907318115,0.0,0.0,nan,0.0,0.0,0.0,0.0,0.0,0.0,1.0
1779978046.1380863,-1.2820223569869995,-0.46003758907318115,0.0,0.0,nan,0.0,0.0,0.0,0.0,0.0,0.0,1.0
1779978046.1485882,-1.2820223569869995,-0.46003758907318115,0.0,0.0,nan,0.0,0.0,0.0,0.0,0.0,0.0,1.0
1779978046.1588407,-1.2820223569869995,-0.46003758907318115,0.0,0.0,nan,0.0,0.0,0.0,0.0,0.0,0.0,1.0
1779978046.168996,-1.2820223569869995,-0.46003758907318115,0.0,0.0,nan,0.0,0.0,0.0,0.0,0.0,0.0,1.0
1779978046.1792219,-1.2820223569869995,-0.46003758907318115,0.0,0.0,nan,0.0,0.0,0.0,0.0,0.0,0.0,1.0
1779978046.1898472,-1.2820223569869995,-0.46003758907318115,0.0,0.0,nan,0.0,0.0,0.0,0.0,0.0,0.0,1.0
1779978046.200546,-1.2820223569869995,-0.46003758907318115,0.0,0.0,nan,0.0,0.0,0.0,0.0,0.0,0.0,1.0
1779978046.2109325,-1.2820223569869995,-0.46003758907318115,0.0,0.0,nan,0.0,0.0,0.0,0.0,0.0,0.0,1.0
1779978046.2210944,-1.2820223569869995,-0.46003758907318115,0.0,0.0,nan,0.0,0.0,0.0,0.0,0.0,0.0,1.0
1779978046.2315981,-1.2820223569869995,-0.46003758907318115,0.0,0.0,nan,0.0,0.0,0.0,0.0,0.0,0.0,1.0
1779978046.2421548,-1.2820223569869995,-0.46003758907318115,0.0,0.0,nan,0.0,0.0,0.0,0.0,0.0,0.0,1.0
1779978046.252512,-1.2820223569869995,-0.46003758907318115,0.0,0.0,nan,0.0,0.0,0.0,0.0,0.0,0.0,1.0
1779978046.262399,-1.2820223569869995,-0.46003758907318115,0.0,0.0,nan,0.0,0.0,0.0,0.0,0.0,0.0,1.0
1779978046.2725089,-1.2820223569869995,-0.46003758907318115,0.0,0.0,nan,0.0,0.0,0.0,0.0,0.0,0.0,1.0
1779978046.282777,-1.2820223569869995,-0.46003758907318115,0.0,0.0,nan,0.0,0.0,0.0,0.0,0.0,0.0,1.0
1779978046.2929554,-1.2820223569869995,-0.46003758907318115,0.0,0.0,nan,0.0,0.0,0.0,0.0,0.0,0.0,1.0
1779978046.3030875,-1.2820223569869995,-0.46003758907318115,0.0,0.0,nan,0.0,0.0,0.0,0.0,0.0,0.0,1.0
1779978046.3137121,-1.2820223569869995,-0.46003758907318115,0.0,0.0,nan,0.0,0.0,0.0,0.0,0.0,0.0,1.0
1779978046.3239381,-1.2820223569869995,-0.46003758907318115,0.0,0.0,nan,0.0,0.0,0.0,0.0,0.0,0.0,1.0
1779978046.3341053,-1.2820223569869995,-0.46003758907318115,0.0,0.0,nan,0.0,0.0,0.0,0.0,0.0,0.0,1.0
1779978046.3444686,-1.2820223569869995,-0.46003758907318115,0.0,0.0,nan,0.0,0.0,0.0,0.0,0.0,0.0,1.0
1779978046.3551452,-1.2820223569869995,-0.46003758907318115,0.0,0.0,nan,0.0,0.0,0.0,0.0,0.0,0.0,1.0
1779978046.3652413,-1.2820223569869995,-0.46003758907318115,0.0,0.0,nan,0.0,0.0,0.0,0.0,0.0,0.0,1.0
1779978046.3757143,-1.2820223569869995,-0.46003758907318115,0.0,0.0,nan,0.0,0.0,0.0,0.0,0.0,0.0,1.0
1779978046.386204,-1.2820223569869995,-0.46003758907318115,0.0,0.0,nan,0.0,0.0,0.0,0.0,0.0,0.0,1.0
1779978046.396621,-1.2820223569869995,-0.46003758907318115,0.0,0.0,nan,0.0,0.0,0.0,0.0,0.0,0.0,1.0
1779978046.4069226,-1.2820223569869995,-0.46003758907318115,0.0,0.0,nan,0.0,0.0,0.0,0.0,0.0,0.0,1.0
1779978046.4172442,-1.2820223569869995,-0.46003758907318115,0.0,0.0,nan,0.0,0.0,0.0,0.0,0.0,0.0,1.0
1779978046.4271193,-1.2820223569869995,-0.46003758907318115,0.0,0.0,nan,0.0,0.0,0.0,0.0,0.0,0.0,1.0
1779978046.437674,-1.2820223569869995,-0.46003758907318115,0.0,0.0,nan,0.0,0.0,0.0,0.0,0.0,0.0,1.0
1779978046.4477324,-1.2820223569869995,-0.46003758907318115,0.0,0.0,nan,0.0,0.0,0.0,0.0,0.0,0.0,1.0
1779978046.457862,-1.2820223569869995,-0.46003758907318115,0.0,0.0,nan,0.0,0.0,0.0,0.0,0.0,0.0,1.0
1779978046.4681332,-1.2820223569869995,-0.46003758907318115,0.0,0.0,nan,0.0,0.0,0.0,0.0,0.0,0.0,1.0
1779978046.4784484,-1.2820223569869995,-0.46003758907318115,0.0,0.0,nan,0.0,0.0,0.0,0.0,0.0,0.0,1.0
1779978046.4888644,-1.2820223569869995,-0.46003758907318115,0.0,0.0,nan,0.0,0.0,0.0,0.0,0.0,0.0,1.0
1779978046.4996314,-1.2820223569869995,-0.46003758907318115,0.0,0.0,nan,0.0,0.0,0.0,0.0,0.0,0.0,1.0
1779978046.5099983,-1.2820223569869995,-0.46003758907318115,0.0,0.0,nan,0.0,0.0,0.0,0.0,0.0,0.0,1.0
1779978046.5198913,-1.2820223569869995,-0.46003758907318115,0.0,0.0,nan,0.0,0.0,0.0,0.0,0.0,0.0,1.0
1779978046.5302615,-1.2820223569869995,-0.46003758907318115,0.0,0.0,nan,0.0,0.0,0.0,0.0,0.0,0.0,1.0
1779978046.5408087,-1.2820223569869995,-0.46003758907318115,0.0,0.0,nan,0.0,0.0,0.0,0.0,0.0,0.0,1.0
1779978046.55133,-1.2820223569869995,-0.46003758907318115,0.0,0.0,nan,0.0,0.0,0.0,0.0,0.0,0.0,1.0
1779978046.5616214,-1.2820223569869995,-0.46003758907318115,0.0,0.0,nan,0.0,0.0,0.0,0.0,0.0,0.0,1.0
1779978046.5719378,-1.2820223569869995,-0.46003758907318115,0.0,0.0,nan,0.0,0.0,0.0,0.0,0.0,0.0,1.0
1779978046.5821042,-1.2820223569869995,-0.46003758907318115,0.0,0.0,nan,0.0,0.0,0.0,0.0,0.0,0.0,1.0
1779978046.5923154,-1.2820223569869995,-0.46003758907318115,0.0,0.0,nan,0.0,0.0,0.0,0.0,0.0,0.0,1.0
1779978046.6029367,-1.2820223569869995,-0.46003758907318115,0.0,0.0,nan,0.0,0.0,0.0,0.0,0.0,0.0,1.0
1779978046.6131122,-1.2820223569869995,-0.46003758907318115,0.0,0.0,nan,0.0,0.0,0.0,0.0,0.0,0.0,1.0
1779978046.6235921,-1.2820223569869995,-0.46003758907318115,0.0,0.0,nan,0.0,0.0,0.0,0.0,0.0,0.0,1.0
1779978046.634277,-1.2820223569869995,-0.46003758907318115,0.0,0.0,nan,0.0,0.0,0.0,0.0,0.0,0.0,1.0
1779978046.6447437,-1.2820223569869995,-0.46003758907318115,0.0,0.0,nan,0.0,0.0,0.0,0.0,0.0,0.0,1.0
1779978046.6552627,-1.2820223569869995,-0.46003758907318115,0.0,0.0,nan,0.0,0.0,0.0,0.0,0.0,0.0,1.0
1779978046.6653972,-1.2820223569869995,-0.46003758907318115,0.0,0.0,nan,0.0,0.0,0.0,0.0,0.0,0.0,1.0
1779978046.675908,-1.2820223569869995,-0.46003758907318115,0.0,0.0,nan,0.0,0.0,0.0,0.0,0.0,0.0,1.0
1779978046.6861112,-1.2820223569869995,-0.46003758907318115,0.0,0.0,nan,0.0,0.0,0.0,0.0,0.0,0.0,1.0
1779978046.6967416,-1.2820223569869995,-0.46003758907318115,0.0,0.0,nan,0.0,0.0,0.0,0.0,0.0,0.0,1.0
1779978046.7067842,-1.2820223569869995,-0.46003758907318115,0.0,0.0,nan,0.0,0.0,0.0,0.0,0.0,0.0,1.0
1779978046.7172232,-1.2820223569869995,-0.46003758907318115,0.0,0.0,nan,0.0,0.0,0.0,0.0,0.0,0.0,1.0
1779978046.727453,-1.2820223569869995,-0.46003758907318115,0.0,0.0,nan,0.0,0.0,0.0,0.0,0.0,0.0,1.0
1779978046.7376487,-1.2820223569869995,-0.46003758907318115,0.0,0.0,nan,0.0,0.0,0.0,0.0,0.0,0.0,1.0
1779978046.747673,-1.2820223569869995,-0.46003758907318115,0.0,0.0,nan,0.0,0.0,0.0,0.0,0.0,0.0,1.0
1779978046.7578108,-1.2820223569869995,-0.46003758907318115,0.0,0.0,nan,0.0,0.0,0.0,0.0,0.0,0.0,1.0
1779978046.7678432,-1.2820223569869995,-0.46003758907318115,0.0,0.0,nan,0.0,0.0,0.0,0.0,0.0,0.0,1.0
1779978046.7780905,-1.2820223569869995,-0.46003758907318115,0.0,0.0,nan,0.0,0.0,0.0,0.0,0.0,0.0,1.0
1779978046.788189,-1.2820223569869995,-0.46003758907318115,0.0,0.0,nan,0.0,0.0,0.0,0.0,0.0,0.0,1.0
1779978046.7985678,-1.2820223569869995,-0.46003758907318115,0.0,0.0,nan,0.0,0.0,0.0,0.0,0.0,0.0,1.0
1779978046.8086843,-1.2820223569869995,-0.46003758907318115,0.0,0.0,nan,0.0,0.0,0.0,0.0,0.0,0.0,1.0
1779978046.8190827,-1.2820223569869995,-0.46003758907318115,0.0,0.0,nan,0.0,0.0,0.0,0.0,0.0,0.0,1.0
1779978046.829284,-1.2820223569869995,-0.46003758907318115,0.0,0.0,nan,0.0,0.0,0.0,0.0,0.0,0.0,1.0
1779978046.8397427,-1.2820223569869995,-0.46003758907318115,0.0,0.0,nan,0.0,0.0,0.0,0.0,0.0,0.0,1.0
1779978046.8497758,-1.2820223569869995,-0.46003758907318115,0.0,0.0,nan,0.0,0.0,0.0,0.0,0.0,0.0,1.0
1779978046.86012,-1.2820223569869995,-0.46003758907318115,0.0,0.0,nan,0.0,0.0,0.0,0.0,0.0,0.0,1.0
1779978046.8706784,-1.2820223569869995,-0.46003758907318115,0.0,0.0,nan,0.0,0.0,0.0,0.0,0.0,0.0,1.0
1779978046.8807025,-1.2820223569869995,-0.46003758907318115,0.0,0.0,nan,0.0,0.0,0.0,0.0,0.0,0.0,1.0
1779978046.8908682,-1.2820223569869995,-0.46003758907318115,0.0,0.0,nan,0.0,0.0,0.0,0.0,0.0,0.0,1.0
1779978046.901059,-1.2820223569869995,-0.46003758907318115,0.0,0.0,nan,0.0,0.0,0.0,0.0,0.0,0.0,1.0
1779978046.9118674,-1.2820223569869995,-0.46003758907318115,0.0,0.0,nan,0.0,0.0,0.0,0.0,0.0,0.0,1.0
1779978046.9224532,-1.2820223569869995,-0.46003758907318115,0.0,0.0,nan,0.0,0.0,0.0,0.0,0.0,0.0,1.0
1779978046.9329424,-1.2820223569869995,-0.46003758907318115,0.0,0.0,nan,0.0,0.0,0.0,0.0,0.0,0.0,1.0
1779978046.9435596,-1.2820223569869995,-0.46003758907318115,0.0,0.0,nan,0.0,0.0,0.0,0.0,0.0,0.0,1.0
1779978046.9541535,-1.2820223569869995,-0.46003758907318115,0.0,0.0,nan,0.0,0.0,0.0,0.0,0.0,0.0,1.0
1779978046.9645317,-1.2820223569869995,-0.46003758907318115,0.0,0.0,nan,0.0,0.0,0.0,0.0,0.0,0.0,1.0
1779978046.974979,-1.2820223569869995,-0.46003758907318115,0.0,0.0,nan,0.0,0.0,0.0,0.0,0.0,0.0,1.0
1779978046.985636,-1.2820223569869995,-0.46003758907318115,0.0,0.0,nan,0.0,0.0,0.0,0.0,0.0,0.0,1.0
1779978046.9956174,-1.2820223569869995,-0.46003758907318115,0.0,0.0,nan,0.0,0.0,0.0,0.0,0.0,0.0,1.0
1779978047.005715,-1.2820223569869995,-0.46003758907318115,0.0,0.0,nan,0.0,0.0,0.0,0.0,0.0,0.0,1.0
1779978047.0160882,-1.2820223569869995,-0.46003758907318115,0.0,0.0,nan,0.0,0.0,0.0,0.0,0.0,0.0,1.0
1779978047.0265622,-1.2820223569869995,-0.46003758907318115,0.0,0.0,nan,0.0,0.0,0.0,0.0,0.0,0.0,1.0
1779978047.0370336,-1.2820223569869995,-0.46003758907318115,0.0,0.0,nan,0.0,0.0,0.0,0.0,0.0,0.0,1.0
1779978047.0473998,-1.2820223569869995,-0.46003758907318115,0.0,0.0,nan,0.0,0.0,0.0,0.0,0.0,0.0,1.0
1779978047.0578456,-1.2820223569869995,-0.46003758907318115,0.0,0.0,nan,0.0,0.0,0.0,0.0,0.0,0.0,1.0
1779978047.0683422,-1.2820223569869995,-0.46003758907318115,0.0,0.0,nan,0.0,0.0,0.0,0.0,0.0,0.0,1.0
1779978047.0789213,-1.2820223569869995,-0.46003758907318115,0.0,0.0,nan,0.0,0.0,0.0,0.0,0.0,0.0,1.0
1779978047.0891268,-1.2820223569869995,-0.46003758907318115,0.0,0.0,nan,0.0,0.0,0.0,0.0,0.0,0.0,1.0
1779978047.0993507,-1.2820223569869995,-0.46003758907318115,0.0,0.0,nan,0.0,0.0,0.0,0.0,0.0,0.0,1.0
1779978047.1097317,-1.2820223569869995,-0.46003758907318115,0.0,0.0,nan,0.0,0.0,0.0,0.0,0.0,0.0,1.0
1779978047.1201024,-1.2820223569869995,-0.46003758907318115,0.0,0.0,nan,0.0,0.0,0.0,0.0,0.0,0.0,1.0
1779978047.1303756,-1.2820223569869995,-0.46003758907318115,0.0,0.0,nan,0.0,0.0,0.0,0.0,0.0,0.0,1.0
1779978047.140555,-1.2820223569869995,-0.46003758907318115,0.0,0.0,nan,0.0,0.0,0.0,0.0,0.0,0.0,1.0
1779978047.1505802,-1.2820223569869995,-0.46003758907318115,0.0,0.0,nan,0.0,0.0,0.0,0.0,0.0,0.0,1.0
1779978047.1613183,-1.2820223569869995,-0.46003758907318115,0.0,0.0,nan,0.0,0.0,0.0,0.0,0.0,0.0,1.0
1779978047.1715298,-1.2820223569869995,-0.46003758907318115,0.0,0.0,nan,0.0,0.0,0.0,0.0,0.0,0.0,1.0
1779978047.1815166,-1.2820223569869995,-0.46003758907318115,0.0,0.0,nan,0.0,0.0,0.0,0.0,0.0,0.0,1.0
1779978047.1920557,-1.2820223569869995,-0.46003758907318115,0.0,0.0,nan,0.0,0.0,0.0,0.0,0.0,0.0,1.0
1779978047.2022092,-1.2820223569869995,-0.46003758907318115,0.0,0.0,nan,0.0,0.0,0.0,0.0,0.0,0.0,1.0
1779978047.2123308,-1.2820223569869995,-0.46003758907318115,0.0,0.0,nan,0.0,0.0,0.0,0.0,0.0,0.0,1.0
1779978047.2229068,-1.2820223569869995,-0.46003758907318115,0.0,0.0,nan,0.0,0.0,0.0,0.0,0.0,0.0,1.0
1779978047.233322,-1.2820223569869995,-0.46003758907318115,0.0,0.0,nan,0.0,0.0,0.0,0.0,0.0,0.0,1.0
1779978047.243745,-1.2820223569869995,-0.46003758907318115,0.0,0.0,nan,0.0,0.0,0.0,0.0,0.0,0.0,1.0
1779978047.2542553,-1.2820223569869995,-0.46003758907318115,0.0,0.0,nan,0.0,0.0,0.0,0.0,0.0,0.0,1.0
1779978047.2647538,-1.2820223569869995,-0.46003758907318115,0.0,0.0,nan,0.0,0.0,0.0,0.0,0.0,0.0,1.0
1779978047.2749767,-1.2820223569869995,-0.46003758907318115,0.0,0.0,nan,0.0,0.0,0.0,0.0,0.0,0.0,1.0
1779978047.2853446,-1.2820223569869995,-0.46003758907318115,0.0,0.0,nan,0.0,0.0,0.0,0.0,0.0,0.0,1.0
1779978047.2954967,-1.2820223569869995,-0.46003758907318115,0.0,0.0,nan,0.0,0.0,0.0,0.0,0.0,0.0,1.0
1779978047.3057404,-1.2820223569869995,-0.46003758907318115,0.0,0.0,nan,0.0,0.0,0.0,0.0,0.0,0.0,1.0
1779978047.315709,-1.2820223569869995,-0.46003758907318115,0.0,0.0,nan,0.0,0.0,0.0,0.0,0.0,0.0,1.0
1779978047.3259537,-1.2820223569869995,-0.46003758907318115,0.0,0.0,nan,0.0,0.0,0.0,0.0,0.0,0.0,1.0
1779978047.336015,-1.2820223569869995,-0.46003758907318115,0.0,0.0,nan,0.0,0.0,0.0,0.0,0.0,0.0,1.0
1779978047.3467422,-1.2820223569869995,-0.46003758907318115,0.0,0.0,nan,0.0,0.0,0.0,0.0,0.0,0.0,1.0
1779978047.3572423,-1.2820223569869995,-0.46003758907318115,0.0,0.0,nan,0.0,0.0,0.0,0.0,0.0,0.0,1.0
1779978047.3676498,-1.2820223569869995,-0.46003758907318115,0.0,0.0,nan,0.0,0.0,0.0,0.0,0.0,0.0,1.0
1779978047.3781736,-1.2820223569869995,-0.46003758907318115,0.0,0.0,nan,0.0,0.0,0.0,0.0,0.0,0.0,1.0
1779978047.3882403,-1.2820223569869995,-0.46003758907318115,0.0,0.0,nan,0.0,0.0,0.0,0.0,0.0,0.0,1.0
1779978047.3984404,-1.2820223569869995,-0.46003758907318115,0.0,0.0,nan,0.0,0.0,0.0,0.0,0.0,0.0,1.0
1779978047.4090943,-1.2820223569869995,-0.46003758907318115,0.0,0.0,nan,0.0,0.0,0.0,0.0,0.0,0.0,1.0
1779978047.41946,-1.2820223569869995,-0.46003758907318115,0.0,0.0,nan,0.0,0.0,0.0,0.0,0.0,0.0,1.0
1779978047.429643,-1.2820223569869995,-0.46003758907318115,0.0,0.0,nan,0.0,0.0,0.0,0.0,0.0,0.0,1.0
1779978047.4401655,-1.2820223569869995,-0.46003758907318115,0.0,0.0,nan,0.0,0.0,0.0,0.0,0.0,0.0,1.0
1779978047.4507117,-1.2820223569869995,-0.46003758907318115,0.0,0.0,nan,0.0,0.0,0.0,0.0,0.0,0.0,1.0
1779978047.460737,-1.2820223569869995,-0.46003758907318115,0.0,0.0,nan,0.0,0.0,0.0,0.0,0.0,0.0,1.0
1779978047.4713678,-1.2820223569869995,-0.46003758907318115,0.0,0.0,nan,0.0,0.0,0.0,0.0,0.0,0.0,1.0
1779978047.4817252,-1.2820223569869995,-0.46003758907318115,0.0,0.0,nan,0.0,0.0,0.0,0.0,0.0,0.0,1.0
1779978047.4920237,-1.2820223569869995,-0.46003758907318115,0.0,0.0,nan,0.0,0.0,0.0,0.0,0.0,0.0,1.0
1779978047.5024037,-1.2820223569869995,-0.46003758907318115,0.0,0.0,nan,0.0,0.0,0.0,0.0,0.0,0.0,1.0
1779978047.5128412,-1.2820223569869995,-0.46003758907318115,0.0,0.0,nan,0.0,0.0,0.0,0.0,0.0,0.0,1.0
1779978047.5234141,-1.2820223569869995,-0.46003758907318115,0.0,0.0,nan,0.0,0.0,0.0,0.0,0.0,0.0,1.0
1779978047.5340207,-1.2820223569869995,-0.46003758907318115,0.0,0.0,nan,0.0,0.0,0.0,0.0,0.0,0.0,1.0
1779978047.5441544,-1.2820223569869995,-0.46003758907318115,0.0,0.0,nan,0.0,0.0,0.0,0.0,0.0,0.0,1.0
1779978047.5544841,-1.2820223569869995,-0.46003758907318115,0.0,0.0,nan,0.0,0.0,0.0,0.0,0.0,0.0,1.0
1779978047.5644343,-1.2820223569869995,-0.46003758907318115,0.0,0.0,nan,0.0,0.0,0.0,0.0,0.0,0.0,1.0
1779978047.5746121,-1.2820223569869995,-0.46003758907318115,0.0,0.0,nan,0.0,0.0,0.0,0.0,0.0,0.0,1.0
1779978047.5848649,-1.2820223569869995,-0.46003758907318115,0.0,0.0,nan,0.0,0.0,0.0,0.0,0.0,0.0,1.0
1779978047.5953734,-1.2820223569869995,-0.46003758907318115,0.0,0.0,nan,0.0,0.0,0.0,0.0,0.0,0.0,1.0
1779978047.605656,-1.2820223569869995,-0.46003758907318115,0.0,0.0,nan,0.0,0.0,0.0,0.0,0.0,0.0,1.0
1779978047.616049,-1.2820223569869995,-0.46003758907318115,0.0,0.0,nan,0.0,0.0,0.0,0.0,0.0,0.0,1.0
1779978047.626469,-1.2820223569869995,-0.46003758907318115,0.0,0.0,nan,0.0,0.0,0.0,0.0,0.0,0.0,1.0
1779978047.636823,-1.2820223569869995,-0.46003758907318115,0.0,0.0,nan,0.0,0.0,0.0,0.0,0.0,0.0,1.0
1779978047.647187,-1.2820223569869995,-0.46003758907318115,0.0,0.0,nan,0.0,0.0,0.0,0.0,0.0,0.0,1.0
1779978047.6573417,-1.2820223569869995,-0.46003758907318115,0.0,0.0,nan,0.0,0.0,0.0,0.0,0.0,0.0,1.0
1779978047.6675339,-1.2820223569869995,-0.46003758907318115,0.0,0.0,nan,0.0,0.0,0.0,0.0,0.0,0.0,1.0
1779978047.6779182,-1.2820223569869995,-0.46003758907318115,0.0,0.0,nan,0.0,0.0,0.0,0.0,0.0,0.0,1.0
1779978047.688296,-1.2820223569869995,-0.46003758907318115,0.0,0.0,nan,0.0,0.0,0.0,0.0,0.0,0.0,1.0
1779978047.69854,-1.2820223569869995,-0.46003758907318115,0.0,0.0,nan,0.0,0.0,0.0,0.0,0.0,0.0,1.0
1779978047.7089813,-1.2820223569869995,-0.46003758907318115,0.0,0.0,nan,0.0,0.0,0.0,0.0,0.0,0.0,1.0
1779978047.7192752,-1.2820223569869995,-0.46003758907318115,0.0,0.0,nan,0.0,0.0,0.0,0.0,0.0,0.0,1.0
1779978047.7293987,-1.2820223569869995,-0.46003758907318115,0.0,0.0,nan,0.0,0.0,0.0,0.0,0.0,0.0,1.0
1779978047.739698,-1.2820223569869995,-0.46003758907318115,0.0,0.0,nan,0.0,0.0,0.0,0.0,0.0,0.0,1.0
1779978047.7495751,-1.2820223569869995,-0.46003758907318115,0.0,0.0,nan,0.0,0.0,0.0,0.0,0.0,0.0,1.0
1779978047.7597132,-1.2820223569869995,-0.46003758907318115,0.0,0.0,nan,0.0,0.0,0.0,0.0,0.0,0.0,1.0
1779978047.7701986,-1.2820223569869995,-0.46003758907318115,0.0,0.0,nan,0.0,0.0,0.0,0.0,0.0,0.0,1.0
1779978047.7803376,-1.2820223569869995,-0.46003758907318115,0.0,0.0,nan,0.0,0.0,0.0,0.0,0.0,0.0,1.0
1779978047.7908244,-1.2820223569869995,-0.46003758907318115,0.0,0.0,nan,0.0,0.0,0.0,0.0,0.0,0.0,1.0
1779978047.8026323,-1.2820223569869995,-0.46003758907318115,0.0,0.0,nan,0.0,0.0,0.0,0.0,0.0,0.0,1.0
1779978047.8132236,-1.2820223569869995,-0.46003758907318115,0.0,0.0,nan,0.0,0.0,0.0,0.0,0.0,0.0,1.0
1779978047.8233478,-1.2820223569869995,-0.46003758907318115,0.0,0.0,nan,0.0,0.0,0.0,0.0,0.0,0.0,1.0
1779978047.8337445,-1.2820223569869995,-0.46003758907318115,0.0,0.0,nan,0.0,0.0,0.0,0.0,0.0,0.0,1.0
1779978047.8437934,-1.2820223569869995,-0.46003758907318115,0.0,0.0,nan,0.0,0.0,0.0,0.0,0.0,0.0,1.0
1779978047.8543818,-1.2820223569869995,-0.46003758907318115,0.0,0.0,nan,0.0,0.0,0.0,0.0,0.0,0.0,1.0
1779978047.8646636,-1.2820223569869995,-0.46003758907318115,0.0,0.0,nan,0.0,0.0,0.0,0.0,0.0,0.0,1.0
1779978047.8749268,-1.2820223569869995,-0.46003758907318115,0.0,0.0,nan,0.0,0.0,0.0,0.0,0.0,0.0,1.0
1779978047.8852365,-1.2820223569869995,-0.46003758907318115,0.0,0.0,nan,0.0,0.0,0.0,0.0,0.0,0.0,1.0
1779978047.895593,-1.2820223569869995,-0.46003758907318115,0.0,0.0,nan,0.0,0.0,0.0,0.0,0.0,0.0,1.0
1779978047.906187,-1.2820223569869995,-0.46003758907318115,0.0,0.0,nan,0.0,0.0,0.0,0.0,0.0,0.0,1.0
1779978047.916363,-1.2820223569869995,-0.46003758907318115,0.0,0.0,nan,0.0,0.0,0.0,0.0,0.0,0.0,1.0
1779978047.9268305,-1.2820223569869995,-0.46003758907318115,0.0,0.0,nan,0.0,0.0,0.0,0.0,0.0,0.0,1.0
1779978047.9371607,-1.2820223569869995,-0.46003758907318115,0.0,0.0,nan,0.0,0.0,0.0,0.0,0.0,0.0,1.0
1779978047.9472704,-1.2820223569869995,-0.46003758907318115,0.0,0.0,nan,0.0,0.0,0.0,0.0,0.0,0.0,1.0
1779978047.9579108,-1.2820223569869995,-0.46003758907318115,0.0,0.0,nan,0.0,0.0,0.0,0.0,0.0,0.0,1.0
1779978047.968088,-1.2820223569869995,-0.46003758907318115,0.0,0.0,nan,0.0,0.0,0.0,0.0,0.0,0.0,1.0
1779978047.9785597,-1.2820223569869995,-0.46003758907318115,0.0,0.0,nan,0.0,0.0,0.0,0.0,0.0,0.0,1.0
1779978047.988966,-1.2820223569869995,-0.46003758907318115,0.0,0.0,nan,0.0,0.0,0.0,0.0,0.0,0.0,1.0
1779978047.9996166,-1.2820223569869995,-0.46003758907318115,0.0,0.0,nan,0.0,0.0,0.0,0.0,0.0,0.0,1.0
1779978048.0102644,-1.2820223569869995,-0.46003758907318115,0.0,0.0,nan,0.0,0.0,0.0,0.0,0.0,0.0,1.0
1779978048.0208828,-1.2820223569869995,-0.46003758907318115,0.0,0.0,nan,0.0,0.0,0.0,0.0,0.0,0.0,1.0
1779978048.0313807,-1.2820223569869995,-0.46003758907318115,0.0,0.0,nan,0.0,0.0,0.0,0.0,0.0,0.0,1.0
1779978048.041659,-1.2820223569869995,-0.46003758907318115,0.0,0.0,nan,0.0,0.0,0.0,0.0,0.0,0.0,1.0
1779978048.0519178,-1.2820223569869995,-0.46003758907318115,0.0,0.0,nan,0.0,0.0,0.0,0.0,0.0,0.0,1.0
1779978048.0619214,-1.2820223569869995,-0.46003758907318115,0.0,0.0,nan,0.0,0.0,0.0,0.0,0.0,0.0,1.0
1779978048.072245,-1.2820223569869995,-0.46003758907318115,0.0,0.0,nan,0.0,0.0,0.0,0.0,0.0,0.0,1.0
1779978048.0824902,-1.2820223569869995,-0.46003758907318115,0.0,0.0,nan,0.0,0.0,0.0,0.0,0.0,0.0,1.0
1779978048.092923,-1.2820223569869995,-0.46003758907318115,0.0,0.0,nan,0.0,0.0,0.0,0.0,0.0,0.0,1.0
1779978048.1033268,-1.2820223569869995,-0.46003758907318115,0.0,0.0,nan,0.0,0.0,0.0,0.0,0.0,0.0,1.0
1779978048.1134727,-1.2820223569869995,-0.46003758907318115,0.0,0.0,nan,0.0,0.0,0.0,0.0,0.0,0.0,1.0
1779978048.1235769,-1.2820223569869995,-0.46003758907318115,0.0,0.0,nan,0.0,0.0,0.0,0.0,0.0,0.0,1.0
1779978048.1338043,-1.2820223569869995,-0.46003758907318115,0.0,0.0,nan,0.0,0.0,0.0,0.0,0.0,0.0,1.0
1779978048.1439648,-1.2820223569869995,-0.46003758907318115,0.0,0.0,nan,0.0,0.0,0.0,0.0,0.0,0.0,1.0
1779978048.1545186,-1.2820223569869995,-0.46003758907318115,0.0,0.0,nan,0.0,0.0,0.0,0.0,0.0,0.0,1.0
1779978048.1646945,-1.2820223569869995,-0.46003758907318115,0.0,0.0,nan,0.0,0.0,0.0,0.0,0.0,0.0,1.0
1779978048.1753008,-1.2820223569869995,-0.46003758907318115,0.0,0.0,nan,0.0,0.0,0.0,0.0,0.0,0.0,1.0
1779978048.185551,-1.2820223569869995,-0.46003758907318115,0.0,0.0,nan,0.0,0.0,0.0,0.0,0.0,0.0,1.0
1779978048.195734,-1.2820223569869995,-0.46003758907318115,0.0,0.0,nan,0.0,0.0,0.0,0.0,0.0,0.0,1.0
1779978048.2059865,-1.2820223569869995,-0.46003758907318115,0.0,0.0,nan,0.0,0.0,0.0,0.0,0.0,0.0,1.0
1779978048.216589,-1.2820223569869995,-0.46003758907318115,0.0,0.0,nan,0.0,0.0,0.0,0.0,0.0,0.0,1.0
1779978048.2270834,-1.2820223569869995,-0.46003758907318115,0.0,0.0,nan,0.0,0.0,0.0,0.0,0.0,0.0,1.0
1779978048.237298,-1.2820223569869995,-0.46003758907318115,0.0,0.0,nan,0.0,0.0,0.0,0.0,0.0,0.0,1.0
1779978048.2477186,-1.2820223569869995,-0.46003758907318115,0.0,0.0,nan,0.0,0.0,0.0,0.0,0.0,0.0,1.0
1779978048.2582104,-1.2820223569869995,-0.46003758907318115,0.0,0.0,nan,0.0,0.0,0.0,0.0,0.0,0.0,1.0
1779978048.2681496,-1.2820223569869995,-0.46003758907318115,0.0,0.0,nan,0.0,0.0,0.0,0.0,0.0,0.0,1.0
1779978048.278588,-1.2820223569869995,-0.46003758907318115,0.0,0.0,nan,0.0,0.0,0.0,0.0,0.0,0.0,1.0
1779978048.2892294,-1.2820223569869995,-0.46003758907318115,0.0,0.0,nan,0.0,0.0,0.0,0.0,0.0,0.0,1.0
1779978048.2994742,-1.2820223569869995,-0.46003758907318115,0.0,0.0,nan,0.0,0.0,0.0,0.0,0.0,0.0,1.0
1779978048.309862,-1.2820223569869995,-0.46003758907318115,0.0,0.0,nan,0.0,0.0,0.0,0.0,0.0,0.0,1.0
1779978048.3200016,-1.2820223569869995,-0.46003758907318115,0.0,0.0,nan,0.0,0.0,0.0,0.0,0.0,0.0,1.0
1779978048.3305907,-1.2820223569869995,-0.46003758907318115,0.0,0.0,nan,0.0,0.0,0.0,0.0,0.0,0.0,1.0
1779978048.3407443,-1.2820223569869995,-0.46003758907318115,0.0,0.0,nan,0.0,0.0,0.0,0.0,0.0,0.0,1.0
1779978048.3511662,-1.2820223569869995,-0.46003758907318115,0.0,0.0,nan,0.0,0.0,0.0,0.0,0.0,0.0,1.0
1779978048.361744,-1.2820223569869995,-0.46003758907318115,0.0,0.0,nan,0.0,0.0,0.0,0.0,0.0,0.0,1.0
1779978048.3720162,-1.2820223569869995,-0.46003758907318115,0.0,0.0,nan,0.0,0.0,0.0,0.0,0.0,0.0,1.0
1779978048.3820164,-1.2820223569869995,-0.46003758907318115,0.0,0.0,nan,0.0,0.0,0.0,0.0,0.0,0.0,1.0
1779978048.3922472,-1.2820223569869995,-0.46003758907318115,0.0,0.0,nan,0.0,0.0,0.0,0.0,0.0,0.0,1.0
1779978048.4030306,-1.2820223569869995,-0.46003758907318115,0.0,0.0,nan,0.0,0.0,0.0,0.0,0.0,0.0,1.0
1779978048.413142,-1.2820223569869995,-0.46003758907318115,0.0,0.0,nan,0.0,0.0,0.0,0.0,0.0,0.0,1.0
1779978048.4237046,-1.2820223569869995,-0.46003758907318115,0.0,0.0,nan,0.0,0.0,0.0,0.0,0.0,0.0,1.0
1779978048.4340842,-1.2820223569869995,-0.46003758907318115,0.0,0.0,nan,0.0,0.0,0.0,0.0,0.0,0.0,1.0
1779978048.444709,-1.2820223569869995,-0.46003758907318115,0.0,0.0,nan,0.0,0.0,0.0,0.0,0.0,0.0,1.0
1779978048.4551883,-1.2820223569869995,-0.46003758907318115,0.0,0.0,nan,0.0,0.0,0.0,0.0,0.0,0.0,1.0
1779978048.4654505,-1.2820223569869995,-0.46003758907318115,0.0,0.0,nan,0.0,0.0,0.0,0.0,0.0,0.0,1.0
1779978048.4756234,-1.2820223569869995,-0.46003758907318115,0.0,0.0,nan,0.0,0.0,0.0,0.0,0.0,0.0,1.0
1779978048.4860597,-1.2820223569869995,-0.46003758907318115,0.0,0.0,nan,0.0,0.0,0.0,0.0,0.0,0.0,1.0
1779978048.4967754,-1.2820223569869995,-0.46003758907318115,0.0,0.0,nan,0.0,0.0,0.0,0.0,0.0,0.0,1.0
1779978048.5068042,-1.2820223569869995,-0.46003758907318115,0.0,0.0,nan,0.0,0.0,0.0,0.0,0.0,0.0,1.0
1779978048.5173566,-1.2820223569869995,-0.46003758907318115,0.0,0.0,nan,0.0,0.0,0.0,0.0,0.0,0.0,1.0
1779978048.5277793,-1.2820223569869995,-0.46003758907318115,0.0,0.0,nan,0.0,0.0,0.0,0.0,0.0,0.0,1.0
1779978048.538354,-1.2820223569869995,-0.46003758907318115,0.0,0.0,nan,0.0,0.0,0.0,0.0,0.0,0.0,1.0
1779978048.548984,-1.2820223569869995,-0.46003758907318115,0.0,0.0,nan,0.0,0.0,0.0,0.0,0.0,0.0,1.0
1779978048.5589538,-1.2820223569869995,-0.46003758907318115,0.0,0.0,nan,0.0,0.0,0.0,0.0,0.0,0.0,1.0
1779978048.569401,-1.2820223569869995,-0.46003758907318115,0.0,0.0,nan,0.0,0.0,0.0,0.0,0.0,0.0,1.0
1779978048.5797684,-1.2820223569869995,-0.46003758907318115,0.0,0.0,nan,0.0,0.0,0.0,0.0,0.0,0.0,1.0
1779978048.5903447,-1.2820223569869995,-0.46003758907318115,0.0,0.0,nan,0.0,0.0,0.0,0.0,0.0,0.0,1.0
1779978048.60069,-1.2820223569869995,-0.46003758907318115,0.0,0.0,nan,0.0,0.0,0.0,0.0,0.0,0.0,1.0
1779978048.6108203,-1.2820223569869995,-0.46003758907318115,0.0,0.0,nan,0.0,0.0,0.0,0.0,0.0,0.0,1.0
1779978048.620942,-1.2820223569869995,-0.46003758907318115,0.0,0.0,nan,0.0,0.0,0.0,0.0,0.0,0.0,1.0
1779978048.6314764,-1.2820223569869995,-0.46003758907318115,0.0,0.0,nan,0.0,0.0,0.0,0.0,0.0,0.0,1.0
1779978048.6420612,-1.2820223569869995,-0.46003758907318115,0.0,0.0,nan,0.0,0.0,0.0,0.0,0.0,0.0,1.0
1779978048.6521494,-1.2820223569869995,-0.46003758907318115,0.0,0.0,nan,0.0,0.0,0.0,0.0,0.0,0.0,1.0
1779978048.6622703,-1.2820223569869995,-0.46003758907318115,0.0,0.0,nan,0.0,0.0,0.0,0.0,0.0,0.0,1.0
1779978048.6724122,-1.2820223569869995,-0.46003758907318115,0.0,0.0,nan,0.0,0.0,0.0,0.0,0.0,0.0,1.0
1779978048.6829417,-1.2820223569869995,-0.46003758907318115,0.0,0.0,nan,0.0,0.0,0.0,0.0,0.0,0.0,1.0
1779978048.6935785,-1.2820223569869995,-0.46003758907318115,0.0,0.0,nan,0.0,0.0,0.0,0.0,0.0,0.0,1.0
1779978048.7036572,-1.2820223569869995,-0.46003758907318115,0.0,0.0,nan,0.0,0.0,0.0,0.0,0.0,0.0,1.0
1779978048.7140143,-1.2820223569869995,-0.46003758907318115,0.0,0.0,nan,0.0,0.0,0.0,0.0,0.0,0.0,1.0
1779978048.7242258,-1.2820223569869995,-0.46003758907318115,0.0,0.0,nan,0.0,0.0,0.0,0.0,0.0,0.0,1.0
1779978048.7344458,-1.2820223569869995,-0.46003758907318115,0.0,0.0,nan,0.0,0.0,0.0,0.0,0.0,0.0,1.0
1779978048.7446184,-1.2820223569869995,-0.46003758907318115,0.0,0.0,nan,0.0,0.0,0.0,0.0,0.0,0.0,1.0
1779978048.7551944,-1.2820223569869995,-0.46003758907318115,0.0,0.0,nan,0.0,0.0,0.0,0.0,0.0,0.0,1.0
1779978048.765966,-1.2820223569869995,-0.46003758907318115,0.0,0.0,nan,0.0,0.0,0.0,0.0,0.0,0.0,1.0
1779978048.7760944,-1.2820223569869995,-0.46003758907318115,0.0,0.0,nan,0.0,0.0,0.0,0.0,0.0,0.0,1.0
1779978048.7868323,-1.2820223569869995,-0.46003758907318115,0.0,0.0,nan,0.0,0.0,0.0,0.0,0.0,0.0,1.0
1779978048.7967553,-1.2820223569869995,-0.46003758907318115,0.0,0.0,nan,0.0,0.0,0.0,0.0,0.0,0.0,1.0
1779978048.80692,-1.2820223569869995,-0.46003758907318115,0.0,0.0,nan,0.0,0.0,0.0,0.0,0.0,0.0,1.0
1779978048.8173788,-1.2820223569869995,-0.46003758907318115,0.0,0.0,nan,0.0,0.0,0.0,0.0,0.0,0.0,1.0
1779978048.8275669,-1.2820223569869995,-0.46003758907318115,0.0,0.0,nan,0.0,0.0,0.0,0.0,0.0,0.0,1.0
1779978048.8381455,-1.2820223569869995,-0.46003758907318115,0.0,0.0,nan,0.0,0.0,0.0,0.0,0.0,0.0,1.0
1779978048.8481996,-1.2820223569869995,-0.46003758907318115,0.0,0.0,nan,0.0,0.0,0.0,0.0,0.0,0.0,1.0
1779978048.858649,-1.2820223569869995,-0.46003758907318115,0.0,0.0,nan,0.0,0.0,0.0,0.0,0.0,0.0,1.0
1779978048.8687973,-1.2820223569869995,-0.46003758907318115,0.0,0.0,nan,0.0,0.0,0.0,0.0,0.0,0.0,1.0
1779978048.8791103,-1.2820223569869995,-0.46003758907318115,0.0,0.0,nan,0.0,0.0,0.0,0.0,0.0,0.0,1.0
1779978048.8893702,-1.2820223569869995,-0.46003758907318115,0.0,0.0,nan,0.0,0.0,0.0,0.0,0.0,0.0,1.0
1779978048.8993542,-1.2820223569869995,-0.46003758907318115,0.0,0.0,nan,0.0,0.0,0.0,0.0,0.0,0.0,1.0
1779978048.9097962,-1.2820223569869995,-0.46003758907318115,0.0,0.0,nan,0.0,0.0,0.0,0.0,0.0,0.0,1.0
1779978048.9197874,-1.2820223569869995,-0.46003758907318115,0.0,0.0,nan,0.0,0.0,0.0,0.0,0.0,0.0,1.0
1779978048.9303231,-1.2820223569869995,-0.46003758907318115,0.0,0.0,nan,0.0,0.0,0.0,0.0,0.0,0.0,1.0
1779978048.9406686,-1.2820223569869995,-0.46003758907318115,0.0,0.0,nan,0.0,0.0,0.0,0.0,0.0,0.0,1.0
1779978048.9508507,-1.2820223569869995,-0.46003758907318115,0.0,0.0,nan,0.0,0.0,0.0,0.0,0.0,0.0,1.0
1779978048.96128,-1.2820223569869995,-0.46003758907318115,0.0,0.0,nan,0.0,0.0,0.0,0.0,0.0,0.0,1.0
1779978048.971472,-1.2820223569869995,-0.46003758907318115,0.0,0.0,nan,0.0,0.0,0.0,0.0,0.0,0.0,1.0
1779978048.9817605,-1.2820223569869995,-0.46003758907318115,0.0,0.0,nan,0.0,0.0,0.0,0.0,0.0,0.0,1.0
1779978048.9923172,-1.2820223569869995,-0.46003758907318115,0.0,0.0,nan,0.0,0.0,0.0,0.0,0.0,0.0,1.0
1779978049.0023434,-1.2820223569869995,-0.46003758907318115,0.0,0.0,nan,0.0,0.0,0.0,0.0,0.0,0.0,1.0
1779978049.0129483,-1.2820223569869995,-0.46003758907318115,0.0,0.0,nan,0.0,0.0,0.0,0.0,0.0,0.0,1.0
1779978049.0231206,-1.2820223569869995,-0.46003758907318115,0.0,0.0,nan,0.0,0.0,0.0,0.0,0.0,0.0,1.0
1779978049.0336912,-1.2820223569869995,-0.46003758907318115,0.0,0.0,nan,0.0,0.0,0.0,0.0,0.0,0.0,1.0
1779978049.0438888,-1.2820223569869995,-0.46003758907318115,0.0,0.0,nan,0.0,0.0,0.0,0.0,0.0,0.0,1.0
1779978049.0545163,-1.2820223569869995,-0.46003758907318115,0.0,0.0,nan,0.0,0.0,0.0,0.0,0.0,0.0,1.0
1779978049.0650203,-1.2820223569869995,-0.46003758907318115,0.0,0.0,nan,0.0,0.0,0.0,0.0,0.0,0.0,1.0
1779978049.0752866,-1.2820223569869995,-0.46003758907318115,0.0,0.0,nan,0.0,0.0,0.0,0.0,0.0,0.0,1.0
1779978049.0853448,-1.2820223569869995,-0.46003758907318115,0.0,0.0,nan,0.0,0.0,0.0,0.0,0.0,0.0,1.0
1779978049.0954533,-1.2820223569869995,-0.46003758907318115,0.0,0.0,nan,0.0,0.0,0.0,0.0,0.0,0.0,1.0
1779978049.1061323,-1.2820223569869995,-0.46003758907318115,0.0,0.0,nan,0.0,0.0,0.0,0.0,0.0,0.0,1.0
1779978049.1164176,-1.2820223569869995,-0.46003758907318115,0.0,0.0,nan,0.0,0.0,0.0,0.0,0.0,0.0,1.0
1779978049.1265557,-1.2820223569869995,-0.46003758907318115,0.0,0.0,nan,0.0,0.0,0.0,0.0,0.0,0.0,1.0
1779978049.136895,-1.2820223569869995,-0.46003758907318115,0.0,0.0,nan,0.0,0.0,0.0,0.0,0.0,0.0,1.0
1779978049.146898,-1.2820223569869995,-0.46003758907318115,0.0,0.0,nan,0.0,0.0,0.0,0.0,0.0,0.0,1.0
1779978049.1573858,-1.2820223569869995,-0.46003758907318115,0.0,0.0,nan,0.0,0.0,0.0,0.0,0.0,0.0,1.0
1779978049.167569,-1.2820223569869995,-0.46003758907318115,0.0,0.0,nan,0.0,0.0,0.0,0.0,0.0,0.0,1.0
1779978049.1779068,-1.2820223569869995,-0.46003758907318115,0.0,0.0,nan,0.0,0.0,0.0,0.0,0.0,0.0,1.0
1779978049.188356,-1.2820223569869995,-0.46003758907318115,0.0,0.0,nan,0.0,0.0,0.0,0.0,0.0,0.0,1.0
1779978049.1985142,-1.2820223569869995,-0.46003758907318115,0.0,0.0,nan,0.0,0.0,0.0,0.0,0.0,0.0,1.0
1779978049.20881,-1.2820223569869995,-0.46003758907318115,0.0,0.0,nan,0.0,0.0,0.0,0.0,0.0,0.0,1.0
1779978049.219546,-1.2820223569869995,-0.46003758907318115,0.0,0.0,nan,0.0,0.0,0.0,0.0,0.0,0.0,1.0
1779978049.2295508,-1.2820223569869995,-0.46003758907318115,0.0,0.0,nan,0.0,0.0,0.0,0.0,0.0,0.0,1.0
1779978049.2401874,-1.2820223569869995,-0.46003758907318115,0.0,0.0,nan,0.0,0.0,0.0,0.0,0.0,0.0,1.0
1779978049.2504954,-1.2820223569869995,-0.46003758907318115,0.0,0.0,nan,0.0,0.0,0.0,0.0,0.0,0.0,1.0
1779978049.2605882,-1.2820223569869995,-0.46003758907318115,0.0,0.0,nan,0.0,0.0,0.0,0.0,0.0,0.0,1.0
1779978049.2711797,-1.2820223569869995,-0.46003758907318115,0.0,0.0,nan,0.0,0.0,0.0,0.0,0.0,0.0,1.0
1779978049.2813892,-1.2820223569869995,-0.46003758907318115,0.0,0.0,nan,0.0,0.0,0.0,0.0,0.0,0.0,1.0
1779978049.2921095,-1.2820223569869995,-0.46003758907318115,0.0,0.0,nan,0.0,0.0,0.0,0.0,0.0,0.0,1.0
1779978049.302196,-1.2820223569869995,-0.46003758907318115,0.0,0.0,nan,0.0,0.0,0.0,0.0,0.0,0.0,1.0
1779978049.312203,-1.2820223569869995,-0.46003758907318115,0.0,0.0,nan,0.0,0.0,0.0,0.0,0.0,0.0,1.0
1779978049.32282,-1.2820223569869995,-0.46003758907318115,0.0,0.0,nan,0.0,0.0,0.0,0.0,0.0,0.0,1.0
1779978049.3328912,-1.2820223569869995,-0.46003758907318115,0.0,0.0,nan,0.0,0.0,0.0,0.0,0.0,0.0,1.0
1779978049.3429766,-1.2820223569869995,-0.46003758907318115,0.0,0.0,nan,0.0,0.0,0.0,0.0,0.0,0.0,1.0
1779978049.3536224,-1.2820223569869995,-0.46003758907318115,0.0,0.0,nan,0.0,0.0,0.0,0.0,0.0,0.0,1.0
1779978049.3636463,-1.2820223569869995,-0.46003758907318115,0.0,0.0,nan,0.0,0.0,0.0,0.0,0.0,0.0,1.0
1779978049.3739676,-1.2820223569869995,-0.46003758907318115,0.0,0.0,nan,0.0,0.0,0.0,0.0,0.0,0.0,1.0
1779978049.3843894,-1.2820223569869995,-0.46003758907318115,0.0,0.0,nan,0.0,0.0,0.0,0.0,0.0,0.0,1.0
1779978049.3945386,-1.2820223569869995,-0.46003758907318115,0.0,0.0,nan,0.0,0.0,0.0,0.0,0.0,0.0,1.0
1779978049.4050345,-1.2820223569869995,-0.46003758907318115,0.0,0.0,nan,0.0,0.0,0.0,0.0,0.0,0.0,1.0
1779978049.415603,-1.2820223569869995,-0.46003758907318115,0.0,0.0,nan,0.0,0.0,0.0,0.0,0.0,0.0,1.0
1779978049.4260247,-1.2820223569869995,-0.46003758907318115,0.0,0.0,nan,0.0,0.0,0.0,0.0,0.0,0.0,1.0
1779978049.4369175,-1.2820223569869995,-0.46003758907318115,0.0,0.0,nan,0.0,0.0,0.0,0.0,0.0,0.0,1.0
1779978049.4467523,-1.2820223569869995,-0.46003758907318115,0.0,0.0,nan,0.0,0.0,0.0,0.0,0.0,0.0,1.0
1779978049.4571683,-1.2820223569869995,-0.46003758907318115,0.0,0.0,nan,0.0,0.0,0.0,0.0,0.0,0.0,1.0
1779978049.4680297,-1.2820223569869995,-0.46003758907318115,0.0,0.0,nan,0.0,0.0,0.0,0.0,0.0,0.0,1.0
1779978049.4784718,-1.2820223569869995,-0.46003758907318115,0.0,0.0,nan,0.0,0.0,0.0,0.0,0.0,0.0,1.0
1779978049.4889739,-1.2820223569869995,-0.46003758907318115,0.0,0.0,nan,0.0,0.0,0.0,0.0,0.0,0.0,1.0
1779978049.4990659,-1.2820223569869995,-0.46003758907318115,0.0,0.0,nan,0.0,0.0,0.0,0.0,0.0,0.0,1.0
1779978049.5097659,-1.2820223569869995,-0.46003758907318115,0.0,0.0,nan,0.0,0.0,0.0,0.0,0.0,0.0,1.0
1779978049.520244,-1.2820223569869995,-0.46003758907318115,0.0,0.0,nan,0.0,0.0,0.0,0.0,0.0,0.0,1.0
1779978049.5303936,-1.2820223569869995,-0.46003758907318115,0.0,0.0,nan,0.0,0.0,0.0,0.0,0.0,0.0,1.0
1779978049.5407064,-1.2820223569869995,-0.46003758907318115,0.0,0.0,nan,0.0,0.0,0.0,0.0,0.0,0.0,1.0
1779978049.5507045,-1.2820223569869995,-0.46003758907318115,0.0,0.0,nan,0.0,0.0,0.0,0.0,0.0,0.0,1.0
1779978049.5609865,-1.2820223569869995,-0.46003758907318115,0.0,0.0,nan,0.0,0.0,0.0,0.0,0.0,0.0,1.0
1779978049.5710669,-1.2820223569869995,-0.46003758907318115,0.0,0.0,nan,0.0,0.0,0.0,0.0,0.0,0.0,1.0
1779978049.581158,-1.2820223569869995,-0.46003758907318115,0.0,0.0,nan,0.0,0.0,0.0,0.0,0.0,0.0,1.0
1779978049.5913694,-1.2820223569869995,-0.46003758907318115,0.0,0.0,nan,0.0,0.0,0.0,0.0,0.0,0.0,1.0
1779978049.6018548,-1.2820223569869995,-0.46003758907318115,0.0,0.0,nan,0.0,0.0,0.0,0.0,0.0,0.0,1.0
1779978049.6121979,-1.2820223569869995,-0.46003758907318115,0.0,0.0,nan,0.0,0.0,0.0,0.0,0.0,0.0,1.0
1779978049.6225574,-1.2820223569869995,-0.46003758907318115,0.0,0.0,nan,0.0,0.0,0.0,0.0,0.0,0.0,1.0
1779978049.6327906,-1.2820223569869995,-0.46003758907318115,0.0,0.0,nan,0.0,0.0,0.0,0.0,0.0,0.0,1.0
1779978049.643226,-1.2820223569869995,-0.46003758907318115,0.0,0.0,nan,0.0,0.0,0.0,0.0,0.0,0.0,1.0
1779978049.6533415,-1.2820223569869995,-0.46003758907318115,0.0,0.0,nan,0.0,0.0,0.0,0.0,0.0,0.0,1.0
1779978049.6638854,-1.2820223569869995,-0.46003758907318115,0.0,0.0,nan,0.0,0.0,0.0,0.0,0.0,0.0,1.0
1779978049.674074,-1.2820223569869995,-0.46003758907318115,0.0,0.0,nan,0.0,0.0,0.0,0.0,0.0,0.0,1.0
1779978049.6846712,-1.2820223569869995,-0.46003758907318115,0.0,0.0,nan,0.0,0.0,0.0,0.0,0.0,0.0,1.0
1779978049.6949785,-1.2820223569869995,-0.46003758907318115,0.0,0.0,nan,0.0,0.0,0.0,0.0,0.0,0.0,1.0
1779978049.705306,-1.2820223569869995,-0.46003758907318115,0.0,0.0,nan,0.0,0.0,0.0,0.0,0.0,0.0,1.0
1779978049.7158325,-1.2820223569869995,-0.46003758907318115,0.0,0.0,nan,0.0,0.0,0.0,0.0,0.0,0.0,1.0
1779978049.7263937,-1.2820223569869995,-0.46003758907318115,0.0,0.0,nan,0.0,0.0,0.0,0.0,0.0,0.0,1.0
1779978049.736425,-1.2820223569869995,-0.46003758907318115,0.0,0.0,nan,0.0,0.0,0.0,0.0,0.0,0.0,1.0
1779978049.7469668,-1.2820223569869995,-0.46003758907318115,0.0,0.0,nan,0.0,0.0,0.0,0.0,0.0,0.0,1.0
1779978049.7571537,-1.2820223569869995,-0.46003758907318115,0.0,0.0,nan,0.0,0.0,0.0,0.0,0.0,0.0,1.0
1779978049.7674007,-1.2820223569869995,-0.46003758907318115,0.0,0.0,nan,0.0,0.0,0.0,0.0,0.0,0.0,1.0
1779978049.7775629,-1.2820223569869995,-0.46003758907318115,0.0,0.0,nan,0.0,0.0,0.0,0.0,0.0,0.0,1.0
1779978049.7882528,-1.2820223569869995,-0.46003758907318115,0.0,0.0,nan,0.0,0.0,0.0,0.0,0.0,0.0,1.0
1779978049.7986808,-1.2820223569869995,-0.46003758907318115,0.0,0.0,nan,0.0,0.0,0.0,0.0,0.0,0.0,1.0
1779978049.808853,-1.2820223569869995,-0.46003758907318115,0.0,0.0,nan,0.0,0.0,0.0,0.0,0.0,0.0,1.0
1779978049.818933,-1.2820223569869995,-0.46003758907318115,0.0,0.0,nan,0.0,0.0,0.0,0.0,0.0,0.0,1.0
1779978049.8291671,-1.2820223569869995,-0.46003758907318115,0.0,0.0,nan,0.0,0.0,0.0,0.0,0.0,0.0,1.0
1779978049.839701,-1.2820223569869995,-0.46003758907318115,0.0,0.0,nan,0.0,0.0,0.0,0.0,0.0,0.0,1.0
1779978049.8500962,-1.2820223569869995,-0.46003758907318115,0.0,0.0,nan,0.0,0.0,0.0,0.0,0.0,0.0,1.0
1779978049.8606594,-1.2820223569869995,-0.46003758907318115,0.0,0.0,nan,0.0,0.0,0.0,0.0,0.0,0.0,1.0
1779978049.8709857,-1.2820223569869995,-0.46003758907318115,0.0,0.0,nan,0.0,0.0,0.0,0.0,0.0,0.0,1.0
1779978049.881317,-1.2820223569869995,-0.46003758907318115,0.0,0.0,nan,0.0,0.0,0.0,0.0,0.0,0.0,1.0
1779978049.891988,-1.2820223569869995,-0.46003758907318115,0.0,0.0,nan,0.0,0.0,0.0,0.0,0.0,0.0,1.0
1779978049.9027898,-1.2820223569869995,-0.46003758907318115,0.0,0.0,nan,0.0,0.0,0.0,0.0,0.0,0.0,1.0
1779978049.9131417,-1.2820223569869995,-0.46003758907318115,0.0,0.0,nan,0.0,0.0,0.0,0.0,0.0,0.0,1.0
1779978049.9238894,-1.2820223569869995,-0.46003758907318115,0.0,0.0,nan,0.0,0.0,0.0,0.0,0.0,0.0,1.0
1779978049.9339075,-1.2820223569869995,-0.46003758907318115,0.0,0.0,nan,0.0,0.0,0.0,0.0,0.0,0.0,1.0
1779978049.94413,-1.2820223569869995,-0.46003758907318115,0.0,0.0,nan,0.0,0.0,0.0,0.0,0.0,0.0,1.0
1779978049.9542782,-1.2820223569869995,-0.46003758907318115,0.0,0.0,nan,0.0,0.0,0.0,0.0,0.0,0.0,1.0
1779978049.964664,-1.2820223569869995,-0.46003758907318115,0.0,0.0,nan,0.0,0.0,0.0,0.0,0.0,0.0,1.0
1779978049.9749017,-1.2820223569869995,-0.46003758907318115,0.0,0.0,nan,0.0,0.0,0.0,0.0,0.0,0.0,1.0
1779978049.985018,-1.2820223569869995,-0.46003758907318115,0.0,0.0,nan,0.0,0.0,0.0,0.0,0.0,0.0,1.0
1779978049.995251,-1.2820223569869995,-0.46003758907318115,0.0,0.0,nan,0.0,0.0,0.0,0.0,0.0,0.0,1.0
1779978050.005751,-1.2820223569869995,-0.46003758907318115,0.0,0.0,nan,0.0,0.0,0.0,0.0,0.0,0.0,1.0
1779978050.016179,-1.2820223569869995,-0.46003758907318115,0.0,0.0,nan,0.0,0.0,0.0,0.0,0.0,0.0,1.0
1779978050.0264406,-1.2820223569869995,-0.46003758907318115,0.0,0.0,nan,0.0,0.0,0.0,0.0,0.0,0.0,1.0
1779978050.0366316,-1.2820223569869995,-0.46003758907318115,0.0,0.0,nan,0.0,0.0,0.0,0.0,0.0,0.0,1.0
1779978050.0470648,-1.2820223569869995,-0.46003758907318115,0.0,0.0,nan,0.0,0.0,0.0,0.0,0.0,0.0,1.0
1779978050.0571754,-1.2820223569869995,-0.46003758907318115,0.0,0.0,nan,0.0,0.0,0.0,0.0,0.0,0.0,1.0
1779978050.0674844,-1.2820223569869995,-0.46003758907318115,0.0,0.0,nan,0.0,0.0,0.0,0.0,0.0,0.0,1.0
1779978050.0776093,-1.2820223569869995,-0.46003758907318115,0.0,0.0,nan,0.0,0.0,0.0,0.0,0.0,0.0,1.0
1779978050.0879948,-1.2820223569869995,-0.46003758907318115,0.0,0.0,nan,0.0,0.0,0.0,0.0,0.0,0.0,1.0
1779978050.0982003,-1.2820223569869995,-0.46003758907318115,0.0,0.0,nan,0.0,0.0,0.0,0.0,0.0,0.0,1.0
1779978050.1086,-1.2820223569869995,-0.46003758907318115,0.0,0.0,nan,0.0,0.0,0.0,0.0,0.0,0.0,1.0
1779978050.1187818,-1.2820223569869995,-0.46003758907318115,0.0,0.0,nan,0.0,0.0,0.0,0.0,0.0,0.0,1.0
1779978050.1290681,-1.2820223569869995,-0.46003758907318115,0.0,0.0,nan,0.0,0.0,0.0,0.0,0.0,0.0,1.0
1779978050.1391182,-1.2820223569869995,-0.46003758907318115,0.0,0.0,nan,0.0,0.0,0.0,0.0,0.0,0.0,1.0
1779978050.1493979,-1.2820223569869995,-0.46003758907318115,0.0,0.0,nan,0.0,0.0,0.0,0.0,0.0,0.0,1.0
1779978050.1597605,-1.2820223569869995,-0.46003758907318115,0.0,0.0,nan,0.0,0.0,0.0,0.0,0.0,0.0,1.0
1779978050.1700382,-1.2820223569869995,-0.46003758907318115,0.0,0.0,nan,0.0,0.0,0.0,0.0,0.0,0.0,1.0
1779978050.1805143,-1.2820223569869995,-0.46003758907318115,0.0,0.0,nan,0.0,0.0,0.0,0.0,0.0,0.0,1.0
1779978050.1907487,-1.2820223569869995,-0.46003758907318115,0.0,0.0,nan,0.0,0.0,0.0,0.0,0.0,0.0,1.0
1779978050.2009335,-1.2820223569869995,-0.46003758907318115,0.0,0.0,nan,0.0,0.0,0.0,0.0,0.0,0.0,1.0
1779978050.2109833,-1.2820223569869995,-0.46003758907318115,0.0,0.0,nan,0.0,0.0,0.0,0.0,0.0,0.0,1.0
1779978050.2212017,-1.2820223569869995,-0.46003758907318115,0.0,0.0,nan,0.0,0.0,0.0,0.0,0.0,0.0,1.0
1779978050.2318256,-1.2820223569869995,-0.46003758907318115,0.0,0.0,nan,0.0,0.0,0.0,0.0,0.0,0.0,1.0
1779978050.2424233,-1.2820223569869995,-0.46003758907318115,0.0,0.0,nan,0.0,0.0,0.0,0.0,0.0,0.0,1.0
1779978050.2530344,-1.2820223569869995,-0.46003758907318115,0.0,0.0,nan,0.0,0.0,0.0,0.0,0.0,0.0,1.0
1779978050.2637148,-1.2820223569869995,-0.46003758907318115,0.0,0.0,nan,0.0,0.0,0.0,0.0,0.0,0.0,1.0
1779978050.2739108,-1.2820223569869995,-0.46003758907318115,0.0,0.0,nan,0.0,0.0,0.0,0.0,0.0,0.0,1.0
1779978050.2838943,-1.2820223569869995,-0.46003758907318115,0.0,0.0,nan,0.0,0.0,0.0,0.0,0.0,0.0,1.0
1779978050.2942843,-1.2820223569869995,-0.46003758907318115,0.0,0.0,nan,0.0,0.0,0.0,0.0,0.0,0.0,1.0
1779978050.3045971,-1.2820223569869995,-0.46003758907318115,0.0,0.0,nan,0.0,0.0,0.0,0.0,0.0,0.0,1.0
1779978050.3147113,-1.2820223569869995,-0.46003758907318115,0.0,0.0,nan,0.0,0.0,0.0,0.0,0.0,0.0,1.0
1779978050.3251753,-1.2820223569869995,-0.46003758907318115,0.0,0.0,nan,0.0,0.0,0.0,0.0,0.0,0.0,1.0
1779978050.3368747,-1.2820223569869995,-0.46003758907318115,0.0,0.0,nan,0.0,0.0,0.0,0.0,0.0,0.0,1.0
1779978050.3469694,-1.2820223569869995,-0.46003758907318115,0.0,0.0,nan,0.0,0.0,0.0,0.0,0.0,0.0,1.0
1779978050.3573232,-1.2820223569869995,-0.46003758907318115,0.0,0.0,nan,0.0,0.0,0.0,0.0,0.0,0.0,1.0
1779978050.367757,-1.2820223569869995,-0.46003758907318115,0.0,0.0,nan,0.0,0.0,0.0,0.0,0.0,0.0,1.0
1779978050.3778265,-1.2820223569869995,-0.46003758907318115,0.0,0.0,nan,0.0,0.0,0.0,0.0,0.0,0.0,1.0
1779978050.3885255,-1.2820223569869995,-0.46003758907318115,0.0,0.0,nan,0.0,0.0,0.0,0.0,0.0,0.0,1.0
1779978050.3986495,-1.2820223569869995,-0.46003758907318115,0.0,0.0,nan,0.0,0.0,0.0,0.0,0.0,0.0,1.0
1779978050.4087794,-1.2820223569869995,-0.46003758907318115,0.0,0.0,nan,0.0,0.0,0.0,0.0,0.0,0.0,1.0
1779978050.4191043,-1.2820223569869995,-0.46003758907318115,0.0,0.0,nan,0.0,0.0,0.0,0.0,0.0,0.0,1.0
1779978050.4296339,-1.2820223569869995,-0.46003758907318115,0.0,0.0,nan,0.0,0.0,0.0,0.0,0.0,0.0,1.0
1779978050.4401703,-1.2820223569869995,-0.46003758907318115,0.0,0.0,nan,0.0,0.0,0.0,0.0,0.0,0.0,1.0
1779978050.450389,-1.2820223569869995,-0.46003758907318115,0.0,0.0,nan,0.0,0.0,0.0,0.0,0.0,0.0,1.0
1779978050.460995,-1.2820223569869995,-0.46003758907318115,0.0,0.0,nan,0.0,0.0,0.0,0.0,0.0,0.0,1.0
1779978050.4713233,-1.2820223569869995,-0.46003758907318115,0.0,0.0,nan,0.0,0.0,0.0,0.0,0.0,0.0,1.0
1779978050.4817147,-1.2820223569869995,-0.46003758907318115,0.0,0.0,nan,0.0,0.0,0.0,0.0,0.0,0.0,1.0
1779978050.4917789,-1.2820223569869995,-0.46003758907318115,0.0,0.0,nan,0.0,0.0,0.0,0.0,0.0,0.0,1.0
1779978050.5020726,-1.2820223569869995,-0.46003758907318115,0.0,0.0,nan,0.0,0.0,0.0,0.0,0.0,0.0,1.0
1779978050.512206,-1.2820223569869995,-0.46003758907318115,0.0,0.0,nan,0.0,0.0,0.0,0.0,0.0,0.0,1.0
1779978050.522347,-1.2820223569869995,-0.46003758907318115,0.0,0.0,nan,0.0,0.0,0.0,0.0,0.0,0.0,1.0
1779978050.5329857,-1.2820223569869995,-0.46003758907318115,0.0,0.0,nan,0.0,0.0,0.0,0.0,0.0,0.0,1.0
1779978050.543516,-1.2820223569869995,-0.46003758907318115,0.0,0.0,nan,0.0,0.0,0.0,0.0,0.0,0.0,1.0
1779978050.5542333,-1.2820223569869995,-0.46003758907318115,0.0,0.0,nan,0.0,0.0,0.0,0.0,0.0,0.0,1.0
1779978050.5642881,-1.2820223569869995,-0.46003758907318115,0.0,0.0,nan,0.0,0.0,0.0,0.0,0.0,0.0,1.0
1779978050.574838,-1.2820223569869995,-0.46003758907318115,0.0,0.0,nan,0.0,0.0,0.0,0.0,0.0,0.0,1.0
1779978050.584947,-1.2820223569869995,-0.46003758907318115,0.0,0.0,nan,0.0,0.0,0.0,0.0,0.0,0.0,1.0
1779978050.5954397,-1.2820223569869995,-0.46003758907318115,0.0,0.0,nan,0.0,0.0,0.0,0.0,0.0,0.0,1.0
1779978050.6058404,-1.2820223569869995,-0.46003758907318115,0.0,0.0,nan,0.0,0.0,0.0,0.0,0.0,0.0,1.0
1779978050.615882,-1.2820223569869995,-0.46003758907318115,0.0,0.0,nan,0.0,0.0,0.0,0.0,0.0,0.0,1.0
1779978050.626311,-1.2820223569869995,-0.46003758907318115,0.0,0.0,nan,0.0,0.0,0.0,0.0,0.0,0.0,1.0
1779978050.6369534,-1.2820223569869995,-0.46003758907318115,0.0,0.0,nan,0.0,0.0,0.0,0.0,0.0,0.0,1.0
1779978050.6470323,-1.2820223569869995,-0.46003758907318115,0.0,0.0,nan,0.0,0.0,0.0,0.0,0.0,0.0,1.0
1779978050.6573687,-1.2820223569869995,-0.46003758907318115,0.0,0.0,nan,0.0,0.0,0.0,0.0,0.0,0.0,1.0
1779978050.6674361,-1.2820223569869995,-0.46003758907318115,0.0,0.0,nan,0.0,0.0,0.0,0.0,0.0,0.0,1.0
1779978050.6780608,-1.2820223569869995,-0.46003758907318115,0.0,0.0,nan,0.0,0.0,0.0,0.0,0.0,0.0,1.0
1779978050.688608,-1.2820223569869995,-0.46003758907318115,0.0,0.0,nan,0.0,0.0,0.0,0.0,0.0,0.0,1.0
1779978050.6990201,-1.2820223569869995,-0.46003758907318115,0.0,0.0,nan,0.0,0.0,0.0,0.0,0.0,0.0,1.0
1779978050.7092607,-1.2820223569869995,-0.46003758907318115,0.0,0.0,nan,0.0,0.0,0.0,0.0,0.0,0.0,1.0
1779978050.719386,-1.2820223569869995,-0.46003758907318115,0.0,0.0,nan,0.0,0.0,0.0,0.0,0.0,0.0,1.0
1779978050.7296076,-1.2820223569869995,-0.46003758907318115,0.0,0.0,nan,0.0,0.0,0.0,0.0,0.0,0.0,1.0
1779978050.7400954,-1.2820223569869995,-0.46003758907318115,0.0,0.0,nan,0.0,0.0,0.0,0.0,0.0,0.0,1.0
1779978050.7507358,-1.2820223569869995,-0.46003758907318115,0.0,0.0,nan,0.0,0.0,0.0,0.0,0.0,0.0,1.0
1779978050.7608762,-1.2820223569869995,-0.46003758907318115,0.0,0.0,nan,0.0,0.0,0.0,0.0,0.0,0.0,1.0
1779978050.771193,-1.2820223569869995,-0.46003758907318115,0.0,0.0,nan,0.0,0.0,0.0,0.0,0.0,0.0,1.0
1779978050.7813723,-1.2820223569869995,-0.46003758907318115,0.0,0.0,nan,0.0,0.0,0.0,0.0,0.0,0.0,1.0
1779978050.792021,-1.2820223569869995,-0.46003758907318115,0.0,0.0,nan,0.0,0.0,0.0,0.0,0.0,0.0,1.0
1779978050.8021157,-1.2820223569869995,-0.46003758907318115,0.0,0.0,nan,0.0,0.0,0.0,0.0,0.0,0.0,1.0
1779978050.8127456,-1.2820223569869995,-0.46003758907318115,0.0,0.0,nan,0.0,0.0,0.0,0.0,0.0,0.0,1.0
1779978050.8233907,-1.2820223569869995,-0.46003758907318115,0.0,0.0,nan,0.0,0.0,0.0,0.0,0.0,0.0,1.0
1779978050.8339093,-1.2820223569869995,-0.46003758907318115,0.0,0.0,nan,0.0,0.0,0.0,0.0,0.0,0.0,1.0
1779978050.8440082,-1.2820223569869995,-0.46003758907318115,0.0,0.0,nan,0.0,0.0,0.0,0.0,0.0,0.0,1.0
1779978050.8545876,-1.2820223569869995,-0.46003758907318115,0.0,0.0,nan,0.0,0.0,0.0,0.0,0.0,0.0,1.0
1779978050.8650696,-1.2820223569869995,-0.46003758907318115,0.0,0.0,nan,0.0,0.0,0.0,0.0,0.0,0.0,1.0
1779978050.8756526,-1.2820223569869995,-0.46003758907318115,0.0,0.0,nan,0.0,0.0,0.0,0.0,0.0,0.0,1.0
1779978050.8858778,-1.2820223569869995,-0.46003758907318115,0.0,0.0,nan,0.0,0.0,0.0,0.0,0.0,0.0,1.0
1779978050.8959653,-1.2820223569869995,-0.46003758907318115,0.0,0.0,nan,0.0,0.0,0.0,0.0,0.0,0.0,1.0
1779978050.906497,-1.2820223569869995,-0.46003758907318115,0.0,0.0,nan,0.0,0.0,0.0,0.0,0.0,0.0,1.0
1779978050.916895,-1.2820223569869995,-0.46003758907318115,0.0,0.0,nan,0.0,0.0,0.0,0.0,0.0,0.0,1.0
1779978050.927455,-1.2820223569869995,-0.46003758907318115,0.0,0.0,nan,0.0,0.0,0.0,0.0,0.0,0.0,1.0
1779978050.9376285,-1.2820223569869995,-0.46003758907318115,0.0,0.0,nan,0.0,0.0,0.0,0.0,0.0,0.0,1.0
1779978050.9481988,-1.2820223569869995,-0.46003758907318115,0.0,0.0,nan,0.0,0.0,0.0,0.0,0.0,0.0,1.0
1779978050.9585216,-1.2820223569869995,-0.46003758907318115,0.0,0.0,nan,0.0,0.0,0.0,0.0,0.0,0.0,1.0
1779978050.968626,-1.2820223569869995,-0.46003758907318115,0.0,0.0,nan,0.0,0.0,0.0,0.0,0.0,0.0,1.0
1779978050.9788892,-1.2820223569869995,-0.46003758907318115,0.0,0.0,nan,0.0,0.0,0.0,0.0,0.0,0.0,1.0
1779978050.989149,-1.2820223569869995,-0.46003758907318115,0.0,0.0,nan,0.0,0.0,0.0,0.0,0.0,0.0,1.0
1779978050.999791,-1.2820223569869995,-0.46003758907318115,0.0,0.0,nan,0.0,0.0,0.0,0.0,0.0,0.0,1.0
1779978051.0101097,-1.2820223569869995,-0.46003758907318115,0.0,0.0,nan,0.0,0.0,0.0,0.0,0.0,0.0,1.0
1779978051.020338,-1.2820223569869995,-0.46003758907318115,0.0,0.0,nan,0.0,0.0,0.0,0.0,0.0,0.0,1.0
1779978051.0305812,-1.2820223569869995,-0.46003758907318115,0.0,0.0,nan,0.0,0.0,0.0,0.0,0.0,0.0,1.0
1779978051.0410845,-1.2820223569869995,-0.46003758907318115,0.0,0.0,nan,0.0,0.0,0.0,0.0,0.0,0.0,1.0
1779978051.0518112,-1.2820223569869995,-0.46003758907318115,0.0,0.0,nan,0.0,0.0,0.0,0.0,0.0,0.0,1.0
1779978051.0621755,-1.2820223569869995,-0.46003758907318115,0.0,0.0,nan,0.0,0.0,0.0,0.0,0.0,0.0,1.0
1779978051.0723426,-1.2820223569869995,-0.46003758907318115,0.0,0.0,nan,0.0,0.0,0.0,0.0,0.0,0.0,1.0
1779978051.0823748,-1.2820223569869995,-0.46003758907318115,0.0,0.0,nan,0.0,0.0,0.0,0.0,0.0,0.0,1.0
1779978051.0927198,-1.2820223569869995,-0.46003758907318115,0.0,0.0,nan,0.0,0.0,0.0,0.0,0.0,0.0,1.0
1779978051.1033733,-1.2820223569869995,-0.46003758907318115,0.0,0.0,nan,0.0,0.0,0.0,0.0,0.0,0.0,1.0
1779978051.113466,-1.2820223569869995,-0.46003758907318115,0.0,0.0,nan,0.0,0.0,0.0,0.0,0.0,0.0,1.0
1779978051.12377,-1.2820223569869995,-0.46003758907318115,0.0,0.0,nan,0.0,0.0,0.0,0.0,0.0,0.0,1.0
1779978051.1340592,-1.2820223569869995,-0.46003758907318115,0.0,0.0,nan,0.0,0.0,0.0,0.0,0.0,0.0,1.0
1779978051.1444561,-1.2820223569869995,-0.46003758907318115,0.0,0.0,nan,0.0,0.0,0.0,0.0,0.0,0.0,1.0
1779978051.1549504,-1.2820223569869995,-0.46003758907318115,0.0,0.0,nan,0.0,0.0,0.0,0.0,0.0,0.0,1.0
1779978051.165064,-1.2820223569869995,-0.46003758907318115,0.0,0.0,nan,0.0,0.0,0.0,0.0,0.0,0.0,1.0
1779978051.1752033,-1.2820223569869995,-0.46003758907318115,0.0,0.0,nan,0.0,0.0,0.0,0.0,0.0,0.0,1.0
1779978051.1855075,-1.2820223569869995,-0.46003758907318115,0.0,0.0,nan,0.0,0.0,0.0,0.0,0.0,0.0,1.0
1779978051.1960897,-1.2820223569869995,-0.46003758907318115,0.0,0.0,nan,0.0,0.0,0.0,0.0,0.0,0.0,1.0
1779978051.2063427,-1.2820223569869995,-0.46003758907318115,0.0,0.0,nan,0.0,0.0,0.0,0.0,0.0,0.0,1.0
1779978051.2165143,-1.2820223569869995,-0.46003758907318115,0.0,0.0,nan,0.0,0.0,0.0,0.0,0.0,0.0,1.0
1779978051.2269082,-1.2820223569869995,-0.46003758907318115,0.0,0.0,nan,0.0,0.0,0.0,0.0,0.0,0.0,1.0
1779978051.2372117,-1.2820223569869995,-0.46003758907318115,0.0,0.0,nan,0.0,0.0,0.0,0.0,0.0,0.0,1.0
1779978051.2472937,-1.2820223569869995,-0.46003758907318115,0.0,0.0,nan,0.0,0.0,0.0,0.0,0.0,0.0,1.0
1779978051.257813,-1.2820223569869995,-0.46003758907318115,0.0,0.0,nan,0.0,0.0,0.0,0.0,0.0,0.0,1.0
1779978051.2684224,-1.2820223569869995,-0.46003758907318115,0.0,0.0,nan,0.0,0.0,0.0,0.0,0.0,0.0,1.0
1779978051.2784817,-1.2820223569869995,-0.46003758907318115,0.0,0.0,nan,0.0,0.0,0.0,0.0,0.0,0.0,1.0
1779978051.2887893,-1.2820223569869995,-0.46003758907318115,0.0,0.0,nan,0.0,0.0,0.0,0.0,0.0,0.0,1.0
1779978051.2993145,-1.2820223569869995,-0.46003758907318115,0.0,0.0,nan,0.0,0.0,0.0,0.0,0.0,0.0,1.0
1779978051.309545,-1.2820223569869995,-0.46003758907318115,0.0,0.0,nan,0.0,0.0,0.0,0.0,0.0,0.0,1.0
1779978051.3197365,-1.2820223569869995,-0.46003758907318115,0.0,0.0,nan,0.0,0.0,0.0,0.0,0.0,0.0,1.0
1779978051.3302429,-1.2820223569869995,-0.46003758907318115,0.0,0.0,nan,0.0,0.0,0.0,0.0,0.0,0.0,1.0
1779978051.3406494,-1.2820223569869995,-0.46003758907318115,0.0,0.0,nan,0.0,0.0,0.0,0.0,0.0,0.0,1.0
1779978051.3506918,-1.2820223569869995,-0.46003758907318115,0.0,0.0,nan,0.0,0.0,0.0,0.0,0.0,0.0,1.0
1779978051.3608344,-1.2820223569869995,-0.46003758907318115,0.0,0.0,nan,0.0,0.0,0.0,0.0,0.0,0.0,1.0
1779978051.3712711,-1.2820223569869995,-0.46003758907318115,0.0,0.0,nan,0.0,0.0,0.0,0.0,0.0,0.0,1.0
1779978051.381658,-1.2820223569869995,-0.46003758907318115,0.0,0.0,nan,0.0,0.0,0.0,0.0,0.0,0.0,1.0
1779978051.3920999,-1.2820223569869995,-0.46003758907318115,0.0,0.0,nan,0.0,0.0,0.0,0.0,0.0,0.0,1.0
1779978051.4022028,-1.2820223569869995,-0.46003758907318115,0.0,0.0,nan,0.0,0.0,0.0,0.0,0.0,0.0,1.0
1779978051.4123662,-1.2820223569869995,-0.46003758907318115,0.0,0.0,nan,0.0,0.0,0.0,0.0,0.0,0.0,1.0
1779978051.4225245,-1.2820223569869995,-0.46003758907318115,0.0,0.0,nan,0.0,0.0,0.0,0.0,0.0,0.0,1.0
1779978051.4329681,-1.2820223569869995,-0.46003758907318115,0.0,0.0,nan,0.0,0.0,0.0,0.0,0.0,0.0,1.0
1779978051.4433525,-1.2820223569869995,-0.46003758907318115,0.0,0.0,nan,0.0,0.0,0.0,0.0,0.0,0.0,1.0
1779978051.4534378,-1.2820223569869995,-0.46003758907318115,0.0,0.0,nan,0.0,0.0,0.0,0.0,0.0,0.0,1.0
1779978051.4636617,-1.2820223569869995,-0.46003758907318115,0.0,0.0,nan,0.0,0.0,0.0,0.0,0.0,0.0,1.0
1779978051.4742112,-1.2820223569869995,-0.46003758907318115,0.0,0.0,nan,0.0,0.0,0.0,0.0,0.0,0.0,1.0
1779978051.4843855,-1.2820223569869995,-0.46003758907318115,0.0,0.0,nan,0.0,0.0,0.0,0.0,0.0,0.0,1.0
1779978051.4949806,-1.2820223569869995,-0.46003758907318115,0.0,0.0,nan,0.0,0.0,0.0,0.0,0.0,0.0,1.0
1779978051.505632,-1.2820223569869995,-0.46003758907318115,0.0,0.0,nan,0.0,0.0,0.0,0.0,0.0,0.0,1.0
1779978051.516004,-1.2820223569869995,-0.46003758907318115,0.0,0.0,nan,0.0,0.0,0.0,0.0,0.0,0.0,1.0
1779978051.5259979,-1.2820223569869995,-0.46003758907318115,0.0,0.0,nan,0.0,0.0,0.0,0.0,0.0,0.0,1.0
1779978051.5361643,-1.2820223569869995,-0.46003758907318115,0.0,0.0,nan,0.0,0.0,0.0,0.0,0.0,0.0,1.0
1779978051.5468237,-1.2820223569869995,-0.46003758907318115,0.0,0.0,nan,0.0,0.0,0.0,0.0,0.0,0.0,1.0
1779978051.557473,-1.2820223569869995,-0.46003758907318115,0.0,0.0,nan,0.0,0.0,0.0,0.0,0.0,0.0,1.0
1779978051.5672169,-1.2820223569869995,-0.46003758907318115,0.0,0.0,nan,0.0,0.0,0.0,0.0,0.0,0.0,1.0
1779978051.577735,-1.2820223569869995,-0.46003758907318115,0.0,0.0,nan,0.0,0.0,0.0,0.0,0.0,0.0,1.0
1779978051.5881848,-1.2820223569869995,-0.46003758907318115,0.0,0.0,nan,0.0,0.0,0.0,0.0,0.0,0.0,1.0
1779978051.5996125,-1.2820223569869995,-0.46003758907318115,0.0,0.0,nan,0.0,0.0,0.0,0.0,0.0,0.0,1.0
1779978051.6101236,-1.2820223569869995,-0.46003758907318115,0.0,0.0,nan,0.0,0.0,0.0,0.0,0.0,0.0,1.0
1779978051.6199775,-1.2820223569869995,-0.46003758907318115,0.0,0.0,nan,0.0,0.0,0.0,0.0,0.0,0.0,1.0
1779978051.630382,-1.2820223569869995,-0.46003758907318115,0.0,0.0,nan,0.0,0.0,0.0,0.0,0.0,0.0,1.0
1779978051.6408315,-1.2820223569869995,-0.46003758907318115,0.0,0.0,nan,0.0,0.0,0.0,0.0,0.0,0.0,1.0
1779978051.6512663,-1.2820223569869995,-0.46003758907318115,0.0,0.0,nan,0.0,0.0,0.0,0.0,0.0,0.0,1.0
1779978051.661818,-1.2820223569869995,-0.46003758907318115,0.0,0.0,nan,0.0,0.0,0.0,0.0,0.0,0.0,1.0
1779978051.6721852,-1.2820223569869995,-0.46003758907318115,0.0,0.0,nan,0.0,0.0,0.0,0.0,0.0,0.0,1.0
1779978051.6822224,-1.2820223569869995,-0.46003758907318115,0.0,0.0,nan,0.0,0.0,0.0,0.0,0.0,0.0,1.0
1779978051.6925066,-1.2820223569869995,-0.46003758907318115,0.0,0.0,nan,0.0,0.0,0.0,0.0,0.0,0.0,1.0
1779978051.7029917,-1.2820223569869995,-0.46003758907318115,0.0,0.0,nan,0.0,0.0,0.0,0.0,0.0,0.0,1.0
1779978051.7135713,-1.2820223569869995,-0.46003758907318115,0.0,0.0,nan,0.0,0.0,0.0,0.0,0.0,0.0,1.0
1779978051.7242928,-1.2820223569869995,-0.46003758907318115,0.0,0.0,nan,0.0,0.0,0.0,0.0,0.0,0.0,1.0
1779978051.7346888,-1.2820223569869995,-0.46003758907318115,0.0,0.0,nan,0.0,0.0,0.0,0.0,0.0,0.0,1.0
1779978051.7451172,-1.2820223569869995,-0.46003758907318115,0.0,0.0,nan,0.0,0.0,0.0,0.0,0.0,0.0,1.0
1779978051.7557514,-1.2820223569869995,-0.46003758907318115,0.0,0.0,nan,0.0,0.0,0.0,0.0,0.0,0.0,1.0
1779978051.7661698,-1.2820223569869995,-0.46003758907318115,0.0,0.0,nan,0.0,0.0,0.0,0.0,0.0,0.0,1.0
1779978051.7767143,-1.2820223569869995,-0.46003758907318115,0.0,0.0,nan,0.0,0.0,0.0,0.0,0.0,0.0,1.0
1779978051.7869492,-1.2820223569869995,-0.46003758907318115,0.0,0.0,nan,0.0,0.0,0.0,0.0,0.0,0.0,1.0
1779978051.7973423,-1.2820223569869995,-0.46003758907318115,0.0,0.0,nan,0.0,0.0,0.0,0.0,0.0,0.0,1.0
1779978051.8078258,-1.2820223569869995,-0.46003758907318115,0.0,0.0,nan,0.0,0.0,0.0,0.0,0.0,0.0,1.0
1779978051.8183749,-1.2820223569869995,-0.46003758907318115,0.0,0.0,nan,0.0,0.0,0.0,0.0,0.0,0.0,1.0
1779978051.8285332,-1.2820223569869995,-0.46003758907318115,0.0,0.0,nan,0.0,0.0,0.0,0.0,0.0,0.0,1.0
1779978051.8387275,-1.2820223569869995,-0.46003758907318115,0.0,0.0,nan,0.0,0.0,0.0,0.0,0.0,0.0,1.0
1779978051.8487854,-1.2820223569869995,-0.46003758907318115,0.0,0.0,nan,0.0,0.0,0.0,0.0,0.0,0.0,1.0
1779978051.8590443,-1.2820223569869995,-0.46003758907318115,0.0,0.0,nan,0.0,0.0,0.0,0.0,0.0,0.0,1.0
1779978051.8691776,-1.2820223569869995,-0.46003758907318115,0.0,0.0,nan,0.0,0.0,0.0,0.0,0.0,0.0,1.0
1779978051.8793752,-1.2820223569869995,-0.46003758907318115,0.0,0.0,nan,0.0,0.0,0.0,0.0,0.0,0.0,1.0
1779978051.8894882,-1.2820223569869995,-0.46003758907318115,0.0,0.0,nan,0.0,0.0,0.0,0.0,0.0,0.0,1.0
1779978051.9000773,-1.2820223569869995,-0.46003758907318115,0.0,0.0,nan,0.0,0.0,0.0,0.0,0.0,0.0,1.0
1779978051.9102588,-1.2820223569869995,-0.46003758907318115,0.0,0.0,nan,0.0,0.0,0.0,0.0,0.0,0.0,1.0
1779978051.9203415,-1.2820223569869995,-0.46003758907318115,0.0,0.0,nan,0.0,0.0,0.0,0.0,0.0,0.0,1.0
1779978051.9305265,-1.2820223569869995,-0.46003758907318115,0.0,0.0,nan,0.0,0.0,0.0,0.0,0.0,0.0,1.0
1779978051.940554,-1.2820223569869995,-0.46003758907318115,0.0,0.0,nan,0.0,0.0,0.0,0.0,0.0,0.0,1.0
1779978051.9510345,-1.2820223569869995,-0.46003758907318115,0.0,0.0,nan,0.0,0.0,0.0,0.0,0.0,0.0,1.0
1779978051.9616876,-1.2820223569869995,-0.46003758907318115,0.0,0.0,nan,0.0,0.0,0.0,0.0,0.0,0.0,1.0
1779978051.9720914,-1.2820223569869995,-0.46003758907318115,0.0,0.0,nan,0.0,0.0,0.0,0.0,0.0,0.0,1.0
1779978051.9826064,-1.2820223569869995,-0.46003758907318115,0.0,0.0,nan,0.0,0.0,0.0,0.0,0.0,0.0,1.0
1779978051.992805,-1.2820223569869995,-0.46003758907318115,0.0,0.0,nan,0.0,0.0,0.0,0.0,0.0,0.0,1.0
1779978052.0031517,-1.2820223569869995,-0.46003758907318115,0.0,0.0,nan,0.0,0.0,0.0,0.0,0.0,0.0,1.0
1779978052.0133555,-1.2820223569869995,-0.46003758907318115,0.0,0.0,nan,0.0,0.0,0.0,0.0,0.0,0.0,1.0
1779978052.0235288,-1.2820223569869995,-0.46003758907318115,0.0,0.0,nan,0.0,0.0,0.0,0.0,0.0,0.0,1.0
1779978052.0337162,-1.2820223569869995,-0.46003758907318115,0.0,0.0,nan,0.0,0.0,0.0,0.0,0.0,0.0,1.0
1779978052.0439918,-1.2820223569869995,-0.46003758907318115,0.0,0.0,nan,0.0,0.0,0.0,0.0,0.0,0.0,1.0
1779978052.054387,-1.2820223569869995,-0.46003758907318115,0.0,0.0,nan,0.0,0.0,0.0,0.0,0.0,0.0,1.0
1779978052.0645795,-1.2820223569869995,-0.46003758907318115,0.0,0.0,nan,0.0,0.0,0.0,0.0,0.0,0.0,1.0
1779978052.0749276,-1.2820223569869995,-0.46003758907318115,0.0,0.0,nan,0.0,0.0,0.0,0.0,0.0,0.0,1.0
1779978052.0853906,-1.2820223569869995,-0.46003758907318115,0.0,0.0,nan,0.0,0.0,0.0,0.0,0.0,0.0,1.0
1779978052.095786,-1.2820223569869995,-0.46003758907318115,0.0,0.0,nan,0.0,0.0,0.0,0.0,0.0,0.0,1.0
1779978052.106262,-1.2820223569869995,-0.46003758907318115,0.0,0.0,nan,0.0,0.0,0.0,0.0,0.0,0.0,1.0
1779978052.116956,-1.2820223569869995,-0.46003758907318115,0.0,0.0,nan,0.0,0.0,0.0,0.0,0.0,0.0,1.0
1779978052.127691,-1.2820223569869995,-0.46003758907318115,0.0,0.0,nan,0.0,0.0,0.0,0.0,0.0,0.0,1.0
1779978052.1376626,-1.2820223569869995,-0.46003758907318115,0.0,0.0,nan,0.0,0.0,0.0,0.0,0.0,0.0,1.0
1779978052.147657,-1.2820223569869995,-0.46003758907318115,0.0,0.0,nan,0.0,0.0,0.0,0.0,0.0,0.0,1.0
1779978052.158329,-1.2820223569869995,-0.46003758907318115,0.0,0.0,nan,0.0,0.0,0.0,0.0,0.0,0.0,1.0
1779978052.168757,-1.2820223569869995,-0.46003758907318115,0.0,0.0,nan,0.0,0.0,0.0,0.0,0.0,0.0,1.0
1779978052.1789243,-1.2820223569869995,-0.46003758907318115,0.0,0.0,nan,0.0,0.0,0.0,0.0,0.0,0.0,1.0
1779978052.1890657,-1.2820223569869995,-0.46003758907318115,0.0,0.0,nan,0.0,0.0,0.0,0.0,0.0,0.0,1.0
1779978052.1991158,-1.2820223569869995,-0.46003758907318115,0.0,0.0,nan,0.0,0.0,0.0,0.0,0.0,0.0,1.0
1779978052.2097104,-1.2820223569869995,-0.46003758907318115,0.0,0.0,nan,0.0,0.0,0.0,0.0,0.0,0.0,1.0
1779978052.220277,-1.2820223569869995,-0.46003758907318115,0.0,0.0,nan,0.0,0.0,0.0,0.0,0.0,0.0,1.0
1779978052.2305577,-1.2820223569869995,-0.46003758907318115,0.0,0.0,nan,0.0,0.0,0.0,0.0,0.0,0.0,1.0
1779978052.2407365,-1.2820223569869995,-0.46003758907318115,0.0,0.0,nan,0.0,0.0,0.0,0.0,0.0,0.0,1.0
1779978052.2510145,-1.2820223569869995,-0.46003758907318115,0.0,0.0,nan,0.0,0.0,0.0,0.0,0.0,0.0,1.0
1779978052.2616067,-1.2820223569869995,-0.46003758907318115,0.0,0.0,nan,0.0,0.0,0.0,0.0,0.0,0.0,1.0
1779978052.271627,-1.2820223569869995,-0.46003758907318115,0.0,0.0,nan,0.0,0.0,0.0,0.0,0.0,0.0,1.0
1779978052.2822227,-1.2820223569869995,-0.46003758907318115,0.0,0.0,nan,0.0,0.0,0.0,0.0,0.0,0.0,1.0
1779978052.2923553,-1.2820223569869995,-0.46003758907318115,0.0,0.0,nan,0.0,0.0,0.0,0.0,0.0,0.0,1.0
1779978052.3025084,-1.2820223569869995,-0.46003758907318115,0.0,0.0,nan,0.0,0.0,0.0,0.0,0.0,0.0,1.0
1779978052.313231,-1.2820223569869995,-0.46003758907318115,0.0,0.0,nan,0.0,0.0,0.0,0.0,0.0,0.0,1.0
1779978052.3235738,-1.2820223569869995,-0.46003758907318115,0.0,0.0,nan,0.0,0.0,0.0,0.0,0.0,0.0,1.0
1779978052.3337386,-1.2820223569869995,-0.46003758907318115,0.0,0.0,nan,0.0,0.0,0.0,0.0,0.0,0.0,1.0
1779978052.343816,-1.2820223569869995,-0.46003758907318115,0.0,0.0,nan,0.0,0.0,0.0,0.0,0.0,0.0,1.0
1779978052.353927,-1.2820223569869995,-0.46003758907318115,0.0,0.0,nan,0.0,0.0,0.0,0.0,0.0,0.0,1.0
1779978052.3642151,-1.2820223569869995,-0.46003758907318115,0.0,0.0,nan,0.0,0.0,0.0,0.0,0.0,0.0,1.0
1779978052.3744888,-1.2820223569869995,-0.46003758907318115,0.0,0.0,nan,0.0,0.0,0.0,0.0,0.0,0.0,1.0
1779978052.3845644,-1.2820223569869995,-0.46003758907318115,0.0,0.0,nan,0.0,0.0,0.0,0.0,0.0,0.0,1.0
1779978052.3951213,-1.2820223569869995,-0.46003758907318115,0.0,0.0,nan,0.0,0.0,0.0,0.0,0.0,0.0,1.0
1779978052.4053276,-1.2820223569869995,-0.46003758907318115,0.0,0.0,nan,0.0,0.0,0.0,0.0,0.0,0.0,1.0
1779978052.415529,-1.2820223569869995,-0.46003758907318115,0.0,0.0,nan,0.0,0.0,0.0,0.0,0.0,0.0,1.0
1779978052.4256623,-1.2820223569869995,-0.46003758907318115,0.0,0.0,nan,0.0,0.0,0.0,0.0,0.0,0.0,1.0
1779978052.43618,-1.2820223569869995,-0.46003758907318115,0.0,0.0,nan,0.0,0.0,0.0,0.0,0.0,0.0,1.0
1779978052.446721,-1.2820223569869995,-0.46003758907318115,0.0,0.0,nan,0.0,0.0,0.0,0.0,0.0,0.0,1.0
1779978052.4569728,-1.2820223569869995,-0.46003758907318115,0.0,0.0,nan,0.0,0.0,0.0,0.0,0.0,0.0,1.0
1779978052.4673195,-1.2820223569869995,-0.46003758907318115,0.0,0.0,nan,0.0,0.0,0.0,0.0,0.0,0.0,1.0
1779978052.4773264,-1.2820223569869995,-0.46003758907318115,0.0,0.0,nan,0.0,0.0,0.0,0.0,0.0,0.0,1.0
1779978052.4876478,-1.2820223569869995,-0.46003758907318115,0.0,0.0,nan,0.0,0.0,0.0,0.0,0.0,0.0,1.0
1779978052.497758,-1.2820223569869995,-0.46003758907318115,0.0,0.0,nan,0.0,0.0,0.0,0.0,0.0,0.0,1.0
1779978052.5083077,-1.2820223569869995,-0.46003758907318115,0.0,0.0,nan,0.0,0.0,0.0,0.0,0.0,0.0,1.0
1779978052.5183096,-1.2820223569869995,-0.46003758907318115,0.0,0.0,nan,0.0,0.0,0.0,0.0,0.0,0.0,1.0
1779978052.529008,-1.2820223569869995,-0.46003758907318115,0.0,0.0,nan,0.0,0.0,0.0,0.0,0.0,0.0,1.0
1779978052.5395956,-1.2820223569869995,-0.46003758907318115,0.0,0.0,nan,0.0,0.0,0.0,0.0,0.0,0.0,1.0
1779978052.5500677,-1.2820223569869995,-0.46003758907318115,0.0,0.0,nan,0.0,0.0,0.0,0.0,0.0,0.0,1.0
1779978052.560524,-1.2820223569869995,-0.46003758907318115,0.0,0.0,nan,0.0,0.0,0.0,0.0,0.0,0.0,1.0
1779978052.5707707,-1.2820223569869995,-0.46003758907318115,0.0,0.0,nan,0.0,0.0,0.0,0.0,0.0,0.0,1.0
1779978052.5808287,-1.2820223569869995,-0.46003758907318115,0.0,0.0,nan,0.0,0.0,0.0,0.0,0.0,0.0,1.0
1779978052.5912204,-1.2820223569869995,-0.46003758907318115,0.0,0.0,nan,0.0,0.0,0.0,0.0,0.0,0.0,1.0
1779978052.6017158,-1.2820223569869995,-0.46003758907318115,0.0,0.0,nan,0.0,0.0,0.0,0.0,0.0,0.0,1.0
1779978052.6120546,-1.2820223569869995,-0.46003758907318115,0.0,0.0,nan,0.0,0.0,0.0,0.0,0.0,0.0,1.0
1779978052.6225042,-1.2820223569869995,-0.46003758907318115,0.0,0.0,nan,0.0,0.0,0.0,0.0,0.0,0.0,1.0
1779978052.6330292,-1.2820223569869995,-0.46003758907318115,0.0,0.0,nan,0.0,0.0,0.0,0.0,0.0,0.0,1.0
1779978052.6433632,-1.2820223569869995,-0.46003758907318115,0.0,0.0,nan,0.0,0.0,0.0,0.0,0.0,0.0,1.0
1779978052.6541977,-1.2820223569869995,-0.46003758907318115,0.0,0.0,nan,0.0,0.0,0.0,0.0,0.0,0.0,1.0
1779978052.66472,-1.2820223569869995,-0.46003758907318115,0.0,0.0,nan,0.0,0.0,0.0,0.0,0.0,0.0,1.0
1779978052.674694,-1.2820223569869995,-0.46003758907318115,0.0,0.0,nan,0.0,0.0,0.0,0.0,0.0,0.0,1.0
1779978052.6850743,-1.2820223569869995,-0.46003758907318115,0.0,0.0,nan,0.0,0.0,0.0,0.0,0.0,0.0,1.0
1779978052.6956165,-1.2820223569869995,-0.46003758907318115,0.0,0.0,nan,0.0,0.0,0.0,0.0,0.0,0.0,1.0
1779978052.7064126,-1.2820223569869995,-0.46003758907318115,0.0,0.0,nan,0.0,0.0,0.0,0.0,0.0,0.0,1.0
1779978052.716438,-1.2820223569869995,-0.46003758907318115,0.0,0.0,nan,0.0,0.0,0.0,0.0,0.0,0.0,1.0
1779978052.7266793,-1.2820223569869995,-0.46003758907318115,0.0,0.0,nan,0.0,0.0,0.0,0.0,0.0,0.0,1.0
1779978052.7369077,-1.2820223569869995,-0.46003758907318115,0.0,0.0,nan,0.0,0.0,0.0,0.0,0.0,0.0,1.0
1779978052.7473116,-1.2820223569869995,-0.46003758907318115,0.0,0.0,nan,0.0,0.0,0.0,0.0,0.0,0.0,1.0
1779978052.7573848,-1.2820223569869995,-0.46003758907318115,0.0,0.0,nan,0.0,0.0,0.0,0.0,0.0,0.0,1.0
1779978052.7674465,-1.2820223569869995,-0.46003758907318115,0.0,0.0,nan,0.0,0.0,0.0,0.0,0.0,0.0,1.0
1779978052.7775524,-1.2820223569869995,-0.46003758907318115,0.0,0.0,nan,0.0,0.0,0.0,0.0,0.0,0.0,1.0
1779978052.7877488,-1.2820223569869995,-0.46003758907318115,0.0,0.0,nan,0.0,0.0,0.0,0.0,0.0,0.0,1.0
1779978052.7980719,-1.2820223569869995,-0.46003758907318115,0.0,0.0,nan,0.0,0.0,0.0,0.0,0.0,0.0,1.0
1779978052.8083992,-1.2820223569869995,-0.46003758907318115,0.0,0.0,nan,0.0,0.0,0.0,0.0,0.0,0.0,1.0
1779978052.8186738,-1.2820223569869995,-0.46003758907318115,0.0,0.0,nan,0.0,0.0,0.0,0.0,0.0,0.0,1.0
1779978052.8288834,-1.2820223569869995,-0.46003758907318115,0.0,0.0,nan,0.0,0.0,0.0,0.0,0.0,0.0,1.0
1779978052.8391578,-1.2820223569869995,-0.46003758907318115,0.0,0.0,nan,0.0,0.0,0.0,0.0,0.0,0.0,1.0
1779978052.8496284,-1.2820223569869995,-0.46003758907318115,0.0,0.0,nan,0.0,0.0,0.0,0.0,0.0,0.0,1.0
1779978052.860121,-1.2820223569869995,-0.46003758907318115,0.0,0.0,nan,0.0,0.0,0.0,0.0,0.0,0.0,1.0
1779978052.870495,-1.2820223569869995,-0.46003758907318115,0.0,0.0,nan,0.0,0.0,0.0,0.0,0.0,0.0,1.0
1779978052.8805382,-1.2820223569869995,-0.46003758907318115,0.0,0.0,nan,0.0,0.0,0.0,0.0,0.0,0.0,1.0
1779978052.890973,-1.2820223569869995,-0.46003758907318115,0.0,0.0,nan,0.0,0.0,0.0,0.0,0.0,0.0,1.0
1779978052.9013612,-1.2820223569869995,-0.46003758907318115,0.0,0.0,nan,0.0,0.0,0.0,0.0,0.0,0.0,1.0
1779978052.9117732,-1.2820223569869995,-0.46003758907318115,0.0,0.0,nan,0.0,0.0,0.0,0.0,0.0,0.0,1.0
1779978052.9223914,-1.2820223569869995,-0.46003758907318115,0.0,0.0,nan,0.0,0.0,0.0,0.0,0.0,0.0,1.0
1779978052.9329944,-1.2820223569869995,-0.46003758907318115,0.0,0.0,nan,0.0,0.0,0.0,0.0,0.0,0.0,1.0
1779978052.9432483,-1.2820223569869995,-0.46003758907318115,0.0,0.0,nan,0.0,0.0,0.0,0.0,0.0,0.0,1.0
1779978052.9534655,-1.2820223569869995,-0.46003758907318115,0.0,0.0,nan,0.0,0.0,0.0,0.0,0.0,0.0,1.0
1779978052.964002,-1.2820223569869995,-0.46003758907318115,0.0,0.0,nan,0.0,0.0,0.0,0.0,0.0,0.0,1.0
1779978052.9745333,-1.2820223569869995,-0.46003758907318115,0.0,0.0,nan,0.0,0.0,0.0,0.0,0.0,0.0,1.0
1779978052.9845836,-1.2820223569869995,-0.46003758907318115,0.0,0.0,nan,0.0,0.0,0.0,0.0,0.0,0.0,1.0
1779978052.9949236,-1.2820223569869995,-0.46003758907318115,0.0,0.0,nan,0.0,0.0,0.0,0.0,0.0,0.0,1.0
1779978053.0052397,-1.2820223569869995,-0.46003758907318115,0.0,0.0,nan,0.0,0.0,0.0,0.0,0.0,0.0,1.0
1779978053.0154142,-1.2820223569869995,-0.46003758907318115,0.0,0.0,nan,0.0,0.0,0.0,0.0,0.0,0.0,1.0
1779978053.0260267,-1.2820223569869995,-0.46003758907318115,0.0,0.0,nan,0.0,0.0,0.0,0.0,0.0,0.0,1.0
1779978053.036272,-1.2820223569869995,-0.46003758907318115,0.0,0.0,nan,0.0,0.0,0.0,0.0,0.0,0.0,1.0
1779978053.0463457,-1.2820223569869995,-0.46003758907318115,0.0,0.0,nan,0.0,0.0,0.0,0.0,0.0,0.0,1.0
1779978053.0565996,-1.2820223569869995,-0.46003758907318115,0.0,0.0,nan,0.0,0.0,0.0,0.0,0.0,0.0,1.0
1779978053.0689113,-1.2820223569869995,-0.46003758907318115,0.0,0.0,nan,0.0,0.0,0.0,0.0,0.0,0.0,1.0
1779978053.0790267,-1.2820223569869995,-0.46003758907318115,0.0,0.0,nan,0.0,0.0,0.0,0.0,0.0,0.0,1.0
1779978053.0892806,-1.2820223569869995,-0.46003758907318115,0.0,0.0,nan,0.0,0.0,0.0,0.0,0.0,0.0,1.0
1779978053.0995939,-1.2820223569869995,-0.46003758907318115,0.0,0.0,nan,0.0,0.0,0.0,0.0,0.0,0.0,1.0
1779978053.109888,-1.2820223569869995,-0.46003758907318115,0.0,0.0,nan,0.0,0.0,0.0,0.0,0.0,0.0,1.0
1779978053.1201417,-1.2820223569869995,-0.46003758907318115,0.0,0.0,nan,0.0,0.0,0.0,0.0,0.0,0.0,1.0
1779978053.1301622,-1.2820223569869995,-0.46003758907318115,0.0,0.0,nan,0.0,0.0,0.0,0.0,0.0,0.0,1.0
1779978053.1404333,-1.2820223569869995,-0.46003758907318115,0.0,0.0,nan,0.0,0.0,0.0,0.0,0.0,0.0,1.0
1779978053.1508143,-1.2820223569869995,-0.46003758907318115,0.0,0.0,nan,0.0,0.0,0.0,0.0,0.0,0.0,1.0
1779978053.1613607,-1.2820223569869995,-0.46003758907318115,0.0,0.0,nan,0.0,0.0,0.0,0.0,0.0,0.0,1.0
1779978053.1716208,-1.2820223569869995,-0.46003758907318115,0.0,0.0,nan,0.0,0.0,0.0,0.0,0.0,0.0,1.0
1779978053.1816714,-1.2820223569869995,-0.46003758907318115,0.0,0.0,nan,0.0,0.0,0.0,0.0,0.0,0.0,1.0
1779978053.1917684,-1.2820223569869995,-0.46003758907318115,0.0,0.0,nan,0.0,0.0,0.0,0.0,0.0,0.0,1.0
1779978053.2021499,-1.2820223569869995,-0.46003758907318115,0.0,0.0,nan,0.0,0.0,0.0,0.0,0.0,0.0,1.0
1779978053.2122405,-1.2820223569869995,-0.46003758907318115,0.0,0.0,nan,0.0,0.0,0.0,0.0,0.0,0.0,1.0
1779978053.2227936,-1.2820223569869995,-0.46003758907318115,0.0,0.0,nan,0.0,0.0,0.0,0.0,0.0,0.0,1.0
1779978053.2330368,-1.2820223569869995,-0.46003758907318115,0.0,0.0,nan,0.0,0.0,0.0,0.0,0.0,0.0,1.0
1779978053.243049,-1.2820223569869995,-0.46003758907318115,0.0,0.0,nan,0.0,0.0,0.0,0.0,0.0,0.0,1.0
1779978053.2531962,-1.2820223569869995,-0.46003758907318115,0.0,0.0,nan,0.0,0.0,0.0,0.0,0.0,0.0,1.0
1779978053.2637067,-1.2820223569869995,-0.46003758907318115,0.0,0.0,nan,0.0,0.0,0.0,0.0,0.0,0.0,1.0
1779978053.2743452,-1.2820223569869995,-0.46003758907318115,0.0,0.0,nan,0.0,0.0,0.0,0.0,0.0,0.0,1.0
1779978053.2848587,-1.2820223569869995,-0.46003758907318115,0.0,0.0,nan,0.0,0.0,0.0,0.0,0.0,0.0,1.0
1779978053.2947857,-1.2820223569869995,-0.46003758907318115,0.0,0.0,nan,0.0,0.0,0.0,0.0,0.0,0.0,1.0
1779978053.3048818,-1.2820223569869995,-0.46003758907318115,0.0,0.0,nan,0.0,0.0,0.0,0.0,0.0,0.0,1.0
1779978053.315351,-1.2820223569869995,-0.46003758907318115,0.0,0.0,nan,0.0,0.0,0.0,0.0,0.0,0.0,1.0
1779978053.3259752,-1.2820223569869995,-0.46003758907318115,0.0,0.0,nan,0.0,0.0,0.0,0.0,0.0,0.0,1.0
1779978053.3363814,-1.2820223569869995,-0.46003758907318115,0.0,0.0,nan,0.0,0.0,0.0,0.0,0.0,0.0,1.0
1779978053.346897,-1.2820223569869995,-0.46003758907318115,0.0,0.0,nan,0.0,0.0,0.0,0.0,0.0,0.0,1.0
1779978053.3570032,-1.2820223569869995,-0.46003758907318115,0.0,0.0,nan,0.0,0.0,0.0,0.0,0.0,0.0,1.0
1779978053.3675816,-1.2820223569869995,-0.46003758907318115,0.0,0.0,nan,0.0,0.0,0.0,0.0,0.0,0.0,1.0
1779978053.377602,-1.2820223569869995,-0.46003758907318115,0.0,0.0,nan,0.0,0.0,0.0,0.0,0.0,0.0,1.0
1779978053.3877835,-1.2820223569869995,-0.46003758907318115,0.0,0.0,nan,0.0,0.0,0.0,0.0,0.0,0.0,1.0
1779978053.3983345,-1.2820223569869995,-0.46003758907318115,0.0,0.0,nan,0.0,0.0,0.0,0.0,0.0,0.0,1.0
1779978053.408421,-1.2820223569869995,-0.46003758907318115,0.0,0.0,nan,0.0,0.0,0.0,0.0,0.0,0.0,1.0
1779978053.4185643,-1.2820223569869995,-0.46003758907318115,0.0,0.0,nan,0.0,0.0,0.0,0.0,0.0,0.0,1.0
1779978053.4287624,-1.2820223569869995,-0.46003758907318115,0.0,0.0,nan,0.0,0.0,0.0,0.0,0.0,0.0,1.0
1779978053.439445,-1.2820223569869995,-0.46003758907318115,0.0,0.0,nan,0.0,0.0,0.0,0.0,0.0,0.0,1.0
1779978053.4497173,-1.2820223569869995,-0.46003758907318115,0.0,0.0,nan,0.0,0.0,0.0,0.0,0.0,0.0,1.0
1779978053.4600608,-1.2820223569869995,-0.46003758907318115,0.0,0.0,nan,0.0,0.0,0.0,0.0,0.0,0.0,1.0
1779978053.4702146,-1.2820223569869995,-0.46003758907318115,0.0,0.0,nan,0.0,0.0,0.0,0.0,0.0,0.0,1.0
1779978053.4803557,-1.2820223569869995,-0.46003758907318115,0.0,0.0,nan,0.0,0.0,0.0,0.0,0.0,0.0,1.0
1779978053.4909742,-1.2820223569869995,-0.46003758907318115,0.0,0.0,nan,0.0,0.0,0.0,0.0,0.0,0.0,1.0
1779978053.5009716,-1.2820223569869995,-0.46003758907318115,0.0,0.0,nan,0.0,0.0,0.0,0.0,0.0,0.0,1.0
1779978053.5111918,-1.2820223569869995,-0.46003758907318115,0.0,0.0,nan,0.0,0.0,0.0,0.0,0.0,0.0,1.0
1779978053.5213974,-1.2820223569869995,-0.46003758907318115,0.0,0.0,nan,0.0,0.0,0.0,0.0,0.0,0.0,1.0
1779978053.531748,-1.2820223569869995,-0.46003758907318115,0.0,0.0,nan,0.0,0.0,0.0,0.0,0.0,0.0,1.0
1779978053.541949,-1.2820223569869995,-0.46003758907318115,0.0,0.0,nan,0.0,0.0,0.0,0.0,0.0,0.0,1.0
1779978053.5522914,-1.2820223569869995,-0.46003758907318115,0.0,0.0,nan,0.0,0.0,0.0,0.0,0.0,0.0,1.0
1779978053.5626154,-1.2820223569869995,-0.46003758907318115,0.0,0.0,nan,0.0,0.0,0.0,0.0,0.0,0.0,1.0
1779978053.5729501,-1.2820223569869995,-0.46003758907318115,0.0,0.0,nan,0.0,0.0,0.0,0.0,0.0,0.0,1.0
1779978053.5836375,-1.2820223569869995,-0.46003758907318115,0.0,0.0,nan,0.0,0.0,0.0,0.0,0.0,0.0,1.0
1779978053.5940344,-1.2820223569869995,-0.46003758907318115,0.0,0.0,nan,0.0,0.0,0.0,0.0,0.0,0.0,1.0
1779978053.6046169,-1.2820223569869995,-0.46003758907318115,0.0,0.0,nan,0.0,0.0,0.0,0.0,0.0,0.0,1.0
1779978053.6146672,-1.2820223569869995,-0.46003758907318115,0.0,0.0,nan,0.0,0.0,0.0,0.0,0.0,0.0,1.0
1779978053.625199,-1.2820223569869995,-0.46003758907318115,0.0,0.0,nan,0.0,0.0,0.0,0.0,0.0,0.0,1.0
1779978053.6355822,-1.2820223569869995,-0.46003758907318115,0.0,0.0,nan,0.0,0.0,0.0,0.0,0.0,0.0,1.0
1779978053.6456413,-1.2820223569869995,-0.46003758907318115,0.0,0.0,nan,0.0,0.0,0.0,0.0,0.0,0.0,1.0
1779978053.6555965,-1.2820223569869995,-0.46003758907318115,0.0,0.0,nan,0.0,0.0,0.0,0.0,0.0,0.0,1.0
1779978053.6657507,-1.2820223569869995,-0.46003758907318115,0.0,0.0,nan,0.0,0.0,0.0,0.0,0.0,0.0,1.0
1779978053.675895,-1.2820223569869995,-0.46003758907318115,0.0,0.0,nan,0.0,0.0,0.0,0.0,0.0,0.0,1.0
1779978053.6865425,-1.2820223569869995,-0.46003758907318115,0.0,0.0,nan,0.0,0.0,0.0,0.0,0.0,0.0,1.0
1779978053.6966677,-1.2820223569869995,-0.46003758907318115,0.0,0.0,nan,0.0,0.0,0.0,0.0,0.0,0.0,1.0
1779978053.7069376,-1.2820223569869995,-0.46003758907318115,0.0,0.0,nan,0.0,0.0,0.0,0.0,0.0,0.0,1.0
1779978053.7172716,-1.2820223569869995,-0.46003758907318115,0.0,0.0,nan,0.0,0.0,0.0,0.0,0.0,0.0,1.0
1779978053.7274587,-1.2820223569869995,-0.46003758907318115,0.0,0.0,nan,0.0,0.0,0.0,0.0,0.0,0.0,1.0
1779978053.737979,-1.2820223569869995,-0.46003758907318115,0.0,0.0,nan,0.0,0.0,0.0,0.0,0.0,0.0,1.0
1779978053.748207,-1.2820223569869995,-0.46003758907318115,0.0,0.0,nan,0.0,0.0,0.0,0.0,0.0,0.0,1.0
1779978053.7588048,-1.2820223569869995,-0.46003758907318115,0.0,0.0,nan,0.0,0.0,0.0,0.0,0.0,0.0,1.0
1779978053.7690995,-1.2820223569869995,-0.46003758907318115,0.0,0.0,nan,0.0,0.0,0.0,0.0,0.0,0.0,1.0
1779978053.7794688,-1.2820223569869995,-0.46003758907318115,0.0,0.0,nan,0.0,0.0,0.0,0.0,0.0,0.0,1.0
1779978053.7898295,-1.2820223569869995,-0.46003758907318115,0.0,0.0,nan,0.0,0.0,0.0,0.0,0.0,0.0,1.0
1779978053.7999506,-1.2820223569869995,-0.46003758907318115,0.0,0.0,nan,0.0,0.0,0.0,0.0,0.0,0.0,1.0
1779978053.8104541,-1.2820223569869995,-0.46003758907318115,0.0,0.0,nan,0.0,0.0,0.0,0.0,0.0,0.0,1.0
1779978053.8210258,-1.2820223569869995,-0.46003758907318115,0.0,0.0,nan,0.0,0.0,0.0,0.0,0.0,0.0,1.0
1779978053.8315046,-1.2820223569869995,-0.46003758907318115,0.0,0.0,nan,0.0,0.0,0.0,0.0,0.0,0.0,1.0
1779978053.8416383,-1.2820223569869995,-0.46003758907318115,0.0,0.0,nan,0.0,0.0,0.0,0.0,0.0,0.0,1.0
1779978053.851893,-1.2820223569869995,-0.46003758907318115,0.0,0.0,nan,0.0,0.0,0.0,0.0,0.0,0.0,1.0
1779978053.8619711,-1.2820223569869995,-0.46003758907318115,0.0,0.0,nan,0.0,0.0,0.0,0.0,0.0,0.0,1.0
1779978053.8724964,-1.2820223569869995,-0.46003758907318115,0.0,0.0,nan,0.0,0.0,0.0,0.0,0.0,0.0,1.0
1779978053.8827448,-1.2820223569869995,-0.46003758907318115,0.0,0.0,nan,0.0,0.0,0.0,0.0,0.0,0.0,1.0
1779978053.8933327,-1.2820223569869995,-0.46003758907318115,0.0,0.0,nan,0.0,0.0,0.0,0.0,0.0,0.0,1.0
1779978053.903546,-1.2820223569869995,-0.46003758907318115,0.0,0.0,nan,0.0,0.0,0.0,0.0,0.0,0.0,1.0
1779978053.913716,-1.2820223569869995,-0.46003758907318115,0.0,0.0,nan,0.0,0.0,0.0,0.0,0.0,0.0,1.0
1779978053.9239433,-1.2820223569869995,-0.46003758907318115,0.0,0.0,nan,0.0,0.0,0.0,0.0,0.0,0.0,1.0
1779978053.934192,-1.2820223569869995,-0.46003758907318115,0.0,0.0,nan,0.0,0.0,0.0,0.0,0.0,0.0,1.0
1779978053.9444082,-1.2820223569869995,-0.46003758907318115,0.0,0.0,nan,0.0,0.0,0.0,0.0,0.0,0.0,1.0
1779978053.9548953,-1.2820223569869995,-0.46003758907318115,0.0,0.0,nan,0.0,0.0,0.0,0.0,0.0,0.0,1.0
1779978053.9651034,-1.2820223569869995,-0.46003758907318115,0.0,0.0,nan,0.0,0.0,0.0,0.0,0.0,0.0,1.0
1779978053.9751122,-1.2820223569869995,-0.46003758907318115,0.0,0.0,nan,0.0,0.0,0.0,0.0,0.0,0.0,1.0
1779978053.985831,-1.2820223569869995,-0.46003758907318115,0.0,0.0,nan,0.0,0.0,0.0,0.0,0.0,0.0,1.0
1779978053.9963572,-1.2820223569869995,-0.46003758907318115,0.0,0.0,nan,0.0,0.0,0.0,0.0,0.0,0.0,1.0
1779978054.0065014,-1.2820223569869995,-0.46003758907318115,0.0,0.0,nan,0.0,0.0,0.0,0.0,0.0,0.0,1.0
1779978054.017056,-1.2820223569869995,-0.46003758907318115,0.0,0.0,nan,0.0,0.0,0.0,0.0,0.0,0.0,1.0
1779978054.0271833,-1.2820223569869995,-0.46003758907318115,0.0,0.0,nan,0.0,0.0,0.0,0.0,0.0,0.0,1.0
1779978054.0378168,-1.2820223569869995,-0.46003758907318115,0.0,0.0,nan,0.0,0.0,0.0,0.0,0.0,0.0,1.0
1779978054.048114,-1.2820223569869995,-0.46003758907318115,0.0,0.0,nan,0.0,0.0,0.0,0.0,0.0,0.0,1.0
1779978054.0585103,-1.2820223569869995,-0.46003758907318115,0.0,0.0,nan,0.0,0.0,0.0,0.0,0.0,0.0,1.0
1779978054.068796,-1.2820223569869995,-0.46003758907318115,0.0,0.0,nan,0.0,0.0,0.0,0.0,0.0,0.0,1.0
1779978054.0792584,-1.2820223569869995,-0.46003758907318115,0.0,0.0,nan,0.0,0.0,0.0,0.0,0.0,0.0,1.0
1779978054.0894961,-1.2820223569869995,-0.46003758907318115,0.0,0.0,nan,0.0,0.0,0.0,0.0,0.0,0.0,1.0
1779978054.099552,-1.2820223569869995,-0.46003758907318115,0.0,0.0,nan,0.0,0.0,0.0,0.0,0.0,0.0,1.0
1779978054.1100602,-1.2820223569869995,-0.46003758907318115,0.0,0.0,nan,0.0,0.0,0.0,0.0,0.0,0.0,1.0
1779978054.1204178,-1.2820223569869995,-0.46003758907318115,0.0,0.0,nan,0.0,0.0,0.0,0.0,0.0,0.0,1.0
1779978054.130538,-1.2820223569869995,-0.46003758907318115,0.0,0.0,nan,0.0,0.0,0.0,0.0,0.0,0.0,1.0
1779978054.14073,-1.2820223569869995,-0.46003758907318115,0.0,0.0,nan,0.0,0.0,0.0,0.0,0.0,0.0,1.0
1779978054.1506913,-1.2820223569869995,-0.46003758907318115,0.0,0.0,nan,0.0,0.0,0.0,0.0,0.0,0.0,1.0
1779978054.16163,-1.2820223569869995,-0.46003758907318115,0.0,0.0,nan,0.0,0.0,0.0,0.0,0.0,0.0,1.0
1779978054.1717534,-1.2820223569869995,-0.46003758907318115,0.0,0.0,nan,0.0,0.0,0.0,0.0,0.0,0.0,1.0
1779978054.1817696,-1.2820223569869995,-0.46003758907318115,0.0,0.0,nan,0.0,0.0,0.0,0.0,0.0,0.0,1.0
1779978054.1922028,-1.2820223569869995,-0.46003758907318115,0.0,0.0,nan,0.0,0.0,0.0,0.0,0.0,0.0,1.0
1779978054.2027214,-1.2820223569869995,-0.46003758907318115,0.0,0.0,nan,0.0,0.0,0.0,0.0,0.0,0.0,1.0
1779978054.2130578,-1.2820223569869995,-0.46003758907318115,0.0,0.0,nan,0.0,0.0,0.0,0.0,0.0,0.0,1.0
1779978054.2233217,-1.2820223569869995,-0.46003758907318115,0.0,0.0,nan,0.0,0.0,0.0,0.0,0.0,0.0,1.0
1779978054.233504,-1.2820223569869995,-0.46003758907318115,0.0,0.0,nan,0.0,0.0,0.0,0.0,0.0,0.0,1.0
1779978054.2435226,-1.2820223569869995,-0.46003758907318115,0.0,0.0,nan,0.0,0.0,0.0,0.0,0.0,0.0,1.0
1779978054.2536006,-1.2820223569869995,-0.46003758907318115,0.0,0.0,nan,0.0,0.0,0.0,0.0,0.0,0.0,1.0
1779978054.264135,-1.2820223569869995,-0.46003758907318115,0.0,0.0,nan,0.0,0.0,0.0,0.0,0.0,0.0,1.0
1779978054.2746444,-1.2820223569869995,-0.46003758907318115,0.0,0.0,nan,0.0,0.0,0.0,0.0,0.0,0.0,1.0
1779978054.285117,-1.2820223569869995,-0.46003758907318115,0.0,0.0,nan,0.0,0.0,0.0,0.0,0.0,0.0,1.0
1779978054.2957773,-1.2820223569869995,-0.46003758907318115,0.0,0.0,nan,0.0,0.0,0.0,0.0,0.0,0.0,1.0
1779978054.3062913,-1.2820223569869995,-0.46003758907318115,0.0,0.0,nan,0.0,0.0,0.0,0.0,0.0,0.0,1.0
1779978054.3167696,-1.2820223569869995,-0.46003758907318115,0.0,0.0,nan,0.0,0.0,0.0,0.0,0.0,0.0,1.0
1779978054.3270252,-1.2820223569869995,-0.46003758907318115,0.0,0.0,nan,0.0,0.0,0.0,0.0,0.0,0.0,1.0
1779978054.3371692,-1.2820223569869995,-0.46003758907318115,0.0,0.0,nan,0.0,0.0,0.0,0.0,0.0,0.0,1.0
1779978054.3477223,-1.2820223569869995,-0.46003758907318115,0.0,0.0,nan,0.0,0.0,0.0,0.0,0.0,0.0,1.0
1779978054.3581278,-1.2820223569869995,-0.46003758907318115,0.0,0.0,nan,0.0,0.0,0.0,0.0,0.0,0.0,1.0
1779978054.3678958,-1.2820223569869995,-0.46003758907318115,0.0,0.0,nan,0.0,0.0,0.0,0.0,0.0,0.0,1.0
1779978054.3783677,-1.2820223569869995,-0.46003758907318115,0.0,0.0,nan,0.0,0.0,0.0,0.0,0.0,0.0,1.0
1779978054.3885865,-1.2820223569869995,-0.46003758907318115,0.0,0.0,nan,0.0,0.0,0.0,0.0,0.0,0.0,1.0
1779978054.3990474,-1.2820223569869995,-0.46003758907318115,0.0,0.0,nan,0.0,0.0,0.0,0.0,0.0,0.0,1.0
1779978054.4095724,-1.2820223569869995,-0.46003758907318115,0.0,0.0,nan,0.0,0.0,0.0,0.0,0.0,0.0,1.0
1779978054.4200888,-1.2820223569869995,-0.46003758907318115,0.0,0.0,nan,0.0,0.0,0.0,0.0,0.0,0.0,1.0
1779978054.4303575,-1.2820223569869995,-0.46003758907318115,0.0,0.0,nan,0.0,0.0,0.0,0.0,0.0,0.0,1.0
1779978054.440619,-1.2820223569869995,-0.46003758907318115,0.0,0.0,nan,0.0,0.0,0.0,0.0,0.0,0.0,1.0
1779978054.450849,-1.2820223569869995,-0.46003758907318115,0.0,0.0,nan,0.0,0.0,0.0,0.0,0.0,0.0,1.0
1779978054.4611917,-1.2820223569869995,-0.46003758907318115,0.0,0.0,nan,0.0,0.0,0.0,0.0,0.0,0.0,1.0
1779978054.471382,-1.2820223569869995,-0.46003758907318115,0.0,0.0,nan,0.0,0.0,0.0,0.0,0.0,0.0,1.0
1779978054.4818752,-1.2820223569869995,-0.46003758907318115,0.0,0.0,nan,0.0,0.0,0.0,0.0,0.0,0.0,1.0
1779978054.4922276,-1.2820223569869995,-0.46003758907318115,0.0,0.0,nan,0.0,0.0,0.0,0.0,0.0,0.0,1.0
1779978054.5027773,-1.2820223569869995,-0.46003758907318115,0.0,0.0,nan,0.0,0.0,0.0,0.0,0.0,0.0,1.0
1779978054.5130322,-1.2820223569869995,-0.46003758907318115,0.0,0.0,nan,0.0,0.0,0.0,0.0,0.0,0.0,1.0
1779978054.5229847,-1.2820223569869995,-0.46003758907318115,0.0,0.0,nan,0.0,0.0,0.0,0.0,0.0,0.0,1.0
1779978054.5332527,-1.2820223569869995,-0.46003758907318115,0.0,0.0,nan,0.0,0.0,0.0,0.0,0.0,0.0,1.0
1779978054.543538,-1.2820223569869995,-0.46003758907318115,0.0,0.0,nan,0.0,0.0,0.0,0.0,0.0,0.0,1.0
1779978054.5537536,-1.2820223569869995,-0.46003758907318115,0.0,0.0,nan,0.0,0.0,0.0,0.0,0.0,0.0,1.0
1779978054.5638885,-1.2820223569869995,-0.46003758907318115,0.0,0.0,nan,0.0,0.0,0.0,0.0,0.0,0.0,1.0
1779978054.574242,-1.2820223569869995,-0.46003758907318115,0.0,0.0,nan,0.0,0.0,0.0,0.0,0.0,0.0,1.0
1779978054.5843236,-1.2820223569869995,-0.46003758907318115,0.0,0.0,nan,0.0,0.0,0.0,0.0,0.0,0.0,1.0
1779978054.5943797,-1.2820223569869995,-0.46003758907318115,0.0,0.0,nan,0.0,0.0,0.0,0.0,0.0,0.0,1.0
1779978054.6050127,-1.2820223569869995,-0.46003758907318115,0.0,0.0,nan,0.0,0.0,0.0,0.0,0.0,0.0,1.0
1779978054.6154284,-1.2820223569869995,-0.46003758907318115,0.0,0.0,nan,0.0,0.0,0.0,0.0,0.0,0.0,1.0
1779978054.6261075,-1.2820223569869995,-0.46003758907318115,0.0,0.0,nan,0.0,0.0,0.0,0.0,0.0,0.0,1.0
1779978054.6367896,-1.2820223569869995,-0.46003758907318115,0.0,0.0,nan,0.0,0.0,0.0,0.0,0.0,0.0,1.0
1779978054.6471503,-1.2820223569869995,-0.46003758907318115,0.0,0.0,nan,0.0,0.0,0.0,0.0,0.0,0.0,1.0
1779978054.6572983,-1.2820223569869995,-0.46003758907318115,0.0,0.0,nan,0.0,0.0,0.0,0.0,0.0,0.0,1.0
1779978054.6679282,-1.2820223569869995,-0.46003758907318115,0.0,0.0,nan,0.0,0.0,0.0,0.0,0.0,0.0,1.0
1779978054.6781216,-1.2820223569869995,-0.46003758907318115,0.0,0.0,nan,0.0,0.0,0.0,0.0,0.0,0.0,1.0
1779978054.6887643,-1.2820223569869995,-0.46003758907318115,0.0,0.0,nan,0.0,0.0,0.0,0.0,0.0,0.0,1.0
1779978054.6987762,-1.2820223569869995,-0.46003758907318115,0.0,0.0,nan,0.0,0.0,0.0,0.0,0.0,0.0,1.0
1779978054.7094367,-1.2820223569869995,-0.46003758907318115,0.0,0.0,nan,0.0,0.0,0.0,0.0,0.0,0.0,1.0
1779978054.719881,-1.2820223569869995,-0.46003758907318115,0.0,0.0,nan,0.0,0.0,0.0,0.0,0.0,0.0,1.0
1779978054.7299652,-1.2820223569869995,-0.46003758907318115,0.0,0.0,nan,0.0,0.0,0.0,0.0,0.0,0.0,1.0
1779978054.7400696,-1.2820223569869995,-0.46003758907318115,0.0,0.0,nan,0.0,0.0,0.0,0.0,0.0,0.0,1.0
1779978054.7503145,-1.2820223569869995,-0.46003758907318115,0.0,0.0,nan,0.0,0.0,0.0,0.0,0.0,0.0,1.0
1779978054.76058,-1.2820223569869995,-0.46003758907318115,0.0,0.0,nan,0.0,0.0,0.0,0.0,0.0,0.0,1.0
1779978054.7707582,-1.2820223569869995,-0.46003758907318115,0.0,0.0,nan,0.0,0.0,0.0,0.0,0.0,0.0,1.0
1779978054.7813063,-1.2820223569869995,-0.46003758907318115,0.0,0.0,nan,0.0,0.0,0.0,0.0,0.0,0.0,1.0
1779978054.791442,-1.2820223569869995,-0.46003758907318115,0.0,0.0,nan,0.0,0.0,0.0,0.0,0.0,0.0,1.0
1779978054.8019037,-1.2820223569869995,-0.46003758907318115,0.0,0.0,nan,0.0,0.0,0.0,0.0,0.0,0.0,1.0
1779978054.8117537,-1.2820223569869995,-0.46003758907318115,0.0,0.0,nan,0.0,0.0,0.0,0.0,0.0,0.0,1.0
1779978054.8219914,-1.2820223569869995,-0.46003758907318115,0.0,0.0,nan,0.0,0.0,0.0,0.0,0.0,0.0,1.0
1779978054.8321645,-1.2820223569869995,-0.46003758907318115,0.0,0.0,nan,0.0,0.0,0.0,0.0,0.0,0.0,1.0
1779978054.8423204,-1.2820223569869995,-0.46003758907318115,0.0,0.0,nan,0.0,0.0,0.0,0.0,0.0,0.0,1.0
1779978054.8527281,-1.2820223569869995,-0.46003758907318115,0.0,0.0,nan,0.0,0.0,0.0,0.0,0.0,0.0,1.0
1779978054.8631914,-1.2820223569869995,-0.46003758907318115,0.0,0.0,nan,0.0,0.0,0.0,0.0,0.0,0.0,1.0
1779978054.8732276,-1.2820223569869995,-0.46003758907318115,0.0,0.0,nan,0.0,0.0,0.0,0.0,0.0,0.0,1.0
1779978054.8833725,-1.2820223569869995,-0.46003758907318115,0.0,0.0,nan,0.0,0.0,0.0,0.0,0.0,0.0,1.0
1779978054.8937438,-1.2820223569869995,-0.46003758907318115,0.0,0.0,nan,0.0,0.0,0.0,0.0,0.0,0.0,1.0
1779978054.9043827,-1.2820223569869995,-0.46003758907318115,0.0,0.0,nan,0.0,0.0,0.0,0.0,0.0,0.0,1.0
1779978054.9149766,-1.2820223569869995,-0.46003758907318115,0.0,0.0,nan,0.0,0.0,0.0,0.0,0.0,0.0,1.0
1779978054.9248502,-1.2820223569869995,-0.46003758907318115,0.0,0.0,nan,0.0,0.0,0.0,0.0,0.0,0.0,1.0
1779978054.9353867,-1.2820223569869995,-0.46003758907318115,0.0,0.0,nan,0.0,0.0,0.0,0.0,0.0,0.0,1.0
1779978054.9457252,-1.2820223569869995,-0.46003758907318115,0.0,0.0,nan,0.0,0.0,0.0,0.0,0.0,0.0,1.0
1779978054.955957,-1.2820223569869995,-0.46003758907318115,0.0,0.0,nan,0.0,0.0,0.0,0.0,0.0,0.0,1.0
1779978054.9661417,-1.2820223569869995,-0.46003758907318115,0.0,0.0,nan,0.0,0.0,0.0,0.0,0.0,0.0,1.0
1779978054.976324,-1.2820223569869995,-0.46003758907318115,0.0,0.0,nan,0.0,0.0,0.0,0.0,0.0,0.0,1.0
1779978054.98695,-1.2820223569869995,-0.46003758907318115,0.0,0.0,nan,0.0,0.0,0.0,0.0,0.0,0.0,1.0
1779978054.9970503,-1.2820223569869995,-0.46003758907318115,0.0,0.0,nan,0.0,0.0,0.0,0.0,0.0,0.0,1.0
1779978055.0072489,-1.2820223569869995,-0.46003758907318115,0.0,0.0,nan,0.0,0.0,0.0,0.0,0.0,0.0,1.0
1779978055.017621,-1.2820223569869995,-0.46003758907318115,0.0,0.0,nan,0.0,0.0,0.0,0.0,0.0,0.0,1.0
1779978055.0280566,-1.2820223569869995,-0.46003758907318115,0.0,0.0,nan,0.0,0.0,0.0,0.0,0.0,0.0,1.0
1779978055.0382502,-1.2820223569869995,-0.46003758907318115,0.0,0.0,nan,0.0,0.0,0.0,0.0,0.0,0.0,1.0
1779978055.048578,-1.2820223569869995,-0.46003758907318115,0.0,0.0,nan,0.0,0.0,0.0,0.0,0.0,0.0,1.0
1779978055.0589473,-1.2820223569869995,-0.46003758907318115,0.0,0.0,nan,0.0,0.0,0.0,0.0,0.0,0.0,1.0
1779978055.0694218,-1.2820223569869995,-0.46003758907318115,0.0,0.0,nan,0.0,0.0,0.0,0.0,0.0,0.0,1.0
1779978055.0809295,-1.2820223569869995,-0.46003758907318115,0.0,0.0,nan,0.0,0.0,0.0,0.0,0.0,0.0,1.0
1779978055.0905464,-1.2820223569869995,-0.46003758907318115,0.0,0.0,nan,0.0,0.0,0.0,0.0,0.0,0.0,1.0
1779978055.1008558,-1.2820223569869995,-0.46003758907318115,0.0,0.0,nan,0.0,0.0,0.0,0.0,0.0,0.0,1.0
1779978055.1108148,-1.2820223569869995,-0.46003758907318115,0.0,0.0,nan,0.0,0.0,0.0,0.0,0.0,0.0,1.0
1779978055.1210907,-1.2820223569869995,-0.46003758907318115,0.0,0.0,nan,0.0,0.0,0.0,0.0,0.0,0.0,1.0
1779978055.131442,-1.2820223569869995,-0.46003758907318115,0.0,0.0,nan,0.0,0.0,0.0,0.0,0.0,0.0,1.0
1779978055.1417263,-1.2820223569869995,-0.46003758907318115,0.0,0.0,nan,0.0,0.0,0.0,0.0,0.0,0.0,1.0
1779978055.1523068,-1.2820223569869995,-0.46003758907318115,0.0,0.0,nan,0.0,0.0,0.0,0.0,0.0,0.0,1.0
1779978055.162762,-1.2820223569869995,-0.46003758907318115,0.0,0.0,nan,0.0,0.0,0.0,0.0,0.0,0.0,1.0
1779978055.1729956,-1.2820223569869995,-0.46003758907318115,0.0,0.0,nan,0.0,0.0,0.0,0.0,0.0,0.0,1.0
1779978055.1830168,-1.2820223569869995,-0.46003758907318115,0.0,0.0,nan,0.0,0.0,0.0,0.0,0.0,0.0,1.0
1779978055.193079,-1.2820223569869995,-0.46003758907318115,0.0,0.0,nan,0.0,0.0,0.0,0.0,0.0,0.0,1.0
1779978055.203407,-1.2820223569869995,-0.46003758907318115,0.0,0.0,nan,0.0,0.0,0.0,0.0,0.0,0.0,1.0
1779978055.2140307,-1.2820223569869995,-0.46003758907318115,0.0,0.0,nan,0.0,0.0,0.0,0.0,0.0,0.0,1.0
1779978055.2244742,-1.2820223569869995,-0.46003758907318115,0.0,0.0,nan,0.0,0.0,0.0,0.0,0.0,0.0,1.0
1779978055.2345731,-1.2820223569869995,-0.46003758907318115,0.0,0.0,nan,0.0,0.0,0.0,0.0,0.0,0.0,1.0
1779978055.2447734,-1.2820223569869995,-0.46003758907318115,0.0,0.0,nan,0.0,0.0,0.0,0.0,0.0,0.0,1.0
1779978055.255425,-1.2820223569869995,-0.46003758907318115,0.0,0.0,nan,0.0,0.0,0.0,0.0,0.0,0.0,1.0
1779978055.2655776,-1.2820223569869995,-0.46003758907318115,0.0,0.0,nan,0.0,0.0,0.0,0.0,0.0,0.0,1.0
1779978055.2766063,-1.2820223569869995,-0.46003758907318115,0.0,0.0,nan,0.0,0.0,0.0,0.0,0.0,0.0,1.0
1779978055.286873,-1.2820223569869995,-0.46003758907318115,0.0,0.0,nan,0.0,0.0,0.0,0.0,0.0,0.0,1.0
1779978055.2974036,-1.2820223569869995,-0.46003758907318115,0.0,0.0,nan,0.0,0.0,0.0,0.0,0.0,0.0,1.0
1779978055.3078492,-1.2820223569869995,-0.46003758907318115,0.0,0.0,nan,0.0,0.0,0.0,0.0,0.0,0.0,1.0
1779978055.3179374,-1.2820223569869995,-0.46003758907318115,0.0,0.0,nan,0.0,0.0,0.0,0.0,0.0,0.0,1.0
1779978055.328453,-1.2820223569869995,-0.46003758907318115,0.0,0.0,nan,0.0,0.0,0.0,0.0,0.0,0.0,1.0
1779978055.3386002,-1.2820223569869995,-0.46003758907318115,0.0,0.0,nan,0.0,0.0,0.0,0.0,0.0,0.0,1.0
1779978055.3488867,-1.2820223569869995,-0.46003758907318115,0.0,0.0,nan,0.0,0.0,0.0,0.0,0.0,0.0,1.0
1779978055.3590288,-1.2820223569869995,-0.46003758907318115,0.0,0.0,nan,0.0,0.0,0.0,0.0,0.0,0.0,1.0
1779978055.3693225,-1.2820223569869995,-0.46003758907318115,0.0,0.0,nan,0.0,0.0,0.0,0.0,0.0,0.0,1.0
1779978055.379734,-1.2820223569869995,-0.46003758907318115,0.0,0.0,nan,0.0,0.0,0.0,0.0,0.0,0.0,1.0
1779978055.3901956,-1.2820223569869995,-0.46003758907318115,0.0,0.0,nan,0.0,0.0,0.0,0.0,0.0,0.0,1.0
1779978055.4007332,-1.2820223569869995,-0.46003758907318115,0.0,0.0,nan,0.0,0.0,0.0,0.0,0.0,0.0,1.0
1779978055.4111006,-1.2820223569869995,-0.46003758907318115,0.0,0.0,nan,0.0,0.0,0.0,0.0,0.0,0.0,1.0
1779978055.421436,-1.2820223569869995,-0.46003758907318115,0.0,0.0,nan,0.0,0.0,0.0,0.0,0.0,0.0,1.0
1779978055.4316125,-1.2820223569869995,-0.46003758907318115,0.0,0.0,nan,0.0,0.0,0.0,0.0,0.0,0.0,1.0
1779978055.441807,-1.2820223569869995,-0.46003758907318115,0.0,0.0,nan,0.0,0.0,0.0,0.0,0.0,0.0,1.0
1779978055.4521582,-1.2820223569869995,-0.46003758907318115,0.0,0.0,nan,0.0,0.0,0.0,0.0,0.0,0.0,1.0
1779978055.4626665,-1.2820223569869995,-0.46003758907318115,0.0,0.0,nan,0.0,0.0,0.0,0.0,0.0,0.0,1.0
1779978055.472884,-1.2820223569869995,-0.46003758907318115,0.0,0.0,nan,0.0,0.0,0.0,0.0,0.0,0.0,1.0
1779978055.4833744,-1.2820223569869995,-0.46003758907318115,0.0,0.0,nan,0.0,0.0,0.0,0.0,0.0,0.0,1.0
1779978055.4934464,-1.2820223569869995,-0.46003758907318115,0.0,0.0,nan,0.0,0.0,0.0,0.0,0.0,0.0,1.0
1779978055.5040298,-1.2820223569869995,-0.46003758907318115,0.0,0.0,nan,0.0,0.0,0.0,0.0,0.0,0.0,1.0
1779978055.5145695,-1.2820223569869995,-0.46003758907318115,0.0,0.0,nan,0.0,0.0,0.0,0.0,0.0,0.0,1.0
1779978055.5247657,-1.2820223569869995,-0.46003758907318115,0.0,0.0,nan,0.0,0.0,0.0,0.0,0.0,0.0,1.0
1779978055.5352447,-1.2820223569869995,-0.46003758907318115,0.0,0.0,nan,0.0,0.0,0.0,0.0,0.0,0.0,1.0
1779978055.5453527,-1.2820223569869995,-0.46003758907318115,0.0,0.0,nan,0.0,0.0,0.0,0.0,0.0,0.0,1.0
1779978055.5555062,-1.2820223569869995,-0.46003758907318115,0.0,0.0,nan,0.0,0.0,0.0,0.0,0.0,0.0,1.0
1779978055.565969,-1.2820223569869995,-0.46003758907318115,0.0,0.0,nan,0.0,0.0,0.0,0.0,0.0,0.0,1.0
1779978055.5765386,-1.2820223569869995,-0.46003758907318115,0.0,0.0,nan,0.0,0.0,0.0,0.0,0.0,0.0,1.0
1779978055.5871627,-1.2820223569869995,-0.46003758907318115,0.0,0.0,nan,0.0,0.0,0.0,0.0,0.0,0.0,1.0
1779978055.5971909,-1.2820223569869995,-0.46003758907318115,0.0,0.0,nan,0.0,0.0,0.0,0.0,0.0,0.0,1.0
1779978055.6075172,-1.2820223569869995,-0.46003758907318115,0.0,0.0,nan,0.0,0.0,0.0,0.0,0.0,0.0,1.0
1779978055.6174722,-1.2820223569869995,-0.46003758907318115,0.0,0.0,nan,0.0,0.0,0.0,0.0,0.0,0.0,1.0
1779978055.6280289,-1.2820223569869995,-0.46003758907318115,0.0,0.0,nan,0.0,0.0,0.0,0.0,0.0,0.0,1.0
1779978055.6385636,-1.2820223569869995,-0.46003758907318115,0.0,0.0,nan,0.0,0.0,0.0,0.0,0.0,0.0,1.0
1779978055.6487844,-1.2820223569869995,-0.46003758907318115,0.0,0.0,nan,0.0,0.0,0.0,0.0,0.0,0.0,1.0
1779978055.6595278,-1.2820223569869995,-0.46003758907318115,0.0,0.0,nan,0.0,0.0,0.0,0.0,0.0,0.0,1.0
1779978055.6701255,-1.2820223569869995,-0.46003758907318115,0.0,0.0,nan,0.0,0.0,0.0,0.0,0.0,0.0,1.0
1779978055.6800077,-1.2820223569869995,-0.46003758907318115,0.0,0.0,nan,0.0,0.0,0.0,0.0,0.0,0.0,1.0
1779978055.690314,-1.2820223569869995,-0.46003758907318115,0.0,0.0,nan,0.0,0.0,0.0,0.0,0.0,0.0,1.0
1779978055.7005615,-1.2820223569869995,-0.46003758907318115,0.0,0.0,nan,0.0,0.0,0.0,0.0,0.0,0.0,1.0
1779978055.7106693,-1.2820223569869995,-0.46003758907318115,0.0,0.0,nan,0.0,0.0,0.0,0.0,0.0,0.0,1.0
1779978055.7211647,-1.2820223569869995,-0.46003758907318115,0.0,0.0,nan,0.0,0.0,0.0,0.0,0.0,0.0,1.0
1779978055.7317264,-1.2820223569869995,-0.46003758907318115,0.0,0.0,nan,0.0,0.0,0.0,0.0,0.0,0.0,1.0
1779978055.7419934,-1.2820223569869995,-0.46003758907318115,0.0,0.0,nan,0.0,0.0,0.0,0.0,0.0,0.0,1.0
1779978055.7520797,-1.2820223569869995,-0.46003758907318115,0.0,0.0,nan,0.0,0.0,0.0,0.0,0.0,0.0,1.0
1779978055.7626653,-1.2820223569869995,-0.46003758907318115,0.0,0.0,nan,0.0,0.0,0.0,0.0,0.0,0.0,1.0
1779978055.772703,-1.2820223569869995,-0.46003758907318115,0.0,0.0,nan,0.0,0.0,0.0,0.0,0.0,0.0,1.0
1779978055.7828727,-1.2820223569869995,-0.46003758907318115,0.0,0.0,nan,0.0,0.0,0.0,0.0,0.0,0.0,1.0
1779978055.792821,-1.2820223569869995,-0.46003758907318115,0.0,0.0,nan,0.0,0.0,0.0,0.0,0.0,0.0,1.0
1779978055.8034294,-1.2820223569869995,-0.46003758907318115,0.0,0.0,nan,0.0,0.0,0.0,0.0,0.0,0.0,1.0
1779978055.8136852,-1.2820223569869995,-0.46003758907318115,0.0,0.0,nan,0.0,0.0,0.0,0.0,0.0,0.0,1.0
1779978055.8239646,-1.2820223569869995,-0.46003758907318115,0.0,0.0,nan,0.0,0.0,0.0,0.0,0.0,0.0,1.0
1779978055.8346667,-1.2820223569869995,-0.46003758907318115,0.0,0.0,nan,0.0,0.0,0.0,0.0,0.0,0.0,1.0
1779978055.8446965,-1.2820223569869995,-0.46003758907318115,0.0,0.0,nan,0.0,0.0,0.0,0.0,0.0,0.0,1.0
1779978055.8547163,-1.2820223569869995,-0.46003758907318115,0.0,0.0,nan,0.0,0.0,0.0,0.0,0.0,0.0,1.0
1779978055.8652754,-1.2820223569869995,-0.46003758907318115,0.0,0.0,nan,0.0,0.0,0.0,0.0,0.0,0.0,1.0
1779978055.875592,-1.2820223569869995,-0.46003758907318115,0.0,0.0,nan,0.0,0.0,0.0,0.0,0.0,0.0,1.0
1779978055.885701,-1.2820223569869995,-0.46003758907318115,0.0,0.0,nan,0.0,0.0,0.0,0.0,0.0,0.0,1.0
1779978055.895874,-1.2820223569869995,-0.46003758907318115,0.0,0.0,nan,0.0,0.0,0.0,0.0,0.0,0.0,1.0
1779978055.9057996,-1.2820223569869995,-0.46003758907318115,0.0,0.0,nan,0.0,0.0,0.0,0.0,0.0,0.0,1.0
1779978055.916379,-1.2820223569869995,-0.46003758907318115,0.0,0.0,nan,0.0,0.0,0.0,0.0,0.0,0.0,1.0
1779978055.9265618,-1.2820223569869995,-0.46003758907318115,0.0,0.0,nan,0.0,0.0,0.0,0.0,0.0,0.0,1.0
1779978055.936821,-1.2820223569869995,-0.46003758907318115,0.0,0.0,nan,0.0,0.0,0.0,0.0,0.0,0.0,1.0
1779978055.947175,-1.2820223569869995,-0.46003758907318115,0.0,0.0,nan,0.0,0.0,0.0,0.0,0.0,0.0,1.0
1779978055.9578452,-1.2820223569869995,-0.46003758907318115,0.0,0.0,nan,0.0,0.0,0.0,0.0,0.0,0.0,1.0
1779978055.9686902,-1.2820223569869995,-0.46003758907318115,0.0,0.0,nan,0.0,0.0,0.0,0.0,0.0,0.0,1.0
1779978055.9786367,-1.2820223569869995,-0.46003758907318115,0.0,0.0,nan,0.0,0.0,0.0,0.0,0.0,0.0,1.0
1779978055.989252,-1.2820223569869995,-0.46003758907318115,0.0,0.0,nan,0.0,0.0,0.0,0.0,0.0,0.0,1.0
1779978055.9993467,-1.2820223569869995,-0.46003758907318115,0.0,0.0,nan,0.0,0.0,0.0,0.0,0.0,0.0,1.0
1779978056.0098047,-1.2820223569869995,-0.46003758907318115,0.0,0.0,nan,0.0,0.0,0.0,0.0,0.0,0.0,1.0
1779978056.0200088,-1.2820223569869995,-0.46003758907318115,0.0,0.0,nan,0.0,0.0,0.0,0.0,0.0,0.0,1.0
1779978056.030151,-1.2820223569869995,-0.46003758907318115,0.0,0.0,nan,0.0,0.0,0.0,0.0,0.0,0.0,1.0
1779978056.040415,-1.2820223569869995,-0.46003758907318115,0.0,0.0,nan,0.0,0.0,0.0,0.0,0.0,0.0,1.0
1779978056.0507576,-1.2820223569869995,-0.46003758907318115,0.0,0.0,nan,0.0,0.0,0.0,0.0,0.0,0.0,1.0
1779978056.061527,-1.2820223569869995,-0.46003758907318115,0.0,0.0,nan,0.0,0.0,0.0,0.0,0.0,0.0,1.0
1779978056.0719478,-1.2820223569869995,-0.46003758907318115,0.0,0.0,nan,0.0,0.0,0.0,0.0,0.0,0.0,1.0
1779978056.0820286,-1.2820223569869995,-0.46003758907318115,0.0,0.0,nan,0.0,0.0,0.0,0.0,0.0,0.0,1.0
1779978056.0923007,-1.2820223569869995,-0.46003758907318115,0.0,0.0,nan,0.0,0.0,0.0,0.0,0.0,0.0,1.0
1779978056.1026442,-1.2820223569869995,-0.46003758907318115,0.0,0.0,nan,0.0,0.0,0.0,0.0,0.0,0.0,1.0
1779978056.113823,-1.2820223569869995,-0.46003758907318115,0.0,0.0,nan,0.0,0.0,0.0,0.0,0.0,0.0,1.0
1779978056.1241472,-1.2820223569869995,-0.46003758907318115,0.0,0.0,nan,0.0,0.0,0.0,0.0,0.0,0.0,1.0
1779978056.1340463,-1.2820223569869995,-0.46003758907318115,0.0,0.0,nan,0.0,0.0,0.0,0.0,0.0,0.0,1.0
1779978056.144172,-1.2820223569869995,-0.46003758907318115,0.0,0.0,nan,0.0,0.0,0.0,0.0,0.0,0.0,1.0
1779978056.1543362,-1.2820223569869995,-0.46003758907318115,0.0,0.0,nan,0.0,0.0,0.0,0.0,0.0,0.0,1.0
1779978056.1648233,-1.2820223569869995,-0.46003758907318115,0.0,0.0,nan,0.0,0.0,0.0,0.0,0.0,0.0,1.0
1779978056.1752985,-1.2820223569869995,-0.46003758907318115,0.0,0.0,nan,0.0,0.0,0.0,0.0,0.0,0.0,1.0
1779978056.1857734,-1.2820223569869995,-0.46003758907318115,0.0,0.0,nan,0.0,0.0,0.0,0.0,0.0,0.0,1.0
1779978056.1958451,-1.2820223569869995,-0.46003758907318115,0.0,0.0,nan,0.0,0.0,0.0,0.0,0.0,0.0,1.0
1779978056.2061002,-1.2820223569869995,-0.46003758907318115,0.0,0.0,nan,0.0,0.0,0.0,0.0,0.0,0.0,1.0
1779978056.2167988,-1.2820223569869995,-0.46003758907318115,0.0,0.0,nan,0.0,0.0,0.0,0.0,0.0,0.0,1.0
1779978056.227269,-1.2820223569869995,-0.46003758907318115,0.0,0.0,nan,0.0,0.0,0.0,0.0,0.0,0.0,1.0
1779978056.237608,-1.2820223569869995,-0.46003758907318115,0.0,0.0,nan,0.0,0.0,0.0,0.0,0.0,0.0,1.0
1779978056.248252,-1.2820223569869995,-0.46003758907318115,0.0,0.0,nan,0.0,0.0,0.0,0.0,0.0,0.0,1.0
1779978056.2583337,-1.2820223569869995,-0.46003758907318115,0.0,0.0,nan,0.0,0.0,0.0,0.0,0.0,0.0,1.0
1779978056.2686932,-1.2820223569869995,-0.46003758907318115,0.0,0.0,nan,0.0,0.0,0.0,0.0,0.0,0.0,1.0
1779978056.27868,-1.2820223569869995,-0.46003758907318115,0.0,0.0,nan,0.0,0.0,0.0,0.0,0.0,0.0,1.0
1779978056.2890148,-1.2820223569869995,-0.46003758907318115,0.0,0.0,nan,0.0,0.0,0.0,0.0,0.0,0.0,1.0
1779978056.2990375,-1.2820223569869995,-0.46003758907318115,0.0,0.0,nan,0.0,0.0,0.0,0.0,0.0,0.0,1.0
1779978056.3094606,-1.2820223569869995,-0.46003758907318115,0.0,0.0,nan,0.0,0.0,0.0,0.0,0.0,0.0,1.0
1779978056.3195584,-1.2820223569869995,-0.46003758907318115,0.0,0.0,nan,0.0,0.0,0.0,0.0,0.0,0.0,1.0
1779978056.3301177,-1.2820223569869995,-0.46003758907318115,0.0,0.0,nan,0.0,0.0,0.0,0.0,0.0,0.0,1.0
1779978056.3406508,-1.2820223569869995,-0.46003758907318115,0.0,0.0,nan,0.0,0.0,0.0,0.0,0.0,0.0,1.0
1779978056.3510046,-1.2820223569869995,-0.46003758907318115,0.0,0.0,nan,0.0,0.0,0.0,0.0,0.0,0.0,1.0
1779978056.3615038,-1.2820223569869995,-0.46003758907318115,0.0,0.0,nan,0.0,0.0,0.0,0.0,0.0,0.0,1.0
1779978056.3718941,-1.2820223569869995,-0.46003758907318115,0.0,0.0,nan,0.0,0.0,0.0,0.0,0.0,0.0,1.0
1779978056.3824253,-1.2820223569869995,-0.46003758907318115,0.0,0.0,nan,0.0,0.0,0.0,0.0,0.0,0.0,1.0
1779978056.3929937,-1.2820223569869995,-0.46003758907318115,0.0,0.0,nan,0.0,0.0,0.0,0.0,0.0,0.0,1.0
1779978056.4035392,-1.2820223569869995,-0.46003758907318115,0.0,0.0,nan,0.0,0.0,0.0,0.0,0.0,0.0,1.0
1779978056.4134161,-1.2820223569869995,-0.46003758907318115,0.0,0.0,nan,0.0,0.0,0.0,0.0,0.0,0.0,1.0
1779978056.4236012,-1.2820223569869995,-0.46003758907318115,0.0,0.0,nan,0.0,0.0,0.0,0.0,0.0,0.0,1.0
1779978056.4337559,-1.2820223569869995,-0.46003758907318115,0.0,0.0,nan,0.0,0.0,0.0,0.0,0.0,0.0,1.0
1779978056.4443862,-1.2820223569869995,-0.46003758907318115,0.0,0.0,nan,0.0,0.0,0.0,0.0,0.0,0.0,1.0
1779978056.4549992,-1.2820223569869995,-0.46003758907318115,0.0,0.0,nan,0.0,0.0,0.0,0.0,0.0,0.0,1.0
1779978056.4652042,-1.2820223569869995,-0.46003758907318115,0.0,0.0,nan,0.0,0.0,0.0,0.0,0.0,0.0,1.0
1779978056.4758284,-1.2820223569869995,-0.46003758907318115,0.0,0.0,nan,0.0,0.0,0.0,0.0,0.0,0.0,1.0
1779978056.4864016,-1.2820223569869995,-0.46003758907318115,0.0,0.0,nan,0.0,0.0,0.0,0.0,0.0,0.0,1.0
1779978056.496452,-1.2820223569869995,-0.46003758907318115,0.0,0.0,nan,0.0,0.0,0.0,0.0,0.0,0.0,1.0
1779978056.5070286,-1.2820223569869995,-0.46003758907318115,0.0,0.0,nan,0.0,0.0,0.0,0.0,0.0,0.0,1.0
1779978056.5171843,-1.2820223569869995,-0.46003758907318115,0.0,0.0,nan,0.0,0.0,0.0,0.0,0.0,0.0,1.0
1779978056.5273714,-1.2820223569869995,-0.46003758907318115,0.0,0.0,nan,0.0,0.0,0.0,0.0,0.0,0.0,1.0
1779978056.5378606,-1.2820223569869995,-0.46003758907318115,0.0,0.0,nan,0.0,0.0,0.0,0.0,0.0,0.0,1.0
1779978056.548331,-1.2820223569869995,-0.46003758907318115,0.0,0.0,nan,0.0,0.0,0.0,0.0,0.0,0.0,1.0
1779978056.5584054,-1.2820223569869995,-0.46003758907318115,0.0,0.0,nan,0.0,0.0,0.0,0.0,0.0,0.0,1.0
1779978056.5689785,-1.2820223569869995,-0.46003758907318115,0.0,0.0,nan,0.0,0.0,0.0,0.0,0.0,0.0,1.0
1779978056.5793455,-1.2820223569869995,-0.46003758907318115,0.0,0.0,nan,0.0,0.0,0.0,0.0,0.0,0.0,1.0
1779978056.589693,-1.2820223569869995,-0.46003758907318115,0.0,0.0,nan,0.0,0.0,0.0,0.0,0.0,0.0,1.0
1779978056.599872,-1.2820223569869995,-0.46003758907318115,0.0,0.0,nan,0.0,0.0,0.0,0.0,0.0,0.0,1.0
1779978056.6102724,-1.2820223569869995,-0.46003758907318115,0.0,0.0,nan,0.0,0.0,0.0,0.0,0.0,0.0,1.0
1779978056.6205022,-1.2820223569869995,-0.46003758907318115,0.0,0.0,nan,0.0,0.0,0.0,0.0,0.0,0.0,1.0
1779978056.6310377,-1.2820223569869995,-0.46003758907318115,0.0,0.0,nan,0.0,0.0,0.0,0.0,0.0,0.0,1.0
1779978056.6417556,-1.2820223569869995,-0.46003758907318115,0.0,0.0,nan,0.0,0.0,0.0,0.0,0.0,0.0,1.0
1779978056.6523302,-1.2820223569869995,-0.46003758907318115,0.0,0.0,nan,0.0,0.0,0.0,0.0,0.0,0.0,1.0
1779978056.662456,-1.2820223569869995,-0.46003758907318115,0.0,0.0,nan,0.0,0.0,0.0,0.0,0.0,0.0,1.0
1779978056.6725817,-1.2820223569869995,-0.46003758907318115,0.0,0.0,nan,0.0,0.0,0.0,0.0,0.0,0.0,1.0
1779978056.6830359,-1.2820223569869995,-0.46003758907318115,0.0,0.0,nan,0.0,0.0,0.0,0.0,0.0,0.0,1.0
1779978056.6936374,-1.2820223569869995,-0.46003758907318115,0.0,0.0,nan,0.0,0.0,0.0,0.0,0.0,0.0,1.0
1779978056.704218,-1.2820223569869995,-0.46003758907318115,0.0,0.0,nan,0.0,0.0,0.0,0.0,0.0,0.0,1.0
1779978056.7143233,-1.2820223569869995,-0.46003758907318115,0.0,0.0,nan,0.0,0.0,0.0,0.0,0.0,0.0,1.0
1779978056.7248406,-1.2820223569869995,-0.46003758907318115,0.0,0.0,nan,0.0,0.0,0.0,0.0,0.0,0.0,1.0
1779978056.7352464,-1.2820223569869995,-0.46003758907318115,0.0,0.0,nan,0.0,0.0,0.0,0.0,0.0,0.0,1.0
1779978056.7455592,-1.2820223569869995,-0.46003758907318115,0.0,0.0,nan,0.0,0.0,0.0,0.0,0.0,0.0,1.0
1779978056.7558112,-1.2820223569869995,-0.46003758907318115,0.0,0.0,nan,0.0,0.0,0.0,0.0,0.0,0.0,1.0
1779978056.7660015,-1.2820223569869995,-0.46003758907318115,0.0,0.0,nan,0.0,0.0,0.0,0.0,0.0,0.0,1.0
1779978056.7761743,-1.2820223569869995,-0.46003758907318115,0.0,0.0,nan,0.0,0.0,0.0,0.0,0.0,0.0,1.0
1779978056.786832,-1.2820223569869995,-0.46003758907318115,0.0,0.0,nan,0.0,0.0,0.0,0.0,0.0,0.0,1.0
1779978056.7972255,-1.2820223569869995,-0.46003758907318115,0.0,0.0,nan,0.0,0.0,0.0,0.0,0.0,0.0,1.0
1779978056.8077712,-1.2820223569869995,-0.46003758907318115,0.0,0.0,nan,0.0,0.0,0.0,0.0,0.0,0.0,1.0
1779978056.8181908,-1.2820223569869995,-0.46003758907318115,0.0,0.0,nan,0.0,0.0,0.0,0.0,0.0,0.0,1.0
1779978056.828341,-1.2820223569869995,-0.46003758907318115,0.0,0.0,nan,0.0,0.0,0.0,0.0,0.0,0.0,1.0
1779978056.8385894,-1.2820223569869995,-0.46003758907318115,0.0,0.0,nan,0.0,0.0,0.0,0.0,0.0,0.0,1.0
1779978056.848772,-1.2820223569869995,-0.46003758907318115,0.0,0.0,nan,0.0,0.0,0.0,0.0,0.0,0.0,1.0
1779978056.8591757,-1.2820223569869995,-0.46003758907318115,0.0,0.0,nan,0.0,0.0,0.0,0.0,0.0,0.0,1.0
1779978056.8698397,-1.2820223569869995,-0.46003758907318115,0.0,0.0,nan,0.0,0.0,0.0,0.0,0.0,0.0,1.0
1779978056.8802736,-1.2820223569869995,-0.46003758907318115,0.0,0.0,nan,0.0,0.0,0.0,0.0,0.0,0.0,1.0
1779978056.8907154,-1.2820223569869995,-0.46003758907318115,0.0,0.0,nan,0.0,0.0,0.0,0.0,0.0,0.0,1.0
1779978056.901084,-1.2820223569869995,-0.46003758907318115,0.0,0.0,nan,0.0,0.0,0.0,0.0,0.0,0.0,1.0
1779978056.9111733,-1.2820223569869995,-0.46003758907318115,0.0,0.0,nan,0.0,0.0,0.0,0.0,0.0,0.0,1.0
1779978056.9213805,-1.2820223569869995,-0.46003758907318115,0.0,0.0,nan,0.0,0.0,0.0,0.0,0.0,0.0,1.0
1779978056.9318318,-1.2820223569869995,-0.46003758907318115,0.0,0.0,nan,0.0,0.0,0.0,0.0,0.0,0.0,1.0
1779978056.942387,-1.2820223569869995,-0.46003758907318115,0.0,0.0,nan,0.0,0.0,0.0,0.0,0.0,0.0,1.0
1779978056.9526007,-1.2820223569869995,-0.46003758907318115,0.0,0.0,nan,0.0,0.0,0.0,0.0,0.0,0.0,1.0
1779978056.9628363,-1.2820223569869995,-0.46003758907318115,0.0,0.0,nan,0.0,0.0,0.0,0.0,0.0,0.0,1.0
1779978056.9729354,-1.2820223569869995,-0.46003758907318115,0.0,0.0,nan,0.0,0.0,0.0,0.0,0.0,0.0,1.0
1779978056.9834273,-1.2820223569869995,-0.46003758907318115,0.0,0.0,nan,0.0,0.0,0.0,0.0,0.0,0.0,1.0
1779978056.9935784,-1.2820223569869995,-0.46003758907318115,0.0,0.0,nan,0.0,0.0,0.0,0.0,0.0,0.0,1.0
1779978057.0036867,-1.2820223569869995,-0.46003758907318115,0.0,0.0,nan,0.0,0.0,0.0,0.0,0.0,0.0,1.0
1779978057.0141919,-1.2820223569869995,-0.46003758907318115,0.0,0.0,nan,0.0,0.0,0.0,0.0,0.0,0.0,1.0
1779978057.0243824,-1.2820223569869995,-0.46003758907318115,0.0,0.0,nan,0.0,0.0,0.0,0.0,0.0,0.0,1.0
1779978057.0349927,-1.2820223569869995,-0.46003758907318115,0.0,0.0,nan,0.0,0.0,0.0,0.0,0.0,0.0,1.0
1779978057.044715,-1.2820223569869995,-0.46003758907318115,0.0,0.0,nan,0.0,0.0,0.0,0.0,0.0,0.0,1.0
1779978057.0548866,-1.2820223569869995,-0.46003758907318115,0.0,0.0,nan,0.0,0.0,0.0,0.0,0.0,0.0,1.0
1779978057.0654209,-1.2820223569869995,-0.46003758907318115,0.0,0.0,nan,0.0,0.0,0.0,0.0,0.0,0.0,1.0
1779978057.0759552,-1.2820223569869995,-0.46003758907318115,0.0,0.0,nan,0.0,0.0,0.0,0.0,0.0,0.0,1.0
1779978057.0865872,-1.2820223569869995,-0.46003758907318115,0.0,0.0,nan,0.0,0.0,0.0,0.0,0.0,0.0,1.0
1779978057.0968318,-1.2820223569869995,-0.46003758907318115,0.0,0.0,nan,0.0,0.0,0.0,0.0,0.0,0.0,1.0
1779978057.1073136,-1.2820223569869995,-0.46003758907318115,0.0,0.0,nan,0.0,0.0,0.0,0.0,0.0,0.0,1.0
1779978057.1174994,-1.2820223569869995,-0.46003758907318115,0.0,0.0,nan,0.0,0.0,0.0,0.0,0.0,0.0,1.0
1779978057.1282609,-1.2820223569869995,-0.46003758907318115,0.0,0.0,nan,0.0,0.0,0.0,0.0,0.0,0.0,1.0
1779978057.1388886,-1.2820223569869995,-0.46003758907318115,0.0,0.0,nan,0.0,0.0,0.0,0.0,0.0,0.0,1.0
1779978057.1492233,-1.2820223569869995,-0.46003758907318115,0.0,0.0,nan,0.0,0.0,0.0,0.0,0.0,0.0,1.0
1779978057.1597419,-1.2820223569869995,-0.46003758907318115,0.0,0.0,nan,0.0,0.0,0.0,0.0,0.0,0.0,1.0
1779978057.1703048,-1.2820223569869995,-0.46003758907318115,0.0,0.0,nan,0.0,0.0,0.0,0.0,0.0,0.0,1.0
1779978057.1803887,-1.2820223569869995,-0.46003758907318115,0.0,0.0,nan,0.0,0.0,0.0,0.0,0.0,0.0,1.0
1779978057.1905203,-1.2820223569869995,-0.46003758907318115,0.0,0.0,nan,0.0,0.0,0.0,0.0,0.0,0.0,1.0
1779978057.20067,-1.2820223569869995,-0.46003758907318115,0.0,0.0,nan,0.0,0.0,0.0,0.0,0.0,0.0,1.0
1779978057.210742,-1.2820223569869995,-0.46003758907318115,0.0,0.0,nan,0.0,0.0,0.0,0.0,0.0,0.0,1.0
1779978057.2209864,-1.2820223569869995,-0.46003758907318115,0.0,0.0,nan,0.0,0.0,0.0,0.0,0.0,0.0,1.0
1779978057.2314608,-1.2820223569869995,-0.46003758907318115,0.0,0.0,nan,0.0,0.0,0.0,0.0,0.0,0.0,1.0
1779978057.2416246,-1.2820223569869995,-0.46003758907318115,0.0,0.0,nan,0.0,0.0,0.0,0.0,0.0,0.0,1.0
1779978057.2518342,-1.2820223569869995,-0.46003758907318115,0.0,0.0,nan,0.0,0.0,0.0,0.0,0.0,0.0,1.0
1779978057.2619147,-1.2820223569869995,-0.46003758907318115,0.0,0.0,nan,0.0,0.0,0.0,0.0,0.0,0.0,1.0
1779978057.2722368,-1.2820223569869995,-0.46003758907318115,0.0,0.0,nan,0.0,0.0,0.0,0.0,0.0,0.0,1.0
1779978057.2823634,-1.2820223569869995,-0.46003758907318115,0.0,0.0,nan,0.0,0.0,0.0,0.0,0.0,0.0,1.0
1779978057.2928302,-1.2820223569869995,-0.46003758907318115,0.0,0.0,nan,0.0,0.0,0.0,0.0,0.0,0.0,1.0
1779978057.3032784,-1.2820223569869995,-0.46003758907318115,0.0,0.0,nan,0.0,0.0,0.0,0.0,0.0,0.0,1.0
1779978057.3133643,-1.2820223569869995,-0.46003758907318115,0.0,0.0,nan,0.0,0.0,0.0,0.0,0.0,0.0,1.0
1779978057.3236117,-1.2820223569869995,-0.46003758907318115,0.0,0.0,nan,0.0,0.0,0.0,0.0,0.0,0.0,1.0
1779978057.3335698,-1.2820223569869995,-0.46003758907318115,0.0,0.0,nan,0.0,0.0,0.0,0.0,0.0,0.0,1.0
1779978057.3437004,-1.2820223569869995,-0.46003758907318115,0.0,0.0,nan,0.0,0.0,0.0,0.0,0.0,0.0,1.0
1779978057.3542948,-1.2820223569869995,-0.46003758907318115,0.0,0.0,nan,0.0,0.0,0.0,0.0,0.0,0.0,1.0
1779978057.3648438,-1.2820223569869995,-0.46003758907318115,0.0,0.0,nan,0.0,0.0,0.0,0.0,0.0,0.0,1.0
1779978057.3751552,-1.2820223569869995,-0.46003758907318115,0.0,0.0,nan,0.0,0.0,0.0,0.0,0.0,0.0,1.0
1779978057.3856635,-1.2820223569869995,-0.46003758907318115,0.0,0.0,nan,0.0,0.0,0.0,0.0,0.0,0.0,1.0
1779978057.396171,-1.2820223569869995,-0.46003758907318115,0.0,0.0,nan,0.0,0.0,0.0,0.0,0.0,0.0,1.0
1779978057.406512,-1.2820223569869995,-0.46003758907318115,0.0,0.0,nan,0.0,0.0,0.0,0.0,0.0,0.0,1.0
1779978057.4169602,-1.2820223569869995,-0.46003758907318115,0.0,0.0,nan,0.0,0.0,0.0,0.0,0.0,0.0,1.0
1779978057.427633,-1.2820223569869995,-0.46003758907318115,0.0,0.0,nan,0.0,0.0,0.0,0.0,0.0,0.0,1.0
1779978057.4381824,-1.2820223569869995,-0.46003758907318115,0.0,0.0,nan,0.0,0.0,0.0,0.0,0.0,0.0,1.0
1779978057.4486444,-1.2820223569869995,-0.46003758907318115,0.0,0.0,nan,0.0,0.0,0.0,0.0,0.0,0.0,1.0
1779978057.4591093,-1.2820223569869995,-0.46003758907318115,0.0,0.0,nan,0.0,0.0,0.0,0.0,0.0,0.0,1.0
1779978057.4696686,-1.2820223569869995,-0.46003758907318115,0.0,0.0,nan,0.0,0.0,0.0,0.0,0.0,0.0,1.0
1779978057.4801981,-1.2820223569869995,-0.46003758907318115,0.0,0.0,nan,0.0,0.0,0.0,0.0,0.0,0.0,1.0
1779978057.4907246,-1.2820223569869995,-0.46003758907318115,0.0,0.0,nan,0.0,0.0,0.0,0.0,0.0,0.0,1.0
1779978057.501259,-1.2820223569869995,-0.46003758907318115,0.0,0.0,nan,0.0,0.0,0.0,0.0,0.0,0.0,1.0
1779978057.5116365,-1.2820223569869995,-0.46003758907318115,0.0,0.0,nan,0.0,0.0,0.0,0.0,0.0,0.0,1.0
1779978057.5217352,-1.2820223569869995,-0.46003758907318115,0.0,0.0,nan,0.0,0.0,0.0,0.0,0.0,0.0,1.0
1779978057.5318773,-1.2820223569869995,-0.46003758907318115,0.0,0.0,nan,0.0,0.0,0.0,0.0,0.0,0.0,1.0
1779978057.5421064,-1.2820223569869995,-0.46003758907318115,0.0,0.0,nan,0.0,0.0,0.0,0.0,0.0,0.0,1.0
1779978057.5524552,-1.2820223569869995,-0.46003758907318115,0.0,0.0,nan,0.0,0.0,0.0,0.0,0.0,0.0,1.0
1779978057.5632963,-1.2820223569869995,-0.46003758907318115,0.0,0.0,nan,0.0,0.0,0.0,0.0,0.0,0.0,1.0
1779978057.5735934,-1.2820223569869995,-0.46003758907318115,0.0,0.0,nan,0.0,0.0,0.0,0.0,0.0,0.0,1.0
1779978057.5838666,-1.2820223569869995,-0.46003758907318115,0.0,0.0,nan,0.0,0.0,0.0,0.0,0.0,0.0,1.0
1779978057.594232,-1.2820223569869995,-0.46003758907318115,0.0,0.0,nan,0.0,0.0,0.0,0.0,0.0,0.0,1.0
1779978057.604735,-1.2820223569869995,-0.46003758907318115,0.0,0.0,nan,0.0,0.0,0.0,0.0,0.0,0.0,1.0
1779978057.6149092,-1.2820223569869995,-0.46003758907318115,0.0,0.0,nan,0.0,0.0,0.0,0.0,0.0,0.0,1.0
1779978057.625523,-1.2820223569869995,-0.46003758907318115,0.0,0.0,nan,0.0,0.0,0.0,0.0,0.0,0.0,1.0
1779978057.6363032,-1.2820223569869995,-0.46003758907318115,0.0,0.0,nan,0.0,0.0,0.0,0.0,0.0,0.0,1.0
1779978057.6465821,-1.2820223569869995,-0.46003758907318115,0.0,0.0,nan,0.0,0.0,0.0,0.0,0.0,0.0,1.0
1779978057.656945,-1.2820223569869995,-0.46003758907318115,0.0,0.0,nan,0.0,0.0,0.0,0.0,0.0,0.0,1.0
1779978057.6692977,-1.2820223569869995,-0.46003758907318115,0.0,0.0,nan,0.0,0.0,0.0,0.0,0.0,0.0,1.0
1779978057.6798909,-1.2820223569869995,-0.46003758907318115,0.0,0.0,nan,0.0,0.0,0.0,0.0,0.0,0.0,1.0
1779978057.6903973,-1.2820223569869995,-0.46003758907318115,0.0,0.0,nan,0.0,0.0,0.0,0.0,0.0,0.0,1.0
1779978057.7010403,-1.2820223569869995,-0.46003758907318115,0.0,0.0,nan,0.0,0.0,0.0,0.0,0.0,0.0,1.0
1779978057.7111444,-1.2820223569869995,-0.46003758907318115,0.0,0.0,nan,0.0,0.0,0.0,0.0,0.0,0.0,1.0
1779978057.7213488,-1.2820223569869995,-0.46003758907318115,0.0,0.0,nan,0.0,0.0,0.0,0.0,0.0,0.0,1.0
1779978057.7318008,-1.2820223569869995,-0.46003758907318115,0.0,0.0,nan,0.0,0.0,0.0,0.0,0.0,0.0,1.0
1779978057.7419431,-1.2820223569869995,-0.46003758907318115,0.0,0.0,nan,0.0,0.0,0.0,0.0,0.0,0.0,1.0
1779978057.7524533,-1.2820223569869995,-0.46003758907318115,0.0,0.0,nan,0.0,0.0,0.0,0.0,0.0,0.0,1.0
1779978057.762794,-1.2820223569869995,-0.46003758907318115,0.0,0.0,nan,0.0,0.0,0.0,0.0,0.0,0.0,1.0
1779978057.7733853,-1.2820223569869995,-0.46003758907318115,0.0,0.0,nan,0.0,0.0,0.0,0.0,0.0,0.0,1.0
1779978057.7837863,-1.2820223569869995,-0.46003758907318115,0.0,0.0,nan,0.0,0.0,0.0,0.0,0.0,0.0,1.0
1779978057.7943208,-1.2820223569869995,-0.46003758907318115,0.0,0.0,nan,0.0,0.0,0.0,0.0,0.0,0.0,1.0
1779978057.8043818,-1.2820223569869995,-0.46003758907318115,0.0,0.0,nan,0.0,0.0,0.0,0.0,0.0,0.0,1.0
1779978057.8150275,-1.2820223569869995,-0.46003758907318115,0.0,0.0,nan,0.0,0.0,0.0,0.0,0.0,0.0,1.0
1779978057.8255148,-1.2820223569869995,-0.46003758907318115,0.0,0.0,nan,0.0,0.0,0.0,0.0,0.0,0.0,1.0
1779978057.8362222,-1.2820223569869995,-0.46003758907318115,0.0,0.0,nan,0.0,0.0,0.0,0.0,0.0,0.0,1.0
1779978057.8466954,-1.2820223569869995,-0.46003758907318115,0.0,0.0,nan,0.0,0.0,0.0,0.0,0.0,0.0,1.0
1779978057.856958,-1.2820223569869995,-0.46003758907318115,0.0,0.0,nan,0.0,0.0,0.0,0.0,0.0,0.0,1.0
1779978057.8672936,-1.2820223569869995,-0.46003758907318115,0.0,0.0,nan,0.0,0.0,0.0,0.0,0.0,0.0,1.0
1779978057.8775616,-1.2820223569869995,-0.46003758907318115,0.0,0.0,nan,0.0,0.0,0.0,0.0,0.0,0.0,1.0
1779978057.88805,-1.2820223569869995,-0.46003758907318115,0.0,0.0,nan,0.0,0.0,0.0,0.0,0.0,0.0,1.0
1779978057.8985379,-1.2820223569869995,-0.46003758907318115,0.0,0.0,nan,0.0,0.0,0.0,0.0,0.0,0.0,1.0
1779978057.909009,-1.2820223569869995,-0.46003758907318115,0.0,0.0,nan,0.0,0.0,0.0,0.0,0.0,0.0,1.0
1779978057.9189196,-1.2820223569869995,-0.46003758907318115,0.0,0.0,nan,0.0,0.0,0.0,0.0,0.0,0.0,1.0
1779978057.929337,-1.2820223569869995,-0.46003758907318115,0.0,0.0,nan,0.0,0.0,0.0,0.0,0.0,0.0,1.0
1779978057.9400427,-1.2820223569869995,-0.46003758907318115,0.0,0.0,nan,0.0,0.0,0.0,0.0,0.0,0.0,1.0
1779978057.9498832,-1.2820223569869995,-0.46003758907318115,0.0,0.0,nan,0.0,0.0,0.0,0.0,0.0,0.0,1.0
1779978057.9603674,-1.2820223569869995,-0.46003758907318115,0.0,0.0,nan,0.0,0.0,0.0,0.0,0.0,0.0,1.0
1779978057.970279,-1.2820223569869995,-0.46003758907318115,0.0,0.0,nan,0.0,0.0,0.0,0.0,0.0,0.0,1.0
1779978057.9806244,-1.2820223569869995,-0.46003758907318115,0.0,0.0,nan,0.0,0.0,0.0,0.0,0.0,0.0,1.0
1779978057.9915354,-1.2820223569869995,-0.46003758907318115,0.0,0.0,nan,0.0,0.0,0.0,0.0,0.0,0.0,1.0
1779978058.0017343,-1.2820223569869995,-0.46003758907318115,0.0,0.0,nan,0.0,0.0,0.0,0.0,0.0,0.0,1.0
1779978058.0123875,-1.2820223569869995,-0.46003758907318115,0.0,0.0,nan,0.0,0.0,0.0,0.0,0.0,0.0,1.0
1779978058.0224478,-1.2820223569869995,-0.46003758907318115,0.0,0.0,nan,0.0,0.0,0.0,0.0,0.0,0.0,1.0
1779978058.0325437,-1.2820223569869995,-0.46003758907318115,0.0,0.0,nan,0.0,0.0,0.0,0.0,0.0,0.0,1.0
1779978058.0429873,-1.2820223569869995,-0.46003758907318115,0.0,0.0,nan,0.0,0.0,0.0,0.0,0.0,0.0,1.0
1779978058.0535893,-1.2820223569869995,-0.46003758907318115,0.0,0.0,nan,0.0,0.0,0.0,0.0,0.0,0.0,1.0
1779978058.0642607,-1.2820223569869995,-0.46003758907318115,0.0,0.0,nan,0.0,0.0,0.0,0.0,0.0,0.0,1.0
1779978058.0746455,-1.2820223569869995,-0.46003758907318115,0.0,0.0,nan,0.0,0.0,0.0,0.0,0.0,0.0,1.0
1779978058.0849204,-1.2820223569869995,-0.46003758907318115,0.0,0.0,nan,0.0,0.0,0.0,0.0,0.0,0.0,1.0
1779978058.0950587,-1.2820223569869995,-0.46003758907318115,0.0,0.0,nan,0.0,0.0,0.0,0.0,0.0,0.0,1.0
1779978058.1052048,-1.2820223569869995,-0.46003758907318115,0.0,0.0,nan,0.0,0.0,0.0,0.0,0.0,0.0,1.0
1779978058.1153426,-1.2820223569869995,-0.46003758907318115,0.0,0.0,nan,0.0,0.0,0.0,0.0,0.0,0.0,1.0
1779978058.1259382,-1.2820223569869995,-0.46003758907318115,0.0,0.0,nan,0.0,0.0,0.0,0.0,0.0,0.0,1.0
1779978058.1360037,-1.2820223569869995,-0.46003758907318115,0.0,0.0,nan,0.0,0.0,0.0,0.0,0.0,0.0,1.0
1779978058.146382,-1.2820223569869995,-0.46003758907318115,0.0,0.0,nan,0.0,0.0,0.0,0.0,0.0,0.0,1.0
1779978058.1566505,-1.2820223569869995,-0.46003758907318115,0.0,0.0,nan,0.0,0.0,0.0,0.0,0.0,0.0,1.0
1779978058.1675525,-1.2820223569869995,-0.46003758907318115,0.0,0.0,nan,0.0,0.0,0.0,0.0,0.0,0.0,1.0
1779978058.1778035,-1.2820223569869995,-0.46003758907318115,0.0,0.0,nan,0.0,0.0,0.0,0.0,0.0,0.0,1.0
1779978058.1881037,-1.2820223569869995,-0.46003758907318115,0.0,0.0,nan,0.0,0.0,0.0,0.0,0.0,0.0,1.0
1779978058.1986108,-1.2820223569869995,-0.46003758907318115,0.0,0.0,nan,0.0,0.0,0.0,0.0,0.0,0.0,1.0
1779978058.20886,-1.2820223569869995,-0.46003758907318115,0.0,0.0,nan,0.0,0.0,0.0,0.0,0.0,0.0,1.0
1779978058.2194831,-1.2820223569869995,-0.46003758907318115,0.0,0.0,nan,0.0,0.0,0.0,0.0,0.0,0.0,1.0
1779978058.2298577,-1.2820223569869995,-0.46003758907318115,0.0,0.0,nan,0.0,0.0,0.0,0.0,0.0,0.0,1.0
1779978058.2403846,-1.2820223569869995,-0.46003758907318115,0.0,0.0,nan,0.0,0.0,0.0,0.0,0.0,0.0,1.0
1779978058.2509043,-1.2820223569869995,-0.46003758907318115,0.0,0.0,nan,0.0,0.0,0.0,0.0,0.0,0.0,1.0
1779978058.2614827,-1.2820223569869995,-0.46003758907318115,0.0,0.0,nan,0.0,0.0,0.0,0.0,0.0,0.0,1.0
1779978058.272124,-1.2820223569869995,-0.46003758907318115,0.0,0.0,nan,0.0,0.0,0.0,0.0,0.0,0.0,1.0
1779978058.28256,-1.2820223569869995,-0.46003758907318115,0.0,0.0,nan,0.0,0.0,0.0,0.0,0.0,0.0,1.0
1779978058.2931368,-1.2820223569869995,-0.46003758907318115,0.0,0.0,nan,0.0,0.0,0.0,0.0,0.0,0.0,1.0
1779978058.3031993,-1.2820223569869995,-0.46003758907318115,0.0,0.0,nan,0.0,0.0,0.0,0.0,0.0,0.0,1.0
1779978058.313399,-1.2820223569869995,-0.46003758907318115,0.0,0.0,nan,0.0,0.0,0.0,0.0,0.0,0.0,1.0
1779978058.3237054,-1.2820223569869995,-0.46003758907318115,0.0,0.0,nan,0.0,0.0,0.0,0.0,0.0,0.0,1.0
1779978058.3339083,-1.2820223569869995,-0.46003758907318115,0.0,0.0,nan,0.0,0.0,0.0,0.0,0.0,0.0,1.0
1779978058.3439186,-1.2820223569869995,-0.46003758907318115,0.0,0.0,nan,0.0,0.0,0.0,0.0,0.0,0.0,1.0
1779978058.354632,-1.2820223569869995,-0.46003758907318115,0.0,0.0,nan,0.0,0.0,0.0,0.0,0.0,0.0,1.0
1779978058.364918,-1.2820223569869995,-0.46003758907318115,0.0,0.0,nan,0.0,0.0,0.0,0.0,0.0,0.0,1.0
1779978058.3749912,-1.2820223569869995,-0.46003758907318115,0.0,0.0,nan,0.0,0.0,0.0,0.0,0.0,0.0,1.0
1779978058.3855145,-1.2820223569869995,-0.46003758907318115,0.0,0.0,nan,0.0,0.0,0.0,0.0,0.0,0.0,1.0
1779978058.3959801,-1.2820223569869995,-0.46003758907318115,0.0,0.0,nan,0.0,0.0,0.0,0.0,0.0,0.0,1.0
1779978058.4065468,-1.2820223569869995,-0.46003758907318115,0.0,0.0,nan,0.0,0.0,0.0,0.0,0.0,0.0,1.0
1779978058.4166107,-1.2820223569869995,-0.46003758907318115,0.0,0.0,nan,0.0,0.0,0.0,0.0,0.0,0.0,1.0
1779978058.4267383,-1.2820223569869995,-0.46003758907318115,0.0,0.0,nan,0.0,0.0,0.0,0.0,0.0,0.0,1.0
1779978058.4373376,-1.2820223569869995,-0.46003758907318115,0.0,0.0,nan,0.0,0.0,0.0,0.0,0.0,0.0,1.0
1779978058.447328,-1.2820223569869995,-0.46003758907318115,0.0,0.0,nan,0.0,0.0,0.0,0.0,0.0,0.0,1.0
1779978058.4576406,-1.2820223569869995,-0.46003758907318115,0.0,0.0,nan,0.0,0.0,0.0,0.0,0.0,0.0,1.0
1779978058.4677742,-1.2820223569869995,-0.46003758907318115,0.0,0.0,nan,0.0,0.0,0.0,0.0,0.0,0.0,1.0
1779978058.478094,-1.2820223569869995,-0.46003758907318115,0.0,0.0,nan,0.0,0.0,0.0,0.0,0.0,0.0,1.0
1779978058.4886985,-1.2820223569869995,-0.46003758907318115,0.0,0.0,nan,0.0,0.0,0.0,0.0,0.0,0.0,1.0
1779978058.4987776,-1.2820223569869995,-0.46003758907318115,0.0,0.0,nan,0.0,0.0,0.0,0.0,0.0,0.0,1.0
1779978058.5090396,-1.2820223569869995,-0.46003758907318115,0.0,0.0,nan,0.0,0.0,0.0,0.0,0.0,0.0,1.0
1779978058.5192125,-1.2820223569869995,-0.46003758907318115,0.0,0.0,nan,0.0,0.0,0.0,0.0,0.0,0.0,1.0
1779978058.5298276,-1.2820223569869995,-0.46003758907318115,0.0,0.0,nan,0.0,0.0,0.0,0.0,0.0,0.0,1.0
1779978058.5403295,-1.2820223569869995,-0.46003758907318115,0.0,0.0,nan,0.0,0.0,0.0,0.0,0.0,0.0,1.0
1779978058.5506248,-1.2820223569869995,-0.46003758907318115,0.0,0.0,nan,0.0,0.0,0.0,0.0,0.0,0.0,1.0
1779978058.5610855,-1.2820223569869995,-0.46003758907318115,0.0,0.0,nan,0.0,0.0,0.0,0.0,0.0,0.0,1.0
1779978058.571383,-1.2820223569869995,-0.46003758907318115,0.0,0.0,nan,0.0,0.0,0.0,0.0,0.0,0.0,1.0
1779978058.5818362,-1.2820223569869995,-0.46003758907318115,0.0,0.0,nan,0.0,0.0,0.0,0.0,0.0,0.0,1.0
1779978058.5924394,-1.2820223569869995,-0.46003758907318115,0.0,0.0,nan,0.0,0.0,0.0,0.0,0.0,0.0,1.0
1779978058.6027896,-1.2820223569869995,-0.46003758907318115,0.0,0.0,nan,0.0,0.0,0.0,0.0,0.0,0.0,1.0
1779978058.6131039,-1.2820223569869995,-0.46003758907318115,0.0,0.0,nan,0.0,0.0,0.0,0.0,0.0,0.0,1.0
1779978058.6232095,-1.2820223569869995,-0.46003758907318115,0.0,0.0,nan,0.0,0.0,0.0,0.0,0.0,0.0,1.0
1779978058.633443,-1.2820223569869995,-0.46003758907318115,0.0,0.0,nan,0.0,0.0,0.0,0.0,0.0,0.0,1.0
1779978058.6437893,-1.2820223569869995,-0.46003758907318115,0.0,0.0,nan,0.0,0.0,0.0,0.0,0.0,0.0,1.0
1779978058.6539476,-1.2820223569869995,-0.46003758907318115,0.0,0.0,nan,0.0,0.0,0.0,0.0,0.0,0.0,1.0
1779978058.6643915,-1.2820223569869995,-0.46003758907318115,0.0,0.0,nan,0.0,0.0,0.0,0.0,0.0,0.0,1.0
1779978058.6749659,-1.2820223569869995,-0.46003758907318115,0.0,0.0,nan,0.0,0.0,0.0,0.0,0.0,0.0,1.0
1779978058.6852555,-1.2820223569869995,-0.46003758907318115,0.0,0.0,nan,0.0,0.0,0.0,0.0,0.0,0.0,1.0
1779978058.6958492,-1.2820223569869995,-0.46003758907318115,0.0,0.0,nan,0.0,0.0,0.0,0.0,0.0,0.0,1.0
1779978058.706023,-1.2820223569869995,-0.46003758907318115,0.0,0.0,nan,0.0,0.0,0.0,0.0,0.0,0.0,1.0
1779978058.716056,-1.2820223569869995,-0.46003758907318115,0.0,0.0,nan,0.0,0.0,0.0,0.0,0.0,0.0,1.0
1779978058.7267358,-1.2820223569869995,-0.46003758907318115,0.0,0.0,nan,0.0,0.0,0.0,0.0,0.0,0.0,1.0
1779978058.7369525,-1.2820223569869995,-0.46003758907318115,0.0,0.0,nan,0.0,0.0,0.0,0.0,0.0,0.0,1.0
1779978058.7473602,-1.2820223569869995,-0.46003758907318115,0.0,0.0,nan,0.0,0.0,0.0,0.0,0.0,0.0,1.0
1779978058.7578604,-1.2820223569869995,-0.46003758907318115,0.0,0.0,nan,0.0,0.0,0.0,0.0,0.0,0.0,1.0
1779978058.7683415,-1.2820223569869995,-0.46003758907318115,0.0,0.0,nan,0.0,0.0,0.0,0.0,0.0,0.0,1.0
1779978058.7789574,-1.2820223569869995,-0.46003758907318115,0.0,0.0,nan,0.0,0.0,0.0,0.0,0.0,0.0,1.0
1779978058.7891185,-1.2820223569869995,-0.46003758907318115,0.0,0.0,nan,0.0,0.0,0.0,0.0,0.0,0.0,1.0
1779978058.7992811,-1.2820223569869995,-0.46003758907318115,0.0,0.0,nan,0.0,0.0,0.0,0.0,0.0,0.0,1.0
1779978058.8096542,-1.2820223569869995,-0.46003758907318115,0.0,0.0,nan,0.0,0.0,0.0,0.0,0.0,0.0,1.0
1779978058.8196304,-1.2820223569869995,-0.46003758907318115,0.0,0.0,nan,0.0,0.0,0.0,0.0,0.0,0.0,1.0
1779978058.8301647,-1.2820223569869995,-0.46003758907318115,0.0,0.0,nan,0.0,0.0,0.0,0.0,0.0,0.0,1.0
1779978058.8404417,-1.2820223569869995,-0.46003758907318115,0.0,0.0,nan,0.0,0.0,0.0,0.0,0.0,0.0,1.0
1779978058.8505838,-1.2820223569869995,-0.46003758907318115,0.0,0.0,nan,0.0,0.0,0.0,0.0,0.0,0.0,1.0
1779978058.8606663,-1.2820223569869995,-0.46003758907318115,0.0,0.0,nan,0.0,0.0,0.0,0.0,0.0,0.0,1.0
1779978058.8707676,-1.2820223569869995,-0.46003758907318115,0.0,0.0,nan,0.0,0.0,0.0,0.0,0.0,0.0,1.0
1779978058.8808486,-1.2820223569869995,-0.46003758907318115,0.0,0.0,nan,0.0,0.0,0.0,0.0,0.0,0.0,1.0
1779978058.891098,-1.2820223569869995,-0.46003758907318115,0.0,0.0,nan,0.0,0.0,0.0,0.0,0.0,0.0,1.0
1779978058.9014862,-1.2820223569869995,-0.46003758907318115,0.0,0.0,nan,0.0,0.0,0.0,0.0,0.0,0.0,1.0
1779978058.911651,-1.2820223569869995,-0.46003758907318115,0.0,0.0,nan,0.0,0.0,0.0,0.0,0.0,0.0,1.0
1779978058.9221509,-1.2820223569869995,-0.46003758907318115,0.0,0.0,nan,0.0,0.0,0.0,0.0,0.0,0.0,1.0
1779978058.9326644,-1.2820223569869995,-0.46003758907318115,0.0,0.0,nan,0.0,0.0,0.0,0.0,0.0,0.0,1.0
1779978058.9428296,-1.2820223569869995,-0.46003758907318115,0.0,0.0,nan,0.0,0.0,0.0,0.0,0.0,0.0,1.0
1779978058.9530315,-1.2820223569869995,-0.46003758907318115,0.0,0.0,nan,0.0,0.0,0.0,0.0,0.0,0.0,1.0
1779978058.9633331,-1.2820223569869995,-0.46003758907318115,0.0,0.0,nan,0.0,0.0,0.0,0.0,0.0,0.0,1.0
1779978058.9734552,-1.2820223569869995,-0.46003758907318115,0.0,0.0,nan,0.0,0.0,0.0,0.0,0.0,0.0,1.0
1779978058.9838233,-1.2820223569869995,-0.46003758907318115,0.0,0.0,nan,0.0,0.0,0.0,0.0,0.0,0.0,1.0
1779978058.994211,-1.2820223569869995,-0.46003758907318115,0.0,0.0,nan,0.0,0.0,0.0,0.0,0.0,0.0,1.0
1779978059.0045676,-1.2820223569869995,-0.46003758907318115,0.0,0.0,nan,0.0,0.0,0.0,0.0,0.0,0.0,1.0
1779978059.0146973,-1.2820223569869995,-0.46003758907318115,0.0,0.0,nan,0.0,0.0,0.0,0.0,0.0,0.0,1.0
1779978059.0252898,-1.2820223569869995,-0.46003758907318115,0.0,0.0,nan,0.0,0.0,0.0,0.0,0.0,0.0,1.0
1779978059.0353339,-1.2820223569869995,-0.46003758907318115,0.0,0.0,nan,0.0,0.0,0.0,0.0,0.0,0.0,1.0
1779978059.0460157,-1.2820223569869995,-0.46003758907318115,0.0,0.0,nan,0.0,0.0,0.0,0.0,0.0,0.0,1.0
1779978059.0561347,-1.2820223569869995,-0.46003758907318115,0.0,0.0,nan,0.0,0.0,0.0,0.0,0.0,0.0,1.0
1779978059.066739,-1.2820223569869995,-0.46003758907318115,0.0,0.0,nan,0.0,0.0,0.0,0.0,0.0,0.0,1.0
1779978059.077245,-1.2820223569869995,-0.46003758907318115,0.0,0.0,nan,0.0,0.0,0.0,0.0,0.0,0.0,1.0
1779978059.0877717,-1.2820223569869995,-0.46003758907318115,0.0,0.0,nan,0.0,0.0,0.0,0.0,0.0,0.0,1.0
1779978059.0984254,-1.2820223569869995,-0.46003758907318115,0.0,0.0,nan,0.0,0.0,0.0,0.0,0.0,0.0,1.0
1779978059.1085117,-1.2820223569869995,-0.46003758907318115,0.0,0.0,nan,0.0,0.0,0.0,0.0,0.0,0.0,1.0
1779978059.11887,-1.2820223569869995,-0.46003758907318115,0.0,0.0,nan,0.0,0.0,0.0,0.0,0.0,0.0,1.0
1779978059.1293478,-1.2820223569869995,-0.46003758907318115,0.0,0.0,nan,0.0,0.0,0.0,0.0,0.0,0.0,1.0
1779978059.13944,-1.2820223569869995,-0.46003758907318115,0.0,0.0,nan,0.0,0.0,0.0,0.0,0.0,0.0,1.0
1779978059.1498575,-1.2820223569869995,-0.46003758907318115,0.0,0.0,nan,0.0,0.0,0.0,0.0,0.0,0.0,1.0
1779978059.1600113,-1.2820223569869995,-0.46003758907318115,0.0,0.0,nan,0.0,0.0,0.0,0.0,0.0,0.0,1.0
1779978059.1704624,-1.2820223569869995,-0.46003758907318115,0.0,0.0,nan,0.0,0.0,0.0,0.0,0.0,0.0,1.0
1779978059.1811986,-1.2820223569869995,-0.46003758907318115,0.0,0.0,nan,0.0,0.0,0.0,0.0,0.0,0.0,1.0
1779978059.191059,-1.2820223569869995,-0.46003758907318115,0.0,0.0,nan,0.0,0.0,0.0,0.0,0.0,0.0,1.0
1779978059.2019162,-1.2820223569869995,-0.46003758907318115,0.0,0.0,nan,0.0,0.0,0.0,0.0,0.0,0.0,1.0
1779978059.2119849,-1.2820223569869995,-0.46003758907318115,0.0,0.0,nan,0.0,0.0,0.0,0.0,0.0,0.0,1.0
1779978059.2220771,-1.2820223569869995,-0.46003758907318115,0.0,0.0,nan,0.0,0.0,0.0,0.0,0.0,0.0,1.0
1779978059.232317,-1.2820223569869995,-0.46003758907318115,0.0,0.0,nan,0.0,0.0,0.0,0.0,0.0,0.0,1.0
1779978059.2428432,-1.2820223569869995,-0.46003758907318115,0.0,0.0,nan,0.0,0.0,0.0,0.0,0.0,0.0,1.0
1779978059.2532032,-1.2820223569869995,-0.46003758907318115,0.0,0.0,nan,0.0,0.0,0.0,0.0,0.0,0.0,1.0
1779978059.2632384,-1.2820223569869995,-0.46003758907318115,0.0,0.0,nan,0.0,0.0,0.0,0.0,0.0,0.0,1.0
1779978059.2735562,-1.2820223569869995,-0.46003758907318115,0.0,0.0,nan,0.0,0.0,0.0,0.0,0.0,0.0,1.0
1779978059.2836304,-1.2820223569869995,-0.46003758907318115,0.0,0.0,nan,0.0,0.0,0.0,0.0,0.0,0.0,1.0
1779978059.2938023,-1.2820223569869995,-0.46003758907318115,0.0,0.0,nan,0.0,0.0,0.0,0.0,0.0,0.0,1.0
1779978059.3041022,-1.2820223569869995,-0.46003758907318115,0.0,0.0,nan,0.0,0.0,0.0,0.0,0.0,0.0,1.0
1779978059.314446,-1.2820223569869995,-0.46003758907318115,0.0,0.0,nan,0.0,0.0,0.0,0.0,0.0,0.0,1.0
1779978059.3249688,-1.2820223569869995,-0.46003758907318115,0.0,0.0,nan,0.0,0.0,0.0,0.0,0.0,0.0,1.0
1779978059.3350642,-1.2820223569869995,-0.46003758907318115,0.0,0.0,nan,0.0,0.0,0.0,0.0,0.0,0.0,1.0
1779978059.345604,-1.2820223569869995,-0.46003758907318115,0.0,0.0,nan,0.0,0.0,0.0,0.0,0.0,0.0,1.0
1779978059.3562257,-1.2820223569869995,-0.46003758907318115,0.0,0.0,nan,0.0,0.0,0.0,0.0,0.0,0.0,1.0
1779978059.3665156,-1.2820223569869995,-0.46003758907318115,0.0,0.0,nan,0.0,0.0,0.0,0.0,0.0,0.0,1.0
1779978059.3765411,-1.2820223569869995,-0.46003758907318115,0.0,0.0,nan,0.0,0.0,0.0,0.0,0.0,0.0,1.0
1779978059.3867598,-1.2820223569869995,-0.46003758907318115,0.0,0.0,nan,0.0,0.0,0.0,0.0,0.0,0.0,1.0
1779978059.3969944,-1.2820223569869995,-0.46003758907318115,0.0,0.0,nan,0.0,0.0,0.0,0.0,0.0,0.0,1.0
1779978059.407484,-1.2820223569869995,-0.46003758907318115,0.0,0.0,nan,0.0,0.0,0.0,0.0,0.0,0.0,1.0
1779978059.4183547,-1.2820223569869995,-0.46003758907318115,0.0,0.0,nan,0.0,0.0,0.0,0.0,0.0,0.0,1.0
1779978059.4284801,-1.2820223569869995,-0.46003758907318115,0.0,0.0,nan,0.0,0.0,0.0,0.0,0.0,0.0,1.0
1779978059.4385834,-1.2820223569869995,-0.46003758907318115,0.0,0.0,nan,0.0,0.0,0.0,0.0,0.0,0.0,1.0
1779978059.448873,-1.2820223569869995,-0.46003758907318115,0.0,0.0,nan,0.0,0.0,0.0,0.0,0.0,0.0,1.0
1779978059.4589417,-1.2820223569869995,-0.46003758907318115,0.0,0.0,nan,0.0,0.0,0.0,0.0,0.0,0.0,1.0
1779978059.4690695,-1.2820223569869995,-0.46003758907318115,0.0,0.0,nan,0.0,0.0,0.0,0.0,0.0,0.0,1.0
1779978059.4795442,-1.2820223569869995,-0.46003758907318115,0.0,0.0,nan,0.0,0.0,0.0,0.0,0.0,0.0,1.0
1779978059.4894998,-1.2820223569869995,-0.46003758907318115,0.0,0.0,nan,0.0,0.0,0.0,0.0,0.0,0.0,1.0
1779978059.5000987,-1.2820223569869995,-0.46003758907318115,0.0,0.0,nan,0.0,0.0,0.0,0.0,0.0,0.0,1.0
1779978059.5104544,-1.2820223569869995,-0.46003758907318115,0.0,0.0,nan,0.0,0.0,0.0,0.0,0.0,0.0,1.0
1779978059.5207765,-1.2820223569869995,-0.46003758907318115,0.0,0.0,nan,0.0,0.0,0.0,0.0,0.0,0.0,1.0
1779978059.531477,-1.2820223569869995,-0.46003758907318115,0.0,0.0,nan,0.0,0.0,0.0,0.0,0.0,0.0,1.0
1779978059.5420103,-1.2820223569869995,-0.46003758907318115,0.0,0.0,nan,0.0,0.0,0.0,0.0,0.0,0.0,1.0
1779978059.5522308,-1.2820223569869995,-0.46003758907318115,0.0,0.0,nan,0.0,0.0,0.0,0.0,0.0,0.0,1.0
1779978059.562776,-1.2820223569869995,-0.46003758907318115,0.0,0.0,nan,0.0,0.0,0.0,0.0,0.0,0.0,1.0
1779978059.5729132,-1.2820223569869995,-0.46003758907318115,0.0,0.0,nan,0.0,0.0,0.0,0.0,0.0,0.0,1.0
1779978059.5829713,-1.2820223569869995,-0.46003758907318115,0.0,0.0,nan,0.0,0.0,0.0,0.0,0.0,0.0,1.0
1779978059.593543,-1.2820223569869995,-0.46003758907318115,0.0,0.0,nan,0.0,0.0,0.0,0.0,0.0,0.0,1.0
1779978059.6040735,-1.2820223569869995,-0.46003758907318115,0.0,0.0,nan,0.0,0.0,0.0,0.0,0.0,0.0,1.0
1779978059.6142774,-1.2820223569869995,-0.46003758907318115,0.0,0.0,nan,0.0,0.0,0.0,0.0,0.0,0.0,1.0
1779978059.6248188,-1.2820223569869995,-0.46003758907318115,0.0,0.0,nan,0.0,0.0,0.0,0.0,0.0,0.0,1.0
1779978059.6349127,-1.2820223569869995,-0.46003758907318115,0.0,0.0,nan,0.0,0.0,0.0,0.0,0.0,0.0,1.0
1779978059.6451154,-1.2820223569869995,-0.46003758907318115,0.0,0.0,nan,0.0,0.0,0.0,0.0,0.0,0.0,1.0
1779978059.6556108,-1.2820223569869995,-0.46003758907318115,0.0,0.0,nan,0.0,0.0,0.0,0.0,0.0,0.0,1.0
1779978059.6660933,-1.2820223569869995,-0.46003758907318115,0.0,0.0,nan,0.0,0.0,0.0,0.0,0.0,0.0,1.0
1779978059.6764855,-1.2820223569869995,-0.46003758907318115,0.0,0.0,nan,0.0,0.0,0.0,0.0,0.0,0.0,1.0
1779978059.6865733,-1.2820223569869995,-0.46003758907318115,0.0,0.0,nan,0.0,0.0,0.0,0.0,0.0,0.0,1.0
1779978059.6971426,-1.2820223569869995,-0.46003758907318115,0.0,0.0,nan,0.0,0.0,0.0,0.0,0.0,0.0,1.0
1779978059.7076626,-1.2820223569869995,-0.46003758907318115,0.0,0.0,nan,0.0,0.0,0.0,0.0,0.0,0.0,1.0
1779978059.7181077,-1.2820223569869995,-0.46003758907318115,0.0,0.0,nan,0.0,0.0,0.0,0.0,0.0,0.0,1.0
1779978059.7282305,-1.2820223569869995,-0.46003758907318115,0.0,0.0,nan,0.0,0.0,0.0,0.0,0.0,0.0,1.0
1779978059.738342,-1.2820223569869995,-0.46003758907318115,0.0,0.0,nan,0.0,0.0,0.0,0.0,0.0,0.0,1.0
1779978059.7483616,-1.2820223569869995,-0.46003758907318115,0.0,0.0,nan,0.0,0.0,0.0,0.0,0.0,0.0,1.0
1779978059.7589211,-1.2820223569869995,-0.46003758907318115,0.0,0.0,nan,0.0,0.0,0.0,0.0,0.0,0.0,1.0
1779978059.7691767,-1.2820223569869995,-0.46003758907318115,0.0,0.0,nan,0.0,0.0,0.0,0.0,0.0,0.0,1.0
1779978059.7794986,-1.2820223569869995,-0.46003758907318115,0.0,0.0,nan,0.0,0.0,0.0,0.0,0.0,0.0,1.0
1779978059.7896411,-1.2820223569869995,-0.46003758907318115,0.0,0.0,nan,0.0,0.0,0.0,0.0,0.0,0.0,1.0
1779978059.7997885,-1.2820223569869995,-0.46003758907318115,0.0,0.0,nan,0.0,0.0,0.0,0.0,0.0,0.0,1.0
1779978059.8100014,-1.2820223569869995,-0.46003758907318115,0.0,0.0,nan,0.0,0.0,0.0,0.0,0.0,0.0,1.0
1779978059.8203454,-1.2820223569869995,-0.46003758907318115,0.0,0.0,nan,0.0,0.0,0.0,0.0,0.0,0.0,1.0
1779978059.8307154,-1.2820223569869995,-0.46003758907318115,0.0,0.0,nan,0.0,0.0,0.0,0.0,0.0,0.0,1.0
1779978059.841221,-1.2820223569869995,-0.46003758907318115,0.0,0.0,nan,0.0,0.0,0.0,0.0,0.0,0.0,1.0
1779978059.851726,-1.2820223569869995,-0.46003758907318115,0.0,0.0,nan,0.0,0.0,0.0,0.0,0.0,0.0,1.0
1779978059.8620718,-1.2820223569869995,-0.46003758907318115,0.0,0.0,nan,0.0,0.0,0.0,0.0,0.0,0.0,1.0
1779978059.8722599,-1.2820223569869995,-0.46003758907318115,0.0,0.0,nan,0.0,0.0,0.0,0.0,0.0,0.0,1.0
1779978059.8822746,-1.2820223569869995,-0.46003758907318115,0.0,0.0,nan,0.0,0.0,0.0,0.0,0.0,0.0,1.0
1779978059.8924937,-1.2820223569869995,-0.46003758907318115,0.0,0.0,nan,0.0,0.0,0.0,0.0,0.0,0.0,1.0
1779978059.9026673,-1.2820223569869995,-0.46003758907318115,0.0,0.0,nan,0.0,0.0,0.0,0.0,0.0,0.0,1.0
1779978059.913023,-1.2820223569869995,-0.46003758907318115,0.0,0.0,nan,0.0,0.0,0.0,0.0,0.0,0.0,1.0
1779978059.9233558,-1.2820223569869995,-0.46003758907318115,0.0,0.0,nan,0.0,0.0,0.0,0.0,0.0,0.0,1.0
1779978059.9338417,-1.2820223569869995,-0.46003758907318115,0.0,0.0,nan,0.0,0.0,0.0,0.0,0.0,0.0,1.0
1779978059.9440846,-1.2820223569869995,-0.46003758907318115,0.0,0.0,nan,0.0,0.0,0.0,0.0,0.0,0.0,1.0
1779978059.9542572,-1.2820223569869995,-0.46003758907318115,0.0,0.0,nan,0.0,0.0,0.0,0.0,0.0,0.0,1.0
1779978059.9647646,-1.2820223569869995,-0.46003758907318115,0.0,0.0,nan,0.0,0.0,0.0,0.0,0.0,0.0,1.0
1779978059.974855,-1.2820223569869995,-0.46003758907318115,0.0,0.0,nan,0.0,0.0,0.0,0.0,0.0,0.0,1.0
1779978059.9849734,-1.2820223569869995,-0.46003758907318115,0.0,0.0,nan,0.0,0.0,0.0,0.0,0.0,0.0,1.0
1779978059.9955256,-1.2820223569869995,-0.46003758907318115,0.0,0.0,nan,0.0,0.0,0.0,0.0,0.0,0.0,1.0
1779978060.0060546,-1.2820223569869995,-0.46003758907318115,0.0,0.0,nan,0.0,0.0,0.0,0.0,0.0,0.0,1.0
1779978060.0162144,-1.2820223569869995,-0.46003758907318115,0.0,0.0,nan,0.0,0.0,0.0,0.0,0.0,0.0,1.0
1779978060.0267434,-1.2820223569869995,-0.46003758907318115,0.0,0.0,nan,0.0,0.0,0.0,0.0,0.0,0.0,1.0
1779978060.0372427,-1.2820223569869995,-0.46003758907318115,0.0,0.0,nan,0.0,0.0,0.0,0.0,0.0,0.0,1.0
1779978060.047679,-1.2820223569869995,-0.46003758907318115,0.0,0.0,nan,0.0,0.0,0.0,0.0,0.0,0.0,1.0
1779978060.058038,-1.2820223569869995,-0.46003758907318115,0.0,0.0,nan,0.0,0.0,0.0,0.0,0.0,0.0,1.0
1779978060.0686011,-1.2820223569869995,-0.46003758907318115,0.0,0.0,nan,0.0,0.0,0.0,0.0,0.0,0.0,1.0
1779978060.0785122,-1.2820223569869995,-0.46003758907318115,0.0,0.0,nan,0.0,0.0,0.0,0.0,0.0,0.0,1.0
1779978060.0888436,-1.2820223569869995,-0.46003758907318115,0.0,0.0,nan,0.0,0.0,0.0,0.0,0.0,0.0,1.0
1779978060.098981,-1.2820223569869995,-0.46003758907318115,0.0,0.0,nan,0.0,0.0,0.0,0.0,0.0,0.0,1.0
1779978060.1094935,-1.2820223569869995,-0.46003758907318115,0.0,0.0,nan,0.0,0.0,0.0,0.0,0.0,0.0,1.0
1779978060.1197515,-1.2820223569869995,-0.46003758907318115,0.0,0.0,nan,0.0,0.0,0.0,0.0,0.0,0.0,1.0
1779978060.130214,-1.2820223569869995,-0.46003758907318115,0.0,0.0,nan,0.0,0.0,0.0,0.0,0.0,0.0,1.0
1779978060.1406562,-1.2820223569869995,-0.46003758907318115,0.0,0.0,nan,0.0,0.0,0.0,0.0,0.0,0.0,1.0
1779978060.1509945,-1.2820223569869995,-0.46003758907318115,0.0,0.0,nan,0.0,0.0,0.0,0.0,0.0,0.0,1.0
1779978060.1610904,-1.2820223569869995,-0.46003758907318115,0.0,0.0,nan,0.0,0.0,0.0,0.0,0.0,0.0,1.0
1779978060.1717026,-1.2820223569869995,-0.46003758907318115,0.0,0.0,nan,0.0,0.0,0.0,0.0,0.0,0.0,1.0
1779978060.181759,-1.2820223569869995,-0.46003758907318115,0.0,0.0,nan,0.0,0.0,0.0,0.0,0.0,0.0,1.0
1779978060.1923156,-1.2820223569869995,-0.46003758907318115,0.0,0.0,nan,0.0,0.0,0.0,0.0,0.0,0.0,1.0
1779978060.2025218,-1.2820223569869995,-0.46003758907318115,0.0,0.0,nan,0.0,0.0,0.0,0.0,0.0,0.0,1.0
1779978060.2128482,-1.2820223569869995,-0.46003758907318115,0.0,0.0,nan,0.0,0.0,0.0,0.0,0.0,0.0,1.0
1779978060.2231944,-1.2820223569869995,-0.46003758907318115,0.0,0.0,nan,0.0,0.0,0.0,0.0,0.0,0.0,1.0
1779978060.2333755,-1.2820223569869995,-0.46003758907318115,0.0,0.0,nan,0.0,0.0,0.0,0.0,0.0,0.0,1.0
1779978060.2435327,-1.2820223569869995,-0.46003758907318115,0.0,0.0,nan,0.0,0.0,0.0,0.0,0.0,0.0,1.0
1779978060.2536657,-1.2820223569869995,-0.46003758907318115,0.0,0.0,nan,0.0,0.0,0.0,0.0,0.0,0.0,1.0
1779978060.2638867,-1.2820223569869995,-0.46003758907318115,0.0,0.0,nan,0.0,0.0,0.0,0.0,0.0,0.0,1.0
1779978060.2741265,-1.2820223569869995,-0.46003758907318115,0.0,0.0,nan,0.0,0.0,0.0,0.0,0.0,0.0,1.0
1779978060.2842395,-1.2820223569869995,-0.46003758907318115,0.0,0.0,nan,0.0,0.0,0.0,0.0,0.0,0.0,1.0
1779978060.2949936,-1.2820223569869995,-0.46003758907318115,0.0,0.0,nan,0.0,0.0,0.0,0.0,0.0,0.0,1.0
1779978060.3053029,-1.2820223569869995,-0.46003758907318115,0.0,0.0,nan,0.0,0.0,0.0,0.0,0.0,0.0,1.0
1779978060.315329,-1.2820223569869995,-0.46003758907318115,0.0,0.0,nan,0.0,0.0,0.0,0.0,0.0,0.0,1.0
1779978060.3260338,-1.2820223569869995,-0.46003758907318115,0.0,0.0,nan,0.0,0.0,0.0,0.0,0.0,0.0,1.0
1779978060.3366394,-1.2820223569869995,-0.46003758907318115,0.0,0.0,nan,0.0,0.0,0.0,0.0,0.0,0.0,1.0
1779978060.3469782,-1.2820223569869995,-0.46003758907318115,0.0,0.0,nan,0.0,0.0,0.0,0.0,0.0,0.0,1.0
1779978060.357102,-1.2820223569869995,-0.46003758907318115,0.0,0.0,nan,0.0,0.0,0.0,0.0,0.0,0.0,1.0
1779978060.367325,-1.2820223569869995,-0.46003758907318115,0.0,0.0,nan,0.0,0.0,0.0,0.0,0.0,0.0,1.0
1779978060.3775632,-1.2820223569869995,-0.46003758907318115,0.0,0.0,nan,0.0,0.0,0.0,0.0,0.0,0.0,1.0
1779978060.3884575,-1.2820223569869995,-0.46003758907318115,0.0,0.0,nan,0.0,0.0,0.0,0.0,0.0,0.0,1.0
1779978060.3983953,-1.2820223569869995,-0.46003758907318115,0.0,0.0,nan,0.0,0.0,0.0,0.0,0.0,0.0,1.0
1779978060.4091446,-1.2820223569869995,-0.46003758907318115,0.0,0.0,nan,0.0,0.0,0.0,0.0,0.0,0.0,1.0
1779978060.419478,-1.2820223569869995,-0.46003758907318115,0.0,0.0,nan,0.0,0.0,0.0,0.0,0.0,0.0,1.0
1779978060.4300559,-1.2820223569869995,-0.46003758907318115,0.0,0.0,nan,0.0,0.0,0.0,0.0,0.0,0.0,1.0
1779978060.440503,-1.2820223569869995,-0.46003758907318115,0.0,0.0,nan,0.0,0.0,0.0,0.0,0.0,0.0,1.0
1779978060.4506857,-1.2820223569869995,-0.46003758907318115,0.0,0.0,nan,0.0,0.0,0.0,0.0,0.0,0.0,1.0
1779978060.4612696,-1.2820223569869995,-0.46003758907318115,0.0,0.0,nan,0.0,0.0,0.0,0.0,0.0,0.0,1.0
1779978060.471398,-1.2820223569869995,-0.46003758907318115,0.0,0.0,nan,0.0,0.0,0.0,0.0,0.0,0.0,1.0
1779978060.4816551,-1.2820223569869995,-0.46003758907318115,0.0,0.0,nan,0.0,0.0,0.0,0.0,0.0,0.0,1.0
1779978060.4920638,-1.2820223569869995,-0.46003758907318115,0.0,0.0,nan,0.0,0.0,0.0,0.0,0.0,0.0,1.0
1779978060.5025995,-1.2820223569869995,-0.46003758907318115,0.0,0.0,nan,0.0,0.0,0.0,0.0,0.0,0.0,1.0
1779978060.5130334,-1.2820223569869995,-0.46003758907318115,0.0,0.0,nan,0.0,0.0,0.0,0.0,0.0,0.0,1.0
1779978060.5232368,-1.2820223569869995,-0.46003758907318115,0.0,0.0,nan,0.0,0.0,0.0,0.0,0.0,0.0,1.0
1779978060.5337079,-1.2820223569869995,-0.46003758907318115,0.0,0.0,nan,0.0,0.0,0.0,0.0,0.0,0.0,1.0
1779978060.5443327,-1.2820223569869995,-0.46003758907318115,0.0,0.0,nan,0.0,0.0,0.0,0.0,0.0,0.0,1.0
1779978060.5548863,-1.2820223569869995,-0.46003758907318115,0.0,0.0,nan,0.0,0.0,0.0,0.0,0.0,0.0,1.0
1779978060.5650566,-1.2820223569869995,-0.46003758907318115,0.0,0.0,nan,0.0,0.0,0.0,0.0,0.0,0.0,1.0
1779978060.5756276,-1.2820223569869995,-0.46003758907318115,0.0,0.0,nan,0.0,0.0,0.0,0.0,0.0,0.0,1.0
1779978060.5862348,-1.2820223569869995,-0.46003758907318115,0.0,0.0,nan,0.0,0.0,0.0,0.0,0.0,0.0,1.0
1779978060.5967493,-1.2820223569869995,-0.46003758907318115,0.0,0.0,nan,0.0,0.0,0.0,0.0,0.0,0.0,1.0
1779978060.6072466,-1.2820223569869995,-0.46003758907318115,0.0,0.0,nan,0.0,0.0,0.0,0.0,0.0,0.0,1.0
1779978060.6173465,-1.2820223569869995,-0.46003758907318115,0.0,0.0,nan,0.0,0.0,0.0,0.0,0.0,0.0,1.0
1779978060.6274123,-1.2820223569869995,-0.46003758907318115,0.0,0.0,nan,0.0,0.0,0.0,0.0,0.0,0.0,1.0
1779978060.6379519,-1.2820223569869995,-0.46003758907318115,0.0,0.0,nan,0.0,0.0,0.0,0.0,0.0,0.0,1.0
1779978060.6483467,-1.2820223569869995,-0.46003758907318115,0.0,0.0,nan,0.0,0.0,0.0,0.0,0.0,0.0,1.0
1779978060.658735,-1.2820223569869995,-0.46003758907318115,0.0,0.0,nan,0.0,0.0,0.0,0.0,0.0,0.0,1.0
1779978060.6688423,-1.2820223569869995,-0.46003758907318115,0.0,0.0,nan,0.0,0.0,0.0,0.0,0.0,0.0,1.0
1779978060.679344,-1.2820223569869995,-0.46003758907318115,0.0,0.0,nan,0.0,0.0,0.0,0.0,0.0,0.0,1.0
1779978060.6899672,-1.2820223569869995,-0.46003758907318115,0.0,0.0,nan,0.0,0.0,0.0,0.0,0.0,0.0,1.0
1779978060.7003107,-1.2820223569869995,-0.46003758907318115,0.0,0.0,nan,0.0,0.0,0.0,0.0,0.0,0.0,1.0
1779978060.7103317,-1.2820223569869995,-0.46003758907318115,0.0,0.0,nan,0.0,0.0,0.0,0.0,0.0,0.0,1.0
1779978060.720867,-1.2820223569869995,-0.46003758907318115,0.0,0.0,nan,0.0,0.0,0.0,0.0,0.0,0.0,1.0
1779978060.7311826,-1.2820223569869995,-0.46003758907318115,0.0,0.0,nan,0.0,0.0,0.0,0.0,0.0,0.0,1.0
1779978060.7414455,-1.2820223569869995,-0.46003758907318115,0.0,0.0,nan,0.0,0.0,0.0,0.0,0.0,0.0,1.0
1779978060.7515874,-1.2820223569869995,-0.46003758907318115,0.0,0.0,nan,0.0,0.0,0.0,0.0,0.0,0.0,1.0
1779978060.7621849,-1.2820223569869995,-0.46003758907318115,0.0,0.0,nan,0.0,0.0,0.0,0.0,0.0,0.0,1.0
1779978060.7725039,-1.2820223569869995,-0.46003758907318115,0.0,0.0,nan,0.0,0.0,0.0,0.0,0.0,0.0,1.0
1779978060.7828743,-1.2820223569869995,-0.46003758907318115,0.0,0.0,nan,0.0,0.0,0.0,0.0,0.0,0.0,1.0
1779978060.7932262,-1.2820223569869995,-0.46003758907318115,0.0,0.0,nan,0.0,0.0,0.0,0.0,0.0,0.0,1.0
1779978060.8033195,-1.2820223569869995,-0.46003758907318115,0.0,0.0,nan,0.0,0.0,0.0,0.0,0.0,0.0,1.0
1779978060.8133879,-1.2820223569869995,-0.46003758907318115,0.0,0.0,nan,0.0,0.0,0.0,0.0,0.0,0.0,1.0
1779978060.8236303,-1.2820223569869995,-0.46003758907318115,0.0,0.0,nan,0.0,0.0,0.0,0.0,0.0,0.0,1.0
1779978060.8338912,-1.2820223569869995,-0.46003758907318115,0.0,0.0,nan,0.0,0.0,0.0,0.0,0.0,0.0,1.0
1779978060.8441372,-1.2820223569869995,-0.46003758907318115,0.0,0.0,nan,0.0,0.0,0.0,0.0,0.0,0.0,1.0
1779978060.8544257,-1.2820223569869995,-0.46003758907318115,0.0,0.0,nan,0.0,0.0,0.0,0.0,0.0,0.0,1.0
1779978060.8650024,-1.2820223569869995,-0.46003758907318115,0.0,0.0,nan,0.0,0.0,0.0,0.0,0.0,0.0,1.0
1779978060.8752635,-1.2820223569869995,-0.46003758907318115,0.0,0.0,nan,0.0,0.0,0.0,0.0,0.0,0.0,1.0
1779978060.885419,-1.2820223569869995,-0.46003758907318115,0.0,0.0,nan,0.0,0.0,0.0,0.0,0.0,0.0,1.0
1779978060.896037,-1.2820223569869995,-0.46003758907318115,0.0,0.0,nan,0.0,0.0,0.0,0.0,0.0,0.0,1.0
1779978060.9069471,-1.2820223569869995,-0.46003758907318115,0.0,0.0,nan,0.0,0.0,0.0,0.0,0.0,0.0,1.0
1779978060.9168613,-1.2820223569869995,-0.46003758907318115,0.0,0.0,nan,0.0,0.0,0.0,0.0,0.0,0.0,1.0
1779978060.9269707,-1.2820223569869995,-0.46003758907318115,0.0,0.0,nan,0.0,0.0,0.0,0.0,0.0,0.0,1.0
1779978060.9374282,-1.2820223569869995,-0.46003758907318115,0.0,0.0,nan,0.0,0.0,0.0,0.0,0.0,0.0,1.0
1779978060.9477751,-1.2820223569869995,-0.46003758907318115,0.0,0.0,nan,0.0,0.0,0.0,0.0,0.0,0.0,1.0
1779978060.957887,-1.2820223569869995,-0.46003758907318115,0.0,0.0,nan,0.0,0.0,0.0,0.0,0.0,0.0,1.0
1779978060.9684255,-1.2820223569869995,-0.46003758907318115,0.0,0.0,nan,0.0,0.0,0.0,0.0,0.0,0.0,1.0
1779978060.9785426,-1.2820223569869995,-0.46003758907318115,0.0,0.0,nan,0.0,0.0,0.0,0.0,0.0,0.0,1.0
1779978060.98869,-1.2820223569869995,-0.46003758907318115,0.0,0.0,nan,0.0,0.0,0.0,0.0,0.0,0.0,1.0
1779978060.9991882,-1.2820223569869995,-0.46003758907318115,0.0,0.0,nan,0.0,0.0,0.0,0.0,0.0,0.0,1.0
1779978061.009537,-1.2820223569869995,-0.46003758907318115,0.0,0.0,nan,0.0,0.0,0.0,0.0,0.0,0.0,1.0
1779978061.0201912,-1.2820223569869995,-0.46003758907318115,0.0,0.0,nan,0.0,0.0,0.0,0.0,0.0,0.0,1.0
1779978061.0305414,-1.2820223569869995,-0.46003758907318115,0.0,0.0,nan,0.0,0.0,0.0,0.0,0.0,0.0,1.0
1779978061.0410845,-1.2820223569869995,-0.46003758907318115,0.0,0.0,nan,0.0,0.0,0.0,0.0,0.0,0.0,1.0
1779978061.0512989,-1.2820223569869995,-0.46003758907318115,0.0,0.0,nan,0.0,0.0,0.0,0.0,0.0,0.0,1.0
1779978061.061757,-1.2820223569869995,-0.46003758907318115,0.0,0.0,nan,0.0,0.0,0.0,0.0,0.0,0.0,1.0
1779978061.072217,-1.2820223569869995,-0.46003758907318115,0.0,0.0,nan,0.0,0.0,0.0,0.0,0.0,0.0,1.0
1779978061.0824919,-1.2820223569869995,-0.46003758907318115,0.0,0.0,nan,0.0,0.0,0.0,0.0,0.0,0.0,1.0
1779978061.0930574,-1.2820223569869995,-0.46003758907318115,0.0,0.0,nan,0.0,0.0,0.0,0.0,0.0,0.0,1.0
1779978061.1036956,-1.2820223569869995,-0.46003758907318115,0.0,0.0,nan,0.0,0.0,0.0,0.0,0.0,0.0,1.0
1779978061.1137981,-1.2820223569869995,-0.46003758907318115,0.0,0.0,nan,0.0,0.0,0.0,0.0,0.0,0.0,1.0
1779978061.1239293,-1.2820223569869995,-0.46003758907318115,0.0,0.0,nan,0.0,0.0,0.0,0.0,0.0,0.0,1.0
1779978061.1346285,-1.2820223569869995,-0.46003758907318115,0.0,0.0,nan,0.0,0.0,0.0,0.0,0.0,0.0,1.0
1779978061.1446815,-1.2820223569869995,-0.46003758907318115,0.0,0.0,nan,0.0,0.0,0.0,0.0,0.0,0.0,1.0
1779978061.1547947,-1.2820223569869995,-0.46003758907318115,0.0,0.0,nan,0.0,0.0,0.0,0.0,0.0,0.0,1.0
1779978061.1651018,-1.2820223569869995,-0.46003758907318115,0.0,0.0,nan,0.0,0.0,0.0,0.0,0.0,0.0,1.0
1779978061.1752205,-1.2820223569869995,-0.46003758907318115,0.0,0.0,nan,0.0,0.0,0.0,0.0,0.0,0.0,1.0
1779978061.18542,-1.2820223569869995,-0.46003758907318115,0.0,0.0,nan,0.0,0.0,0.0,0.0,0.0,0.0,1.0
1779978061.196005,-1.2820223569869995,-0.46003758907318115,0.0,0.0,nan,0.0,0.0,0.0,0.0,0.0,0.0,1.0
1779978061.2063062,-1.2820223569869995,-0.46003758907318115,0.0,0.0,nan,0.0,0.0,0.0,0.0,0.0,0.0,1.0
1779978061.2167935,-1.2820223569869995,-0.46003758907318115,0.0,0.0,nan,0.0,0.0,0.0,0.0,0.0,0.0,1.0
1779978061.227442,-1.2820223569869995,-0.46003758907318115,0.0,0.0,nan,0.0,0.0,0.0,0.0,0.0,0.0,1.0
1779978061.2375593,-1.2820223569869995,-0.46003758907318115,0.0,0.0,nan,0.0,0.0,0.0,0.0,0.0,0.0,1.0
1779978061.247583,-1.2820223569869995,-0.46003758907318115,0.0,0.0,nan,0.0,0.0,0.0,0.0,0.0,0.0,1.0
1779978061.2576761,-1.2820223569869995,-0.46003758907318115,0.0,0.0,nan,0.0,0.0,0.0,0.0,0.0,0.0,1.0
1779978061.268291,-1.2820223569869995,-0.46003758907318115,0.0,0.0,nan,0.0,0.0,0.0,0.0,0.0,0.0,1.0
1779978061.278472,-1.2820223569869995,-0.46003758907318115,0.0,0.0,nan,0.0,0.0,0.0,0.0,0.0,0.0,1.0
1779978061.2887988,-1.2820223569869995,-0.46003758907318115,0.0,0.0,nan,0.0,0.0,0.0,0.0,0.0,0.0,1.0
1779978061.2992032,-1.2820223569869995,-0.46003758907318115,0.0,0.0,nan,0.0,0.0,0.0,0.0,0.0,0.0,1.0
1779978061.3097994,-1.2820223569869995,-0.46003758907318115,0.0,0.0,nan,0.0,0.0,0.0,0.0,0.0,0.0,1.0
1779978061.3203163,-1.2820223569869995,-0.46003758907318115,0.0,0.0,nan,0.0,0.0,0.0,0.0,0.0,0.0,1.0
1779978061.3304617,-1.2820223569869995,-0.46003758907318115,0.0,0.0,nan,0.0,0.0,0.0,0.0,0.0,0.0,1.0
1779978061.340952,-1.2820223569869995,-0.46003758907318115,0.0,0.0,nan,0.0,0.0,0.0,0.0,0.0,0.0,1.0
1779978061.351022,-1.2820223569869995,-0.46003758907318115,0.0,0.0,nan,0.0,0.0,0.0,0.0,0.0,0.0,1.0
1779978061.3615792,-1.2820223569869995,-0.46003758907318115,0.0,0.0,nan,0.0,0.0,0.0,0.0,0.0,0.0,1.0
1779978061.3717532,-1.2820223569869995,-0.46003758907318115,0.0,0.0,nan,0.0,0.0,0.0,0.0,0.0,0.0,1.0
1779978061.3818862,-1.2820223569869995,-0.46003758907318115,0.0,0.0,nan,0.0,0.0,0.0,0.0,0.0,0.0,1.0
1779978061.3922334,-1.2820223569869995,-0.46003758907318115,0.0,0.0,nan,0.0,0.0,0.0,0.0,0.0,0.0,1.0
1779978061.4026403,-1.2820223569869995,-0.46003758907318115,0.0,0.0,nan,0.0,0.0,0.0,0.0,0.0,0.0,1.0
1779978061.4129655,-1.2820223569869995,-0.46003758907318115,0.0,0.0,nan,0.0,0.0,0.0,0.0,0.0,0.0,1.0
1779978061.4232495,-1.2820223569869995,-0.46003758907318115,0.0,0.0,nan,0.0,0.0,0.0,0.0,0.0,0.0,1.0
1779978061.4338014,-1.2820223569869995,-0.46003758907318115,0.0,0.0,nan,0.0,0.0,0.0,0.0,0.0,0.0,1.0
1779978061.4443576,-1.2820223569869995,-0.46003758907318115,0.0,0.0,nan,0.0,0.0,0.0,0.0,0.0,0.0,1.0
1779978061.454911,-1.2820223569869995,-0.46003758907318115,0.0,0.0,nan,0.0,0.0,0.0,0.0,0.0,0.0,1.0
1779978061.4650972,-1.2820223569869995,-0.46003758907318115,0.0,0.0,nan,0.0,0.0,0.0,0.0,0.0,0.0,1.0
1779978061.4756305,-1.2820223569869995,-0.46003758907318115,0.0,0.0,nan,0.0,0.0,0.0,0.0,0.0,0.0,1.0
1779978061.4860823,-1.2820223569869995,-0.46003758907318115,0.0,0.0,nan,0.0,0.0,0.0,0.0,0.0,0.0,1.0
1779978061.4968157,-1.2820223569869995,-0.46003758907318115,0.0,0.0,nan,0.0,0.0,0.0,0.0,0.0,0.0,1.0
1779978061.5072706,-1.2820223569869995,-0.46003758907318115,0.0,0.0,nan,0.0,0.0,0.0,0.0,0.0,0.0,1.0
1779978061.5172706,-1.2820223569869995,-0.46003758907318115,0.0,0.0,nan,0.0,0.0,0.0,0.0,0.0,0.0,1.0
1779978061.527833,-1.2820223569869995,-0.46003758907318115,0.0,0.0,nan,0.0,0.0,0.0,0.0,0.0,0.0,1.0
1779978061.5380027,-1.2820223569869995,-0.46003758907318115,0.0,0.0,nan,0.0,0.0,0.0,0.0,0.0,0.0,1.0
1779978061.548542,-1.2820223569869995,-0.46003758907318115,0.0,0.0,nan,0.0,0.0,0.0,0.0,0.0,0.0,1.0
1779978061.5586598,-1.2820223569869995,-0.46003758907318115,0.0,0.0,nan,0.0,0.0,0.0,0.0,0.0,0.0,1.0
1779978061.5689187,-1.2820223569869995,-0.46003758907318115,0.0,0.0,nan,0.0,0.0,0.0,0.0,0.0,0.0,1.0
1779978061.5795107,-1.2820223569869995,-0.46003758907318115,0.0,0.0,nan,0.0,0.0,0.0,0.0,0.0,0.0,1.0
1779978061.5899565,-1.2820223569869995,-0.46003758907318115,0.0,0.0,nan,0.0,0.0,0.0,0.0,0.0,0.0,1.0
1779978061.6001015,-1.2820223569869995,-0.46003758907318115,0.0,0.0,nan,0.0,0.0,0.0,0.0,0.0,0.0,1.0
1779978061.6105115,-1.2820223569869995,-0.46003758907318115,0.0,0.0,nan,0.0,0.0,0.0,0.0,0.0,0.0,1.0
1779978061.6207585,-1.2820223569869995,-0.46003758907318115,0.0,0.0,nan,0.0,0.0,0.0,0.0,0.0,0.0,1.0
1779978061.6310372,-1.2820223569869995,-0.46003758907318115,0.0,0.0,nan,0.0,0.0,0.0,0.0,0.0,0.0,1.0
1779978061.6413734,-1.2820223569869995,-0.46003758907318115,0.0,0.0,nan,0.0,0.0,0.0,0.0,0.0,0.0,1.0
1779978061.6515539,-1.2820223569869995,-0.46003758907318115,0.0,0.0,nan,0.0,0.0,0.0,0.0,0.0,0.0,1.0
1779978061.6621828,-1.2820223569869995,-0.46003758907318115,0.0,0.0,nan,0.0,0.0,0.0,0.0,0.0,0.0,1.0
1779978061.6723697,-1.2820223569869995,-0.46003758907318115,0.0,0.0,nan,0.0,0.0,0.0,0.0,0.0,0.0,1.0
1779978061.6830213,-1.2820223569869995,-0.46003758907318115,0.0,0.0,nan,0.0,0.0,0.0,0.0,0.0,0.0,1.0
1779978061.6933212,-1.2820223569869995,-0.46003758907318115,0.0,0.0,nan,0.0,0.0,0.0,0.0,0.0,0.0,1.0
1779978061.7034676,-1.2820223569869995,-0.46003758907318115,0.0,0.0,nan,0.0,0.0,0.0,0.0,0.0,0.0,1.0
1779978061.713612,-1.2820223569869995,-0.46003758907318115,0.0,0.0,nan,0.0,0.0,0.0,0.0,0.0,0.0,1.0
1779978061.723967,-1.2820223569869995,-0.46003758907318115,0.0,0.0,nan,0.0,0.0,0.0,0.0,0.0,0.0,1.0
1779978061.7343028,-1.2820223569869995,-0.46003758907318115,0.0,0.0,nan,0.0,0.0,0.0,0.0,0.0,0.0,1.0
1779978061.7446897,-1.2820223569869995,-0.46003758907318115,0.0,0.0,nan,0.0,0.0,0.0,0.0,0.0,0.0,1.0
1779978061.7547162,-1.2820223569869995,-0.46003758907318115,0.0,0.0,nan,0.0,0.0,0.0,0.0,0.0,0.0,1.0
1779978061.7649028,-1.2820223569869995,-0.46003758907318115,0.0,0.0,nan,0.0,0.0,0.0,0.0,0.0,0.0,1.0
1779978061.7753491,-1.2820223569869995,-0.46003758907318115,0.0,0.0,nan,0.0,0.0,0.0,0.0,0.0,0.0,1.0
1779978061.786186,-1.2820223569869995,-0.46003758907318115,0.0,0.0,nan,0.0,0.0,0.0,0.0,0.0,0.0,1.0
1779978061.7966013,-1.2820223569869995,-0.46003758907318115,0.0,0.0,nan,0.0,0.0,0.0,0.0,0.0,0.0,1.0
1779978061.8067274,-1.2820223569869995,-0.46003758907318115,0.0,0.0,nan,0.0,0.0,0.0,0.0,0.0,0.0,1.0
1779978061.816992,-1.2820223569869995,-0.46003758907318115,0.0,0.0,nan,0.0,0.0,0.0,0.0,0.0,0.0,1.0
1779978061.827071,-1.2820223569869995,-0.46003758907318115,0.0,0.0,nan,0.0,0.0,0.0,0.0,0.0,0.0,1.0
1779978061.8377342,-1.2820223569869995,-0.46003758907318115,0.0,0.0,nan,0.0,0.0,0.0,0.0,0.0,0.0,1.0
1779978061.8478014,-1.2820223569869995,-0.46003758907318115,0.0,0.0,nan,0.0,0.0,0.0,0.0,0.0,0.0,1.0
1779978061.8580322,-1.2820223569869995,-0.46003758907318115,0.0,0.0,nan,0.0,0.0,0.0,0.0,0.0,0.0,1.0
1779978061.8682466,-1.2820223569869995,-0.46003758907318115,0.0,0.0,nan,0.0,0.0,0.0,0.0,0.0,0.0,1.0
1779978061.8784647,-1.2820223569869995,-0.46003758907318115,0.0,0.0,nan,0.0,0.0,0.0,0.0,0.0,0.0,1.0
1779978061.8884723,-1.2820223569869995,-0.46003758907318115,0.0,0.0,nan,0.0,0.0,0.0,0.0,0.0,0.0,1.0
1779978061.8990364,-1.2820223569869995,-0.46003758907318115,0.0,0.0,nan,0.0,0.0,0.0,0.0,0.0,0.0,1.0
1779978061.90954,-1.2820223569869995,-0.46003758907318115,0.0,0.0,nan,0.0,0.0,0.0,0.0,0.0,0.0,1.0
1779978061.9199295,-1.2820223569869995,-0.46003758907318115,0.0,0.0,nan,0.0,0.0,0.0,0.0,0.0,0.0,1.0
1779978061.930056,-1.2820223569869995,-0.46003758907318115,0.0,0.0,nan,0.0,0.0,0.0,0.0,0.0,0.0,1.0
1779978061.9404185,-1.2820223569869995,-0.46003758907318115,0.0,0.0,nan,0.0,0.0,0.0,0.0,0.0,0.0,1.0
1779978061.9506004,-1.2820223569869995,-0.46003758907318115,0.0,0.0,nan,0.0,0.0,0.0,0.0,0.0,0.0,1.0
1779978061.9610066,-1.2820223569869995,-0.46003758907318115,0.0,0.0,nan,0.0,0.0,0.0,0.0,0.0,0.0,1.0
1779978061.9715612,-1.2820223569869995,-0.46003758907318115,0.0,0.0,nan,0.0,0.0,0.0,0.0,0.0,0.0,1.0
1779978061.9816992,-1.2820223569869995,-0.46003758907318115,0.0,0.0,nan,0.0,0.0,0.0,0.0,0.0,0.0,1.0
1779978061.9922066,-1.2820223569869995,-0.46003758907318115,0.0,0.0,nan,0.0,0.0,0.0,0.0,0.0,0.0,1.0
1779978062.0025787,-1.2820223569869995,-0.46003758907318115,0.0,0.0,nan,0.0,0.0,0.0,0.0,0.0,0.0,1.0
1779978062.013012,-1.2820223569869995,-0.46003758907318115,0.0,0.0,nan,0.0,0.0,0.0,0.0,0.0,0.0,1.0
1779978062.0231533,-1.2820223569869995,-0.46003758907318115,0.0,0.0,nan,0.0,0.0,0.0,0.0,0.0,0.0,1.0
1779978062.0333428,-1.2820223569869995,-0.46003758907318115,0.0,0.0,nan,0.0,0.0,0.0,0.0,0.0,0.0,1.0
1779978062.0434027,-1.2820223569869995,-0.46003758907318115,0.0,0.0,nan,0.0,0.0,0.0,0.0,0.0,0.0,1.0
1779978062.0540476,-1.2820223569869995,-0.46003758907318115,0.0,0.0,nan,0.0,0.0,0.0,0.0,0.0,0.0,1.0
1779978062.064576,-1.2820223569869995,-0.46003758907318115,0.0,0.0,nan,0.0,0.0,0.0,0.0,0.0,0.0,1.0
1779978062.0751233,-1.2820223569869995,-0.46003758907318115,0.0,0.0,nan,0.0,0.0,0.0,0.0,0.0,0.0,1.0
1779978062.085518,-1.2820223569869995,-0.46003758907318115,0.0,0.0,nan,0.0,0.0,0.0,0.0,0.0,0.0,1.0
1779978062.0955667,-1.2820223569869995,-0.46003758907318115,0.0,0.0,nan,0.0,0.0,0.0,0.0,0.0,0.0,1.0
1779978062.1056385,-1.2820223569869995,-0.46003758907318115,0.0,0.0,nan,0.0,0.0,0.0,0.0,0.0,0.0,1.0
1779978062.1161516,-1.2820223569869995,-0.46003758907318115,0.0,0.0,nan,0.0,0.0,0.0,0.0,0.0,0.0,1.0
1779978062.1266756,-1.2820223569869995,-0.46003758907318115,0.0,0.0,nan,0.0,0.0,0.0,0.0,0.0,0.0,1.0
1779978062.1365051,-1.2820223569869995,-0.46003758907318115,0.0,0.0,nan,0.0,0.0,0.0,0.0,0.0,0.0,1.0
1779978062.1465394,-1.2820223569869995,-0.46003758907318115,0.0,0.0,nan,0.0,0.0,0.0,0.0,0.0,0.0,1.0
1779978062.157597,-1.2820223569869995,-0.46003758907318115,0.0,0.0,nan,0.0,0.0,0.0,0.0,0.0,0.0,1.0
1779978062.1671834,-1.2820223569869995,-0.46003758907318115,0.0,0.0,nan,0.0,0.0,0.0,0.0,0.0,0.0,1.0
1779978062.1773293,-1.2820223569869995,-0.46003758907318115,0.0,0.0,nan,0.0,0.0,0.0,0.0,0.0,0.0,1.0
1779978062.187958,-1.2820223569869995,-0.46003758907318115,0.0,0.0,nan,0.0,0.0,0.0,0.0,0.0,0.0,1.0
1779978062.1982322,-1.2820223569869995,-0.46003758907318115,0.0,0.0,nan,0.0,0.0,0.0,0.0,0.0,0.0,1.0
1779978062.208628,-1.2820223569869995,-0.46003758907318115,0.0,0.0,nan,0.0,0.0,0.0,0.0,0.0,0.0,1.0
1779978062.2191284,-1.2820223569869995,-0.46003758907318115,0.0,0.0,nan,0.0,0.0,0.0,0.0,0.0,0.0,1.0
1779978062.2296596,-1.2820223569869995,-0.46003758907318115,0.0,0.0,nan,0.0,0.0,0.0,0.0,0.0,0.0,1.0
1779978062.240011,-1.2820223569869995,-0.46003758907318115,0.0,0.0,nan,0.0,0.0,0.0,0.0,0.0,0.0,1.0
1779978062.2503536,-1.2820223569869995,-0.46003758907318115,0.0,0.0,nan,0.0,0.0,0.0,0.0,0.0,0.0,1.0
1779978062.260445,-1.2820223569869995,-0.46003758907318115,0.0,0.0,nan,0.0,0.0,0.0,0.0,0.0,0.0,1.0
1779978062.27057,-1.2820223569869995,-0.46003758907318115,0.0,0.0,nan,0.0,0.0,0.0,0.0,0.0,0.0,1.0
1779978062.2806604,-1.2820223569869995,-0.46003758907318115,0.0,0.0,nan,0.0,0.0,0.0,0.0,0.0,0.0,1.0
1779978062.2906227,-1.2820223569869995,-0.46003758907318115,0.0,0.0,nan,0.0,0.0,0.0,0.0,0.0,0.0,1.0
1779978062.3010795,-1.2820223569869995,-0.46003758907318115,0.0,0.0,nan,0.0,0.0,0.0,0.0,0.0,0.0,1.0
1779978062.311535,-1.2820223569869995,-0.46003758907318115,0.0,0.0,nan,0.0,0.0,0.0,0.0,0.0,0.0,1.0
1779978062.3217454,-1.2820223569869995,-0.46003758907318115,0.0,0.0,nan,0.0,0.0,0.0,0.0,0.0,0.0,1.0
1779978062.3317373,-1.2820223569869995,-0.46003758907318115,0.0,0.0,nan,0.0,0.0,0.0,0.0,0.0,0.0,1.0
1779978062.3418217,-1.2820223569869995,-0.46003758907318115,0.0,0.0,nan,0.0,0.0,0.0,0.0,0.0,0.0,1.0
1779978062.3519337,-1.2820223569869995,-0.46003758907318115,0.0,0.0,nan,0.0,0.0,0.0,0.0,0.0,0.0,1.0
1779978062.3624,-1.2820223569869995,-0.46003758907318115,0.0,0.0,nan,0.0,0.0,0.0,0.0,0.0,0.0,1.0
1779978062.372444,-1.2820223569869995,-0.46003758907318115,0.0,0.0,nan,0.0,0.0,0.0,0.0,0.0,0.0,1.0
1779978062.3829644,-1.2820223569869995,-0.46003758907318115,0.0,0.0,nan,0.0,0.0,0.0,0.0,0.0,0.0,1.0
1779978062.3933601,-1.2820223569869995,-0.46003758907318115,0.0,0.0,nan,0.0,0.0,0.0,0.0,0.0,0.0,1.0
1779978062.4039476,-1.2820223569869995,-0.46003758907318115,0.0,0.0,nan,0.0,0.0,0.0,0.0,0.0,0.0,1.0
1779978062.414411,-1.2820223569869995,-0.46003758907318115,0.0,0.0,nan,0.0,0.0,0.0,0.0,0.0,0.0,1.0
1779978062.4249363,-1.2820223569869995,-0.46003758907318115,0.0,0.0,nan,0.0,0.0,0.0,0.0,0.0,0.0,1.0
1779978062.4352973,-1.2820223569869995,-0.46003758907318115,0.0,0.0,nan,0.0,0.0,0.0,0.0,0.0,0.0,1.0
1779978062.4455333,-1.2820223569869995,-0.46003758907318115,0.0,0.0,nan,0.0,0.0,0.0,0.0,0.0,0.0,1.0
1779978062.456146,-1.2820223569869995,-0.46003758907318115,0.0,0.0,nan,0.0,0.0,0.0,0.0,0.0,0.0,1.0
1779978062.467098,-1.2820223569869995,-0.46003758907318115,0.0,0.0,nan,0.0,0.0,0.0,0.0,0.0,0.0,1.0
1779978062.4775608,-1.2820223569869995,-0.46003758907318115,0.0,0.0,nan,0.0,0.0,0.0,0.0,0.0,0.0,1.0
1779978062.487955,-1.2820223569869995,-0.46003758907318115,0.0,0.0,nan,0.0,0.0,0.0,0.0,0.0,0.0,1.0
1779978062.4980795,-1.2820223569869995,-0.46003758907318115,0.0,0.0,nan,0.0,0.0,0.0,0.0,0.0,0.0,1.0
1779978062.508303,-1.2820223569869995,-0.46003758907318115,0.0,0.0,nan,0.0,0.0,0.0,0.0,0.0,0.0,1.0
1779978062.5188458,-1.2820223569869995,-0.46003758907318115,0.0,0.0,nan,0.0,0.0,0.0,0.0,0.0,0.0,1.0
1779978062.5293958,-1.2820223569869995,-0.46003758907318115,0.0,0.0,nan,0.0,0.0,0.0,0.0,0.0,0.0,1.0
1779978062.5395453,-1.2820223569869995,-0.46003758907318115,0.0,0.0,nan,0.0,0.0,0.0,0.0,0.0,0.0,1.0
1779978062.5505087,-1.2820223569869995,-0.46003758907318115,0.0,0.0,nan,0.0,0.0,0.0,0.0,0.0,0.0,1.0
1779978062.5604146,-1.2820223569869995,-0.46003758907318115,0.0,0.0,nan,0.0,0.0,0.0,0.0,0.0,0.0,1.0
1779978062.5706844,-1.2820223569869995,-0.46003758907318115,0.0,0.0,nan,0.0,0.0,0.0,0.0,0.0,0.0,1.0
1779978062.5810187,-1.2820223569869995,-0.46003758907318115,0.0,0.0,nan,0.0,0.0,0.0,0.0,0.0,0.0,1.0
1779978062.5910563,-1.2820223569869995,-0.46003758907318115,0.0,0.0,nan,0.0,0.0,0.0,0.0,0.0,0.0,1.0
1779978062.6011283,-1.2820223569869995,-0.46003758907318115,0.0,0.0,nan,0.0,0.0,0.0,0.0,0.0,0.0,1.0
1779978062.6111667,-1.2820223569869995,-0.46003758907318115,0.0,0.0,nan,0.0,0.0,0.0,0.0,0.0,0.0,1.0
1779978062.621274,-1.2820223569869995,-0.46003758907318115,0.0,0.0,nan,0.0,0.0,0.0,0.0,0.0,0.0,1.0
1779978062.631995,-1.2820223569869995,-0.46003758907318115,0.0,0.0,nan,0.0,0.0,0.0,0.0,0.0,0.0,1.0
1779978062.6421907,-1.2820223569869995,-0.46003758907318115,0.0,0.0,nan,0.0,0.0,0.0,0.0,0.0,0.0,1.0
1779978062.652584,-1.2820223569869995,-0.46003758907318115,0.0,0.0,nan,0.0,0.0,0.0,0.0,0.0,0.0,1.0
1779978062.6627467,-1.2820223569869995,-0.46003758907318115,0.0,0.0,nan,0.0,0.0,0.0,0.0,0.0,0.0,1.0
1779978062.67294,-1.2820223569869995,-0.46003758907318115,0.0,0.0,nan,0.0,0.0,0.0,0.0,0.0,0.0,1.0
1779978062.683378,-1.2820223569869995,-0.46003758907318115,0.0,0.0,nan,0.0,0.0,0.0,0.0,0.0,0.0,1.0
1779978062.6939561,-1.2820223569869995,-0.46003758907318115,0.0,0.0,nan,0.0,0.0,0.0,0.0,0.0,0.0,1.0
1779978062.7040792,-1.2820223569869995,-0.46003758907318115,0.0,0.0,nan,0.0,0.0,0.0,0.0,0.0,0.0,1.0
1779978062.7143786,-1.2820223569869995,-0.46003758907318115,0.0,0.0,nan,0.0,0.0,0.0,0.0,0.0,0.0,1.0
1779978062.7245228,-1.2820223569869995,-0.46003758907318115,0.0,0.0,nan,0.0,0.0,0.0,0.0,0.0,0.0,1.0
1779978062.734707,-1.2820223569869995,-0.46003758907318115,0.0,0.0,nan,0.0,0.0,0.0,0.0,0.0,0.0,1.0
1779978062.7447693,-1.2820223569869995,-0.46003758907318115,0.0,0.0,nan,0.0,0.0,0.0,0.0,0.0,0.0,1.0
1779978062.7551706,-1.2820223569869995,-0.46003758907318115,0.0,0.0,nan,0.0,0.0,0.0,0.0,0.0,0.0,1.0
1779978062.7656944,-1.2820223569869995,-0.46003758907318115,0.0,0.0,nan,0.0,0.0,0.0,0.0,0.0,0.0,1.0
1779978062.7758148,-1.2820223569869995,-0.46003758907318115,0.0,0.0,nan,0.0,0.0,0.0,0.0,0.0,0.0,1.0
1779978062.7864459,-1.2820223569869995,-0.46003758907318115,0.0,0.0,nan,0.0,0.0,0.0,0.0,0.0,0.0,1.0
1779978062.7967496,-1.2820223569869995,-0.46003758907318115,0.0,0.0,nan,0.0,0.0,0.0,0.0,0.0,0.0,1.0
1779978062.8068857,-1.2820223569869995,-0.46003758907318115,0.0,0.0,nan,0.0,0.0,0.0,0.0,0.0,0.0,1.0
1779978062.8172815,-1.2820223569869995,-0.46003758907318115,0.0,0.0,nan,0.0,0.0,0.0,0.0,0.0,0.0,1.0
1779978062.8277261,-1.2820223569869995,-0.46003758907318115,0.0,0.0,nan,0.0,0.0,0.0,0.0,0.0,0.0,1.0
1779978062.8380318,-1.2820223569869995,-0.46003758907318115,0.0,0.0,nan,0.0,0.0,0.0,0.0,0.0,0.0,1.0
1779978062.848431,-1.2820223569869995,-0.46003758907318115,0.0,0.0,nan,0.0,0.0,0.0,0.0,0.0,0.0,1.0
1779978062.8586257,-1.2820223569869995,-0.46003758907318115,0.0,0.0,nan,0.0,0.0,0.0,0.0,0.0,0.0,1.0
1779978062.8690095,-1.2820223569869995,-0.46003758907318115,0.0,0.0,nan,0.0,0.0,0.0,0.0,0.0,0.0,1.0
1779978062.8797562,-1.2820223569869995,-0.46003758907318115,0.0,0.0,nan,0.0,0.0,0.0,0.0,0.0,0.0,1.0
1779978062.8901114,-1.2820223569869995,-0.46003758907318115,0.0,0.0,nan,0.0,0.0,0.0,0.0,0.0,0.0,1.0
1779978062.900301,-1.2820223569869995,-0.46003758907318115,0.0,0.0,nan,0.0,0.0,0.0,0.0,0.0,0.0,1.0
1779978062.9108906,-1.2820223569869995,-0.46003758907318115,0.0,0.0,nan,0.0,0.0,0.0,0.0,0.0,0.0,1.0
1779978062.920974,-1.2820223569869995,-0.46003758907318115,0.0,0.0,nan,0.0,0.0,0.0,0.0,0.0,0.0,1.0
1779978062.9314494,-1.2820223569869995,-0.46003758907318115,0.0,0.0,nan,0.0,0.0,0.0,0.0,0.0,0.0,1.0
1779978062.9415884,-1.2820223569869995,-0.46003758907318115,0.0,0.0,nan,0.0,0.0,0.0,0.0,0.0,0.0,1.0
1779978062.9519982,-1.2820223569869995,-0.46003758907318115,0.0,0.0,nan,0.0,0.0,0.0,0.0,0.0,0.0,1.0
1779978062.9621725,-1.2820223569869995,-0.46003758907318115,0.0,0.0,nan,0.0,0.0,0.0,0.0,0.0,0.0,1.0
1779978062.972513,-1.2820223569869995,-0.46003758907318115,0.0,0.0,nan,0.0,0.0,0.0,0.0,0.0,0.0,1.0
1779978062.9831219,-1.2820223569869995,-0.46003758907318115,0.0,0.0,nan,0.0,0.0,0.0,0.0,0.0,0.0,1.0
1779978062.9932427,-1.2820223569869995,-0.46003758907318115,0.0,0.0,nan,0.0,0.0,0.0,0.0,0.0,0.0,1.0
1779978063.003474,-1.2820223569869995,-0.46003758907318115,0.0,0.0,nan,0.0,0.0,0.0,0.0,0.0,0.0,1.0
1779978063.0136938,-1.2820223569869995,-0.46003758907318115,0.0,0.0,nan,0.0,0.0,0.0,0.0,0.0,0.0,1.0
1779978063.0242794,-1.2820223569869995,-0.46003758907318115,0.0,0.0,nan,0.0,0.0,0.0,0.0,0.0,0.0,1.0
1779978063.0343392,-1.2820223569869995,-0.46003758907318115,0.0,0.0,nan,0.0,0.0,0.0,0.0,0.0,0.0,1.0
1779978063.044481,-1.2820223569869995,-0.46003758907318115,0.0,0.0,nan,0.0,0.0,0.0,0.0,0.0,0.0,1.0
1779978063.054556,-1.2820223569869995,-0.46003758907318115,0.0,0.0,nan,0.0,0.0,0.0,0.0,0.0,0.0,1.0
1779978063.0647476,-1.2820223569869995,-0.46003758907318115,0.0,0.0,nan,0.0,0.0,0.0,0.0,0.0,0.0,1.0
1779978063.0749214,-1.2820223569869995,-0.46003758907318115,0.0,0.0,nan,0.0,0.0,0.0,0.0,0.0,0.0,1.0
1779978063.0854998,-1.2820223569869995,-0.46003758907318115,0.0,0.0,nan,0.0,0.0,0.0,0.0,0.0,0.0,1.0
1779978063.0961761,-1.2820223569869995,-0.46003758907318115,0.0,0.0,nan,0.0,0.0,0.0,0.0,0.0,0.0,1.0
1779978063.1069963,-1.2820223569869995,-0.46003758907318115,0.0,0.0,nan,0.0,0.0,0.0,0.0,0.0,0.0,1.0
1779978063.1170282,-1.2820223569869995,-0.46003758907318115,0.0,0.0,nan,0.0,0.0,0.0,0.0,0.0,0.0,1.0
1779978063.1271205,-1.2820223569869995,-0.46003758907318115,0.0,0.0,nan,0.0,0.0,0.0,0.0,0.0,0.0,1.0
1779978063.1374946,-1.2820223569869995,-0.46003758907318115,0.0,0.0,nan,0.0,0.0,0.0,0.0,0.0,0.0,1.0
1779978063.1475794,-1.2820223569869995,-0.46003758907318115,0.0,0.0,nan,0.0,0.0,0.0,0.0,0.0,0.0,1.0
1779978063.1580753,-1.2820223569869995,-0.46003758907318115,0.0,0.0,nan,0.0,0.0,0.0,0.0,0.0,0.0,1.0
1779978063.168442,-1.2820223569869995,-0.46003758907318115,0.0,0.0,nan,0.0,0.0,0.0,0.0,0.0,0.0,1.0
1779978063.178818,-1.2820223569869995,-0.46003758907318115,0.0,0.0,nan,0.0,0.0,0.0,0.0,0.0,0.0,1.0
1779978063.1889634,-1.2820223569869995,-0.46003758907318115,0.0,0.0,nan,0.0,0.0,0.0,0.0,0.0,0.0,1.0
1779978063.199453,-1.2820223569869995,-0.46003758907318115,0.0,0.0,nan,0.0,0.0,0.0,0.0,0.0,0.0,1.0
1779978063.209742,-1.2820223569869995,-0.46003758907318115,0.0,0.0,nan,0.0,0.0,0.0,0.0,0.0,0.0,1.0
1779978063.2199056,-1.2820223569869995,-0.46003758907318115,0.0,0.0,nan,0.0,0.0,0.0,0.0,0.0,0.0,1.0
1779978063.2300794,-1.2820223569869995,-0.46003758907318115,0.0,0.0,nan,0.0,0.0,0.0,0.0,0.0,0.0,1.0
1779978063.2402847,-1.2820223569869995,-0.46003758907318115,0.0,0.0,nan,0.0,0.0,0.0,0.0,0.0,0.0,1.0
1779978063.2509353,-1.2820223569869995,-0.46003758907318115,0.0,0.0,nan,0.0,0.0,0.0,0.0,0.0,0.0,1.0
1779978063.26089,-1.2820223569869995,-0.46003758907318115,0.0,0.0,nan,0.0,0.0,0.0,0.0,0.0,0.0,1.0
1779978063.2711353,-1.2820223569869995,-0.46003758907318115,0.0,0.0,nan,0.0,0.0,0.0,0.0,0.0,0.0,1.0
1779978063.2815614,-1.2820223569869995,-0.46003758907318115,0.0,0.0,nan,0.0,0.0,0.0,0.0,0.0,0.0,1.0
1779978063.291995,-1.2820223569869995,-0.46003758907318115,0.0,0.0,nan,0.0,0.0,0.0,0.0,0.0,0.0,1.0
1779978063.3022494,-1.2820223569869995,-0.46003758907318115,0.0,0.0,nan,0.0,0.0,0.0,0.0,0.0,0.0,1.0
1779978063.3124285,-1.2820223569869995,-0.46003758907318115,0.0,0.0,nan,0.0,0.0,0.0,0.0,0.0,0.0,1.0
1779978063.3225687,-1.2820223569869995,-0.46003758907318115,0.0,0.0,nan,0.0,0.0,0.0,0.0,0.0,0.0,1.0
1779978063.3327649,-1.2820223569869995,-0.46003758907318115,0.0,0.0,nan,0.0,0.0,0.0,0.0,0.0,0.0,1.0
1779978063.3430095,-1.2820223569869995,-0.46003758907318115,0.0,0.0,nan,0.0,0.0,0.0,0.0,0.0,0.0,1.0
1779978063.353265,-1.2820223569869995,-0.46003758907318115,0.0,0.0,nan,0.0,0.0,0.0,0.0,0.0,0.0,1.0
1779978063.3636367,-1.2820223569869995,-0.46003758907318115,0.0,0.0,nan,0.0,0.0,0.0,0.0,0.0,0.0,1.0
1779978063.3738651,-1.2820223569869995,-0.46003758907318115,0.0,0.0,nan,0.0,0.0,0.0,0.0,0.0,0.0,1.0
1779978063.3840814,-1.2820223569869995,-0.46003758907318115,0.0,0.0,nan,0.0,0.0,0.0,0.0,0.0,0.0,1.0
1779978063.3943307,-1.2820223569869995,-0.46003758907318115,0.0,0.0,nan,0.0,0.0,0.0,0.0,0.0,0.0,1.0
1779978063.4043748,-1.2820223569869995,-0.46003758907318115,0.0,0.0,nan,0.0,0.0,0.0,0.0,0.0,0.0,1.0
1779978063.4144902,-1.2820223569869995,-0.46003758907318115,0.0,0.0,nan,0.0,0.0,0.0,0.0,0.0,0.0,1.0
1779978063.4254127,-1.2820223569869995,-0.46003758907318115,0.0,0.0,nan,0.0,0.0,0.0,0.0,0.0,0.0,1.0
1779978063.4360874,-1.2820223569869995,-0.46003758907318115,0.0,0.0,nan,0.0,0.0,0.0,0.0,0.0,0.0,1.0
1779978063.4460738,-1.2820223569869995,-0.46003758907318115,0.0,0.0,nan,0.0,0.0,0.0,0.0,0.0,0.0,1.0
1779978063.4567378,-1.2820223569869995,-0.46003758907318115,0.0,0.0,nan,0.0,0.0,0.0,0.0,0.0,0.0,1.0
1779978063.466896,-1.2820223569869995,-0.46003758907318115,0.0,0.0,nan,0.0,0.0,0.0,0.0,0.0,0.0,1.0
1779978063.4771254,-1.2820223569869995,-0.46003758907318115,0.0,0.0,nan,0.0,0.0,0.0,0.0,0.0,0.0,1.0
1779978063.487665,-1.2820223569869995,-0.46003758907318115,0.0,0.0,nan,0.0,0.0,0.0,0.0,0.0,0.0,1.0
1779978063.498196,-1.2820223569869995,-0.46003758907318115,0.0,0.0,nan,0.0,0.0,0.0,0.0,0.0,0.0,1.0
1779978063.508487,-1.2820223569869995,-0.46003758907318115,0.0,0.0,nan,0.0,0.0,0.0,0.0,0.0,0.0,1.0
1779978063.518559,-1.2820223569869995,-0.46003758907318115,0.0,0.0,nan,0.0,0.0,0.0,0.0,0.0,0.0,1.0
1779978063.5291796,-1.2820223569869995,-0.46003758907318115,0.0,0.0,nan,0.0,0.0,0.0,0.0,0.0,0.0,1.0
1779978063.5399058,-1.2820223569869995,-0.46003758907318115,0.0,0.0,nan,0.0,0.0,0.0,0.0,0.0,0.0,1.0
1779978063.5504577,-1.2820223569869995,-0.46003758907318115,0.0,0.0,nan,0.0,0.0,0.0,0.0,0.0,0.0,1.0
1779978063.560588,-1.2820223569869995,-0.46003758907318115,0.0,0.0,nan,0.0,0.0,0.0,0.0,0.0,0.0,1.0
1779978063.5713508,-1.2820223569869995,-0.46003758907318115,0.0,0.0,nan,0.0,0.0,0.0,0.0,0.0,0.0,1.0
1779978063.5818741,-1.2820223569869995,-0.46003758907318115,0.0,0.0,nan,0.0,0.0,0.0,0.0,0.0,0.0,1.0
1779978063.5925908,-1.2820223569869995,-0.46003758907318115,0.0,0.0,nan,0.0,0.0,0.0,0.0,0.0,0.0,1.0
1779978063.6029975,-1.2820223569869995,-0.46003758907318115,0.0,0.0,nan,0.0,0.0,0.0,0.0,0.0,0.0,1.0
1779978063.613351,-1.2820223569869995,-0.46003758907318115,0.0,0.0,nan,0.0,0.0,0.0,0.0,0.0,0.0,1.0
1779978063.6232655,-1.2820223569869995,-0.46003758907318115,0.0,0.0,nan,0.0,0.0,0.0,0.0,0.0,0.0,1.0
1779978063.633705,-1.2820223569869995,-0.46003758907318115,0.0,0.0,nan,0.0,0.0,0.0,0.0,0.0,0.0,1.0
1779978063.6442335,-1.2820223569869995,-0.46003758907318115,0.0,0.0,nan,0.0,0.0,0.0,0.0,0.0,0.0,1.0
1779978063.6544216,-1.2820223569869995,-0.46003758907318115,0.0,0.0,nan,0.0,0.0,0.0,0.0,0.0,0.0,1.0
1779978063.664558,-1.2820223569869995,-0.46003758907318115,0.0,0.0,nan,0.0,0.0,0.0,0.0,0.0,0.0,1.0
1779978063.6751153,-1.2820223569869995,-0.46003758907318115,0.0,0.0,nan,0.0,0.0,0.0,0.0,0.0,0.0,1.0
1779978063.6857617,-1.2820223569869995,-0.46003758907318115,0.0,0.0,nan,0.0,0.0,0.0,0.0,0.0,0.0,1.0
1779978063.6962283,-1.2820223569869995,-0.46003758907318115,0.0,0.0,nan,0.0,0.0,0.0,0.0,0.0,0.0,1.0
1779978063.7063847,-1.2820223569869995,-0.46003758907318115,0.0,0.0,nan,0.0,0.0,0.0,0.0,0.0,0.0,1.0
1779978063.7169375,-1.2820223569869995,-0.46003758907318115,0.0,0.0,nan,0.0,0.0,0.0,0.0,0.0,0.0,1.0
1779978063.7271981,-1.2820223569869995,-0.46003758907318115,0.0,0.0,nan,0.0,0.0,0.0,0.0,0.0,0.0,1.0
1779978063.7375057,-1.2820223569869995,-0.46003758907318115,0.0,0.0,nan,0.0,0.0,0.0,0.0,0.0,0.0,1.0
1779978063.747832,-1.2820223569869995,-0.46003758907318115,0.0,0.0,nan,0.0,0.0,0.0,0.0,0.0,0.0,1.0
1779978063.7583454,-1.2820223569869995,-0.46003758907318115,0.0,0.0,nan,0.0,0.0,0.0,0.0,0.0,0.0,1.0
1779978063.768636,-1.2820223569869995,-0.46003758907318115,0.0,0.0,nan,0.0,0.0,0.0,0.0,0.0,0.0,1.0
1779978063.7787054,-1.2820223569869995,-0.46003758907318115,0.0,0.0,nan,0.0,0.0,0.0,0.0,0.0,0.0,1.0
1779978063.7893293,-1.2820223569869995,-0.46003758907318115,0.0,0.0,nan,0.0,0.0,0.0,0.0,0.0,0.0,1.0
1779978063.7994666,-1.2820223569869995,-0.46003758907318115,0.0,0.0,nan,0.0,0.0,0.0,0.0,0.0,0.0,1.0
1779978063.809645,-1.2820223569869995,-0.46003758907318115,0.0,0.0,nan,0.0,0.0,0.0,0.0,0.0,0.0,1.0
1779978063.8197575,-1.2820223569869995,-0.46003758907318115,0.0,0.0,nan,0.0,0.0,0.0,0.0,0.0,0.0,1.0
1779978063.8299031,-1.2820223569869995,-0.46003758907318115,0.0,0.0,nan,0.0,0.0,0.0,0.0,0.0,0.0,1.0
1779978063.8404422,-1.2820223569869995,-0.46003758907318115,0.0,0.0,nan,0.0,0.0,0.0,0.0,0.0,0.0,1.0
1779978063.850608,-1.2820223569869995,-0.46003758907318115,0.0,0.0,nan,0.0,0.0,0.0,0.0,0.0,0.0,1.0
1779978063.8607807,-1.2820223569869995,-0.46003758907318115,0.0,0.0,nan,0.0,0.0,0.0,0.0,0.0,0.0,1.0
1779978063.871133,-1.2820223569869995,-0.46003758907318115,0.0,0.0,nan,0.0,0.0,0.0,0.0,0.0,0.0,1.0
1779978063.881416,-1.2820223569869995,-0.46003758907318115,0.0,0.0,nan,0.0,0.0,0.0,0.0,0.0,0.0,1.0
1779978063.8917906,-1.2820223569869995,-0.46003758907318115,0.0,0.0,nan,0.0,0.0,0.0,0.0,0.0,0.0,1.0
1779978063.9021418,-1.2820223569869995,-0.46003758907318115,0.0,0.0,nan,0.0,0.0,0.0,0.0,0.0,0.0,1.0
1779978063.912618,-1.2820223569869995,-0.46003758907318115,0.0,0.0,nan,0.0,0.0,0.0,0.0,0.0,0.0,1.0
1779978063.9226115,-1.2820223569869995,-0.46003758907318115,0.0,0.0,nan,0.0,0.0,0.0,0.0,0.0,0.0,1.0
1779978063.932773,-1.2820223569869995,-0.46003758907318115,0.0,0.0,nan,0.0,0.0,0.0,0.0,0.0,0.0,1.0
1779978063.9430373,-1.2820223569869995,-0.46003758907318115,0.0,0.0,nan,0.0,0.0,0.0,0.0,0.0,0.0,1.0
1779978063.9532726,-1.2820223569869995,-0.46003758907318115,0.0,0.0,nan,0.0,0.0,0.0,0.0,0.0,0.0,1.0
1779978063.9639013,-1.2820223569869995,-0.46003758907318115,0.0,0.0,nan,0.0,0.0,0.0,0.0,0.0,0.0,1.0
1779978063.9740088,-1.2820223569869995,-0.46003758907318115,0.0,0.0,nan,0.0,0.0,0.0,0.0,0.0,0.0,1.0
1779978063.9839685,-1.2820223569869995,-0.46003758907318115,0.0,0.0,nan,0.0,0.0,0.0,0.0,0.0,0.0,1.0
1779978063.9941888,-1.2820223569869995,-0.46003758907318115,0.0,0.0,nan,0.0,0.0,0.0,0.0,0.0,0.0,1.0
1779978064.0046685,-1.2820223569869995,-0.46003758907318115,0.0,0.0,nan,0.0,0.0,0.0,0.0,0.0,0.0,1.0
1779978064.014667,-1.2820223569869995,-0.46003758907318115,0.0,0.0,nan,0.0,0.0,0.0,0.0,0.0,0.0,1.0
1779978064.024977,-1.2820223569869995,-0.46003758907318115,0.0,0.0,nan,0.0,0.0,0.0,0.0,0.0,0.0,1.0
1779978064.0355875,-1.2820223569869995,-0.46003758907318115,0.0,0.0,nan,0.0,0.0,0.0,0.0,0.0,0.0,1.0
1779978064.0460699,-1.2820223569869995,-0.46003758907318115,0.0,0.0,nan,0.0,0.0,0.0,0.0,0.0,0.0,1.0
1779978064.0566075,-1.2820223569869995,-0.46003758907318115,0.0,0.0,nan,0.0,0.0,0.0,0.0,0.0,0.0,1.0
1779978064.0670083,-1.2820223569869995,-0.46003758907318115,0.0,0.0,nan,0.0,0.0,0.0,0.0,0.0,0.0,1.0
1779978064.077178,-1.2820223569869995,-0.46003758907318115,0.0,0.0,nan,0.0,0.0,0.0,0.0,0.0,0.0,1.0
1779978064.0874233,-1.2820223569869995,-0.46003758907318115,0.0,0.0,nan,0.0,0.0,0.0,0.0,0.0,0.0,1.0
1779978064.097692,-1.2820223569869995,-0.46003758907318115,0.0,0.0,nan,0.0,0.0,0.0,0.0,0.0,0.0,1.0
1779978064.1078205,-1.2820223569869995,-0.46003758907318115,0.0,0.0,nan,0.0,0.0,0.0,0.0,0.0,0.0,1.0
1779978064.117904,-1.2820223569869995,-0.46003758907318115,0.0,0.0,nan,0.0,0.0,0.0,0.0,0.0,0.0,1.0
1779978064.1281447,-1.2820223569869995,-0.46003758907318115,0.0,0.0,nan,0.0,0.0,0.0,0.0,0.0,0.0,1.0
1779978064.1383872,-1.2820223569869995,-0.46003758907318115,0.0,0.0,nan,0.0,0.0,0.0,0.0,0.0,0.0,1.0
1779978064.1484237,-1.2820223569869995,-0.46003758907318115,0.0,0.0,nan,0.0,0.0,0.0,0.0,0.0,0.0,1.0
1779978064.1590004,-1.2820223569869995,-0.46003758907318115,0.0,0.0,nan,0.0,0.0,0.0,0.0,0.0,0.0,1.0
1779978064.169427,-1.2820223569869995,-0.46003758907318115,0.0,0.0,nan,0.0,0.0,0.0,0.0,0.0,0.0,1.0
1779978064.1799474,-1.2820223569869995,-0.46003758907318115,0.0,0.0,nan,0.0,0.0,0.0,0.0,0.0,0.0,1.0
1779978064.1901546,-1.2820223569869995,-0.46003758907318115,0.0,0.0,nan,0.0,0.0,0.0,0.0,0.0,0.0,1.0
1779978064.2002034,-1.2820223569869995,-0.46003758907318115,0.0,0.0,nan,0.0,0.0,0.0,0.0,0.0,0.0,1.0
1779978064.2105818,-1.2820223569869995,-0.46003758907318115,0.0,0.0,nan,0.0,0.0,0.0,0.0,0.0,0.0,1.0
1779978064.220613,-1.2820223569869995,-0.46003758907318115,0.0,0.0,nan,0.0,0.0,0.0,0.0,0.0,0.0,1.0
1779978064.2306778,-1.2820223569869995,-0.46003758907318115,0.0,0.0,nan,0.0,0.0,0.0,0.0,0.0,0.0,1.0
1779978064.2410862,-1.2820223569869995,-0.46003758907318115,0.0,0.0,nan,0.0,0.0,0.0,0.0,0.0,0.0,1.0
1779978064.2511327,-1.2820223569869995,-0.46003758907318115,0.0,0.0,nan,0.0,0.0,0.0,0.0,0.0,0.0,1.0
1779978064.2613814,-1.2820223569869995,-0.46003758907318115,0.0,0.0,nan,0.0,0.0,0.0,0.0,0.0,0.0,1.0
1779978064.271863,-1.2820223569869995,-0.46003758907318115,0.0,0.0,nan,0.0,0.0,0.0,0.0,0.0,0.0,1.0
1779978064.2824545,-1.2820223569869995,-0.46003758907318115,0.0,0.0,nan,0.0,0.0,0.0,0.0,0.0,0.0,1.0
1779978064.293049,-1.2820223569869995,-0.46003758907318115,0.0,0.0,nan,0.0,0.0,0.0,0.0,0.0,0.0,1.0
1779978064.3030694,-1.2820223569869995,-0.46003758907318115,0.0,0.0,nan,0.0,0.0,0.0,0.0,0.0,0.0,1.0
1779978064.313742,-1.2820223569869995,-0.46003758907318115,0.0,0.0,nan,0.0,0.0,0.0,0.0,0.0,0.0,1.0
1779978064.3238702,-1.2820223569869995,-0.46003758907318115,0.0,0.0,nan,0.0,0.0,0.0,0.0,0.0,0.0,1.0
1779978064.3343449,-1.2820223569869995,-0.46003758907318115,0.0,0.0,nan,0.0,0.0,0.0,0.0,0.0,0.0,1.0
1779978064.3447676,-1.2820223569869995,-0.46003758907318115,0.0,0.0,nan,0.0,0.0,0.0,0.0,0.0,0.0,1.0
1779978064.3553095,-1.2820223569869995,-0.46003758907318115,0.0,0.0,nan,0.0,0.0,0.0,0.0,0.0,0.0,1.0
1779978064.3657346,-1.2820223569869995,-0.46003758907318115,0.0,0.0,nan,0.0,0.0,0.0,0.0,0.0,0.0,1.0
1779978064.3760364,-1.2820223569869995,-0.46003758907318115,0.0,0.0,nan,0.0,0.0,0.0,0.0,0.0,0.0,1.0
1779978064.3867795,-1.2820223569869995,-0.46003758907318115,0.0,0.0,nan,0.0,0.0,0.0,0.0,0.0,0.0,1.0
1779978064.3972476,-1.2820223569869995,-0.46003758907318115,0.0,0.0,nan,0.0,0.0,0.0,0.0,0.0,0.0,1.0
1779978064.407574,-1.2820223569869995,-0.46003758907318115,0.0,0.0,nan,0.0,0.0,0.0,0.0,0.0,0.0,1.0
1779978064.4177542,-1.2820223569869995,-0.46003758907318115,0.0,0.0,nan,0.0,0.0,0.0,0.0,0.0,0.0,1.0
1779978064.4282982,-1.2820223569869995,-0.46003758907318115,0.0,0.0,nan,0.0,0.0,0.0,0.0,0.0,0.0,1.0
1779978064.4384582,-1.2820223569869995,-0.46003758907318115,0.0,0.0,nan,0.0,0.0,0.0,0.0,0.0,0.0,1.0
1779978064.448672,-1.2820223569869995,-0.46003758907318115,0.0,0.0,nan,0.0,0.0,0.0,0.0,0.0,0.0,1.0
1779978064.4593,-1.2820223569869995,-0.46003758907318115,0.0,0.0,nan,0.0,0.0,0.0,0.0,0.0,0.0,1.0
1779978064.4690723,-1.2820223569869995,-0.46003758907318115,0.0,0.0,nan,0.0,0.0,0.0,0.0,0.0,0.0,1.0
1779978064.4795237,-1.2820223569869995,-0.46003758907318115,0.0,0.0,nan,0.0,0.0,0.0,0.0,0.0,0.0,1.0
1779978064.4895856,-1.2820223569869995,-0.46003758907318115,0.0,0.0,nan,0.0,0.0,0.0,0.0,0.0,0.0,1.0
1779978064.5000243,-1.2820223569869995,-0.46003758907318115,0.0,0.0,nan,0.0,0.0,0.0,0.0,0.0,0.0,1.0
1779978064.5105352,-1.2820223569869995,-0.46003758907318115,0.0,0.0,nan,0.0,0.0,0.0,0.0,0.0,0.0,1.0
1779978064.5208676,-1.2820223569869995,-0.46003758907318115,0.0,0.0,nan,0.0,0.0,0.0,0.0,0.0,0.0,1.0
1779978064.5313199,-1.2820223569869995,-0.46003758907318115,0.0,0.0,nan,0.0,0.0,0.0,0.0,0.0,0.0,1.0
1779978064.5413816,-1.2820223569869995,-0.46003758907318115,0.0,0.0,nan,0.0,0.0,0.0,0.0,0.0,0.0,1.0
1779978064.5521147,-1.2820223569869995,-0.46003758907318115,0.0,0.0,nan,0.0,0.0,0.0,0.0,0.0,0.0,1.0
1779978064.562491,-1.2820223569869995,-0.46003758907318115,0.0,0.0,nan,0.0,0.0,0.0,0.0,0.0,0.0,1.0
1779978064.573174,-1.2820223569869995,-0.46003758907318115,0.0,0.0,nan,0.0,0.0,0.0,0.0,0.0,0.0,1.0
1779978064.5834496,-1.2820223569869995,-0.46003758907318115,0.0,0.0,nan,0.0,0.0,0.0,0.0,0.0,0.0,1.0
1779978064.5938873,-1.2820223569869995,-0.46003758907318115,0.0,0.0,nan,0.0,0.0,0.0,0.0,0.0,0.0,1.0
1779978064.6043625,-1.2820223569869995,-0.46003758907318115,0.0,0.0,nan,0.0,0.0,0.0,0.0,0.0,0.0,1.0
1779978064.6146626,-1.2820223569869995,-0.46003758907318115,0.0,0.0,nan,0.0,0.0,0.0,0.0,0.0,0.0,1.0
1779978064.6247857,-1.2820223569869995,-0.46003758907318115,0.0,0.0,nan,0.0,0.0,0.0,0.0,0.0,0.0,1.0
1779978064.634929,-1.2820223569869995,-0.46003758907318115,0.0,0.0,nan,0.0,0.0,0.0,0.0,0.0,0.0,1.0
1779978064.644966,-1.2820223569869995,-0.46003758907318115,0.0,0.0,nan,0.0,0.0,0.0,0.0,0.0,0.0,1.0
1779978064.6551275,-1.2820223569869995,-0.46003758907318115,0.0,0.0,nan,0.0,0.0,0.0,0.0,0.0,0.0,1.0
1779978064.665785,-1.2820223569869995,-0.46003758907318115,0.0,0.0,nan,0.0,0.0,0.0,0.0,0.0,0.0,1.0
1779978064.6767895,-1.2820223569869995,-0.46003758907318115,0.0,0.0,nan,0.0,0.0,0.0,0.0,0.0,0.0,1.0
1779978064.6870565,-1.2820223569869995,-0.46003758907318115,0.0,0.0,nan,0.0,0.0,0.0,0.0,0.0,0.0,1.0
1779978064.6976395,-1.2820223569869995,-0.46003758907318115,0.0,0.0,nan,0.0,0.0,0.0,0.0,0.0,0.0,1.0
1779978064.707782,-1.2820223569869995,-0.46003758907318115,0.0,0.0,nan,0.0,0.0,0.0,0.0,0.0,0.0,1.0
1779978064.7180288,-1.2820223569869995,-0.46003758907318115,0.0,0.0,nan,0.0,0.0,0.0,0.0,0.0,0.0,1.0
1779978064.7287548,-1.2820223569869995,-0.46003758907318115,0.0,0.0,nan,0.0,0.0,0.0,0.0,0.0,0.0,1.0
1779978064.7388568,-1.2820223569869995,-0.46003758907318115,0.0,0.0,nan,0.0,0.0,0.0,0.0,0.0,0.0,1.0
1779978064.7489665,-1.2820223569869995,-0.46003758907318115,0.0,0.0,nan,0.0,0.0,0.0,0.0,0.0,0.0,1.0
1779978064.7590938,-1.2820223569869995,-0.46003758907318115,0.0,0.0,nan,0.0,0.0,0.0,0.0,0.0,0.0,1.0
1779978064.7693498,-1.2820223569869995,-0.46003758907318115,0.0,0.0,nan,0.0,0.0,0.0,0.0,0.0,0.0,1.0
1779978064.7797472,-1.2820223569869995,-0.46003758907318115,0.0,0.0,nan,0.0,0.0,0.0,0.0,0.0,0.0,1.0
1779978064.790288,-1.2820223569869995,-0.46003758907318115,0.0,0.0,nan,0.0,0.0,0.0,0.0,0.0,0.0,1.0
1779978064.800857,-1.2820223569869995,-0.46003758907318115,0.0,0.0,nan,0.0,0.0,0.0,0.0,0.0,0.0,1.0
1779978064.811425,-1.2820223569869995,-0.46003758907318115,0.0,0.0,nan,0.0,0.0,0.0,0.0,0.0,0.0,1.0
1779978064.8219194,-1.2820223569869995,-0.46003758907318115,0.0,0.0,nan,0.0,0.0,0.0,0.0,0.0,0.0,1.0
1779978064.8323598,-1.2820223569869995,-0.46003758907318115,0.0,0.0,nan,0.0,0.0,0.0,0.0,0.0,0.0,1.0
1779978064.8425214,-1.2820223569869995,-0.46003758907318115,0.0,0.0,nan,0.0,0.0,0.0,0.0,0.0,0.0,1.0
1779978064.8531582,-1.2820223569869995,-0.46003758907318115,0.0,0.0,nan,0.0,0.0,0.0,0.0,0.0,0.0,1.0
1779978064.8632977,-1.2820223569869995,-0.46003758907318115,0.0,0.0,nan,0.0,0.0,0.0,0.0,0.0,0.0,1.0
1779978064.873759,-1.2820223569869995,-0.46003758907318115,0.0,0.0,nan,0.0,0.0,0.0,0.0,0.0,0.0,1.0
1779978064.883826,-1.2820223569869995,-0.46003758907318115,0.0,0.0,nan,0.0,0.0,0.0,0.0,0.0,0.0,1.0
1779978064.8944373,-1.2820223569869995,-0.46003758907318115,0.0,0.0,nan,0.0,0.0,0.0,0.0,0.0,0.0,1.0
1779978064.9050012,-1.2820223569869995,-0.46003758907318115,0.0,0.0,nan,0.0,0.0,0.0,0.0,0.0,0.0,1.0
1779978064.9151475,-1.2820223569869995,-0.46003758907318115,0.0,0.0,nan,0.0,0.0,0.0,0.0,0.0,0.0,1.0
1779978064.9255412,-1.2820223569869995,-0.46003758907318115,0.0,0.0,nan,0.0,0.0,0.0,0.0,0.0,0.0,1.0
1779978064.9356468,-1.2820223569869995,-0.46003758907318115,0.0,0.0,nan,0.0,0.0,0.0,0.0,0.0,0.0,1.0
1779978064.9458096,-1.2820223569869995,-0.46003758907318115,0.0,0.0,nan,0.0,0.0,0.0,0.0,0.0,0.0,1.0
1779978064.9564672,-1.2820223569869995,-0.46003758907318115,0.0,0.0,nan,0.0,0.0,0.0,0.0,0.0,0.0,1.0
1779978064.9667253,-1.2820223569869995,-0.46003758907318115,0.0,0.0,nan,0.0,0.0,0.0,0.0,0.0,0.0,1.0
1779978064.9769475,-1.2820223569869995,-0.46003758907318115,0.0,0.0,nan,0.0,0.0,0.0,0.0,0.0,0.0,1.0
1779978064.9874434,-1.2820223569869995,-0.46003758907318115,0.0,0.0,nan,0.0,0.0,0.0,0.0,0.0,0.0,1.0
1779978064.9981556,-1.2820223569869995,-0.46003758907318115,0.0,0.0,nan,0.0,0.0,0.0,0.0,0.0,0.0,1.0
1779978065.0082114,-1.2820223569869995,-0.46003758907318115,0.0,0.0,nan,0.0,0.0,0.0,0.0,0.0,0.0,1.0
1779978065.0184646,-1.2820223569869995,-0.46003758907318115,0.0,0.0,nan,0.0,0.0,0.0,0.0,0.0,0.0,1.0
1779978065.028739,-1.2820223569869995,-0.46003758907318115,0.0,0.0,nan,0.0,0.0,0.0,0.0,0.0,0.0,1.0
1779978065.039231,-1.2820223569869995,-0.46003758907318115,0.0,0.0,nan,0.0,0.0,0.0,0.0,0.0,0.0,1.0
1779978065.0493944,-1.2820223569869995,-0.46003758907318115,0.0,0.0,nan,0.0,0.0,0.0,0.0,0.0,0.0,1.0
1779978065.0595503,-1.2820223569869995,-0.46003758907318115,0.0,0.0,nan,0.0,0.0,0.0,0.0,0.0,0.0,1.0
1779978065.070226,-1.2820223569869995,-0.46003758907318115,0.0,0.0,nan,0.0,0.0,0.0,0.0,0.0,0.0,1.0
1779978065.0805624,-1.2820223569869995,-0.46003758907318115,0.0,0.0,nan,0.0,0.0,0.0,0.0,0.0,0.0,1.0
1779978065.0911272,-1.2820223569869995,-0.46003758907318115,0.0,0.0,nan,0.0,0.0,0.0,0.0,0.0,0.0,1.0
1779978065.1012557,-1.2820223569869995,-0.46003758907318115,0.0,0.0,nan,0.0,0.0,0.0,0.0,0.0,0.0,1.0
1779978065.1115158,-1.2820223569869995,-0.46003758907318115,0.0,0.0,nan,0.0,0.0,0.0,0.0,0.0,0.0,1.0
1779978065.1221013,-1.2820223569869995,-0.46003758907318115,0.0,0.0,nan,0.0,0.0,0.0,0.0,0.0,0.0,1.0
1779978065.1323678,-1.2820223569869995,-0.46003758907318115,0.0,0.0,nan,0.0,0.0,0.0,0.0,0.0,0.0,1.0
1779978065.1428077,-1.2820223569869995,-0.46003758907318115,0.0,0.0,nan,0.0,0.0,0.0,0.0,0.0,0.0,1.0
1779978065.1528907,-1.2820223569869995,-0.46003758907318115,0.0,0.0,nan,0.0,0.0,0.0,0.0,0.0,0.0,1.0
1779978065.1633482,-1.2820223569869995,-0.46003758907318115,0.0,0.0,nan,0.0,0.0,0.0,0.0,0.0,0.0,1.0
1779978065.1734707,-1.2820223569869995,-0.46003758907318115,0.0,0.0,nan,0.0,0.0,0.0,0.0,0.0,0.0,1.0
1779978065.1837723,-1.2820223569869995,-0.46003758907318115,0.0,0.0,nan,0.0,0.0,0.0,0.0,0.0,0.0,1.0
1779978065.1938555,-1.2820223569869995,-0.46003758907318115,0.0,0.0,nan,0.0,0.0,0.0,0.0,0.0,0.0,1.0
1779978065.2043357,-1.2820223569869995,-0.46003758907318115,0.0,0.0,nan,0.0,0.0,0.0,0.0,0.0,0.0,1.0
1779978065.2146642,-1.2820223569869995,-0.46003758907318115,0.0,0.0,nan,0.0,0.0,0.0,0.0,0.0,0.0,1.0
1779978065.2246935,-1.2820223569869995,-0.46003758907318115,0.0,0.0,nan,0.0,0.0,0.0,0.0,0.0,0.0,1.0
1779978065.2348619,-1.2820223569869995,-0.46003758907318115,0.0,0.0,nan,0.0,0.0,0.0,0.0,0.0,0.0,1.0
1779978065.245036,-1.2820223569869995,-0.46003758907318115,0.0,0.0,nan,0.0,0.0,0.0,0.0,0.0,0.0,1.0
1779978065.2554495,-1.2820223569869995,-0.46003758907318115,0.0,0.0,nan,0.0,0.0,0.0,0.0,0.0,0.0,1.0
1779978065.2657757,-1.2820223569869995,-0.46003758907318115,0.0,0.0,nan,0.0,0.0,0.0,0.0,0.0,0.0,1.0
1779978065.2760227,-1.2820223569869995,-0.46003758907318115,0.0,0.0,nan,0.0,0.0,0.0,0.0,0.0,0.0,1.0
1779978065.2862027,-1.2820223569869995,-0.46003758907318115,0.0,0.0,nan,0.0,0.0,0.0,0.0,0.0,0.0,1.0
1779978065.2964575,-1.2820223569869995,-0.46003758907318115,0.0,0.0,nan,0.0,0.0,0.0,0.0,0.0,0.0,1.0
1779978065.3068004,-1.2820223569869995,-0.46003758907318115,0.0,0.0,nan,0.0,0.0,0.0,0.0,0.0,0.0,1.0
1779978065.316916,-1.2820223569869995,-0.46003758907318115,0.0,0.0,nan,0.0,0.0,0.0,0.0,0.0,0.0,1.0
1779978065.327277,-1.2820223569869995,-0.46003758907318115,0.0,0.0,nan,0.0,0.0,0.0,0.0,0.0,0.0,1.0
1779978065.3375573,-1.2820223569869995,-0.46003758907318115,0.0,0.0,nan,0.0,0.0,0.0,0.0,0.0,0.0,1.0
1779978065.348004,-1.2820223569869995,-0.46003758907318115,0.0,0.0,nan,0.0,0.0,0.0,0.0,0.0,0.0,1.0
1779978065.3585865,-1.2820223569869995,-0.46003758907318115,0.0,0.0,nan,0.0,0.0,0.0,0.0,0.0,0.0,1.0
1779978065.3686364,-1.2820223569869995,-0.46003758907318115,0.0,0.0,nan,0.0,0.0,0.0,0.0,0.0,0.0,1.0
1779978065.3787203,-1.2820223569869995,-0.46003758907318115,0.0,0.0,nan,0.0,0.0,0.0,0.0,0.0,0.0,1.0
1779978065.3893645,-1.2820223569869995,-0.46003758907318115,0.0,0.0,nan,0.0,0.0,0.0,0.0,0.0,0.0,1.0
1779978065.3996599,-1.2820223569869995,-0.46003758907318115,0.0,0.0,nan,0.0,0.0,0.0,0.0,0.0,0.0,1.0
1779978065.4099886,-1.2820223569869995,-0.46003758907318115,0.0,0.0,nan,0.0,0.0,0.0,0.0,0.0,0.0,1.0
1779978065.4202695,-1.2820223569869995,-0.46003758907318115,0.0,0.0,nan,0.0,0.0,0.0,0.0,0.0,0.0,1.0
1779978065.4303858,-1.2820223569869995,-0.46003758907318115,0.0,0.0,nan,0.0,0.0,0.0,0.0,0.0,0.0,1.0
1779978065.4408164,-1.2820223569869995,-0.46003758907318115,0.0,0.0,nan,0.0,0.0,0.0,0.0,0.0,0.0,1.0
1779978065.4512954,-1.2820223569869995,-0.46003758907318115,0.0,0.0,nan,0.0,0.0,0.0,0.0,0.0,0.0,1.0
1779978065.4618015,-1.2820223569869995,-0.46003758907318115,0.0,0.0,nan,0.0,0.0,0.0,0.0,0.0,0.0,1.0
1779978065.472424,-1.2820223569869995,-0.46003758907318115,0.0,0.0,nan,0.0,0.0,0.0,0.0,0.0,0.0,1.0
1779978065.4828446,-1.2820223569869995,-0.46003758907318115,0.0,0.0,nan,0.0,0.0,0.0,0.0,0.0,0.0,1.0
1779978065.4932127,-1.2820223569869995,-0.46003758907318115,0.0,0.0,nan,0.0,0.0,0.0,0.0,0.0,0.0,1.0
1779978065.5035722,-1.2820223569869995,-0.46003758907318115,0.0,0.0,nan,0.0,0.0,0.0,0.0,0.0,0.0,1.0
1779978065.513795,-1.2820223569869995,-0.46003758907318115,0.0,0.0,nan,0.0,0.0,0.0,0.0,0.0,0.0,1.0
1779978065.5240228,-1.2820223569869995,-0.46003758907318115,0.0,0.0,nan,0.0,0.0,0.0,0.0,0.0,0.0,1.0
1779978065.534394,-1.2820223569869995,-0.46003758907318115,0.0,0.0,nan,0.0,0.0,0.0,0.0,0.0,0.0,1.0
1779978065.5446193,-1.2820223569869995,-0.46003758907318115,0.0,0.0,nan,0.0,0.0,0.0,0.0,0.0,0.0,1.0
1779978065.5548124,-1.2820223569869995,-0.46003758907318115,0.0,0.0,nan,0.0,0.0,0.0,0.0,0.0,0.0,1.0
1779978065.5648408,-1.2820223569869995,-0.46003758907318115,0.0,0.0,nan,0.0,0.0,0.0,0.0,0.0,0.0,1.0
1779978065.5752947,-1.2820223569869995,-0.46003758907318115,0.0,0.0,nan,0.0,0.0,0.0,0.0,0.0,0.0,1.0
1779978065.5854135,-1.2820223569869995,-0.46003758907318115,0.0,0.0,nan,0.0,0.0,0.0,0.0,0.0,0.0,1.0
1779978065.5954897,-1.2820223569869995,-0.46003758907318115,0.0,0.0,nan,0.0,0.0,0.0,0.0,0.0,0.0,1.0
1779978065.6057913,-1.2820223569869995,-0.46003758907318115,0.0,0.0,nan,0.0,0.0,0.0,0.0,0.0,0.0,1.0
1779978065.61609,-1.2820223569869995,-0.46003758907318115,0.0,0.0,nan,0.0,0.0,0.0,0.0,0.0,0.0,1.0
1779978065.626452,-1.2820223569869995,-0.46003758907318115,0.0,0.0,nan,0.0,0.0,0.0,0.0,0.0,0.0,1.0
1779978065.6366746,-1.2820223569869995,-0.46003758907318115,0.0,0.0,nan,0.0,0.0,0.0,0.0,0.0,0.0,1.0
1779978065.6468167,-1.2820223569869995,-0.46003758907318115,0.0,0.0,nan,0.0,0.0,0.0,0.0,0.0,0.0,1.0
1779978065.657279,-1.2820223569869995,-0.46003758907318115,0.0,0.0,nan,0.0,0.0,0.0,0.0,0.0,0.0,1.0
1779978065.6674826,-1.2820223569869995,-0.46003758907318115,0.0,0.0,nan,0.0,0.0,0.0,0.0,0.0,0.0,1.0
1779978065.677619,-1.2820223569869995,-0.46003758907318115,0.0,0.0,nan,0.0,0.0,0.0,0.0,0.0,0.0,1.0
1779978065.6882243,-1.2820223569869995,-0.46003758907318115,0.0,0.0,nan,0.0,0.0,0.0,0.0,0.0,0.0,1.0
1779978065.6981943,-1.2820223569869995,-0.46003758907318115,0.0,0.0,nan,0.0,0.0,0.0,0.0,0.0,0.0,1.0
1779978065.708482,-1.2820223569869995,-0.46003758907318115,0.0,0.0,nan,0.0,0.0,0.0,0.0,0.0,0.0,1.0
1779978065.7186477,-1.2820223569869995,-0.46003758907318115,0.0,0.0,nan,0.0,0.0,0.0,0.0,0.0,0.0,1.0
1779978065.7289073,-1.2820223569869995,-0.46003758907318115,0.0,0.0,nan,0.0,0.0,0.0,0.0,0.0,0.0,1.0
1779978065.7394123,-1.2820223569869995,-0.46003758907318115,0.0,0.0,nan,0.0,0.0,0.0,0.0,0.0,0.0,1.0
1779978065.7495778,-1.2820223569869995,-0.46003758907318115,0.0,0.0,nan,0.0,0.0,0.0,0.0,0.0,0.0,1.0
1779978065.7600389,-1.2820223569869995,-0.46003758907318115,0.0,0.0,nan,0.0,0.0,0.0,0.0,0.0,0.0,1.0
1779978065.7705917,-1.2820223569869995,-0.46003758907318115,0.0,0.0,nan,0.0,0.0,0.0,0.0,0.0,0.0,1.0
1779978065.7811177,-1.2820223569869995,-0.46003758907318115,0.0,0.0,nan,0.0,0.0,0.0,0.0,0.0,0.0,1.0
1779978065.7914565,-1.2820223569869995,-0.46003758907318115,0.0,0.0,nan,0.0,0.0,0.0,0.0,0.0,0.0,1.0
1779978065.8016036,-1.2820223569869995,-0.46003758907318115,0.0,0.0,nan,0.0,0.0,0.0,0.0,0.0,0.0,1.0
1779978065.8119633,-1.2820223569869995,-0.46003758907318115,0.0,0.0,nan,0.0,0.0,0.0,0.0,0.0,0.0,1.0
1779978065.8221195,-1.2820223569869995,-0.46003758907318115,0.0,0.0,nan,0.0,0.0,0.0,0.0,0.0,0.0,1.0
1779978065.8324757,-1.2820223569869995,-0.46003758907318115,0.0,0.0,nan,0.0,0.0,0.0,0.0,0.0,0.0,1.0
1779978065.8426566,-1.2820223569869995,-0.46003758907318115,0.0,0.0,nan,0.0,0.0,0.0,0.0,0.0,0.0,1.0
1779978065.853159,-1.2820223569869995,-0.46003758907318115,0.0,0.0,nan,0.0,0.0,0.0,0.0,0.0,0.0,1.0
1779978065.863342,-1.2820223569869995,-0.46003758907318115,0.0,0.0,nan,0.0,0.0,0.0,0.0,0.0,0.0,1.0
1779978065.8739536,-1.2820223569869995,-0.46003758907318115,0.0,0.0,nan,0.0,0.0,0.0,0.0,0.0,0.0,1.0
1779978065.8839722,-1.2820223569869995,-0.46003758907318115,0.0,0.0,nan,0.0,0.0,0.0,0.0,0.0,0.0,1.0
1779978065.8944361,-1.2820223569869995,-0.46003758907318115,0.0,0.0,nan,0.0,0.0,0.0,0.0,0.0,0.0,1.0
1779978065.90502,-1.2820223569869995,-0.46003758907318115,0.0,0.0,nan,0.0,0.0,0.0,0.0,0.0,0.0,1.0
1779978065.9152703,-1.2820223569869995,-0.46003758907318115,0.0,0.0,nan,0.0,0.0,0.0,0.0,0.0,0.0,1.0
1779978065.9255707,-1.2820223569869995,-0.46003758907318115,0.0,0.0,nan,0.0,0.0,0.0,0.0,0.0,0.0,1.0
1779978065.9367995,-1.2820223569869995,-0.46003758907318115,0.0,0.0,nan,0.0,0.0,0.0,0.0,0.0,0.0,1.0
1779978065.9471374,-1.2820223569869995,-0.46003758907318115,0.0,0.0,nan,0.0,0.0,0.0,0.0,0.0,0.0,1.0
1779978065.9573789,-1.2820223569869995,-0.46003758907318115,0.0,0.0,nan,0.0,0.0,0.0,0.0,0.0,0.0,1.0
1779978065.9675794,-1.2820223569869995,-0.46003758907318115,0.0,0.0,nan,0.0,0.0,0.0,0.0,0.0,0.0,1.0
1779978065.9777846,-1.2820223569869995,-0.46003758907318115,0.0,0.0,nan,0.0,0.0,0.0,0.0,0.0,0.0,1.0
1779978065.9883602,-1.2820223569869995,-0.46003758907318115,0.0,0.0,nan,0.0,0.0,0.0,0.0,0.0,0.0,1.0
1779978065.9987254,-1.2820223569869995,-0.46003758907318115,0.0,0.0,nan,0.0,0.0,0.0,0.0,0.0,0.0,1.0
1779978066.0092602,-1.2820223569869995,-0.46003758907318115,0.0,0.0,nan,0.0,0.0,0.0,0.0,0.0,0.0,1.0
1779978066.019788,-1.2820223569869995,-0.46003758907318115,0.0,0.0,nan,0.0,0.0,0.0,0.0,0.0,0.0,1.0
1779978066.0299726,-1.2820223569869995,-0.46003758907318115,0.0,0.0,nan,0.0,0.0,0.0,0.0,0.0,0.0,1.0
1779978066.0401056,-1.2820223569869995,-0.46003758907318115,0.0,0.0,nan,0.0,0.0,0.0,0.0,0.0,0.0,1.0
1779978066.0502977,-1.2820223569869995,-0.46003758907318115,0.0,0.0,nan,0.0,0.0,0.0,0.0,0.0,0.0,1.0
1779978066.0608969,-1.2820223569869995,-0.46003758907318115,0.0,0.0,nan,0.0,0.0,0.0,0.0,0.0,0.0,1.0
1779978066.0714767,-1.2820223569869995,-0.46003758907318115,0.0,0.0,nan,0.0,0.0,0.0,0.0,0.0,0.0,1.0
1779978066.0815184,-1.2820223569869995,-0.46003758907318115,0.0,0.0,nan,0.0,0.0,0.0,0.0,0.0,0.0,1.0
1779978066.091695,-1.2820223569869995,-0.46003758907318115,0.0,0.0,nan,0.0,0.0,0.0,0.0,0.0,0.0,1.0
1779978066.1018915,-1.2820223569869995,-0.46003758907318115,0.0,0.0,nan,0.0,0.0,0.0,0.0,0.0,0.0,1.0
1779978066.112031,-1.2820223569869995,-0.46003758907318115,0.0,0.0,nan,0.0,0.0,0.0,0.0,0.0,0.0,1.0
1779978066.1223116,-1.2820223569869995,-0.46003758907318115,0.0,0.0,nan,0.0,0.0,0.0,0.0,0.0,0.0,1.0
1779978066.1328595,-1.2820223569869995,-0.46003758907318115,0.0,0.0,nan,0.0,0.0,0.0,0.0,0.0,0.0,1.0
1779978066.1430335,-1.2820223569869995,-0.46003758907318115,0.0,0.0,nan,0.0,0.0,0.0,0.0,0.0,0.0,1.0
1779978066.153186,-1.2820223569869995,-0.46003758907318115,0.0,0.0,nan,0.0,0.0,0.0,0.0,0.0,0.0,1.0
1779978066.163424,-1.2820223569869995,-0.46003758907318115,0.0,0.0,nan,0.0,0.0,0.0,0.0,0.0,0.0,1.0
1779978066.1736722,-1.2820223569869995,-0.46003758907318115,0.0,0.0,nan,0.0,0.0,0.0,0.0,0.0,0.0,1.0
1779978066.1840425,-1.2820223569869995,-0.46003758907318115,0.0,0.0,nan,0.0,0.0,0.0,0.0,0.0,0.0,1.0
1779978066.1944878,-1.2820223569869995,-0.46003758907318115,0.0,0.0,nan,0.0,0.0,0.0,0.0,0.0,0.0,1.0
1779978066.2046013,-1.2820223569869995,-0.46003758907318115,0.0,0.0,nan,0.0,0.0,0.0,0.0,0.0,0.0,1.0
1779978066.215048,-1.2820223569869995,-0.46003758907318115,0.0,0.0,nan,0.0,0.0,0.0,0.0,0.0,0.0,1.0
1779978066.22547,-1.2820223569869995,-0.46003758907318115,0.0,0.0,nan,0.0,0.0,0.0,0.0,0.0,0.0,1.0
1779978066.2357056,-1.2820223569869995,-0.46003758907318115,0.0,0.0,nan,0.0,0.0,0.0,0.0,0.0,0.0,1.0
1779978066.2461348,-1.2820223569869995,-0.46003758907318115,0.0,0.0,nan,0.0,0.0,0.0,0.0,0.0,0.0,1.0
1779978066.25663,-1.2820223569869995,-0.46003758907318115,0.0,0.0,nan,0.0,0.0,0.0,0.0,0.0,0.0,1.0
1779978066.2670743,-1.2820223569869995,-0.46003758907318115,0.0,0.0,nan,0.0,0.0,0.0,0.0,0.0,0.0,1.0
1779978066.2774112,-1.2820223569869995,-0.46003758907318115,0.0,0.0,nan,0.0,0.0,0.0,0.0,0.0,0.0,1.0
1779978066.2878666,-1.2820223569869995,-0.46003758907318115,0.0,0.0,nan,0.0,0.0,0.0,0.0,0.0,0.0,1.0
1779978066.2979133,-1.2820223569869995,-0.46003758907318115,0.0,0.0,nan,0.0,0.0,0.0,0.0,0.0,0.0,1.0
1779978066.3080118,-1.2820223569869995,-0.46003758907318115,0.0,0.0,nan,0.0,0.0,0.0,0.0,0.0,0.0,1.0
1779978066.3182726,-1.2820223569869995,-0.46003758907318115,0.0,0.0,nan,0.0,0.0,0.0,0.0,0.0,0.0,1.0
1779978066.3287845,-1.2820223569869995,-0.46003758907318115,0.0,0.0,nan,0.0,0.0,0.0,0.0,0.0,0.0,1.0
1779978066.3390374,-1.2820223569869995,-0.46003758907318115,0.0,0.0,nan,0.0,0.0,0.0,0.0,0.0,0.0,1.0
1779978066.349632,-1.2820223569869995,-0.46003758907318115,0.0,0.0,nan,0.0,0.0,0.0,0.0,0.0,0.0,1.0
1779978066.359858,-1.2820223569869995,-0.46003758907318115,0.0,0.0,nan,0.0,0.0,0.0,0.0,0.0,0.0,1.0
1779978066.3704839,-1.2820223569869995,-0.46003758907318115,0.0,0.0,nan,0.0,0.0,0.0,0.0,0.0,0.0,1.0
1779978066.3806043,-1.2820223569869995,-0.46003758907318115,0.0,0.0,nan,0.0,0.0,0.0,0.0,0.0,0.0,1.0
1779978066.3915086,-1.2820223569869995,-0.46003758907318115,0.0,0.0,nan,0.0,0.0,0.0,0.0,0.0,0.0,1.0
1779978066.4021444,-1.2820223569869995,-0.46003758907318115,0.0,0.0,nan,0.0,0.0,0.0,0.0,0.0,0.0,1.0
1779978066.4125297,-1.2820223569869995,-0.46003758907318115,0.0,0.0,nan,0.0,0.0,0.0,0.0,0.0,0.0,1.0
1779978066.422714,-1.2820223569869995,-0.46003758907318115,0.0,0.0,nan,0.0,0.0,0.0,0.0,0.0,0.0,1.0
1779978066.4329722,-1.2820223569869995,-0.46003758907318115,0.0,0.0,nan,0.0,0.0,0.0,0.0,0.0,0.0,1.0
1779978066.4434545,-1.2820223569869995,-0.46003758907318115,0.0,0.0,nan,0.0,0.0,0.0,0.0,0.0,0.0,1.0
1779978066.453641,-1.2820223569869995,-0.46003758907318115,0.0,0.0,nan,0.0,0.0,0.0,0.0,0.0,0.0,1.0
1779978066.4635768,-1.2820223569869995,-0.46003758907318115,0.0,0.0,nan,0.0,0.0,0.0,0.0,0.0,0.0,1.0
1779978066.4737952,-1.2820223569869995,-0.46003758907318115,0.0,0.0,nan,0.0,0.0,0.0,0.0,0.0,0.0,1.0
1779978066.4839768,-1.2820223569869995,-0.46003758907318115,0.0,0.0,nan,0.0,0.0,0.0,0.0,0.0,0.0,1.0
1779978066.4944837,-1.2820223569869995,-0.46003758907318115,0.0,0.0,nan,0.0,0.0,0.0,0.0,0.0,0.0,1.0
1779978066.5047827,-1.2820223569869995,-0.46003758907318115,0.0,0.0,nan,0.0,0.0,0.0,0.0,0.0,0.0,1.0
1779978066.5149627,-1.2820223569869995,-0.46003758907318115,0.0,0.0,nan,0.0,0.0,0.0,0.0,0.0,0.0,1.0
1779978066.5254211,-1.2820223569869995,-0.46003758907318115,0.0,0.0,nan,0.0,0.0,0.0,0.0,0.0,0.0,1.0
1779978066.5360188,-1.2820223569869995,-0.46003758907318115,0.0,0.0,nan,0.0,0.0,0.0,0.0,0.0,0.0,1.0
1779978066.5462046,-1.2820223569869995,-0.46003758907318115,0.0,0.0,nan,0.0,0.0,0.0,0.0,0.0,0.0,1.0
1779978066.5567136,-1.2820223569869995,-0.46003758907318115,0.0,0.0,nan,0.0,0.0,0.0,0.0,0.0,0.0,1.0
1779978066.5666924,-1.2820223569869995,-0.46003758907318115,0.0,0.0,nan,0.0,0.0,0.0,0.0,0.0,0.0,1.0
1779978066.5773668,-1.2820223569869995,-0.46003758907318115,0.0,0.0,nan,0.0,0.0,0.0,0.0,0.0,0.0,1.0
1779978066.5875068,-1.2820223569869995,-0.46003758907318115,0.0,0.0,nan,0.0,0.0,0.0,0.0,0.0,0.0,1.0
1779978066.5976498,-1.2820223569869995,-0.46003758907318115,0.0,0.0,nan,0.0,0.0,0.0,0.0,0.0,0.0,1.0
1779978066.607778,-1.2820223569869995,-0.46003758907318115,0.0,0.0,nan,0.0,0.0,0.0,0.0,0.0,0.0,1.0
1779978066.618301,-1.2820223569869995,-0.46003758907318115,0.0,0.0,nan,0.0,0.0,0.0,0.0,0.0,0.0,1.0
1779978066.6284587,-1.2820223569869995,-0.46003758907318115,0.0,0.0,nan,0.0,0.0,0.0,0.0,0.0,0.0,1.0
1779978066.6385748,-1.2820223569869995,-0.46003758907318115,0.0,0.0,nan,0.0,0.0,0.0,0.0,0.0,0.0,1.0
1779978066.6490216,-1.2820223569869995,-0.46003758907318115,0.0,0.0,nan,0.0,0.0,0.0,0.0,0.0,0.0,1.0
1779978066.6596813,-1.2820223569869995,-0.46003758907318115,0.0,0.0,nan,0.0,0.0,0.0,0.0,0.0,0.0,1.0
1779978066.670106,-1.2820223569869995,-0.46003758907318115,0.0,0.0,nan,0.0,0.0,0.0,0.0,0.0,0.0,1.0
1779978066.6800902,-1.2820223569869995,-0.46003758907318115,0.0,0.0,nan,0.0,0.0,0.0,0.0,0.0,0.0,1.0
1779978066.690517,-1.2820223569869995,-0.46003758907318115,0.0,0.0,nan,0.0,0.0,0.0,0.0,0.0,0.0,1.0
1779978066.7006996,-1.2820223569869995,-0.46003758907318115,0.0,0.0,nan,0.0,0.0,0.0,0.0,0.0,0.0,1.0
1779978066.710919,-1.2820223569869995,-0.46003758907318115,0.0,0.0,nan,0.0,0.0,0.0,0.0,0.0,0.0,1.0
1779978066.7213867,-1.2820223569869995,-0.46003758907318115,0.0,0.0,nan,0.0,0.0,0.0,0.0,0.0,0.0,1.0
1779978066.731344,-1.2820223569869995,-0.46003758907318115,0.0,0.0,nan,0.0,0.0,0.0,0.0,0.0,0.0,1.0
1779978066.742023,-1.2820223569869995,-0.46003758907318115,0.0,0.0,nan,0.0,0.0,0.0,0.0,0.0,0.0,1.0
1779978066.752505,-1.2820223569869995,-0.46003758907318115,0.0,0.0,nan,0.0,0.0,0.0,0.0,0.0,0.0,1.0
1779978066.7626243,-1.2820223569869995,-0.46003758907318115,0.0,0.0,nan,0.0,0.0,0.0,0.0,0.0,0.0,1.0
1779978066.7729867,-1.2820223569869995,-0.46003758907318115,0.0,0.0,nan,0.0,0.0,0.0,0.0,0.0,0.0,1.0
1779978066.783325,-1.2820223569869995,-0.46003758907318115,0.0,0.0,nan,0.0,0.0,0.0,0.0,0.0,0.0,1.0
1779978066.7938347,-1.2820223569869995,-0.46003758907318115,0.0,0.0,nan,0.0,0.0,0.0,0.0,0.0,0.0,1.0
1779978066.804405,-1.2820223569869995,-0.46003758907318115,0.0,0.0,nan,0.0,0.0,0.0,0.0,0.0,0.0,1.0
1779978066.814571,-1.2820223569869995,-0.46003758907318115,0.0,0.0,nan,0.0,0.0,0.0,0.0,0.0,0.0,1.0
1779978066.8246644,-1.2820223569869995,-0.46003758907318115,0.0,0.0,nan,0.0,0.0,0.0,0.0,0.0,0.0,1.0
1779978066.8349113,-1.2820223569869995,-0.46003758907318115,0.0,0.0,nan,0.0,0.0,0.0,0.0,0.0,0.0,1.0
1779978066.8450491,-1.2820223569869995,-0.46003758907318115,0.0,0.0,nan,0.0,0.0,0.0,0.0,0.0,0.0,1.0
1779978066.8555973,-1.2820223569869995,-0.46003758907318115,0.0,0.0,nan,0.0,0.0,0.0,0.0,0.0,0.0,1.0
1779978066.8662724,-1.2820223569869995,-0.46003758907318115,0.0,0.0,nan,0.0,0.0,0.0,0.0,0.0,0.0,1.0
1779978066.876778,-1.2820223569869995,-0.46003758907318115,0.0,0.0,nan,0.0,0.0,0.0,0.0,0.0,0.0,1.0
1779978066.8868556,-1.2820223569869995,-0.46003758907318115,0.0,0.0,nan,0.0,0.0,0.0,0.0,0.0,0.0,1.0
1779978066.8969808,-1.2820223569869995,-0.46003758907318115,0.0,0.0,nan,0.0,0.0,0.0,0.0,0.0,0.0,1.0
1779978066.907396,-1.2820223569869995,-0.46003758907318115,0.0,0.0,nan,0.0,0.0,0.0,0.0,0.0,0.0,1.0
1779978066.9176104,-1.2820223569869995,-0.46003758907318115,0.0,0.0,nan,0.0,0.0,0.0,0.0,0.0,0.0,1.0
1779978066.9278944,-1.2820223569869995,-0.46003758907318115,0.0,0.0,nan,0.0,0.0,0.0,0.0,0.0,0.0,1.0
1779978066.938492,-1.2820223569869995,-0.46003758907318115,0.0,0.0,nan,0.0,0.0,0.0,0.0,0.0,0.0,1.0
1779978066.9487376,-1.2820223569869995,-0.46003758907318115,0.0,0.0,nan,0.0,0.0,0.0,0.0,0.0,0.0,1.0
1779978066.9592674,-1.2820223569869995,-0.46003758907318115,0.0,0.0,nan,0.0,0.0,0.0,0.0,0.0,0.0,1.0
1779978066.9694216,-1.2820223569869995,-0.46003758907318115,0.0,0.0,nan,0.0,0.0,0.0,0.0,0.0,0.0,1.0
1779978066.980014,-1.2820223569869995,-0.46003758907318115,0.0,0.0,nan,0.0,0.0,0.0,0.0,0.0,0.0,1.0
1779978066.990338,-1.2820223569869995,-0.46003758907318115,0.0,0.0,nan,0.0,0.0,0.0,0.0,0.0,0.0,1.0
1779978067.0006251,-1.2820223569869995,-0.46003758907318115,0.0,0.0,nan,0.0,0.0,0.0,0.0,0.0,0.0,1.0
1779978067.0107756,-1.2820223569869995,-0.46003758907318115,0.0,0.0,nan,0.0,0.0,0.0,0.0,0.0,0.0,1.0
1779978067.021118,-1.2820223569869995,-0.46003758907318115,0.0,0.0,nan,0.0,0.0,0.0,0.0,0.0,0.0,1.0
1779978067.0312302,-1.2820223569869995,-0.46003758907318115,0.0,0.0,nan,0.0,0.0,0.0,0.0,0.0,0.0,1.0
1779978067.041374,-1.2820223569869995,-0.46003758907318115,0.0,0.0,nan,0.0,0.0,0.0,0.0,0.0,0.0,1.0
1779978067.0517104,-1.2820223569869995,-0.46003758907318115,0.0,0.0,nan,0.0,0.0,0.0,0.0,0.0,0.0,1.0
1779978067.0621336,-1.2820223569869995,-0.46003758907318115,0.0,0.0,nan,0.0,0.0,0.0,0.0,0.0,0.0,1.0
1779978067.0722742,-1.2820223569869995,-0.46003758907318115,0.0,0.0,nan,0.0,0.0,0.0,0.0,0.0,0.0,1.0
1779978067.0825007,-1.2820223569869995,-0.46003758907318115,0.0,0.0,nan,0.0,0.0,0.0,0.0,0.0,0.0,1.0
1779978067.092888,-1.2820223569869995,-0.46003758907318115,0.0,0.0,nan,0.0,0.0,0.0,0.0,0.0,0.0,1.0
1779978067.102909,-1.2820223569869995,-0.46003758907318115,0.0,0.0,nan,0.0,0.0,0.0,0.0,0.0,0.0,1.0
1779978067.1130059,-1.2820223569869995,-0.46003758907318115,0.0,0.0,nan,0.0,0.0,0.0,0.0,0.0,0.0,1.0
1779978067.123241,-1.2820223569869995,-0.46003758907318115,0.0,0.0,nan,0.0,0.0,0.0,0.0,0.0,0.0,1.0
1779978067.1337154,-1.2820223569869995,-0.46003758907318115,0.0,0.0,nan,0.0,0.0,0.0,0.0,0.0,0.0,1.0
1779978067.1441073,-1.2820223569869995,-0.46003758907318115,0.0,0.0,nan,0.0,0.0,0.0,0.0,0.0,0.0,1.0
1779978067.1545553,-1.2820223569869995,-0.46003758907318115,0.0,0.0,nan,0.0,0.0,0.0,0.0,0.0,0.0,1.0
1779978067.1647303,-1.2820223569869995,-0.46003758907318115,0.0,0.0,nan,0.0,0.0,0.0,0.0,0.0,0.0,1.0
1779978067.1752841,-1.2820223569869995,-0.46003758907318115,0.0,0.0,nan,0.0,0.0,0.0,0.0,0.0,0.0,1.0
1779978067.1855605,-1.2820223569869995,-0.46003758907318115,0.0,0.0,nan,0.0,0.0,0.0,0.0,0.0,0.0,1.0
1779978067.1957862,-1.2820223569869995,-0.46003758907318115,0.0,0.0,nan,0.0,0.0,0.0,0.0,0.0,0.0,1.0
1779978067.2063735,-1.2820223569869995,-0.46003758907318115,0.0,0.0,nan,0.0,0.0,0.0,0.0,0.0,0.0,1.0
1779978067.216741,-1.2820223569869995,-0.46003758907318115,0.0,0.0,nan,0.0,0.0,0.0,0.0,0.0,0.0,1.0
1779978067.2270277,-1.2820223569869995,-0.46003758907318115,0.0,0.0,nan,0.0,0.0,0.0,0.0,0.0,0.0,1.0
1779978067.238608,-1.2820223569869995,-0.46003758907318115,0.0,0.0,nan,0.0,0.0,0.0,0.0,0.0,0.0,1.0
1779978067.249018,-1.2820223569869995,-0.46003758907318115,0.0,0.0,nan,0.0,0.0,0.0,0.0,0.0,0.0,1.0
1779978067.2594447,-1.2820223569869995,-0.46003758907318115,0.0,0.0,nan,0.0,0.0,0.0,0.0,0.0,0.0,1.0
1779978067.269874,-1.2820223569869995,-0.46003758907318115,0.0,0.0,nan,0.0,0.0,0.0,0.0,0.0,0.0,1.0
1779978067.2803614,-1.2820223569869995,-0.46003758907318115,0.0,0.0,nan,0.0,0.0,0.0,0.0,0.0,0.0,1.0
1779978067.2905056,-1.2820223569869995,-0.46003758907318115,0.0,0.0,nan,0.0,0.0,0.0,0.0,0.0,0.0,1.0
1779978067.3010101,-1.2820223569869995,-0.46003758907318115,0.0,0.0,nan,0.0,0.0,0.0,0.0,0.0,0.0,1.0
1779978067.3113034,-1.2820223569869995,-0.46003758907318115,0.0,0.0,nan,0.0,0.0,0.0,0.0,0.0,0.0,1.0
1779978067.3215697,-1.2820223569869995,-0.46003758907318115,0.0,0.0,nan,0.0,0.0,0.0,0.0,0.0,0.0,1.0
1779978067.3317118,-1.2820223569869995,-0.46003758907318115,0.0,0.0,nan,0.0,0.0,0.0,0.0,0.0,0.0,1.0
1779978067.3419836,-1.2820223569869995,-0.46003758907318115,0.0,0.0,nan,0.0,0.0,0.0,0.0,0.0,0.0,1.0
1779978067.352544,-1.2820223569869995,-0.46003758907318115,0.0,0.0,nan,0.0,0.0,0.0,0.0,0.0,0.0,1.0
1779978067.36273,-1.2820223569869995,-0.46003758907318115,0.0,0.0,nan,0.0,0.0,0.0,0.0,0.0,0.0,1.0
1779978067.3732421,-1.2820223569869995,-0.46003758907318115,0.0,0.0,nan,0.0,0.0,0.0,0.0,0.0,0.0,1.0
1779978067.3834114,-1.2820223569869995,-0.46003758907318115,0.0,0.0,nan,0.0,0.0,0.0,0.0,0.0,0.0,1.0
1779978067.3935654,-1.2820223569869995,-0.46003758907318115,0.0,0.0,nan,0.0,0.0,0.0,0.0,0.0,0.0,1.0
1779978067.403723,-1.2820223569869995,-0.46003758907318115,0.0,0.0,nan,0.0,0.0,0.0,0.0,0.0,0.0,1.0
1779978067.4143944,-1.2820223569869995,-0.46003758907318115,0.0,0.0,nan,0.0,0.0,0.0,0.0,0.0,0.0,1.0
1779978067.4246542,-1.2820223569869995,-0.46003758907318115,0.0,0.0,nan,0.0,0.0,0.0,0.0,0.0,0.0,1.0
1779978067.435327,-1.2820223569869995,-0.46003758907318115,0.0,0.0,nan,0.0,0.0,0.0,0.0,0.0,0.0,1.0
1779978067.4454944,-1.2820223569869995,-0.46003758907318115,0.0,0.0,nan,0.0,0.0,0.0,0.0,0.0,0.0,1.0
1779978067.4560907,-1.2820223569869995,-0.46003758907318115,0.0,0.0,nan,0.0,0.0,0.0,0.0,0.0,0.0,1.0
1779978067.4663634,-1.2820223569869995,-0.46003758907318115,0.0,0.0,nan,0.0,0.0,0.0,0.0,0.0,0.0,1.0
1779978067.4766152,-1.2820223569869995,-0.46003758907318115,0.0,0.0,nan,0.0,0.0,0.0,0.0,0.0,0.0,1.0
1779978067.4872813,-1.2820223569869995,-0.46003758907318115,0.0,0.0,nan,0.0,0.0,0.0,0.0,0.0,0.0,1.0
1779978067.4970372,-1.2820223569869995,-0.46003758907318115,0.0,0.0,nan,0.0,0.0,0.0,0.0,0.0,0.0,1.0
1779978067.507599,-1.2820223569869995,-0.46003758907318115,0.0,0.0,nan,0.0,0.0,0.0,0.0,0.0,0.0,1.0
1779978067.5178761,-1.2820223569869995,-0.46003758907318115,0.0,0.0,nan,0.0,0.0,0.0,0.0,0.0,0.0,1.0
1779978067.5283875,-1.2820223569869995,-0.46003758907318115,0.0,0.0,nan,0.0,0.0,0.0,0.0,0.0,0.0,1.0
1779978067.5387485,-1.2820223569869995,-0.46003758907318115,0.0,0.0,nan,0.0,0.0,0.0,0.0,0.0,0.0,1.0
1779978067.5489664,-1.2820223569869995,-0.46003758907318115,0.0,0.0,nan,0.0,0.0,0.0,0.0,0.0,0.0,1.0
1779978067.5591362,-1.2820223569869995,-0.46003758907318115,0.0,0.0,nan,0.0,0.0,0.0,0.0,0.0,0.0,1.0
1779978067.5693583,-1.2820223569869995,-0.46003758907318115,0.0,0.0,nan,0.0,0.0,0.0,0.0,0.0,0.0,1.0
1779978067.5794504,-1.2820223569869995,-0.46003758907318115,0.0,0.0,nan,0.0,0.0,0.0,0.0,0.0,0.0,1.0
1779978067.5895534,-1.2820223569869995,-0.46003758907318115,0.0,0.0,nan,0.0,0.0,0.0,0.0,0.0,0.0,1.0
1779978067.6000938,-1.2820223569869995,-0.46003758907318115,0.0,0.0,nan,0.0,0.0,0.0,0.0,0.0,0.0,1.0
1779978067.6103375,-1.2820223569869995,-0.46003758907318115,0.0,0.0,nan,0.0,0.0,0.0,0.0,0.0,0.0,1.0
1779978067.6203535,-1.2820223569869995,-0.46003758907318115,0.0,0.0,nan,0.0,0.0,0.0,0.0,0.0,0.0,1.0
1779978067.6305053,-1.2820223569869995,-0.46003758907318115,0.0,0.0,nan,0.0,0.0,0.0,0.0,0.0,0.0,1.0
1779978067.6410966,-1.2820223569869995,-0.46003758907318115,0.0,0.0,nan,0.0,0.0,0.0,0.0,0.0,0.0,1.0
1779978067.6518338,-1.2820223569869995,-0.46003758907318115,0.0,0.0,nan,0.0,0.0,0.0,0.0,0.0,0.0,1.0
1779978067.6618109,-1.2820223569869995,-0.46003758907318115,0.0,0.0,nan,0.0,0.0,0.0,0.0,0.0,0.0,1.0
1779978067.6722822,-1.2820223569869995,-0.46003758907318115,0.0,0.0,nan,0.0,0.0,0.0,0.0,0.0,0.0,1.0
1779978067.6825504,-1.2820223569869995,-0.46003758907318115,0.0,0.0,nan,0.0,0.0,0.0,0.0,0.0,0.0,1.0
1779978067.6928375,-1.2820223569869995,-0.46003758907318115,0.0,0.0,nan,0.0,0.0,0.0,0.0,0.0,0.0,1.0
1779978067.703317,-1.2820223569869995,-0.46003758907318115,0.0,0.0,nan,0.0,0.0,0.0,0.0,0.0,0.0,1.0
1779978067.713735,-1.2820223569869995,-0.46003758907318115,0.0,0.0,nan,0.0,0.0,0.0,0.0,0.0,0.0,1.0
1779978067.7239394,-1.2820223569869995,-0.46003758907318115,0.0,0.0,nan,0.0,0.0,0.0,0.0,0.0,0.0,1.0
1779978067.7345512,-1.2820223569869995,-0.46003758907318115,0.0,0.0,nan,0.0,0.0,0.0,0.0,0.0,0.0,1.0
1779978067.7445757,-1.2820223569869995,-0.46003758907318115,0.0,0.0,nan,0.0,0.0,0.0,0.0,0.0,0.0,1.0
1779978067.7549105,-1.2820223569869995,-0.46003758907318115,0.0,0.0,nan,0.0,0.0,0.0,0.0,0.0,0.0,1.0
1779978067.7654865,-1.2820223569869995,-0.46003758907318115,0.0,0.0,nan,0.0,0.0,0.0,0.0,0.0,0.0,1.0
1779978067.7758934,-1.2820223569869995,-0.46003758907318115,0.0,0.0,nan,0.0,0.0,0.0,0.0,0.0,0.0,1.0
1779978067.7861736,-1.2820223569869995,-0.46003758907318115,0.0,0.0,nan,0.0,0.0,0.0,0.0,0.0,0.0,1.0
1779978067.7962117,-1.2820223569869995,-0.46003758907318115,0.0,0.0,nan,0.0,0.0,0.0,0.0,0.0,0.0,1.0
1779978067.8064835,-1.2820223569869995,-0.46003758907318115,0.0,0.0,nan,0.0,0.0,0.0,0.0,0.0,0.0,1.0
1779978067.816902,-1.2820223569869995,-0.46003758907318115,0.0,0.0,nan,0.0,0.0,0.0,0.0,0.0,0.0,1.0
1779978067.8269916,-1.2820223569869995,-0.46003758907318115,0.0,0.0,nan,0.0,0.0,0.0,0.0,0.0,0.0,1.0
1779978067.837389,-1.2820223569869995,-0.46003758907318115,0.0,0.0,nan,0.0,0.0,0.0,0.0,0.0,0.0,1.0
1779978067.8479974,-1.2820223569869995,-0.46003758907318115,0.0,0.0,nan,0.0,0.0,0.0,0.0,0.0,0.0,1.0
1779978067.857934,-1.2820223569869995,-0.46003758907318115,0.0,0.0,nan,0.0,0.0,0.0,0.0,0.0,0.0,1.0
1779978067.868106,-1.2820223569869995,-0.46003758907318115,0.0,0.0,nan,0.0,0.0,0.0,0.0,0.0,0.0,1.0
1779978067.8783484,-1.2820223569869995,-0.46003758907318115,0.0,0.0,nan,0.0,0.0,0.0,0.0,0.0,0.0,1.0
1779978067.8886213,-1.2820223569869995,-0.46003758907318115,0.0,0.0,nan,0.0,0.0,0.0,0.0,0.0,0.0,1.0
1779978067.8988318,-1.2820223569869995,-0.46003758907318115,0.0,0.0,nan,0.0,0.0,0.0,0.0,0.0,0.0,1.0
1779978067.9094744,-1.2820223569869995,-0.46003758907318115,0.0,0.0,nan,0.0,0.0,0.0,0.0,0.0,0.0,1.0
1779978067.9199548,-1.2820223569869995,-0.46003758907318115,0.0,0.0,nan,0.0,0.0,0.0,0.0,0.0,0.0,1.0
1779978067.9305034,-1.2820223569869995,-0.46003758907318115,0.0,0.0,nan,0.0,0.0,0.0,0.0,0.0,0.0,1.0
1779978067.9406157,-1.2820223569869995,-0.46003758907318115,0.0,0.0,nan,0.0,0.0,0.0,0.0,0.0,0.0,1.0
1779978067.9507804,-1.2820223569869995,-0.46003758907318115,0.0,0.0,nan,0.0,0.0,0.0,0.0,0.0,0.0,1.0
1779978067.9613063,-1.2820223569869995,-0.46003758907318115,0.0,0.0,nan,0.0,0.0,0.0,0.0,0.0,0.0,1.0
1779978067.971671,-1.2820223569869995,-0.46003758907318115,0.0,0.0,nan,0.0,0.0,0.0,0.0,0.0,0.0,1.0
1779978067.9817672,-1.2820223569869995,-0.46003758907318115,0.0,0.0,nan,0.0,0.0,0.0,0.0,0.0,0.0,1.0
1779978067.991856,-1.2820223569869995,-0.46003758907318115,0.0,0.0,nan,0.0,0.0,0.0,0.0,0.0,0.0,1.0
1779978068.00324,-1.2820223569869995,-0.46003758907318115,0.0,0.0,nan,0.0,0.0,0.0,0.0,0.0,0.0,1.0
1779978068.0136645,-1.2820223569869995,-0.46003758907318115,0.0,0.0,nan,0.0,0.0,0.0,0.0,0.0,0.0,1.0
1779978068.023961,-1.2820223569869995,-0.46003758907318115,0.0,0.0,nan,0.0,0.0,0.0,0.0,0.0,0.0,1.0
1779978068.036471,-1.2820223569869995,-0.46003758907318115,0.0,0.0,nan,0.0,0.0,0.0,0.0,0.0,0.0,1.0
1779978068.0465317,-1.2820223569869995,-0.46003758907318115,0.0,0.0,nan,0.0,0.0,0.0,0.0,0.0,0.0,1.0
1779978068.0569499,-1.2820223569869995,-0.46003758907318115,0.0,0.0,nan,0.0,0.0,0.0,0.0,0.0,0.0,1.0
1779978068.0671883,-1.2820223569869995,-0.46003758907318115,0.0,0.0,nan,0.0,0.0,0.0,0.0,0.0,0.0,1.0
1779978068.0777178,-1.2820223569869995,-0.46003758907318115,0.0,0.0,nan,0.0,0.0,0.0,0.0,0.0,0.0,1.0
1779978068.0883682,-1.2820223569869995,-0.46003758907318115,0.0,0.0,nan,0.0,0.0,0.0,0.0,0.0,0.0,1.0
1779978068.0985377,-1.2820223569869995,-0.46003758907318115,0.0,0.0,nan,0.0,0.0,0.0,0.0,0.0,0.0,1.0
1779978068.108615,-1.2820223569869995,-0.46003758907318115,0.0,0.0,nan,0.0,0.0,0.0,0.0,0.0,0.0,1.0
1779978068.1187427,-1.2820223569869995,-0.46003758907318115,0.0,0.0,nan,0.0,0.0,0.0,0.0,0.0,0.0,1.0
1779978068.1288092,-1.2820223569869995,-0.46003758907318115,0.0,0.0,nan,0.0,0.0,0.0,0.0,0.0,0.0,1.0
1779978068.1393225,-1.2820223569869995,-0.46003758907318115,0.0,0.0,nan,0.0,0.0,0.0,0.0,0.0,0.0,1.0
1779978068.1495945,-1.2820223569869995,-0.46003758907318115,0.0,0.0,nan,0.0,0.0,0.0,0.0,0.0,0.0,1.0
1779978068.1602328,-1.2820223569869995,-0.46003758907318115,0.0,0.0,nan,0.0,0.0,0.0,0.0,0.0,0.0,1.0
1779978068.1706693,-1.2820223569869995,-0.46003758907318115,0.0,0.0,nan,0.0,0.0,0.0,0.0,0.0,0.0,1.0
1779978068.1805065,-1.2820223569869995,-0.46003758907318115,0.0,0.0,nan,0.0,0.0,0.0,0.0,0.0,0.0,1.0
1779978068.1905417,-1.2820223569869995,-0.46003758907318115,0.0,0.0,nan,0.0,0.0,0.0,0.0,0.0,0.0,1.0
1779978068.200828,-1.2820223569869995,-0.46003758907318115,0.0,0.0,nan,0.0,0.0,0.0,0.0,0.0,0.0,1.0
1779978068.2108765,-1.2820223569869995,-0.46003758907318115,0.0,0.0,nan,0.0,0.0,0.0,0.0,0.0,0.0,1.0
1779978068.2214835,-1.2820223569869995,-0.46003758907318115,0.0,0.0,nan,0.0,0.0,0.0,0.0,0.0,0.0,1.0
1779978068.2316606,-1.2820223569869995,-0.46003758907318115,0.0,0.0,nan,0.0,0.0,0.0,0.0,0.0,0.0,1.0
1779978068.2417219,-1.2820223569869995,-0.46003758907318115,0.0,0.0,nan,0.0,0.0,0.0,0.0,0.0,0.0,1.0
1779978068.252408,-1.2820223569869995,-0.46003758907318115,0.0,0.0,nan,0.0,0.0,0.0,0.0,0.0,0.0,1.0
1779978068.2625117,-1.2820223569869995,-0.46003758907318115,0.0,0.0,nan,0.0,0.0,0.0,0.0,0.0,0.0,1.0
1779978068.2727027,-1.2820223569869995,-0.46003758907318115,0.0,0.0,nan,0.0,0.0,0.0,0.0,0.0,0.0,1.0
1779978068.2827978,-1.2820223569869995,-0.46003758907318115,0.0,0.0,nan,0.0,0.0,0.0,0.0,0.0,0.0,1.0
1779978068.2935512,-1.2820223569869995,-0.46003758907318115,0.0,0.0,nan,0.0,0.0,0.0,0.0,0.0,0.0,1.0
1779978068.3036256,-1.2820223569869995,-0.46003758907318115,0.0,0.0,nan,0.0,0.0,0.0,0.0,0.0,0.0,1.0
1779978068.3141725,-1.2820223569869995,-0.46003758907318115,0.0,0.0,nan,0.0,0.0,0.0,0.0,0.0,0.0,1.0
1779978068.3249002,-1.2820223569869995,-0.46003758907318115,0.0,0.0,nan,0.0,0.0,0.0,0.0,0.0,0.0,1.0
1779978068.3343458,-1.2820223569869995,-0.46003758907318115,0.0,0.0,nan,0.0,0.0,0.0,0.0,0.0,0.0,1.0
1779978068.344957,-1.2820223569869995,-0.46003758907318115,0.0,0.0,nan,0.0,0.0,0.0,0.0,0.0,0.0,1.0
1779978068.3555274,-1.2820223569869995,-0.46003758907318115,0.0,0.0,nan,0.0,0.0,0.0,0.0,0.0,0.0,1.0
1779978068.3657794,-1.2820223569869995,-0.46003758907318115,0.0,0.0,nan,0.0,0.0,0.0,0.0,0.0,0.0,1.0
1779978068.3757358,-1.2820223569869995,-0.46003758907318115,0.0,0.0,nan,0.0,0.0,0.0,0.0,0.0,0.0,1.0
1779978068.3858943,-1.2820223569869995,-0.46003758907318115,0.0,0.0,nan,0.0,0.0,0.0,0.0,0.0,0.0,1.0
1779978068.3962054,-1.2820223569869995,-0.46003758907318115,0.0,0.0,nan,0.0,0.0,0.0,0.0,0.0,0.0,1.0
1779978068.4067116,-1.2820223569869995,-0.46003758907318115,0.0,0.0,nan,0.0,0.0,0.0,0.0,0.0,0.0,1.0
1779978068.416702,-1.2820223569869995,-0.46003758907318115,0.0,0.0,nan,0.0,0.0,0.0,0.0,0.0,0.0,1.0
1779978068.4270518,-1.2820223569869995,-0.46003758907318115,0.0,0.0,nan,0.0,0.0,0.0,0.0,0.0,0.0,1.0
1779978068.4375374,-1.2820223569869995,-0.46003758907318115,0.0,0.0,nan,0.0,0.0,0.0,0.0,0.0,0.0,1.0
1779978068.4480658,-1.2820223569869995,-0.46003758907318115,0.0,0.0,nan,0.0,0.0,0.0,0.0,0.0,0.0,1.0
1779978068.458169,-1.2820223569869995,-0.46003758907318115,0.0,0.0,nan,0.0,0.0,0.0,0.0,0.0,0.0,1.0
1779978068.4685926,-1.2820223569869995,-0.46003758907318115,0.0,0.0,nan,0.0,0.0,0.0,0.0,0.0,0.0,1.0
1779978068.4787505,-1.2820223569869995,-0.46003758907318115,0.0,0.0,nan,0.0,0.0,0.0,0.0,0.0,0.0,1.0
1779978068.4890563,-1.2820223569869995,-0.46003758907318115,0.0,0.0,nan,0.0,0.0,0.0,0.0,0.0,0.0,1.0
1779978068.4993784,-1.2820223569869995,-0.46003758907318115,0.0,0.0,nan,0.0,0.0,0.0,0.0,0.0,0.0,1.0
1779978068.5097795,-1.2820223569869995,-0.46003758907318115,0.0,0.0,nan,0.0,0.0,0.0,0.0,0.0,0.0,1.0
1779978068.520305,-1.2820223569869995,-0.46003758907318115,0.0,0.0,nan,0.0,0.0,0.0,0.0,0.0,0.0,1.0
1779978068.5304554,-1.2820223569869995,-0.46003758907318115,0.0,0.0,nan,0.0,0.0,0.0,0.0,0.0,0.0,1.0
1779978068.540881,-1.2820223569869995,-0.46003758907318115,0.0,0.0,nan,0.0,0.0,0.0,0.0,0.0,0.0,1.0
1779978068.5513606,-1.2820223569869995,-0.46003758907318115,0.0,0.0,nan,0.0,0.0,0.0,0.0,0.0,0.0,1.0
1779978068.561424,-1.2820223569869995,-0.46003758907318115,0.0,0.0,nan,0.0,0.0,0.0,0.0,0.0,0.0,1.0
1779978068.5717506,-1.2820223569869995,-0.46003758907318115,0.0,0.0,nan,0.0,0.0,0.0,0.0,0.0,0.0,1.0
1779978068.5823758,-1.2820223569869995,-0.46003758907318115,0.0,0.0,nan,0.0,0.0,0.0,0.0,0.0,0.0,1.0
1779978068.5924346,-1.2820223569869995,-0.46003758907318115,0.0,0.0,nan,0.0,0.0,0.0,0.0,0.0,0.0,1.0
1779978068.6030107,-1.2820223569869995,-0.46003758907318115,0.0,0.0,nan,0.0,0.0,0.0,0.0,0.0,0.0,1.0
1779978068.6132936,-1.2820223569869995,-0.46003758907318115,0.0,0.0,nan,0.0,0.0,0.0,0.0,0.0,0.0,1.0
1779978068.6239874,-1.2820223569869995,-0.46003758907318115,0.0,0.0,nan,0.0,0.0,0.0,0.0,0.0,0.0,1.0
1779978068.634071,-1.2820223569869995,-0.46003758907318115,0.0,0.0,nan,0.0,0.0,0.0,0.0,0.0,0.0,1.0
1779978068.6443658,-1.2820223569869995,-0.46003758907318115,0.0,0.0,nan,0.0,0.0,0.0,0.0,0.0,0.0,1.0
1779978068.6549232,-1.2820223569869995,-0.46003758907318115,0.0,0.0,nan,0.0,0.0,0.0,0.0,0.0,0.0,1.0
1779978068.665214,-1.2820223569869995,-0.46003758907318115,0.0,0.0,nan,0.0,0.0,0.0,0.0,0.0,0.0,1.0
1779978068.675529,-1.2820223569869995,-0.46003758907318115,0.0,0.0,nan,0.0,0.0,0.0,0.0,0.0,0.0,1.0
1779978068.6859245,-1.2820223569869995,-0.46003758907318115,0.0,0.0,nan,0.0,0.0,0.0,0.0,0.0,0.0,1.0
1779978068.6964269,-1.2820223569869995,-0.46003758907318115,0.0,0.0,nan,0.0,0.0,0.0,0.0,0.0,0.0,1.0
1779978068.706544,-1.2820223569869995,-0.46003758907318115,0.0,0.0,nan,0.0,0.0,0.0,0.0,0.0,0.0,1.0
1779978068.716644,-1.2820223569869995,-0.46003758907318115,0.0,0.0,nan,0.0,0.0,0.0,0.0,0.0,0.0,1.0
1779978068.7268612,-1.2820223569869995,-0.46003758907318115,0.0,0.0,nan,0.0,0.0,0.0,0.0,0.0,0.0,1.0
1779978068.7372952,-1.2820223569869995,-0.46003758907318115,0.0,0.0,nan,0.0,0.0,0.0,0.0,0.0,0.0,1.0
1779978068.747623,-1.2820223569869995,-0.46003758907318115,0.0,0.0,nan,0.0,0.0,0.0,0.0,0.0,0.0,1.0
1779978068.7582254,-1.2820223569869995,-0.46003758907318115,0.0,0.0,nan,0.0,0.0,0.0,0.0,0.0,0.0,1.0
1779978068.7683597,-1.2820223569869995,-0.46003758907318115,0.0,0.0,nan,0.0,0.0,0.0,0.0,0.0,0.0,1.0
1779978068.7788768,-1.2820223569869995,-0.46003758907318115,0.0,0.0,nan,0.0,0.0,0.0,0.0,0.0,0.0,1.0
1779978068.7893376,-1.2820223569869995,-0.46003758907318115,0.0,0.0,nan,0.0,0.0,0.0,0.0,0.0,0.0,1.0
1779978068.7996485,-1.2820223569869995,-0.46003758907318115,0.0,0.0,nan,0.0,0.0,0.0,0.0,0.0,0.0,1.0
1779978068.8097286,-1.2820223569869995,-0.46003758907318115,0.0,0.0,nan,0.0,0.0,0.0,0.0,0.0,0.0,1.0
1779978068.820239,-1.2820223569869995,-0.46003758907318115,0.0,0.0,nan,0.0,0.0,0.0,0.0,0.0,0.0,1.0
1779978068.8309965,-1.2820223569869995,-0.46003758907318115,0.0,0.0,nan,0.0,0.0,0.0,0.0,0.0,0.0,1.0
1779978068.8413942,-1.2820223569869995,-0.46003758907318115,0.0,0.0,nan,0.0,0.0,0.0,0.0,0.0,0.0,1.0
1779978068.8517175,-1.2820223569869995,-0.46003758907318115,0.0,0.0,nan,0.0,0.0,0.0,0.0,0.0,0.0,1.0
1779978068.8618622,-1.2820223569869995,-0.46003758907318115,0.0,0.0,nan,0.0,0.0,0.0,0.0,0.0,0.0,1.0
1779978068.8719926,-1.2820223569869995,-0.46003758907318115,0.0,0.0,nan,0.0,0.0,0.0,0.0,0.0,0.0,1.0
1779978068.8826034,-1.2820223569869995,-0.46003758907318115,0.0,0.0,nan,0.0,0.0,0.0,0.0,0.0,0.0,1.0
1779978068.8931198,-1.2820223569869995,-0.46003758907318115,0.0,0.0,nan,0.0,0.0,0.0,0.0,0.0,0.0,1.0
1779978068.903055,-1.2820223569869995,-0.46003758907318115,0.0,0.0,nan,0.0,0.0,0.0,0.0,0.0,0.0,1.0
1779978068.9131196,-1.2820223569869995,-0.46003758907318115,0.0,0.0,nan,0.0,0.0,0.0,0.0,0.0,0.0,1.0
1779978068.923297,-1.2820223569869995,-0.46003758907318115,0.0,0.0,nan,0.0,0.0,0.0,0.0,0.0,0.0,1.0
1779978068.9338224,-1.2820223569869995,-0.46003758907318115,0.0,0.0,nan,0.0,0.0,0.0,0.0,0.0,0.0,1.0
1779978068.943888,-1.2820223569869995,-0.46003758907318115,0.0,0.0,nan,0.0,0.0,0.0,0.0,0.0,0.0,1.0
1779978068.9543066,-1.2820223569869995,-0.46003758907318115,0.0,0.0,nan,0.0,0.0,0.0,0.0,0.0,0.0,1.0
1779978068.964659,-1.2820223569869995,-0.46003758907318115,0.0,0.0,nan,0.0,0.0,0.0,0.0,0.0,0.0,1.0
1779978068.9751308,-1.2820223569869995,-0.46003758907318115,0.0,0.0,nan,0.0,0.0,0.0,0.0,0.0,0.0,1.0
1779978068.9855487,-1.2820223569869995,-0.46003758907318115,0.0,0.0,nan,0.0,0.0,0.0,0.0,0.0,0.0,1.0
1779978068.9956598,-1.2820223569869995,-0.46003758907318115,0.0,0.0,nan,0.0,0.0,0.0,0.0,0.0,0.0,1.0
1779978069.0063415,-1.2820223569869995,-0.46003758907318115,0.0,0.0,nan,0.0,0.0,0.0,0.0,0.0,0.0,1.0
1779978069.0171752,-1.2820223569869995,-0.46003758907318115,0.0,0.0,nan,0.0,0.0,0.0,0.0,0.0,0.0,1.0
1779978069.0268843,-1.2820223569869995,-0.46003758907318115,0.0,0.0,nan,0.0,0.0,0.0,0.0,0.0,0.0,1.0
1779978069.037059,-1.2820223569869995,-0.46003758907318115,0.0,0.0,nan,0.0,0.0,0.0,0.0,0.0,0.0,1.0
1779978069.0472827,-1.2820223569869995,-0.46003758907318115,0.0,0.0,nan,0.0,0.0,0.0,0.0,0.0,0.0,1.0
1779978069.0577178,-1.2820223569869995,-0.46003758907318115,0.0,0.0,nan,0.0,0.0,0.0,0.0,0.0,0.0,1.0
1779978069.067918,-1.2820223569869995,-0.46003758907318115,0.0,0.0,nan,0.0,0.0,0.0,0.0,0.0,0.0,1.0
1779978069.0783558,-1.2820223569869995,-0.46003758907318115,0.0,0.0,nan,0.0,0.0,0.0,0.0,0.0,0.0,1.0
1779978069.0884097,-1.2820223569869995,-0.46003758907318115,0.0,0.0,nan,0.0,0.0,0.0,0.0,0.0,0.0,1.0
1779978069.0987277,-1.2820223569869995,-0.46003758907318115,0.0,0.0,nan,0.0,0.0,0.0,0.0,0.0,0.0,1.0
1779978069.1091635,-1.2820223569869995,-0.46003758907318115,0.0,0.0,nan,0.0,0.0,0.0,0.0,0.0,0.0,1.0
1779978069.119435,-1.2820223569869995,-0.46003758907318115,0.0,0.0,nan,0.0,0.0,0.0,0.0,0.0,0.0,1.0
1779978069.1297078,-1.2820223569869995,-0.46003758907318115,0.0,0.0,nan,0.0,0.0,0.0,0.0,0.0,0.0,1.0
1779978069.139974,-1.2820223569869995,-0.46003758907318115,0.0,0.0,nan,0.0,0.0,0.0,0.0,0.0,0.0,1.0
1779978069.1500385,-1.2820223569869995,-0.46003758907318115,0.0,0.0,nan,0.0,0.0,0.0,0.0,0.0,0.0,1.0
1779978069.1603389,-1.2820223569869995,-0.46003758907318115,0.0,0.0,nan,0.0,0.0,0.0,0.0,0.0,0.0,1.0
1779978069.1708446,-1.2820223569869995,-0.46003758907318115,0.0,0.0,nan,0.0,0.0,0.0,0.0,0.0,0.0,1.0
1779978069.1809726,-1.2820223569869995,-0.46003758907318115,0.0,0.0,nan,0.0,0.0,0.0,0.0,0.0,0.0,1.0
1779978069.1914194,-1.2820223569869995,-0.46003758907318115,0.0,0.0,nan,0.0,0.0,0.0,0.0,0.0,0.0,1.0
1779978069.2016213,-1.2820223569869995,-0.46003758907318115,0.0,0.0,nan,0.0,0.0,0.0,0.0,0.0,0.0,1.0
1779978069.211801,-1.2820223569869995,-0.46003758907318115,0.0,0.0,nan,0.0,0.0,0.0,0.0,0.0,0.0,1.0
1779978069.222065,-1.2820223569869995,-0.46003758907318115,0.0,0.0,nan,0.0,0.0,0.0,0.0,0.0,0.0,1.0
1779978069.2326043,-1.2820223569869995,-0.46003758907318115,0.0,0.0,nan,0.0,0.0,0.0,0.0,0.0,0.0,1.0
1779978069.2425911,-1.2820223569869995,-0.46003758907318115,0.0,0.0,nan,0.0,0.0,0.0,0.0,0.0,0.0,1.0
1779978069.2528934,-1.2820223569869995,-0.46003758907318115,0.0,0.0,nan,0.0,0.0,0.0,0.0,0.0,0.0,1.0
1779978069.2633445,-1.2820223569869995,-0.46003758907318115,0.0,0.0,nan,0.0,0.0,0.0,0.0,0.0,0.0,1.0
1779978069.2737315,-1.2820223569869995,-0.46003758907318115,0.0,0.0,nan,0.0,0.0,0.0,0.0,0.0,0.0,1.0
1779978069.283963,-1.2820223569869995,-0.46003758907318115,0.0,0.0,nan,0.0,0.0,0.0,0.0,0.0,0.0,1.0
1779978069.2944732,-1.2820223569869995,-0.46003758907318115,0.0,0.0,nan,0.0,0.0,0.0,0.0,0.0,0.0,1.0
1779978069.3047423,-1.2820223569869995,-0.46003758907318115,0.0,0.0,nan,0.0,0.0,0.0,0.0,0.0,0.0,1.0
1779978069.3150425,-1.2820223569869995,-0.46003758907318115,0.0,0.0,nan,0.0,0.0,0.0,0.0,0.0,0.0,1.0
1779978069.3252432,-1.2820223569869995,-0.46003758907318115,0.0,0.0,nan,0.0,0.0,0.0,0.0,0.0,0.0,1.0
1779978069.3358748,-1.2820223569869995,-0.46003758907318115,0.0,0.0,nan,0.0,0.0,0.0,0.0,0.0,0.0,1.0
1779978069.3465266,-1.2820223569869995,-0.46003758907318115,0.0,0.0,nan,0.0,0.0,0.0,0.0,0.0,0.0,1.0
1779978069.3567128,-1.2820223569869995,-0.46003758907318115,0.0,0.0,nan,0.0,0.0,0.0,0.0,0.0,0.0,1.0
1779978069.3668945,-1.2820223569869995,-0.46003758907318115,0.0,0.0,nan,0.0,0.0,0.0,0.0,0.0,0.0,1.0
1779978069.3774168,-1.2820223569869995,-0.46003758907318115,0.0,0.0,nan,0.0,0.0,0.0,0.0,0.0,0.0,1.0
1779978069.3873818,-1.2820223569869995,-0.46003758907318115,0.0,0.0,nan,0.0,0.0,0.0,0.0,0.0,0.0,1.0
1779978069.397665,-1.2820223569869995,-0.46003758907318115,0.0,0.0,nan,0.0,0.0,0.0,0.0,0.0,0.0,1.0
1779978069.4078608,-1.2820223569869995,-0.46003758907318115,0.0,0.0,nan,0.0,0.0,0.0,0.0,0.0,0.0,1.0
1779978069.4178793,-1.2820223569869995,-0.46003758907318115,0.0,0.0,nan,0.0,0.0,0.0,0.0,0.0,0.0,1.0
1779978069.4280765,-1.2820223569869995,-0.46003758907318115,0.0,0.0,nan,0.0,0.0,0.0,0.0,0.0,0.0,1.0
1779978069.4385066,-1.2820223569869995,-0.46003758907318115,0.0,0.0,nan,0.0,0.0,0.0,0.0,0.0,0.0,1.0
1779978069.4490194,-1.2820223569869995,-0.46003758907318115,0.0,0.0,nan,0.0,0.0,0.0,0.0,0.0,0.0,1.0
1779978069.4595535,-1.2820223569869995,-0.46003758907318115,0.0,0.0,nan,0.0,0.0,0.0,0.0,0.0,0.0,1.0
1779978069.4729486,-1.2820223569869995,-0.46003758907318115,0.0,0.0,nan,0.0,0.0,0.0,0.0,0.0,0.0,1.0
1779978069.4830475,-1.2820223569869995,-0.46003758907318115,0.0,0.0,nan,0.0,0.0,0.0,0.0,0.0,0.0,1.0
1779978069.4933043,-1.2820223569869995,-0.46003758907318115,0.0,0.0,nan,0.0,0.0,0.0,0.0,0.0,0.0,1.0
1779978069.5037816,-1.2820223569869995,-0.46003758907318115,0.0,0.0,nan,0.0,0.0,0.0,0.0,0.0,0.0,1.0
1779978069.5140438,-1.2820223569869995,-0.46003758907318115,0.0,0.0,nan,0.0,0.0,0.0,0.0,0.0,0.0,1.0
1779978069.5246518,-1.2820223569869995,-0.46003758907318115,0.0,0.0,nan,0.0,0.0,0.0,0.0,0.0,0.0,1.0
1779978069.5348885,-1.2820223569869995,-0.46003758907318115,0.0,0.0,nan,0.0,0.0,0.0,0.0,0.0,0.0,1.0
1779978069.5452955,-1.2820223569869995,-0.46003758907318115,0.0,0.0,nan,0.0,0.0,0.0,0.0,0.0,0.0,1.0
1779978069.5554087,-1.2820223569869995,-0.46003758907318115,0.0,0.0,nan,0.0,0.0,0.0,0.0,0.0,0.0,1.0
1779978069.566172,-1.2820223569869995,-0.46003758907318115,0.0,0.0,nan,0.0,0.0,0.0,0.0,0.0,0.0,1.0
1779978069.5763223,-1.2820223569869995,-0.46003758907318115,0.0,0.0,nan,0.0,0.0,0.0,0.0,0.0,0.0,1.0
1779978069.5868287,-1.2820223569869995,-0.46003758907318115,0.0,0.0,nan,0.0,0.0,0.0,0.0,0.0,0.0,1.0
1779978069.5969234,-1.2820223569869995,-0.46003758907318115,0.0,0.0,nan,0.0,0.0,0.0,0.0,0.0,0.0,1.0
1779978069.60728,-1.2820223569869995,-0.46003758907318115,0.0,0.0,nan,0.0,0.0,0.0,0.0,0.0,0.0,1.0
1779978069.617829,-1.2820223569869995,-0.46003758907318115,0.0,0.0,nan,0.0,0.0,0.0,0.0,0.0,0.0,1.0
1779978069.6283786,-1.2820223569869995,-0.46003758907318115,0.0,0.0,nan,0.0,0.0,0.0,0.0,0.0,0.0,1.0
1779978069.638439,-1.2820223569869995,-0.46003758907318115,0.0,0.0,nan,0.0,0.0,0.0,0.0,0.0,0.0,1.0
1779978069.6496158,-1.2820223569869995,-0.46003758907318115,0.0,0.0,nan,0.0,0.0,0.0,0.0,0.0,0.0,1.0
1779978069.6604016,-1.2820223569869995,-0.46003758907318115,0.0,0.0,nan,0.0,0.0,0.0,0.0,0.0,0.0,1.0
1779978069.671234,-1.2820223569869995,-0.46003758907318115,0.0,0.0,nan,0.0,0.0,0.0,0.0,0.0,0.0,1.0
1779978069.6817715,-1.2820223569869995,-0.46003758907318115,0.0,0.0,nan,0.0,0.0,0.0,0.0,0.0,0.0,1.0
1779978069.6921883,-1.2820223569869995,-0.46003758907318115,0.0,0.0,nan,0.0,0.0,0.0,0.0,0.0,0.0,1.0
1779978069.7024977,-1.2820223569869995,-0.46003758907318115,0.0,0.0,nan,0.0,0.0,0.0,0.0,0.0,0.0,1.0
1779978069.7128258,-1.2820223569869995,-0.46003758907318115,0.0,0.0,nan,0.0,0.0,0.0,0.0,0.0,0.0,1.0
1779978069.7232728,-1.2820223569869995,-0.46003758907318115,0.0,0.0,nan,0.0,0.0,0.0,0.0,0.0,0.0,1.0
1779978069.7335224,-1.2820223569869995,-0.46003758907318115,0.0,0.0,nan,0.0,0.0,0.0,0.0,0.0,0.0,1.0
1779978069.7441008,-1.2820223569869995,-0.46003758907318115,0.0,0.0,nan,0.0,0.0,0.0,0.0,0.0,0.0,1.0
1779978069.7546806,-1.2820223569869995,-0.46003758907318115,0.0,0.0,nan,0.0,0.0,0.0,0.0,0.0,0.0,1.0
1779978069.7647803,-1.2820223569869995,-0.46003758907318115,0.0,0.0,nan,0.0,0.0,0.0,0.0,0.0,0.0,1.0
1779978069.775378,-1.2820223569869995,-0.46003758907318115,0.0,0.0,nan,0.0,0.0,0.0,0.0,0.0,0.0,1.0
1779978069.7856836,-1.2820223569869995,-0.46003758907318115,0.0,0.0,nan,0.0,0.0,0.0,0.0,0.0,0.0,1.0
1779978069.795758,-1.2820223569869995,-0.46003758907318115,0.0,0.0,nan,0.0,0.0,0.0,0.0,0.0,0.0,1.0
1779978069.8061414,-1.2820223569869995,-0.46003758907318115,0.0,0.0,nan,0.0,0.0,0.0,0.0,0.0,0.0,1.0
1779978069.8168375,-1.2820223569869995,-0.46003758907318115,0.0,0.0,nan,0.0,0.0,0.0,0.0,0.0,0.0,1.0
1779978069.8272166,-1.2820223569869995,-0.46003758907318115,0.0,0.0,nan,0.0,0.0,0.0,0.0,0.0,0.0,1.0
1779978069.837692,-1.2820223569869995,-0.46003758907318115,0.0,0.0,nan,0.0,0.0,0.0,0.0,0.0,0.0,1.0
1779978069.8481355,-1.2820223569869995,-0.46003758907318115,0.0,0.0,nan,0.0,0.0,0.0,0.0,0.0,0.0,1.0
1779978069.858317,-1.2820223569869995,-0.46003758907318115,0.0,0.0,nan,0.0,0.0,0.0,0.0,0.0,0.0,1.0
1779978069.8686368,-1.2820223569869995,-0.46003758907318115,0.0,0.0,nan,0.0,0.0,0.0,0.0,0.0,0.0,1.0
1779978069.8787403,-1.2820223569869995,-0.46003758907318115,0.0,0.0,nan,0.0,0.0,0.0,0.0,0.0,0.0,1.0
1779978069.889345,-1.2820223569869995,-0.46003758907318115,0.0,0.0,nan,0.0,0.0,0.0,0.0,0.0,0.0,1.0
1779978069.8994966,-1.2820223569869995,-0.46003758907318115,0.0,0.0,nan,0.0,0.0,0.0,0.0,0.0,0.0,1.0
1779978069.909752,-1.2820223569869995,-0.46003758907318115,0.0,0.0,nan,0.0,0.0,0.0,0.0,0.0,0.0,1.0
1779978069.9200485,-1.2820223569869995,-0.46003758907318115,0.0,0.0,nan,0.0,0.0,0.0,0.0,0.0,0.0,1.0
1779978069.9300199,-1.2820223569869995,-0.46003758907318115,0.0,0.0,nan,0.0,0.0,0.0,0.0,0.0,0.0,1.0
1779978069.9406564,-1.2820223569869995,-0.46003758907318115,0.0,0.0,nan,0.0,0.0,0.0,0.0,0.0,0.0,1.0
1779978069.950572,-1.2820223569869995,-0.46003758907318115,0.0,0.0,nan,0.0,0.0,0.0,0.0,0.0,0.0,1.0
1779978069.9608662,-1.2820223569869995,-0.46003758907318115,0.0,0.0,nan,0.0,0.0,0.0,0.0,0.0,0.0,1.0
1779978069.971289,-1.2820223569869995,-0.46003758907318115,0.0,0.0,nan,0.0,0.0,0.0,0.0,0.0,0.0,1.0
1779978069.9816988,-1.2820223569869995,-0.46003758907318115,0.0,0.0,nan,0.0,0.0,0.0,0.0,0.0,0.0,1.0
1779978069.9918754,-1.2820223569869995,-0.46003758907318115,0.0,0.0,nan,0.0,0.0,0.0,0.0,0.0,0.0,1.0
1779978070.0021884,-1.2820223569869995,-0.46003758907318115,0.0,0.0,nan,0.0,0.0,0.0,0.0,0.0,0.0,1.0
1779978070.0124874,-1.2820223569869995,-0.46003758907318115,0.0,0.0,nan,0.0,0.0,0.0,0.0,0.0,0.0,1.0
1779978070.0228987,-1.2820223569869995,-0.46003758907318115,0.0,0.0,nan,0.0,0.0,0.0,0.0,0.0,0.0,1.0
1779978070.0331626,-1.2820223569869995,-0.46003758907318115,0.0,0.0,nan,0.0,0.0,0.0,0.0,0.0,0.0,1.0
1779978070.0433142,-1.2820223569869995,-0.46003758907318115,0.0,0.0,nan,0.0,0.0,0.0,0.0,0.0,0.0,1.0
1779978070.0535028,-1.2820223569869995,-0.46003758907318115,0.0,0.0,nan,0.0,0.0,0.0,0.0,0.0,0.0,1.0
1779978070.063965,-1.2820223569869995,-0.46003758907318115,0.0,0.0,nan,0.0,0.0,0.0,0.0,0.0,0.0,1.0
1779978070.0743597,-1.2820223569869995,-0.46003758907318115,0.0,0.0,nan,0.0,0.0,0.0,0.0,0.0,0.0,1.0
1779978070.084525,-1.2820223569869995,-0.46003758907318115,0.0,0.0,nan,0.0,0.0,0.0,0.0,0.0,0.0,1.0
1779978070.0945942,-1.2820223569869995,-0.46003758907318115,0.0,0.0,nan,0.0,0.0,0.0,0.0,0.0,0.0,1.0
1779978070.1048644,-1.2820223569869995,-0.46003758907318115,0.0,0.0,nan,0.0,0.0,0.0,0.0,0.0,0.0,1.0
1779978070.1148329,-1.2820223569869995,-0.46003758907318115,0.0,0.0,nan,0.0,0.0,0.0,0.0,0.0,0.0,1.0
1779978070.1253002,-1.2820223569869995,-0.46003758907318115,0.0,0.0,nan,0.0,0.0,0.0,0.0,0.0,0.0,1.0
1779978070.135354,-1.2820223569869995,-0.46003758907318115,0.0,0.0,nan,0.0,0.0,0.0,0.0,0.0,0.0,1.0
1779978070.1459637,-1.2820223569869995,-0.46003758907318115,0.0,0.0,nan,0.0,0.0,0.0,0.0,0.0,0.0,1.0
1779978070.1564856,-1.2820223569869995,-0.46003758907318115,0.0,0.0,nan,0.0,0.0,0.0,0.0,0.0,0.0,1.0
1779978070.1666424,-1.2820223569869995,-0.46003758907318115,0.0,0.0,nan,0.0,0.0,0.0,0.0,0.0,0.0,1.0
1779978070.1772616,-1.2820223569869995,-0.46003758907318115,0.0,0.0,nan,0.0,0.0,0.0,0.0,0.0,0.0,1.0
1779978070.187277,-1.2820223569869995,-0.46003758907318115,0.0,0.0,nan,0.0,0.0,0.0,0.0,0.0,0.0,1.0
1779978070.1976948,-1.2820223569869995,-0.46003758907318115,0.0,0.0,nan,0.0,0.0,0.0,0.0,0.0,0.0,1.0
1779978070.2082243,-1.2820223569869995,-0.46003758907318115,0.0,0.0,nan,0.0,0.0,0.0,0.0,0.0,0.0,1.0
1779978070.218634,-1.2820223569869995,-0.46003758907318115,0.0,0.0,nan,0.0,0.0,0.0,0.0,0.0,0.0,1.0
1779978070.2287476,-1.2820223569869995,-0.46003758907318115,0.0,0.0,nan,0.0,0.0,0.0,0.0,0.0,0.0,1.0
1779978070.2392964,-1.2820223569869995,-0.46003758907318115,0.0,0.0,nan,0.0,0.0,0.0,0.0,0.0,0.0,1.0
1779978070.2493794,-1.2820223569869995,-0.46003758907318115,0.0,0.0,nan,0.0,0.0,0.0,0.0,0.0,0.0,1.0
1779978070.2594256,-1.2820223569869995,-0.46003758907318115,0.0,0.0,nan,0.0,0.0,0.0,0.0,0.0,0.0,1.0
1779978070.270255,-1.2820223569869995,-0.46003758907318115,0.0,0.0,nan,0.0,0.0,0.0,0.0,0.0,0.0,1.0
1779978070.280296,-1.2820223569869995,-0.46003758907318115,0.0,0.0,nan,0.0,0.0,0.0,0.0,0.0,0.0,1.0
1779978070.2905602,-1.2820223569869995,-0.46003758907318115,0.0,0.0,nan,0.0,0.0,0.0,0.0,0.0,0.0,1.0
1779978070.3009644,-1.2820223569869995,-0.46003758907318115,0.0,0.0,nan,0.0,0.0,0.0,0.0,0.0,0.0,1.0
1779978070.3111074,-1.2820223569869995,-0.46003758907318115,0.0,0.0,nan,0.0,0.0,0.0,0.0,0.0,0.0,1.0
1779978070.3217244,-1.2820223569869995,-0.46003758907318115,0.0,0.0,nan,0.0,0.0,0.0,0.0,0.0,0.0,1.0
1779978070.3322008,-1.2820223569869995,-0.46003758907318115,0.0,0.0,nan,0.0,0.0,0.0,0.0,0.0,0.0,1.0
1779978070.3422766,-1.2820223569869995,-0.46003758907318115,0.0,0.0,nan,0.0,0.0,0.0,0.0,0.0,0.0,1.0
1779978070.3529134,-1.2820223569869995,-0.46003758907318115,0.0,0.0,nan,0.0,0.0,0.0,0.0,0.0,0.0,1.0
1779978070.3630226,-1.2820223569869995,-0.46003758907318115,0.0,0.0,nan,0.0,0.0,0.0,0.0,0.0,0.0,1.0
1779978070.3731816,-1.2820223569869995,-0.46003758907318115,0.0,0.0,nan,0.0,0.0,0.0,0.0,0.0,0.0,1.0
1779978070.3838103,-1.2820223569869995,-0.46003758907318115,0.0,0.0,nan,0.0,0.0,0.0,0.0,0.0,0.0,1.0
1779978070.3943799,-1.2820223569869995,-0.46003758907318115,0.0,0.0,nan,0.0,0.0,0.0,0.0,0.0,0.0,1.0
1779978070.4044783,-1.2820223569869995,-0.46003758907318115,0.0,0.0,nan,0.0,0.0,0.0,0.0,0.0,0.0,1.0
1779978070.4150414,-1.2820223569869995,-0.46003758907318115,0.0,0.0,nan,0.0,0.0,0.0,0.0,0.0,0.0,1.0
1779978070.4251602,-1.2820223569869995,-0.46003758907318115,0.0,0.0,nan,0.0,0.0,0.0,0.0,0.0,0.0,1.0
1779978070.4354758,-1.2820223569869995,-0.46003758907318115,0.0,0.0,nan,0.0,0.0,0.0,0.0,0.0,0.0,1.0
1779978070.4460523,-1.2820223569869995,-0.46003758907318115,0.0,0.0,nan,0.0,0.0,0.0,0.0,0.0,0.0,1.0
1779978070.4562602,-1.2820223569869995,-0.46003758907318115,0.0,0.0,nan,0.0,0.0,0.0,0.0,0.0,0.0,1.0
1779978070.466335,-1.2820223569869995,-0.46003758907318115,0.0,0.0,nan,0.0,0.0,0.0,0.0,0.0,0.0,1.0
1779978070.4766488,-1.2820223569869995,-0.46003758907318115,0.0,0.0,nan,0.0,0.0,0.0,0.0,0.0,0.0,1.0
1779978070.48661,-1.2820223569869995,-0.46003758907318115,0.0,0.0,nan,0.0,0.0,0.0,0.0,0.0,0.0,1.0
1779978070.4966867,-1.2820223569869995,-0.46003758907318115,0.0,0.0,nan,0.0,0.0,0.0,0.0,0.0,0.0,1.0
1779978070.5067303,-1.2820223569869995,-0.46003758907318115,0.0,0.0,nan,0.0,0.0,0.0,0.0,0.0,0.0,1.0
1779978070.517072,-1.2820223569869995,-0.46003758907318115,0.0,0.0,nan,0.0,0.0,0.0,0.0,0.0,0.0,1.0
1779978070.5271578,-1.2820223569869995,-0.46003758907318115,0.0,0.0,nan,0.0,0.0,0.0,0.0,0.0,0.0,1.0
1779978070.5374,-1.2820223569869995,-0.46003758907318115,0.0,0.0,nan,0.0,0.0,0.0,0.0,0.0,0.0,1.0
1779978070.5475886,-1.2820223569869995,-0.46003758907318115,0.0,0.0,nan,0.0,0.0,0.0,0.0,0.0,0.0,1.0
1779978070.557874,-1.2820223569869995,-0.46003758907318115,0.0,0.0,nan,0.0,0.0,0.0,0.0,0.0,0.0,1.0
1779978070.5680263,-1.2820223569869995,-0.46003758907318115,0.0,0.0,nan,0.0,0.0,0.0,0.0,0.0,0.0,1.0
1779978070.5784252,-1.2820223569869995,-0.46003758907318115,0.0,0.0,nan,0.0,0.0,0.0,0.0,0.0,0.0,1.0
1779978070.5885167,-1.2820223569869995,-0.46003758907318115,0.0,0.0,nan,0.0,0.0,0.0,0.0,0.0,0.0,1.0
1779978070.5987747,-1.2820223569869995,-0.46003758907318115,0.0,0.0,nan,0.0,0.0,0.0,0.0,0.0,0.0,1.0
1779978070.6087701,-1.2820223569869995,-0.46003758907318115,0.0,0.0,nan,0.0,0.0,0.0,0.0,0.0,0.0,1.0
1779978070.6188014,-1.2820223569869995,-0.46003758907318115,0.0,0.0,nan,0.0,0.0,0.0,0.0,0.0,0.0,1.0
1779978070.6289783,-1.2820223569869995,-0.46003758907318115,0.0,0.0,nan,0.0,0.0,0.0,0.0,0.0,0.0,1.0
1779978070.6392245,-1.2820223569869995,-0.46003758907318115,0.0,0.0,nan,0.0,0.0,0.0,0.0,0.0,0.0,1.0
1779978070.6496162,-1.2820223569869995,-0.46003758907318115,0.0,0.0,nan,0.0,0.0,0.0,0.0,0.0,0.0,1.0
1779978070.6600718,-1.2820223569869995,-0.46003758907318115,0.0,0.0,nan,0.0,0.0,0.0,0.0,0.0,0.0,1.0
1779978070.6706667,-1.2820223569869995,-0.46003758907318115,0.0,0.0,nan,0.0,0.0,0.0,0.0,0.0,0.0,1.0
1779978070.681113,-1.2820223569869995,-0.46003758907318115,0.0,0.0,nan,0.0,0.0,0.0,0.0,0.0,0.0,1.0
1779978070.6916645,-1.2820223569869995,-0.46003758907318115,0.0,0.0,nan,0.0,0.0,0.0,0.0,0.0,0.0,1.0
1779978070.7021523,-1.2820223569869995,-0.46003758907318115,0.0,0.0,nan,0.0,0.0,0.0,0.0,0.0,0.0,1.0
1779978070.7126276,-1.2820223569869995,-0.46003758907318115,0.0,0.0,nan,0.0,0.0,0.0,0.0,0.0,0.0,1.0
1779978070.7229164,-1.2820223569869995,-0.46003758907318115,0.0,0.0,nan,0.0,0.0,0.0,0.0,0.0,0.0,1.0
1779978070.7334726,-1.2820223569869995,-0.46003758907318115,0.0,0.0,nan,0.0,0.0,0.0,0.0,0.0,0.0,1.0
1779978070.7438774,-1.2820223569869995,-0.46003758907318115,0.0,0.0,nan,0.0,0.0,0.0,0.0,0.0,0.0,1.0
1779978070.7539911,-1.2820223569869995,-0.46003758907318115,0.0,0.0,nan,0.0,0.0,0.0,0.0,0.0,0.0,1.0
1779978070.7641072,-1.2820223569869995,-0.46003758907318115,0.0,0.0,nan,0.0,0.0,0.0,0.0,0.0,0.0,1.0
1779978070.7746084,-1.2820223569869995,-0.46003758907318115,0.0,0.0,nan,0.0,0.0,0.0,0.0,0.0,0.0,1.0
1779978070.7849433,-1.2820223569869995,-0.46003758907318115,0.0,0.0,nan,0.0,0.0,0.0,0.0,0.0,0.0,1.0
1779978070.7954252,-1.2820223569869995,-0.46003758907318115,0.0,0.0,nan,0.0,0.0,0.0,0.0,0.0,0.0,1.0
1779978070.8063786,-1.2820223569869995,-0.46003758907318115,0.0,0.0,nan,0.0,0.0,0.0,0.0,0.0,0.0,1.0
1779978070.8165398,-1.2820223569869995,-0.46003758907318115,0.0,0.0,nan,0.0,0.0,0.0,0.0,0.0,0.0,1.0
1779978070.8270593,-1.2820223569869995,-0.46003758907318115,0.0,0.0,nan,0.0,0.0,0.0,0.0,0.0,0.0,1.0
1779978070.837701,-1.2820223569869995,-0.46003758907318115,0.0,0.0,nan,0.0,0.0,0.0,0.0,0.0,0.0,1.0
1779978070.848142,-1.2820223569869995,-0.46003758907318115,0.0,0.0,nan,0.0,0.0,0.0,0.0,0.0,0.0,1.0
1779978070.8583422,-1.2820223569869995,-0.46003758907318115,0.0,0.0,nan,0.0,0.0,0.0,0.0,0.0,0.0,1.0
1779978070.8685598,-1.2820223569869995,-0.46003758907318115,0.0,0.0,nan,0.0,0.0,0.0,0.0,0.0,0.0,1.0
1779978070.8790154,-1.2820223569869995,-0.46003758907318115,0.0,0.0,nan,0.0,0.0,0.0,0.0,0.0,0.0,1.0
1779978070.889557,-1.2820223569869995,-0.46003758907318115,0.0,0.0,nan,0.0,0.0,0.0,0.0,0.0,0.0,1.0
1779978070.900121,-1.2820223569869995,-0.46003758907318115,0.0,0.0,nan,0.0,0.0,0.0,0.0,0.0,0.0,1.0
1779978070.9102085,-1.2820223569869995,-0.46003758907318115,0.0,0.0,nan,0.0,0.0,0.0,0.0,0.0,0.0,1.0
1779978070.920533,-1.2820223569869995,-0.46003758907318115,0.0,0.0,nan,0.0,0.0,0.0,0.0,0.0,0.0,1.0
1779978070.930984,-1.2820223569869995,-0.46003758907318115,0.0,0.0,nan,0.0,0.0,0.0,0.0,0.0,0.0,1.0
1779978070.941168,-1.2820223569869995,-0.46003758907318115,0.0,0.0,nan,0.0,0.0,0.0,0.0,0.0,0.0,1.0
1779978070.9512672,-1.2820223569869995,-0.46003758907318115,0.0,0.0,nan,0.0,0.0,0.0,0.0,0.0,0.0,1.0
1779978070.9615564,-1.2820223569869995,-0.46003758907318115,0.0,0.0,nan,0.0,0.0,0.0,0.0,0.0,0.0,1.0
1779978070.9720592,-1.2820223569869995,-0.46003758907318115,0.0,0.0,nan,0.0,0.0,0.0,0.0,0.0,0.0,1.0
1779978070.9827058,-1.2820223569869995,-0.46003758907318115,0.0,0.0,nan,0.0,0.0,0.0,0.0,0.0,0.0,1.0
1779978070.9929636,-1.2820223569869995,-0.46003758907318115,0.0,0.0,nan,0.0,0.0,0.0,0.0,0.0,0.0,1.0
1779978071.0031545,-1.2820223569869995,-0.46003758907318115,0.0,0.0,nan,0.0,0.0,0.0,0.0,0.0,0.0,1.0
1779978071.013346,-1.2820223569869995,-0.46003758907318115,0.0,0.0,nan,0.0,0.0,0.0,0.0,0.0,0.0,1.0
1779978071.0241032,-1.2820223569869995,-0.46003758907318115,0.0,0.0,nan,0.0,0.0,0.0,0.0,0.0,0.0,1.0
1779978071.0346658,-1.2820223569869995,-0.46003758907318115,0.0,0.0,nan,0.0,0.0,0.0,0.0,0.0,0.0,1.0
1779978071.0451174,-1.2820223569869995,-0.46003758907318115,0.0,0.0,nan,0.0,0.0,0.0,0.0,0.0,0.0,1.0
1779978071.0553782,-1.2820223569869995,-0.46003758907318115,0.0,0.0,nan,0.0,0.0,0.0,0.0,0.0,0.0,1.0
1779978071.0660667,-1.2820223569869995,-0.46003758907318115,0.0,0.0,nan,0.0,0.0,0.0,0.0,0.0,0.0,1.0
1779978071.0766492,-1.2820223569869995,-0.46003758907318115,0.0,0.0,nan,0.0,0.0,0.0,0.0,0.0,0.0,1.0
1779978071.0871592,-1.2820223569869995,-0.46003758907318115,0.0,0.0,nan,0.0,0.0,0.0,0.0,0.0,0.0,1.0
1779978071.0977933,-1.2820223569869995,-0.46003758907318115,0.0,0.0,nan,0.0,0.0,0.0,0.0,0.0,0.0,1.0
1779978071.1079123,-1.2820223569869995,-0.46003758907318115,0.0,0.0,nan,0.0,0.0,0.0,0.0,0.0,0.0,1.0
1779978071.1183035,-1.2820223569869995,-0.46003758907318115,0.0,0.0,nan,0.0,0.0,0.0,0.0,0.0,0.0,1.0
1779978071.1285117,-1.2820223569869995,-0.46003758907318115,0.0,0.0,nan,0.0,0.0,0.0,0.0,0.0,0.0,1.0
1779978071.1389136,-1.2820223569869995,-0.46003758907318115,0.0,0.0,nan,0.0,0.0,0.0,0.0,0.0,0.0,1.0
1779978071.1492784,-1.2820223569869995,-0.46003758907318115,0.0,0.0,nan,0.0,0.0,0.0,0.0,0.0,0.0,1.0
1779978071.1599326,-1.2820223569869995,-0.46003758907318115,0.0,0.0,nan,0.0,0.0,0.0,0.0,0.0,0.0,1.0
1779978071.170419,-1.2820223569869995,-0.46003758907318115,0.0,0.0,nan,0.0,0.0,0.0,0.0,0.0,0.0,1.0
1779978071.180556,-1.2820223569869995,-0.46003758907318115,0.0,0.0,nan,0.0,0.0,0.0,0.0,0.0,0.0,1.0
1779978071.1910644,-1.2820223569869995,-0.46003758907318115,0.0,0.0,nan,0.0,0.0,0.0,0.0,0.0,0.0,1.0
1779978071.2018175,-1.2820223569869995,-0.46003758907318115,0.0,0.0,nan,0.0,0.0,0.0,0.0,0.0,0.0,1.0
1779978071.212107,-1.2820223569869995,-0.46003758907318115,0.0,0.0,nan,0.0,0.0,0.0,0.0,0.0,0.0,1.0
1779978071.2226048,-1.2820223569869995,-0.46003758907318115,0.0,0.0,nan,0.0,0.0,0.0,0.0,0.0,0.0,1.0
1779978071.2333336,-1.2820223569869995,-0.46003758907318115,0.0,0.0,nan,0.0,0.0,0.0,0.0,0.0,0.0,1.0
1779978071.243686,-1.2820223569869995,-0.46003758907318115,0.0,0.0,nan,0.0,0.0,0.0,0.0,0.0,0.0,1.0
1779978071.2539084,-1.2820223569869995,-0.46003758907318115,0.0,0.0,nan,0.0,0.0,0.0,0.0,0.0,0.0,1.0
1779978071.2642128,-1.2820223569869995,-0.46003758907318115,0.0,0.0,nan,0.0,0.0,0.0,0.0,0.0,0.0,1.0
1779978071.2746897,-1.2820223569869995,-0.46003758907318115,0.0,0.0,nan,0.0,0.0,0.0,0.0,0.0,0.0,1.0
1779978071.2853103,-1.2820223569869995,-0.46003758907318115,0.0,0.0,nan,0.0,0.0,0.0,0.0,0.0,0.0,1.0
1779978071.2953222,-1.2820223569869995,-0.46003758907318115,0.0,0.0,nan,0.0,0.0,0.0,0.0,0.0,0.0,1.0
1779978071.3058562,-1.2820223569869995,-0.46003758907318115,0.0,0.0,nan,0.0,0.0,0.0,0.0,0.0,0.0,1.0
1779978071.3159983,-1.2820223569869995,-0.46003758907318115,0.0,0.0,nan,0.0,0.0,0.0,0.0,0.0,0.0,1.0
1779978071.3264802,-1.2820223569869995,-0.46003758907318115,0.0,0.0,nan,0.0,0.0,0.0,0.0,0.0,0.0,1.0
1779978071.336948,-1.2820223569869995,-0.46003758907318115,0.0,0.0,nan,0.0,0.0,0.0,0.0,0.0,0.0,1.0
1779978071.3474588,-1.2820223569869995,-0.46003758907318115,0.0,0.0,nan,0.0,0.0,0.0,0.0,0.0,0.0,1.0
1779978071.3580658,-1.2820223569869995,-0.46003758907318115,0.0,0.0,nan,0.0,0.0,0.0,0.0,0.0,0.0,1.0
1779978071.368234,-1.2820223569869995,-0.46003758907318115,0.0,0.0,nan,0.0,0.0,0.0,0.0,0.0,0.0,1.0
1779978071.378673,-1.2820223569869995,-0.46003758907318115,0.0,0.0,nan,0.0,0.0,0.0,0.0,0.0,0.0,1.0
1779978071.3889244,-1.2820223569869995,-0.46003758907318115,0.0,0.0,nan,0.0,0.0,0.0,0.0,0.0,0.0,1.0
1779978071.3993468,-1.2820223569869995,-0.46003758907318115,0.0,0.0,nan,0.0,0.0,0.0,0.0,0.0,0.0,1.0
1779978071.410444,-1.2820223569869995,-0.46003758907318115,0.0,0.0,nan,0.0,0.0,0.0,0.0,0.0,0.0,1.0
1779978071.4205227,-1.2820223569869995,-0.46003758907318115,0.0,0.0,nan,0.0,0.0,0.0,0.0,0.0,0.0,1.0
1779978071.4305882,-1.2820223569869995,-0.46003758907318115,0.0,0.0,nan,0.0,0.0,0.0,0.0,0.0,0.0,1.0
1779978071.440846,-1.2820223569869995,-0.46003758907318115,0.0,0.0,nan,0.0,0.0,0.0,0.0,0.0,0.0,1.0
1779978071.451266,-1.2820223569869995,-0.46003758907318115,0.0,0.0,nan,0.0,0.0,0.0,0.0,0.0,0.0,1.0
1779978071.4614236,-1.2820223569869995,-0.46003758907318115,0.0,0.0,nan,0.0,0.0,0.0,0.0,0.0,0.0,1.0
1779978071.4722803,-1.2820223569869995,-0.46003758907318115,0.0,0.0,nan,0.0,0.0,0.0,0.0,0.0,0.0,1.0
1779978071.4826918,-1.2820223569869995,-0.46003758907318115,0.0,0.0,nan,0.0,0.0,0.0,0.0,0.0,0.0,1.0
1779978071.4930525,-1.2820223569869995,-0.46003758907318115,0.0,0.0,nan,0.0,0.0,0.0,0.0,0.0,0.0,1.0
1779978071.503754,-1.2820223569869995,-0.46003758907318115,0.0,0.0,nan,0.0,0.0,0.0,0.0,0.0,0.0,1.0
1779978071.5142236,-1.2820223569869995,-0.46003758907318115,0.0,0.0,nan,0.0,0.0,0.0,0.0,0.0,0.0,1.0
1779978071.524481,-1.2820223569869995,-0.46003758907318115,0.0,0.0,nan,0.0,0.0,0.0,0.0,0.0,0.0,1.0
1779978071.5346675,-1.2820223569869995,-0.46003758907318115,0.0,0.0,nan,0.0,0.0,0.0,0.0,0.0,0.0,1.0
1779978071.5447628,-1.2820223569869995,-0.46003758907318115,0.0,0.0,nan,0.0,0.0,0.0,0.0,0.0,0.0,1.0
1779978071.5552034,-1.2820223569869995,-0.46003758907318115,0.0,0.0,nan,0.0,0.0,0.0,0.0,0.0,0.0,1.0
1779978071.5654237,-1.2820223569869995,-0.46003758907318115,0.0,0.0,nan,0.0,0.0,0.0,0.0,0.0,0.0,1.0
1779978071.5757172,-1.2820223569869995,-0.46003758907318115,0.0,0.0,nan,0.0,0.0,0.0,0.0,0.0,0.0,1.0
1779978071.585987,-1.2820223569869995,-0.46003758907318115,0.0,0.0,nan,0.0,0.0,0.0,0.0,0.0,0.0,1.0
1779978071.5961404,-1.2820223569869995,-0.46003758907318115,0.0,0.0,nan,0.0,0.0,0.0,0.0,0.0,0.0,1.0
1779978071.6068788,-1.2820223569869995,-0.46003758907318115,0.0,0.0,nan,0.0,0.0,0.0,0.0,0.0,0.0,1.0
1779978071.6166635,-1.2820223569869995,-0.46003758907318115,0.0,0.0,nan,0.0,0.0,0.0,0.0,0.0,0.0,1.0
1779978071.6270163,-1.2820223569869995,-0.46003758907318115,0.0,0.0,nan,0.0,0.0,0.0,0.0,0.0,0.0,1.0
1779978071.6375556,-1.2820223569869995,-0.46003758907318115,0.0,0.0,nan,0.0,0.0,0.0,0.0,0.0,0.0,1.0
1779978071.6476707,-1.2820223569869995,-0.46003758907318115,0.0,0.0,nan,0.0,0.0,0.0,0.0,0.0,0.0,1.0
1779978071.657966,-1.2820223569869995,-0.46003758907318115,0.0,0.0,nan,0.0,0.0,0.0,0.0,0.0,0.0,1.0
1779978071.6679971,-1.2820223569869995,-0.46003758907318115,0.0,0.0,nan,0.0,0.0,0.0,0.0,0.0,0.0,1.0
1779978071.6781332,-1.2820223569869995,-0.46003758907318115,0.0,0.0,nan,0.0,0.0,0.0,0.0,0.0,0.0,1.0
1779978071.6885333,-1.2820223569869995,-0.46003758907318115,0.0,0.0,nan,0.0,0.0,0.0,0.0,0.0,0.0,1.0
1779978071.6990497,-1.2820223569869995,-0.46003758907318115,0.0,0.0,nan,0.0,0.0,0.0,0.0,0.0,0.0,1.0
1779978071.709414,-1.2820223569869995,-0.46003758907318115,0.0,0.0,nan,0.0,0.0,0.0,0.0,0.0,0.0,1.0
1779978071.7195542,-1.2820223569869995,-0.46003758907318115,0.0,0.0,nan,0.0,0.0,0.0,0.0,0.0,0.0,1.0
1779978071.729766,-1.2820223569869995,-0.46003758907318115,0.0,0.0,nan,0.0,0.0,0.0,0.0,0.0,0.0,1.0
1779978071.7402766,-1.2820223569869995,-0.46003758907318115,0.0,0.0,nan,0.0,0.0,0.0,0.0,0.0,0.0,1.0
1779978071.7510133,-1.2820223569869995,-0.46003758907318115,0.0,0.0,nan,0.0,0.0,0.0,0.0,0.0,0.0,1.0
1779978071.7611253,-1.2820223569869995,-0.46003758907318115,0.0,0.0,nan,0.0,0.0,0.0,0.0,0.0,0.0,1.0
1779978071.7713637,-1.2820223569869995,-0.46003758907318115,0.0,0.0,nan,0.0,0.0,0.0,0.0,0.0,0.0,1.0
1779978071.7814202,-1.2820223569869995,-0.46003758907318115,0.0,0.0,nan,0.0,0.0,0.0,0.0,0.0,0.0,1.0
1779978071.7914824,-1.2820223569869995,-0.46003758907318115,0.0,0.0,nan,0.0,0.0,0.0,0.0,0.0,0.0,1.0
1779978071.8021731,-1.2820223569869995,-0.46003758907318115,0.0,0.0,nan,0.0,0.0,0.0,0.0,0.0,0.0,1.0
1779978071.8126771,-1.2820223569869995,-0.46003758907318115,0.0,0.0,nan,0.0,0.0,0.0,0.0,0.0,0.0,1.0
1779978071.8232448,-1.2820223569869995,-0.46003758907318115,0.0,0.0,nan,0.0,0.0,0.0,0.0,0.0,0.0,1.0
1779978071.8335881,-1.2820223569869995,-0.46003758907318115,0.0,0.0,nan,0.0,0.0,0.0,0.0,0.0,0.0,1.0
1779978071.8440478,-1.2820223569869995,-0.46003758907318115,0.0,0.0,nan,0.0,0.0,0.0,0.0,0.0,0.0,1.0
1779978071.854823,-1.2820223569869995,-0.46003758907318115,0.0,0.0,nan,0.0,0.0,0.0,0.0,0.0,0.0,1.0
1779978071.865295,-1.2820223569869995,-0.46003758907318115,0.0,0.0,nan,0.0,0.0,0.0,0.0,0.0,0.0,1.0
1779978071.8757517,-1.2820223569869995,-0.46003758907318115,0.0,0.0,nan,0.0,0.0,0.0,0.0,0.0,0.0,1.0
1779978071.8858833,-1.2820223569869995,-0.46003758907318115,0.0,0.0,nan,0.0,0.0,0.0,0.0,0.0,0.0,1.0
1779978071.8963096,-1.2820223569869995,-0.46003758907318115,0.0,0.0,nan,0.0,0.0,0.0,0.0,0.0,0.0,1.0
1779978071.9065275,-1.2820223569869995,-0.46003758907318115,0.0,0.0,nan,0.0,0.0,0.0,0.0,0.0,0.0,1.0
1779978071.9170008,-1.2820223569869995,-0.46003758907318115,0.0,0.0,nan,0.0,0.0,0.0,0.0,0.0,0.0,1.0
1779978071.927168,-1.2820223569869995,-0.46003758907318115,0.0,0.0,nan,0.0,0.0,0.0,0.0,0.0,0.0,1.0
1779978071.938011,-1.2820223569869995,-0.46003758907318115,0.0,0.0,nan,0.0,0.0,0.0,0.0,0.0,0.0,1.0
1779978071.9480526,-1.2820223569869995,-0.46003758907318115,0.0,0.0,nan,0.0,0.0,0.0,0.0,0.0,0.0,1.0
1779978071.958655,-1.2820223569869995,-0.46003758907318115,0.0,0.0,nan,0.0,0.0,0.0,0.0,0.0,0.0,1.0
1779978071.96871,-1.2820223569869995,-0.46003758907318115,0.0,0.0,nan,0.0,0.0,0.0,0.0,0.0,0.0,1.0
1779978071.9791727,-1.2820223569869995,-0.46003758907318115,0.0,0.0,nan,0.0,0.0,0.0,0.0,0.0,0.0,1.0
1779978071.9897459,-1.2820223569869995,-0.46003758907318115,0.0,0.0,nan,0.0,0.0,0.0,0.0,0.0,0.0,1.0
1779978072.0003762,-1.2820223569869995,-0.46003758907318115,0.0,0.0,nan,0.0,0.0,0.0,0.0,0.0,0.0,1.0
1779978072.0109181,-1.2820223569869995,-0.46003758907318115,0.0,0.0,nan,0.0,0.0,0.0,0.0,0.0,0.0,1.0
1779978072.021105,-1.2820223569869995,-0.46003758907318115,0.0,0.0,nan,0.0,0.0,0.0,0.0,0.0,0.0,1.0
1779978072.031171,-1.2820223569869995,-0.46003758907318115,0.0,0.0,nan,0.0,0.0,0.0,0.0,0.0,0.0,1.0
1779978072.0412881,-1.2820223569869995,-0.46003758907318115,0.0,0.0,nan,0.0,0.0,0.0,0.0,0.0,0.0,1.0
1779978072.0514047,-1.2820223569869995,-0.46003758907318115,0.0,0.0,nan,0.0,0.0,0.0,0.0,0.0,0.0,1.0
1779978072.0616302,-1.2820223569869995,-0.46003758907318115,0.0,0.0,nan,0.0,0.0,0.0,0.0,0.0,0.0,1.0
1779978072.072143,-1.2820223569869995,-0.46003758907318115,0.0,0.0,nan,0.0,0.0,0.0,0.0,0.0,0.0,1.0
1779978072.0823364,-1.2820223569869995,-0.46003758907318115,0.0,0.0,nan,0.0,0.0,0.0,0.0,0.0,0.0,1.0
1779978072.0924838,-1.2820223569869995,-0.46003758907318115,0.0,0.0,nan,0.0,0.0,0.0,0.0,0.0,0.0,1.0
1779978072.1025863,-1.2820223569869995,-0.46003758907318115,0.0,0.0,nan,0.0,0.0,0.0,0.0,0.0,0.0,1.0
1779978072.1128047,-1.2820223569869995,-0.46003758907318115,0.0,0.0,nan,0.0,0.0,0.0,0.0,0.0,0.0,1.0
1779978072.1229773,-1.2820223569869995,-0.46003758907318115,0.0,0.0,nan,0.0,0.0,0.0,0.0,0.0,0.0,1.0
1779978072.1336205,-1.2820223569869995,-0.46003758907318115,0.0,0.0,nan,0.0,0.0,0.0,0.0,0.0,0.0,1.0
1779978072.1438565,-1.2820223569869995,-0.46003758907318115,0.0,0.0,nan,0.0,0.0,0.0,0.0,0.0,0.0,1.0
1779978072.1542988,-1.2820223569869995,-0.46003758907318115,0.0,0.0,nan,0.0,0.0,0.0,0.0,0.0,0.0,1.0
1779978072.1648962,-1.2820223569869995,-0.46003758907318115,0.0,0.0,nan,0.0,0.0,0.0,0.0,0.0,0.0,1.0
1779978072.1753428,-1.2820223569869995,-0.46003758907318115,0.0,0.0,nan,0.0,0.0,0.0,0.0,0.0,0.0,1.0
1779978072.1855233,-1.2820223569869995,-0.46003758907318115,0.0,0.0,nan,0.0,0.0,0.0,0.0,0.0,0.0,1.0
1779978072.1960166,-1.2820223569869995,-0.46003758907318115,0.0,0.0,nan,0.0,0.0,0.0,0.0,0.0,0.0,1.0
1779978072.2061968,-1.2820223569869995,-0.46003758907318115,0.0,0.0,nan,0.0,0.0,0.0,0.0,0.0,0.0,1.0
1779978072.2162917,-1.2820223569869995,-0.46003758907318115,0.0,0.0,nan,0.0,0.0,0.0,0.0,0.0,0.0,1.0
1779978072.2268121,-1.2820223569869995,-0.46003758907318115,0.0,0.0,nan,0.0,0.0,0.0,0.0,0.0,0.0,1.0
1779978072.236924,-1.2820223569869995,-0.46003758907318115,0.0,0.0,nan,0.0,0.0,0.0,0.0,0.0,0.0,1.0
1779978072.2469835,-1.2820223569869995,-0.46003758907318115,0.0,0.0,nan,0.0,0.0,0.0,0.0,0.0,0.0,1.0
1779978072.2575762,-1.2820223569869995,-0.46003758907318115,0.0,0.0,nan,0.0,0.0,0.0,0.0,0.0,0.0,1.0
1779978072.267928,-1.2820223569869995,-0.46003758907318115,0.0,0.0,nan,0.0,0.0,0.0,0.0,0.0,0.0,1.0
1779978072.277997,-1.2820223569869995,-0.46003758907318115,0.0,0.0,nan,0.0,0.0,0.0,0.0,0.0,0.0,1.0
1779978072.2884517,-1.2820223569869995,-0.46003758907318115,0.0,0.0,nan,0.0,0.0,0.0,0.0,0.0,0.0,1.0
1779978072.2985148,-1.2820223569869995,-0.46003758907318115,0.0,0.0,nan,0.0,0.0,0.0,0.0,0.0,0.0,1.0
1779978072.30869,-1.2820223569869995,-0.46003758907318115,0.0,0.0,nan,0.0,0.0,0.0,0.0,0.0,0.0,1.0
1779978072.3189323,-1.2820223569869995,-0.46003758907318115,0.0,0.0,nan,0.0,0.0,0.0,0.0,0.0,0.0,1.0
1779978072.329305,-1.2820223569869995,-0.46003758907318115,0.0,0.0,nan,0.0,0.0,0.0,0.0,0.0,0.0,1.0
1779978072.339109,-1.2820223569869995,-0.46003758907318115,0.0,0.0,nan,0.0,0.0,0.0,0.0,0.0,0.0,1.0
1779978072.3494139,-1.2820223569869995,-0.46003758907318115,0.0,0.0,nan,0.0,0.0,0.0,0.0,0.0,0.0,1.0
1779978072.359604,-1.2820223569869995,-0.46003758907318115,0.0,0.0,nan,0.0,0.0,0.0,0.0,0.0,0.0,1.0
1779978072.3698049,-1.2820223569869995,-0.46003758907318115,0.0,0.0,nan,0.0,0.0,0.0,0.0,0.0,0.0,1.0
1779978072.3802333,-1.2820223569869995,-0.46003758907318115,0.0,0.0,nan,0.0,0.0,0.0,0.0,0.0,0.0,1.0
1779978072.3903327,-1.2820223569869995,-0.46003758907318115,0.0,0.0,nan,0.0,0.0,0.0,0.0,0.0,0.0,1.0
1779978072.4008124,-1.2820223569869995,-0.46003758907318115,0.0,0.0,nan,0.0,0.0,0.0,0.0,0.0,0.0,1.0
1779978072.4113092,-1.2820223569869995,-0.46003758907318115,0.0,0.0,nan,0.0,0.0,0.0,0.0,0.0,0.0,1.0
1779978072.42192,-1.2820223569869995,-0.46003758907318115,0.0,0.0,nan,0.0,0.0,0.0,0.0,0.0,0.0,1.0
1779978072.4320738,-1.2820223569869995,-0.46003758907318115,0.0,0.0,nan,0.0,0.0,0.0,0.0,0.0,0.0,1.0
1779978072.4425566,-1.2820223569869995,-0.46003758907318115,0.0,0.0,nan,0.0,0.0,0.0,0.0,0.0,0.0,1.0
1779978072.4527173,-1.2820223569869995,-0.46003758907318115,0.0,0.0,nan,0.0,0.0,0.0,0.0,0.0,0.0,1.0
1779978072.4631126,-1.2820223569869995,-0.46003758907318115,0.0,0.0,nan,0.0,0.0,0.0,0.0,0.0,0.0,1.0
1779978072.47344,-1.2820223569869995,-0.46003758907318115,0.0,0.0,nan,0.0,0.0,0.0,0.0,0.0,0.0,1.0
1779978072.483804,-1.2820223569869995,-0.46003758907318115,0.0,0.0,nan,0.0,0.0,0.0,0.0,0.0,0.0,1.0
1779978072.4940324,-1.2820223569869995,-0.46003758907318115,0.0,0.0,nan,0.0,0.0,0.0,0.0,0.0,0.0,1.0
1779978072.5041482,-1.2820223569869995,-0.46003758907318115,0.0,0.0,nan,0.0,0.0,0.0,0.0,0.0,0.0,1.0
1779978072.5146513,-1.2820223569869995,-0.46003758907318115,0.0,0.0,nan,0.0,0.0,0.0,0.0,0.0,0.0,1.0
1779978072.524735,-1.2820223569869995,-0.46003758907318115,0.0,0.0,nan,0.0,0.0,0.0,0.0,0.0,0.0,1.0
1779978072.5353432,-1.2820223569869995,-0.46003758907318115,0.0,0.0,nan,0.0,0.0,0.0,0.0,0.0,0.0,1.0
1779978072.5455039,-1.2820223569869995,-0.46003758907318115,0.0,0.0,nan,0.0,0.0,0.0,0.0,0.0,0.0,1.0
1779978072.555837,-1.2820223569869995,-0.46003758907318115,0.0,0.0,nan,0.0,0.0,0.0,0.0,0.0,0.0,1.0
1779978072.5659933,-1.2820223569869995,-0.46003758907318115,0.0,0.0,nan,0.0,0.0,0.0,0.0,0.0,0.0,1.0
1779978072.576271,-1.2820223569869995,-0.46003758907318115,0.0,0.0,nan,0.0,0.0,0.0,0.0,0.0,0.0,1.0
1779978072.5866752,-1.2820223569869995,-0.46003758907318115,0.0,0.0,nan,0.0,0.0,0.0,0.0,0.0,0.0,1.0
1779978072.5973003,-1.2820223569869995,-0.46003758907318115,0.0,0.0,nan,0.0,0.0,0.0,0.0,0.0,0.0,1.0
1779978072.6076064,-1.2820223569869995,-0.46003758907318115,0.0,0.0,nan,0.0,0.0,0.0,0.0,0.0,0.0,1.0
1779978072.6183696,-1.2820223569869995,-0.46003758907318115,0.0,0.0,nan,0.0,0.0,0.0,0.0,0.0,0.0,1.0
1779978072.6286654,-1.2820223569869995,-0.46003758907318115,0.0,0.0,nan,0.0,0.0,0.0,0.0,0.0,0.0,1.0
1779978072.6388655,-1.2820223569869995,-0.46003758907318115,0.0,0.0,nan,0.0,0.0,0.0,0.0,0.0,0.0,1.0
1779978072.6494496,-1.2820223569869995,-0.46003758907318115,0.0,0.0,nan,0.0,0.0,0.0,0.0,0.0,0.0,1.0
1779978072.6595926,-1.2820223569869995,-0.46003758907318115,0.0,0.0,nan,0.0,0.0,0.0,0.0,0.0,0.0,1.0
1779978072.6699553,-1.2820223569869995,-0.46003758907318115,0.0,0.0,nan,0.0,0.0,0.0,0.0,0.0,0.0,1.0
1779978072.6799884,-1.2820223569869995,-0.46003758907318115,0.0,0.0,nan,0.0,0.0,0.0,0.0,0.0,0.0,1.0
1779978072.6902127,-1.2820223569869995,-0.46003758907318115,0.0,0.0,nan,0.0,0.0,0.0,0.0,0.0,0.0,1.0
1779978072.7002027,-1.2820223569869995,-0.46003758907318115,0.0,0.0,nan,0.0,0.0,0.0,0.0,0.0,0.0,1.0
1779978072.7107263,-1.2820223569869995,-0.46003758907318115,0.0,0.0,nan,0.0,0.0,0.0,0.0,0.0,0.0,1.0
1779978072.7211695,-1.2820223569869995,-0.46003758907318115,0.0,0.0,nan,0.0,0.0,0.0,0.0,0.0,0.0,1.0
1779978072.7313113,-1.2820223569869995,-0.46003758907318115,0.0,0.0,nan,0.0,0.0,0.0,0.0,0.0,0.0,1.0
1779978072.741386,-1.2820223569869995,-0.46003758907318115,0.0,0.0,nan,0.0,0.0,0.0,0.0,0.0,0.0,1.0
1779978072.7519512,-1.2820223569869995,-0.46003758907318115,0.0,0.0,nan,0.0,0.0,0.0,0.0,0.0,0.0,1.0
1779978072.7620685,-1.2820223569869995,-0.46003758907318115,0.0,0.0,nan,0.0,0.0,0.0,0.0,0.0,0.0,1.0
1779978072.772383,-1.2820223569869995,-0.46003758907318115,0.0,0.0,nan,0.0,0.0,0.0,0.0,0.0,0.0,1.0
1779978072.7829583,-1.2820223569869995,-0.46003758907318115,0.0,0.0,nan,0.0,0.0,0.0,0.0,0.0,0.0,1.0
1779978072.7935572,-1.2820223569869995,-0.46003758907318115,0.0,0.0,nan,0.0,0.0,0.0,0.0,0.0,0.0,1.0
1779978072.8037915,-1.2820223569869995,-0.46003758907318115,0.0,0.0,nan,0.0,0.0,0.0,0.0,0.0,0.0,1.0
1779978072.8140185,-1.2820223569869995,-0.46003758907318115,0.0,0.0,nan,0.0,0.0,0.0,0.0,0.0,0.0,1.0
1779978072.8246233,-1.2820223569869995,-0.46003758907318115,0.0,0.0,nan,0.0,0.0,0.0,0.0,0.0,0.0,1.0
1779978072.8352675,-1.2820223569869995,-0.46003758907318115,0.0,0.0,nan,0.0,0.0,0.0,0.0,0.0,0.0,1.0
1779978072.845323,-1.2820223569869995,-0.46003758907318115,0.0,0.0,nan,0.0,0.0,0.0,0.0,0.0,0.0,1.0
1779978072.8557532,-1.2820223569869995,-0.46003758907318115,0.0,0.0,nan,0.0,0.0,0.0,0.0,0.0,0.0,1.0
1779978072.8663151,-1.2820223569869995,-0.46003758907318115,0.0,0.0,nan,0.0,0.0,0.0,0.0,0.0,0.0,1.0
1779978072.876587,-1.2820223569869995,-0.46003758907318115,0.0,0.0,nan,0.0,0.0,0.0,0.0,0.0,0.0,1.0
1779978072.8870962,-1.2820223569869995,-0.46003758907318115,0.0,0.0,nan,0.0,0.0,0.0,0.0,0.0,0.0,1.0
1779978072.897181,-1.2820223569869995,-0.46003758907318115,0.0,0.0,nan,0.0,0.0,0.0,0.0,0.0,0.0,1.0
1779978072.9076264,-1.2820223569869995,-0.46003758907318115,0.0,0.0,nan,0.0,0.0,0.0,0.0,0.0,0.0,1.0
1779978072.9182303,-1.2820223569869995,-0.46003758907318115,0.0,0.0,nan,0.0,0.0,0.0,0.0,0.0,0.0,1.0
1779978072.928598,-1.2820223569869995,-0.46003758907318115,0.0,0.0,nan,0.0,0.0,0.0,0.0,0.0,0.0,1.0
1779978072.9389377,-1.2820223569869995,-0.46003758907318115,0.0,0.0,nan,0.0,0.0,0.0,0.0,0.0,0.0,1.0
1779978072.949182,-1.2820223569869995,-0.46003758907318115,0.0,0.0,nan,0.0,0.0,0.0,0.0,0.0,0.0,1.0
1779978072.9591715,-1.2820223569869995,-0.46003758907318115,0.0,0.0,nan,0.0,0.0,0.0,0.0,0.0,0.0,1.0
1779978072.9697254,-1.2820223569869995,-0.46003758907318115,0.0,0.0,nan,0.0,0.0,0.0,0.0,0.0,0.0,1.0
1779978072.9799175,-1.2820223569869995,-0.46003758907318115,0.0,0.0,nan,0.0,0.0,0.0,0.0,0.0,0.0,1.0
1779978072.990385,-1.2820223569869995,-0.46003758907318115,0.0,0.0,nan,0.0,0.0,0.0,0.0,0.0,0.0,1.0
1779978073.0006952,-1.2820223569869995,-0.46003758907318115,0.0,0.0,nan,0.0,0.0,0.0,0.0,0.0,0.0,1.0
1779978073.011202,-1.2820223569869995,-0.46003758907318115,0.0,0.0,nan,0.0,0.0,0.0,0.0,0.0,0.0,1.0
1779978073.02149,-1.2820223569869995,-0.46003758907318115,0.0,0.0,nan,0.0,0.0,0.0,0.0,0.0,0.0,1.0
1779978073.03184,-1.2820223569869995,-0.46003758907318115,0.0,0.0,nan,0.0,0.0,0.0,0.0,0.0,0.0,1.0
1779978073.0424137,-1.2820223569869995,-0.46003758907318115,0.0,0.0,nan,0.0,0.0,0.0,0.0,0.0,0.0,1.0
1779978073.0530078,-1.2820223569869995,-0.46003758907318115,0.0,0.0,nan,0.0,0.0,0.0,0.0,0.0,0.0,1.0
1779978073.063381,-1.2820223569869995,-0.46003758907318115,0.0,0.0,nan,0.0,0.0,0.0,0.0,0.0,0.0,1.0
1779978073.073952,-1.2820223569869995,-0.46003758907318115,0.0,0.0,nan,0.0,0.0,0.0,0.0,0.0,0.0,1.0
1779978073.0839708,-1.2820223569869995,-0.46003758907318115,0.0,0.0,nan,0.0,0.0,0.0,0.0,0.0,0.0,1.0
1779978073.0942936,-1.2820223569869995,-0.46003758907318115,0.0,0.0,nan,0.0,0.0,0.0,0.0,0.0,0.0,1.0
1779978073.1048546,-1.2820223569869995,-0.46003758907318115,0.0,0.0,nan,0.0,0.0,0.0,0.0,0.0,0.0,1.0
1779978073.1150157,-1.2820223569869995,-0.46003758907318115,0.0,0.0,nan,0.0,0.0,0.0,0.0,0.0,0.0,1.0
1779978073.1254866,-1.2820223569869995,-0.46003758907318115,0.0,0.0,nan,0.0,0.0,0.0,0.0,0.0,0.0,1.0
1779978073.1356208,-1.2820223569869995,-0.46003758907318115,0.0,0.0,nan,0.0,0.0,0.0,0.0,0.0,0.0,1.0
1779978073.14624,-1.2820223569869995,-0.46003758907318115,0.0,0.0,nan,0.0,0.0,0.0,0.0,0.0,0.0,1.0
1779978073.156356,-1.2820223569869995,-0.46003758907318115,0.0,0.0,nan,0.0,0.0,0.0,0.0,0.0,0.0,1.0
1779978073.1668482,-1.2820223569869995,-0.46003758907318115,0.0,0.0,nan,0.0,0.0,0.0,0.0,0.0,0.0,1.0
1779978073.177226,-1.2820223569869995,-0.46003758907318115,0.0,0.0,nan,0.0,0.0,0.0,0.0,0.0,0.0,1.0
1779978073.188592,-1.2820223569869995,-0.46003758907318115,0.0,0.0,nan,0.0,0.0,0.0,0.0,0.0,0.0,1.0
1779978073.1990879,-1.2820223569869995,-0.46003758907318115,0.0,0.0,nan,0.0,0.0,0.0,0.0,0.0,0.0,1.0
1779978073.2096937,-1.2820223569869995,-0.46003758907318115,0.0,0.0,nan,0.0,0.0,0.0,0.0,0.0,0.0,1.0
1779978073.219698,-1.2820223569869995,-0.46003758907318115,0.0,0.0,nan,0.0,0.0,0.0,0.0,0.0,0.0,1.0
1779978073.2300293,-1.2820223569869995,-0.46003758907318115,0.0,0.0,nan,0.0,0.0,0.0,0.0,0.0,0.0,1.0
1779978073.2404637,-1.2820223569869995,-0.46003758907318115,0.0,0.0,nan,0.0,0.0,0.0,0.0,0.0,0.0,1.0
1779978073.2508335,-1.2820223569869995,-0.46003758907318115,0.0,0.0,nan,0.0,0.0,0.0,0.0,0.0,0.0,1.0
1779978073.2614062,-1.2820223569869995,-0.46003758907318115,0.0,0.0,nan,0.0,0.0,0.0,0.0,0.0,0.0,1.0
1779978073.2715852,-1.2820223569869995,-0.46003758907318115,0.0,0.0,nan,0.0,0.0,0.0,0.0,0.0,0.0,1.0
1779978073.2821715,-1.2820223569869995,-0.46003758907318115,0.0,0.0,nan,0.0,0.0,0.0,0.0,0.0,0.0,1.0
1779978073.292549,-1.2820223569869995,-0.46003758907318115,0.0,0.0,nan,0.0,0.0,0.0,0.0,0.0,0.0,1.0
1779978073.3028505,-1.2820223569869995,-0.46003758907318115,0.0,0.0,nan,0.0,0.0,0.0,0.0,0.0,0.0,1.0
1779978073.313353,-1.2820223569869995,-0.46003758907318115,0.0,0.0,nan,0.0,0.0,0.0,0.0,0.0,0.0,1.0
1779978073.3237178,-1.2820223569869995,-0.46003758907318115,0.0,0.0,nan,0.0,0.0,0.0,0.0,0.0,0.0,1.0
1779978073.3338706,-1.2820223569869995,-0.46003758907318115,0.0,0.0,nan,0.0,0.0,0.0,0.0,0.0,0.0,1.0
1779978073.3443835,-1.2820223569869995,-0.46003758907318115,0.0,0.0,nan,0.0,0.0,0.0,0.0,0.0,0.0,1.0
1779978073.3549106,-1.2820223569869995,-0.46003758907318115,0.0,0.0,nan,0.0,0.0,0.0,0.0,0.0,0.0,1.0
1779978073.365076,-1.2820223569869995,-0.46003758907318115,0.0,0.0,nan,0.0,0.0,0.0,0.0,0.0,0.0,1.0
1779978073.3757405,-1.2820223569869995,-0.46003758907318115,0.0,0.0,nan,0.0,0.0,0.0,0.0,0.0,0.0,1.0
1779978073.3859453,-1.2820223569869995,-0.46003758907318115,0.0,0.0,nan,0.0,0.0,0.0,0.0,0.0,0.0,1.0
1779978073.3961303,-1.2820223569869995,-0.46003758907318115,0.0,0.0,nan,0.0,0.0,0.0,0.0,0.0,0.0,1.0
1779978073.4066522,-1.2820223569869995,-0.46003758907318115,0.0,0.0,nan,0.0,0.0,0.0,0.0,0.0,0.0,1.0
1779978073.4167068,-1.2820223569869995,-0.46003758907318115,0.0,0.0,nan,0.0,0.0,0.0,0.0,0.0,0.0,1.0
1779978073.4268026,-1.2820223569869995,-0.46003758907318115,0.0,0.0,nan,0.0,0.0,0.0,0.0,0.0,0.0,1.0
1779978073.4370887,-1.2820223569869995,-0.46003758907318115,0.0,0.0,nan,0.0,0.0,0.0,0.0,0.0,0.0,1.0
1779978073.4473586,-1.2820223569869995,-0.46003758907318115,0.0,0.0,nan,0.0,0.0,0.0,0.0,0.0,0.0,1.0
1779978073.457765,-1.2820223569869995,-0.46003758907318115,0.0,0.0,nan,0.0,0.0,0.0,0.0,0.0,0.0,1.0
1779978073.4680622,-1.2820223569869995,-0.46003758907318115,0.0,0.0,nan,0.0,0.0,0.0,0.0,0.0,0.0,1.0
1779978073.4783983,-1.2820223569869995,-0.46003758907318115,0.0,0.0,nan,0.0,0.0,0.0,0.0,0.0,0.0,1.0
1779978073.488486,-1.2820223569869995,-0.46003758907318115,0.0,0.0,nan,0.0,0.0,0.0,0.0,0.0,0.0,1.0
1779978073.4985642,-1.2820223569869995,-0.46003758907318115,0.0,0.0,nan,0.0,0.0,0.0,0.0,0.0,0.0,1.0
1779978073.5087006,-1.2820223569869995,-0.46003758907318115,0.0,0.0,nan,0.0,0.0,0.0,0.0,0.0,0.0,1.0
1779978073.5187812,-1.2820223569869995,-0.46003758907318115,0.0,0.0,nan,0.0,0.0,0.0,0.0,0.0,0.0,1.0
1779978073.5292778,-1.2820223569869995,-0.46003758907318115,0.0,0.0,nan,0.0,0.0,0.0,0.0,0.0,0.0,1.0
1779978073.539855,-1.2820223569869995,-0.46003758907318115,0.0,0.0,nan,0.0,0.0,0.0,0.0,0.0,0.0,1.0
1779978073.5505466,-1.2820223569869995,-0.46003758907318115,0.0,0.0,nan,0.0,0.0,0.0,0.0,0.0,0.0,1.0
1779978073.560929,-1.2820223569869995,-0.46003758907318115,0.0,0.0,nan,0.0,0.0,0.0,0.0,0.0,0.0,1.0
1779978073.571248,-1.2820223569869995,-0.46003758907318115,0.0,0.0,nan,0.0,0.0,0.0,0.0,0.0,0.0,1.0
1779978073.5813835,-1.2820223569869995,-0.46003758907318115,0.0,0.0,nan,0.0,0.0,0.0,0.0,0.0,0.0,1.0
1779978073.5916803,-1.2820223569869995,-0.46003758907318115,0.0,0.0,nan,0.0,0.0,0.0,0.0,0.0,0.0,1.0
1779978073.6022372,-1.2820223569869995,-0.46003758907318115,0.0,0.0,nan,0.0,0.0,0.0,0.0,0.0,0.0,1.0
1779978073.6125245,-1.2820223569869995,-0.46003758907318115,0.0,0.0,nan,0.0,0.0,0.0,0.0,0.0,0.0,1.0
1779978073.6231606,-1.2820223569869995,-0.46003758907318115,0.0,0.0,nan,0.0,0.0,0.0,0.0,0.0,0.0,1.0
1779978073.6332998,-1.2820223569869995,-0.46003758907318115,0.0,0.0,nan,0.0,0.0,0.0,0.0,0.0,0.0,1.0
1779978073.6433756,-1.2820223569869995,-0.46003758907318115,0.0,0.0,nan,0.0,0.0,0.0,0.0,0.0,0.0,1.0
1779978073.6535416,-1.2820223569869995,-0.46003758907318115,0.0,0.0,nan,0.0,0.0,0.0,0.0,0.0,0.0,1.0
1779978073.6640968,-1.2820223569869995,-0.46003758907318115,0.0,0.0,nan,0.0,0.0,0.0,0.0,0.0,0.0,1.0
1779978073.6743407,-1.2820223569869995,-0.46003758907318115,0.0,0.0,nan,0.0,0.0,0.0,0.0,0.0,0.0,1.0
1779978073.684823,-1.2820223569869995,-0.46003758907318115,0.0,0.0,nan,0.0,0.0,0.0,0.0,0.0,0.0,1.0
1779978073.694873,-1.2820223569869995,-0.46003758907318115,0.0,0.0,nan,0.0,0.0,0.0,0.0,0.0,0.0,1.0
1779978073.7050693,-1.2820223569869995,-0.46003758907318115,0.0,0.0,nan,0.0,0.0,0.0,0.0,0.0,0.0,1.0
1779978073.7151237,-1.2820223569869995,-0.46003758907318115,0.0,0.0,nan,0.0,0.0,0.0,0.0,0.0,0.0,1.0
1779978073.7253149,-1.2820223569869995,-0.46003758907318115,0.0,0.0,nan,0.0,0.0,0.0,0.0,0.0,0.0,1.0
1779978073.735892,-1.2820223569869995,-0.46003758907318115,0.0,0.0,nan,0.0,0.0,0.0,0.0,0.0,0.0,1.0
1779978073.746075,-1.2820223569869995,-0.46003758907318115,0.0,0.0,nan,0.0,0.0,0.0,0.0,0.0,0.0,1.0
1779978073.7566326,-1.2820223569869995,-0.46003758907318115,0.0,0.0,nan,0.0,0.0,0.0,0.0,0.0,0.0,1.0
1779978073.7671099,-1.2820223569869995,-0.46003758907318115,0.0,0.0,nan,0.0,0.0,0.0,0.0,0.0,0.0,1.0
1779978073.7771091,-1.2820223569869995,-0.46003758907318115,0.0,0.0,nan,0.0,0.0,0.0,0.0,0.0,0.0,1.0
1779978073.7873814,-1.2820223569869995,-0.46003758907318115,0.0,0.0,nan,0.0,0.0,0.0,0.0,0.0,0.0,1.0
1779978073.7976139,-1.2820223569869995,-0.46003758907318115,0.0,0.0,nan,0.0,0.0,0.0,0.0,0.0,0.0,1.0
1779978073.807857,-1.2820223569869995,-0.46003758907318115,0.0,0.0,nan,0.0,0.0,0.0,0.0,0.0,0.0,1.0
1779978073.8182752,-1.2820223569869995,-0.46003758907318115,0.0,0.0,nan,0.0,0.0,0.0,0.0,0.0,0.0,1.0
1779978073.8284154,-1.2820223569869995,-0.46003758907318115,0.0,0.0,nan,0.0,0.0,0.0,0.0,0.0,0.0,1.0
1779978073.8388183,-1.2820223569869995,-0.46003758907318115,0.0,0.0,nan,0.0,0.0,0.0,0.0,0.0,0.0,1.0
1779978073.848949,-1.2820223569869995,-0.46003758907318115,0.0,0.0,nan,0.0,0.0,0.0,0.0,0.0,0.0,1.0
1779978073.859449,-1.2820223569869995,-0.46003758907318115,0.0,0.0,nan,0.0,0.0,0.0,0.0,0.0,0.0,1.0
1779978073.8714194,-1.2820223569869995,-0.46003758907318115,0.0,0.0,nan,0.0,0.0,0.0,0.0,0.0,0.0,1.0
1779978073.881594,-1.2820223569869995,-0.46003758907318115,0.0,0.0,nan,0.0,0.0,0.0,0.0,0.0,0.0,1.0
1779978073.8916032,-1.2820223569869995,-0.46003758907318115,0.0,0.0,nan,0.0,0.0,0.0,0.0,0.0,0.0,1.0
1779978073.9021459,-1.2820223569869995,-0.46003758907318115,0.0,0.0,nan,0.0,0.0,0.0,0.0,0.0,0.0,1.0
1779978073.9121337,-1.2820223569869995,-0.46003758907318115,0.0,0.0,nan,0.0,0.0,0.0,0.0,0.0,0.0,1.0
1779978073.9224968,-1.2820223569869995,-0.46003758907318115,0.0,0.0,nan,0.0,0.0,0.0,0.0,0.0,0.0,1.0
1779978073.932703,-1.2820223569869995,-0.46003758907318115,0.0,0.0,nan,0.0,0.0,0.0,0.0,0.0,0.0,1.0
1779978073.9431949,-1.2820223569869995,-0.46003758907318115,0.0,0.0,nan,0.0,0.0,0.0,0.0,0.0,0.0,1.0
1779978073.953324,-1.2820223569869995,-0.46003758907318115,0.0,0.0,nan,0.0,0.0,0.0,0.0,0.0,0.0,1.0
1779978073.9638333,-1.2820223569869995,-0.46003758907318115,0.0,0.0,nan,0.0,0.0,0.0,0.0,0.0,0.0,1.0
1779978073.9742491,-1.2820223569869995,-0.46003758907318115,0.0,0.0,nan,0.0,0.0,0.0,0.0,0.0,0.0,1.0
1779978073.9842973,-1.2820223569869995,-0.46003758907318115,0.0,0.0,nan,0.0,0.0,0.0,0.0,0.0,0.0,1.0
1779978073.994714,-1.2820223569869995,-0.46003758907318115,0.0,0.0,nan,0.0,0.0,0.0,0.0,0.0,0.0,1.0
1779978074.0050454,-1.2820223569869995,-0.46003758907318115,0.0,0.0,nan,0.0,0.0,0.0,0.0,0.0,0.0,1.0
1779978074.0153537,-1.2820223569869995,-0.46003758907318115,0.0,0.0,nan,0.0,0.0,0.0,0.0,0.0,0.0,1.0
1779978074.0254471,-1.2820223569869995,-0.46003758907318115,0.0,0.0,nan,0.0,0.0,0.0,0.0,0.0,0.0,1.0
1779978074.036191,-1.2820223569869995,-0.46003758907318115,0.0,0.0,nan,0.0,0.0,0.0,0.0,0.0,0.0,1.0
1779978074.0466304,-1.2820223569869995,-0.46003758907318115,0.0,0.0,nan,0.0,0.0,0.0,0.0,0.0,0.0,1.0
1779978074.0567155,-1.2820223569869995,-0.46003758907318115,0.0,0.0,nan,0.0,0.0,0.0,0.0,0.0,0.0,1.0
1779978074.066822,-1.2820223569869995,-0.46003758907318115,0.0,0.0,nan,0.0,0.0,0.0,0.0,0.0,0.0,1.0
1779978074.0769541,-1.2820223569869995,-0.46003758907318115,0.0,0.0,nan,0.0,0.0,0.0,0.0,0.0,0.0,1.0
1779978074.0874486,-1.2820223569869995,-0.46003758907318115,0.0,0.0,nan,0.0,0.0,0.0,0.0,0.0,0.0,1.0
1779978074.0980444,-1.2820223569869995,-0.46003758907318115,0.0,0.0,nan,0.0,0.0,0.0,0.0,0.0,0.0,1.0
1779978074.1081316,-1.2820223569869995,-0.46003758907318115,0.0,0.0,nan,0.0,0.0,0.0,0.0,0.0,0.0,1.0
1779978074.1186926,-1.2820223569869995,-0.46003758907318115,0.0,0.0,nan,0.0,0.0,0.0,0.0,0.0,0.0,1.0
1779978074.1288683,-1.2820223569869995,-0.46003758907318115,0.0,0.0,nan,0.0,0.0,0.0,0.0,0.0,0.0,1.0
1779978074.1396365,-1.2820223569869995,-0.46003758907318115,0.0,0.0,nan,0.0,0.0,0.0,0.0,0.0,0.0,1.0
1779978074.1500955,-1.2820223569869995,-0.46003758907318115,0.0,0.0,nan,0.0,0.0,0.0,0.0,0.0,0.0,1.0
1779978074.160081,-1.2820223569869995,-0.46003758907318115,0.0,0.0,nan,0.0,0.0,0.0,0.0,0.0,0.0,1.0
1779978074.170165,-1.2820223569869995,-0.46003758907318115,0.0,0.0,nan,0.0,0.0,0.0,0.0,0.0,0.0,1.0
1779978074.1805904,-1.2820223569869995,-0.46003758907318115,0.0,0.0,nan,0.0,0.0,0.0,0.0,0.0,0.0,1.0
1779978074.1907475,-1.2820223569869995,-0.46003758907318115,0.0,0.0,nan,0.0,0.0,0.0,0.0,0.0,0.0,1.0
1779978074.20081,-1.2820223569869995,-0.46003758907318115,0.0,0.0,nan,0.0,0.0,0.0,0.0,0.0,0.0,1.0
1779978074.2111475,-1.2820223569869995,-0.46003758907318115,0.0,0.0,nan,0.0,0.0,0.0,0.0,0.0,0.0,1.0
1779978074.221749,-1.2820223569869995,-0.46003758907318115,0.0,0.0,nan,0.0,0.0,0.0,0.0,0.0,0.0,1.0
1779978074.231874,-1.2820223569869995,-0.46003758907318115,0.0,0.0,nan,0.0,0.0,0.0,0.0,0.0,0.0,1.0
1779978074.2423644,-1.2820223569869995,-0.46003758907318115,0.0,0.0,nan,0.0,0.0,0.0,0.0,0.0,0.0,1.0
1779978074.2525609,-1.2820223569869995,-0.46003758907318115,0.0,0.0,nan,0.0,0.0,0.0,0.0,0.0,0.0,1.0
1779978074.2627213,-1.2820223569869995,-0.46003758907318115,0.0,0.0,nan,0.0,0.0,0.0,0.0,0.0,0.0,1.0
1779978074.272811,-1.2820223569869995,-0.46003758907318115,0.0,0.0,nan,0.0,0.0,0.0,0.0,0.0,0.0,1.0
1779978074.2830985,-1.2820223569869995,-0.46003758907318115,0.0,0.0,nan,0.0,0.0,0.0,0.0,0.0,0.0,1.0
1779978074.2933729,-1.2820223569869995,-0.46003758907318115,0.0,0.0,nan,0.0,0.0,0.0,0.0,0.0,0.0,1.0
1779978074.3038287,-1.2820223569869995,-0.46003758907318115,0.0,0.0,nan,0.0,0.0,0.0,0.0,0.0,0.0,1.0
1779978074.3140645,-1.2820223569869995,-0.46003758907318115,0.0,0.0,nan,0.0,0.0,0.0,0.0,0.0,0.0,1.0
1779978074.3246162,-1.2820223569869995,-0.46003758907318115,0.0,0.0,nan,0.0,0.0,0.0,0.0,0.0,0.0,1.0
1779978074.335119,-1.2820223569869995,-0.46003758907318115,0.0,0.0,nan,0.0,0.0,0.0,0.0,0.0,0.0,1.0
1779978074.3456454,-1.2820223569869995,-0.46003758907318115,0.0,0.0,nan,0.0,0.0,0.0,0.0,0.0,0.0,1.0
1779978074.3561816,-1.2820223569869995,-0.46003758907318115,0.0,0.0,nan,0.0,0.0,0.0,0.0,0.0,0.0,1.0
1779978074.3667161,-1.2820223569869995,-0.46003758907318115,0.0,0.0,nan,0.0,0.0,0.0,0.0,0.0,0.0,1.0
1779978074.3769352,-1.2820223569869995,-0.46003758907318115,0.0,0.0,nan,0.0,0.0,0.0,0.0,0.0,0.0,1.0
1779978074.3870556,-1.2820223569869995,-0.46003758907318115,0.0,0.0,nan,0.0,0.0,0.0,0.0,0.0,0.0,1.0
1779978074.397169,-1.2820223569869995,-0.46003758907318115,0.0,0.0,nan,0.0,0.0,0.0,0.0,0.0,0.0,1.0
1779978074.4077783,-1.2820223569869995,-0.46003758907318115,0.0,0.0,nan,0.0,0.0,0.0,0.0,0.0,0.0,1.0
1779978074.4179254,-1.2820223569869995,-0.46003758907318115,0.0,0.0,nan,0.0,0.0,0.0,0.0,0.0,0.0,1.0
1779978074.4280179,-1.2820223569869995,-0.46003758907318115,0.0,0.0,nan,0.0,0.0,0.0,0.0,0.0,0.0,1.0
1779978074.4385512,-1.2820223569869995,-0.46003758907318115,0.0,0.0,nan,0.0,0.0,0.0,0.0,0.0,0.0,1.0
1779978074.4490318,-1.2820223569869995,-0.46003758907318115,0.0,0.0,nan,0.0,0.0,0.0,0.0,0.0,0.0,1.0
1779978074.458982,-1.2820223569869995,-0.46003758907318115,0.0,0.0,nan,0.0,0.0,0.0,0.0,0.0,0.0,1.0
1779978074.4696503,-1.2820223569869995,-0.46003758907318115,0.0,0.0,nan,0.0,0.0,0.0,0.0,0.0,0.0,1.0
1779978074.480096,-1.2820223569869995,-0.46003758907318115,0.0,0.0,nan,0.0,0.0,0.0,0.0,0.0,0.0,1.0
1779978074.490197,-1.2820223569869995,-0.46003758907318115,0.0,0.0,nan,0.0,0.0,0.0,0.0,0.0,0.0,1.0
1779978074.500725,-1.2820223569869995,-0.46003758907318115,0.0,0.0,nan,0.0,0.0,0.0,0.0,0.0,0.0,1.0
1779978074.5109453,-1.2820223569869995,-0.46003758907318115,0.0,0.0,nan,0.0,0.0,0.0,0.0,0.0,0.0,1.0
1779978074.5214396,-1.2820223569869995,-0.46003758907318115,0.0,0.0,nan,0.0,0.0,0.0,0.0,0.0,0.0,1.0
1779978074.531739,-1.2820223569869995,-0.46003758907318115,0.0,0.0,nan,0.0,0.0,0.0,0.0,0.0,0.0,1.0
1779978074.5422475,-1.2820223569869995,-0.46003758907318115,0.0,0.0,nan,0.0,0.0,0.0,0.0,0.0,0.0,1.0
1779978074.5527947,-1.2820223569869995,-0.46003758907318115,0.0,0.0,nan,0.0,0.0,0.0,0.0,0.0,0.0,1.0
1779978074.563005,-1.2820223569869995,-0.46003758907318115,0.0,0.0,nan,0.0,0.0,0.0,0.0,0.0,0.0,1.0
1779978074.573722,-1.2820223569869995,-0.46003758907318115,0.0,0.0,nan,0.0,0.0,0.0,0.0,0.0,0.0,1.0
1779978074.5836217,-1.2820223569869995,-0.46003758907318115,0.0,0.0,nan,0.0,0.0,0.0,0.0,0.0,0.0,1.0
1779978074.593932,-1.2820223569869995,-0.46003758907318115,0.0,0.0,nan,0.0,0.0,0.0,0.0,0.0,0.0,1.0
1779978074.6043036,-1.2820223569869995,-0.46003758907318115,0.0,0.0,nan,0.0,0.0,0.0,0.0,0.0,0.0,1.0
1779978074.6146274,-1.2820223569869995,-0.46003758907318115,0.0,0.0,nan,0.0,0.0,0.0,0.0,0.0,0.0,1.0
1779978074.62479,-1.2820223569869995,-0.46003758907318115,0.0,0.0,nan,0.0,0.0,0.0,0.0,0.0,0.0,1.0
1779978074.6352293,-1.2820223569869995,-0.46003758907318115,0.0,0.0,nan,0.0,0.0,0.0,0.0,0.0,0.0,1.0
1779978074.6454854,-1.2820223569869995,-0.46003758907318115,0.0,0.0,nan,0.0,0.0,0.0,0.0,0.0,0.0,1.0
1779978074.6559267,-1.2820223569869995,-0.46003758907318115,0.0,0.0,nan,0.0,0.0,0.0,0.0,0.0,0.0,1.0
1779978074.6661718,-1.2820223569869995,-0.46003758907318115,0.0,0.0,nan,0.0,0.0,0.0,0.0,0.0,0.0,1.0
1779978074.6768384,-1.2820223569869995,-0.46003758907318115,0.0,0.0,nan,0.0,0.0,0.0,0.0,0.0,0.0,1.0
1779978074.687009,-1.2820223569869995,-0.46003758907318115,0.0,0.0,nan,0.0,0.0,0.0,0.0,0.0,0.0,1.0
1779978074.6972141,-1.2820223569869995,-0.46003758907318115,0.0,0.0,nan,0.0,0.0,0.0,0.0,0.0,0.0,1.0
1779978074.7073405,-1.2820223569869995,-0.46003758907318115,0.0,0.0,nan,0.0,0.0,0.0,0.0,0.0,0.0,1.0
1779978074.7174797,-1.2820223569869995,-0.46003758907318115,0.0,0.0,nan,0.0,0.0,0.0,0.0,0.0,0.0,1.0
1779978074.7278044,-1.2820223569869995,-0.46003758907318115,0.0,0.0,nan,0.0,0.0,0.0,0.0,0.0,0.0,1.0
1779978074.7383904,-1.2820223569869995,-0.46003758907318115,0.0,0.0,nan,0.0,0.0,0.0,0.0,0.0,0.0,1.0
1779978074.7487876,-1.2820223569869995,-0.46003758907318115,0.0,0.0,nan,0.0,0.0,0.0,0.0,0.0,0.0,1.0
1779978074.7592704,-1.2820223569869995,-0.46003758907318115,0.0,0.0,nan,0.0,0.0,0.0,0.0,0.0,0.0,1.0
1779978074.7700343,-1.2820223569869995,-0.46003758907318115,0.0,0.0,nan,0.0,0.0,0.0,0.0,0.0,0.0,1.0
1779978074.7801037,-1.2820223569869995,-0.46003758907318115,0.0,0.0,nan,0.0,0.0,0.0,0.0,0.0,0.0,1.0
1779978074.7905912,-1.2820223569869995,-0.46003758907318115,0.0,0.0,nan,0.0,0.0,0.0,0.0,0.0,0.0,1.0
1779978074.8006349,-1.2820223569869995,-0.46003758907318115,0.0,0.0,nan,0.0,0.0,0.0,0.0,0.0,0.0,1.0
1779978074.811042,-1.2820223569869995,-0.46003758907318115,0.0,0.0,nan,0.0,0.0,0.0,0.0,0.0,0.0,1.0
1779978074.821477,-1.2820223569869995,-0.46003758907318115,0.0,0.0,nan,0.0,0.0,0.0,0.0,0.0,0.0,1.0
1779978074.8315253,-1.2820223569869995,-0.46003758907318115,0.0,0.0,nan,0.0,0.0,0.0,0.0,0.0,0.0,1.0
1779978074.8417957,-1.2820223569869995,-0.46003758907318115,0.0,0.0,nan,0.0,0.0,0.0,0.0,0.0,0.0,1.0
1779978074.8522828,-1.2820223569869995,-0.46003758907318115,0.0,0.0,nan,0.0,0.0,0.0,0.0,0.0,0.0,1.0
1779978074.8621402,-1.2820223569869995,-0.46003758907318115,0.0,0.0,nan,0.0,0.0,0.0,0.0,0.0,0.0,1.0
1779978074.8725305,-1.2820223569869995,-0.46003758907318115,0.0,0.0,nan,0.0,0.0,0.0,0.0,0.0,0.0,1.0
1779978074.8829877,-1.2820223569869995,-0.46003758907318115,0.0,0.0,nan,0.0,0.0,0.0,0.0,0.0,0.0,1.0
1779978074.893364,-1.2820223569869995,-0.46003758907318115,0.0,0.0,nan,0.0,0.0,0.0,0.0,0.0,0.0,1.0
1779978074.9037087,-1.2820223569869995,-0.46003758907318115,0.0,0.0,nan,0.0,0.0,0.0,0.0,0.0,0.0,1.0
1779978074.9141178,-1.2820223569869995,-0.46003758907318115,0.0,0.0,nan,0.0,0.0,0.0,0.0,0.0,0.0,1.0
1779978074.924275,-1.2820223569869995,-0.46003758907318115,0.0,0.0,nan,0.0,0.0,0.0,0.0,0.0,0.0,1.0
1779978074.9346275,-1.2820223569869995,-0.46003758907318115,0.0,0.0,nan,0.0,0.0,0.0,0.0,0.0,0.0,1.0
1779978074.9448402,-1.2820223569869995,-0.46003758907318115,0.0,0.0,nan,0.0,0.0,0.0,0.0,0.0,0.0,1.0
1779978074.95542,-1.2820223569869995,-0.46003758907318115,0.0,0.0,nan,0.0,0.0,0.0,0.0,0.0,0.0,1.0
1779978074.9658456,-1.2820223569869995,-0.46003758907318115,0.0,0.0,nan,0.0,0.0,0.0,0.0,0.0,0.0,1.0
1779978074.976158,-1.2820223569869995,-0.46003758907318115,0.0,0.0,nan,0.0,0.0,0.0,0.0,0.0,0.0,1.0
1779978074.9869998,-1.2820223569869995,-0.46003758907318115,0.0,0.0,nan,0.0,0.0,0.0,0.0,0.0,0.0,1.0
1779978074.9969656,-1.2820223569869995,-0.46003758907318115,0.0,0.0,nan,0.0,0.0,0.0,0.0,0.0,0.0,1.0
1779978075.0071087,-1.2820223569869995,-0.46003758907318115,0.0,0.0,nan,0.0,0.0,0.0,0.0,0.0,0.0,1.0
1779978075.017399,-1.2820223569869995,-0.46003758907318115,0.0,0.0,nan,0.0,0.0,0.0,0.0,0.0,0.0,1.0
1779978075.0276196,-1.2820223569869995,-0.46003758907318115,0.0,0.0,nan,0.0,0.0,0.0,0.0,0.0,0.0,1.0
1779978075.037878,-1.2820223569869995,-0.46003758907318115,0.0,0.0,nan,0.0,0.0,0.0,0.0,0.0,0.0,1.0
1779978075.0484045,-1.2820223569869995,-0.46003758907318115,0.0,0.0,nan,0.0,0.0,0.0,0.0,0.0,0.0,1.0
1779978075.0588462,-1.2820223569869995,-0.46003758907318115,0.0,0.0,nan,0.0,0.0,0.0,0.0,0.0,0.0,1.0
1779978075.0689304,-1.2820223569869995,-0.46003758907318115,0.0,0.0,nan,0.0,0.0,0.0,0.0,0.0,0.0,1.0
1779978075.079463,-1.2820223569869995,-0.46003758907318115,0.0,0.0,nan,0.0,0.0,0.0,0.0,0.0,0.0,1.0
1779978075.0901008,-1.2820223569869995,-0.46003758907318115,0.0,0.0,nan,0.0,0.0,0.0,0.0,0.0,0.0,1.0
1779978075.1003542,-1.2820223569869995,-0.46003758907318115,0.0,0.0,nan,0.0,0.0,0.0,0.0,0.0,0.0,1.0
1779978075.1107478,-1.2820223569869995,-0.46003758907318115,0.0,0.0,nan,0.0,0.0,0.0,0.0,0.0,0.0,1.0
1779978075.1212015,-1.2820223569869995,-0.46003758907318115,0.0,0.0,nan,0.0,0.0,0.0,0.0,0.0,0.0,1.0
1779978075.1313536,-1.2820223569869995,-0.46003758907318115,0.0,0.0,nan,0.0,0.0,0.0,0.0,0.0,0.0,1.0
1779978075.1414473,-1.2820223569869995,-0.46003758907318115,0.0,0.0,nan,0.0,0.0,0.0,0.0,0.0,0.0,1.0
1779978075.151585,-1.2820223569869995,-0.46003758907318115,0.0,0.0,nan,0.0,0.0,0.0,0.0,0.0,0.0,1.0
1779978075.1622243,-1.2820223569869995,-0.46003758907318115,0.0,0.0,nan,0.0,0.0,0.0,0.0,0.0,0.0,1.0
1779978075.1723108,-1.2820223569869995,-0.46003758907318115,0.0,0.0,nan,0.0,0.0,0.0,0.0,0.0,0.0,1.0
1779978075.1824896,-1.2820223569869995,-0.46003758907318115,0.0,0.0,nan,0.0,0.0,0.0,0.0,0.0,0.0,1.0
1779978075.1924987,-1.2820223569869995,-0.46003758907318115,0.0,0.0,nan,0.0,0.0,0.0,0.0,0.0,0.0,1.0
1779978075.202785,-1.2820223569869995,-0.46003758907318115,0.0,0.0,nan,0.0,0.0,0.0,0.0,0.0,0.0,1.0
1779978075.2127805,-1.2820223569869995,-0.46003758907318115,0.0,0.0,nan,0.0,0.0,0.0,0.0,0.0,0.0,1.0
1779978075.2232091,-1.2820223569869995,-0.46003758907318115,0.0,0.0,nan,0.0,0.0,0.0,0.0,0.0,0.0,1.0
1779978075.2333064,-1.2820223569869995,-0.46003758907318115,0.0,0.0,nan,0.0,0.0,0.0,0.0,0.0,0.0,1.0
1779978075.2436197,-1.2820223569869995,-0.46003758907318115,0.0,0.0,nan,0.0,0.0,0.0,0.0,0.0,0.0,1.0
1779978075.2539628,-1.2820223569869995,-0.46003758907318115,0.0,0.0,nan,0.0,0.0,0.0,0.0,0.0,0.0,1.0
1779978075.2643857,-1.2820223569869995,-0.46003758907318115,0.0,0.0,nan,0.0,0.0,0.0,0.0,0.0,0.0,1.0
1779978075.2748759,-1.2820223569869995,-0.46003758907318115,0.0,0.0,nan,0.0,0.0,0.0,0.0,0.0,0.0,1.0
1779978075.2854936,-1.2820223569869995,-0.46003758907318115,0.0,0.0,nan,0.0,0.0,0.0,0.0,0.0,0.0,1.0
1779978075.2960105,-1.2820223569869995,-0.46003758907318115,0.0,0.0,nan,0.0,0.0,0.0,0.0,0.0,0.0,1.0
1779978075.3066745,-1.2820223569869995,-0.46003758907318115,0.0,0.0,nan,0.0,0.0,0.0,0.0,0.0,0.0,1.0
1779978075.3167503,-1.2820223569869995,-0.46003758907318115,0.0,0.0,nan,0.0,0.0,0.0,0.0,0.0,0.0,1.0
1779978075.326902,-1.2820223569869995,-0.46003758907318115,0.0,0.0,nan,0.0,0.0,0.0,0.0,0.0,0.0,1.0
1779978075.3374834,-1.2820223569869995,-0.46003758907318115,0.0,0.0,nan,0.0,0.0,0.0,0.0,0.0,0.0,1.0
1779978075.3476143,-1.2820223569869995,-0.46003758907318115,0.0,0.0,nan,0.0,0.0,0.0,0.0,0.0,0.0,1.0
1779978075.3578606,-1.2820223569869995,-0.46003758907318115,0.0,0.0,nan,0.0,0.0,0.0,0.0,0.0,0.0,1.0
1779978075.3679965,-1.2820223569869995,-0.46003758907318115,0.0,0.0,nan,0.0,0.0,0.0,0.0,0.0,0.0,1.0
1779978075.3782878,-1.2820223569869995,-0.46003758907318115,0.0,0.0,nan,0.0,0.0,0.0,0.0,0.0,0.0,1.0
1779978075.3884437,-1.2820223569869995,-0.46003758907318115,0.0,0.0,nan,0.0,0.0,0.0,0.0,0.0,0.0,1.0
1779978075.3990335,-1.2820223569869995,-0.46003758907318115,0.0,0.0,nan,0.0,0.0,0.0,0.0,0.0,0.0,1.0
1779978075.4092858,-1.2820223569869995,-0.46003758907318115,0.0,0.0,nan,0.0,0.0,0.0,0.0,0.0,0.0,1.0
1779978075.4195418,-1.2820223569869995,-0.46003758907318115,0.0,0.0,nan,0.0,0.0,0.0,0.0,0.0,0.0,1.0
1779978075.429593,-1.2820223569869995,-0.46003758907318115,0.0,0.0,nan,0.0,0.0,0.0,0.0,0.0,0.0,1.0
1779978075.4398725,-1.2820223569869995,-0.46003758907318115,0.0,0.0,nan,0.0,0.0,0.0,0.0,0.0,0.0,1.0
1779978075.450552,-1.2820223569869995,-0.46003758907318115,0.0,0.0,nan,0.0,0.0,0.0,0.0,0.0,0.0,1.0
1779978075.461262,-1.2820223569869995,-0.46003758907318115,0.0,0.0,nan,0.0,0.0,0.0,0.0,0.0,0.0,1.0
1779978075.4717426,-1.2820223569869995,-0.46003758907318115,0.0,0.0,nan,0.0,0.0,0.0,0.0,0.0,0.0,1.0
1779978075.4817963,-1.2820223569869995,-0.46003758907318115,0.0,0.0,nan,0.0,0.0,0.0,0.0,0.0,0.0,1.0
1779978075.4922163,-1.2820223569869995,-0.46003758907318115,0.0,0.0,nan,0.0,0.0,0.0,0.0,0.0,0.0,1.0
1779978075.5023813,-1.2820223569869995,-0.46003758907318115,0.0,0.0,nan,0.0,0.0,0.0,0.0,0.0,0.0,1.0
1779978075.5125608,-1.2820223569869995,-0.46003758907318115,0.0,0.0,nan,0.0,0.0,0.0,0.0,0.0,0.0,1.0
1779978075.5227222,-1.2820223569869995,-0.46003758907318115,0.0,0.0,nan,0.0,0.0,0.0,0.0,0.0,0.0,1.0
1779978075.5331426,-1.2820223569869995,-0.46003758907318115,0.0,0.0,nan,0.0,0.0,0.0,0.0,0.0,0.0,1.0
1779978075.5435147,-1.2820223569869995,-0.46003758907318115,0.0,0.0,nan,0.0,0.0,0.0,0.0,0.0,0.0,1.0
1779978075.5541246,-1.2820223569869995,-0.46003758907318115,0.0,0.0,nan,0.0,0.0,0.0,0.0,0.0,0.0,1.0
1779978075.5646021,-1.2820223569869995,-0.46003758907318115,0.0,0.0,nan,0.0,0.0,0.0,0.0,0.0,0.0,1.0
1779978075.575204,-1.2820223569869995,-0.46003758907318115,0.0,0.0,nan,0.0,0.0,0.0,0.0,0.0,0.0,1.0
1779978075.5860987,-1.2820223569869995,-0.46003758907318115,0.0,0.0,nan,0.0,0.0,0.0,0.0,0.0,0.0,1.0
1779978075.5960996,-1.2820223569869995,-0.46003758907318115,0.0,0.0,nan,0.0,0.0,0.0,0.0,0.0,0.0,1.0
1779978075.6064045,-1.2820223569869995,-0.46003758907318115,0.0,0.0,nan,0.0,0.0,0.0,0.0,0.0,0.0,1.0
1779978075.6166558,-1.2820223569869995,-0.46003758907318115,0.0,0.0,nan,0.0,0.0,0.0,0.0,0.0,0.0,1.0
1779978075.6269267,-1.2820223569869995,-0.46003758907318115,0.0,0.0,nan,0.0,0.0,0.0,0.0,0.0,0.0,1.0
1779978075.6374304,-1.2820223569869995,-0.46003758907318115,0.0,0.0,nan,0.0,0.0,0.0,0.0,0.0,0.0,1.0
1779978075.6477928,-1.2820223569869995,-0.46003758907318115,0.0,0.0,nan,0.0,0.0,0.0,0.0,0.0,0.0,1.0
1779978075.6583602,-1.2820223569869995,-0.46003758907318115,0.0,0.0,nan,0.0,0.0,0.0,0.0,0.0,0.0,1.0
1779978075.6685088,-1.2820223569869995,-0.46003758907318115,0.0,0.0,nan,0.0,0.0,0.0,0.0,0.0,0.0,1.0
1779978075.6785803,-1.2820223569869995,-0.46003758907318115,0.0,0.0,nan,0.0,0.0,0.0,0.0,0.0,0.0,1.0
1779978075.6890407,-1.2820223569869995,-0.46003758907318115,0.0,0.0,nan,0.0,0.0,0.0,0.0,0.0,0.0,1.0
1779978075.6993363,-1.2820223569869995,-0.46003758907318115,0.0,0.0,nan,0.0,0.0,0.0,0.0,0.0,0.0,1.0
1779978075.7096841,-1.2820223569869995,-0.46003758907318115,0.0,0.0,nan,0.0,0.0,0.0,0.0,0.0,0.0,1.0
1779978075.7202125,-1.2820223569869995,-0.46003758907318115,0.0,0.0,nan,0.0,0.0,0.0,0.0,0.0,0.0,1.0
1779978075.7305799,-1.2820223569869995,-0.46003758907318115,0.0,0.0,nan,0.0,0.0,0.0,0.0,0.0,0.0,1.0
1779978075.740864,-1.2820223569869995,-0.46003758907318115,0.0,0.0,nan,0.0,0.0,0.0,0.0,0.0,0.0,1.0
1779978075.750952,-1.2820223569869995,-0.46003758907318115,0.0,0.0,nan,0.0,0.0,0.0,0.0,0.0,0.0,1.0
1779978075.7614436,-1.2820223569869995,-0.46003758907318115,0.0,0.0,nan,0.0,0.0,0.0,0.0,0.0,0.0,1.0
1779978075.772009,-1.2820223569869995,-0.46003758907318115,0.0,0.0,nan,0.0,0.0,0.0,0.0,0.0,0.0,1.0
1779978075.782076,-1.2820223569869995,-0.46003758907318115,0.0,0.0,nan,0.0,0.0,0.0,0.0,0.0,0.0,1.0
1779978075.7928007,-1.2820223569869995,-0.46003758907318115,0.0,0.0,nan,0.0,0.0,0.0,0.0,0.0,0.0,1.0
1779978075.8032718,-1.2820223569869995,-0.46003758907318115,0.0,0.0,nan,0.0,0.0,0.0,0.0,0.0,0.0,1.0
1779978075.8135412,-1.2820223569869995,-0.46003758907318115,0.0,0.0,nan,0.0,0.0,0.0,0.0,0.0,0.0,1.0
1779978075.823904,-1.2820223569869995,-0.46003758907318115,0.0,0.0,nan,0.0,0.0,0.0,0.0,0.0,0.0,1.0
1779978075.8342636,-1.2820223569869995,-0.46003758907318115,0.0,0.0,nan,0.0,0.0,0.0,0.0,0.0,0.0,1.0
1779978075.844448,-1.2820223569869995,-0.46003758907318115,0.0,0.0,nan,0.0,0.0,0.0,0.0,0.0,0.0,1.0
1779978075.8549993,-1.2820223569869995,-0.46003758907318115,0.0,0.0,nan,0.0,0.0,0.0,0.0,0.0,0.0,1.0
1779978075.865334,-1.2820223569869995,-0.46003758907318115,0.0,0.0,nan,0.0,0.0,0.0,0.0,0.0,0.0,1.0
1779978075.8756614,-1.2820223569869995,-0.46003758907318115,0.0,0.0,nan,0.0,0.0,0.0,0.0,0.0,0.0,1.0
1779978075.8860047,-1.2820223569869995,-0.46003758907318115,0.0,0.0,nan,0.0,0.0,0.0,0.0,0.0,0.0,1.0
1779978075.8960018,-1.2820223569869995,-0.46003758907318115,0.0,0.0,nan,0.0,0.0,0.0,0.0,0.0,0.0,1.0
1779978075.9065273,-1.2820223569869995,-0.46003758907318115,0.0,0.0,nan,0.0,0.0,0.0,0.0,0.0,0.0,1.0
1779978075.9164283,-1.2820223569869995,-0.46003758907318115,0.0,0.0,nan,0.0,0.0,0.0,0.0,0.0,0.0,1.0
1779978075.926868,-1.2820223569869995,-0.46003758907318115,0.0,0.0,nan,0.0,0.0,0.0,0.0,0.0,0.0,1.0
1779978075.9372964,-1.2820223569869995,-0.46003758907318115,0.0,0.0,nan,0.0,0.0,0.0,0.0,0.0,0.0,1.0
1779978075.9474835,-1.2820223569869995,-0.46003758907318115,0.0,0.0,nan,0.0,0.0,0.0,0.0,0.0,0.0,1.0
1779978075.9577394,-1.2820223569869995,-0.46003758907318115,0.0,0.0,nan,0.0,0.0,0.0,0.0,0.0,0.0,1.0
1779978075.9680765,-1.2820223569869995,-0.46003758907318115,0.0,0.0,nan,0.0,0.0,0.0,0.0,0.0,0.0,1.0
1779978075.9783266,-1.2820223569869995,-0.46003758907318115,0.0,0.0,nan,0.0,0.0,0.0,0.0,0.0,0.0,1.0
1779978075.9883952,-1.2820223569869995,-0.46003758907318115,0.0,0.0,nan,0.0,0.0,0.0,0.0,0.0,0.0,1.0
1779978075.9987931,-1.2820223569869995,-0.46003758907318115,0.0,0.0,nan,0.0,0.0,0.0,0.0,0.0,0.0,1.0
1779978076.009199,-1.2820223569869995,-0.46003758907318115,0.0,0.0,nan,0.0,0.0,0.0,0.0,0.0,0.0,1.0
1779978076.0196128,-1.2820223569869995,-0.46003758907318115,0.0,0.0,nan,0.0,0.0,0.0,0.0,0.0,0.0,1.0
1779978076.0301182,-1.2820223569869995,-0.46003758907318115,0.0,0.0,nan,0.0,0.0,0.0,0.0,0.0,0.0,1.0
1779978076.0402577,-1.2820223569869995,-0.46003758907318115,0.0,0.0,nan,0.0,0.0,0.0,0.0,0.0,0.0,1.0
1779978076.0504565,-1.2820223569869995,-0.46003758907318115,0.0,0.0,nan,0.0,0.0,0.0,0.0,0.0,0.0,1.0
1779978076.0609844,-1.2820223569869995,-0.46003758907318115,0.0,0.0,nan,0.0,0.0,0.0,0.0,0.0,0.0,1.0
1779978076.071556,-1.2820223569869995,-0.46003758907318115,0.0,0.0,nan,0.0,0.0,0.0,0.0,0.0,0.0,1.0
1779978076.0817585,-1.2820223569869995,-0.46003758907318115,0.0,0.0,nan,0.0,0.0,0.0,0.0,0.0,0.0,1.0
1779978076.0919998,-1.2820223569869995,-0.46003758907318115,0.0,0.0,nan,0.0,0.0,0.0,0.0,0.0,0.0,1.0
1779978076.1022317,-1.2820223569869995,-0.46003758907318115,0.0,0.0,nan,0.0,0.0,0.0,0.0,0.0,0.0,1.0
1779978076.1124868,-1.2820223569869995,-0.46003758907318115,0.0,0.0,nan,0.0,0.0,0.0,0.0,0.0,0.0,1.0
1779978076.1226006,-1.2820223569869995,-0.46003758907318115,0.0,0.0,nan,0.0,0.0,0.0,0.0,0.0,0.0,1.0
1779978076.1331916,-1.2820223569869995,-0.46003758907318115,0.0,0.0,nan,0.0,0.0,0.0,0.0,0.0,0.0,1.0
1779978076.143423,-1.2820223569869995,-0.46003758907318115,0.0,0.0,nan,0.0,0.0,0.0,0.0,0.0,0.0,1.0
1779978076.1539583,-1.2820223569869995,-0.46003758907318115,0.0,0.0,nan,0.0,0.0,0.0,0.0,0.0,0.0,1.0
1779978076.1643357,-1.2820223569869995,-0.46003758907318115,0.0,0.0,nan,0.0,0.0,0.0,0.0,0.0,0.0,1.0
1779978076.1746817,-1.2820223569869995,-0.46003758907318115,0.0,0.0,nan,0.0,0.0,0.0,0.0,0.0,0.0,1.0
1779978076.1849997,-1.2820223569869995,-0.46003758907318115,0.0,0.0,nan,0.0,0.0,0.0,0.0,0.0,0.0,1.0
1779978076.1956265,-1.2820223569869995,-0.46003758907318115,0.0,0.0,nan,0.0,0.0,0.0,0.0,0.0,0.0,1.0
1779978076.2059948,-1.2820223569869995,-0.46003758907318115,0.0,0.0,nan,0.0,0.0,0.0,0.0,0.0,0.0,1.0
1779978076.216566,-1.2820223569869995,-0.46003758907318115,0.0,0.0,nan,0.0,0.0,0.0,0.0,0.0,0.0,1.0
1779978076.2267601,-1.2820223569869995,-0.46003758907318115,0.0,0.0,nan,0.0,0.0,0.0,0.0,0.0,0.0,1.0
1779978076.2373278,-1.2820223569869995,-0.46003758907318115,0.0,0.0,nan,0.0,0.0,0.0,0.0,0.0,0.0,1.0
1779978076.247417,-1.2820223569869995,-0.46003758907318115,0.0,0.0,nan,0.0,0.0,0.0,0.0,0.0,0.0,1.0
1779978076.2578416,-1.2820223569869995,-0.46003758907318115,0.0,0.0,nan,0.0,0.0,0.0,0.0,0.0,0.0,1.0
1779978076.267915,-1.2820223569869995,-0.46003758907318115,0.0,0.0,nan,0.0,0.0,0.0,0.0,0.0,0.0,1.0
1779978076.2784984,-1.2820223569869995,-0.46003758907318115,0.0,0.0,nan,0.0,0.0,0.0,0.0,0.0,0.0,1.0
1779978076.289139,-1.2820223569869995,-0.46003758907318115,0.0,0.0,nan,0.0,0.0,0.0,0.0,0.0,0.0,1.0
1779978076.2995813,-1.2820223569869995,-0.46003758907318115,0.0,0.0,nan,0.0,0.0,0.0,0.0,0.0,0.0,1.0
1779978076.3098893,-1.2820223569869995,-0.46003758907318115,0.0,0.0,nan,0.0,0.0,0.0,0.0,0.0,0.0,1.0
1779978076.3200948,-1.2820223569869995,-0.46003758907318115,0.0,0.0,nan,0.0,0.0,0.0,0.0,0.0,0.0,1.0
1779978076.3301668,-1.2820223569869995,-0.46003758907318115,0.0,0.0,nan,0.0,0.0,0.0,0.0,0.0,0.0,1.0
1779978076.3401966,-1.2820223569869995,-0.46003758907318115,0.0,0.0,nan,0.0,0.0,0.0,0.0,0.0,0.0,1.0
1779978076.3506556,-1.2820223569869995,-0.46003758907318115,0.0,0.0,nan,0.0,0.0,0.0,0.0,0.0,0.0,1.0
1779978076.3612392,-1.2820223569869995,-0.46003758907318115,0.0,0.0,nan,0.0,0.0,0.0,0.0,0.0,0.0,1.0
1779978076.3717837,-1.2820223569869995,-0.46003758907318115,0.0,0.0,nan,0.0,0.0,0.0,0.0,0.0,0.0,1.0
1779978076.3823576,-1.2820223569869995,-0.46003758907318115,0.0,0.0,nan,0.0,0.0,0.0,0.0,0.0,0.0,1.0
1779978076.3928576,-1.2820223569869995,-0.46003758907318115,0.0,0.0,nan,0.0,0.0,0.0,0.0,0.0,0.0,1.0
1779978076.4031062,-1.2820223569869995,-0.46003758907318115,0.0,0.0,nan,0.0,0.0,0.0,0.0,0.0,0.0,1.0
1779978076.4134264,-1.2820223569869995,-0.46003758907318115,0.0,0.0,nan,0.0,0.0,0.0,0.0,0.0,0.0,1.0
1779978076.4235678,-1.2820223569869995,-0.46003758907318115,0.0,0.0,nan,0.0,0.0,0.0,0.0,0.0,0.0,1.0
1779978076.4341333,-1.2820223569869995,-0.46003758907318115,0.0,0.0,nan,0.0,0.0,0.0,0.0,0.0,0.0,1.0
1779978076.4442716,-1.2820223569869995,-0.46003758907318115,0.0,0.0,nan,0.0,0.0,0.0,0.0,0.0,0.0,1.0
1779978076.4544613,-1.2820223569869995,-0.46003758907318115,0.0,0.0,nan,0.0,0.0,0.0,0.0,0.0,0.0,1.0
1779978076.4648352,-1.2820223569869995,-0.46003758907318115,0.0,0.0,nan,0.0,0.0,0.0,0.0,0.0,0.0,1.0
1779978076.4750383,-1.2820223569869995,-0.46003758907318115,0.0,0.0,nan,0.0,0.0,0.0,0.0,0.0,0.0,1.0
1779978076.4856777,-1.2820223569869995,-0.46003758907318115,0.0,0.0,nan,0.0,0.0,0.0,0.0,0.0,0.0,1.0
1779978076.496173,-1.2820223569869995,-0.46003758907318115,0.0,0.0,nan,0.0,0.0,0.0,0.0,0.0,0.0,1.0
1779978076.506367,-1.2820223569869995,-0.46003758907318115,0.0,0.0,nan,0.0,0.0,0.0,0.0,0.0,0.0,1.0
1779978076.5168884,-1.2820223569869995,-0.46003758907318115,0.0,0.0,nan,0.0,0.0,0.0,0.0,0.0,0.0,1.0
1779978076.5271795,-1.2820223569869995,-0.46003758907318115,0.0,0.0,nan,0.0,0.0,0.0,0.0,0.0,0.0,1.0
1779978076.5371919,-1.2820223569869995,-0.46003758907318115,0.0,0.0,nan,0.0,0.0,0.0,0.0,0.0,0.0,1.0
1779978076.5477624,-1.2820223569869995,-0.46003758907318115,0.0,0.0,nan,0.0,0.0,0.0,0.0,0.0,0.0,1.0
1779978076.558523,-1.2820223569869995,-0.46003758907318115,0.0,0.0,nan,0.0,0.0,0.0,0.0,0.0,0.0,1.0
1779978076.5693157,-1.2820223569869995,-0.46003758907318115,0.0,0.0,nan,0.0,0.0,0.0,0.0,0.0,0.0,1.0
1779978076.5797005,-1.2820223569869995,-0.46003758907318115,0.0,0.0,nan,0.0,0.0,0.0,0.0,0.0,0.0,1.0
1779978076.5898576,-1.2820223569869995,-0.46003758907318115,0.0,0.0,nan,0.0,0.0,0.0,0.0,0.0,0.0,1.0
1779978076.600342,-1.2820223569869995,-0.46003758907318115,0.0,0.0,nan,0.0,0.0,0.0,0.0,0.0,0.0,1.0
1779978076.6107602,-1.2820223569869995,-0.46003758907318115,0.0,0.0,nan,0.0,0.0,0.0,0.0,0.0,0.0,1.0
1779978076.621498,-1.2820223569869995,-0.46003758907318115,0.0,0.0,nan,0.0,0.0,0.0,0.0,0.0,0.0,1.0
1779978076.6315763,-1.2820223569869995,-0.46003758907318115,0.0,0.0,nan,0.0,0.0,0.0,0.0,0.0,0.0,1.0
1779978076.641829,-1.2820223569869995,-0.46003758907318115,0.0,0.0,nan,0.0,0.0,0.0,0.0,0.0,0.0,1.0
1779978076.652586,-1.2820223569869995,-0.46003758907318115,0.0,0.0,nan,0.0,0.0,0.0,0.0,0.0,0.0,1.0
1779978076.6630368,-1.2820223569869995,-0.46003758907318115,0.0,0.0,nan,0.0,0.0,0.0,0.0,0.0,0.0,1.0
1779978076.6731417,-1.2820223569869995,-0.46003758907318115,0.0,0.0,nan,0.0,0.0,0.0,0.0,0.0,0.0,1.0
1779978076.6832151,-1.2820223569869995,-0.46003758907318115,0.0,0.0,nan,0.0,0.0,0.0,0.0,0.0,0.0,1.0
1779978076.6934173,-1.2820223569869995,-0.46003758907318115,0.0,0.0,nan,0.0,0.0,0.0,0.0,0.0,0.0,1.0
1779978076.7037408,-1.2820223569869995,-0.46003758907318115,0.0,0.0,nan,0.0,0.0,0.0,0.0,0.0,0.0,1.0
1779978076.713974,-1.2820223569869995,-0.46003758907318115,0.0,0.0,nan,0.0,0.0,0.0,0.0,0.0,0.0,1.0
1779978076.7242482,-1.2820223569869995,-0.46003758907318115,0.0,0.0,nan,0.0,0.0,0.0,0.0,0.0,0.0,1.0
1779978076.734601,-1.2820223569869995,-0.46003758907318115,0.0,0.0,nan,0.0,0.0,0.0,0.0,0.0,0.0,1.0
1779978076.7446787,-1.2820223569869995,-0.46003758907318115,0.0,0.0,nan,0.0,0.0,0.0,0.0,0.0,0.0,1.0
1779978076.755317,-1.2820223569869995,-0.46003758907318115,0.0,0.0,nan,0.0,0.0,0.0,0.0,0.0,0.0,1.0
1779978076.7655222,-1.2820223569869995,-0.46003758907318115,0.0,0.0,nan,0.0,0.0,0.0,0.0,0.0,0.0,1.0
1779978076.7760904,-1.2820223569869995,-0.46003758907318115,0.0,0.0,nan,0.0,0.0,0.0,0.0,0.0,0.0,1.0
1779978076.7869148,-1.2820223569869995,-0.46003758907318115,0.0,0.0,nan,0.0,0.0,0.0,0.0,0.0,0.0,1.0
1779978076.7969139,-1.2820223569869995,-0.46003758907318115,0.0,0.0,nan,0.0,0.0,0.0,0.0,0.0,0.0,1.0
1779978076.8070457,-1.2820223569869995,-0.46003758907318115,0.0,0.0,nan,0.0,0.0,0.0,0.0,0.0,0.0,1.0
1779978076.817409,-1.2820223569869995,-0.46003758907318115,0.0,0.0,nan,0.0,0.0,0.0,0.0,0.0,0.0,1.0
1779978076.8274503,-1.2820223569869995,-0.46003758907318115,0.0,0.0,nan,0.0,0.0,0.0,0.0,0.0,0.0,1.0
1779978076.8378558,-1.2820223569869995,-0.46003758907318115,0.0,0.0,nan,0.0,0.0,0.0,0.0,0.0,0.0,1.0
1779978076.8481784,-1.2820223569869995,-0.46003758907318115,0.0,0.0,nan,0.0,0.0,0.0,0.0,0.0,0.0,1.0
1779978076.8584228,-1.2820223569869995,-0.46003758907318115,0.0,0.0,nan,0.0,0.0,0.0,0.0,0.0,0.0,1.0
1779978076.869013,-1.2820223569869995,-0.46003758907318115,0.0,0.0,nan,0.0,0.0,0.0,0.0,0.0,0.0,1.0
1779978076.8792312,-1.2820223569869995,-0.46003758907318115,0.0,0.0,nan,0.0,0.0,0.0,0.0,0.0,0.0,1.0
1779978076.8899,-1.2820223569869995,-0.46003758907318115,0.0,0.0,nan,0.0,0.0,0.0,0.0,0.0,0.0,1.0
1779978076.9000175,-1.2820223569869995,-0.46003758907318115,0.0,0.0,nan,0.0,0.0,0.0,0.0,0.0,0.0,1.0
1779978076.910297,-1.2820223569869995,-0.46003758907318115,0.0,0.0,nan,0.0,0.0,0.0,0.0,0.0,0.0,1.0
1779978076.9206603,-1.2820223569869995,-0.46003758907318115,0.0,0.0,nan,0.0,0.0,0.0,0.0,0.0,0.0,1.0
1779978076.9308798,-1.2820223569869995,-0.46003758907318115,0.0,0.0,nan,0.0,0.0,0.0,0.0,0.0,0.0,1.0
1779978076.941078,-1.2820223569869995,-0.46003758907318115,0.0,0.0,nan,0.0,0.0,0.0,0.0,0.0,0.0,1.0
1779978076.9516654,-1.2820223569869995,-0.46003758907318115,0.0,0.0,nan,0.0,0.0,0.0,0.0,0.0,0.0,1.0
1779978076.9617724,-1.2820223569869995,-0.46003758907318115,0.0,0.0,nan,0.0,0.0,0.0,0.0,0.0,0.0,1.0
1779978076.9720948,-1.2820223569869995,-0.46003758907318115,0.0,0.0,nan,0.0,0.0,0.0,0.0,0.0,0.0,1.0
1779978076.982396,-1.2820223569869995,-0.46003758907318115,0.0,0.0,nan,0.0,0.0,0.0,0.0,0.0,0.0,1.0
1779978076.9926877,-1.2820223569869995,-0.46003758907318115,0.0,0.0,nan,0.0,0.0,0.0,0.0,0.0,0.0,1.0
1779978077.003173,-1.2820223569869995,-0.46003758907318115,0.0,0.0,nan,0.0,0.0,0.0,0.0,0.0,0.0,1.0
1779978077.013393,-1.2820223569869995,-0.46003758907318115,0.0,0.0,nan,0.0,0.0,0.0,0.0,0.0,0.0,1.0
1779978077.0236275,-1.2820223569869995,-0.46003758907318115,0.0,0.0,nan,0.0,0.0,0.0,0.0,0.0,0.0,1.0
1779978077.0339127,-1.2820223569869995,-0.46003758907318115,0.0,0.0,nan,0.0,0.0,0.0,0.0,0.0,0.0,1.0
1779978077.0441673,-1.2820223569869995,-0.46003758907318115,0.0,0.0,nan,0.0,0.0,0.0,0.0,0.0,0.0,1.0
1779978077.0546348,-1.2820223569869995,-0.46003758907318115,0.0,0.0,nan,0.0,0.0,0.0,0.0,0.0,0.0,1.0
1779978077.0651672,-1.2820223569869995,-0.46003758907318115,0.0,0.0,nan,0.0,0.0,0.0,0.0,0.0,0.0,1.0
1779978077.0755405,-1.2820223569869995,-0.46003758907318115,0.0,0.0,nan,0.0,0.0,0.0,0.0,0.0,0.0,1.0
1779978077.086096,-1.2820223569869995,-0.46003758907318115,0.0,0.0,nan,0.0,0.0,0.0,0.0,0.0,0.0,1.0
1779978077.0964026,-1.2820223569869995,-0.46003758907318115,0.0,0.0,nan,0.0,0.0,0.0,0.0,0.0,0.0,1.0
1779978077.1068604,-1.2820223569869995,-0.46003758907318115,0.0,0.0,nan,0.0,0.0,0.0,0.0,0.0,0.0,1.0
1779978077.116974,-1.2820223569869995,-0.46003758907318115,0.0,0.0,nan,0.0,0.0,0.0,0.0,0.0,0.0,1.0
1779978077.1273592,-1.2820223569869995,-0.46003758907318115,0.0,0.0,nan,0.0,0.0,0.0,0.0,0.0,0.0,1.0
1779978077.1377597,-1.2820223569869995,-0.46003758907318115,0.0,0.0,nan,0.0,0.0,0.0,0.0,0.0,0.0,1.0
1779978077.1481097,-1.2820223569869995,-0.46003758907318115,0.0,0.0,nan,0.0,0.0,0.0,0.0,0.0,0.0,1.0
1779978077.1584566,-1.2820223569869995,-0.46003758907318115,0.0,0.0,nan,0.0,0.0,0.0,0.0,0.0,0.0,1.0
1779978077.168854,-1.2820223569869995,-0.46003758907318115,0.0,0.0,nan,0.0,0.0,0.0,0.0,0.0,0.0,1.0
1779978077.178823,-1.2820223569869995,-0.46003758907318115,0.0,0.0,nan,0.0,0.0,0.0,0.0,0.0,0.0,1.0
1779978077.1889136,-1.2820223569869995,-0.46003758907318115,0.0,0.0,nan,0.0,0.0,0.0,0.0,0.0,0.0,1.0
1779978077.199288,-1.2820223569869995,-0.46003758907318115,0.0,0.0,nan,0.0,0.0,0.0,0.0,0.0,0.0,1.0
1779978077.2098005,-1.2820223569869995,-0.46003758907318115,0.0,0.0,nan,0.0,0.0,0.0,0.0,0.0,0.0,1.0
1779978077.2199438,-1.2820223569869995,-0.46003758907318115,0.0,0.0,nan,0.0,0.0,0.0,0.0,0.0,0.0,1.0
1779978077.2303839,-1.2820223569869995,-0.46003758907318115,0.0,0.0,nan,0.0,0.0,0.0,0.0,0.0,0.0,1.0
1779978077.2409327,-1.2820223569869995,-0.46003758907318115,0.0,0.0,nan,0.0,0.0,0.0,0.0,0.0,0.0,1.0
1779978077.2511313,-1.2820223569869995,-0.46003758907318115,0.0,0.0,nan,0.0,0.0,0.0,0.0,0.0,0.0,1.0
1779978077.2615392,-1.2820223569869995,-0.46003758907318115,0.0,0.0,nan,0.0,0.0,0.0,0.0,0.0,0.0,1.0
1779978077.2722352,-1.2820223569869995,-0.46003758907318115,0.0,0.0,nan,0.0,0.0,0.0,0.0,0.0,0.0,1.0
1779978077.2822766,-1.2820223569869995,-0.46003758907318115,0.0,0.0,nan,0.0,0.0,0.0,0.0,0.0,0.0,1.0
1779978077.2923756,-1.2820223569869995,-0.46003758907318115,0.0,0.0,nan,0.0,0.0,0.0,0.0,0.0,0.0,1.0
1779978077.3024995,-1.2820223569869995,-0.46003758907318115,0.0,0.0,nan,0.0,0.0,0.0,0.0,0.0,0.0,1.0
1779978077.3126209,-1.2820223569869995,-0.46003758907318115,0.0,0.0,nan,0.0,0.0,0.0,0.0,0.0,0.0,1.0
1779978077.3231575,-1.2820223569869995,-0.46003758907318115,0.0,0.0,nan,0.0,0.0,0.0,0.0,0.0,0.0,1.0
1779978077.3337662,-1.2820223569869995,-0.46003758907318115,0.0,0.0,nan,0.0,0.0,0.0,0.0,0.0,0.0,1.0
1779978077.3442464,-1.2820223569869995,-0.46003758907318115,0.0,0.0,nan,0.0,0.0,0.0,0.0,0.0,0.0,1.0
1779978077.3548234,-1.2820223569869995,-0.46003758907318115,0.0,0.0,nan,0.0,0.0,0.0,0.0,0.0,0.0,1.0
1779978077.3649292,-1.2820223569869995,-0.46003758907318115,0.0,0.0,nan,0.0,0.0,0.0,0.0,0.0,0.0,1.0
1779978077.375488,-1.2820223569869995,-0.46003758907318115,0.0,0.0,nan,0.0,0.0,0.0,0.0,0.0,0.0,1.0
1779978077.3854825,-1.2820223569869995,-0.46003758907318115,0.0,0.0,nan,0.0,0.0,0.0,0.0,0.0,0.0,1.0
1779978077.3955297,-1.2820223569869995,-0.46003758907318115,0.0,0.0,nan,0.0,0.0,0.0,0.0,0.0,0.0,1.0
1779978077.4061458,-1.2820223569869995,-0.46003758907318115,0.0,0.0,nan,0.0,0.0,0.0,0.0,0.0,0.0,1.0
1779978077.416676,-1.2820223569869995,-0.46003758907318115,0.0,0.0,nan,0.0,0.0,0.0,0.0,0.0,0.0,1.0
1779978077.426823,-1.2820223569869995,-0.46003758907318115,0.0,0.0,nan,0.0,0.0,0.0,0.0,0.0,0.0,1.0
1779978077.4373534,-1.2820223569869995,-0.46003758907318115,0.0,0.0,nan,0.0,0.0,0.0,0.0,0.0,0.0,1.0
1779978077.4473126,-1.2820223569869995,-0.46003758907318115,0.0,0.0,nan,0.0,0.0,0.0,0.0,0.0,0.0,1.0
1779978077.4578645,-1.2820223569869995,-0.46003758907318115,0.0,0.0,nan,0.0,0.0,0.0,0.0,0.0,0.0,1.0
1779978077.4685168,-1.2820223569869995,-0.46003758907318115,0.0,0.0,nan,0.0,0.0,0.0,0.0,0.0,0.0,1.0
1779978077.4789271,-1.2820223569869995,-0.46003758907318115,0.0,0.0,nan,0.0,0.0,0.0,0.0,0.0,0.0,1.0
1779978077.4894633,-1.2820223569869995,-0.46003758907318115,0.0,0.0,nan,0.0,0.0,0.0,0.0,0.0,0.0,1.0
1779978077.4998398,-1.2820223569869995,-0.46003758907318115,0.0,0.0,nan,0.0,0.0,0.0,0.0,0.0,0.0,1.0
1779978077.5100741,-1.2820223569869995,-0.46003758907318115,0.0,0.0,nan,0.0,0.0,0.0,0.0,0.0,0.0,1.0
1779978077.5203297,-1.2820223569869995,-0.46003758907318115,0.0,0.0,nan,0.0,0.0,0.0,0.0,0.0,0.0,1.0
1779978077.5307045,-1.2820223569869995,-0.46003758907318115,0.0,0.0,nan,0.0,0.0,0.0,0.0,0.0,0.0,1.0
1779978077.5408342,-1.2820223569869995,-0.46003758907318115,0.0,0.0,nan,0.0,0.0,0.0,0.0,0.0,0.0,1.0
1779978077.5513284,-1.2820223569869995,-0.46003758907318115,0.0,0.0,nan,0.0,0.0,0.0,0.0,0.0,0.0,1.0
1779978077.5615594,-1.2820223569869995,-0.46003758907318115,0.0,0.0,nan,0.0,0.0,0.0,0.0,0.0,0.0,1.0
1779978077.5722637,-1.2820223569869995,-0.46003758907318115,0.0,0.0,nan,0.0,0.0,0.0,0.0,0.0,0.0,1.0
1779978077.5821855,-1.2820223569869995,-0.46003758907318115,0.0,0.0,nan,0.0,0.0,0.0,0.0,0.0,0.0,1.0
1779978077.5923321,-1.2820223569869995,-0.46003758907318115,0.0,0.0,nan,0.0,0.0,0.0,0.0,0.0,0.0,1.0
1779978077.602704,-1.2820223569869995,-0.46003758907318115,0.0,0.0,nan,0.0,0.0,0.0,0.0,0.0,0.0,1.0
1779978077.6126258,-1.2820223569869995,-0.46003758907318115,0.0,0.0,nan,0.0,0.0,0.0,0.0,0.0,0.0,1.0
1779978077.6227725,-1.2820223569869995,-0.46003758907318115,0.0,0.0,nan,0.0,0.0,0.0,0.0,0.0,0.0,1.0
1779978077.6328237,-1.2820223569869995,-0.46003758907318115,0.0,0.0,nan,0.0,0.0,0.0,0.0,0.0,0.0,1.0
1779978077.6430619,-1.2820223569869995,-0.46003758907318115,0.0,0.0,nan,0.0,0.0,0.0,0.0,0.0,0.0,1.0
1779978077.6536372,-1.2820223569869995,-0.46003758907318115,0.0,0.0,nan,0.0,0.0,0.0,0.0,0.0,0.0,1.0
1779978077.663803,-1.2820223569869995,-0.46003758907318115,0.0,0.0,nan,0.0,0.0,0.0,0.0,0.0,0.0,1.0
1779978077.6739314,-1.2820223569869995,-0.46003758907318115,0.0,0.0,nan,0.0,0.0,0.0,0.0,0.0,0.0,1.0
1779978077.6840508,-1.2820223569869995,-0.46003758907318115,0.0,0.0,nan,0.0,0.0,0.0,0.0,0.0,0.0,1.0
1779978077.6943552,-1.2820223569869995,-0.46003758907318115,0.0,0.0,nan,0.0,0.0,0.0,0.0,0.0,0.0,1.0
1779978077.7045615,-1.2820223569869995,-0.46003758907318115,0.0,0.0,nan,0.0,0.0,0.0,0.0,0.0,0.0,1.0
1779978077.7148576,-1.2820223569869995,-0.46003758907318115,0.0,0.0,nan,0.0,0.0,0.0,0.0,0.0,0.0,1.0
1779978077.725288,-1.2820223569869995,-0.46003758907318115,0.0,0.0,nan,0.0,0.0,0.0,0.0,0.0,0.0,1.0
1779978077.7360888,-1.2820223569869995,-0.46003758907318115,0.0,0.0,nan,0.0,0.0,0.0,0.0,0.0,0.0,1.0
1779978077.7464304,-1.2820223569869995,-0.46003758907318115,0.0,0.0,nan,0.0,0.0,0.0,0.0,0.0,0.0,1.0
1779978077.7572072,-1.2820223569869995,-0.46003758907318115,0.0,0.0,nan,0.0,0.0,0.0,0.0,0.0,0.0,1.0
1779978077.767258,-1.2820223569869995,-0.46003758907318115,0.0,0.0,nan,0.0,0.0,0.0,0.0,0.0,0.0,1.0
1779978077.777346,-1.2820223569869995,-0.46003758907318115,0.0,0.0,nan,0.0,0.0,0.0,0.0,0.0,0.0,1.0
1779978077.7877886,-1.2820223569869995,-0.46003758907318115,0.0,0.0,nan,0.0,0.0,0.0,0.0,0.0,0.0,1.0
1779978077.7979205,-1.2820223569869995,-0.46003758907318115,0.0,0.0,nan,0.0,0.0,0.0,0.0,0.0,0.0,1.0
1779978077.8084745,-1.2820223569869995,-0.46003758907318115,0.0,0.0,nan,0.0,0.0,0.0,0.0,0.0,0.0,1.0
1779978077.818936,-1.2820223569869995,-0.46003758907318115,0.0,0.0,nan,0.0,0.0,0.0,0.0,0.0,0.0,1.0
1779978077.829199,-1.2820223569869995,-0.46003758907318115,0.0,0.0,nan,0.0,0.0,0.0,0.0,0.0,0.0,1.0
1779978077.8392744,-1.2820223569869995,-0.46003758907318115,0.0,0.0,nan,0.0,0.0,0.0,0.0,0.0,0.0,1.0
1779978077.8496394,-1.2820223569869995,-0.46003758907318115,0.0,0.0,nan,0.0,0.0,0.0,0.0,0.0,0.0,1.0
1779978077.8597233,-1.2820223569869995,-0.46003758907318115,0.0,0.0,nan,0.0,0.0,0.0,0.0,0.0,0.0,1.0
1779978077.8700426,-1.2820223569869995,-0.46003758907318115,0.0,0.0,nan,0.0,0.0,0.0,0.0,0.0,0.0,1.0
1779978077.8802288,-1.2820223569869995,-0.46003758907318115,0.0,0.0,nan,0.0,0.0,0.0,0.0,0.0,0.0,1.0
1779978077.8903959,-1.2820223569869995,-0.46003758907318115,0.0,0.0,nan,0.0,0.0,0.0,0.0,0.0,0.0,1.0
1779978077.9005148,-1.2820223569869995,-0.46003758907318115,0.0,0.0,nan,0.0,0.0,0.0,0.0,0.0,0.0,1.0
1779978077.9110107,-1.2820223569869995,-0.46003758907318115,0.0,0.0,nan,0.0,0.0,0.0,0.0,0.0,0.0,1.0
1779978077.92115,-1.2820223569869995,-0.46003758907318115,0.0,0.0,nan,0.0,0.0,0.0,0.0,0.0,0.0,1.0
1779978077.9316058,-1.2820223569869995,-0.46003758907318115,0.0,0.0,nan,0.0,0.0,0.0,0.0,0.0,0.0,1.0
1779978077.9421215,-1.2820223569869995,-0.46003758907318115,0.0,0.0,nan,0.0,0.0,0.0,0.0,0.0,0.0,1.0
1779978077.9526117,-1.2820223569869995,-0.46003758907318115,0.0,0.0,nan,0.0,0.0,0.0,0.0,0.0,0.0,1.0
1779978077.9627497,-1.2820223569869995,-0.46003758907318115,0.0,0.0,nan,0.0,0.0,0.0,0.0,0.0,0.0,1.0
1779978077.9737096,-1.2820223569869995,-0.46003758907318115,0.0,0.0,nan,0.0,0.0,0.0,0.0,0.0,0.0,1.0
1779978077.9835873,-1.2820223569869995,-0.46003758907318115,0.0,0.0,nan,0.0,0.0,0.0,0.0,0.0,0.0,1.0
1779978077.9937084,-1.2820223569869995,-0.46003758907318115,0.0,0.0,nan,0.0,0.0,0.0,0.0,0.0,0.0,1.0
1779978078.003992,-1.2820223569869995,-0.46003758907318115,0.0,0.0,nan,0.0,0.0,0.0,0.0,0.0,0.0,1.0
1779978078.014608,-1.2820223569869995,-0.46003758907318115,0.0,0.0,nan,0.0,0.0,0.0,0.0,0.0,0.0,1.0
1779978078.0248759,-1.2820223569869995,-0.46003758907318115,0.0,0.0,nan,0.0,0.0,0.0,0.0,0.0,0.0,1.0
1779978078.0356534,-1.2820223569869995,-0.46003758907318115,0.0,0.0,nan,0.0,0.0,0.0,0.0,0.0,0.0,1.0
1779978078.046117,-1.2820223569869995,-0.46003758907318115,0.0,0.0,nan,0.0,0.0,0.0,0.0,0.0,0.0,1.0
1779978078.056751,-1.2820223569869995,-0.46003758907318115,0.0,0.0,nan,0.0,0.0,0.0,0.0,0.0,0.0,1.0
1779978078.067162,-1.2820223569869995,-0.46003758907318115,0.0,0.0,nan,0.0,0.0,0.0,0.0,0.0,0.0,1.0
1779978078.0773463,-1.2820223569869995,-0.46003758907318115,0.0,0.0,nan,0.0,0.0,0.0,0.0,0.0,0.0,1.0
1779978078.0875394,-1.2820223569869995,-0.46003758907318115,0.0,0.0,nan,0.0,0.0,0.0,0.0,0.0,0.0,1.0
1779978078.0979328,-1.2820223569869995,-0.46003758907318115,0.0,0.0,nan,0.0,0.0,0.0,0.0,0.0,0.0,1.0
1779978078.1081066,-1.2820223569869995,-0.46003758907318115,0.0,0.0,nan,0.0,0.0,0.0,0.0,0.0,0.0,1.0
1779978078.1182444,-1.2820223569869995,-0.46003758907318115,0.0,0.0,nan,0.0,0.0,0.0,0.0,0.0,0.0,1.0
1779978078.128789,-1.2820223569869995,-0.46003758907318115,0.0,0.0,nan,0.0,0.0,0.0,0.0,0.0,0.0,1.0
1779978078.139055,-1.2820223569869995,-0.46003758907318115,0.0,0.0,nan,0.0,0.0,0.0,0.0,0.0,0.0,1.0
1779978078.1492636,-1.2820223569869995,-0.46003758907318115,0.0,0.0,nan,0.0,0.0,0.0,0.0,0.0,0.0,1.0
1779978078.159498,-1.2820223569869995,-0.46003758907318115,0.0,0.0,nan,0.0,0.0,0.0,0.0,0.0,0.0,1.0
1779978078.1701212,-1.2820223569869995,-0.46003758907318115,0.0,0.0,nan,0.0,0.0,0.0,0.0,0.0,0.0,1.0
1779978078.1802602,-1.2820223569869995,-0.46003758907318115,0.0,0.0,nan,0.0,0.0,0.0,0.0,0.0,0.0,1.0
1779978078.1905088,-1.2820223569869995,-0.46003758907318115,0.0,0.0,nan,0.0,0.0,0.0,0.0,0.0,0.0,1.0
1779978078.2011158,-1.2820223569869995,-0.46003758907318115,0.0,0.0,nan,0.0,0.0,0.0,0.0,0.0,0.0,1.0
1779978078.2115939,-1.2820223569869995,-0.46003758907318115,0.0,0.0,nan,0.0,0.0,0.0,0.0,0.0,0.0,1.0
1779978078.2220256,-1.2820223569869995,-0.46003758907318115,0.0,0.0,nan,0.0,0.0,0.0,0.0,0.0,0.0,1.0
1779978078.2324076,-1.2820223569869995,-0.46003758907318115,0.0,0.0,nan,0.0,0.0,0.0,0.0,0.0,0.0,1.0
1779978078.2429717,-1.2820223569869995,-0.46003758907318115,0.0,0.0,nan,0.0,0.0,0.0,0.0,0.0,0.0,1.0
1779978078.2531555,-1.2820223569869995,-0.46003758907318115,0.0,0.0,nan,0.0,0.0,0.0,0.0,0.0,0.0,1.0
1779978078.2639508,-1.2820223569869995,-0.46003758907318115,0.0,0.0,nan,0.0,0.0,0.0,0.0,0.0,0.0,1.0
1779978078.274479,-1.2820223569869995,-0.46003758907318115,0.0,0.0,nan,0.0,0.0,0.0,0.0,0.0,0.0,1.0
1779978078.2850332,-1.2820223569869995,-0.46003758907318115,0.0,0.0,nan,0.0,0.0,0.0,0.0,0.0,0.0,1.0
1779978078.295005,-1.2820223569869995,-0.46003758907318115,0.0,0.0,nan,0.0,0.0,0.0,0.0,0.0,0.0,1.0
1779978078.3056557,-1.2820223569869995,-0.46003758907318115,0.0,0.0,nan,0.0,0.0,0.0,0.0,0.0,0.0,1.0
1779978078.3158698,-1.2820223569869995,-0.46003758907318115,0.0,0.0,nan,0.0,0.0,0.0,0.0,0.0,0.0,1.0
1779978078.326092,-1.2820223569869995,-0.46003758907318115,0.0,0.0,nan,0.0,0.0,0.0,0.0,0.0,0.0,1.0
1779978078.336769,-1.2820223569869995,-0.46003758907318115,0.0,0.0,nan,0.0,0.0,0.0,0.0,0.0,0.0,1.0
1779978078.347226,-1.2820223569869995,-0.46003758907318115,0.0,0.0,nan,0.0,0.0,0.0,0.0,0.0,0.0,1.0
1779978078.357828,-1.2820223569869995,-0.46003758907318115,0.0,0.0,nan,0.0,0.0,0.0,0.0,0.0,0.0,1.0
1779978078.3679364,-1.2820223569869995,-0.46003758907318115,0.0,0.0,nan,0.0,0.0,0.0,0.0,0.0,0.0,1.0
1779978078.3782876,-1.2820223569869995,-0.46003758907318115,0.0,0.0,nan,0.0,0.0,0.0,0.0,0.0,0.0,1.0
1779978078.3884766,-1.2820223569869995,-0.46003758907318115,0.0,0.0,nan,0.0,0.0,0.0,0.0,0.0,0.0,1.0
1779978078.3992033,-1.2820223569869995,-0.46003758907318115,0.0,0.0,nan,0.0,0.0,0.0,0.0,0.0,0.0,1.0
1779978078.4098122,-1.2820223569869995,-0.46003758907318115,0.0,0.0,nan,0.0,0.0,0.0,0.0,0.0,0.0,1.0
1779978078.420286,-1.2820223569869995,-0.46003758907318115,0.0,0.0,nan,0.0,0.0,0.0,0.0,0.0,0.0,1.0
1779978078.4306417,-1.2820223569869995,-0.46003758907318115,0.0,0.0,nan,0.0,0.0,0.0,0.0,0.0,0.0,1.0
1779978078.4411368,-1.2820223569869995,-0.46003758907318115,0.0,0.0,nan,0.0,0.0,0.0,0.0,0.0,0.0,1.0
1779978078.4513795,-1.2820223569869995,-0.46003758907318115,0.0,0.0,nan,0.0,0.0,0.0,0.0,0.0,0.0,1.0
1779978078.4616952,-1.2820223569869995,-0.46003758907318115,0.0,0.0,nan,0.0,0.0,0.0,0.0,0.0,0.0,1.0
1779978078.4718153,-1.2820223569869995,-0.46003758907318115,0.0,0.0,nan,0.0,0.0,0.0,0.0,0.0,0.0,1.0
1779978078.4823244,-1.2820223569869995,-0.46003758907318115,0.0,0.0,nan,0.0,0.0,0.0,0.0,0.0,0.0,1.0
1779978078.4928288,-1.2820223569869995,-0.46003758907318115,0.0,0.0,nan,0.0,0.0,0.0,0.0,0.0,0.0,1.0
1779978078.5030515,-1.2820223569869995,-0.46003758907318115,0.0,0.0,nan,0.0,0.0,0.0,0.0,0.0,0.0,1.0
1779978078.5133584,-1.2820223569869995,-0.46003758907318115,0.0,0.0,nan,0.0,0.0,0.0,0.0,0.0,0.0,1.0
1779978078.5235636,-1.2820223569869995,-0.46003758907318115,0.0,0.0,nan,0.0,0.0,0.0,0.0,0.0,0.0,1.0
1779978078.5334547,-1.2820223569869995,-0.46003758907318115,0.0,0.0,nan,0.0,0.0,0.0,0.0,0.0,0.0,1.0
1779978078.5437093,-1.2820223569869995,-0.46003758907318115,0.0,0.0,nan,0.0,0.0,0.0,0.0,0.0,0.0,1.0
1779978078.5539227,-1.2820223569869995,-0.46003758907318115,0.0,0.0,nan,0.0,0.0,0.0,0.0,0.0,0.0,1.0
1779978078.5639877,-1.2820223569869995,-0.46003758907318115,0.0,0.0,nan,0.0,0.0,0.0,0.0,0.0,0.0,1.0
1779978078.574616,-1.2820223569869995,-0.46003758907318115,0.0,0.0,nan,0.0,0.0,0.0,0.0,0.0,0.0,1.0
1779978078.5845985,-1.2820223569869995,-0.46003758907318115,0.0,0.0,nan,0.0,0.0,0.0,0.0,0.0,0.0,1.0
1779978078.5946128,-1.2820223569869995,-0.46003758907318115,0.0,0.0,nan,0.0,0.0,0.0,0.0,0.0,0.0,1.0
1779978078.6053622,-1.2820223569869995,-0.46003758907318115,0.0,0.0,nan,0.0,0.0,0.0,0.0,0.0,0.0,1.0
1779978078.6157095,-1.2820223569869995,-0.46003758907318115,0.0,0.0,nan,0.0,0.0,0.0,0.0,0.0,0.0,1.0
1779978078.6262572,-1.2820223569869995,-0.46003758907318115,0.0,0.0,nan,0.0,0.0,0.0,0.0,0.0,0.0,1.0
1779978078.6366124,-1.2820223569869995,-0.46003758907318115,0.0,0.0,nan,0.0,0.0,0.0,0.0,0.0,0.0,1.0
1779978078.647052,-1.2820223569869995,-0.46003758907318115,0.0,0.0,nan,0.0,0.0,0.0,0.0,0.0,0.0,1.0
1779978078.6573102,-1.2820223569869995,-0.46003758907318115,0.0,0.0,nan,0.0,0.0,0.0,0.0,0.0,0.0,1.0
1779978078.667436,-1.2820223569869995,-0.46003758907318115,0.0,0.0,nan,0.0,0.0,0.0,0.0,0.0,0.0,1.0
1779978078.6774528,-1.2820223569869995,-0.46003758907318115,0.0,0.0,nan,0.0,0.0,0.0,0.0,0.0,0.0,1.0
1779978078.6877792,-1.2820223569869995,-0.46003758907318115,0.0,0.0,nan,0.0,0.0,0.0,0.0,0.0,0.0,1.0
1779978078.698276,-1.2820223569869995,-0.46003758907318115,0.0,0.0,nan,0.0,0.0,0.0,0.0,0.0,0.0,1.0
1779978078.7088964,-1.2820223569869995,-0.46003758907318115,0.0,0.0,nan,0.0,0.0,0.0,0.0,0.0,0.0,1.0
1779978078.7195616,-1.2820223569869995,-0.46003758907318115,0.0,0.0,nan,0.0,0.0,0.0,0.0,0.0,0.0,1.0
1779978078.729744,-1.2820223569869995,-0.46003758907318115,0.0,0.0,nan,0.0,0.0,0.0,0.0,0.0,0.0,1.0
1779978078.7399867,-1.2820223569869995,-0.46003758907318115,0.0,0.0,nan,0.0,0.0,0.0,0.0,0.0,0.0,1.0
1779978078.7505264,-1.2820223569869995,-0.46003758907318115,0.0,0.0,nan,0.0,0.0,0.0,0.0,0.0,0.0,1.0
1779978078.760969,-1.2820223569869995,-0.46003758907318115,0.0,0.0,nan,0.0,0.0,0.0,0.0,0.0,0.0,1.0
1779978078.7714245,-1.2820223569869995,-0.46003758907318115,0.0,0.0,nan,0.0,0.0,0.0,0.0,0.0,0.0,1.0
1779978078.782042,-1.2820223569869995,-0.46003758907318115,0.0,0.0,nan,0.0,0.0,0.0,0.0,0.0,0.0,1.0
1779978078.792509,-1.2820223569869995,-0.46003758907318115,0.0,0.0,nan,0.0,0.0,0.0,0.0,0.0,0.0,1.0
1779978078.8028486,-1.2820223569869995,-0.46003758907318115,0.0,0.0,nan,0.0,0.0,0.0,0.0,0.0,0.0,1.0
1779978078.8133748,-1.2820223569869995,-0.46003758907318115,0.0,0.0,nan,0.0,0.0,0.0,0.0,0.0,0.0,1.0
1779978078.8237238,-1.2820223569869995,-0.46003758907318115,0.0,0.0,nan,0.0,0.0,0.0,0.0,0.0,0.0,1.0
1779978078.8339243,-1.2820223569869995,-0.46003758907318115,0.0,0.0,nan,0.0,0.0,0.0,0.0,0.0,0.0,1.0
1779978078.8442645,-1.2820223569869995,-0.46003758907318115,0.0,0.0,nan,0.0,0.0,0.0,0.0,0.0,0.0,1.0
1779978078.8547363,-1.2820223569869995,-0.46003758907318115,0.0,0.0,nan,0.0,0.0,0.0,0.0,0.0,0.0,1.0
1779978078.864931,-1.2820223569869995,-0.46003758907318115,0.0,0.0,nan,0.0,0.0,0.0,0.0,0.0,0.0,1.0
1779978078.875365,-1.2820223569869995,-0.46003758907318115,0.0,0.0,nan,0.0,0.0,0.0,0.0,0.0,0.0,1.0
1779978078.8860097,-1.2820223569869995,-0.46003758907318115,0.0,0.0,nan,0.0,0.0,0.0,0.0,0.0,0.0,1.0
1779978078.89644,-1.2820223569869995,-0.46003758907318115,0.0,0.0,nan,0.0,0.0,0.0,0.0,0.0,0.0,1.0
1779978078.9065804,-1.2820223569869995,-0.46003758907318115,0.0,0.0,nan,0.0,0.0,0.0,0.0,0.0,0.0,1.0
1779978078.9170818,-1.2820223569869995,-0.46003758907318115,0.0,0.0,nan,0.0,0.0,0.0,0.0,0.0,0.0,1.0
1779978078.927279,-1.2820223569869995,-0.46003758907318115,0.0,0.0,nan,0.0,0.0,0.0,0.0,0.0,0.0,1.0
1779978078.937843,-1.2820223569869995,-0.46003758907318115,0.0,0.0,nan,0.0,0.0,0.0,0.0,0.0,0.0,1.0
1779978078.9483676,-1.2820223569869995,-0.46003758907318115,0.0,0.0,nan,0.0,0.0,0.0,0.0,0.0,0.0,1.0
1779978078.9584515,-1.2820223569869995,-0.46003758907318115,0.0,0.0,nan,0.0,0.0,0.0,0.0,0.0,0.0,1.0
1779978078.9685998,-1.2820223569869995,-0.46003758907318115,0.0,0.0,nan,0.0,0.0,0.0,0.0,0.0,0.0,1.0
1779978078.9787955,-1.2820223569869995,-0.46003758907318115,0.0,0.0,nan,0.0,0.0,0.0,0.0,0.0,0.0,1.0
1779978078.9892275,-1.2820223569869995,-0.46003758907318115,0.0,0.0,nan,0.0,0.0,0.0,0.0,0.0,0.0,1.0
1779978078.9994757,-1.2820223569869995,-0.46003758907318115,0.0,0.0,nan,0.0,0.0,0.0,0.0,0.0,0.0,1.0
1779978079.0097373,-1.2820223569869995,-0.46003758907318115,0.0,0.0,nan,0.0,0.0,0.0,0.0,0.0,0.0,1.0
1779978079.0199475,-1.2820223569869995,-0.46003758907318115,0.0,0.0,nan,0.0,0.0,0.0,0.0,0.0,0.0,1.0
1779978079.030144,-1.2820223569869995,-0.46003758907318115,0.0,0.0,nan,0.0,0.0,0.0,0.0,0.0,0.0,1.0
1779978079.040387,-1.2820223569869995,-0.46003758907318115,0.0,0.0,nan,0.0,0.0,0.0,0.0,0.0,0.0,1.0
1779978079.0505593,-1.2820223569869995,-0.46003758907318115,0.0,0.0,nan,0.0,0.0,0.0,0.0,0.0,0.0,1.0
1779978079.0610151,-1.2820223569869995,-0.46003758907318115,0.0,0.0,nan,0.0,0.0,0.0,0.0,0.0,0.0,1.0
1779978079.0712204,-1.2820223569869995,-0.46003758907318115,0.0,0.0,nan,0.0,0.0,0.0,0.0,0.0,0.0,1.0
1779978079.081444,-1.2820223569869995,-0.46003758907318115,0.0,0.0,nan,0.0,0.0,0.0,0.0,0.0,0.0,1.0
1779978079.0915654,-1.2820223569869995,-0.46003758907318115,0.0,0.0,nan,0.0,0.0,0.0,0.0,0.0,0.0,1.0
1779978079.1019776,-1.2820223569869995,-0.46003758907318115,0.0,0.0,nan,0.0,0.0,0.0,0.0,0.0,0.0,1.0
1779978079.1119275,-1.2820223569869995,-0.46003758907318115,0.0,0.0,nan,0.0,0.0,0.0,0.0,0.0,0.0,1.0
1779978079.1224275,-1.2820223569869995,-0.46003758907318115,0.0,0.0,nan,0.0,0.0,0.0,0.0,0.0,0.0,1.0
1779978079.1325715,-1.2820223569869995,-0.46003758907318115,0.0,0.0,nan,0.0,0.0,0.0,0.0,0.0,0.0,1.0
1779978079.1428573,-1.2820223569869995,-0.46003758907318115,0.0,0.0,nan,0.0,0.0,0.0,0.0,0.0,0.0,1.0
1779978079.153501,-1.2820223569869995,-0.46003758907318115,0.0,0.0,nan,0.0,0.0,0.0,0.0,0.0,0.0,1.0
1779978079.1634555,-1.2820223569869995,-0.46003758907318115,0.0,0.0,nan,0.0,0.0,0.0,0.0,0.0,0.0,1.0
1779978079.1737766,-1.2820223569869995,-0.46003758907318115,0.0,0.0,nan,0.0,0.0,0.0,0.0,0.0,0.0,1.0
1779978079.1839762,-1.2820223569869995,-0.46003758907318115,0.0,0.0,nan,0.0,0.0,0.0,0.0,0.0,0.0,1.0
1779978079.1942244,-1.2820223569869995,-0.46003758907318115,0.0,0.0,nan,0.0,0.0,0.0,0.0,0.0,0.0,1.0
1779978079.2046103,-1.2820223569869995,-0.46003758907318115,0.0,0.0,nan,0.0,0.0,0.0,0.0,0.0,0.0,1.0
1779978079.2146218,-1.2820223569869995,-0.46003758907318115,0.0,0.0,nan,0.0,0.0,0.0,0.0,0.0,0.0,1.0
1779978079.2252002,-1.2820223569869995,-0.46003758907318115,0.0,0.0,nan,0.0,0.0,0.0,0.0,0.0,0.0,1.0
1779978079.2356274,-1.2820223569869995,-0.46003758907318115,0.0,0.0,nan,0.0,0.0,0.0,0.0,0.0,0.0,1.0
1779978079.2461262,-1.2820223569869995,-0.46003758907318115,0.0,0.0,nan,0.0,0.0,0.0,0.0,0.0,0.0,1.0
1779978079.2567306,-1.2820223569869995,-0.46003758907318115,0.0,0.0,nan,0.0,0.0,0.0,0.0,0.0,0.0,1.0
1779978079.267143,-1.2820223569869995,-0.46003758907318115,0.0,0.0,nan,0.0,0.0,0.0,0.0,0.0,0.0,1.0
1779978079.2774246,-1.2820223569869995,-0.46003758907318115,0.0,0.0,nan,0.0,0.0,0.0,0.0,0.0,0.0,1.0
1779978079.2881868,-1.2820223569869995,-0.46003758907318115,0.0,0.0,nan,0.0,0.0,0.0,0.0,0.0,0.0,1.0
1779978079.2986104,-1.2820223569869995,-0.46003758907318115,0.0,0.0,nan,0.0,0.0,0.0,0.0,0.0,0.0,1.0
1779978079.3095667,-1.2820223569869995,-0.46003758907318115,0.0,0.0,nan,0.0,0.0,0.0,0.0,0.0,0.0,1.0
1779978079.320161,-1.2820223569869995,-0.46003758907318115,0.0,0.0,nan,0.0,0.0,0.0,0.0,0.0,0.0,1.0
1779978079.3301892,-1.2820223569869995,-0.46003758907318115,0.0,0.0,nan,0.0,0.0,0.0,0.0,0.0,0.0,1.0
1779978079.3405359,-1.2820223569869995,-0.46003758907318115,0.0,0.0,nan,0.0,0.0,0.0,0.0,0.0,0.0,1.0
1779978079.3508534,-1.2820223569869995,-0.46003758907318115,0.0,0.0,nan,0.0,0.0,0.0,0.0,0.0,0.0,1.0
1779978079.360935,-1.2820223569869995,-0.46003758907318115,0.0,0.0,nan,0.0,0.0,0.0,0.0,0.0,0.0,1.0
1779978079.37134,-1.2820223569869995,-0.46003758907318115,0.0,0.0,nan,0.0,0.0,0.0,0.0,0.0,0.0,1.0
1779978079.3816655,-1.2820223569869995,-0.46003758907318115,0.0,0.0,nan,0.0,0.0,0.0,0.0,0.0,0.0,1.0
1779978079.3919072,-1.2820223569869995,-0.46003758907318115,0.0,0.0,nan,0.0,0.0,0.0,0.0,0.0,0.0,1.0
1779978079.4021206,-1.2820223569869995,-0.46003758907318115,0.0,0.0,nan,0.0,0.0,0.0,0.0,0.0,0.0,1.0
1779978079.4126766,-1.2820223569869995,-0.46003758907318115,0.0,0.0,nan,0.0,0.0,0.0,0.0,0.0,0.0,1.0
1779978079.4231727,-1.2820223569869995,-0.46003758907318115,0.0,0.0,nan,0.0,0.0,0.0,0.0,0.0,0.0,1.0
1779978079.4333637,-1.2820223569869995,-0.46003758907318115,0.0,0.0,nan,0.0,0.0,0.0,0.0,0.0,0.0,1.0
1779978079.44393,-1.2820223569869995,-0.46003758907318115,0.0,0.0,nan,0.0,0.0,0.0,0.0,0.0,0.0,1.0
1779978079.454543,-1.2820223569869995,-0.46003758907318115,0.0,0.0,nan,0.0,0.0,0.0,0.0,0.0,0.0,1.0
1779978079.4649742,-1.2820223569869995,-0.46003758907318115,0.0,0.0,nan,0.0,0.0,0.0,0.0,0.0,0.0,1.0
1779978079.4751763,-1.2820223569869995,-0.46003758907318115,0.0,0.0,nan,0.0,0.0,0.0,0.0,0.0,0.0,1.0
1779978079.4853063,-1.2820223569869995,-0.46003758907318115,0.0,0.0,nan,0.0,0.0,0.0,0.0,0.0,0.0,1.0
1779978079.495456,-1.2820223569869995,-0.46003758907318115,0.0,0.0,nan,0.0,0.0,0.0,0.0,0.0,0.0,1.0
1779978079.5060158,-1.2820223569869995,-0.46003758907318115,0.0,0.0,nan,0.0,0.0,0.0,0.0,0.0,0.0,1.0
1779978079.51627,-1.2820223569869995,-0.46003758907318115,0.0,0.0,nan,0.0,0.0,0.0,0.0,0.0,0.0,1.0
1779978079.526579,-1.2820223569869995,-0.46003758907318115,0.0,0.0,nan,0.0,0.0,0.0,0.0,0.0,0.0,1.0
1779978079.5367959,-1.2820223569869995,-0.46003758907318115,0.0,0.0,nan,0.0,0.0,0.0,0.0,0.0,0.0,1.0
1779978079.5471551,-1.2820223569869995,-0.46003758907318115,0.0,0.0,nan,0.0,0.0,0.0,0.0,0.0,0.0,1.0
1779978079.5577555,-1.2820223569869995,-0.46003758907318115,0.0,0.0,nan,0.0,0.0,0.0,0.0,0.0,0.0,1.0
1779978079.5682623,-1.2820223569869995,-0.46003758907318115,0.0,0.0,nan,0.0,0.0,0.0,0.0,0.0,0.0,1.0
1779978079.5786822,-1.2820223569869995,-0.46003758907318115,0.0,0.0,nan,0.0,0.0,0.0,0.0,0.0,0.0,1.0
1779978079.5892162,-1.2820223569869995,-0.46003758907318115,0.0,0.0,nan,0.0,0.0,0.0,0.0,0.0,0.0,1.0
1779978079.599461,-1.2820223569869995,-0.46003758907318115,0.0,0.0,nan,0.0,0.0,0.0,0.0,0.0,0.0,1.0
1779978079.6095796,-1.2820223569869995,-0.46003758907318115,0.0,0.0,nan,0.0,0.0,0.0,0.0,0.0,0.0,1.0
1779978079.6195664,-1.2820223569869995,-0.46003758907318115,0.0,0.0,nan,0.0,0.0,0.0,0.0,0.0,0.0,1.0
1779978079.6296594,-1.2820223569869995,-0.46003758907318115,0.0,0.0,nan,0.0,0.0,0.0,0.0,0.0,0.0,1.0
1779978079.6397295,-1.2820223569869995,-0.46003758907318115,0.0,0.0,nan,0.0,0.0,0.0,0.0,0.0,0.0,1.0
1779978079.650014,-1.2820223569869995,-0.46003758907318115,0.0,0.0,nan,0.0,0.0,0.0,0.0,0.0,0.0,1.0
1779978079.6604488,-1.2820223569869995,-0.46003758907318115,0.0,0.0,nan,0.0,0.0,0.0,0.0,0.0,0.0,1.0
1779978079.6705873,-1.2820223569869995,-0.46003758907318115,0.0,0.0,nan,0.0,0.0,0.0,0.0,0.0,0.0,1.0
1779978079.6807563,-1.2820223569869995,-0.46003758907318115,0.0,0.0,nan,0.0,0.0,0.0,0.0,0.0,0.0,1.0
1779978079.6908069,-1.2820223569869995,-0.46003758907318115,0.0,0.0,nan,0.0,0.0,0.0,0.0,0.0,0.0,1.0
1779978079.7014,-1.2820223569869995,-0.46003758907318115,0.0,0.0,nan,0.0,0.0,0.0,0.0,0.0,0.0,1.0
1779978079.7117937,-1.2820223569869995,-0.46003758907318115,0.0,0.0,nan,0.0,0.0,0.0,0.0,0.0,0.0,1.0
1779978079.7220347,-1.2820223569869995,-0.46003758907318115,0.0,0.0,nan,0.0,0.0,0.0,0.0,0.0,0.0,1.0
1779978079.732196,-1.2820223569869995,-0.46003758907318115,0.0,0.0,nan,0.0,0.0,0.0,0.0,0.0,0.0,1.0
1779978079.7424474,-1.2820223569869995,-0.46003758907318115,0.0,0.0,nan,0.0,0.0,0.0,0.0,0.0,0.0,1.0
1779978079.7525773,-1.2820223569869995,-0.46003758907318115,0.0,0.0,nan,0.0,0.0,0.0,0.0,0.0,0.0,1.0
1779978079.7629383,-1.2820223569869995,-0.46003758907318115,0.0,0.0,nan,0.0,0.0,0.0,0.0,0.0,0.0,1.0
1779978079.773262,-1.2820223569869995,-0.46003758907318115,0.0,0.0,nan,0.0,0.0,0.0,0.0,0.0,0.0,1.0
1779978079.78349,-1.2820223569869995,-0.46003758907318115,0.0,0.0,nan,0.0,0.0,0.0,0.0,0.0,0.0,1.0
1779978079.7937133,-1.2820223569869995,-0.46003758907318115,0.0,0.0,nan,0.0,0.0,0.0,0.0,0.0,0.0,1.0
1779978079.8042483,-1.2820223569869995,-0.46003758907318115,0.0,0.0,nan,0.0,0.0,0.0,0.0,0.0,0.0,1.0
1779978079.814265,-1.2820223569869995,-0.46003758907318115,0.0,0.0,nan,0.0,0.0,0.0,0.0,0.0,0.0,1.0
1779978079.82454,-1.2820223569869995,-0.46003758907318115,0.0,0.0,nan,0.0,0.0,0.0,0.0,0.0,0.0,1.0
1779978079.8346128,-1.2820223569869995,-0.46003758907318115,0.0,0.0,nan,0.0,0.0,0.0,0.0,0.0,0.0,1.0
1779978079.8448462,-1.2820223569869995,-0.46003758907318115,0.0,0.0,nan,0.0,0.0,0.0,0.0,0.0,0.0,1.0
