time,x,y,theta,velocity,acceleration,x_gps,y_gps,theta_gps,steering,throttle,v_ref,gps_valid
1779285793.0163136,17915.899623510923,16420.322489825765,0.7419472680059176,50342.67306754047,-0.0002430446151731276,0.0,0.0,0.0,0.0,0.0,0.0,1.0
1779285793.02696,15240.084822996098,13967.495960872897,0.7419472446824393,42595.08649232405,-0.0003038057689664093,0.0,0.0,0.0,0.0,0.0,0.0,1.0
1779285793.0373254,13034.589684780647,11945.795160736556,0.7164234994630343,36247.6766170379,-0.00010633201913824315,0.0,0.0,0.0,0.0,0.0,0.0,1.0
1779285793.0475304,11162.490508919784,10229.707039526234,-3.0548336244844174,121553.34324736665,-0.00020127132194024596,0.0,0.0,0.0,0.0,0.0,0.0,1.0
1779285793.0577655,8502.44692957366,8668.174064210245,-1.5708407439575167,3515987757.755593,-2.9431183868620643e-05,0.0,0.0,0.0,0.0,0.0,0.0,1.0
1779285793.068304,5844.358610021659,-31542132.323864616,-1.570796331447148,18083958403383.16,-0.0001435956954880291,0.0,0.0,0.0,0.0,0.0,0.0,1.0
1779285793.079008,4204.7394008215615,-163764018699.34647,-1.5707963239985896,36320122077641.836,1.3825535970541966e-05,0.0,0.0,0.0,0.0,0.0,0.0,1.0
1779285793.0890038,3615.1600566101015,-455391567386.1644,-1.5707963195988464,53466961032166.07,-0.00011115315560865717,0.0,0.0,0.0,0.0,0.0,0.0,1.0
1779285793.0991855,3098.877839374182,-857084579079.6981,-1.5707963158436324,70661528511521.92,3.81574408800709e-05,0.0,0.0,0.0,0.0,0.0,0.0,1.0
1779285793.1094146,2654.256411508663,-1353231227554.5454,-1.5707963123346615,87763660626198.56,-9.290422692651048e-05,0.0,0.0,0.0,0.0,0.0,0.0,1.0
1779285793.11987,2264.926478179921,-1933311076836.2512,-1.5707963088888046,104936985598420.47,5.184413739168092e-05,0.0,0.0,0.0,0.0,0.0,0.0,1.0
1779285793.129963,1944.420236966246,-2573610289714.265,-1.5707963055596041,121491829168864.08,-8.263920454280296e-05,0.0,0.0,0.0,0.0,0.0,0.0,1.0
1779285793.1402752,1663.4316172373474,-3254673544526.1206,-1.5707963022395224,137769772625522.08,5.954290417946156e-05,0.0,0.0,0.0,0.0,0.0,0.0,1.0
1779285793.1505935,1422.8561930867063,-4016356763278.8047,-1.5707962988173563,154348756328218.12,-7.686512945196747e-05,0.0,0.0,0.0,0.0,0.0,0.0,1.0
1779285793.1610873,1213.669385929716,-4811785424712.033,-1.5707962953423713,170744328203414.4,6.387346049758819e-05,0.0,0.0,0.0,0.0,0.0,0.0,1.0
1779285793.1711361,1042.781879858553,-5608178740185.278,-1.5707962919782619,186138695952662.6,-7.361721221337251e-05,0.0,0.0,0.0,0.0,0.0,0.0,1.0
1779285793.1813161,1042.8323614163992,-7487493009610.527,-1.5707962889738178,203512973354997.12,6.630939842653436e-05,0.0,0.0,0.0,0.0,0.0,0.0,0.0
1779285793.1918101,1042.884088711321,-9592928128242.852,-1.5707962859126077,221315997064872.66,-7.1790258766663e-05,0.0,0.0,0.0,0.0,0.0,0.0,0.0
1779285793.201939,1042.935632423937,-11874417758248.44,-1.5707962828696633,239055837108373.75,6.767961351156635e-05,0.0,0.0,0.0,0.0,0.0,0.0,0.0
1779285793.2118998,1042.9859017892477,-14277854799298.158,-1.570796279903313,256357084039184.53,-7.076259745288907e-05,0.0,0.0,0.0,0.0,0.0,0.0,0.0
1779285793.2225375,1043.0382644696829,-16962563613065.871,-1.5707962768274846,274378788880083.38,6.845035949689681e-05,0.0,0.0,0.0,0.0,0.0,0.0,0.0
1779285793.232783,1043.0902885957357,-19817426952851.375,-1.5707962737743673,292283973193382.56,-7.018453796389123e-05,0.0,0.0,0.0,0.0,0.0,0.0,0.0
1779285793.2433527,1043.142923073351,-22894269801726.277,-1.5707962706910181,310399222683199.44,6.88839041136452e-05,0.0,0.0,0.0,0.0,0.0,0.0,0.0
1779285793.25382,-167.913933197907,4266147833200.176,-1.5707962536334477,265313053133452.4,-6.985937950132988e-05,0.0,0.0,0.0,0.0,0.0,0.0,1.0
1779285793.2640848,-143.3815676043789,1343450924859.055,-1.5707962510596374,283549142753421.25,6.912777296056623e-05,0.0,0.0,0.0,0.0,0.0,0.0,1.0
1779285793.2742403,-122.58566198713018,-1351865893373.2925,-1.570796248177036,301083914336689.06,-6.967647786613912e-05,0.0,0.0,0.0,0.0,0.0,0.0,1.0
1779285793.2845147,-104.56776876179961,-3768415366125.941,-1.570796245103694,317483398518484.1,6.926494918695932e-05,0.0,0.0,0.0,0.0,0.0,0.0,1.0
1779285793.2944508,-89.64286304338415,-5998546821923.987,-1.5707962418604262,333106436930864.1,-6.95735956963443e-05,0.0,0.0,0.0,0.0,0.0,0.0,1.0
1779285793.3045049,-76.64569764281896,-8038560507256.847,-1.5707962384344574,348021267734138.06,6.934211081430542e-05,0.0,0.0,0.0,0.0,0.0,0.0,1.0
1779285793.3147504,-65.26878100895617,-9922274203937.371,-1.5707962348021327,362428647025868.9,-6.951572447583471e-05,0.0,0.0,0.0,0.0,0.0,0.0,1.0
1779285793.3249078,-55.61379328823743,-11642660656315.29,-1.5707962310629113,376094068066825.75,6.938551422968761e-05,0.0,0.0,0.0,0.0,0.0,0.0,1.0
1779285793.3357427,-46.77905696639146,-13360964732605.336,-1.5707962268672553,390320765919024.44,-6.948317191429808e-05,0.0,0.0,0.0,0.0,0.0,0.0,1.0
1779285793.3460429,-39.6598787768593,-14850386490239.281,-1.57079622279293,403114688890377.2,6.940992865084009e-05,0.0,0.0,0.0,0.0,0.0,0.0,1.0
1779285793.3562012,-33.65755838471473,-16257992211608.158,-1.570796218632999,415441729518041.3,-6.946486109843362e-05,0.0,0.0,0.0,0.0,0.0,0.0,1.0
1779285793.3663886,-33.60667151528419,-20486098020804.758,-1.5707962159309818,433361524098727.5,6.942366176273862e-05,0.0,0.0,0.0,0.0,0.0,0.0,0.0
1779285793.3768055,-33.554193201838146,-25034514400226.484,-1.5707962131325346,451841745173784.7,-6.945456126450964e-05,0.0,0.0,0.0,0.0,0.0,0.0,0.0
1779285793.3872402,-33.50266260224403,-29691249610317.85,-1.570796210368619,469988229122980.44,6.943138663818159e-05,0.0,0.0,0.0,0.0,0.0,0.0,0.0
1779285793.3975983,-33.45082205849708,-34564138680797.938,-1.570796207576533,488243859805162.4,-6.944876760792742e-05,0.0,0.0,0.0,0.0,0.0,0.0,0.0
1779285793.408177,-33.39799446183265,-39722688620732.1,-1.5707962047220672,506847080852392.25,6.943573188061826e-05,0.0,0.0,0.0,0.0,0.0,0.0,0.0
1779285793.418173,-33.34757250863136,-44833932578922.42,-1.5707962019833162,524603155333599.25,-6.944550867609991e-05,0.0,0.0,0.0,0.0,0.0,0.0,0.0
1779285793.428512,-33.29576653557838,-50269447964666.37,-1.5707961991635202,542846611957101.9,6.943817607948885e-05,0.0,0.0,0.0,0.0,0.0,0.0,0.0
1779285793.4391794,-33.2425288589579,-56049426441045.766,-1.570796196260221,561594242527975.0,-6.944367552694701e-05,0.0,0.0,0.0,0.0,0.0,0.0,0.0
1779285793.4496279,13.28118622368114,19472363412097.938,-1.5707961387772325,411341613549797.25,6.943955094135353e-05,0.0,0.0,0.0,0.0,0.0,0.0,1.0
1779285793.4597218,11.748584801846526,13130172480839.734,-1.570796139456203,434441294216116.56,-6.94426443805485e-05,0.0,0.0,0.0,0.0,0.0,0.0,1.0
1779285793.469914,10.420393604855468,7459617471764.441,-1.5707961390437855,455679557813802.0,6.94403243011524e-05,0.0,0.0,0.0,0.0,0.0,0.0,1.0
1779285793.4800591,9.287175548248975,2433818511606.047,-1.5707961377623492,475083267127996.1,-6.944206436069935e-05,0.0,0.0,0.0,0.0,0.0,0.0,1.0
1779285793.4901755,8.318165918787152,-2051501020590.224,-1.570796135774658,492967446894236.06,6.944075931603927e-05,0.0,0.0,0.0,0.0,0.0,0.0,1.0
1779285793.500437,7.474558787987863,-6061847623750.239,-1.5707961331832205,509533467112547.2,-6.94417380995342e-05,0.0,0.0,0.0,0.0,0.0,0.0,1.0
1779285793.5105867,6.760287868505222,-9625351235347.277,-1.5707961301237223,524777815746487.94,6.944100401191313e-05,0.0,0.0,0.0,0.0,0.0,0.0,1.0
1779285793.5209994,6.132296082895568,-12913034942772.855,-1.5707961265239485,539401681423707.06,-6.94415545776288e-05,0.0,0.0,0.0,0.0,0.0,0.0,1.0
1779285793.5314384,5.594027219493875,-15789319071446.457,-1.5707961225618206,552791633082745.44,6.944114165334205e-05,0.0,0.0,0.0,0.0,0.0,0.0,1.0
1779285793.5421276,5.123856298060265,-18460049292241.25,-1.5707961181244048,565749533680039.0,-6.944145134655728e-05,0.0,0.0,0.0,0.0,0.0,0.0,1.0
1779285793.5525863,4.733007407344869,-20802388390340.938,-1.5707961134987456,577596204991597.6,6.944121907664565e-05,0.0,0.0,0.0,0.0,0.0,0.0,1.0
1779285793.5630481,4.399363717097669,-22881716354989.5,-1.5707961086203348,588641399160847.5,-6.944139327907959e-05,0.0,0.0,0.0,0.0,0.0,0.0,1.0
1779285793.5731628,4.12475503484656,-24769929287433.15,-1.5707961036716018,598934249583975.5,6.944126262725392e-05,0.0,0.0,0.0,0.0,0.0,0.0,1.0
1779285793.5835078,4.175770650309817,-30880929160343.074,-1.5707961018623517,617816376322148.5,-6.944136061612339e-05,0.0,0.0,0.0,0.0,0.0,0.0,0.0
1779285793.5939085,4.228253732127444,-37365910645699.94,-1.5707960999448838,637241648241176.4,6.94412871244711e-05,0.0,0.0,0.0,0.0,0.0,0.0,0.0
1779285793.6041691,4.279518495005862,-43899519044367.0,-1.5707960980175233,656215990529957.5,-6.944134224321046e-05,0.0,0.0,0.0,0.0,0.0,0.0,0.0
1779285793.614573,4.331411490840212,-50710121776967.89,-1.5707960960192837,675422857197545.0,6.94413009041558e-05,0.0,0.0,0.0,0.0,0.0,0.0,0.0
1779285793.6250844,4.384150872630373,-57834398564076.266,-1.5707960939440975,694942992003562.2,-6.944133190844694e-05,0.0,0.0,0.0,0.0,0.0,0.0,0.0
1779285793.6351957,4.434700379771487,-64860203711466.22,-1.5707960919122026,713652600654233.5,6.944130865522844e-05,0.0,0.0,0.0,0.0,0.0,0.0,0.0
1779285793.6453307,4.485391745967165,-72095408774718.47,-1.570796089838909,732414714809796.6,-6.944132609514245e-05,0.0,0.0,0.0,0.0,0.0,0.0,0.0
1779285793.655766,1.7711393053640867,12936971393539.094,-1.570796005699783,559721909288554.06,6.94413130152068e-05,0.0,0.0,0.0,0.0,0.0,0.0,1.0
1779285793.6659195,1.8698034608714464,6211612704547.317,-1.5707960071588931,581527704978957.5,-6.944132282515868e-05,0.0,0.0,0.0,0.0,0.0,0.0,1.0
1779285793.6764967,1.9575841361026076,47652388080.105515,-1.5707960072139906,602003306728052.8,6.944131546769464e-05,0.0,0.0,0.0,0.0,0.0,0.0,1.0
1779285793.6865406,2.02933893353269,-5207600353683.6875,-1.570796006169344,619847884287250.6,-6.94413209857928e-05,0.0,0.0,0.0,0.0,0.0,0.0,1.0
1779285793.6967094,2.0910416198647357,-9847644758654.51,-1.570796004203354,636038675542320.2,6.944131684721909e-05,0.0,0.0,0.0,0.0,0.0,0.0,1.0
1779285793.7068095,2.144059368164251,-13997938385026.57,-1.570796001488239,650909278339586.2,-6.944131995114929e-05,0.0,0.0,0.0,0.0,0.0,0.0,1.0
1779285793.7170126,2.189316019758701,-17636067887999.824,-1.5707959981025172,664400521623503.6,6.944131762320186e-05,0.0,0.0,0.0,0.0,0.0,0.0,1.0
1779285793.7272003,2.2285193128314074,-20929534854028.777,-1.5707959941570475,676975582730317.0,-6.944131936916222e-05,0.0,0.0,0.0,0.0,0.0,0.0,1.0
1779285793.737789,2.2630163603997318,-23919292126477.44,-1.5707959895131827,688890045522304.5,6.944131805969216e-05,0.0,0.0,0.0,0.0,0.0,0.0,1.0
1779285793.74845,2.292381779853417,-26562725693068.72,-1.5707959843832997,699883337602057.6,-6.944131904179448e-05,0.0,0.0,0.0,0.0,0.0,0.0,1.0
1779285793.7587054,2.316677553838537,-28859345136398.89,-1.570795979107279,709755495045483.5,6.944131830521796e-05,0.0,0.0,0.0,0.0,0.0,0.0,1.0
1779285793.7690148,2.337840033026976,-30958606323708.477,-1.5707959734589323,719113285364466.6,-6.944131885765018e-05,0.0,0.0,0.0,0.0,0.0,0.0,1.0
1779285793.7792857,2.3559184919490423,-32836297984027.92,-1.570795967533756,727844088742222.9,6.944131844332615e-05,0.0,0.0,0.0,0.0,0.0,0.0,1.0
1779285793.7893236,2.371226800751276,-34508876920949.2,-1.5707959614973908,735912764431339.8,-6.944131875406904e-05,0.0,0.0,0.0,0.0,0.0,0.0,1.0
1779285793.7995887,2.3844813789810537,-36021291810262.61,-1.570795955063231,743629367485031.9,6.9441318521012e-05,0.0,0.0,0.0,0.0,0.0,0.0,1.0
1779285793.8098264,2.4351560558761953,-43557927395670.59,-1.5707959548684145,763648059582355.8,-6.944131869580464e-05,0.0,0.0,0.0,0.0,0.0,0.0,0.0
1779285793.820298,2.487952658125341,-51621531967690.31,-1.5707959545396013,784505004095244.0,6.944131856471031e-05,0.0,0.0,0.0,0.0,0.0,0.0,0.0
1779285793.8303988,2.5384985889877676,-59552239107334.97,-1.5707959541080894,804472835933645.8,-6.944131866303091e-05,0.0,0.0,0.0,0.0,0.0,0.0,0.0
1779285793.840664,2.589522549101293,-67761717085953.0,-1.57079595356859,824629510029711.1,6.94413185892906e-05,0.0,0.0,0.0,0.0,0.0,0.0,0.0
1779285793.8513856,2.2889043564168294,-20732463288924.28,-1.5707958938342617,730004075705271.1,-6.94413186445957e-05,0.0,0.0,0.0,0.0,0.0,0.0,1.0
1779285793.8618023,2.314533668813579,-24249468507321.324,-1.5707958899001142,742677477395241.0,6.944131860311701e-05,0.0,0.0,0.0,0.0,0.0,0.0,1.0
1779285793.8721607,2.3362605074922165,-27343571461182.227,-1.5707958853598913,754201711076810.9,-6.9441318634226e-05,0.0,0.0,0.0,0.0,0.0,0.0,1.0
1779285793.882443,2.3547342854857614,-30076768425160.098,-1.5707958803244926,764733817810111.0,6.944131861089411e-05,0.0,0.0,0.0,0.0,0.0,0.0,1.0
1779285793.8926752,2.3702653831664233,-32466408204612.008,-1.5707958748534903,774327897910473.2,-6.944131862839324e-05,0.0,0.0,0.0,0.0,0.0,0.0,1.0
1779285793.9029016,2.3833523475107814,-34563872573939.97,-1.570795868987141,783137481837150.8,6.944131861526868e-05,0.0,0.0,0.0,0.0,0.0,0.0,1.0
1779285793.913403,2.393915050318237,-36339208735159.69,-1.5707958625654084,791190807569124.1,-6.944131862511231e-05,0.0,0.0,0.0,0.0,0.0,0.0,1.0
1779285793.923361,2.4044971316060977,-38164664088077.78,-1.570795856257072,799173597370207.1,6.944131861772937e-05,0.0,0.0,0.0,0.0,0.0,0.0,1.0
1779285793.936311,2.412518134114312,-39687435680271.81,-1.5707958471506487,807547285426340.9,-6.944131862326676e-05,0.0,0.0,0.0,0.0,0.0,0.0,1.0
1779285793.9464328,2.4196207913294487,-41049076867317.734,-1.570795840171579,814345467753513.9,6.944131861911358e-05,0.0,0.0,0.0,0.0,0.0,0.0,1.0
1779285793.9564905,2.42601721620636,-42324079382005.305,-1.570795833021209,820886186881742.5,-6.944131862222859e-05,0.0,0.0,0.0,0.0,0.0,0.0,1.0
1779285793.9666038,2.4314420960599037,-43466024337046.73,-1.570795825611319,827093647514533.8,6.94413186198922e-05,0.0,0.0,0.0,0.0,0.0,0.0,1.0
1779285793.9769373,2.435554029151977,-44415686415276.78,-1.5707958178180046,832874819209211.1,-6.944131862164463e-05,0.0,0.0,0.0,0.0,0.0,0.0,1.0
1779285793.9869506,2.439897534423631,-45408042503304.88,-1.5707958101474613,838641065899878.6,6.944131862033018e-05,0.0,0.0,0.0,0.0,0.0,0.0,1.0
1779285793.997078,2.4432886788357693,-46256580678198.96,-1.5707958022112267,844068591343640.5,-6.944131862131615e-05,0.0,0.0,0.0,0.0,0.0,0.0,1.0
1779285794.0071514,2.4461114519576053,-47015729938101.19,-1.5707957941801518,849238847212397.4,6.944131862057654e-05,0.0,0.0,0.0,0.0,0.0,0.0,1.0
1779285794.0173173,2.497088920448206,-55674139253052.75,-1.5707957961563495,870778782008753.6,-6.944131862113138e-05,0.0,0.0,0.0,0.0,0.0,0.0,0.0
1779285794.0279331,2.549772273872278,-64849248518401.53,-1.5707957979782152,893039518589212.5,6.944131862071511e-05,0.0,0.0,0.0,0.0,0.0,0.0,0.0
1779285794.0384743,2.6025831812361697,-74281693976102.06,-1.5707957995939752,915354151599370.1,-6.94413186210274e-05,0.0,0.0,0.0,0.0,0.0,0.0,0.0
1779285794.0486789,2.3638122264511368,-34781482584893.89,-1.5707957373014527,835734762388998.1,6.944131862079323e-05,0.0,0.0,0.0,0.0,0.0,0.0,1.0
1779285794.0588279,2.3778891897359107,-37093522171424.0,-1.5707957316782204,844833153531498.6,-6.944131862096868e-05,0.0,0.0,0.0,0.0,0.0,0.0,1.0
1779285794.0694926,2.389741730264774,-39119382587663.77,-1.5707957251752624,853373065956818.9,6.944131862083732e-05,0.0,0.0,0.0,0.0,0.0,0.0,1.0
1779285794.0794873,2.4005644554425682,-41040672132083.73,-1.570795718837221,861395217925798.8,-6.944131862093563e-05,0.0,0.0,0.0,0.0,0.0,0.0,1.0
1779285794.090004,2.409593370807494,-42720846420005.72,-1.5707957116662754,868983830998099.9,6.94413186208621e-05,0.0,0.0,0.0,0.0,0.0,0.0,1.0
1779285794.1005216,2.417393810075246,-44239308391349.3,-1.5707957041646603,876150793245321.6,-6.944131862091703e-05,0.0,0.0,0.0,0.0,0.0,0.0,1.0
1779285794.1107528,2.4232555688690276,-45454876779007.86,-1.5707956965945027,882426691730556.0,6.944131862087601e-05,0.0,0.0,0.0,0.0,0.0,0.0,1.0
1779285794.1206913,2.4295783876146078,-46773959731919.7,-1.5707956891289085,888853650694435.4,-6.944131862090664e-05,0.0,0.0,0.0,0.0,0.0,0.0,1.0
1779285794.130861,2.4340744968418493,-47802229803776.016,-1.5707956811462938,894623458237471.0,6.94413186208838e-05,0.0,0.0,0.0,0.0,0.0,0.0,1.0
1779285794.1411078,2.4379689309013486,-48742614629622.0,-1.570795672903743,900193031284475.4,-6.94413186209008e-05,0.0,0.0,0.0,0.0,0.0,0.0,1.0
1779285794.1517446,2.441313319614017,-49607244439100.16,-1.5707956641215253,905703589827991.9,6.944131862088819e-05,0.0,0.0,0.0,0.0,0.0,0.0,1.0
1779285794.16167,2.4451636023963506,-50557280625479.164,-1.5707956559178091,911172511771983.1,-6.94413186208975e-05,0.0,0.0,0.0,0.0,0.0,0.0,1.0
1779285794.1718705,2.447418938049417,-51236814213138.7,-1.5707956471986833,916061209888721.8,6.944131862089066e-05,0.0,0.0,0.0,0.0,0.0,0.0,1.0
1779285794.1819234,2.4498356213164407,-51946401836884.195,-1.5707956385356563,920970527606065.1,-6.944131862089565e-05,0.0,0.0,0.0,0.0,0.0,0.0,1.0
1779285794.1920228,2.4515895542635713,-52540302547282.3,-1.5707956296807195,925605710545155.5,6.944131862089204e-05,0.0,0.0,0.0,0.0,0.0,0.0,1.0
1779285794.202071,2.453278125670269,-53122701298719.08,-1.5707956207841953,930194824030388.1,-6.944131862089462e-05,0.0,0.0,0.0,0.0,0.0,0.0,1.0
1779285794.2121527,2.454709042555547,-53659864306390.09,-1.5707956117494193,934684497707307.5,6.944131862089272e-05,0.0,0.0,0.0,0.0,0.0,0.0,1.0
1779285794.2222128,2.456103545305632,-54190235916834.28,-1.5707956026622723,939149270110377.2,-6.944131862089429e-05,0.0,0.0,0.0,0.0,0.0,0.0,1.0
1779285794.2327821,2.507847529528044,-63909300919847.98,-1.5707956077982146,962720422696040.9,6.944131862089288e-05,0.0,0.0,0.0,0.0,0.0,0.0,0.0
1779285794.24276,2.5583696185325606,-73637030296228.5,-1.5707956124698017,985734960265340.5,-6.944131862089416e-05,0.0,0.0,0.0,0.0,0.0,0.0,0.0
1779285794.2528393,2.4144156813780357,-47584427310578.31,-1.5707955601497718,934139640558751.6,6.944131862089299e-05,0.0,0.0,0.0,0.0,0.0,0.0,1.0
1779285794.26298,2.421432440878258,-48955911346839.45,-1.5707955525805453,940790332802463.5,-6.944131862089407e-05,0.0,0.0,0.0,0.0,0.0,0.0,1.0
1779285794.2733383,2.4272609085973933,-50156710659280.32,-1.5707955444836448,947088731287998.0,6.944131862089304e-05,0.0,0.0,0.0,0.0,0.0,0.0,1.0
1779285794.2836876,2.432583455065148,-51303180600784.34,-1.5707955361729373,953244141534228.1,-6.944131862089399e-05,0.0,0.0,0.0,0.0,0.0,0.0,1.0
1779285794.294006,2.436627195772237,-52241014512691.336,-1.5707955276027599,958861551088358.2,6.944131862089315e-05,0.0,0.0,0.0,0.0,0.0,0.0,1.0
1779285794.3042843,2.439906221457002,-53057222189380.72,-1.5707955188674865,964157775844040.0,-6.944131862089391e-05,0.0,0.0,0.0,0.0,0.0,0.0,1.0
1779285794.3145742,2.4433030494962007,-53915980867886.984,-1.5707955100192295,969565065033322.1,6.944131862089321e-05,0.0,0.0,0.0,0.0,0.0,0.0,1.0
1779285794.3245285,2.4466325171678176,-54773428717222.53,-1.5707955014024582,974843696412832.0,-6.944131862089388e-05,0.0,0.0,0.0,0.0,0.0,0.0,1.0
1779285794.3351696,2.4482761456275357,-55334367222603.266,-1.5707954917372327,979646260540743.4,6.944131862089323e-05,0.0,0.0,0.0,0.0,0.0,0.0,1.0
1779285794.345702,2.4502899526978386,-55972591927000.195,-1.5707954821633865,984601355293708.9,-6.944131862089386e-05,0.0,0.0,0.0,0.0,0.0,0.0,1.0
1779285794.3561368,2.4522483540289546,-56606587108628.83,-1.5707954725996676,989514663722689.1,6.944131862089326e-05,0.0,0.0,0.0,0.0,0.0,0.0,1.0
1779285794.3669014,2.452404867327,-56899483237089.664,-1.5707954623943177,993704992451236.0,-6.944131862089383e-05,0.0,0.0,0.0,0.0,0.0,0.0,1.0
1779285794.3767498,2.454911346968985,-57636095328227.83,-1.570795453424524,998667033478274.8,6.944131862089327e-05,0.0,0.0,0.0,0.0,0.0,0.0,1.0
1779285794.3874228,2.4555548009631365,-58030820543277.17,-1.570795443231231,1003090186874731.1,-6.94413186208937e-05,0.0,0.0,0.0,0.0,0.0,0.0,1.0
1779285794.397532,2.4566097912436797,-58494512403972.1,-1.5707954336727352,1007480545488759.9,6.944131862089356e-05,0.0,0.0,0.0,0.0,0.0,0.0,1.0
1779285794.4075203,2.457919284880147,-59008889342758.11,-1.5707954242314337,1011956653611362.4,-6.944131862089344e-05,0.0,0.0,0.0,0.0,0.0,0.0,1.0
1779285794.4177952,2.4583729521039346,-59360899000713.16,-1.5707954142961997,1016145523855054.6,6.944131862089375e-05,0.0,0.0,0.0,0.0,0.0,0.0,1.0
1779285794.4279149,2.4590122230468894,-59746177511012.12,-1.5707954045175732,1020369303159121.9,-6.944131862089329e-05,0.0,0.0,0.0,0.0,0.0,0.0,1.0
1779285794.4385967,2.458731051929026,-59958094791034.805,-1.5707953939260437,1024388083064784.6,6.944131862089386e-05,0.0,0.0,0.0,0.0,0.0,0.0,1.0
1779285794.448655,2.459939748258991,-60455556760039.25,-1.5707953842633386,1028879133180564.0,-6.944131862089326e-05,0.0,0.0,0.0,0.0,0.0,0.0,1.0
1779285794.4588287,2.460409087531627,-60807955846450.31,-1.5707953743025265,1033065905131138.1,6.944131862089383e-05,0.0,0.0,0.0,0.0,0.0,0.0,1.0
1779285794.4694755,2.46051274269756,-61096699535613.39,-1.570795363704632,1037287583342750.6,-6.944131862089327e-05,0.0,0.0,0.0,0.0,0.0,0.0,1.0
1779285794.4796047,2.461107421295542,-61473012414551.016,-1.570795353756662,1041538348424561.1,6.944131862089383e-05,0.0,0.0,0.0,0.0,0.0,0.0,1.0
1779285794.4900258,2.461053130258363,-61722619965249.89,-1.570795343332692,1045599730226684.8,-6.944131862089327e-05,0.0,0.0,0.0,0.0,0.0,0.0,1.0
1779285794.5003338,2.4607655594450217,-61918434566617.62,-1.570795332991961,1049495231204426.9,6.944131862089383e-05,0.0,0.0,0.0,0.0,0.0,0.0,1.0
1779285794.5108314,2.46110073580263,-62246609775872.02,-1.5707953225255598,1053801963247001.2,-6.944131862089327e-05,0.0,0.0,0.0,0.0,0.0,0.0,1.0
1779285794.521367,2.4611774890123366,-62522112363058.92,-1.570795311945305,1058005923061779.1,6.944131862089383e-05,0.0,0.0,0.0,0.0,0.0,0.0,1.0
1779285794.5314891,2.461329118131926,-62802805302398.875,-1.5707953018496807,1062072122840753.8,-6.944131862089327e-05,0.0,0.0,0.0,0.0,0.0,0.0,1.0
1779285794.5417655,2.4614227285348944,-63074796400720.33,-1.570795291550772,1066187194876519.4,6.944131862089383e-05,0.0,0.0,0.0,0.0,0.0,0.0,1.0
1779285794.5523355,2.4611892441033,-63284023347972.78,-1.5707952808313979,1070276089773163.5,-6.944131862089332e-05,0.0,0.0,0.0,0.0,0.0,0.0,1.0
1779285794.5627594,2.460860332565986,-63467394751193.12,-1.5707952702703143,1074254208361152.1,6.944131862089361e-05,0.0,0.0,0.0,0.0,0.0,0.0,1.0
1779285794.5728662,2.4613212036773957,-63810834585446.83,-1.5707952602317516,1078513079682913.8,-6.944131862089361e-05,0.0,0.0,0.0,0.0,0.0,0.0,1.0
1779285794.5833619,2.4616278657517747,-64132931205251.34,-1.5707952496819808,1082885893909263.1,6.94413186208934e-05,0.0,0.0,0.0,0.0,0.0,0.0,1.0
1779285794.5939393,2.4609261215905334,-64239304554484.555,-1.5707952388687867,1086757064856364.8,-6.944131862089378e-05,0.0,0.0,0.0,0.0,0.0,0.0,1.0
1779285794.6037388,2.462605328163382,-64841518844690.47,-1.5707952294223582,1091564123760201.1,6.944131862089327e-05,0.0,0.0,0.0,0.0,0.0,0.0,1.0
1779285794.614318,2.4614932512876715,-64862959419758.7,-1.5707952184229752,1095267571175190.1,-6.944131862089387e-05,0.0,0.0,0.0,0.0,0.0,0.0,1.0
1779285794.624773,2.4614126362160804,-65100822217892.69,-1.570795207814714,1099467454951167.9,6.944131862089325e-05,0.0,0.0,0.0,0.0,0.0,0.0,1.0
1779285794.6347141,2.462430353825156,-65567506016348.03,-1.5707951980551964,1104031759068143.5,-6.944131862089384e-05,0.0,0.0,0.0,0.0,0.0,0.0,1.0
1779285794.6448948,2.4623771864874664,-65809538431115.33,-1.5707951877436552,1108152538274819.9,6.944131862089326e-05,0.0,0.0,0.0,0.0,0.0,0.0,1.0
1779285794.6550307,2.462256928764929,-66035384246853.61,-1.5707951774591595,1112231199629463.1,-6.944131862089383e-05,0.0,0.0,0.0,0.0,0.0,0.0,1.0
1779285794.6654751,2.4622852474951586,-66301163627749.31,-1.5707951668495674,1116544629049664.8,6.944131862089327e-05,0.0,0.0,0.0,0.0,0.0,0.0,1.0
1779285794.6756973,2.4618467000523148,-66457688932638.586,-1.5707951563932507,1120512201924059.1,-6.944131862089383e-05,0.0,0.0,0.0,0.0,0.0,0.0,1.0
1779285794.6860933,2.4624500508128904,-66849905081678.61,-1.5707951459862406,1125143975269723.5,6.944131862089327e-05,0.0,0.0,0.0,0.0,0.0,0.0,1.0
1779285794.6963074,2.462164579313671,-67041792040983.62,-1.5707951355640124,1129221535458094.2,-6.944131862089383e-05,0.0,0.0,0.0,0.0,0.0,0.0,1.0
1779285794.7067993,2.4619811307178936,-67262047153547.8,-1.5707951248584182,1133492947308096.5,6.944131862089327e-05,0.0,0.0,0.0,0.0,0.0,0.0,1.0
1779285794.7170334,2.4622362714878077,-67574930488684.39,-1.5707951145768089,1137897464054823.8,-6.944131862089383e-05,0.0,0.0,0.0,0.0,0.0,0.0,1.0
1779285794.7272098,2.4622614602403474,-67836115904505.96,-1.5707951043021182,1142162897904549.2,6.944131862089337e-05,0.0,0.0,0.0,0.0,0.0,0.0,1.0
1779285794.7376866,2.4620964409288755,-68061958014723.19,-1.5707950936282495,1146478979341056.2,-6.944131862089359e-05,0.0,0.0,0.0,0.0,0.0,0.0,1.0
1779285794.7483158,2.4616820109409487,-68234677433902.86,-1.5707950826930255,1150751561106281.0,6.944131862089364e-05,0.0,0.0,0.0,0.0,0.0,0.0,1.0
1779285794.7587273,2.4622014143930886,-68615276186274.39,-1.570795072289124,1155454261811049.2,-6.944131862089337e-05,0.0,0.0,0.0,0.0,0.0,0.0,1.0
1779285794.768983,2.4623002464052743,-68898979650772.266,-1.5707950619428679,1159866958622380.0,6.94413186208938e-05,0.0,0.0,0.0,0.0,0.0,0.0,1.0
1779285794.7796533,2.46165357185276,-69021260470780.58,-1.5707950509126765,1164069868557839.2,-6.944131862089326e-05,0.0,0.0,0.0,0.0,0.0,0.0,1.0
1779285794.7895648,2.46272958159537,-69522816682257.664,-1.5707950412730274,1168899083212751.0,6.944131862089383e-05,0.0,0.0,0.0,0.0,0.0,0.0,1.0
1779285794.800218,2.461701383696522,-69557693891153.72,-1.570795030175511,1172897348531976.0,-6.944131862089327e-05,0.0,0.0,0.0,0.0,0.0,0.0,1.0
1779285794.8104024,2.4622229150111776,-69939249208375.805,-1.5707950200916334,1177569064912457.8,6.944131862089383e-05,0.0,0.0,0.0,0.0,0.0,0.0,1.0
1779285794.8205698,2.4624118915880944,-70246160589095.164,-1.570795009921079,1182063225201175.2,-6.944131862089327e-05,0.0,0.0,0.0,0.0,0.0,0.0,1.0
1779285794.8305576,2.4631539163852016,-70681291246495.38,-1.5707950001144784,1186811812601674.8,6.944131862089383e-05,0.0,0.0,0.0,0.0,0.0,0.0,1.0
1779285794.8407652,2.462784902510661,-70863594106424.14,-1.5707949896913092,1191051057594250.2,-6.944131862089327e-05,0.0,0.0,0.0,0.0,0.0,0.0,1.0
1779285794.8509686,2.4626571905781747,-71101338485136.6,-1.5707949793656462,1195438440369839.0,6.944131862089383e-05,0.0,0.0,0.0,0.0,0.0,0.0,1.0
1779285794.8612957,2.4622525368357273,-71275505152657.86,-1.5707949688391738,1199731217505209.2,-6.944131862089327e-05,0.0,0.0,0.0,0.0,0.0,0.0,1.0
1779285794.8715038,2.4626403408778774,-71635205539409.17,-1.5707949587166259,1204443535191429.5,6.944131862089383e-05,0.0,0.0,0.0,0.0,0.0,0.0,1.0
1779285794.8815436,2.4634397696447343,-72093408381749.27,-1.570794948902322,1209343238014757.0,-6.944131862089327e-05,0.0,0.0,0.0,0.0,0.0,0.0,1.0
1779285794.8918893,2.462606606141224,-72170538162273.78,-1.5707949381829556,1213458463869938.8,6.944131862089379e-05,0.0,0.0,0.0,0.0,0.0,0.0,1.0
1779285794.9021893,2.4629520030851446,-72527654133526.11,-1.5707949279467115,1218251857251389.2,-6.944131862089344e-05,0.0,0.0,0.0,0.0,0.0,0.0,1.0
1779285794.9122617,2.4632467918026606,-72869548284982.7,-1.5707949179592537,1222921344889493.5,6.944131862089353e-05,0.0,0.0,0.0,0.0,0.0,0.0,1.0
1779285794.9224267,2.462846542674093,-73046431560613.67,-1.5707949076282832,1227242663009084.8,-6.944131862089367e-05,0.0,0.0,0.0,0.0,0.0,0.0,1.0
1779285794.9329703,2.4623150095181727,-73199430187481.48,-1.5707948968258962,1231692416582634.8,6.944131862089336e-05,0.0,0.0,0.0,0.0,0.0,0.0,1.0
1779285794.9434373,2.4625895743995656,-73546369181498.11,-1.570794886436525,1236593098829097.0,-6.94413186208938e-05,0.0,0.0,0.0,0.0,0.0,0.0,1.0
1779285794.9541445,2.4616256876877864,-73596959463683.67,-1.5707948753209366,1240898106799231.8,6.944131862089326e-05,0.0,0.0,0.0,0.0,0.0,0.0,1.0
1779285794.9645634,2.4621500677458497,-74004252408696.56,-1.5707948651230346,1245960068814299.0,-6.944131862089383e-05,0.0,0.0,0.0,0.0,0.0,0.0,1.0
1779285794.9751081,2.462187796716676,-74298808717144.03,-1.5707948545990889,1250818747190921.0,6.944131862089327e-05,0.0,0.0,0.0,0.0,0.0,0.0,1.0
1779285794.985455,2.46199341743712,-74531561307774.38,-1.5707948442372277,1255450007256761.8,-6.944131862089383e-05,0.0,0.0,0.0,0.0,0.0,0.0,1.0
1779285794.995603,2.4623847449510126,-74905464971935.06,-1.5707948343616074,1260343170104828.8,6.944131862089327e-05,0.0,0.0,0.0,0.0,0.0,0.0,1.0
1779285795.006076,2.4625469112757834,-75234615781848.47,-1.570794824003704,1265299035701741.2,-6.944131862089383e-05,0.0,0.0,0.0,0.0,0.0,0.0,1.0
1779285795.0163975,2.46212497431414,-75414000494294.58,-1.5707948136118501,1269833330098091.2,6.944131862089327e-05,0.0,0.0,0.0,0.0,0.0,0.0,1.0
1779285795.026904,2.4620491031721166,-75684579556888.19,-1.5707948031635381,1274693607799860.5,-6.944131862089383e-05,0.0,0.0,0.0,0.0,0.0,0.0,1.0
1779285795.0370772,2.462017451153528,-75958044407079.95,-1.570794793138666,1279420318110635.0,6.944131862089327e-05,0.0,0.0,0.0,0.0,0.0,0.0,1.0
1779285795.047541,2.462042265405277,-76254877277588.7,-1.5707947828151048,1284355847080405.8,-6.944131862089383e-05,0.0,0.0,0.0,0.0,0.0,0.0,1.0
1779285795.0577545,2.4619562580935144,-76517668294304.66,-1.5707947727581986,1289103622639248.2,6.944131862089327e-05,0.0,0.0,0.0,0.0,0.0,0.0,1.0
1779285795.0677853,2.4626568344063604,-76978943926874.7,-1.5707947632339099,1294270512963147.8,-6.944131862089374e-05,0.0,0.0,0.0,0.0,0.0,0.0,1.0
1779285795.078574,2.4614685719469027,-76976824652549.55,-1.5707947521290915,1298650558244138.2,6.944131862089352e-05,0.0,0.0,0.0,0.0,0.0,0.0,1.0
1779285795.0890331,2.4616166555844012,-77308231275172.16,-1.5707947419022392,1303751755703839.8,-6.944131862089346e-05,0.0,0.0,0.0,0.0,0.0,0.0,1.0
1779285795.099318,2.461705451484909,-77620884959314.25,-1.5707947319109627,1308720211521398.2,6.944131862089372e-05,0.0,0.0,0.0,0.0,0.0,0.0,1.0
1779285795.1096802,2.4625028452355906,-78123120337934.97,-1.5707947221430099,1314205084617357.0,-6.944131862089332e-05,0.0,0.0,0.0,0.0,0.0,0.0,1.0
1779285795.1201725,2.4624212285702862,-78405013124754.16,-1.570794711843945,1319229781311221.0,6.944131862089383e-05,0.0,0.0,0.0,0.0,0.0,0.0,1.0
1779285795.1305637,2.4619740014339278,-78587747326485.25,-1.5707947015318204,1323976783977039.5,-6.944131862089323e-05,0.0,0.0,0.0,0.0,0.0,0.0,1.0
1779285795.1417944,2.4602880083064367,-78463427379799.28,-1.5707946897909397,1328383320242423.5,6.944131862089386e-05,0.0,0.0,0.0,0.0,0.0,0.0,1.0
1779285795.1516387,2.46201688635631,-79199658960873.67,-1.5707946811104478,1334276902804221.2,-6.944131862089326e-05,0.0,0.0,0.0,0.0,0.0,0.0,1.0
1779285795.1619635,2.461216398575896,-79286660108351.73,-1.5707946708021687,1338799177289018.5,6.944131862089383e-05,0.0,0.0,0.0,0.0,0.0,0.0,1.0
1779285795.1723914,2.461852417146576,-79757397656087.77,-1.5707946610364474,1344339069029037.0,-6.944131862089327e-05,0.0,0.0,0.0,0.0,0.0,0.0,1.0
1779285795.1823585,2.462645077413196,-80262687034578.6,-1.5707946518689144,1349748851544603.2,6.944131862089383e-05,0.0,0.0,0.0,0.0,0.0,0.0,1.0
1779285795.1929185,2.462455378684959,-80526782634757.58,-1.5707946415729646,1354878122705640.8,-6.944131862089327e-05,0.0,0.0,0.0,0.0,0.0,0.0,1.0
1779285795.2032309,2.4622303631681888,-80773311239971.89,-1.5707946315705916,1359857322034900.0,6.944131862089383e-05,0.0,0.0,0.0,0.0,0.0,0.0,1.0
1779285795.2135375,2.4615540588684808,-80896031947024.47,-1.570794621395799,1364545754525465.2,-6.944131862089327e-05,0.0,0.0,0.0,0.0,0.0,0.0,1.0
1779285795.2238219,2.462588648372225,-81481571000484.81,-1.5707946120751808,1370378269847022.8,6.944131862089383e-05,0.0,0.0,0.0,0.0,0.0,0.0,1.0
1779285795.234283,2.462281334307675,-81713303637764.17,-1.570794601918975,1375445632107001.0,-6.944131862089327e-05,0.0,0.0,0.0,0.0,0.0,0.0,1.0
1779285795.2449412,2.461833342697807,-81910952030520.66,-1.5707945915031105,1380547960467613.8,6.94413186208937e-05,0.0,0.0,0.0,0.0,0.0,0.0,1.0
1779285795.2557786,2.4609738044823772,-81998049517693.38,-1.5707945807267303,1385488899912569.0,-6.944131862089356e-05,0.0,0.0,0.0,0.0,0.0,0.0,1.0
1779285795.266028,2.4616874153962445,-82499289843928.5,-1.5707945714178195,1391165692742141.0,6.944131862089344e-05,0.0,0.0,0.0,0.0,0.0,0.0,1.0
1779285795.276123,2.4620533498513613,-82905619746453.36,-1.5707945621234891,1396540507096373.0,-6.944131862089375e-05,0.0,0.0,0.0,0.0,0.0,0.0,1.0
1779285795.28641,2.4620265316056367,-83211872856910.64,-1.5707945524276998,1401786111319045.8,6.944131862089329e-05,0.0,0.0,0.0,0.0,0.0,0.0,1.0
1779285795.2969632,2.461715265265249,-83447367205144.81,-1.570794542315604,1407013488546121.5,-6.944131862089386e-05,0.0,0.0,0.0,0.0,0.0,0.0,1.0
1779285795.3081102,2.458896031902951,-82993386428981.1,-1.570794530344464,1410865560214035.8,6.944131862089326e-05,0.0,0.0,0.0,0.0,0.0,0.0,1.0
1779285795.317739,2.4621269302479485,-84184805317788.38,-1.5707945231893952,1418002648617110.8,-6.944131862089383e-05,0.0,0.0,0.0,0.0,0.0,0.0,1.0
1779285795.3280642,2.4621764167136626,-84520928445509.33,-1.5707945135817696,1423409017830029.8,6.944131862089327e-05,0.0,0.0,0.0,0.0,0.0,0.0,1.0
1779285795.3386204,2.461686492887302,-84711491036734.48,-1.5707945034746766,1428591442728624.5,-6.944131862089383e-05,0.0,0.0,0.0,0.0,0.0,0.0,1.0
1779285795.3489504,2.462364616491129,-85226530119700.28,-1.5707944942472005,1434475706361646.8,6.944131862089327e-05,0.0,0.0,0.0,0.0,0.0,0.0,1.0
1779285795.3593457,2.4623020407769114,-85537306204977.25,-1.5707944845646806,1439909639598868.5,-6.944131862089383e-05,0.0,0.0,0.0,0.0,0.0,0.0,1.0
1779285795.369463,2.462256279885851,-85844480630955.9,-1.570794475217465,1445206775753744.2,6.944131862089327e-05,0.0,0.0,0.0,0.0,0.0,0.0,1.0
1779285795.3799698,2.4611564749949104,-85859651123695.67,-1.5707944649077137,1450012540327851.5,-6.944131862089383e-05,0.0,0.0,0.0,0.0,0.0,0.0,1.0
1779285795.3903294,2.4618977605488195,-86396847951465.03,-1.5707944558144809,1456034312788100.2,6.944131862089327e-05,0.0,0.0,0.0,0.0,0.0,0.0,1.0
1779285795.401393,2.4600070847930713,-86192988547755.06,-1.5707944446779392,1460563730090292.0,-6.944131862089383e-05,0.0,0.0,0.0,0.0,0.0,0.0,1.0
1779285795.411419,2.4626870842292212,-87282786724032.38,-1.570794437138779,1467781038295593.0,6.944131862089332e-05,0.0,0.0,0.0,0.0,0.0,0.0,1.0
1779285795.4220123,2.462392009461886,-87541472160143.52,-1.5707944272529522,1473300332189576.0,-6.944131862089361e-05,0.0,0.0,0.0,0.0,0.0,0.0,1.0
1779285795.432483,2.462531160115819,-87922419426784.31,-1.5707944177786142,1479070364600995.2,6.944131862089361e-05,0.0,0.0,0.0,0.0,0.0,0.0,1.0
1779285795.442843,2.4630965257452218,-88427914218705.16,-1.5707944086787484,1485105657680462.2,-6.94413186208934e-05,0.0,0.0,0.0,0.0,0.0,0.0,1.0
1779285795.453251,2.461894968511847,-88415539510597.97,-1.5707943985424349,1489915954021982.2,6.944131862089378e-05,0.0,0.0,0.0,0.0,0.0,0.0,1.0
1779285795.4635649,2.462691024119018,-88986661761921.98,-1.5707943897045373,1496122684648290.2,-6.944131862089327e-05,0.0,0.0,0.0,0.0,0.0,0.0,1.0
1779285795.473811,2.4624689806740205,-89258473253847.39,-1.570794380355249,1501577822210195.0,6.944131862089387e-05,0.0,0.0,0.0,0.0,0.0,0.0,1.0
1779285795.4842622,2.4627216797851528,-89678677183392.83,-1.5707943710906795,1507529342505385.5,-6.944131862089325e-05,0.0,0.0,0.0,0.0,0.0,0.0,1.0
1779285795.4950714,2.461031825603284,-89527994100798.83,-1.5707943603402954,1512298535660514.0,6.944131862089384e-05,0.0,0.0,0.0,0.0,0.0,0.0,1.0
1779285795.5053015,2.4620776107534352,-90173856530895.25,-1.5707943518917633,1518715779867065.0,-6.944131862089326e-05,0.0,0.0,0.0,0.0,0.0,0.0,1.0
1779285795.5156884,2.462648079036844,-90691065008726.53,-1.570794342982,1524927990270998.8,6.944131862089383e-05,0.0,0.0,0.0,0.0,0.0,0.0,1.0
1779285795.5260468,2.4620911473318148,-90869111946301.25,-1.5707943334488819,1530308609256224.2,-6.944131862089327e-05,0.0,0.0,0.0,0.0,0.0,0.0,1.0
1779285795.5368686,2.4615483459090677,-91057681396792.19,-1.5707943236617226,1535899304896536.8,6.944131862089383e-05,0.0,0.0,0.0,0.0,0.0,0.0,1.0
1779285795.5472128,2.4620486292469956,-91556932016498.72,-1.5707943147708971,1542152578882485.5,-6.944131862089327e-05,0.0,0.0,0.0,0.0,0.0,0.0,1.0
1779285795.5576844,2.4623635735650433,-92006001208735.52,-1.570794305745491,1548321107357164.2,6.944131862089383e-05,0.0,0.0,0.0,0.0,0.0,0.0,1.0
1779285795.568336,2.4610533178752805,-91961627178508.84,-1.5707942955648093,1553399419068632.0,-6.944131862089327e-05,0.0,0.0,0.0,0.0,0.0,0.0,1.0
1779285795.5786955,2.4619243995116915,-92575937033031.03,-1.5707942871045089,1559944068897722.2,6.944131862089383e-05,0.0,0.0,0.0,0.0,0.0,0.0,1.0
1779285795.5892842,2.461846271377833,-92910120467192.48,-1.5707942778485446,1565937179813835.0,-6.944131862089337e-05,0.0,0.0,0.0,0.0,0.0,0.0,1.0
1779285795.5996182,2.4618753584535087,-93271767581885.92,-1.570794268902644,1571899592202529.5,6.944131862089359e-05,0.0,0.0,0.0,0.0,0.0,0.0,1.0
1779285795.6101744,2.461541343914367,-93527678148372.67,-1.5707942595507183,1577738410635522.2,-6.944131862089364e-05,0.0,0.0,0.0,0.0,0.0,0.0,1.0
1779285795.620289,2.461788483612304,-93950403703372.12,-1.5707942510648485,1583745803550036.0,6.944131862089337e-05,0.0,0.0,0.0,0.0,0.0,0.0,1.0
1779285795.6305833,2.461559447232585,-94231779815746.72,-1.5707942421127705,1589529673441582.2,-6.94413186208938e-05,0.0,0.0,0.0,0.0,0.0,0.0,1.0
1779285795.6410244,2.461809896218492,-94670304364613.16,-1.5707942333489708,1595807549313483.8,6.944131862089326e-05,0.0,0.0,0.0,0.0,0.0,0.0,1.0
1779285795.6514902,2.4622306628431194,-95167830585308.83,-1.5707942246937479,1602263700468207.8,-6.944131862089383e-05,0.0,0.0,0.0,0.0,0.0,0.0,1.0
1779285795.6622229,2.4615680401087854,-95331792934556.33,-1.5707942151032508,1608067840347932.0,6.944131862089327e-05,0.0,0.0,0.0,0.0,0.0,0.0,1.0
1779285795.6726723,2.461935112855722,-95813212609972.34,-1.5707942065132094,1614510276119215.0,-6.944131862089383e-05,0.0,0.0,0.0,0.0,0.0,0.0,1.0
1779285795.6834142,2.461251360660878,-95969757768700.77,-1.5707941969730126,1620341397724232.0,6.944131862089327e-05,0.0,0.0,0.0,0.0,0.0,0.0,1.0
1779285795.6938384,2.4617229115744643,-96486234443472.6,-1.5707941885461725,1626901000908911.2,-6.944131862089383e-05,0.0,0.0,0.0,0.0,0.0,0.0,1.0
1779285795.7040002,2.4619521119953562,-96919763128297.42,-1.5707941802519199,1633109435659882.5,6.944131862089327e-05,0.0,0.0,0.0,0.0,0.0,0.0,1.0
1779285795.714497,2.4622268059164574,-97383950494650.72,-1.570794171655601,1639626680619234.5,-6.944131862089383e-05,0.0,0.0,0.0,0.0,0.0,0.0,1.0
1779285795.725034,2.4620370913509255,-97700477636677.7,-1.5707941627435371,1645818056945055.8,6.944131862089327e-05,0.0,0.0,0.0,0.0,0.0,0.0,1.0
1779285795.7356203,2.461834094523182,-98014008691447.25,-1.570794153808901,1652054580791326.0,-6.944131862089383e-05,0.0,0.0,0.0,0.0,0.0,0.0,1.0
1779285795.7461543,2.4618260547457083,-98390157903176.69,-1.5707941450858451,1658441457887281.5,6.944131862089327e-05,0.0,0.0,0.0,0.0,0.0,0.0,1.0
1779285795.7566855,2.461723075280715,-98735449434829.97,-1.5707941363530273,1664759620425308.8,-6.944131862089379e-05,0.0,0.0,0.0,0.0,0.0,0.0,1.0
1779285795.7672796,2.4614256724830232,-99019582076043.25,-1.570794127441156,1670999552966725.2,6.944131862089344e-05,0.0,0.0,0.0,0.0,0.0,0.0,1.0
1779285795.7779908,2.460672097279121,-99154078359181.22,-1.570794118152503,1676959014928000.5,-6.944131862089353e-05,0.0,0.0,0.0,0.0,0.0,0.0,1.0
1779285795.7884383,2.461632284558058,-99846930337888.62,-1.5707941104429868,1684104703696221.5,6.944131862089367e-05,0.0,0.0,0.0,0.0,0.0,0.0,1.0
1779285795.7990034,2.461474973923593,-100181765321437.45,-1.5707941017470335,1690522805100541.2,-6.944131862089336e-05,0.0,0.0,0.0,0.0,0.0,0.0,1.0
1779285795.8094864,2.4617823404962214,-100669772570253.72,-1.570794093526348,1697268017718218.8,6.94413186208938e-05,0.0,0.0,0.0,0.0,0.0,0.0,1.0
1779285795.8199573,2.4621168877191195,-101171604014139.23,-1.5707940853411648,1704072570905876.0,-6.944131862089326e-05,0.0,0.0,0.0,0.0,0.0,0.0,1.0
1779285795.8306267,2.4615428633511245,-101374981098549.67,-1.570794076350894,1710282767511139.2,6.944131862089383e-05,0.0,0.0,0.0,0.0,0.0,0.0,1.0
1779285795.841115,2.461620117566239,-101790953749127.92,-1.5707940680424224,1716929924344924.5,-6.944131862089327e-05,0.0,0.0,0.0,0.0,0.0,0.0,1.0
1779285795.851511,2.4622515196478565,-102396422127982.73,-1.5707940602516275,1724006291978118.5,6.944131862089383e-05,0.0,0.0,0.0,0.0,0.0,0.0,1.0
1779285795.8622797,2.4611361882884584,-102420542006633.38,-1.5707940508558118,1729910967434913.2,-6.944131862089327e-05,0.0,0.0,0.0,0.0,0.0,0.0,1.0
1779285795.8727064,2.461657986581745,-102989432999872.94,-1.5707940430523504,1736955368517996.2,6.944131862089383e-05,0.0,0.0,0.0,0.0,0.0,0.0,1.0
1779285795.8830972,2.4608666163807107,-103107613565099.45,-1.570794034325268,1742897173956790.8,-6.944131862089327e-05,0.0,0.0,0.0,0.0,0.0,0.0,1.0
1779285795.8934748,2.46175215616818,-103804061430250.25,-1.570794026914257,1750267326222744.0,6.944131862089383e-05,0.0,0.0,0.0,0.0,0.0,0.0,1.0
1779285795.9038818,2.4616990304857738,-104183345373131.67,-1.5707940187799483,1756901640368088.8,-6.944131862089327e-05,0.0,0.0,0.0,0.0,0.0,0.0,1.0
1779285795.9140573,2.4616226092452083,-104546016666400.38,-1.5707940108825786,1763362216161105.5,6.944131862089383e-05,0.0,0.0,0.0,0.0,0.0,0.0,1.0
1779285795.9245906,2.4617586414221093,-104997378468843.62,-1.5707940028592984,1770286228635033.2,-6.944131862089327e-05,0.0,0.0,0.0,0.0,0.0,0.0,1.0
1779285795.9352345,2.4610954657839383,-105173465742460.12,-1.5707939941451086,1776640271226417.8,6.944131862089374e-05,0.0,0.0,0.0,0.0,0.0,0.0,1.0
1779285795.945625,2.4620187675676704,-105898576853517.25,-1.5707939869366696,1784189343319498.0,-6.944131862089352e-05,0.0,0.0,0.0,0.0,0.0,0.0,1.0
1779285795.9559987,2.462258780669542,-106390453464752.9,-1.5707939792109002,1791188060015802.8,6.944131862089346e-05,0.0,0.0,0.0,0.0,0.0,0.0,1.0
1779285795.966416,2.4615749084551433,-106555531473554.48,-1.5707939707791483,1797423086617649.0,-6.944131862089372e-05,0.0,0.0,0.0,0.0,0.0,0.0,1.0
1779285795.9769413,2.4617080714790016,-107013443056538.55,-1.5707939629284562,1804474336876830.2,6.944131862089332e-05,0.0,0.0,0.0,0.0,0.0,0.0,1.0
1779285795.987227,2.4614117946281455,-107310101938877.58,-1.5707939549859573,1810996641395184.2,-6.944131862089383e-05,0.0,0.0,0.0,0.0,0.0,0.0,1.0
1779285795.9975185,2.4616161181714817,-107786740104656.12,-1.5707939474744834,1817982711296718.2,6.944131862089323e-05,0.0,0.0,0.0,0.0,0.0,0.0,1.0
1779285796.008013,2.461734164855428,-108244294921883.61,-1.5707939397253328,1825092092922612.5,-6.944131862089386e-05,0.0,0.0,0.0,0.0,0.0,0.0,1.0
1779285796.0185103,2.4617788259610407,-108677414622372.7,-1.5707939319605806,1832156363249060.2,6.944131862089326e-05,0.0,0.0,0.0,0.0,0.0,0.0,1.0
1779285796.0285733,2.4621266767262178,-109206581719357.5,-1.5707939248449145,1839191614505627.8,-6.944131862089383e-05,0.0,0.0,0.0,0.0,0.0,0.0,1.0
1779285796.0388792,2.46249121514415,-109755763109327.48,-1.5707939175563188,1846455997106996.2,6.944131862089327e-05,0.0,0.0,0.0,0.0,0.0,0.0,1.0
1779285796.0495172,2.4620769469838812,-110035053934580.47,-1.5707939093717285,1853309323117684.2,-6.944131862089383e-05,0.0,0.0,0.0,0.0,0.0,0.0,1.0
1779285796.0596995,2.4620587514427807,-110439990729318.5,-1.5707939019494401,1860185271580423.2,6.944131862089327e-05,0.0,0.0,0.0,0.0,0.0,0.0,1.0
1779285796.0703952,2.4613660306230907,-110615875235712.16,-1.570793893567081,1866875329215112.0,-6.944131862089383e-05,0.0,0.0,0.0,0.0,0.0,0.0,1.0
1779285796.0804682,2.4627578311549128,-111540138369465.16,-1.5707938874719118,1874996023498886.2,6.944131862089327e-05,0.0,0.0,0.0,0.0,0.0,0.0,1.0
1779285796.0907197,2.4620468187435582,-111698286294678.17,-1.570793879503831,1881381785387970.2,-6.944131862089383e-05,0.0,0.0,0.0,0.0,0.0,0.0,1.0
1779285796.1010237,2.4622850905052145,-112209185177117.62,-1.5707938723318655,1888681637453981.0,6.944131862089327e-05,0.0,0.0,0.0,0.0,0.0,0.0,1.0
1779285796.1112244,2.4622093850393263,-112600975075365.86,-1.5707938650166005,1895640665440051.8,-6.94413186208937e-05,0.0,0.0,0.0,0.0,0.0,0.0,1.0
1779285796.1214128,2.46255692808823,-113151867817089.47,-1.5707938581227714,1902981403779945.8,6.944131862089356e-05,0.0,0.0,0.0,0.0,0.0,0.0,1.0
1779285796.1319904,2.462145732592783,-113438365721049.8,-1.5707938502208398,1910028313599325.8,-6.944131862089344e-05,0.0,0.0,0.0,0.0,0.0,0.0,1.0
1779285796.1422734,2.462606356265703,-114041532617145.81,-1.5707938433741773,1917642793701289.8,6.944131862089375e-05,0.0,0.0,0.0,0.0,0.0,0.0,1.0
1779285796.1528525,2.4617135355682622,-114143988457295.53,-1.5707938351699808,1924260018685115.2,-6.944131862089329e-05,0.0,0.0,0.0,0.0,0.0,0.0,1.0
1779285796.1634336,2.461925442919311,-114660320779307.78,-1.570793828034506,1931851378612878.5,6.944131862089386e-05,0.0,0.0,0.0,0.0,0.0,0.0,1.0
1779285796.173804,2.4626331868151388,-115368611716650.06,-1.5707938214290076,1939868630777671.2,-6.944131862089326e-05,0.0,0.0,0.0,0.0,0.0,0.0,1.0
1779285796.1839745,2.4627230417562225,-115836876648113.19,-1.570793814496238,1947164564404023.8,6.944131862089383e-05,0.0,0.0,0.0,0.0,0.0,0.0,1.0
1779285796.1946845,2.4617576375271426,-115919147099139.25,-1.5707938062482056,1953925830295193.5,-6.944131862089327e-05,0.0,0.0,0.0,0.0,0.0,0.0,1.0
1779285796.2049024,2.4622176709047574,-116529539420684.81,-1.5707937996860537,1961655843567222.5,6.944131862089383e-05,0.0,0.0,0.0,0.0,0.0,0.0,1.0
1779285796.2154217,2.46220209860807,-116972778293834.1,-1.570793792490885,1969217354858869.5,-6.944131862089327e-05,0.0,0.0,0.0,0.0,0.0,0.0,1.0
1779285796.2255783,2.4623299918375867,-117457873234654.47,-1.570793785764774,1976631082237081.5,6.944131862089383e-05,0.0,0.0,0.0,0.0,0.0,0.0,1.0
1779285796.2361279,2.4622062508012994,-117864053521510.19,-1.5707937785155002,1984176298559088.0,-6.944131862089327e-05,0.0,0.0,0.0,0.0,0.0,0.0,1.0
1779285796.2467217,2.4617644514513883,-118146767369714.56,-1.570793771003125,1991470742479248.5,6.944131862089383e-05,0.0,0.0,0.0,0.0,0.0,0.0,1.0
1779285796.2571704,2.4620575662295785,-118713499278248.22,-1.570793764294277,1999385328476663.5,-6.944131862089327e-05,0.0,0.0,0.0,0.0,0.0,0.0,1.0
1779285796.2672324,2.462472662030635,-119316961976749.83,-1.5707937580346123,2007123598696940.8,6.944131862089383e-05,0.0,0.0,0.0,0.0,0.0,0.0,1.0
1779285796.2774837,2.4620159642438337,-119583759139636.03,-1.570793750888329,2014190024016834.8,-6.944131862089332e-05,0.0,0.0,0.0,0.0,0.0,0.0,1.0
1779285796.287839,2.4627418346813092,-120329287162542.9,-1.5707937447306155,2022551323461136.5,6.944131862089361e-05,0.0,0.0,0.0,0.0,0.0,0.0,1.0
1779285796.2982116,2.4625091836069504,-120688769120108.61,-1.5707937378753705,2029860259413838.5,-6.944131862089361e-05,0.0,0.0,0.0,0.0,0.0,0.0,1.0
1779285796.3091273,2.4617493558317673,-120870296968281.48,-1.5707937299259769,2037392485644540.0,6.94413186208934e-05,0.0,0.0,0.0,0.0,0.0,0.0,1.0
1779285796.3196812,2.461847658699535,-121373923768701.7,-1.5707937231928555,2045372608968887.2,-6.944131862089378e-05,0.0,0.0,0.0,0.0,0.0,0.0,1.0
1779285796.3300369,2.4618520492311915,-121834016885828.6,-1.5707937165600907,2053125924670003.5,6.944131862089327e-05,0.0,0.0,0.0,0.0,0.0,0.0,1.0
1779285796.3406022,2.461719614047095,-122248964228265.5,-1.5707937096838847,2060947503656223.2,-6.944131862089387e-05,0.0,0.0,0.0,0.0,0.0,0.0,1.0
1779285796.351093,2.4617480815710877,-122728808652861.77,-1.5707937030330532,2068916804674420.5,6.944131862089325e-05,0.0,0.0,0.0,0.0,0.0,0.0,1.0
1779285796.3612087,2.461949979066206,-123264175898154.11,-1.5707936968929077,2076729632595194.5,-6.944131862089384e-05,0.0,0.0,0.0,0.0,0.0,0.0,1.0
1779285796.3716078,2.4625962671150647,-124002475521577.56,-1.57079369094348,2085309511628703.2,6.944131862089326e-05,0.0,0.0,0.0,0.0,0.0,0.0,1.0
1779285796.3820887,2.4626271183007287,-124496478457358.0,-1.5707936843928414,2093373133770451.8,-6.944131862089383e-05,0.0,0.0,0.0,0.0,0.0,0.0,1.0
1779285796.3927584,2.461844090111644,-124659902417252.92,-1.5707936769895108,2100796970399710.2,6.944131862089327e-05,0.0,0.0,0.0,0.0,0.0,0.0,1.0
1779285796.403296,2.461768130456621,-125107523297670.16,-1.5707936703934895,2108846197909542.0,-6.944131862089383e-05,0.0,0.0,0.0,0.0,0.0,0.0,1.0
1779285796.4138494,2.4616819084115784,-125551937025610.77,-1.570793663832798,2116909480687715.0,6.944131862089327e-05,0.0,0.0,0.0,0.0,0.0,0.0,1.0
1779285796.424221,2.461508666257298,-125953029433559.02,-1.5707936573561165,2124760718025037.5,-6.944131862089383e-05,0.0,0.0,0.0,0.0,0.0,0.0,1.0
1779285796.434422,2.4620329331583837,-126642871823901.05,-1.570793651695932,2133211670540856.5,6.944131862089327e-05,0.0,0.0,0.0,0.0,0.0,0.0,1.0
1779285796.44451,2.462409316300943,-127272499529755.72,-1.570793645993029,2141457898167320.2,-6.944131862089383e-05,0.0,0.0,0.0,0.0,0.0,0.0,1.0
1779285796.455192,2.4619200093196185,-127561255387808.72,-1.570793639131784,2149295307129619.5,6.944131862089337e-05,0.0,0.0,0.0,0.0,0.0,0.0,1.0
1779285796.465474,2.4630206727405506,-128515832017044.78,-1.5707936340325817,2158558209679233.2,-6.944131862089359e-05,0.0,0.0,0.0,0.0,0.0,0.0,1.0
1779285796.4760914,2.4623531559666163,-128736626782755.12,-1.5707936270370915,2166302851304820.8,6.944131862089364e-05,0.0,0.0,0.0,0.0,0.0,0.0,1.0
1779285796.4862914,2.461974635944927,-129056212718987.06,-1.5707936206677535,2173984533596314.0,-6.944131862089337e-05,0.0,0.0,0.0,0.0,0.0,0.0,1.0
1779285796.4967506,2.462197637857521,-129646815940476.0,-1.5707936147315806,2182564322919396.8,6.94413186208938e-05,0.0,0.0,0.0,0.0,0.0,0.0,1.0
1779285796.5070505,2.4622767118382245,-130171528191500.0,-1.5707936088034506,2190878843321602.2,-6.944131862089326e-05,0.0,0.0,0.0,0.0,0.0,0.0,1.0
1779285796.5176246,2.4619235012760696,-130522889229798.64,-1.5707936022954045,2199023611528278.5,6.944131862089383e-05,0.0,0.0,0.0,0.0,0.0,0.0,1.0
1779285796.5277586,2.4626894236054375,-131343257591791.53,-1.5707935972196148,2207987154829209.5,-6.944131862089327e-05,0.0,0.0,0.0,0.0,0.0,0.0,1.0
1779285796.5377958,2.4629891416956,-131963565815670.03,-1.5707935917728855,2216408640972918.0,6.944131862089383e-05,0.0,0.0,0.0,0.0,0.0,0.0,1.0
1779285796.5483983,2.4624548029544107,-132245792027525.44,-1.570793585157288,2224482923211278.8,-6.944131862089327e-05,0.0,0.0,0.0,0.0,0.0,0.0,1.0
1779285796.559003,2.4619859714742987,-132552659822324.86,-1.5707935786514235,2232653158320691.8,6.944131862089383e-05,0.0,0.0,0.0,0.0,0.0,0.0,1.0
1779285796.5690098,2.462578801685097,-133301410978086.86,-1.5707935736348706,2241446818859787.2,-6.944131862089327e-05,0.0,0.0,0.0,0.0,0.0,0.0,1.0
1779285796.579295,2.4620971413781123,-133590502934208.5,-1.5707935673986182,2249366908346813.5,6.944131862089383e-05,0.0,0.0,0.0,0.0,0.0,0.0,1.0
1779285796.5896676,2.462129700608343,-134111306272463.34,-1.5707935616538948,2257956554207104.0,-6.944131862089327e-05,0.0,0.0,0.0,0.0,0.0,0.0,1.0
1779285796.5998921,2.4623781118614043,-134724883770170.9,-1.5707935562565234,2266677806676811.5,6.944131862089383e-05,0.0,0.0,0.0,0.0,0.0,0.0,1.0
1779285796.6104593,2.4616129396662147,-134899640929056.03,-1.5707935496731353,2274619098127598.5,-6.944131862089327e-05,0.0,0.0,0.0,0.0,0.0,0.0,1.0
1779285796.620481,2.4623512959962857,-135724853608169.06,-1.5707935449947203,2283728609643131.5,6.944131862089379e-05,0.0,0.0,0.0,0.0,0.0,0.0,1.0
1779285796.6307526,2.462496079827291,-136303747054812.55,-1.5707935395566952,2292496590922024.5,-6.944131862089344e-05,0.0,0.0,0.0,0.0,0.0,0.0,1.0
1779285796.6411943,2.462142672482083,-136664146158650.38,-1.5707935335689882,2300866150061964.5,6.944131862089353e-05,0.0,0.0,0.0,0.0,0.0,0.0,1.0
1779285796.6514866,2.4625704601597196,-137375950928303.22,-1.5707935284823595,2310027756488073.0,-6.944131862089367e-05,0.0,0.0,0.0,0.0,0.0,0.0,1.0
1779285796.6617186,2.4621119331204118,-137681439940939.28,-1.5707935225817542,2318155354317762.0,6.944131862089336e-05,0.0,0.0,0.0,0.0,0.0,0.0,1.0
1779285796.6719286,2.4617944791115214,-138047512649047.56,-1.5707935168791078,2326444519541947.0,-6.94413186208938e-05,0.0,0.0,0.0,0.0,0.0,0.0,1.0
1779285796.6818676,2.462974668366553,-139095506474567.0,-1.5707935128963608,2336207320406876.5,6.944131862089326e-05,0.0,0.0,0.0,0.0,0.0,0.0,1.0
1779285796.6921697,2.4627837211683996,-139537516703091.12,-1.5707935073015264,2344821323377688.0,-6.944131862089383e-05,0.0,0.0,0.0,0.0,0.0,0.0,1.0
1779285796.7024455,2.4625726046628493,-139967567282432.78,-1.5707935017418126,2353411690845155.0,6.944131862089327e-05,0.0,0.0,0.0,0.0,0.0,0.0,1.0
1779285796.7126784,2.462642627875539,-140526631305470.28,-1.5707934965348385,2362308997679618.0,-6.944131862089383e-05,0.0,0.0,0.0,0.0,0.0,0.0,1.0
1779285796.7228925,2.4621733182388605,-140831512477473.8,-1.570793490832626,2370580491953059.0,6.944131862089327e-05,0.0,0.0,0.0,0.0,0.0,0.0,1.0
1779285796.7333934,2.461884011453533,-141233655153877.53,-1.5707934851689536,2379389341911065.0,-6.944131862089383e-05,0.0,0.0,0.0,0.0,0.0,0.0,1.0
1779285796.7438867,2.4618753444243384,-141767231971801.0,-1.5707934798529957,2388530671683553.5,6.944131862089327e-05,0.0,0.0,0.0,0.0,0.0,0.0,1.0
1779285796.754125,2.462643381907029,-142662210886258.72,-1.5707934755219992,2398374854899328.0,-6.944131862089383e-05,0.0,0.0,0.0,0.0,0.0,0.0,1.0
1779285796.7653852,2.4587765717531904,-141399417283969.03,-1.5707934657992553,2403864815436649.0,6.944131862089327e-05,0.0,0.0,0.0,0.0,0.0,0.0,1.0
1779285796.7750432,2.4621352535523733,-143486120760715.0,-1.5707934646701514,2416172791929344.5,-6.944131862089383e-05,0.0,0.0,0.0,0.0,0.0,0.0,1.0
1779285796.785326,2.462826015753127,-144363259425190.56,-1.5707934603463973,2426097387018558.5,6.944131862089327e-05,0.0,0.0,0.0,0.0,0.0,0.0,1.0
1779285796.795431,2.462768380645897,-144878077258407.62,-1.57079345536652,2435003966945506.5,-6.944131862089374e-05,0.0,0.0,0.0,0.0,0.0,0.0,1.0
1779285796.8062503,2.461337432878815,-144761505033602.72,-1.570793448574555,2443017572384162.5,6.944131862089352e-05,0.0,0.0,0.0,0.0,0.0,0.0,1.0
1779285796.8163323,2.462734241160521,-145972637527439.38,-1.570793445234527,2453672607058977.0,-6.944131862089346e-05,0.0,0.0,0.0,0.0,0.0,0.0,1.0
1779285796.8268719,2.461411626866307,-145893158234156.12,-1.5707934387876434,2461587665333589.0,6.944131862089372e-05,0.0,0.0,0.0,0.0,0.0,0.0,1.0
1779285796.8366838,2.462869829706146,-147130137899569.84,-1.570793435739138,2472120284258409.5,-6.944131862089332e-05,0.0,0.0,0.0,0.0,0.0,0.0,1.0
1779285796.846819,2.4627698321625324,-147634642526818.72,-1.5707934308634328,2481172114139628.5,6.944131862089383e-05,0.0,0.0,0.0,0.0,0.0,0.0,1.0
1779285796.8575602,2.4620372167157965,-147857253516176.56,-1.5707934250137887,2490105298501871.0,-6.944131862089323e-05,0.0,0.0,0.0,0.0,0.0,0.0,1.0
1779285796.8679101,2.4625701320858293,-148682498933996.78,-1.5707934207716148,2500208100361374.5,6.944131862089386e-05,0.0,0.0,0.0,0.0,0.0,0.0,1.0
1779285796.8781343,2.4628047007900653,-149360578576210.25,-1.5707934163100576,2509857662915401.0,-6.944131862089326e-05,0.0,0.0,0.0,0.0,0.0,0.0,1.0
1779285796.8889596,2.4611396426745213,-149122881375129.75,-1.570793409514326,2517852435436753.0,6.944131862089383e-05,0.0,0.0,0.0,0.0,0.0,0.0,1.0
1779285796.8989968,2.4624547121604783,-150323542204373.22,-1.5707934064208222,2528669796297499.5,-6.944131862089327e-05,0.0,0.0,0.0,0.0,0.0,0.0,1.0
1779285796.90933,2.4624475647156476,-150892244291911.7,-1.5707934017489742,2538246342046042.5,6.944131862089383e-05,0.0,0.0,0.0,0.0,0.0,0.0,1.0
1779285796.9195437,2.4620861389736,-151276343813435.3,-1.5707933967939194,2547294081606054.5,-6.944131862089327e-05,0.0,0.0,0.0,0.0,0.0,0.0,1.0
1779285796.9299543,2.461683398044379,-151645575510978.12,-1.57079339174597,2556491596688451.0,6.944131862089383e-05,0.0,0.0,0.0,0.0,0.0,0.0,1.0
1779285796.939951,2.4628634780219905,-152801489477028.25,-1.5707933886427832,2567310958140004.5,-6.944131862089327e-05,0.0,0.0,0.0,0.0,0.0,0.0,1.0
1779285796.9503849,2.4617530104184153,-152821676415328.78,-1.5707933828557106,2575752735386668.5,6.944131862089383e-05,0.0,0.0,0.0,0.0,0.0,0.0,1.0
1779285796.9606447,2.4623240446339,-153685916693450.1,-1.570793379037884,2586140093080188.5,-6.944131862089327e-05,0.0,0.0,0.0,0.0,0.0,0.0,1.0
1779285796.9710426,2.462247144239974,-154232978769956.84,-1.5707933744668148,2595909304120182.5,6.94413186208937e-05,0.0,0.0,0.0,0.0,0.0,0.0,1.0
1779285796.981649,2.461788168815646,-154594705564779.44,-1.570793369405937,2605459078457147.5,-6.944131862089356e-05,0.0,0.0,0.0,0.0,0.0,0.0,1.0
1779285796.9921405,2.462030342691789,-155311783317289.62,-1.570793365217582,2615805138660362.5,6.944131862089344e-05,0.0,0.0,0.0,0.0,0.0,0.0,1.0
1779285797.0022206,2.462432692318278,-156095241777769.8,-1.5707933614498226,2625944612623208.5,-6.944131862089375e-05,0.0,0.0,0.0,0.0,0.0,0.0,1.0
1779285797.012417,2.4621947173736745,-156555720637537.88,-1.5707933569490382,2635424177911291.0,6.944131862089329e-05,0.0,0.0,0.0,0.0,0.0,0.0,1.0
1779285797.0229445,2.4621302300620664,-157126728380831.12,-1.570793352494499,2645554591538422.5,-6.944131862089386e-05,0.0,0.0,0.0,0.0,0.0,0.0,1.0
1779285797.0334997,2.461968107964974,-157648424569188.88,-1.5707933479648195,2655609319728999.5,6.944131862089326e-05,0.0,0.0,0.0,0.0,0.0,0.0,1.0
1779285797.0441704,2.461429851899872,-157977138014538.03,-1.5707933430044638,2665334804587372.0,-6.944131862089383e-05,0.0,0.0,0.0,0.0,0.0,0.0,1.0
1779285797.0548308,2.4608642683314805,-158287054689799.16,-1.5707933380628663,2675053036193974.5,6.944131862089327e-05,0.0,0.0,0.0,0.0,0.0,0.0,1.0
1779285797.0652652,2.4614038430102463,-159170683411867.84,-1.570793334514371,2685982747568623.0,-6.944131862089383e-05,0.0,0.0,0.0,0.0,0.0,0.0,1.0
1779285797.0755117,2.461306070517393,-159712632498767.8,-1.5707933303705983,2695925014840026.0,6.944131862089327e-05,0.0,0.0,0.0,0.0,0.0,0.0,1.0
1779285797.085845,2.4618235650290994,-160591530056960.97,-1.5707933269161478,2706792092822073.0,-6.944131862089383e-05,0.0,0.0,0.0,0.0,0.0,0.0,1.0
1779285797.09644,2.4614120408234017,-160993700983794.7,-1.570793322315867,2716796176198781.5,6.944131862089327e-05,0.0,0.0,0.0,0.0,0.0,0.0,1.0
1779285797.1065257,2.4616568707862307,-161719593752289.7,-1.570793318733113,2727125141421891.0,-6.944131862089383e-05,0.0,0.0,0.0,0.0,0.0,0.0,1.0
1779285797.1170998,2.461458069259394,-162237896160962.78,-1.5707933144510333,2737464020368231.0,6.944131862089327e-05,0.0,0.0,0.0,0.0,0.0,0.0,1.0
1779285797.127152,2.461904108588161,-163077493404354.22,-1.5707933111818682,2748087917624725.0,-6.944131862089383e-05,0.0,0.0,0.0,0.0,0.0,0.0,1.0
1779285797.1375015,2.461675766245463,-163573111627595.84,-1.570793307032793,2758209235763306.0,6.944131862089332e-05,0.0,0.0,0.0,0.0,0.0,0.0,1.0
1779285797.1477885,2.461616212919796,-164156164098541.03,-1.5707933031458583,2768503396524005.0,-6.944131862089361e-05,0.0,0.0,0.0,0.0,0.0,0.0,1.0
1779285797.158275,2.4617065308061172,-164836192983064.2,-1.570793299367069,2779282193344448.0,6.944131862089361e-05,0.0,0.0,0.0,0.0,0.0,0.0,1.0
1779285797.1691527,2.460992625863141,-165095423233126.03,-1.5707932945425147,2789443927477637.5,-6.94413186208934e-05,0.0,0.0,0.0,0.0,0.0,0.0,1.0
1779285797.1793337,2.462405432993354,-166493696425698.12,-1.5707932924879546,2801745007192296.0,6.944131862089378e-05,0.0,0.0,0.0,0.0,0.0,0.0,1.0
1779285797.1896806,2.4615495069800826,-166654286762340.44,-1.5707932877819744,2811212847729776.5,-6.944131862089327e-05,0.0,0.0,0.0,0.0,0.0,0.0,1.0
1779285797.2000465,2.462477373601754,-167808038010816.06,-1.5707932851504414,2823168717678947.5,6.944131862089387e-05,0.0,0.0,0.0,0.0,0.0,0.0,1.0
1779285797.210762,2.461695609118803,-168034715796079.7,-1.5707932804260192,2833252624772150.0,-6.944131862089325e-05,0.0,0.0,0.0,0.0,0.0,0.0,1.0
1779285797.2208822,2.462404549801377,-169059708257315.0,-1.570793277717069,2844709405032917.5,6.944131862089384e-05,0.0,0.0,0.0,0.0,0.0,0.0,1.0
1779285797.2314484,2.461367306767971,-169130917986084.84,-1.570793272834279,2854319061552184.0,-6.944131862089326e-05,0.0,0.0,0.0,0.0,0.0,0.0,1.0
1779285797.2418258,2.46132036296373,-169742633913949.4,-1.5707932692234723,2865096574045715.5,6.944131862089383e-05,0.0,0.0,0.0,0.0,0.0,0.0,1.0
1779285797.251949,2.46215677649962,-170847205203268.7,-1.5707932667679008,2876855721555306.0,-6.944131862089327e-05,0.0,0.0,0.0,0.0,0.0,0.0,1.0
1779285797.2620056,2.462354521732315,-171594907538967.0,-1.5707932636184958,2887699805355740.5,6.944131862089383e-05,0.0,0.0,0.0,0.0,0.0,0.0,1.0
1779285797.2722034,2.462595079551837,-172380415945780.38,-1.5707932604865016,2898815044712290.5,-6.944131862089327e-05,0.0,0.0,0.0,0.0,0.0,0.0,1.0
1779285797.282442,2.4624240028704127,-172934992557216.94,-1.5707932568864735,2909443042166870.0,6.944131862089383e-05,0.0,0.0,0.0,0.0,0.0,0.0,1.0
1779285797.2927725,2.4620133995846913,-173354903139607.75,-1.570793253004893,2919875217455401.5,-6.944131862089327e-05,0.0,0.0,0.0,0.0,0.0,0.0,1.0
1779285797.3032606,2.4617036144728712,-173837767601955.4,-1.5707932492275427,2930639213804824.0,6.944131862089383e-05,0.0,0.0,0.0,0.0,0.0,0.0,1.0
1779285797.313747,2.4619854375690853,-174666808393446.3,-1.5707932461709098,2942311747410752.0,-6.944131862089337e-05,0.0,0.0,0.0,0.0,0.0,0.0,1.0
1779285797.3242953,2.4617876015876545,-175225621109047.8,-1.5707932425569195,2953434171543700.0,6.944131862089359e-05,0.0,0.0,0.0,0.0,0.0,0.0,1.0
1779285797.3345032,2.461772683147443,-175870190624270.9,-1.5707932393310038,2964429315117754.0,-6.944131862089364e-05,0.0,0.0,0.0,0.0,0.0,0.0,1.0
1779285797.3446667,2.462366113256905,-176874813723144.25,-1.5707932368662398,2976291887380292.0,6.944131862089337e-05,0.0,0.0,0.0,0.0,0.0,0.0,1.0
1779285797.3554807,2.461167214463661,-176865945957041.97,-1.570793232071429,2986412025182244.0,-6.94413186208938e-05,0.0,0.0,0.0,0.0,0.0,0.0,1.0
1779285797.3656976,2.46251858530722,-178327095405029.47,-1.5707932305544534,2999534493641657.5,6.944131862089326e-05,0.0,0.0,0.0,0.0,0.0,0.0,1.0
1779285797.3760614,2.461296758987446,-178278449979705.38,-1.5707932259636748,3009148111639836.5,-6.944131862089383e-05,0.0,0.0,0.0,0.0,0.0,0.0,1.0
1779285797.3860517,2.462350934671358,-179558357459295.0,-1.570793224249393,3021638760133902.5,6.944131862089327e-05,0.0,0.0,0.0,0.0,0.0,0.0,1.0
1779285797.3964887,2.4619603955866727,-180013730943944.72,-1.5707932206748032,3032637094543258.5,-6.944131862089383e-05,0.0,0.0,0.0,0.0,0.0,0.0,1.0
1779285797.4069834,2.462124715731641,-180804458434406.2,-1.5707932177800046,3044543509327529.5,6.944131862089327e-05,0.0,0.0,0.0,0.0,0.0,0.0,1.0
1779285797.417679,2.461418043338988,-181083598414934.78,-1.5707932138111969,3055460664596991.5,-6.944131862089383e-05,0.0,0.0,0.0,0.0,0.0,0.0,1.0
1779285797.427653,2.4625276790706554,-182417942446270.72,-1.5707932122983257,3068211548881043.0,6.944131862089327e-05,0.0,0.0,0.0,0.0,0.0,0.0,1.0
1779285797.4377513,2.46263382374129,-183164778549662.22,-1.5707932095575576,3079695198506395.5,-6.944131862089383e-05,0.0,0.0,0.0,0.0,0.0,0.0,1.0
1779285797.448294,2.461703724231151,-183306450462370.5,-1.5707932054520761,3090238936283773.5,6.944131862089327e-05,0.0,0.0,0.0,0.0,0.0,0.0,1.0
1779285797.4588208,2.4617380214201114,-184028926916595.84,-1.5707932025594178,3102204608748808.5,-6.944131862089383e-05,0.0,0.0,0.0,0.0,0.0,0.0,1.0
1779285797.4692934,2.461776760693154,-184755124484786.75,-1.5707931997221294,3114165506071226.0,6.944131862089327e-05,0.0,0.0,0.0,0.0,0.0,0.0,1.0
1779285797.4793792,2.4623620107152835,-185800977963349.8,-1.570793197695328,3126530067264990.5,-6.944131862089379e-05,0.0,0.0,0.0,0.0,0.0,0.0,1.0
1779285797.489363,2.46288855998659,-186814378546652.53,-1.5707931956532866,3138724494337908.5,6.944131862089344e-05,0.0,0.0,0.0,0.0,0.0,0.0,1.0
1779285797.4998496,2.462759361678029,-187460599229608.84,-1.5707931926752245,3150629442233297.0,-6.944131862089353e-05,0.0,0.0,0.0,0.0,0.0,0.0,1.0
1779285797.5103014,2.4621175054798945,-187780076995070.62,-1.5707931891317366,3161719824450716.0,6.944131862089367e-05,0.0,0.0,0.0,0.0,0.0,0.0,1.0
1779285797.5206494,2.4626256939987607,-188812874970342.12,-1.5707931870401843,3174505820804409.5,-6.944131862089336e-05,0.0,0.0,0.0,0.0,0.0,0.0,1.0
1779285797.5312068,2.4622372778484647,-189301958758124.75,-1.5707931838251181,3186237558402992.5,6.94413186208938e-05,0.0,0.0,0.0,0.0,0.0,0.0,1.0
1779285797.5413365,2.4620811481152156,-189904350641374.88,-1.570793181072687,3197770026517006.0,-6.944131862089326e-05,0.0,0.0,0.0,0.0,0.0,0.0,1.0
1779285797.5513868,2.4623436920883535,-190769667324529.34,-1.5707931788789158,3209906100579253.0,6.944131862089383e-05,0.0,0.0,0.0,0.0,0.0,0.0,1.0
1779285797.5616055,2.4626967116383947,-191711226090814.56,-1.570793176767424,3222457398436627.5,-6.944131862089327e-05,0.0,0.0,0.0,0.0,0.0,0.0,1.0
1779285797.5727096,2.460609346655155,-191137276208682.62,-1.570793171506077,3232161759102212.5,6.944131862089383e-05,0.0,0.0,0.0,0.0,0.0,0.0,1.0
1779285797.5823452,2.462869210588408,-193265166921471.7,-1.5707931719380035,3247198892128443.5,-6.944131862089327e-05,0.0,0.0,0.0,0.0,0.0,0.0,1.0
1779285797.5931695,2.461446636560018,-193115745175023.8,-1.5707931675762066,3257901919732682.5,6.944131862089383e-05,0.0,0.0,0.0,0.0,0.0,0.0,1.0
1779285797.603588,2.462052402257841,-194238861426171.94,-1.5707931658603613,3271298983134764.5,-6.944131862089327e-05,0.0,0.0,0.0,0.0,0.0,0.0,1.0
1779285797.6142087,2.461666140835246,-194741077752346.7,-1.5707931629011642,3283446478711726.5,6.944131862089383e-05,0.0,0.0,0.0,0.0,0.0,0.0,1.0
1779285797.6243613,2.4621816945222994,-195799737142796.25,-1.5707931612167934,3296446023628941.0,-6.944131862089327e-05,0.0,0.0,0.0,0.0,0.0,0.0,1.0
1779285797.6346617,2.4617847834399416,-196278672423947.94,-1.570793158397175,3308235280673457.5,6.944131862089383e-05,0.0,0.0,0.0,0.0,0.0,0.0,1.0
1779285797.6452303,2.4616949836699065,-196975567222753.8,-1.5707931559146202,3320921791310965.0,-6.944131862089327e-05,0.0,0.0,0.0,0.0,0.0,0.0,1.0
1779285797.6556098,2.462347803105603,-198155154719692.1,-1.5707931544264686,3334616800376428.5,6.944131862089374e-05,0.0,0.0,0.0,0.0,0.0,0.0,1.0
1779285797.6659207,2.462307639970017,-198882466741344.7,-1.5707931521268925,3347161321363761.5,-6.944131862089352e-05,0.0,0.0,0.0,0.0,0.0,0.0,1.0
1779285797.676589,2.4617452748661655,-199287805506695.44,-1.570793149117059,3359399600794303.0,6.944131862089346e-05,0.0,0.0,0.0,0.0,0.0,0.0,1.0
1779285797.6867852,2.4621028002987515,-200269819027654.28,-1.5707931474103451,3372508575213155.0,-6.944131862089372e-05,0.0,0.0,0.0,0.0,0.0,0.0,1.0
1779285797.6973033,2.462025210746334,-200991167840382.28,-1.5707931451043415,3385418465668106.0,6.944131862089332e-05,0.0,0.0,0.0,0.0,0.0,0.0,1.0
1779285797.707812,2.461968445003976,-201727795037448.94,-1.5707931428589124,3398400484454450.0,-6.944131862089383e-05,0.0,0.0,0.0,0.0,0.0,0.0,1.0
1779285797.7181594,2.4619284012881284,-202465505202660.88,-1.5707931407108813,3411217530214633.0,6.944131862089323e-05,0.0,0.0,0.0,0.0,0.0,0.0,1.0
1779285797.728544,2.4614947125776756,-202939501793069.88,-1.5707931380975566,3423476144881709.5,-6.944131862089386e-05,0.0,0.0,0.0,0.0,0.0,0.0,1.0
1779285797.738747,2.4616751195222006,-203816184821763.72,-1.5707931363271928,3436539538872426.5,6.944131862089326e-05,0.0,0.0,0.0,0.0,0.0,0.0,1.0
1779285797.7490351,2.461892050266939,-204730934544785.4,-1.570793134606552,3449846020130388.5,-6.944131862089383e-05,0.0,0.0,0.0,0.0,0.0,0.0,1.0
1779285797.759605,2.461605315598716,-205326294900593.94,-1.570793132217316,3462768957116785.0,6.944131862089327e-05,0.0,0.0,0.0,0.0,0.0,0.0,1.0
1779285797.7697864,2.462251127676188,-206536578650930.72,-1.5707931311178636,3476746532322579.0,-6.944131862089383e-05,0.0,0.0,0.0,0.0,0.0,0.0,1.0
1779285797.7800667,2.4619079955205287,-207081469089823.2,-1.5707931287819725,3489263630108641.5,6.944131862089327e-05,0.0,0.0,0.0,0.0,0.0,0.0,1.0
1779285797.7905378,2.4620951994041964,-208006796985533.3,-1.5707931270949085,3502996665156521.0,-6.944131862089383e-05,0.0,0.0,0.0,0.0,0.0,0.0,1.0
1779285797.8011062,2.460697676523443,-207827659307536.03,-1.5707931234629322,3514053772808620.0,6.944131862089327e-05,0.0,0.0,0.0,0.0,0.0,0.0,1.0
1779285797.810826,2.46290594912869,-210108170531611.8,-1.5707931245442825,3530275076781283.0,-6.944131862089383e-05,0.0,0.0,0.0,0.0,0.0,0.0,1.0
1779285797.821122,2.4624235658355507,-210574391501132.3,-1.5707931221329183,3542782832242709.5,6.944131862089327e-05,0.0,0.0,0.0,0.0,0.0,0.0,1.0
1779285797.8313098,2.462592181866617,-211486014494175.4,-1.5707931205928598,3556286415450605.0,-6.94413186208937e-05,0.0,0.0,0.0,0.0,0.0,0.0,1.0
1779285797.8413825,2.462843689218301,-212452452423778.06,-1.5707931192059792,3569813411907059.5,6.944131862089356e-05,0.0,0.0,0.0,0.0,0.0,0.0,1.0
1779285797.8524332,2.4615985355817736,-212432298764309.84,-1.5707931157515806,3582238885300961.0,-6.944131862089344e-05,0.0,0.0,0.0,0.0,0.0,0.0,1.0
1779285797.8628387,2.461569369383375,-213214241790257.97,-1.5707931140156555,3595847309793652.5,6.944131862089375e-05,0.0,0.0,0.0,0.0,0.0,0.0,1.0
1779285797.8728268,2.462373493129102,-214566364263264.88,-1.570793113446127,3610339650379928.0,-6.944131862089329e-05,0.0,0.0,0.0,0.0,0.0,0.0,1.0
1779285797.8834252,2.4615571845239104,-214809137044844.28,-1.570793110740428,3622874525004230.0,6.944131862089386e-05,0.0,0.0,0.0,0.0,0.0,0.0,1.0
1779285797.893535,2.4622353634424297,-216091705419580.22,-1.5707931100390329,3637479263096946.5,-6.944131862089326e-05,0.0,0.0,0.0,0.0,0.0,0.0,1.0
1779285797.9039452,2.462043612475339,-216778028075269.12,-1.5707931082067437,3651009646619807.0,6.944131862089383e-05,0.0,0.0,0.0,0.0,0.0,0.0,1.0
1779285797.914015,2.4624471991117645,-217872523325705.06,-1.570793107220947,3665149899818505.5,-6.944131862089327e-05,0.0,0.0,0.0,0.0,0.0,0.0,1.0
1779285797.9241655,2.462302934278333,-218581882144837.78,-1.5707931055477715,3678496150852015.5,6.944131862089383e-05,0.0,0.0,0.0,0.0,0.0,0.0,1.0
1779285797.9346688,2.4625610423710347,-219614954485034.56,-1.570793104342415,3693154430564934.0,-6.944131862089327e-05,0.0,0.0,0.0,0.0,0.0,0.0,1.0
1779285797.9449193,2.4623386742887057,-220280912113943.4,-1.5707931026039843,3706615762439015.0,6.944131862089383e-05,0.0,0.0,0.0,0.0,0.0,0.0,1.0
1779285797.9555042,2.4619960901971374,-220882194681500.1,-1.5707931006821731,3720409645509198.0,-6.944131862089327e-05,0.0,0.0,0.0,0.0,0.0,0.0,1.0
1779285797.9657726,2.461805047448471,-221568570363825.12,-1.5707930990442223,3734044945664380.0,6.944131862089383e-05,0.0,0.0,0.0,0.0,0.0,0.0,1.0
1779285797.9759536,2.462172390967687,-222663302230037.12,-1.5707930981639588,3748583312312175.0,-6.944131862089327e-05,0.0,0.0,0.0,0.0,0.0,0.0,1.0
1779285797.9864154,2.4623930417344395,-223682661616308.66,-1.5707930970664783,3763387820660580.0,6.944131862089383e-05,0.0,0.0,0.0,0.0,0.0,0.0,1.0
1779285797.9966338,2.462383147659348,-224516182826147.1,-1.5707930957447875,3777444980724947.0,-6.944131862089332e-05,0.0,0.0,0.0,0.0,0.0,0.0,1.0
1779285798.0071063,2.46242969494435,-225415529857177.44,-1.570793094477666,3792059702654764.0,6.944131862089361e-05,0.0,0.0,0.0,0.0,0.0,0.0,1.0
1779285798.017457,2.462237758549699,-226126802879736.8,-1.570793092958388,3806070758398679.5,-6.944131862089361e-05,0.0,0.0,0.0,0.0,0.0,0.0,1.0
1779285798.0279143,2.4625200622386028,-227208532071904.44,-1.5707930920522868,3821211817148050.0,6.94413186208934e-05,0.0,0.0,0.0,0.0,0.0,0.0,1.0
1779285798.0386734,2.4609570235004328,-226913135192691.7,-1.570793088771786,3833432631943462.0,-6.944131862089378e-05,0.0,0.0,0.0,0.0,0.0,0.0,1.0
1779285798.0488474,2.4619648548999136,-228514846655398.6,-1.570793088919239,3849544433241018.5,6.944131862089327e-05,0.0,0.0,0.0,0.0,0.0,0.0,1.0
1779285798.0591784,2.4614398571042604,-228973615671637.22,-1.5707930870992566,3863105184217056.5,-6.944131862089387e-05,0.0,0.0,0.0,0.0,0.0,0.0,1.0
1779285798.0691793,2.4626254005494754,-230720710581206.62,-1.5707930875485376,3879419584232403.0,6.944131862089325e-05,0.0,0.0,0.0,0.0,0.0,0.0,1.0
1779285798.0797393,2.461996803229844,-231134984001871.22,-1.570793085601632,3893307699919655.5,-6.944131862089384e-05,0.0,0.0,0.0,0.0,0.0,0.0,1.0
1779285798.089743,2.4628433931888307,-232640758766930.78,-1.5707930856610235,3909123294435153.0,6.944131862089326e-05,0.0,0.0,0.0,0.0,0.0,0.0,1.0
1779285798.1003413,2.462481315652596,-233269728374973.34,-1.570793084102605,3923644732555728.0,-6.944131862089383e-05,0.0,0.0,0.0,0.0,0.0,0.0,1.0
1779285798.1109283,2.4616370172347524,-233519087943523.12,-1.5707930819527853,3937352278125822.0,6.944131862089327e-05,0.0,0.0,0.0,0.0,0.0,0.0,1.0
1779285798.1211967,2.462016315553296,-234689231759433.88,-1.5707930814615514,3952874685655272.5,-6.944131862089383e-05,0.0,0.0,0.0,0.0,0.0,0.0,1.0
1779285798.131623,2.46183843002699,-235443871541738.62,-1.5707930802560972,3967647985118303.0,6.944131862089327e-05,0.0,0.0,0.0,0.0,0.0,0.0,1.0
1779285798.1418378,2.4617913184636193,-236284185185722.34,-1.5707930792766978,3982372429446784.0,-6.944131862089383e-05,0.0,0.0,0.0,0.0,0.0,0.0,1.0
1779285798.1522489,2.4619348711126627,-237296021262454.25,-1.5707930785440471,3997854732634929.0,6.944131862089327e-05,0.0,0.0,0.0,0.0,0.0,0.0,1.0
1779285798.1623025,2.4622489891807016,-238420171910796.75,-1.570793078100963,4013134721564567.5,-6.944131862089383e-05,0.0,0.0,0.0,0.0,0.0,0.0,1.0
1779285798.172775,2.4624067749375804,-239464941248506.94,-1.5707930774245735,4028884666300584.0,6.944131862089337e-05,0.0,0.0,0.0,0.0,0.0,0.0,1.0
1779285798.1833594,2.4610240630685527,-239284266203818.25,-1.5707930747749912,4041838231253967.0,-6.944131862089359e-05,0.0,0.0,0.0,0.0,0.0,0.0,1.0
1779285798.1932395,2.462429966101459,-241272302583641.0,-1.5707930758511264,4059122857662116.0,6.944131862089364e-05,0.0,0.0,0.0,0.0,0.0,0.0,1.0
1779285798.2032723,2.462781264083833,-242451032296219.97,-1.5707930755521464,4074695642182729.5,-6.944131862089337e-05,0.0,0.0,0.0,0.0,0.0,0.0,1.0
1779285798.2135053,2.462243187969568,-242932006177413.72,-1.5707930741002054,4088902857564475.0,6.94413186208938e-05,0.0,0.0,0.0,0.0,0.0,0.0,1.0
1779285798.2239895,2.462308382572151,-243919719575109.78,-1.570793073431319,4104782694851513.0,-6.944131862089326e-05,0.0,0.0,0.0,0.0,0.0,0.0,1.0
1779285798.2344074,2.4618564404304415,-244482067413235.12,-1.570793072127297,4119571445624297.5,6.944131862089383e-05,0.0,0.0,0.0,0.0,0.0,0.0,1.0
1779285798.2450974,2.4614448715030015,-245095652865112.94,-1.5707930708802704,4134953833649460.0,-6.944131862089327e-05,0.0,0.0,0.0,0.0,0.0,0.0,1.0
1779285798.255448,2.4615288643555426,-246085063693071.12,-1.5707930703450805,4150793819592924.0,6.944131862089383e-05,0.0,0.0,0.0,0.0,0.0,0.0,1.0
1779285798.2658844,2.4619412470935464,-247360968038628.0,-1.5707930702540582,4167509898586903.5,-6.944131862089327e-05,0.0,0.0,0.0,0.0,0.0,0.0,1.0
1779285798.2760663,2.4622525790633976,-248543728552141.16,-1.5707930700765071,4183664201039052.0,6.944131862089383e-05,0.0,0.0,0.0,0.0,0.0,0.0,1.0
1779285798.2862198,2.462136518485253,-249376040006019.12,-1.5707930693664076,4198964903707991.5,-6.944131862089327e-05,0.0,0.0,0.0,0.0,0.0,0.0,1.0
1779285798.296868,2.4610435989004587,-249433240973584.56,-1.5707930673692525,4213179946214046.5,6.944131862089383e-05,0.0,0.0,0.0,0.0,0.0,0.0,1.0
1779285798.3071392,2.4621438483688594,-251284924323053.75,-1.5707930682972078,4231265074225712.5,-6.944131862089327e-05,0.0,0.0,0.0,0.0,0.0,0.0,1.0
1779285798.317156,2.4627050940627844,-252686424258284.88,-1.5707930685554963,4247897020108993.5,6.944131862089383e-05,0.0,0.0,0.0,0.0,0.0,0.0,1.0
1779285798.3275452,2.4619147628519946,-252988163229627.47,-1.5707930670415706,4262450893105746.5,-6.944131862089327e-05,0.0,0.0,0.0,0.0,0.0,0.0,1.0
1779285798.337989,2.462051344891826,-254071012879511.88,-1.5707930667632004,4279072694447253.0,6.944131862089379e-05,0.0,0.0,0.0,0.0,0.0,0.0,1.0
1779285798.3487782,2.4605268499965094,-253770317643660.38,-1.5707930643212067,4292882369964903.5,-6.944131862089344e-05,0.0,0.0,0.0,0.0,0.0,0.0,1.0
1779285798.3587978,2.4621195695629177,-256047289490006.5,-1.5707930660455738,4311860490207323.0,6.944131862089353e-05,0.0,0.0,0.0,0.0,0.0,0.0,1.0
1779285798.369242,2.462377589555381,-257255277911954.84,-1.5707930660030376,4328955008125075.5,-6.944131862089367e-05,0.0,0.0,0.0,0.0,0.0,0.0,1.0
1779285798.3792856,2.4625721854005653,-258379167780466.47,-1.5707930659247333,4345254995570980.5,6.944131862089336e-05,0.0,0.0,0.0,0.0,0.0,0.0,1.0
1779285798.3894007,2.4625212691731178,-259302379119902.75,-1.5707930655398206,4361221130595033.0,-6.94413186208938e-05,0.0,0.0,0.0,0.0,0.0,0.0,1.0
1779285798.3997357,2.461709425576316,-259583695434434.94,-1.5707930641701426,4376018731088776.0,6.944131862089326e-05,0.0,0.0,0.0,0.0,0.0,0.0,1.0
1779285798.4103038,2.4616860253957937,-260560417526837.56,-1.5707930638521401,4392928071191142.5,-6.944131862089383e-05,0.0,0.0,0.0,0.0,0.0,0.0,1.0
1779285798.4206514,2.462537385320754,-262291636816151.38,-1.5707930647155612,4411421241136088.5,6.944131862089327e-05,0.0,0.0,0.0,0.0,0.0,0.0,1.0
1779285798.4309266,2.461955827011539,-262774116555866.56,-1.5707930637241307,4426762166158997.0,-6.944131862089383e-05,0.0,0.0,0.0,0.0,0.0,0.0,1.0
1779285798.4410706,2.4628230695045374,-264517316057148.12,-1.570793064662818,4445051596226781.0,6.944131862089327e-05,0.0,0.0,0.0,0.0,0.0,0.0,1.0
1779285798.4513183,2.462150725485599,-264923682728870.78,-1.570793063595114,4460255475690649.5,-6.944131862089383e-05,0.0,0.0,0.0,0.0,0.0,0.0,1.0
1779285798.461954,2.4618006138944892,-265640928109138.88,-1.5707930629625724,4476895862831660.0,6.944131862089327e-05,0.0,0.0,0.0,0.0,0.0,0.0,1.0
1779285798.472497,2.4622446021064714,-267060865249952.06,-1.5707930634035223,4495236347034113.0,-6.944131862089383e-05,0.0,0.0,0.0,0.0,0.0,0.0,1.0
1779285798.483413,2.4601671039828665,-266263509244009.75,-1.5707930605465374,4508776081009376.0,6.944131862089327e-05,0.0,0.0,0.0,0.0,0.0,0.0,1.0
1779285798.4932864,2.461750369832137,-268625657519260.84,-1.5707930625831725,4528409444411371.0,-6.944131862089383e-05,0.0,0.0,0.0,0.0,0.0,0.0,1.0
1779285798.5036464,2.4625110782296047,-270333414230959.53,-1.5707930635275544,4547295253203045.0,6.944131862089327e-05,0.0,0.0,0.0,0.0,0.0,0.0,1.0
1779285798.5142505,2.4620142618422256,-270944146894178.4,-1.5707930628286149,4563955740152655.0,-6.944131862089374e-05,0.0,0.0,0.0,0.0,0.0,0.0,1.0
1779285798.52474,2.4617305603661257,-271728363271876.94,-1.5707930624430275,4580894180603099.0,6.944131862089352e-05,0.0,0.0,0.0,0.0,0.0,0.0,1.0
1779285798.5349028,2.4622705066674353,-273232546501791.25,-1.570793063174333,4599113211891203.0,-6.944131862089346e-05,0.0,0.0,0.0,0.0,0.0,0.0,1.0
1779285798.5450263,2.4623874968429726,-274357816602127.97,-1.5707930633660903,4616351586254765.0,6.944131862089372e-05,0.0,0.0,0.0,0.0,0.0,0.0,1.0
1779285798.555565,2.4617741334182788,-274858748482326.84,-1.5707930626082494,4632865165723789.0,-6.944131862089332e-05,0.0,0.0,0.0,0.0,0.0,0.0,1.0
1779285798.5655813,2.462516634945661,-276552275348495.53,-1.5707930636726328,4651469565327177.0,6.944131862089383e-05,0.0,0.0,0.0,0.0,0.0,0.0,1.0
1779285798.5757334,2.4624856621084716,-277559973911803.28,-1.5707930637295808,4668657196187851.0,-6.944131862089323e-05,0.0,0.0,0.0,0.0,0.0,0.0,1.0
1779285798.5860975,2.462413936936836,-278554229482587.75,-1.5707930637506031,4686251532179213.0,6.944131862089386e-05,0.0,0.0,0.0,0.0,0.0,0.0,1.0
1779285798.5965066,2.4620381172279693,-279267739182613.44,-1.5707930633943243,4703264053165465.0,-6.944131862089326e-05,0.0,0.0,0.0,0.0,0.0,0.0,1.0
1779285798.6065314,2.4624893541510313,-280715874927476.16,-1.5707930641562375,4721496602367762.0,6.944131862089383e-05,0.0,0.0,0.0,0.0,0.0,0.0,1.0
1779285798.6171076,2.462142992188863,-281480509717334.4,-1.5707930638806051,4739039884901417.0,-6.944131862089327e-05,0.0,0.0,0.0,0.0,0.0,0.0,1.0
1779285798.6271431,2.4624679657076953,-282822556940498.75,-1.5707930645182144,4757141538878749.0,6.944131862089383e-05,0.0,0.0,0.0,0.0,0.0,0.0,1.0
1779285798.6373498,2.4626461300462426,-284053796991456.8,-1.5707930649788144,4775322189286577.0,-6.944131862089327e-05,0.0,0.0,0.0,0.0,0.0,0.0,1.0
1779285798.6475165,2.462397952946499,-284881994023890.6,-1.5707930648968416,4792509224884885.0,6.944131862089383e-05,0.0,0.0,0.0,0.0,0.0,0.0,1.0
1779285798.658055,2.462333353526573,-285921427661781.8,-1.5707930650819424,4810921138853692.0,-6.944131862089327e-05,0.0,0.0,0.0,0.0,0.0,0.0,1.0
1779285798.6687326,2.461825411131163,-286550506604749.75,-1.5707930647083859,4828616520974734.0,6.944131862089383e-05,0.0,0.0,0.0,0.0,0.0,0.0,1.0
1779285798.678813,2.462312021617955,-288071792914653.9,-1.5707930656720286,4847531558257424.0,-6.944131862089327e-05,0.0,0.0,0.0,0.0,0.0,0.0,1.0
1779285798.6896865,2.4615250056068336,-288456582280185.6,-1.5707930649805097,4865106408227133.0,6.94413186208937e-05,0.0,0.0,0.0,0.0,0.0,0.0,1.0
1779285798.6997383,2.46240967183334,-290369072487873.0,-1.5707930665191554,4885046961994005.0,-6.944131862089356e-05,0.0,0.0,0.0,0.0,0.0,0.0,1.0
1779285798.7100747,2.4623475686460843,-291413361830873.9,-1.570793066823626,4903417217366209.0,6.944131862089344e-05,0.0,0.0,0.0,0.0,0.0,0.0,1.0
1779285798.7202048,2.4624054723132356,-292555318811146.6,-1.5707930673040085,4921717577996471.0,-6.944131862089375e-05,0.0,0.0,0.0,0.0,0.0,0.0,1.0
1779285798.730788,2.461289226059284,-292594669847672.7,-1.5707930662627514,4938192926035338.0,6.944131862089329e-05,0.0,0.0,0.0,0.0,0.0,0.0,1.0
1779285798.740925,2.462413168229005,-294775263088797.94,-1.5707930682070077,4959165432077377.0,-6.944131862089386e-05,0.0,0.0,0.0,0.0,0.0,0.0,1.0
1779285798.7514715,2.4615578075629934,-295070920615035.5,-1.5707930675556177,4976311611776264.0,6.944131862089326e-05,0.0,0.0,0.0,0.0,0.0,0.0,1.0
1779285798.7616038,2.4620729424644274,-296668563022535.06,-1.5707930687356328,4995958481540747.0,-6.944131862089383e-05,0.0,0.0,0.0,0.0,0.0,0.0,1.0
1779285798.7720017,2.462422427808727,-298148628332014.06,-1.5707930697207557,5015878546441600.0,6.944131862089327e-05,0.0,0.0,0.0,0.0,0.0,0.0,1.0
1779285798.7825603,2.4613310914978914,-298212999134620.3,-1.5707930688234473,5032663118001257.0,-6.944131862089383e-05,0.0,0.0,0.0,0.0,0.0,0.0,1.0
1779285798.7929146,2.4621518321851776,-300157055708397.1,-1.5707930704832598,5053764291944207.0,6.944131862089327e-05,0.0,0.0,0.0,0.0,0.0,0.0,1.0
1779285798.8033943,2.4619287358139617,-301087799166127.25,-1.5707930707805788,5072675502784150.0,-6.944131862089383e-05,0.0,0.0,0.0,0.0,0.0,0.0,1.0
1779285798.8139641,2.4617112643969916,-302032551131449.4,-1.570793071113493,5091853017857654.0,6.944131862089327e-05,0.0,0.0,0.0,0.0,0.0,0.0,1.0
1779285798.824398,2.4618073600886734,-303280712311799.56,-1.5707930718805618,5111577786731493.0,-6.944131862089383e-05,0.0,0.0,0.0,0.0,0.0,0.0,1.0
1779285798.834834,2.461328221847147,-303949110242293.2,-1.5707930719071568,5129954829354711.0,6.944131862089327e-05,0.0,0.0,0.0,0.0,0.0,0.0,1.0
1779285798.845104,2.461496496735268,-305255630736727.75,-1.5707930728096755,5149646606274216.0,-6.944131862089383e-05,0.0,0.0,0.0,0.0,0.0,0.0,1.0
1779285798.8558357,2.460977347365763,-305915858075106.3,-1.5707930728461097,5168701293740106.0,6.944131862089332e-05,0.0,0.0,0.0,0.0,0.0,0.0,1.0
1779285798.866386,2.4607601340111533,-306857985729590.0,-1.570793073301622,5188126959125004.0,-6.944131862089361e-05,0.0,0.0,0.0,0.0,0.0,0.0,1.0
1779285798.8762388,2.4621456542858615,-309389053184789.2,-1.570793075866295,5210220674502725.0,6.944131862089361e-05,0.0,0.0,0.0,0.0,0.0,0.0,1.0
1779285798.8868768,2.461761232115791,-310204798926532.7,-1.5707930761354694,5229632363684034.0,-6.94413186208934e-05,0.0,0.0,0.0,0.0,0.0,0.0,1.0
1779285798.8969636,2.4620810463796983,-311687678365789.9,-1.5707930773274594,5249687791257890.0,6.944131862089378e-05,0.0,0.0,0.0,0.0,0.0,0.0,1.0
1779285798.9075265,2.4619045710818375,-312716467645270.6,-1.5707930779069157,5269617363941056.0,-6.944131862089327e-05,0.0,0.0,0.0,0.0,0.0,0.0,1.0
1779285798.9177272,2.4622089466325074,-314211890995053.25,-1.5707930791225848,5290093136550047.0,6.944131862089387e-05,0.0,0.0,0.0,0.0,0.0,0.0,1.0
1779285798.9279082,2.461918516124165,-315086097113665.25,-1.5707930795625913,5309048745763064.0,-6.944131862089325e-05,0.0,0.0,0.0,0.0,0.0,0.0,1.0
1779285798.938431,2.461921259674013,-316306430439816.7,-1.5707930804359524,5329587313096324.0,6.944131862089384e-05,0.0,0.0,0.0,0.0,0.0,0.0,1.0
1779285798.9488006,2.4616253417972636,-317195145025943.1,-1.5707930809227206,5349073469422962.0,-6.944131862089326e-05,0.0,0.0,0.0,0.0,0.0,0.0,1.0
1779285798.9592297,2.461857435669368,-318645823857967.1,-1.5707930821326452,5370018330836523.0,6.944131862089383e-05,0.0,0.0,0.0,0.0,0.0,0.0,1.0
1779285798.969675,2.4621706205117735,-320204384414782.8,-1.570793083473751,5391447539683796.0,-6.944131862089327e-05,0.0,0.0,0.0,0.0,0.0,0.0,1.0
1779285798.9798212,2.462528288438444,-321788204110603.25,-1.5707930848655653,5412394017636708.0,6.944131862089383e-05,0.0,0.0,0.0,0.0,0.0,0.0,1.0
1779285798.9903493,2.4619809087704736,-322450579669179.3,-1.5707930851022451,5431904101536710.0,-6.944131862089327e-05,0.0,0.0,0.0,0.0,0.0,0.0,1.0
1779285799.001036,2.4612597496212034,-322929232510651.0,-1.5707930851453504,5451326148145959.0,6.944131862089383e-05,0.0,0.0,0.0,0.0,0.0,0.0,1.0
1779285799.011216,2.4624542851993243,-325424730394648.75,-1.570793087715584,5474787320022324.0,-6.944131862089327e-05,0.0,0.0,0.0,0.0,0.0,0.0,1.0
1779285799.0216615,2.462170168901148,-326372139133149.44,-1.5707930883555847,5495039879720907.0,6.944131862089383e-05,0.0,0.0,0.0,0.0,0.0,0.0,1.0
1779285799.0324407,2.4613604705667056,-326764564740423.56,-1.5707930883406034,5514466396481151.0,-6.944131862089337e-05,0.0,0.0,0.0,0.0,0.0,0.0,1.0
1779285799.0429215,2.4617210758833887,-328407495002622.1,-1.5707930898897293,5536655787725694.0,6.944131862089359e-05,0.0,0.0,0.0,0.0,0.0,0.0,1.0
1779285799.0531147,2.46194819194878,-329884535815751.4,-1.5707930912513184,5557903257791150.0,-6.944131862089364e-05,0.0,0.0,0.0,0.0,0.0,0.0,1.0
1779285799.063659,2.4619516516722917,-331166164398215.4,-1.570793092365985,5579452786530379.0,6.944131862089337e-05,0.0,0.0,0.0,0.0,0.0,0.0,1.0
1779285799.0743227,2.4615642169491405,-332032001949091.56,-1.5707930929948064,5600314472510424.0,-6.94413186208938e-05,0.0,0.0,0.0,0.0,0.0,0.0,1.0
1779285799.0848343,2.4616697650518886,-333424865398851.9,-1.5707930942858472,5622214453134969.0,6.944131862089326e-05,0.0,0.0,0.0,0.0,0.0,0.0,1.0
1779285799.095026,2.461671647286153,-334670864335498.6,-1.5707930954247031,5643158852386219.0,-6.944131862089383e-05,0.0,0.0,0.0,0.0,0.0,0.0,1.0
1779285799.105625,2.4607694688119635,-334949321707834.4,-1.570793095424087,5662620866065299.0,6.944131862089327e-05,0.0,0.0,0.0,0.0,0.0,0.0,1.0
1779285799.115885,2.4621926139299917,-337802094464476.3,-1.570793098501738,5687799596413949.0,-6.944131862089383e-05,0.0,0.0,0.0,0.0,0.0,0.0,1.0
1779285799.1265044,2.4613856814070387,-338209902649280.0,-1.5707930986659433,5707761828167390.0,6.944131862089327e-05,0.0,0.0,0.0,0.0,0.0,0.0,1.0
1779285799.1370602,2.4615821241436358,-339737743097741.8,-1.5707931001816857,5730451961098282.0,-6.944131862089383e-05,0.0,0.0,0.0,0.0,0.0,0.0,1.0
1779285799.1475413,2.4616541467469517,-341125251937091.75,-1.5707931015413454,5752699554334367.0,6.944131862089327e-05,0.0,0.0,0.0,0.0,0.0,0.0,1.0
1779285799.157973,2.4609485066961585,-341617142609251.8,-1.5707931018800934,5772683827186352.0,-6.944131862089383e-05,0.0,0.0,0.0,0.0,0.0,0.0,1.0
1779285799.1684072,2.461677165329365,-343751831108943.0,-1.570793104148058,5796815586455391.0,6.944131862089327e-05,0.0,0.0,0.0,0.0,0.0,0.0,1.0
1779285799.179004,2.4614624798743443,-344842402732830.8,-1.5707931051978548,5818802862738129.0,-6.944131862089383e-05,0.0,0.0,0.0,0.0,0.0,0.0,1.0
1779285799.1894991,2.461645917423011,-346382091386170.6,-1.5707931067834096,5841746190979380.0,6.944131862089327e-05,0.0,0.0,0.0,0.0,0.0,0.0,1.0
1779285799.1996958,2.462021826409082,-348120122421466.6,-1.570793108603075,5864611222196738.0,-6.944131862089379e-05,0.0,0.0,0.0,0.0,0.0,0.0,1.0
1779285799.209987,2.4615837851173934,-348930033925345.75,-1.5707931093678338,5885462294405379.0,6.944131862089344e-05,0.0,0.0,0.0,0.0,0.0,0.0,1.0
1779285799.2205722,2.461437835726818,-350111997817282.06,-1.5707931105776296,5907942584898475.0,-6.944131862089353e-05,0.0,0.0,0.0,0.0,0.0,0.0,1.0
1779285799.2306705,2.462022370179314,-352095684293813.5,-1.5707931127105408,5931397583898618.0,6.944131862089367e-05,0.0,0.0,0.0,0.0,0.0,0.0,1.0
1779285799.2408595,2.4617429422476587,-353088439602403.1,-1.5707931137216495,5952692442937205.0,-6.944131862089336e-05,0.0,0.0,0.0,0.0,0.0,0.0,1.0
1779285799.2509594,2.4620503141165537,-354763503828487.4,-1.5707931155152615,5975535522993146.0,6.94413186208938e-05,0.0,0.0,0.0,0.0,0.0,0.0,1.0
1779285799.2611701,2.461882113274798,-355896964614403.2,-1.5707931167056723,5997348529459348.0,-6.944131862089326e-05,0.0,0.0,0.0,0.0,0.0,0.0,1.0
1779285799.2718358,2.461931728128247,-357350065938650.5,-1.5707931182644914,6021031096078672.0,6.944131862089383e-05,0.0,0.0,0.0,0.0,0.0,0.0,1.0
1779285799.282805,2.459931294011513,-356371173341039.6,-1.5707931171590177,6039330647120860.0,-6.944131862089327e-05,0.0,0.0,0.0,0.0,0.0,0.0,1.0
1779285799.2926867,2.462045199079806,-360179769309838.1,-1.5707931213981776,6067246762752718.0,6.944131862089383e-05,0.0,0.0,0.0,0.0,0.0,0.0,1.0
1779285799.3029075,2.4623001597183216,-361849828117228.06,-1.570793123221718,6090704229254462.0,-6.944131862089327e-05,0.0,0.0,0.0,0.0,0.0,0.0,1.0
1779285799.313188,2.462208331785183,-363116312408433.5,-1.5707931246069757,6113373313245300.0,6.944131862089383e-05,0.0,0.0,0.0,0.0,0.0,0.0,1.0
1779285799.3233027,2.4627264402686384,-365106488926785.6,-1.5707931267889008,6137518029518745.0,-6.944131862089327e-05,0.0,0.0,0.0,0.0,0.0,0.0,1.0
1779285799.3338327,2.4624303919354333,-366173273158586.9,-1.5707931279663379,6160415184231803.0,6.944131862089383e-05,0.0,0.0,0.0,0.0,0.0,0.0,1.0
1779285799.344425,2.4616408040686584,-366630703474930.5,-1.570793128515459,6181987033667802.0,-6.944131862089327e-05,0.0,0.0,0.0,0.0,0.0,0.0,1.0
1779285799.3554406,2.4585304124251803,-364258357346647.56,-1.5707931260857695,6197746708042969.0,6.944131862089383e-05,0.0,0.0,0.0,0.0,0.0,0.0,1.0
1779285799.3648226,2.462832196475314,-370775094587171.0,-1.570793133254559,6231635728309320.0,-6.944131862089327e-05,0.0,0.0,0.0,0.0,0.0,0.0,1.0
1779285799.3748536,2.46307442846992,-372468990642997.9,-1.570793135137325,6255232116995887.0,6.944131862089374e-05,0.0,0.0,0.0,0.0,0.0,0.0,1.0
1779285799.385081,2.462524976737013,-373205984974856.94,-1.570793136012584,6276974073366152.0,-6.944131862089352e-05,0.0,0.0,0.0,0.0,0.0,0.0,1.0
1779285799.3955324,2.462293399691867,-374359325310639.0,-1.5707931373627309,6300375870403201.0,6.944131862089346e-05,0.0,0.0,0.0,0.0,0.0,0.0,1.0
1779285799.4055653,2.462690361456471,-376242287963474.0,-1.570793139490636,6324659614865217.0,-6.944131862089372e-05,0.0,0.0,0.0,0.0,0.0,0.0,1.0
1779285799.415515,2.4633844792842687,-378505712394950.7,-1.5707931420064678,6349754926060059.0,6.944131862089332e-05,0.0,0.0,0.0,0.0,0.0,0.0,1.0
1779285799.4259233,2.4626130097151715,-378997443418571.6,-1.5707931426721018,6371654553991855.0,-6.944131862089383e-05,0.0,0.0,0.0,0.0,0.0,0.0,1.0
1779285799.436359,2.462709178760985,-380575375057747.75,-1.5707931445058982,6396358647847990.0,6.944131862089323e-05,0.0,0.0,0.0,0.0,0.0,0.0,1.0
1779285799.446717,2.462753068775197,-382083656594813.4,-1.5707931462731046,6420785136669965.0,-6.944131862089386e-05,0.0,0.0,0.0,0.0,0.0,0.0,1.0
1779285799.4571064,2.4622235345345698,-382865678356895.4,-1.5707931473049375,6443584476628624.0,6.944131862089326e-05,0.0,0.0,0.0,0.0,0.0,0.0,1.0
1779285799.4672136,2.4624616027219584,-384583430152205.44,-1.5707931493184,6468072046214140.0,-6.944131862089383e-05,0.0,0.0,0.0,0.0,0.0,0.0,1.0
1779285799.477841,2.462121799729515,-385639928601014.9,-1.5707931506740733,6492253630017692.0,6.944131862089327e-05,0.0,0.0,0.0,0.0,0.0,0.0,1.0
1779285799.4878051,2.462759513239371,-387869631692543.8,-1.5707931532242312,6517848902260168.0,-6.944131862089383e-05,0.0,0.0,0.0,0.0,0.0,0.0,1.0
1779285799.4984941,2.4617507361091495,-388081358159497.0,-1.5707931537426836,6540293362077696.0,6.944131862089327e-05,0.0,0.0,0.0,0.0,0.0,0.0,1.0
1779285799.5088637,2.4623464205125685,-390318081696453.94,-1.570793156341766,6567013331103851.0,-6.944131862089383e-05,0.0,0.0,0.0,0.0,0.0,0.0,1.0
1779285799.5192184,2.4621433016124357,-391532126049297.06,-1.5707931579000483,6591277480258941.0,6.944131862089327e-05,0.0,0.0,0.0,0.0,0.0,0.0,1.0
1779285799.529227,2.462552522278581,-393502638543852.9,-1.57079316021785,6616640453508963.0,-6.944131862089383e-05,0.0,0.0,0.0,0.0,0.0,0.0,1.0
1779285799.5395215,2.462420656835747,-394817449435613.06,-1.5707931618878015,6641172158417546.0,6.944131862089327e-05,0.0,0.0,0.0,0.0,0.0,0.0,1.0
1779285799.5497866,2.4619909921040146,-395731983092116.9,-1.5707931631753602,6664720778577801.0,-6.94413186208937e-05,0.0,0.0,0.0,0.0,0.0,0.0,1.0
1779285799.5601668,2.46192918863944,-397145332045096.06,-1.570793164987995,6689875951839084.0,6.944131862089356e-05,0.0,0.0,0.0,0.0,0.0,0.0,1.0
1779285799.5704713,2.462299531682591,-399130289241542.5,-1.5707931673704365,6716315960352625.0,-6.944131862089344e-05,0.0,0.0,0.0,0.0,0.0,0.0,1.0
1779285799.5811546,2.46179491090421,-400009919231848.94,-1.5707931686825212,6740981315694991.0,6.944131862089375e-05,0.0,0.0,0.0,0.0,0.0,0.0,1.0
1779285799.5913503,2.4620901218652547,-401891673373833.56,-1.5707931709791845,6767075001983687.0,-6.944131862089329e-05,0.0,0.0,0.0,0.0,0.0,0.0,1.0
1779285799.6019373,2.4618076330154794,-403065495541755.06,-1.570793172606266,6792483567495659.0,6.944131862089386e-05,0.0,0.0,0.0,0.0,0.0,0.0,1.0
1779285799.6121979,2.462255848627761,-405181412965904.8,-1.570793175147136,6819473168164063.0,-6.944131862089326e-05,0.0,0.0,0.0,0.0,0.0,0.0,1.0
1779285799.6226926,2.461575349481191,-405814943493116.56,-1.5707931762650946,6843498303439542.0,6.944131862089383e-05,0.0,0.0,0.0,0.0,0.0,0.0,1.0
1779285799.6332538,2.4615700177303883,-407364282774366.7,-1.5707931783026818,6870023993852401.0,-6.944131862089327e-05,0.0,0.0,0.0,0.0,0.0,0.0,1.0
1779285799.643725,2.461686181210495,-409075938516025.7,-1.570793180499137,6896810769124934.0,6.944131862089383e-05,0.0,0.0,0.0,0.0,0.0,0.0,1.0
1779285799.654339,2.4613695238977216,-410218510323374.4,-1.5707931821654753,6922562912548236.0,-6.944131862089327e-05,0.0,0.0,0.0,0.0,0.0,0.0,1.0
1779285799.6645377,2.4620693235092053,-412707417730144.75,-1.5707931851030403,6950721180921409.0,6.944131862089383e-05,0.0,0.0,0.0,0.0,0.0,0.0,1.0
1779285799.6748247,2.462052482300832,-414245837759865.6,-1.5707931871296303,6976861263222271.0,-6.944131862089327e-05,0.0,0.0,0.0,0.0,0.0,0.0,1.0
1779285799.685237,2.4620529790701795,-415832148411982.25,-1.5707931892184663,7003528861211328.0,6.944131862089383e-05,0.0,0.0,0.0,0.0,0.0,0.0,1.0
1779285799.6958077,2.461970147419425,-417331296170804.7,-1.5707931912450375,7030473661770181.0,-6.944131862089327e-05,0.0,0.0,0.0,0.0,0.0,0.0,1.0
1779285799.7064936,2.461022531889913,-417635115168112.25,-1.5707931921797453,7054874665141478.0,6.944131862089383e-05,0.0,0.0,0.0,0.0,0.0,0.0,1.0
1779285799.716918,2.461676744785741,-420132138724423.94,-1.5707931951767713,7084069201145344.0,-6.944131862089332e-05,0.0,0.0,0.0,0.0,0.0,0.0,1.0
1779285799.7273366,2.4615646587451034,-421575861604884.5,-1.5707931971814697,7110747897786479.0,6.944131862089361e-05,0.0,0.0,0.0,0.0,0.0,0.0,1.0
1779285799.7377818,2.461564913134737,-423186300001381.2,-1.5707931993541648,7138000902591269.0,-6.944131862089361e-05,0.0,0.0,0.0,0.0,0.0,0.0,1.0
1779285799.7483745,2.461241704041738,-424364285130284.25,-1.5707932011503853,7164663662567286.0,6.94413186208934e-05,0.0,0.0,0.0,0.0,0.0,0.0,1.0
1779285799.7585983,2.460913700131103,-425473369568473.6,-1.5707932028751,7190270150888153.0,-6.944131862089378e-05,0.0,0.0,0.0,0.0,0.0,0.0,1.0
1779285799.7689075,2.4619520553618863,-428556832327021.9,-1.5707932064200116,7221048356068975.0,6.944131862089327e-05,0.0,0.0,0.0,0.0,0.0,0.0,1.0
1779285799.7794728,2.461839156122377,-430065410140797.9,-1.5707932085269116,7248725960662517.0,-6.944131862089387e-05,0.0,0.0,0.0,0.0,0.0,0.0,1.0
1779285799.790398,2.460797111911757,-430283936942246.0,-1.5707932095159882,7274282972433510.0,6.944131862089325e-05,0.0,0.0,0.0,0.0,0.0,0.0,1.0
1779285799.8009892,2.460638982175168,-431700896564269.9,-1.570793211600072,7301930706270234.0,-6.944131862089384e-05,0.0,0.0,0.0,0.0,0.0,0.0,1.0
1779285799.811441,2.4611218457192234,-434040298816186.1,-1.5707932145111616,7331633378350629.0,6.944131862089326e-05,0.0,0.0,0.0,0.0,0.0,0.0,1.0
1779285799.8215148,2.461380967044289,-436018818708169.1,-1.5707932170535484,7359509167946461.0,-6.944131862089383e-05,0.0,0.0,0.0,0.0,0.0,0.0,1.0
1779285799.831794,2.4618245761262205,-438316331582668.44,-1.5707932198918406,7388792337868209.0,6.944131862089327e-05,0.0,0.0,0.0,0.0,0.0,0.0,1.0
1779285799.8422365,2.4617171191612623,-439848343056927.8,-1.5707932220596752,7416727769581364.0,-6.944131862089383e-05,0.0,0.0,0.0,0.0,0.0,0.0,1.0
1779285799.8527825,2.4615707790431296,-441340641858192.2,-1.5707932242137583,7444940711307513.0,6.944131862089327e-05,0.0,0.0,0.0,0.0,0.0,0.0,1.0
1779285799.8629148,2.4618741713555496,-443434824068523.3,-1.5707932268663687,7473576190504445.0,-6.944131862089383e-05,0.0,0.0,0.0,0.0,0.0,0.0,1.0
1779285799.8732328,2.461699791759365,-444863207596104.2,-1.5707932289533666,7501205187597952.0,6.944131862089327e-05,0.0,0.0,0.0,0.0,0.0,0.0,1.0
1779285799.8834176,2.4615335666333884,-446279633016597.94,-1.5707932310305528,7528525434890385.0,-6.944131862089383e-05,0.0,0.0,0.0,0.0,0.0,0.0,1.0
1779285799.893409,2.4622326246261315,-448965693485306.6,-1.570793234195065,7558507746528835.0,6.944131862089337e-05,0.0,0.0,0.0,0.0,0.0,0.0,1.0
1779285799.9034853,2.462578594395864,-451162996350581.4,-1.5707932369263533,7587598557257425.0,-6.944131862089359e-05,0.0,0.0,0.0,0.0,0.0,0.0,1.0
1779285799.9141073,2.4619224496949217,-451948409738914.6,-1.5707932384997632,7614858398315676.0,6.944131862089364e-05,0.0,0.0,0.0,0.0,0.0,0.0,1.0
1779285799.9243622,2.462500354726088,-454530257586377.3,-1.570793241596597,7645582242199067.0,-6.944131862089337e-05,0.0,0.0,0.0,0.0,0.0,0.0,1.0
1779285799.9346015,2.4619820915277737,-455461694626844.1,-1.5707932432786795,7672311520883613.0,6.94413186208938e-05,0.0,0.0,0.0,0.0,0.0,0.0,1.0
1779285799.9451392,2.461936966284246,-457152701432614.1,-1.5707932456595104,7701842129525283.0,-6.944131862089326e-05,0.0,0.0,0.0,0.0,0.0,0.0,1.0
1779285799.9553373,2.46191016720008,-458818968461205.4,-1.5707932479913287,7730424496320551.0,6.944131862089383e-05,0.0,0.0,0.0,0.0,0.0,0.0,1.0
1779285799.9657607,2.4616245485029427,-460128316155122.6,-1.5707932500570265,7758877569406615.0,-6.944131862089327e-05,0.0,0.0,0.0,0.0,0.0,0.0,1.0
1779285799.9760034,2.4616093434405952,-461821726763819.0,-1.57079325244004,7787841863710957.0,6.944131862089383e-05,0.0,0.0,0.0,0.0,0.0,0.0,1.0
1779285799.986263,2.4624411501204104,-464845613533681.2,-1.5707932559352253,7820235940307625.0,-6.944131862089327e-05,0.0,0.0,0.0,0.0,0.0,0.0,1.0
1779285799.9968562,2.461776054563005,-465625604565110.3,-1.570793257589073,7848167705570181.0,6.944131862089383e-05,0.0,0.0,0.0,0.0,0.0,0.0,1.0
1779285800.007235,2.462226072658661,-468098322529997.44,-1.5707932606425647,7879737066776836.0,-6.944131862089327e-05,0.0,0.0,0.0,0.0,0.0,0.0,1.0
1779285800.0178971,2.4614922218514184,-468780893108186.44,-1.5707932622538472,7907856330907624.0,6.944131862089383e-05,0.0,0.0,0.0,0.0,0.0,0.0,1.0
1779285800.0285878,2.4608546715174966,-469596457577644.94,-1.5707932640126963,7936481453736786.0,-6.944131862089327e-05,0.0,0.0,0.0,0.0,0.0,0.0,1.0
1779285800.0391278,2.461050848082079,-471691445910747.25,-1.5707932668223645,7967874972282412.0,6.944131862089383e-05,0.0,0.0,0.0,0.0,0.0,0.0,1.0
1779285800.049507,2.4617952271190484,-474652606338625.25,-1.5707932703106042,8001043843139414.0,-6.944131862089327e-05,0.0,0.0,0.0,0.0,0.0,0.0,1.0
1779285800.059856,2.462118655182966,-476975637451749.94,-1.5707932732577508,8032655766663681.0,6.944131862089379e-05,0.0,0.0,0.0,0.0,0.0,0.0,1.0
1779285800.0701313,2.4616448468514758,-478024284394763.94,-1.5707932751695233,8061023685655480.0,-6.944131862089344e-05,0.0,0.0,0.0,0.0,0.0,0.0,1.0
1779285800.0805311,2.4620612291390995,-480515131541899.0,-1.5707932782692888,8093391323402170.0,6.944131862089353e-05,0.0,0.0,0.0,0.0,0.0,0.0,1.0
1779285800.0906405,2.462241118312698,-482596019092563.1,-1.5707932809963594,8123978569980994.0,-6.944131862089367e-05,0.0,0.0,0.0,0.0,0.0,0.0,1.0
1779285800.1008198,2.4620960961485605,-484173479258091.25,-1.5707932833332976,8153639808205340.0,6.944131862089336e-05,0.0,0.0,0.0,0.0,0.0,0.0,1.0
1779285800.111695,2.4602690250479067,-483131023556465.75,-1.5707932837106082,8179089352068979.0,-6.94413186208938e-05,0.0,0.0,0.0,0.0,0.0,0.0,1.0
1779285800.1215012,2.4625121506944088,-488492393158277.3,-1.570793289040311,8217122434650345.0,6.944131862089326e-05,0.0,0.0,0.0,0.0,0.0,0.0,1.0
1779285800.1316667,2.4621847325541455,-489797232490325.0,-1.5707932911719966,8246361039839571.0,-6.944131862089383e-05,0.0,0.0,0.0,0.0,0.0,0.0,1.0
1779285800.1418867,2.462611612382408,-492346376214032.94,-1.5707932942937088,8278924891954665.0,6.944131862089327e-05,0.0,0.0,0.0,0.0,0.0,0.0,1.0
1779285800.151971,2.4628445945557704,-494573228638613.1,-1.5707932971377279,8310390500213969.0,-6.944131862089383e-05,0.0,0.0,0.0,0.0,0.0,0.0,1.0
1779285800.162298,2.462190093654901,-495382129428150.6,-1.5707932989202142,8339215195151189.0,6.944131862089327e-05,0.0,0.0,0.0,0.0,0.0,0.0,1.0
1779285800.172915,2.461655148541974,-496412147338774.2,-1.5707933009364983,8369462549220478.0,-6.944131862089383e-05,0.0,0.0,0.0,0.0,0.0,0.0,1.0
1779285800.1829138,2.4625034856424275,-499643155617032.6,-1.5707933045816016,8403521025896279.0,6.944131862089327e-05,0.0,0.0,0.0,0.0,0.0,0.0,1.0
1779285800.1935,2.462049786149812,-500831143851768.1,-1.5707933067245452,8434375842505776.0,-6.944131862089383e-05,0.0,0.0,0.0,0.0,0.0,0.0,1.0
1779285800.2034798,2.4627064910377348,-503768694312545.9,-1.57079331012869,8467763182198277.0,6.944131862089327e-05,0.0,0.0,0.0,0.0,0.0,0.0,1.0
1779285800.213813,2.462371972566113,-505126789406190.1,-1.5707933123738609,8498468068870936.0,-6.944131862089383e-05,0.0,0.0,0.0,0.0,0.0,0.0,1.0
1779285800.2240338,2.4619704478223254,-506340750320985.44,-1.570793314513647,8528581806918325.0,6.944131862089327e-05,0.0,0.0,0.0,0.0,0.0,0.0,1.0
1779285800.2341719,2.4622178902154177,-508634262148499.5,-1.5707933174658946,8561170639810532.0,-6.944131862089374e-05,0.0,0.0,0.0,0.0,0.0,0.0,1.0
1779285800.2446985,2.4622710650980792,-510685198063594.4,-1.570793320288839,8594481692990131.0,6.944131862089352e-05,0.0,0.0,0.0,0.0,0.0,0.0,1.0
1779285800.255232,2.462088459404263,-512343049592247.4,-1.5707933228255142,8626957914420068.0,-6.944131862089346e-05,0.0,0.0,0.0,0.0,0.0,0.0,1.0
1779285800.2653823,2.4620008334043653,-514094147244351.75,-1.5707933253879582,8658581636428739.0,6.944131862089372e-05,0.0,0.0,0.0,0.0,0.0,0.0,1.0
1779285800.275968,2.46171445826124,-515585642759772.25,-1.5707933278325554,8691058375736193.0,-6.944131862089332e-05,0.0,0.0,0.0,0.0,0.0,0.0,1.0
1779285800.2863407,2.462364915662539,-518661989096361.4,-1.5707933314165572,8726843653535964.0,6.944131862089383e-05,0.0,0.0,0.0,0.0,0.0,0.0,1.0
1779285800.2966807,2.46152983197336,-519178184431663.6,-1.5707933331172135,8756356150442546.0,-6.944131862089323e-05,0.0,0.0,0.0,0.0,0.0,0.0,1.0
1779285800.3069642,2.46179111871812,-521571494290816.1,-1.5707933362006699,8790370598087970.0,6.944131862089386e-05,0.0,0.0,0.0,0.0,0.0,0.0,1.0
1779285800.316989,2.4624807838881577,-524691809729480.9,-1.570793339762832,8825465489165878.0,-6.944131862089326e-05,0.0,0.0,0.0,0.0,0.0,0.0,1.0
1779285800.3271663,2.462401853968454,-526515764384190.4,-1.570793342392603,8857859821962353.0,6.944131862089383e-05,0.0,0.0,0.0,0.0,0.0,0.0,1.0
1779285800.3372767,2.462582140072853,-528798156761257.75,-1.5707933453543528,8891446062763013.0,-6.944131862089327e-05,0.0,0.0,0.0,0.0,0.0,0.0,1.0
1779285800.347353,2.4626930734733827,-530960399776817.25,-1.5707933482199414,8924668863095500.0,6.944131862089383e-05,0.0,0.0,0.0,0.0,0.0,0.0,1.0
1779285800.3576202,2.4624939811916007,-532616027660400.0,-1.5707933507569671,8957373197631723.0,-6.944131862089327e-05,0.0,0.0,0.0,0.0,0.0,0.0,1.0
1779285800.3679128,2.4619017246010757,-533567474571183.6,-1.5707933528135478,8988528181389421.0,6.944131862089383e-05,0.0,0.0,0.0,0.0,0.0,0.0,1.0
1779285800.3783796,2.462186562732141,-536108664772947.6,-1.57079335603741,9024256409235040.0,-6.944131862089327e-05,0.0,0.0,0.0,0.0,0.0,0.0,1.0
1779285800.3888156,2.4625556964608037,-538821689030570.75,-1.570793359370688,9060444992777238.0,6.944131862089383e-05,0.0,0.0,0.0,0.0,0.0,0.0,1.0
1779285800.3993132,2.4621906922794436,-540242525398396.0,-1.570793361807346,9093779770487564.0,-6.944131862089327e-05,0.0,0.0,0.0,0.0,0.0,0.0,1.0
1779285800.4097943,2.4623246964207857,-542558730395828.5,-1.5707933648785994,9129386024161884.0,6.94413186208937e-05,0.0,0.0,0.0,0.0,0.0,0.0,1.0
1779285800.4204686,2.461633506382259,-543421624098723.5,-1.5707933669811711,9162192015415898.0,-6.944131862089356e-05,0.0,0.0,0.0,0.0,0.0,0.0,1.0
1779285800.4307625,2.461697134297258,-545568616638182.6,-1.5707933699296615,9196978643582642.0,6.944131862089344e-05,0.0,0.0,0.0,0.0,0.0,0.0,1.0
1779285800.4412982,2.461649258419831,-547570777235408.9,-1.5707933728206676,9232328863957158.0,-6.944131862089375e-05,0.0,0.0,0.0,0.0,0.0,0.0,1.0
1779285800.451783,2.4612776611597655,-548974874999881.2,-1.5707933753033598,9266172579599444.0,6.944131862089329e-05,0.0,0.0,0.0,0.0,0.0,0.0,1.0
1779285800.46204,2.4609786865906513,-550459956414322.9,-1.5707933778181506,9299541724813986.0,-6.944131862089386e-05,0.0,0.0,0.0,0.0,0.0,0.0,1.0
1779285800.4725187,2.461242249461088,-553031736663095.5,-1.5707933811169155,9336447656606748.0,6.944131862089326e-05,0.0,0.0,0.0,0.0,0.0,0.0,1.0
1779285800.4825845,2.462117226795727,-556688201920509.25,-1.5707933850628941,9374709219384888.0,-6.944131862089383e-05,0.0,0.0,0.0,0.0,0.0,0.0,1.0
1779285800.4930706,2.4620246999704523,-558666962846665.44,-1.5707933879335827,9410404042923178.0,6.944131862089327e-05,0.0,0.0,0.0,0.0,0.0,0.0,1.0
1779285800.5036242,2.461830605747812,-560470426248233.4,-1.5707933907060156,9446013347557808.0,-6.944131862089383e-05,0.0,0.0,0.0,0.0,0.0,0.0,1.0
1779285800.5139077,2.461445043630503,-561855578945993.5,-1.5707933931657738,9479788717552574.0,6.944131862089327e-05,0.0,0.0,0.0,0.0,0.0,0.0,1.0
1779285800.5240326,2.4622583589953044,-565470753479573.0,-1.5707933970800634,9518599264718550.0,-6.944131862089383e-05,0.0,0.0,0.0,0.0,0.0,0.0,1.0
1779285800.5342965,2.4620731779636924,-567262256894175.5,-1.5707933997991,9553537214731702.0,6.944131862089327e-05,0.0,0.0,0.0,0.0,0.0,0.0,1.0
1779285800.5448453,2.4618421728381263,-569021642817387.5,-1.570793402557054,9589507037994800.0,-6.944131862089383e-05,0.0,0.0,0.0,0.0,0.0,0.0,1.0
1779285800.554873,2.4622721437779713,-571936697889549.1,-1.570793405981842,9626592959679912.0,6.944131862089327e-05,0.0,0.0,0.0,0.0,0.0,0.0,1.0
1779285800.5651877,2.462197574219905,-573968493461419.0,-1.5707934088754172,9662640464410680.0,-6.944131862089383e-05,0.0,0.0,0.0,0.0,0.0,0.0,1.0
1779285800.5758286,2.461530894717561,-574927853290769.9,-1.570793411145471,9697349221761930.0,6.944131862089332e-05,0.0,0.0,0.0,0.0,0.0,0.0,1.0
1779285800.5859327,2.4622206238941247,-578380756148288.2,-1.5707934149387257,9736381659747558.0,-6.944131862089361e-05,0.0,0.0,0.0,0.0,0.0,0.0,1.0
1779285800.5964603,2.4614013838774107,-579028046593454.4,-1.5707934170016997,9770162417655874.0,6.944131862089361e-05,0.0,0.0,0.0,0.0,0.0,0.0,1.0
1779285800.606908,2.461852631239714,-582107181568842.8,-1.5707934206225382,9809733063198708.0,-6.94413186208934e-05,0.0,0.0,0.0,0.0,0.0,0.0,1.0
1779285800.617113,2.4615898040517097,-583767517297641.6,-1.570793423289042,9845060540742792.0,6.944131862089378e-05,0.0,0.0,0.0,0.0,0.0,0.0,1.0
1779285800.627841,2.460839622187748,-584574821873702.9,-1.5707934255307179,9880331009213630.0,-6.944131862089327e-05,0.0,0.0,0.0,0.0,0.0,0.0,1.0
1779285800.6381211,2.4620360336371765,-589107595206336.0,-1.570793430045503,9923231325802162.0,6.944131862089387e-05,0.0,0.0,0.0,0.0,0.0,0.0,1.0
1779285800.6490817,2.4610069471682015,-589442400255369.0,-1.5707934320339125,9958388194469784.0,-6.944131862089325e-05,0.0,0.0,0.0,0.0,0.0,0.0,1.0
1779285800.6593502,2.461906355030492,-593434091930345.8,-1.5707934362006064,1.000023912903568e+16,6.944131862089384e-05,0.0,0.0,0.0,0.0,0.0,0.0,1.0
1779285800.669576,2.461999212023488,-595841199686846.4,-1.5707934393347915,1.0037829817212124e+16,-6.944131862089326e-05,0.0,0.0,0.0,0.0,0.0,0.0,1.0
1779285800.6800818,2.461650052446638,-597448936821853.6,-1.5707934420450547,1.0074882144877686e+16,6.944131862089383e-05,0.0,0.0,0.0,0.0,0.0,0.0,1.0
1779285800.6901076,2.4621786498565355,-600709655251991.9,-1.5707934456857184,1.0114335971557324e+16,-6.944131862089327e-05,0.0,0.0,0.0,0.0,0.0,0.0,1.0
1779285800.7005842,2.4620748972435407,-602824417176906.2,-1.5707934486997628,1.0152759765176808e+16,6.944131862089383e-05,0.0,0.0,0.0,0.0,0.0,0.0,1.0
1779285800.710705,2.4621871235441657,-605300158661310.8,-1.5707934518687567,1.0190867039186666e+16,-6.944131862089327e-05,0.0,0.0,0.0,0.0,0.0,0.0,1.0
1779285800.720932,2.461987202278729,-607174732246861.5,-1.5707934546944355,1.0228014387873632e+16,6.944131862089383e-05,0.0,0.0,0.0,0.0,0.0,0.0,1.0
1779285800.731166,2.4625495752056663,-610606126523338.0,-1.5707934584620036,1.026912379197641e+16,-6.944131862089327e-05,0.0,0.0,0.0,0.0,0.0,0.0,1.0
1779285800.7417195,2.4622465595325598,-612370008504353.6,-1.5707934612808894,1.0307482262202112e+16,6.944131862089383e-05,0.0,0.0,0.0,0.0,0.0,0.0,1.0
1779285800.752454,2.4616037133738087,-613464705311067.4,-1.5707934637522585,1.034502978566496e+16,-6.944131862089337e-05,0.0,0.0,0.0,0.0,0.0,0.0,1.0
1779285800.7630017,2.461712092807056,-616046222488011.1,-1.5707934670891415,1.0385638787450342e+16,6.944131862089359e-05,0.0,0.0,0.0,0.0,0.0,0.0,1.0
1779285800.7734823,2.461673441807508,-618323551877879.0,-1.5707934702303035,1.0425350904929162e+16,-6.944131862089364e-05,0.0,0.0,0.0,0.0,0.0,0.0,1.0
1779285800.783982,2.461751365002897,-620859878211310.2,-1.5707934735326998,1.046595713036905e+16,6.944131862089337e-05,0.0,0.0,0.0,0.0,0.0,0.0,1.0
1779285800.7940743,2.4618892893195077,-623442882019266.2,-1.5707934767775253,1.0505219478994068e+16,-6.94413186208938e-05,0.0,0.0,0.0,0.0,0.0,0.0,1.0
1779285800.804364,2.4618438080582568,-625700206972202.8,-1.5707934798696714,1.0544558995812424e+16,6.944131862089326e-05,0.0,0.0,0.0,0.0,0.0,0.0,1.0
1779285800.8149557,2.4612447785897107,-626865150784022.5,-1.5707934823966618,1.0582525215455696e+16,-6.944131862089383e-05,0.0,0.0,0.0,0.0,0.0,0.0,1.0
1779285800.8255584,2.4607908118366386,-628300692540913.6,-1.5707934850892236,1.062105689349301e+16,6.944131862089327e-05,0.0,0.0,0.0,0.0,0.0,0.0,1.0
1779285800.8359108,2.4618860638562357,-632975778403103.5,-1.5707934896143207,1.0666982323630484e+16,-6.944131862089383e-05,0.0,0.0,0.0,0.0,0.0,0.0,1.0
1779285800.8464797,2.4618517514286236,-635365429423106.5,-1.5707934928451504,1.0708256974031926e+16,6.944131862089327e-05,0.0,0.0,0.0,0.0,0.0,0.0,1.0
1779285800.8570065,2.461679284695285,-637457107402557.2,-1.5707934959017489,1.0748782654669584e+16,-6.944131862089383e-05,0.0,0.0,0.0,0.0,0.0,0.0,1.0
1779285800.8674653,2.4616565694731634,-639854590649025.4,-1.5707934991239272,1.0789932585456852e+16,6.944131862089327e-05,0.0,0.0,0.0,0.0,0.0,0.0,1.0
1779285800.8775916,2.4619622002250563,-642889874917408.4,-1.5707935026346564,1.0831443531856498e+16,-6.944131862089383e-05,0.0,0.0,0.0,0.0,0.0,0.0,1.0
1779285800.8878691,2.4616822774367213,-644716934454166.2,-1.5707935054937625,1.087072326033442e+16,6.944131862089327e-05,0.0,0.0,0.0,0.0,0.0,0.0,1.0
1779285800.8985422,2.4610465384721905,-645854484529766.4,-1.5707935080635538,1.091001799977111e+16,-6.944131862089383e-05,0.0,0.0,0.0,0.0,0.0,0.0,1.0
1779285800.9086833,2.461987450858995,-650283843623967.2,-1.5707935123629708,1.0955401922774242e+16,6.944131862089327e-05,0.0,0.0,0.0,0.0,0.0,0.0,1.0
1779285800.9191728,2.4617419439737676,-652261523541258.5,-1.5707935153567167,1.0996311933256182e+16,-6.944131862089379e-05,0.0,0.0,0.0,0.0,0.0,0.0,1.0
1779285800.9293964,2.4615420775709183,-654269932779586.0,-1.5707935183199269,1.103636043787886e+16,6.944131862089344e-05,0.0,0.0,0.0,0.0,0.0,0.0,1.0
1779285800.939711,2.462033745677615,-657823457277254.1,-1.5707935221513947,1.1080696069210194e+16,-6.944131862089353e-05,0.0,0.0,0.0,0.0,0.0,0.0,1.0
1779285800.9503148,2.4615912437623946,-659415266598464.9,-1.5707935249660032,1.1121545475712758e+16,6.944131862089367e-05,0.0,0.0,0.0,0.0,0.0,0.0,1.0
1779285800.9603677,2.462272354632997,-663355312475575.6,-1.5707935289427715,1.1166013808588686e+16,-6.944131862089336e-05,0.0,0.0,0.0,0.0,0.0,0.0,1.0
1779285800.9709895,2.4616741789539467,-664624902059127.6,-1.570793531586833,1.1206408373350462e+16,6.94413186208938e-05,0.0,0.0,0.0,0.0,0.0,0.0,1.0
1779285800.981504,2.4617542674479296,-667361656219681.5,-1.5707935350127624,1.125010151368419e+16,-6.944131862089326e-05,0.0,0.0,0.0,0.0,0.0,0.0,1.0
1779285800.9920354,2.4616623196840632,-669732568803002.2,-1.5707935382469453,1.1293132824868922e+16,6.944131862089383e-05,0.0,0.0,0.0,0.0,0.0,0.0,1.0
1779285801.002406,2.4614349717797523,-671762377265631.4,-1.570793541268224,1.1334785661117994e+16,-6.944131862089327e-05,0.0,0.0,0.0,0.0,0.0,0.0,1.0
1779285801.0130348,2.4610858853216455,-673576359661411.1,-1.5707935442414653,1.1377136592326074e+16,6.944131862089383e-05,0.0,0.0,0.0,0.0,0.0,0.0,1.0
1779285801.0234966,2.4613797322701676,-676803690821322.2,-1.5707935479300401,1.1422381790609898e+16,-6.944131862089327e-05,0.0,0.0,0.0,0.0,0.0,0.0,1.0
1779285801.033557,2.4616931665595594,-680008511444175.2,-1.5707935515086322,1.1466046394163374e+16,6.944131862089383e-05,0.0,0.0,0.0,0.0,0.0,0.0,1.0
1779285801.0438948,2.46192469735126,-683121004923185.6,-1.5707935550895937,1.1510771110610928e+16,-6.944131862089327e-05,0.0,0.0,0.0,0.0,0.0,0.0,1.0
1779285801.0545847,2.461069986283765,-683844423958059.4,-1.5707935575084881,1.155129210976962e+16,6.944131862089383e-05,0.0,0.0,0.0,0.0,0.0,0.0,1.0
1779285801.0647829,2.461337738735638,-686994763761035.0,-1.5707935610916053,1.1595777857284146e+16,-6.944131862089327e-05,0.0,0.0,0.0,0.0,0.0,0.0,1.0
1779285801.0748937,2.4618611703611246,-690744172069391.6,-1.5707935649529576,1.1641507054292524e+16,6.944131862089383e-05,0.0,0.0,0.0,0.0,0.0,0.0,1.0
1779285801.0853453,2.4611188162003006,-691672489571430.0,-1.5707935674364113,1.1681901918926914e+16,-6.944131862089327e-05,0.0,0.0,0.0,0.0,0.0,0.0,1.0
1779285801.0955327,2.4612209946818226,-694472106831275.1,-1.5707935708336336,1.1725904017880678e+16,6.944131862089374e-05,0.0,0.0,0.0,0.0,0.0,0.0,1.0
1779285801.1058712,2.462231341608271,-699459469247161.5,-1.5707935753665718,1.1776092115396458e+16,-6.944131862089352e-05,0.0,0.0,0.0,0.0,0.0,0.0,1.0
1779285801.1159096,2.4624965984859104,-702687425270999.0,-1.5707935789136296,1.1820793122474348e+16,6.944131862089346e-05,0.0,0.0,0.0,0.0,0.0,0.0,1.0
1779285801.126168,2.4624532168298767,-705262460080660.9,-1.5707935821749133,1.1864970901690358e+16,-6.944131862089372e-05,0.0,0.0,0.0,0.0,0.0,0.0,1.0
1779285801.1365912,2.4623809128411724,-707812999715190.1,-1.570793585461931,1.1909934211581544e+16,6.944131862089332e-05,0.0,0.0,0.0,0.0,0.0,0.0,1.0
1779285801.1467385,2.4623171707323728,-710306539197963.6,-1.5707935886544444,1.1953579336713444e+16,-6.944131862089383e-05,0.0,0.0,0.0,0.0,0.0,0.0,1.0
1779285801.1570287,2.462028135447409,-712309025701524.1,-1.5707935916473101,1.1996929536999468e+16,6.944131862089323e-05,0.0,0.0,0.0,0.0,0.0,0.0,1.0
1779285801.1674223,2.462220027754409,-715483080372285.1,-1.570793595247703,1.2043764491679142e+16,-6.944131862089386e-05,0.0,0.0,0.0,0.0,0.0,0.0,1.0
1779285801.1779933,2.46159640352668,-716750993452971.2,-1.5707935979444825,1.2086685724252348e+16,6.944131862089326e-05,0.0,0.0,0.0,0.0,0.0,0.0,1.0
1779285801.1881237,2.462246848598281,-720974091441564.9,-1.5707936020101028,1.2135368799210712e+16,-6.944131862089383e-05,0.0,0.0,0.0,0.0,0.0,0.0,1.0
1779285801.1981308,2.4627548076280976,-724860928660724.2,-1.570793605854804,1.2182660805779832e+16,6.944131862089327e-05,0.0,0.0,0.0,0.0,0.0,0.0,1.0
1779285801.208422,2.462310523832666,-726542327915714.6,-1.570793608690243,1.222596949008391e+16,-6.944131862089383e-05,0.0,0.0,0.0,0.0,0.0,0.0,1.0
1779285801.2189527,2.461970438553422,-728520956350472.8,-1.5707936117381356,1.2271241041522694e+16,6.944131862089327e-05,0.0,0.0,0.0,0.0,0.0,0.0,1.0
1779285801.2294943,2.4618319588890576,-730986003411064.4,-1.5707936150310697,1.2317907999985536e+16,-6.944131862089383e-05,0.0,0.0,0.0,0.0,0.0,0.0,1.0
1779285801.239648,2.461752054707072,-733489757966131.4,-1.5707936182501616,1.2362966940129152e+16,6.944131862089327e-05,0.0,0.0,0.0,0.0,0.0,0.0,1.0
1779285801.2501402,2.4621406847126868,-737255223925581.5,-1.5707936221520336,1.241292288010563e+16,-6.944131862089383e-05,0.0,0.0,0.0,0.0,0.0,0.0,1.0
1779285801.2604282,2.462498849518886,-740927264151012.1,-1.5707936259466047,1.2461837208299032e+16,6.944131862089327e-05,0.0,0.0,0.0,0.0,0.0,0.0,1.0
1779285801.270624,2.461978828996763,-742419000333181.0,-1.5707936286919046,1.2505161880514262e+16,-6.94413186208937e-05,0.0,0.0,0.0,0.0,0.0,0.0,1.0
1779285801.2811482,2.4617995048118093,-744825449986469.6,-1.5707936319553724,1.2552377949290652e+16,6.944131862089356e-05,0.0,0.0,0.0,0.0,0.0,0.0,1.0
1779285801.2913022,2.462326610143967,-748906827573350.6,-1.5707936359103836,1.2602159987733058e+16,-6.944131862089344e-05,0.0,0.0,0.0,0.0,0.0,0.0,1.0
1779285801.3020082,2.4613938315152866,-749505796646442.6,-1.5707936383788164,1.2646126181261518e+16,6.944131862089375e-05,0.0,0.0,0.0,0.0,0.0,0.0,1.0
1779285801.3121088,2.4616525161304237,-752902508911271.8,-1.5707936420108386,1.2694276373219418e+16,-6.944131862089329e-05,0.0,0.0,0.0,0.0,0.0,0.0,1.0
1779285801.3227234,2.461211162306738,-754684999124146.1,-1.5707936450160873,1.2740897813045822e+16,6.944131862089386e-05,0.0,0.0,0.0,0.0,0.0,0.0,1.0
1779285801.3325477,2.4625298366476476,-760737638083100.8,-1.5707936497928652,1.279471450081794e+16,-6.944131862089326e-05,0.0,0.0,0.0,0.0,0.0,0.0,1.0
1779285801.3427212,2.462366547880988,-763182910285747.5,-1.57079365297568,1.2841300481191554e+16,6.944131862089383e-05,0.0,0.0,0.0,0.0,0.0,0.0,1.0
1779285801.3530514,2.4626695146667488,-766866074936682.6,-1.5707936567562706,1.289182386165602e+16,-6.944131862089327e-05,0.0,0.0,0.0,0.0,0.0,0.0,1.0
1779285801.3632054,2.4623993530942014,-769050324945508.8,-1.5707936598152314,1.2937999776375778e+16,6.944131862089383e-05,0.0,0.0,0.0,0.0,0.0,0.0,1.0
1779285801.3735857,2.461672149432141,-770104136604182.1,-1.5707936624343024,1.2982636607421202e+16,-6.944131862089327e-05,0.0,0.0,0.0,0.0,0.0,0.0,1.0
1779285801.3835082,2.4627897472340345,-775782101993304.2,-1.5707936670093638,1.3036592194210612e+16,6.944131862089383e-05,0.0,0.0,0.0,0.0,0.0,0.0,1.0
1779285801.3940067,2.4626749898468967,-778497551679670.2,-1.5707936703847973,1.3086196903156152e+16,-6.944131862089327e-05,0.0,0.0,0.0,0.0,0.0,0.0,1.0
1779285801.404252,2.4621704005379357,-780119658246618.5,-1.5707936732225476,1.3132059067574742e+16,6.944131862089383e-05,0.0,0.0,0.0,0.0,0.0,0.0,1.0
1779285801.414716,2.462395971898154,-783695367945499.5,-1.5707936769792614,1.3183912118125602e+16,-6.944131862089327e-05,0.0,0.0,0.0,0.0,0.0,0.0,1.0
1779285801.4250815,2.4618549782810044,-785251566522575.1,-1.570793679829556,1.323053144659148e+16,6.944131862089383e-05,0.0,0.0,0.0,0.0,0.0,0.0,1.0
1779285801.4356897,2.4614872909283996,-787309816970642.0,-1.5707936829729794,1.3279737389695688e+16,-6.944131862089332e-05,0.0,0.0,0.0,0.0,0.0,0.0,1.0
1779285801.4460773,2.461007949138979,-788976332884581.4,-1.5707936858835396,1.332667998415656e+16,6.944131862089361e-05,0.0,0.0,0.0,0.0,0.0,0.0,1.0
1779285801.4561846,2.4628389726262445,-796726380550256.6,-1.5707936913576912,1.338769734541492e+16,-6.944131862089361e-05,0.0,0.0,0.0,0.0,0.0,0.0,1.0
1779285801.4664152,2.4627476545179148,-799510091059873.9,-1.57079369469138,1.3437299117379064e+16,6.94413186208934e-05,0.0,0.0,0.0,0.0,0.0,0.0,1.0
1779285801.4767327,2.462662456593552,-802334310897560.8,-1.5707936980645967,1.3487578381291344e+16,-6.944131862089378e-05,0.0,0.0,0.0,0.0,0.0,0.0,1.0
1779285801.4873111,2.462324245375855,-804555310377685.0,-1.5707937012509567,1.353785508503711e+16,6.944131862089327e-05,0.0,0.0,0.0,0.0,0.0,0.0,1.0
1779285801.4979792,2.461114236412901,-804429506961191.5,-1.5707937034872366,1.3583025640747234e+16,-6.944131862089387e-05,0.0,0.0,0.0,0.0,0.0,0.0,1.0
1779285801.5086992,2.461886581272827,-809631962414291.2,-1.570793707996102,1.3641703505141534e+16,6.944131862089325e-05,0.0,0.0,0.0,0.0,0.0,0.0,1.0
1779285801.5188203,2.462116557237164,-813256986542301.5,-1.5707937116720232,1.3693668674030114e+16,-6.944131862089384e-05,0.0,0.0,0.0,0.0,0.0,0.0,1.0
1779285801.5289876,2.4620203040522703,-816027491266981.5,-1.570793714997091,1.3743908805797088e+16,6.944131862089326e-05,0.0,0.0,0.0,0.0,0.0,0.0,1.0
1779285801.5395725,2.4616728928510376,-818236588403118.8,-1.570793718199492,1.3795071706303142e+16,-6.944131862089383e-05,0.0,0.0,0.0,0.0,0.0,0.0,1.0
1779285801.549714,2.462268362526812,-822903426625632.4,-1.5707937223024038,1.3850174122180926e+16,6.944131862089327e-05,0.0,0.0,0.0,0.0,0.0,0.0,1.0
1779285801.5597768,2.462359043412218,-826203099009623.5,-1.5707937258100315,1.3901696637234078e+16,-6.944131862089383e-05,0.0,0.0,0.0,0.0,0.0,0.0,1.0
1779285801.5701766,2.4623895680305052,-829452058376886.2,-1.5707937293773435,1.3954968295152342e+16,6.944131862089327e-05,0.0,0.0,0.0,0.0,0.0,0.0,1.0
1779285801.5805652,2.462058078918339,-831699769520262.6,-1.5707937325362988,1.4005902394689084e+16,-6.944131862089383e-05,0.0,0.0,0.0,0.0,0.0,0.0,1.0
1779285801.590909,2.462282675193776,-835478133950915.2,-1.5707937363053424,1.4060532305160736e+16,6.944131862089327e-05,0.0,0.0,0.0,0.0,0.0,0.0,1.0
1779285801.601172,2.4617033768522365,-836999324514194.8,-1.5707937391454316,1.4109381546812978e+16,-6.944131862089383e-05,0.0,0.0,0.0,0.0,0.0,0.0,1.0
1779285801.6115384,2.4620438605376616,-841117884283749.6,-1.5707937430591443,1.4165327778438636e+16,6.944131862089337e-05,0.0,0.0,0.0,0.0,0.0,0.0,1.0
1779285801.6217098,2.462087929997323,-844376037882378.1,-1.57079374657007,1.4218307274293634e+16,-6.944131862089359e-05,0.0,0.0,0.0,0.0,0.0,0.0,1.0
1779285801.6321177,2.46212156683885,-847690463600713.5,-1.570793750159228,1.4272804655716772e+16,6.944131862089364e-05,0.0,0.0,0.0,0.0,0.0,0.0,1.0
1779285801.6425838,2.4619043116389823,-850322390362413.5,-1.5707937534940488,1.4326119220558072e+16,-6.944131862089337e-05,0.0,0.0,0.0,0.0,0.0,0.0,1.0
1779285801.6527529,2.461986532782933,-853718711744015.2,-1.5707937570543469,1.4379928471171138e+16,6.94413186208938e-05,0.0,0.0,0.0,0.0,0.0,0.0,1.0
1779285801.663227,2.462237875804854,-857715867725801.0,-1.5707937609221876,1.4437014467964416e+16,-6.944131862089326e-05,0.0,0.0,0.0,0.0,0.0,0.0,1.0
1779285801.6736846,2.4619145554745874,-860081335676801.1,-1.5707937641477812,1.4490190237416576e+16,6.944131862089383e-05,0.0,0.0,0.0,0.0,0.0,0.0,1.0
1779285801.6838083,2.4621279651287744,-863885034374176.1,-1.5707937678454142,1.4545298081694534e+16,-6.944131862089327e-05,0.0,0.0,0.0,0.0,0.0,0.0,1.0
1779285801.6944659,2.461286718244823,-864815235648760.2,-1.5707937705768886,1.4596368245637534e+16,6.944131862089383e-05,0.0,0.0,0.0,0.0,0.0,0.0,1.0
1779285801.7051444,2.460456713993625,-865736243223806.5,-1.5707937733346289,1.4647745711646472e+16,-6.944131862089327e-05,0.0,0.0,0.0,0.0,0.0,0.0,1.0
1779285801.715214,2.4618509868053526,-872941425047668.4,-1.570793778327061,1.4711420639954608e+16,6.944131862089383e-05,0.0,0.0,0.0,0.0,0.0,0.0,1.0
1779285801.7252002,2.4624385497616483,-877870743115946.6,-1.5707937823971487,1.4769215225478412e+16,-6.944131862089327e-05,0.0,0.0,0.0,0.0,0.0,0.0,1.0
1779285801.7358341,2.462360839443337,-881100167617991.4,-1.570793785982925,1.4826561572351054e+16,6.944131862089383e-05,0.0,0.0,0.0,0.0,0.0,0.0,1.0
1779285801.7460105,2.462033841331309,-883442811279857.2,-1.5707937891173662,1.4879378936656844e+16,-6.944131862089327e-05,0.0,0.0,0.0,0.0,0.0,0.0,1.0
1779285801.7565174,2.462075189893393,-886971158467624.8,-1.5707937927831468,1.4937073803012228e+16,6.944131862089383e-05,0.0,0.0,0.0,0.0,0.0,0.0,1.0
1779285801.766749,2.4619743874706854,-890006183445237.0,-1.5707937961949954,1.4992309554297362e+16,-6.944131862089327e-05,0.0,0.0,0.0,0.0,0.0,0.0,1.0
1779285801.7770004,2.4620597730143348,-893605588630802.5,-1.5707937998162655,1.5049159509133972e+16,6.944131862089379e-05,0.0,0.0,0.0,0.0,0.0,0.0,1.0
1779285801.7873435,2.4613838964077552,-894956111096365.8,-1.5707938026329922,1.5101090299512404e+16,-6.944131862089344e-05,0.0,0.0,0.0,0.0,0.0,0.0,1.0
1779285801.7976842,2.462392009625156,-901360272129020.6,-1.5707938073044971,1.5165714901775186e+16,6.944131862089353e-05,0.0,0.0,0.0,0.0,0.0,0.0,1.0
1779285801.8081248,2.4619930245612114,-903626432380093.2,-1.5707938104769321,1.5220920603872188e+16,-6.944131862089367e-05,0.0,0.0,0.0,0.0,0.0,0.0,1.0
1779285801.8187969,2.4614360371503397,-905467682497147.1,-1.5707938135682964,1.5276592564495476e+16,6.944131862089336e-05,0.0,0.0,0.0,0.0,0.0,0.0,1.0
1779285801.8292048,2.4619425819879726,-910441996301475.0,-1.5707938177208627,1.5338643797151262e+16,-6.94413186208938e-05,0.0,0.0,0.0,0.0,0.0,0.0,1.0
1779285801.839767,2.461637221046797,-913036001879259.4,-1.5707938210521435,1.5395938885893904e+16,6.944131862089326e-05,0.0,0.0,0.0,0.0,0.0,0.0,1.0
1779285801.850091,2.461478094280917,-915990090156747.4,-1.570793824453101,1.5452960942986846e+16,-6.944131862089383e-05,0.0,0.0,0.0,0.0,0.0,0.0,1.0
1779285801.8601956,2.461817678282957,-920412642245100.6,-1.570793828312349,1.5512502349507486e+16,6.944131862089327e-05,0.0,0.0,0.0,0.0,0.0,0.0,1.0
1779285801.870754,2.4616379285816086,-923417660619224.6,-1.5707938317847416,1.5571348825820932e+16,-6.944131862089383e-05,0.0,0.0,0.0,0.0,0.0,0.0,1.0
1779285801.8808339,2.461953532219181,-927804108976183.5,-1.5707938356117808,1.5631035471181334e+16,6.944131862089327e-05,0.0,0.0,0.0,0.0,0.0,0.0,1.0
1779285801.8911707,2.461922344215298,-931231355367991.6,-1.5707938391636578,1.5690032952186264e+16,-6.944131862089383e-05,0.0,0.0,0.0,0.0,0.0,0.0,1.0
1779285801.9012492,2.462288048220912,-935822888989276.6,-1.5707938430433432,1.5750545958154762e+16,6.944131862089327e-05,0.0,0.0,0.0,0.0,0.0,0.0,1.0
1779285801.91152,2.4616353725713713,-937314147604252.5,-1.5707938459006354,1.5804793191806546e+16,-6.944131862089383e-05,0.0,0.0,0.0,0.0,0.0,0.0,1.0
1779285801.9216697,2.462420490239349,-943265740262113.2,-1.5707938502611611,1.5869445733126868e+16,6.944131862089327e-05,0.0,0.0,0.0,0.0,0.0,0.0,1.0
1779285801.9320114,2.46233893685453,-946611233998803.6,-1.5707938537633672,1.5929011583309492e+16,-6.944131862089383e-05,0.0,0.0,0.0,0.0,0.0,0.0,1.0
1779285801.9421308,2.4621936962613633,-949679490211504.2,-1.5707938571123146,1.598680205013259e+16,6.944131862089327e-05,0.0,0.0,0.0,0.0,0.0,0.0,1.0
1779285801.9524164,2.461970729357604,-952545259202856.4,-1.57079386043203,1.604510575370898e+16,-6.944131862089374e-05,0.0,0.0,0.0,0.0,0.0,0.0,1.0
1779285801.9628618,2.4623113501385547,-957277388525653.8,-1.5707938644282444,1.6109263913177088e+16,6.944131862089352e-05,0.0,0.0,0.0,0.0,0.0,0.0,1.0
1779285801.9734674,2.461687946779165,-959004624733431.4,-1.5707938674565611,1.6167218987106146e+16,-6.944131862089346e-05,0.0,0.0,0.0,0.0,0.0,0.0,1.0
1779285801.983948,2.461996155708356,-963662694084291.8,-1.5707938714355882,1.6231831582230884e+16,6.944131862089372e-05,0.0,0.0,0.0,0.0,0.0,0.0,1.0
1779285801.9946249,2.4613771001545017,-965423055347404.8,-1.5707938745017362,1.6290706803837108e+16,-6.944131862089332e-05,0.0,0.0,0.0,0.0,0.0,0.0,1.0
1779285802.004897,2.461784160731794,-970349828438841.6,-1.5707938785093492,1.6355139157198324e+16,6.944131862089383e-05,0.0,0.0,0.0,0.0,0.0,0.0,1.0
1779285802.0152054,2.461982532370505,-974658026981341.6,-1.570793882309641,1.6418454888013898e+16,-6.944131862089323e-05,0.0,0.0,0.0,0.0,0.0,0.0,1.0
1779285802.02589,2.461265143389028,-976123533831406.4,-1.5707938852818215,1.6477264278855192e+16,6.944131862089386e-05,0.0,0.0,0.0,0.0,0.0,0.0,1.0
1779285802.0359693,2.4617783442199555,-981387194952755.6,-1.5707938893321611,1.6541974303573838e+16,-6.944131862089326e-05,0.0,0.0,0.0,0.0,0.0,0.0,1.0
1779285802.0461655,2.462258489697022,-986640443619247.0,-1.570793893391164,1.660751786839776e+16,6.944131862089383e-05,0.0,0.0,0.0,0.0,0.0,0.0,1.0
1779285802.056563,2.4621832310550644,-990174127488411.0,-1.5707938969380495,1.667023882935292e+16,-6.944131862089327e-05,0.0,0.0,0.0,0.0,0.0,0.0,1.0
1779285802.0672631,2.461338501030769,-991260534502175.8,-1.5707938997925677,1.6729091786147238e+16,6.944131862089383e-05,0.0,0.0,0.0,0.0,0.0,0.0,1.0
1779285802.0776968,2.4618068192247193,-996585099314163.9,-1.5707939039325236,1.6796903260006832e+16,-6.944131862089327e-05,0.0,0.0,0.0,0.0,0.0,0.0,1.0
1779285802.0882392,2.461639921931961,-999876131445458.1,-1.5707939074463824,1.6860609677080138e+16,6.944131862089383e-05,0.0,0.0,0.0,0.0,0.0,0.0,1.0
1779285802.0985572,2.4611815563064536,-1002101892477501.1,-1.570793910565393,1.6920499275271396e+16,-6.944131862089327e-05,0.0,0.0,0.0,0.0,0.0,0.0,1.0
1779285802.1089768,2.46177683678533,-1007905986397178.1,-1.570793914834515,1.6990001098961894e+16,6.944131862089383e-05,0.0,0.0,0.0,0.0,0.0,0.0,1.0
1779285802.1195157,2.4617462767166542,-1011690421307755.1,-1.57079391848332,1.7055334161574006e+16,-6.944131862089327e-05,0.0,0.0,0.0,0.0,0.0,0.0,1.0
1779285802.1299896,2.4619765160781335,-1016365128804779.4,-1.5707939223939784,1.712285977337376e+16,6.94413186208937e-05,0.0,0.0,0.0,0.0,0.0,0.0,1.0
1779285802.1402438,2.4615841964477108,-1018860459466532.1,-1.5707939255663133,1.7183858716921018e+16,-6.944131862089356e-05,0.0,0.0,0.0,0.0,0.0,0.0,1.0
1779285802.1503603,2.4617723468969053,-1023277029429956.0,-1.5707939292933515,1.7248918172695936e+16,6.944131862089344e-05,0.0,0.0,0.0,0.0,0.0,0.0,1.0
1779285802.1612198,2.4586404562569704,-1016537227184330.0,-1.5707939298254714,1.729137655427888e+16,-6.944131862089375e-05,0.0,0.0,0.0,0.0,0.0,0.0,1.0
1779285802.1709232,2.462348718395349,-1032797470362923.8,-1.5707939370691377,1.738327544945594e+16,6.944131862089329e-05,0.0,0.0,0.0,0.0,0.0,0.0,1.0
1779285802.1813128,2.462672135413644,-1037918117928347.8,-1.5707939410489626,1.7452378870364822e+16,-6.944131862089386e-05,0.0,0.0,0.0,0.0,0.0,0.0,1.0
1779285802.1918528,2.462378662756524,-1040980520734129.8,-1.57079394444395,1.7517621629473658e+16,6.944131862089326e-05,0.0,0.0,0.0,0.0,0.0,0.0,1.0
1779285802.202237,2.461671180211115,-1042510775508951.9,-1.5707939473450976,1.7578312221696162e+16,-6.944131862089383e-05,0.0,0.0,0.0,0.0,0.0,0.0,1.0
1779285802.2124038,2.462245848493777,-1048411817146347.6,-1.5707939514918978,1.7648539108614864e+16,6.944131862089327e-05,0.0,0.0,0.0,0.0,0.0,0.0,1.0
1779285802.2227404,2.4621242728196187,-1051982101102136.9,-1.5707939549786318,1.7714286993734158e+16,-6.944131862089383e-05,0.0,0.0,0.0,0.0,0.0,0.0,1.0
1779285802.2332997,2.461387055916574,-1053462469059596.0,-1.5707939579203782,1.7776683079599722e+16,6.944131862089327e-05,0.0,0.0,0.0,0.0,0.0,0.0,1.0
1779285802.243244,2.4625803828539152,-1061516563076432.6,-1.5707939626171723,1.7851382483269354e+16,-6.944131862089383e-05,0.0,0.0,0.0,0.0,0.0,0.0,1.0
1779285802.253838,2.4621409485540107,-1064118772174507.5,-1.5707939658813366,1.7917167596086714e+16,6.944131862089327e-05,0.0,0.0,0.0,0.0,0.0,0.0,1.0
1779285802.2639143,2.46250906145457,-1069383330421116.2,-1.570793969776328,1.7986319459920026e+16,-6.944131862089383e-05,0.0,0.0,0.0,0.0,0.0,0.0,1.0
1779285802.274416,2.461044963536231,-1068257556891179.5,-1.5707939719398576,1.8042650761030264e+16,6.944131862089327e-05,0.0,0.0,0.0,0.0,0.0,0.0,1.0
1779285802.2842114,2.4627263704435234,-1078098670422605.4,-1.5707939770721746,1.8121591076729896e+16,-6.944131862089383e-05,0.0,0.0,0.0,0.0,0.0,0.0,1.0
1779285802.2945087,2.4625725298202044,-1081658392803831.8,-1.5707939805145956,1.818862836333486e+16,6.944131862089332e-05,0.0,0.0,0.0,0.0,0.0,0.0,1.0
1779285802.3045504,2.462945895779393,-1087029759181875.5,-1.570793984397937,1.8258652604289656e+16,-6.944131862089361e-05,0.0,0.0,0.0,0.0,0.0,0.0,1.0
1779285802.3152106,2.462047767345904,-1088051112413922.0,-1.5707939872217165,1.832240521429519e+16,6.944131862089361e-05,0.0,0.0,0.0,0.0,0.0,0.0,1.0
1779285802.3257353,2.461365878211108,-1089736022723017.4,-1.5707939902125494,1.8387104007918812e+16,-6.94413186208934e-05,0.0,0.0,0.0,0.0,0.0,0.0,1.0
1779285802.3360631,2.462596233313832,-1098329901668105.9,-1.5707939950792467,1.8467632561512724e+16,6.944131862089378e-05,0.0,0.0,0.0,0.0,0.0,0.0,1.0
1779285802.3465626,2.4621100742653823,-1100796035127726.4,-1.570793998265782,1.8534532099144316e+16,-6.944131862089327e-05,0.0,0.0,0.0,0.0,0.0,0.0,1.0
1779285802.3568485,2.4617131119821964,-1103472683983818.5,-1.5707940014595043,1.8600732873896e+16,6.944131862089387e-05,0.0,0.0,0.0,0.0,0.0,0.0,1.0
1779285802.3672736,2.4622231697127623,-1109558166107390.4,-1.5707940056303153,1.8676481815626376e+16,-6.944131862089325e-05,0.0,0.0,0.0,0.0,0.0,0.0,1.0
1779285802.3777645,2.4621001870962282,-1113372531075113.0,-1.5707940091818722,1.8747279336727244e+16,6.944131862089384e-05,0.0,0.0,0.0,0.0,0.0,0.0,1.0
1779285802.3879995,2.4615570410746086,-1115512794957331.5,-1.5707940122098696,1.881248249108042e+16,-6.944131862089326e-05,0.0,0.0,0.0,0.0,0.0,0.0,1.0
1779285802.3979878,2.462288834715686,-1122312438703149.5,-1.570794016431151,1.888761806948649e+16,6.944131862089383e-05,0.0,0.0,0.0,0.0,0.0,0.0,1.0
1779285802.4080555,2.462443526256047,-1127051344966151.0,-1.5707940201003614,1.895846572063388e+16,-6.944131862089327e-05,0.0,0.0,0.0,0.0,0.0,0.0,1.0
1779285802.4182503,2.4622455840276345,-1130532257389469.5,-1.5707940234627384,1.9027340675557404e+16,6.944131862089383e-05,0.0,0.0,0.0,0.0,0.0,0.0,1.0
1779285802.4284985,2.4621824338232567,-1134523932280771.5,-1.5707940269649072,1.9097782710633476e+16,-6.944131862089327e-05,0.0,0.0,0.0,0.0,0.0,0.0,1.0
1779285802.438957,2.4621651766619332,-1138804571859066.2,-1.5707940306121442,1.917094698664839e+16,6.944131862089383e-05,0.0,0.0,0.0,0.0,0.0,0.0,1.0
1779285802.4492183,2.4620541953301758,-1142659048437257.0,-1.5707940340871074,1.9241882846959856e+16,-6.944131862089327e-05,0.0,0.0,0.0,0.0,0.0,0.0,1.0
1779285802.459525,2.4623508368859266,-1148107089020542.0,-1.5707940379895484,1.931729676032999e+16,6.944131862089383e-05,0.0,0.0,0.0,0.0,0.0,0.0,1.0
1779285802.469693,2.462792892116804,-1154106102050172.0,-1.570794041983939,1.9393318689531456e+16,-6.944131862089337e-05,0.0,0.0,0.0,0.0,0.0,0.0,1.0
1779285802.4802794,2.4623614119083643,-1156952255245058.8,-1.5707940452675704,1.9464829873825148e+16,6.944131862089359e-05,0.0,0.0,0.0,0.0,0.0,0.0,1.0
1779285802.4908664,2.4618530815873876,-1159468957778192.0,-1.570794048473769,1.953578809899962e+16,-6.944131862089364e-05,0.0,0.0,0.0,0.0,0.0,0.0,1.0
1779285802.5013094,2.4622491447805053,-1165424385833586.0,-1.5707940525249677,1.961437397203714e+16,6.944131862089337e-05,0.0,0.0,0.0,0.0,0.0,0.0,1.0
1779285802.511867,2.462028387083101,-1169073836965730.5,-1.5707940560099876,1.9688421838912416e+16,-6.94413186208938e-05,0.0,0.0,0.0,0.0,0.0,0.0,1.0
1779285802.522393,2.4618784275225196,-1172983788865745.2,-1.570794059552618,1.9763120341068964e+16,6.944131862089326e-05,0.0,0.0,0.0,0.0,0.0,0.0,1.0
1779285802.5325425,2.4618293622781278,-1177134668425085.8,-1.5707940630475332,1.9835900813827372e+16,-6.944131862089383e-05,0.0,0.0,0.0,0.0,0.0,0.0,1.0
1779285802.5431666,2.461317269411059,-1179665364261821.0,-1.570794066269972,1.9908434852996724e+16,6.944131862089327e-05,0.0,0.0,0.0,0.0,0.0,0.0,1.0
1779285802.5532954,2.461411205060827,-1184365480433035.0,-1.5707940698983678,1.9982888058447644e+16,-6.944131862089383e-05,0.0,0.0,0.0,0.0,0.0,0.0,1.0
1779285802.5634813,2.4622972476919713,-1192288504053342.0,-1.5707940743340971,2.0065918743489624e+16,6.944131862089327e-05,0.0,0.0,0.0,0.0,0.0,0.0,1.0
1779285802.5736043,2.4623768362523006,-1197057375001961.2,-1.5707940779473013,2.0140949575728624e+16,-6.944131862089383e-05,0.0,0.0,0.0,0.0,0.0,0.0,1.0
1779285802.583886,2.4622995070878124,-1201284107610888.0,-1.5707940814665327,2.0216069541506936e+16,6.944131862089327e-05,0.0,0.0,0.0,0.0,0.0,0.0,1.0
1779285802.5942695,2.461884224440358,-1204194847707325.5,-1.5707940846922492,2.028898025280046e+16,-6.944131862089383e-05,0.0,0.0,0.0,0.0,0.0,0.0,1.0
1779285802.6045816,2.461715433342648,-1208046464929381.2,-1.5707940881314886,2.036391989331042e+16,6.944131862089327e-05,0.0,0.0,0.0,0.0,0.0,0.0,1.0
1779285802.6145658,2.462424660086024,-1215330556561212.8,-1.5707940923037442,2.0445061438041324e+16,-6.944131862089383e-05,0.0,0.0,0.0,0.0,0.0,0.0,1.0
1779285802.6247072,2.46243770285759,-1219927643597284.2,-1.5707940958542135,2.0521019264811796e+16,6.944131862089327e-05,0.0,0.0,0.0,0.0,0.0,0.0,1.0
1779285802.6352828,2.4620557975380146,-1223104175356817.0,-1.5707940991796405,2.0596888555687636e+16,-6.944131862089379e-05,0.0,0.0,0.0,0.0,0.0,0.0,1.0
1779285802.6456916,2.4611818132597154,-1224169327309308.5,-1.5707941019711147,2.0666834330358024e+16,6.944131862089344e-05,0.0,0.0,0.0,0.0,0.0,0.0,1.0
1779285802.6558714,2.4624932190830053,-1234088856183652.8,-1.5707941067993676,2.0756886942713644e+16,-6.944131862089353e-05,0.0,0.0,0.0,0.0,0.0,0.0,1.0
1779285802.666384,2.461930372669891,-1236545649350964.2,-1.5707941099334592,2.0831434916940788e+16,6.944131862089367e-05,0.0,0.0,0.0,0.0,0.0,0.0,1.0
1779285802.6768882,2.4620275102951634,-1241701755874693.5,-1.570794113703954,2.0912790567743308e+16,-6.944131862089336e-05,0.0,0.0,0.0,0.0,0.0,0.0,1.0
1779285802.6875463,2.4614064543137903,-1243954933788444.0,-1.5707941168368236,2.098847613166778e+16,6.94413186208938e-05,0.0,0.0,0.0,0.0,0.0,0.0,1.0
1779285802.6979053,2.4605095402797272,-1244869366099464.5,-1.5707941195858752,2.105886765363359e+16,-6.944131862089326e-05,0.0,0.0,0.0,0.0,0.0,0.0,1.0
1779285802.7083364,2.4613527512499527,-1253057534795586.2,-1.5707941240357222,2.1147643977250676e+16,6.944131862089383e-05,0.0,0.0,0.0,0.0,0.0,0.0,1.0
1779285802.7184203,2.4621172981384936,-1260895332757086.8,-1.5707941282874964,2.1233351361530052e+16,-6.944131862089327e-05,0.0,0.0,0.0,0.0,0.0,0.0,1.0
1779285802.728683,2.4623110959197327,-1266493419243486.2,-1.5707941320567966,2.131519585728386e+16,6.944131862089383e-05,0.0,0.0,0.0,0.0,0.0,0.0,1.0
1779285802.7388506,2.4624878633501845,-1272009411339313.2,-1.570794135771075,2.139636231496998e+16,-6.944131862089327e-05,0.0,0.0,0.0,0.0,0.0,0.0,1.0
1779285802.7489524,2.4626107974192992,-1277291495021265.8,-1.5707941394033607,2.1476649820580404e+16,6.944131862089383e-05,0.0,0.0,0.0,0.0,0.0,0.0,1.0
1779285802.759531,2.4622654173066976,-1280813216250314.2,-1.5707941427718222,2.1556694662205664e+16,-6.944131862089327e-05,0.0,0.0,0.0,0.0,0.0,0.0,1.0
1779285802.769652,2.4622222085056333,-1285398219330258.0,-1.5707941462503257,2.163600787019327e+16,6.944131862089383e-05,0.0,0.0,0.0,0.0,0.0,0.0,1.0
1779285802.780042,2.462167269582802,-1290066077635546.5,-1.5707941498187235,2.171788149569837e+16,-6.944131862089327e-05,0.0,0.0,0.0,0.0,0.0,0.0,1.0
1779285802.7902172,2.4623752485735557,-1295786243413095.5,-1.5707941535541026,2.180089694052056e+16,6.944131862089383e-05,0.0,0.0,0.0,0.0,0.0,0.0,1.0
1779285802.8006203,2.4623355206758393,-1300574167670977.8,-1.5707941571405297,2.1883716710068188e+16,-6.944131862089327e-05,0.0,0.0,0.0,0.0,0.0,0.0,1.0
1779285802.8110867,2.4619086258788236,-1303710429160112.2,-1.5707941603817117,2.196328185543012e+16,6.944131862089374e-05,0.0,0.0,0.0,0.0,0.0,0.0,1.0
1779285802.8214579,2.4619968872141644,-1309034387681275.0,-1.5707941640751566,2.204772248580777e+16,-6.944131862089352e-05,0.0,0.0,0.0,0.0,0.0,0.0,1.0
1779285802.8319685,2.4619349115752462,-1313795392452079.0,-1.5707941676805595,2.2132205975881028e+16,6.944131862089346e-05,0.0,0.0,0.0,0.0,0.0,0.0,1.0
1779285802.8420928,2.462184618386373,-1319762740518353.0,-1.5707941714283844,2.2216728003094972e+16,-6.944131862089372e-05,0.0,0.0,0.0,0.0,0.0,0.0,1.0
1779285802.852314,2.4617471246650555,-1322770470155879.8,-1.5707941745623588,2.2295059088190476e+16,6.944131862089332e-05,0.0,0.0,0.0,0.0,0.0,0.0,1.0
1779285802.8625307,2.4619762430238605,-1328714438377557.2,-1.5707941783226234,2.2380798387266404e+16,-6.944131862089383e-05,0.0,0.0,0.0,0.0,0.0,0.0,1.0
1779285802.8731177,2.4621440717456085,-1334612293860149.5,-1.5707941821691298,2.2469760634891772e+16,6.944131862089323e-05,0.0,0.0,0.0,0.0,0.0,0.0,1.0
1779285802.883601,2.4616685145160653,-1337613416702709.2,-1.5707941853695546,2.255108002916654e+16,-6.944131862089386e-05,0.0,0.0,0.0,0.0,0.0,0.0,1.0
1779285802.8938987,2.4621241603951964,-1344686656081479.2,-1.5707941893716844,2.2641091547446704e+16,6.944131862089326e-05,0.0,0.0,0.0,0.0,0.0,0.0,1.0
1779285802.9042726,2.461745614731653,-1348098315856446.0,-1.5707941926207016,2.2723078342934372e+16,-6.944131862089383e-05,0.0,0.0,0.0,0.0,0.0,0.0,1.0
1779285802.9142926,2.4621628660319685,-1354923962944820.5,-1.5707941964757397,2.2810718841192772e+16,6.944131862089327e-05,0.0,0.0,0.0,0.0,0.0,0.0,1.0
1779285802.924861,2.461763555946881,-1358364139861998.5,-1.5707941997780588,2.2894941302629452e+16,-6.944131862089383e-05,0.0,0.0,0.0,0.0,0.0,0.0,1.0
1779285802.9348953,2.4623195739977746,-1365885930848184.5,-1.5707942037645777,2.2984943037023108e+16,6.944131862089327e-05,0.0,0.0,0.0,0.0,0.0,0.0,1.0
1779285802.9451737,2.461987506849811,-1369530870748460.8,-1.5707942070150895,2.3067771009963936e+16,-6.944131862089383e-05,0.0,0.0,0.0,0.0,0.0,0.0,1.0
1779285802.9556015,2.462318779317913,-1376286245652447.0,-1.570794210938771,2.315974654885858e+16,6.944131862089327e-05,0.0,0.0,0.0,0.0,0.0,0.0,1.0
1779285802.9658387,2.4619531101097554,-1379778868106997.8,-1.5707942141390225,2.324239692706058e+16,-6.944131862089383e-05,0.0,0.0,0.0,0.0,0.0,0.0,1.0
1779285802.976212,2.4615300655125982,-1383045420094633.5,-1.5707942173363239,2.332593845514159e+16,6.944131862089327e-05,0.0,0.0,0.0,0.0,0.0,0.0,1.0
1779285802.9870138,2.4604778177499256,-1383554968077415.0,-1.5707942201087755,2.340658370619638e+16,-6.94413186208937e-05,0.0,0.0,0.0,0.0,0.0,0.0,1.0
1779285802.997198,2.4623474413344213,-1397351878541887.2,-1.5707942253595546,2.351497169430326e+16,6.944131862089356e-05,0.0,0.0,0.0,0.0,0.0,0.0,1.0
1779285803.0076811,2.461855965335201,-1400460382243433.8,-1.5707942285397143,2.3599949079837364e+16,-6.944131862089344e-05,0.0,0.0,0.0,0.0,0.0,0.0,1.0
1779285803.018219,2.4617844605411485,-1405533439158504.8,-1.5707942321254718,2.369050125254632e+16,6.944131862089375e-05,0.0,0.0,0.0,0.0,0.0,0.0,1.0
1779285803.0288246,2.4615444707623806,-1409856961634226.8,-1.5707942355809703,2.378011659267449e+16,-6.944131862089329e-05,0.0,0.0,0.0,0.0,0.0,0.0,1.0
1779285803.0390093,2.4619072711166634,-1416824532673736.8,-1.570794239426813,2.3872820563161068e+16,6.944131862089386e-05,0.0,0.0,0.0,0.0,0.0,0.0,1.0
1779285803.0492864,2.4620401035511046,-1422810353787130.2,-1.5707942430977588,2.396426080548816e+16,-6.944131862089326e-05,0.0,0.0,0.0,0.0,0.0,0.0,1.0
1779285803.0596387,2.4618425916642237,-1427284205843632.8,-1.5707942464908897,2.4052911523228076e+16,6.944131862089383e-05,0.0,0.0,0.0,0.0,0.0,0.0,1.0
1779285803.069889,2.4620158683628106,-1433482054584321.8,-1.5707942501823333,2.4145187315944628e+16,-6.944131862089327e-05,0.0,0.0,0.0,0.0,0.0,0.0,1.0
1779285803.080678,2.4613320565561296,-1435865583088009.8,-1.570794253297006,2.423322382048356e+16,6.944131862089383e-05,0.0,0.0,0.0,0.0,0.0,0.0,1.0
1779285803.0911028,2.461745502813021,-1443313689938243.0,-1.570794257270797,2.4330723941961684e+16,-6.944131862089327e-05,0.0,0.0,0.0,0.0,0.0,0.0,1.0
1779285803.1012392,2.461640389531702,-1448164802856377.2,-1.5707942606591407,2.4419565386185276e+16,6.944131862089383e-05,0.0,0.0,0.0,0.0,0.0,0.0,1.0
1779285803.1114383,2.4619866478847574,-1455258989791829.8,-1.570794264480676,2.451475926091753e+16,-6.944131862089327e-05,0.0,0.0,0.0,0.0,0.0,0.0,1.0
1779285803.121567,2.4619605249306917,-1460553062335709.0,-1.5707942679348676,2.4605198837063412e+16,6.944131862089383e-05,0.0,0.0,0.0,0.0,0.0,0.0,1.0
1779285803.1317859,2.4618658971788485,-1465570117509500.0,-1.5707942713586749,2.4696056744537036e+16,-6.944131862089327e-05,0.0,0.0,0.0,0.0,0.0,0.0,1.0
1779285803.1423638,2.46197510778696,-1471791568864210.2,-1.5707942751025024,2.479341313816761e+16,6.944131862089383e-05,0.0,0.0,0.0,0.0,0.0,0.0,1.0
1779285803.1526709,2.461955865152935,-1477268099006460.8,-1.5707942786239117,2.48867755920159e+16,-6.944131862089332e-05,0.0,0.0,0.0,0.0,0.0,0.0,1.0
1779285803.1628997,2.4614937875324374,-1480515258754672.5,-1.5707942817139673,2.497428741709106e+16,6.944131862089361e-05,0.0,0.0,0.0,0.0,0.0,0.0,1.0
1779285803.1729298,2.462172526368176,-1489312785212900.2,-1.5707942857534258,2.507386638489703e+16,-6.944131862089361e-05,0.0,0.0,0.0,0.0,0.0,0.0,1.0
1779285803.183136,2.4624322878793095,-1496213452878642.0,-1.570794289481733,2.517069857343981e+16,6.94413186208934e-05,0.0,0.0,0.0,0.0,0.0,0.0,1.0
1779285803.1934056,2.46202581350125,-1499842999478968.2,-1.5707942926322804,2.52603806836404e+16,-6.944131862089378e-05,0.0,0.0,0.0,0.0,0.0,0.0,1.0
1779285803.2034638,2.462473437633862,-1507633622152800.5,-1.5707942964648978,2.5358608111813924e+16,6.944131862089327e-05,0.0,0.0,0.0,0.0,0.0,0.0,1.0
1779285803.213692,2.4624267505511304,-1513087724537048.0,-1.5707942999185611,2.545300316708619e+16,-6.944131862089387e-05,0.0,0.0,0.0,0.0,0.0,0.0,1.0
1779285803.224107,2.4625066763086148,-1519298610871620.5,-1.5707943035535163,2.555129359251209e+16,6.944131862089325e-05,0.0,0.0,0.0,0.0,0.0,0.0,1.0
1779285803.2346761,2.4620864953496904,-1523071569611945.2,-1.5707943068003387,2.564541654183678e+16,-6.944131862089384e-05,0.0,0.0,0.0,0.0,0.0,0.0,1.0
1779285803.2449853,2.462446062503021,-1530657199663432.2,-1.570794310636669,2.5746685479228244e+16,6.944131862089326e-05,0.0,0.0,0.0,0.0,0.0,0.0,1.0
1779285803.255522,2.4622167944151143,-1535412926004358.0,-1.570794314037231,2.5843552624916016e+16,-6.944131862089383e-05,0.0,0.0,0.0,0.0,0.0,0.0,1.0
1779285803.2656407,2.4623397166946446,-1541743408282219.0,-1.570794317587931,2.594062096299444e+16,6.944131862089327e-05,0.0,0.0,0.0,0.0,0.0,0.0,1.0
1779285803.2761948,2.4612284730962006,-1541952063602924.5,-1.5707943202085528,2.6027162035252004e+16,-6.944131862089383e-05,0.0,0.0,0.0,0.0,0.0,0.0,1.0
1779285803.286312,2.4622523690410167,-1552906856752748.2,-1.5707943245506655,2.613618432593636e+16,6.944131862089327e-05,0.0,0.0,0.0,0.0,0.0,0.0,1.0
1779285803.2967992,2.461684684021608,-1555920381967419.2,-1.570794327626552,2.622959351773746e+16,-6.944131862089383e-05,0.0,0.0,0.0,0.0,0.0,0.0,1.0
1779285803.3076608,2.4605941895101098,-1556334036551730.5,-1.5707943303721574,2.6320361500920124e+16,6.944131862089327e-05,0.0,0.0,0.0,0.0,0.0,0.0,1.0
1779285803.3178082,2.4618525972917498,-1568612930667064.5,-1.5707943349238518,2.643386707887134e+16,-6.944131862089383e-05,0.0,0.0,0.0,0.0,0.0,0.0,1.0
1779285803.328162,2.4620192757069708,-1575447807510807.0,-1.5707943385943537,2.6536340340474868e+16,6.944131862089337e-05,0.0,0.0,0.0,0.0,0.0,0.0,1.0
1779285803.3384163,2.461858326681663,-1580530237575283.0,-1.570794341936149,2.6633850308089156e+16,-6.944131862089359e-05,0.0,0.0,0.0,0.0,0.0,0.0,1.0
1779285803.348514,2.4622152906206667,-1588278750654539.5,-1.5707943456701008,2.6736696410093944e+16,6.944131862089364e-05,0.0,0.0,0.0,0.0,0.0,0.0,1.0
1779285803.3589027,2.4613550967675333,-1589740527768431.2,-1.5707943484369002,2.6827046662823468e+16,-6.944131862089337e-05,0.0,0.0,0.0,0.0,0.0,0.0,1.0
1779285803.3689597,2.462524761812582,-1601833752362632.8,-1.5707943528675552,2.6941015508546536e+16,6.94413186208938e-05,0.0,0.0,0.0,0.0,0.0,0.0,1.0
1779285803.3795125,2.4622725506218592,-1606732267381182.0,-1.57079435623571,2.7042313708005344e+16,-6.944131862089326e-05,0.0,0.0,0.0,0.0,0.0,0.0,1.0
1779285803.389714,2.4620633121813835,-1611637958478679.5,-1.570794359504591,2.714048884514226e+16,6.944131862089383e-05,0.0,0.0,0.0,0.0,0.0,0.0,1.0
1779285803.3999043,2.462467193518312,-1619854757327513.2,-1.5707943632997854,2.7247009917060372e+16,-6.944131862089327e-05,0.0,0.0,0.0,0.0,0.0,0.0,1.0
1779285803.410077,2.4625062328575313,-1626146047242967.5,-1.570794366767231,2.73489021435645e+16,6.944131862089383e-05,0.0,0.0,0.0,0.0,0.0,0.0,1.0
1779285803.4206905,2.4613202361293616,-1626024708768478.0,-1.5707943693395494,2.743990937458319e+16,-6.944131862089327e-05,0.0,0.0,0.0,0.0,0.0,0.0,1.0
1779285803.4306648,2.462315144866974,-1637346718559993.5,-1.5707943735509098,2.7552806462363556e+16,6.944131862089383e-05,0.0,0.0,0.0,0.0,0.0,0.0,1.0
1779285803.441191,2.4620921936274924,-1642459078812803.5,-1.570794376920166,2.7656424035925576e+16,-6.944131862089327e-05,0.0,0.0,0.0,0.0,0.0,0.0,1.0
1779285803.4512417,2.4625813467124638,-1651211906190055.8,-1.5707943807190379,2.7764439381290692e+16,6.944131862089383e-05,0.0,0.0,0.0,0.0,0.0,0.0,1.0
1779285803.4612901,2.462732229363581,-1658175627572443.0,-1.570794384225336,2.786841414147288e+16,-6.944131862089327e-05,0.0,0.0,0.0,0.0,0.0,0.0,1.0
1779285803.4713933,2.4627274853083967,-1664336773411895.0,-1.5707943876130985,2.797124674544029e+16,6.944131862089383e-05,0.0,0.0,0.0,0.0,0.0,0.0,1.0
1779285803.4815853,2.4629096622758113,-1671547729336855.5,-1.570794391152142,2.8076829757068988e+16,-6.944131862089327e-05,0.0,0.0,0.0,0.0,0.0,0.0,1.0
1779285803.491706,2.4633393275305844,-1680230645469793.0,-1.5707943949247372,2.818702815001012e+16,6.944131862089379e-05,0.0,0.0,0.0,0.0,0.0,0.0,1.0
1779285803.5022812,2.4625715414155827,-1682505668061603.8,-1.570794397832266,2.828629173717056e+16,-6.944131862089344e-05,0.0,0.0,0.0,0.0,0.0,0.0,1.0
1779285803.5125315,2.46212971801397,-1686322657749224.2,-1.5707944008884929,2.838624711662522e+16,6.944131862089353e-05,0.0,0.0,0.0,0.0,0.0,0.0,1.0
1779285803.522848,2.4625068586457304,-1694791095480333.2,-1.570794404666003,2.849867139808504e+16,-6.944131862089367e-05,0.0,0.0,0.0,0.0,0.0,0.0,1.0
1779285803.5333135,2.461572945902597,-1695947488945002.5,-1.570794407373011,2.859480509880518e+16,6.944131862089336e-05,0.0,0.0,0.0,0.0,0.0,0.0,1.0
1779285803.543389,2.4628694177663792,-1709528281648864.8,-1.5707944118354211,2.871794172324278e+16,-6.94413186208938e-05,0.0,0.0,0.0,0.0,0.0,0.0,1.0
1779285803.5537221,2.462917405161555,-1716323511792905.0,-1.5707944153350033,2.8827460154837468e+16,6.944131862089326e-05,0.0,0.0,0.0,0.0,0.0,0.0,1.0
1779285803.5645373,2.4620638696693757,-1718251200027186.0,-1.5707944182504088,2.8930543574411372e+16,-6.944131862089383e-05,0.0,0.0,0.0,0.0,0.0,0.0,1.0
1779285803.574848,2.462102271711479,-1724920139924015.0,-1.5707944217262018,2.90402499199419e+16,6.944131862089327e-05,0.0,0.0,0.0,0.0,0.0,0.0,1.0
1779285803.5848975,2.462484366561787,-1733458263545108.8,-1.5707944253934334,2.9152134152321196e+16,-6.944131862089383e-05,0.0,0.0,0.0,0.0,0.0,0.0,1.0
1779285803.5953536,2.461815381200904,-1736210333541249.8,-1.5707944283280595,2.925458869781769e+16,6.944131862089327e-05,0.0,0.0,0.0,0.0,0.0,0.0,1.0
1779285803.6052852,2.4627419628622693,-1747888531671139.8,-1.5707944324020808,2.937357585798658e+16,-6.944131862089383e-05,0.0,0.0,0.0,0.0,0.0,0.0,1.0
1779285803.6153657,2.4628008224700317,-1754728748858509.0,-1.570794435802494,2.9482639530040788e+16,6.944131862089327e-05,0.0,0.0,0.0,0.0,0.0,0.0,1.0
1779285803.625902,2.4617725639541455,-1755476378729431.0,-1.5707944384585573,2.958203653261476e+16,-6.944131862089383e-05,0.0,0.0,0.0,0.0,0.0,0.0,1.0
1779285803.6359177,2.46276390071353,-1767713313270820.0,-1.5707944426078029,2.9704378689346852e+16,6.944131862089327e-05,0.0,0.0,0.0,0.0,0.0,0.0,1.0
1779285803.6461,2.4624026935731216,-1772200145475419.8,-1.5707944456884035,2.9809861580758736e+16,-6.944131862089383e-05,0.0,0.0,0.0,0.0,0.0,0.0,1.0
1779285803.6560512,2.463106946793311,-1782851765110952.2,-1.570794449565948,2.992824588841155e+16,6.944131862089327e-05,0.0,0.0,0.0,0.0,0.0,0.0,1.0
1779285803.666302,2.462746572353913,-1787455626465815.0,-1.570794452667657,3.0035445334528084e+16,-6.944131862089374e-05,0.0,0.0,0.0,0.0,0.0,0.0,1.0
1779285803.6766438,2.462527132408186,-1792927806129455.0,-1.5707944559168092,3.014615908813968e+16,6.944131862089352e-05,0.0,0.0,0.0,0.0,0.0,0.0,1.0
1779285803.6866832,2.462776915025458,-1801020479192641.5,-1.5707944594396182,3.026031927199931e+16,-6.944131862089346e-05,0.0,0.0,0.0,0.0,0.0,0.0,1.0
1779285803.6969888,2.4628959654286247,-1808557720281782.2,-1.570794462950009,3.0376405165265944e+16,6.944131862089372e-05,0.0,0.0,0.0,0.0,0.0,0.0,1.0
1779285803.7071688,2.4623534553726865,-1812035589781463.5,-1.5707944658656021,3.048154643708506e+16,-6.944131862089332e-05,0.0,0.0,0.0,0.0,0.0,0.0,1.0
1779285803.7172031,2.4627428663201236,-1821034310851557.8,-1.5707944694914524,3.059892772680311e+16,6.944131862089383e-05,0.0,0.0,0.0,0.0,0.0,0.0,1.0
1779285803.7275243,2.4627761701365776,-1828132013949909.0,-1.5707944729286392,3.0715229404094092e+16,-6.944131862089323e-05,0.0,0.0,0.0,0.0,0.0,0.0,1.0
1779285803.7380195,2.4619577696822224,-1830144394364201.2,-1.5707944757276793,3.0821415255008184e+16,6.944131862089386e-05,0.0,0.0,0.0,0.0,0.0,0.0,1.0
1779285803.7482195,2.462664887464993,-1841243023022741.5,-1.5707944796545348,3.0946562480696256e+16,-6.944131862089326e-05,0.0,0.0,0.0,0.0,0.0,0.0,1.0
1779285803.7587636,2.4620436158203476,-1844540658329964.8,-1.5707944826431182,3.1057592390821492e+16,6.944131862089383e-05,0.0,0.0,0.0,0.0,0.0,0.0,1.0
1779285803.768832,2.462423843885191,-1853652242201354.2,-1.570794486261722,3.1177528562078024e+16,-6.944131862089327e-05,0.0,0.0,0.0,0.0,0.0,0.0,1.0
1779285803.7794445,2.462098597587873,-1858820368259541.0,-1.5707944895024444,3.1294358420582724e+16,6.944131862089383e-05,0.0,0.0,0.0,0.0,0.0,0.0,1.0
1779285803.7898982,2.4621210365478086,-1866039396643739.5,-1.5707944929660336,3.1414810371063624e+16,-6.944131862089327e-05,0.0,0.0,0.0,0.0,0.0,0.0,1.0
1779285803.80038,2.4619549976586512,-1872130661296498.5,-1.5707944962839548,3.153319037973541e+16,6.944131862089383e-05,0.0,0.0,0.0,0.0,0.0,0.0,1.0
1779285803.810861,2.46189189121097,-1878879980323686.2,-1.570794499684181,3.165361098079102e+16,-6.944131862089327e-05,0.0,0.0,0.0,0.0,0.0,0.0,1.0
1779285803.8212671,2.4618808015050946,-1885930784739706.5,-1.5707945030955555,3.17742513329663e+16,6.944131862089383e-05,0.0,0.0,0.0,0.0,0.0,0.0,1.0
1779285803.8316164,2.4615652526747978,-1891041152000710.5,-1.5707945062378648,3.1889879874451908e+16,-6.944131862089327e-05,0.0,0.0,0.0,0.0,0.0,0.0,1.0
1779285803.8422656,2.4610593079088194,-1895115961120417.0,-1.5707945093303077,3.200676549218315e+16,6.94413186208937e-05,0.0,0.0,0.0,0.0,0.0,0.0,1.0
1779285803.8523788,2.461815863435229,-1906871295709424.0,-1.5707945132452952,3.213668067766699e+16,-6.944131862089356e-05,0.0,0.0,0.0,0.0,0.0,0.0,1.0
1779285803.8623972,2.462299178550066,-1916968731532019.2,-1.5707945169054678,3.22618176373406e+16,6.944131862089344e-05,0.0,0.0,0.0,0.0,0.0,0.0,1.0
1779285803.8728292,2.461529815513196,-1919372051298638.5,-1.5707945197051667,3.237327013353306e+16,-6.944131862089375e-05,0.0,0.0,0.0,0.0,0.0,0.0,1.0
1779285803.8831806,2.462297653071063,-1931572026996525.5,-1.5707945237055323,3.2508228269317412e+16,6.944131862089329e-05,0.0,0.0,0.0,0.0,0.0,0.0,1.0
1779285803.8934617,2.461624296054446,-1934513198962295.8,-1.5707945265222634,3.2619972571287e+16,-6.944131862089386e-05,0.0,0.0,0.0,0.0,0.0,0.0,1.0
1779285803.9037979,2.462064583192685,-1944676262674373.5,-1.5707945302486384,3.2750596648016412e+16,6.944131862089326e-05,0.0,0.0,0.0,0.0,0.0,0.0,1.0
1779285803.913787,2.462619450271748,-1955447604462869.5,-1.5707945339355447,3.2878876501482044e+16,-6.944131862089383e-05,0.0,0.0,0.0,0.0,0.0,0.0,1.0
1779285803.924718,2.4620970591536633,-1959930615559343.5,-1.5707945371083405,3.300358532003302e+16,6.944131862089327e-05,0.0,0.0,0.0,0.0,0.0,0.0,1.0
1779285803.9348261,2.462055055268696,-1966928571265889.2,-1.570794540356185,3.3124856708154148e+16,-6.944131862089383e-05,0.0,0.0,0.0,0.0,0.0,0.0,1.0
1779285803.9450543,2.4623275798871687,-1976111996238863.0,-1.5707945438933697,3.325331461048139e+16,6.944131862089327e-05,0.0,0.0,0.0,0.0,0.0,0.0,1.0
1779285803.955335,2.462000571460919,-1981418363880237.5,-1.5707945469716886,3.337330559160559e+16,-6.944131862089383e-05,0.0,0.0,0.0,0.0,0.0,0.0,1.0
1779285803.965376,2.4623279681300168,-1990887183998107.5,-1.5707945504766525,3.3500982895942984e+16,6.944131862089327e-05,0.0,0.0,0.0,0.0,0.0,0.0,1.0
1779285803.9757938,2.4621354167167206,-1997228693242080.2,-1.5707945537057464,3.3626028544023136e+16,-6.944131862089383e-05,0.0,0.0,0.0,0.0,0.0,0.0,1.0
1779285803.9859483,2.462576928551383,-2007634067928118.0,-1.5707945573342106,3.375817161605144e+16,6.944131862089327e-05,0.0,0.0,0.0,0.0,0.0,0.0,1.0
1779285803.9961665,2.4623911389412765,-2013952802741629.5,-1.5707945604897342,3.3881488275818588e+16,-6.944131862089383e-05,0.0,0.0,0.0,0.0,0.0,0.0,1.0
1779285804.0067322,2.462180391703073,-2020347366059403.0,-1.570794563747725,3.400973260904877e+16,6.944131862089332e-05,0.0,0.0,0.0,0.0,0.0,0.0,1.0
1779285804.0170155,2.4615159993362714,-2023412692388461.0,-1.5707945665307321,3.4126258440519548e+16,-6.944131862089361e-05,0.0,0.0,0.0,0.0,0.0,0.0,1.0
1779285804.027354,2.462388222860185,-2036949857256114.8,-1.5707945705466317,3.427005919030607e+16,6.944131862089361e-05,0.0,0.0,0.0,0.0,0.0,0.0,1.0
1779285804.0376313,2.4622771093716995,-2043877970234039.8,-1.5707945737612672,3.439694604024772e+16,-6.94413186208934e-05,0.0,0.0,0.0,0.0,0.0,0.0,1.0
1779285804.048092,2.462294135635584,-2051862720649226.0,-1.570794577155601,3.4529777689074068e+16,6.944131862089378e-05,0.0,0.0,0.0,0.0,0.0,0.0,1.0
1779285804.0587986,2.4611783912562752,-2052224097876824.2,-1.5707945797452663,3.464717574067225e+16,-6.944131862089327e-05,0.0,0.0,0.0,0.0,0.0,0.0,1.0
1779285804.0688324,2.4619722898572527,-2065153456029064.5,-1.5707945835710002,3.478725031532733e+16,6.944131862089387e-05,0.0,0.0,0.0,0.0,0.0,0.0,1.0
1779285804.079293,2.4621766097427322,-2074483580634593.8,-1.5707945870927034,3.4924369511872544e+16,-6.944131862089325e-05,0.0,0.0,0.0,0.0,0.0,0.0,1.0
1779285804.0893824,2.462254886189915,-2082718932450972.8,-1.5707945903789657,3.505442767291905e+16,6.944131862089384e-05,0.0,0.0,0.0,0.0,0.0,0.0,1.0
1779285804.099631,2.462369584731627,-2091372665971100.2,-1.5707945937489296,3.5188036846624464e+16,-6.944131862089326e-05,0.0,0.0,0.0,0.0,0.0,0.0,1.0
1779285804.109821,2.462329518072082,-2098937382890264.0,-1.570794596974626,3.5318630014797956e+16,6.944131862089383e-05,0.0,0.0,0.0,0.0,0.0,0.0,1.0
1779285804.1201108,2.4622532739236282,-2106335923266000.0,-1.5707946002028217,3.5450472941873104e+16,-6.944131862089327e-05,0.0,0.0,0.0,0.0,0.0,0.0,1.0
1779285804.130191,2.462431020972736,-2115389150790124.8,-1.5707946035488538,3.55841310951632e+16,6.944131862089383e-05,0.0,0.0,0.0,0.0,0.0,0.0,1.0
1779285804.1403453,2.4621446209220803,-2121251121607584.0,-1.570794606561492,3.571132779819033e+16,-6.944131862089327e-05,0.0,0.0,0.0,0.0,0.0,0.0,1.0
1779285804.1508358,2.462208841110728,-2129851849772614.5,-1.5707946099596342,3.5850104988791036e+16,6.944131862089383e-05,0.0,0.0,0.0,0.0,0.0,0.0,1.0
1779285804.1609557,2.46251525156869,-2139945487022743.2,-1.5707946134059092,3.598805108251982e+16,-6.944131862089327e-05,0.0,0.0,0.0,0.0,0.0,0.0,1.0
1779285804.171322,2.462354138624318,-2146949963509245.0,-1.5707946165802222,3.6122089192163496e+16,6.944131862089383e-05,0.0,0.0,0.0,0.0,0.0,0.0,1.0
1779285804.181486,2.4625156133552544,-2156124159355777.2,-1.5707946199246499,3.625923026297802e+16,-6.944131862089337e-05,0.0,0.0,0.0,0.0,0.0,0.0,1.0
1779285804.1919193,2.462337900027213,-2163107456067445.5,-1.5707946231038008,3.639500994633532e+16,6.944131862089359e-05,0.0,0.0,0.0,0.0,0.0,0.0,1.0
1779285804.20214,2.4622692401953405,-2170710153678543.5,-1.5707946262853285,3.652988774250788e+16,-6.944131862089364e-05,0.0,0.0,0.0,0.0,0.0,0.0,1.0
1779285804.2127824,2.4617219797623355,-2175171535195640.0,-1.570794629253712,3.666327220345123e+16,6.944131862089337e-05,0.0,0.0,0.0,0.0,0.0,0.0,1.0
1779285804.2232494,2.4616684903384747,-2183019479279979.5,-1.5707946325157942,3.6802554044958376e+16,-6.94413186208938e-05,0.0,0.0,0.0,0.0,0.0,0.0,1.0
1779285804.2333963,2.4620676205849987,-2194008683229307.5,-1.570794636016767,3.69461730873854e+16,6.944131862089326e-05,0.0,0.0,0.0,0.0,0.0,0.0,1.0
1779285804.2438471,2.4620106231236862,-2201980537716159.0,-1.5707946392787608,3.708691302162141e+16,-6.944131862089383e-05,0.0,0.0,0.0,0.0,0.0,0.0,1.0
1779285804.2539551,2.4624864952824557,-2213653996008677.2,-1.570794642816347,3.723251107514625e+16,6.944131862089327e-05,0.0,0.0,0.0,0.0,0.0,0.0,1.0
1779285804.2641566,2.4625596235475027,-2222524552969348.0,-1.570794646082232,3.737295581391675e+16,-6.944131862089383e-05,0.0,0.0,0.0,0.0,0.0,0.0,1.0
1779285804.2743196,2.462495737374703,-2230374490544401.0,-1.5707946492271143,3.751078581601518e+16,6.944131862089327e-05,0.0,0.0,0.0,0.0,0.0,0.0,1.0
1779285804.2844846,2.4624078953732584,-2238057486500105.5,-1.5707946523511411,3.764870044534106e+16,-6.944131862089383e-05,0.0,0.0,0.0,0.0,0.0,0.0,1.0
1779285804.2947514,2.462662253865906,-2248409131053802.5,-1.570794655762332,3.7795008089111224e+16,6.944131862089327e-05,0.0,0.0,0.0,0.0,0.0,0.0,1.0
1779285804.3049548,2.462417733309645,-2255016557204177.5,-1.5707946587769157,3.793173370823286e+16,-6.944131862089383e-05,0.0,0.0,0.0,0.0,0.0,0.0,1.0
1779285804.3152676,2.462045492351733,-2260720456327671.5,-1.5707946617301372,3.8068201537828184e+16,6.944131862089327e-05,0.0,0.0,0.0,0.0,0.0,0.0,1.0
1779285804.3254652,2.4624293855722277,-2272044140602204.0,-1.5707946651992561,3.821726855148309e+16,-6.944131862089383e-05,0.0,0.0,0.0,0.0,0.0,0.0,1.0
1779285804.3359766,2.462297793575142,-2279803468820216.0,-1.5707946683960334,3.836252469557797e+16,6.944131862089327e-05,0.0,0.0,0.0,0.0,0.0,0.0,1.0
1779285804.346434,2.4612729887364373,-2280668514963758.5,-1.5707946709079255,3.849053497025991e+16,-6.944131862089379e-05,0.0,0.0,0.0,0.0,0.0,0.0,1.0
1779285804.3568668,2.4619155247921913,-2294184326522084.0,-1.570794674637609,3.864970634665067e+16,6.944131862089344e-05,0.0,0.0,0.0,0.0,0.0,0.0,1.0
1779285804.3675897,2.4611649571828065,-2297341241407963.0,-1.5707946774346473,3.878779571635361e+16,-6.944131862089353e-05,0.0,0.0,0.0,0.0,0.0,0.0,1.0
1779285804.3776696,2.46241709593677,-2315418517663494.5,-1.570794681484473,3.895416298843923e+16,6.944131862089367e-05,0.0,0.0,0.0,0.0,0.0,0.0,1.0
1779285804.3880324,2.4623141188695055,-2323471664247612.5,-1.5707946846365628,3.910038760562361e+16,-6.944131862089336e-05,0.0,0.0,0.0,0.0,0.0,0.0,1.0
1779285804.3988602,2.461324881452143,-2324906724211628.0,-1.5707946872615313,3.923607598323395e+16,6.94413186208938e-05,0.0,0.0,0.0,0.0,0.0,0.0,1.0
1779285804.4089904,2.4617686707637123,-2336906822473146.0,-1.5707946907156294,3.9389353319452e+16,-6.944131862089326e-05,0.0,0.0,0.0,0.0,0.0,0.0,1.0
1779285804.4189067,2.462754865155971,-2353143301813854.5,-1.5707946944948974,3.955063585218686e+16,6.944131862089383e-05,0.0,0.0,0.0,0.0,0.0,0.0,1.0
1779285804.4290142,2.462683906947014,-2361409633871975.0,-1.570794697568543,3.96955944295881e+16,-6.944131862089327e-05,0.0,0.0,0.0,0.0,0.0,0.0,1.0
1779285804.4395764,2.462495249430513,-2369135205522822.0,-1.5707947007081609,3.984625494636631e+16,6.944131862089383e-05,0.0,0.0,0.0,0.0,0.0,0.0,1.0
1779285804.4498968,2.4628128619873486,-2380678670302498.0,-1.5707947041285,4.0003338963421304e+16,-6.944131862089327e-05,0.0,0.0,0.0,0.0,0.0,0.0,1.0
1779285804.4599905,2.4628763289145703,-2390080942255417.0,-1.5707947072817625,4.015230027725109e+16,6.944131862089383e-05,0.0,0.0,0.0,0.0,0.0,0.0,1.0
1779285804.4701846,2.462715726135968,-2397806665307163.5,-1.5707947103045938,4.029915377585927e+16,-6.944131862089327e-05,0.0,0.0,0.0,0.0,0.0,0.0,1.0
1779285804.4805324,2.462783036691689,-2407488230259194.0,-1.5707947135381963,4.04534687206613e+16,6.944131862089383e-05,0.0,0.0,0.0,0.0,0.0,0.0,1.0
1779285804.491042,2.462196225625179,-2412062591347217.5,-1.5707947163527676,4.059816327910844e+16,-6.944131862089327e-05,0.0,0.0,0.0,0.0,0.0,0.0,1.0
1779285804.501692,2.4616108926622355,-2416680907101457.0,-1.5707947192125484,4.074560611879605e+16,6.944131862089383e-05,0.0,0.0,0.0,0.0,0.0,0.0,1.0
1779285804.5125399,2.4603288176880156,-2415655558710026.0,-1.5707947216130362,4.088169652126503e+16,-6.944131862089327e-05,0.0,0.0,0.0,0.0,0.0,0.0,1.0
1779285804.522405,2.462456174196001,-2441535778318052.0,-1.570794726146999,4.107095086500081e+16,6.944131862089374e-05,0.0,0.0,0.0,0.0,0.0,0.0,1.0
1779285804.5324457,2.462692378267445,-2452524869844764.0,-1.5707947293819073,4.122640304590214e+16,-6.944131862089352e-05,0.0,0.0,0.0,0.0,0.0,0.0,1.0
1779285804.5424547,2.4631776543868247,-2465608937636198.0,-1.5707947327789884,4.138697108883812e+16,6.944131862089346e-05,0.0,0.0,0.0,0.0,0.0,0.0,1.0
1779285804.552853,2.4624693432032125,-2469289063049726.5,-1.5707947354565053,4.153088620314771e+16,-6.944131862089372e-05,0.0,0.0,0.0,0.0,0.0,0.0,1.0
1779285804.5629187,2.4628991899200896,-2481982880256790.0,-1.5707947388198802,4.1692228677169656e+16,6.944131862089332e-05,0.0,0.0,0.0,0.0,0.0,0.0,1.0
1779285804.573306,2.4625406005191364,-2488519953357532.0,-1.5707947417329686,4.184397367467089e+16,-6.944131862089383e-05,0.0,0.0,0.0,0.0,0.0,0.0,1.0
1779285804.583377,2.462727010900745,-2499278630127621.0,-1.570794744918646,4.200172364437118e+16,6.944131862089323e-05,0.0,0.0,0.0,0.0,0.0,0.0,1.0
1779285804.5938828,2.462544361838042,-2507407159163253.0,-1.5707947479897448,4.2160276007969224e+16,-6.944131862089386e-05,0.0,0.0,0.0,0.0,0.0,0.0,1.0
1779285804.6041067,2.4625376127594745,-2516753769345155.0,-1.5707947510838736,4.231795019883257e+16,6.944131862089326e-05,0.0,0.0,0.0,0.0,0.0,0.0,1.0
1779285804.6145036,2.4621045281281,-2522679896747665.5,-1.57079475393236,4.247040256383572e+16,-6.944131862089383e-05,0.0,0.0,0.0,0.0,0.0,0.0,1.0
1779285804.6249318,2.4624070957936297,-2534831619878926.0,-1.5707947573060907,4.26392211685909e+16,6.944131862089327e-05,0.0,0.0,0.0,0.0,0.0,0.0,1.0
1779285804.635338,2.4617069394784763,-2538526913989436.0,-1.570794759967014,4.2787513215197096e+16,-6.944131862089383e-05,0.0,0.0,0.0,0.0,0.0,0.0,1.0
1779285804.6456895,2.462247153490499,-2552669709871461.5,-1.5707947634720414,4.29610391831592e+16,6.944131862089327e-05,0.0,0.0,0.0,0.0,0.0,0.0,1.0
1779285804.6557636,2.4624895454587645,-2564172120886880.0,-1.5707947666733597,4.312423614331189e+16,-6.944131862089383e-05,0.0,0.0,0.0,0.0,0.0,0.0,1.0
1779285804.6660368,2.4623583023643176,-2572722825530972.5,-1.5707947696777913,4.328382812424527e+16,6.944131862089327e-05,0.0,0.0,0.0,0.0,0.0,0.0,1.0
1779285804.6761372,2.4625044121725446,-2583517540137054.0,-1.5707947728135858,4.344674894775896e+16,-6.944131862089383e-05,0.0,0.0,0.0,0.0,0.0,0.0,1.0
1779285804.686414,2.4621964468497963,-2590596330111588.5,-1.5707947756897427,4.360387018775686e+16,6.944131862089327e-05,0.0,0.0,0.0,0.0,0.0,0.0,1.0
1779285804.6966403,2.4625743871898016,-2603574474928690.0,-1.5707947790199956,4.377517172150173e+16,-6.94413186208937e-05,0.0,0.0,0.0,0.0,0.0,0.0,1.0
1779285804.7068586,2.4621100776243554,-2609286141718387.0,-1.5707947817590548,4.392892641846457e+16,6.944131862089356e-05,0.0,0.0,0.0,0.0,0.0,0.0,1.0
1779285804.7173955,2.4620625857014065,-2618871774201608.0,-1.570794784882177,4.4097537786552936e+16,-6.944131862089344e-05,0.0,0.0,0.0,0.0,0.0,0.0,1.0
1779285804.7275894,2.461989157541489,-2627966583874397.5,-1.5707947878782889,4.426040368255058e+16,6.944131862089375e-05,0.0,0.0,0.0,0.0,0.0,0.0,1.0
1779285804.7380006,2.462368015523105,-2641297657903439.0,-1.5707947912553113,4.44377207071945e+16,-6.944131862089329e-05,0.0,0.0,0.0,0.0,0.0,0.0,1.0
1779285804.7487335,2.4612055344946855,-2641371062090101.5,-1.570794793677938,4.458828451120944e+16,6.944131862089386e-05,0.0,0.0,0.0,0.0,0.0,0.0,1.0
1779285804.7591553,2.4618088900992414,-2656675478033974.5,-1.5707947972024372,4.4771728493475256e+16,-6.944131862089326e-05,0.0,0.0,0.0,0.0,0.0,0.0,1.0
1779285804.7692583,2.4618484011738,-2666824302504620.0,-1.570794800231967,4.493779325932847e+16,6.944131862089383e-05,0.0,0.0,0.0,0.0,0.0,0.0,1.0
1779285804.779167,2.4627835095499293,-2684882223022541.5,-1.5707948038047364,4.512058174604852e+16,-6.944131862089327e-05,0.0,0.0,0.0,0.0,0.0,0.0,1.0
1779285804.7894979,2.4617630387210134,-2685955895721030.5,-1.5707948061834665,4.526921832447483e+16,6.944131862089383e-05,0.0,0.0,0.0,0.0,0.0,0.0,1.0
1779285804.7996845,2.4622794114440567,-2700591663757704.0,-1.5707948095520519,4.544921271291862e+16,-6.944131862089327e-05,0.0,0.0,0.0,0.0,0.0,0.0,1.0
1779285804.8103237,2.4619643484494795,-2708283012189412.0,-1.5707948125053037,4.562031328459812e+16,6.944131862089383e-05,0.0,0.0,0.0,0.0,0.0,0.0,1.0
1779285804.8209383,2.462202598750651,-2720970151805551.0,-1.570794815821687,4.580388429623479e+16,-6.944131862089327e-05,0.0,0.0,0.0,0.0,0.0,0.0,1.0
1779285804.8315456,2.4620669691832364,-2730333540026251.5,-1.5707948188794603,4.597975420384438e+16,6.944131862089383e-05,0.0,0.0,0.0,0.0,0.0,0.0,1.0
1779285804.8416796,2.4619959610746585,-2739827092971984.0,-1.5707948218185694,4.614850070044712e+16,-6.944131862089327e-05,0.0,0.0,0.0,0.0,0.0,0.0,1.0
1779285804.8518498,2.4621461594646963,-2751418875905140.5,-1.5707948249158061,4.6323613785809064e+16,6.944131862089383e-05,0.0,0.0,0.0,0.0,0.0,0.0,1.0
1779285804.8622992,2.4618226888222052,-2758969467510478.5,-1.5707948277814878,4.649401307616528e+16,-6.944131862089332e-05,0.0,0.0,0.0,0.0,0.0,0.0,1.0
1779285804.8725357,2.4620614962710166,-2771504111976196.5,-1.5707948309514044,4.667367206663742e+16,6.944131862089361e-05,0.0,0.0,0.0,0.0,0.0,0.0,1.0
1779285804.8830273,2.4617081574201576,-2778868067600543.0,-1.5707948338055227,4.684556816636788e+16,-6.944131862089361e-05,0.0,0.0,0.0,0.0,0.0,0.0,1.0
1779285804.893173,2.46179186078688,-2789932749474912.5,-1.5707948368324485,4.702114041928901e+16,6.94413186208934e-05,0.0,0.0,0.0,0.0,0.0,0.0,1.0
1779285804.9033825,2.46247707365443,-2806782934301639.0,-1.5707948402783165,4.721255492962856e+16,-6.944131862089378e-05,0.0,0.0,0.0,0.0,0.0,0.0,1.0
1779285804.9134896,2.462426928252726,-2816784350522866.0,-1.5707948431959189,4.7385842070412216e+16,6.944131862089327e-05,0.0,0.0,0.0,0.0,0.0,0.0,1.0
1779285804.9238374,2.4619826352083325,-2823321226893445.0,-1.570794845929057,4.755553577224775e+16,-6.944131862089387e-05,0.0,0.0,0.0,0.0,0.0,0.0,1.0
1779285804.934224,2.4623497206065195,-2837537031997860.5,-1.5707948492065897,4.774524982849721e+16,6.944131862089325e-05,0.0,0.0,0.0,0.0,0.0,0.0,1.0
1779285804.944447,2.462115041601537,-2845975025274031.5,-1.5707948520298476,4.791855906232459e+16,-6.944131862089384e-05,0.0,0.0,0.0,0.0,0.0,0.0,1.0
1779285804.9544458,2.4625937541834833,-2860989406991311.0,-1.5707948552454059,4.810458223260077e+16,6.944131862089326e-05,0.0,0.0,0.0,0.0,0.0,0.0,1.0
1779285804.9648273,2.461600894345218,-2862397354789895.0,-1.570794857612907,4.826456609992324e+16,-6.944131862089383e-05,0.0,0.0,0.0,0.0,0.0,0.0,1.0
1779285804.9748197,2.46257423319721,-2882163348434574.0,-1.5707948611385156,4.846311589695946e+16,6.944131862089327e-05,0.0,0.0,0.0,0.0,0.0,0.0,1.0
1779285804.9854012,2.461286871521474,-2880916742715856.0,-1.5707948633673117,4.8621043784616296e+16,-6.944131862089383e-05,0.0,0.0,0.0,0.0,0.0,0.0,1.0
1779285804.995328,2.462299475765172,-2901090370571778.0,-1.570794866889691,4.8820719701987464e+16,6.944131862089327e-05,0.0,0.0,0.0,0.0,0.0,0.0,1.0
1779285805.0053809,2.4630938188987144,-2919560229413161.0,-1.570794870305891,4.901886443673343e+16,-6.944131862089383e-05,0.0,0.0,0.0,0.0,0.0,0.0,1.0
1779285805.0159965,2.462338026323822,-2923678756417540.0,-1.5707948728929468,4.919266105810897e+16,6.944131862089327e-05,0.0,0.0,0.0,0.0,0.0,0.0,1.0
1779285805.0263872,2.4624419092728504,-2935845331336331.5,-1.5707948759593124,4.938269024847301e+16,-6.944131862089383e-05,0.0,0.0,0.0,0.0,0.0,0.0,1.0
1779285805.0369062,2.462396518414845,-2946747587316066.0,-1.570794878967347,4.957261009338156e+16,6.944131862089337e-05,0.0,0.0,0.0,0.0,0.0,0.0,1.0
1779285805.0475495,2.461687230102584,-2951240562870367.0,-1.5707948815814468,4.974973059742843e+16,-6.944131862089359e-05,0.0,0.0,0.0,0.0,0.0,0.0,1.0
1779285805.057783,2.4620500137106784,-2965827819065066.0,-1.5707948847528268,4.994478205595175e+16,6.944131862089364e-05,0.0,0.0,0.0,0.0,0.0,0.0,1.0
1779285805.0684967,2.4612073716910166,-2969035734680247.0,-1.5707948872970254,5.0121333203372456e+16,-6.944131862089337e-05,0.0,0.0,0.0,0.0,0.0,0.0,1.0
1779285805.0788612,2.4619696310236328,-2987793493716023.5,-1.5707948907588078,5.0330207995048744e+16,6.94413186208938e-05,0.0,0.0,0.0,0.0,0.0,0.0,1.0
1779285805.0894492,2.4617972531800243,-2997654092677234.0,-1.5707948936895537,5.0522032224786904e+16,-6.944131862089326e-05,0.0,0.0,0.0,0.0,0.0,0.0,1.0
1779285805.0996275,2.4616331862420644,-3007157612623784.5,-1.5707948964901277,5.070605792080579e+16,6.944131862089383e-05,0.0,0.0,0.0,0.0,0.0,0.0,1.0
1779285805.1101186,2.4618259101310764,-3020621582930748.0,-1.5707948996158096,5.090621398082336e+16,-6.944131862089327e-05,0.0,0.0,0.0,0.0,0.0,0.0,1.0
1779285805.1202545,2.4616962903380686,-3030514319955374.0,-1.5707949024166763,5.10915424354786e+16,6.944131862089383e-05,0.0,0.0,0.0,0.0,0.0,0.0,1.0
1779285805.1307395,2.4618405096670655,-3043597504864272.0,-1.570794905500283,5.129185159012064e+16,-6.944131862089327e-05,0.0,0.0,0.0,0.0,0.0,0.0,1.0
1779285805.1409903,2.4620437468015606,-3057118743891166.5,-1.5707949085431419,5.1489469899647016e+16,6.944131862089383e-05,0.0,0.0,0.0,0.0,0.0,0.0,1.0
1779285805.151071,2.4621517188076774,-3069563930447688.0,-1.570794911467515,5.168187295645161e+16,-6.944131862089327e-05,0.0,0.0,0.0,0.0,0.0,0.0,1.0
1779285805.1611931,2.462290172315995,-3082431871432850.5,-1.5707949144202238,5.187669796875539e+16,6.944131862089383e-05,0.0,0.0,0.0,0.0,0.0,0.0,1.0
1779285805.1717827,2.461873165040865,-3090132220044640.5,-1.5707949171651763,5.206833021572547e+16,-6.944131862089327e-05,0.0,0.0,0.0,0.0,0.0,0.0,1.0
1779285805.181964,2.462098082127321,-3103990231929004.0,-1.5707949201817084,5.226796210102178e+16,6.944131862089383e-05,0.0,0.0,0.0,0.0,0.0,0.0,1.0
1779285805.1922543,2.462137649229037,-3116132719733907.0,-1.570794923111007,5.246601973897415e+16,-6.944131862089327e-05,0.0,0.0,0.0,0.0,0.0,0.0,1.0
1779285805.2024057,2.462025267218088,-3126576865170532.5,-1.5707949258976,5.265795315614067e+16,6.944131862089379e-05,0.0,0.0,0.0,0.0,0.0,0.0,1.0
1779285805.2124937,2.4623983684005637,-3142060172792190.0,-1.5707949289626058,5.286150200587345e+16,-6.944131862089344e-05,0.0,0.0,0.0,0.0,0.0,0.0,1.0
1779285805.2229993,2.4617296199177967,-3147156547282451.0,-1.5707949315050302,5.304844668096105e+16,6.944131862089353e-05,0.0,0.0,0.0,0.0,0.0,0.0,1.0
1779285805.233212,2.462082999378096,-3162615619420273.0,-1.5707949345878185,5.325566781149071e+16,-6.944131862089367e-05,0.0,0.0,0.0,0.0,0.0,0.0,1.0
1779285805.2437098,2.4621272401228667,-3175255898020720.0,-1.5707949375636339,5.3462140742648136e+16,6.944131862089336e-05,0.0,0.0,0.0,0.0,0.0,0.0,1.0
1779285805.254008,2.4617366366551563,-3183073939904678.5,-1.570794940202302,5.365362896249476e+16,-6.94413186208938e-05,0.0,0.0,0.0,0.0,0.0,0.0,1.0
1779285805.2643385,2.4622814731468012,-3200902815107499.0,-1.5707949434280628,5.387091555818375e+16,6.944131862089326e-05,0.0,0.0,0.0,0.0,0.0,0.0,1.0
1779285805.2747445,2.4621972624182993,-3212254217534051.0,-1.5707949462852124,5.4074531830864e+16,-6.944131862089383e-05,0.0,0.0,0.0,0.0,0.0,0.0,1.0
1779285805.2852244,2.461825586575977,-3220599493638695.5,-1.5707949489823643,5.427288458030061e+16,6.944131862089327e-05,0.0,0.0,0.0,0.0,0.0,0.0,1.0
1779285805.295691,2.461757446996404,-3232166909853135.0,-1.570794951858487,5.44795667874022e+16,-6.944131862089383e-05,0.0,0.0,0.0,0.0,0.0,0.0,1.0
1779285805.3059037,2.46184677128967,-3245185366828011.5,-1.5707949547476852,5.468535256693357e+16,6.944131862089327e-05,0.0,0.0,0.0,0.0,0.0,0.0,1.0
1779285805.3162055,2.4618951648813256,-3257918967282856.5,-1.5707949576314866,5.4892596375574936e+16,-6.944131862089383e-05,0.0,0.0,0.0,0.0,0.0,0.0,1.0
1779285805.3265965,2.4621755190148242,-3273387010337253.5,-1.570794960686806,5.510932022990157e+16,6.944131862089327e-05,0.0,0.0,0.0,0.0,0.0,0.0,1.0
1779285805.3371754,2.462022865329389,-3284393591651114.0,-1.5707949635196945,5.531881815225891e+16,-6.944131862089383e-05,0.0,0.0,0.0,0.0,0.0,0.0,1.0
1779285805.3472846,2.461983056993305,-3296185409765505.5,-1.5707949662961442,5.552305455297902e+16,6.944131862089327e-05,0.0,0.0,0.0,0.0,0.0,0.0,1.0
1779285805.357588,2.461536422771735,-3303668233872218.5,-1.5707949688662388,5.572043679811443e+16,-6.944131862089383e-05,0.0,0.0,0.0,0.0,0.0,0.0,1.0
1779285805.3678215,2.462282410803032,-3324281993429524.0,-1.5707949721380146,5.5949306959703976e+16,6.944131862089327e-05,0.0,0.0,0.0,0.0,0.0,0.0,1.0
1779285805.3784196,2.4618421880911465,-3332311805445444.0,-1.570794974791682,5.615502550454395e+16,-6.944131862089374e-05,0.0,0.0,0.0,0.0,0.0,0.0,1.0
1779285805.389023,2.460953320498288,-3335278333834325.0,-1.5707949771826903,5.635006960180887e+16,6.944131862089352e-05,0.0,0.0,0.0,0.0,0.0,0.0,1.0
1779285805.3993871,2.461910725605477,-3358534804616936.5,-1.570794980605631,5.659008081032831e+16,-6.944131862089346e-05,0.0,0.0,0.0,0.0,0.0,0.0,1.0
1779285805.4095087,2.4621197293800234,-3373389900145422.5,-1.5707949835014432,5.680526816708103e+16,6.944131862089372e-05,0.0,0.0,0.0,0.0,0.0,0.0,1.0
1779285805.4198773,2.4619523754969035,-3384368129920522.0,-1.5707949862407482,5.70166665524041e+16,-6.944131862089332e-05,0.0,0.0,0.0,0.0,0.0,0.0,1.0
1779285805.4300215,2.4619551164763727,-3396998657392056.5,-1.5707949890084305,5.7228110485115864e+16,6.944131862089383e-05,0.0,0.0,0.0,0.0,0.0,0.0,1.0
1779285805.4402223,2.4619438169840273,-3409584118820452.5,-1.5707949917818977,5.7441382251552136e+16,-6.944131862089323e-05,0.0,0.0,0.0,0.0,0.0,0.0,1.0
1779285805.4502518,2.4623461358183776,-3426744350067806.0,-1.5707949947459112,5.76628871077473e+16,6.944131862089386e-05,0.0,0.0,0.0,0.0,0.0,0.0,1.0
1779285805.4604611,2.462445388352337,-3440786351625545.5,-1.5707949975784399,5.78811047691992e+16,-6.944131862089326e-05,0.0,0.0,0.0,0.0,0.0,0.0,1.0
1779285805.4710546,2.4621810875324224,-3451180889998629.0,-1.5707950003096824,5.8099432176069096e+16,6.944131862089383e-05,0.0,0.0,0.0,0.0,0.0,0.0,1.0
1779285805.4815927,2.461976192396966,-3462157924980658.0,-1.5707950030535398,5.831869489767073e+16,-6.944131862089327e-05,0.0,0.0,0.0,0.0,0.0,0.0,1.0
1779285805.4916673,2.4622095467320686,-3477649129142798.0,-1.5707950059119038,5.8539820121491896e+16,6.944131862089383e-05,0.0,0.0,0.0,0.0,0.0,0.0,1.0
1779285805.5017605,2.4622539461440054,-3491056277114706.0,-1.5707950086583582,5.87567992209038e+16,-6.944131862089327e-05,0.0,0.0,0.0,0.0,0.0,0.0,1.0
1779285805.5122066,2.4617858819045457,-3498951511927955.5,-1.5707950112060922,5.896869638907342e+16,6.944131862089383e-05,0.0,0.0,0.0,0.0,0.0,0.0,1.0
1779285805.5221322,2.4628632872645473,-3524319347593245.0,-1.5707950145048373,5.921290120883626e+16,-6.944131862089327e-05,0.0,0.0,0.0,0.0,0.0,0.0,1.0
1779285805.5327017,2.462067313566621,-3528709102103910.0,-1.5707950168913458,5.94203371896129e+16,6.944131862089383e-05,0.0,0.0,0.0,0.0,0.0,0.0,1.0
1779285805.5429928,2.4622663374415428,-3544359206997327.5,-1.5707950197736924,5.965010115804457e+16,-6.944131862089327e-05,0.0,0.0,0.0,0.0,0.0,0.0,1.0
1779285805.5537293,2.46188998068234,-3553833223093315.5,-1.570795022448737,5.987519739817962e+16,6.94413186208937e-05,0.0,0.0,0.0,0.0,0.0,0.0,1.0
1779285805.5643559,2.461529756423117,-3563300669310281.0,-1.5707950250950535,6.009862743395302e+16,-6.944131862089356e-05,0.0,0.0,0.0,0.0,0.0,0.0,1.0
1779285805.5748205,2.4614491947782784,-3575881679364840.0,-1.5707950278533538,6.0326986763628984e+16,6.944131862089344e-05,0.0,0.0,0.0,0.0,0.0,0.0,1.0
1779285805.5848155,2.4620476143027457,-3596084437918166.0,-1.5707950308617273,6.056425375750372e+16,-6.944131862089375e-05,0.0,0.0,0.0,0.0,0.0,0.0,1.0
1779285805.5949695,2.462103538258363,-3610164160971131.5,-1.5707950335992376,6.079074893903959e+16,6.944131862089329e-05,0.0,0.0,0.0,0.0,0.0,0.0,1.0
1779285805.6055405,2.461588986630974,-3617915163908117.5,-1.5707950361251326,6.101170059849524e+16,-6.944131862089386e-05,0.0,0.0,0.0,0.0,0.0,0.0,1.0
1779285805.615706,2.462142982614262,-3638070455422540.0,-1.5707950391458172,6.125482773813597e+16,6.944131862089326e-05,0.0,0.0,0.0,0.0,0.0,0.0,1.0
1779285805.626,2.4619537301598946,-3649520353156720.0,-1.5707950417710645,6.148018986574556e+16,-6.944131862089383e-05,0.0,0.0,0.0,0.0,0.0,0.0,1.0
1779285805.6360965,2.462362535723883,-3668043829679218.0,-1.5707950446778123,6.171914140335531e+16,6.944131862089327e-05,0.0,0.0,0.0,0.0,0.0,0.0,1.0
1779285805.646268,2.4624019575227614,-3682277355352928.5,-1.5707950473889214,6.194987883032657e+16,-6.944131862089383e-05,0.0,0.0,0.0,0.0,0.0,0.0,1.0
1779285805.6568859,2.4617086978355047,-3688043168390452.5,-1.5707950497975873,6.217005416821248e+16,6.944131862089327e-05,0.0,0.0,0.0,0.0,0.0,0.0,1.0
1779285805.667063,2.4625198927700165,-3711804357468479.0,-1.5707950529452133,6.242594172922376e+16,-6.944131862089383e-05,0.0,0.0,0.0,0.0,0.0,0.0,1.0
1779285805.6772485,2.4622156958029358,-3721964643506507.5,-1.570795055452385,6.264934175551959e+16,6.944131862089327e-05,0.0,0.0,0.0,0.0,0.0,0.0,1.0
1779285805.6878264,2.4619327757223317,-3732870928683361.0,-1.5707950580845416,6.28844690277079e+16,-6.944131862089383e-05,0.0,0.0,0.0,0.0,0.0,0.0,1.0
1779285805.6983554,2.461828273092443,-3745919320474277.5,-1.5707950607990628,6.312449263931862e+16,6.944131862089327e-05,0.0,0.0,0.0,0.0,0.0,0.0,1.0
1779285805.7087052,2.462071289344043,-3763138701179109.5,-1.570795063653592,6.337130323670474e+16,-6.944131862089383e-05,0.0,0.0,0.0,0.0,0.0,0.0,1.0
1779285805.71887,2.461886018941623,-3774807493205635.0,-1.5707950662048609,6.360085508855159e+16,6.944131862089332e-05,0.0,0.0,0.0,0.0,0.0,0.0,1.0
1779285805.7290826,2.4622570290675423,-3793619819317341.5,-1.5707950690843775,6.3850016107677736e+16,-6.944131862089361e-05,0.0,0.0,0.0,0.0,0.0,0.0,1.0
1779285805.7391498,2.4624367887924707,-3809957106954828.5,-1.570795071808099,6.409036153332643e+16,6.944131862089361e-05,0.0,0.0,0.0,0.0,0.0,0.0,1.0
1779285805.7498517,2.462046957285671,-3819984785260126.0,-1.5707950743939803,6.433104063918745e+16,-6.94413186208934e-05,0.0,0.0,0.0,0.0,0.0,0.0,1.0
1779285805.7604308,2.4618286827499176,-3831973646953442.0,-1.5707950770351844,6.457444945870584e+16,6.944131862089378e-05,0.0,0.0,0.0,0.0,0.0,0.0,1.0
1779285805.7707362,2.4618766368224096,-3847012948183195.0,-1.5707950797418848,6.4819688511687176e+16,-6.944131862089327e-05,0.0,0.0,0.0,0.0,0.0,0.0,1.0
1779285805.7812228,2.4618942673314086,-3861988993047470.0,-1.5707950824805832,6.506985398498004e+16,6.944131862089387e-05,0.0,0.0,0.0,0.0,0.0,0.0,1.0
1779285805.7914805,2.462007291453683,-3877953418284981.0,-1.570795085201289,6.531773297678735e+16,-6.944131862089325e-05,0.0,0.0,0.0,0.0,0.0,0.0,1.0
1779285805.8022254,2.4610254901582285,-3880407736702188.5,-1.570795087450295,6.554516908337028e+16,6.944131862089384e-05,0.0,0.0,0.0,0.0,0.0,0.0,1.0
1779285805.8121507,2.462180558457195,-3909453811114785.5,-1.570795090645695,6.581876098266031e+16,-6.944131862089326e-05,0.0,0.0,0.0,0.0,0.0,0.0,1.0
1779285805.8224638,2.4616998981083262,-3917968877986482.0,-1.5707950930397587,6.605198058293814e+16,6.944131862089383e-05,0.0,0.0,0.0,0.0,0.0,0.0,1.0
1779285805.832608,2.4620907311297717,-3937645088024588.0,-1.5707950958649066,6.630936109624569e+16,-6.944131862089327e-05,0.0,0.0,0.0,0.0,0.0,0.0,1.0
1779285805.8427029,2.4623960472959583,-3956301726929523.0,-1.5707950986245025,6.65637800385334e+16,6.944131862089383e-05,0.0,0.0,0.0,0.0,0.0,0.0,1.0
1779285805.8528366,2.462286832626441,-3969650986696360.0,-1.5707951011629013,6.680696370320263e+16,-6.944131862089327e-05,0.0,0.0,0.0,0.0,0.0,0.0,1.0
1779285805.86342,2.461851433729426,-3979300491113647.0,-1.5707951036473748,6.705298529196814e+16,6.944131862089383e-05,0.0,0.0,0.0,0.0,0.0,0.0,1.0
1779285805.8741417,2.4618889267542863,-3995400369649201.0,-1.5707951064281007,6.7319170388671656e+16,-6.944131862089327e-05,0.0,0.0,0.0,0.0,0.0,0.0,1.0
1779285805.8842587,2.462079063928859,-4012750909729567.0,-1.5707951091112007,6.757404751384789e+16,6.944131862089383e-05,0.0,0.0,0.0,0.0,0.0,0.0,1.0
1779285805.894527,2.461757873514434,-4023532950028995.0,-1.5707951115542254,6.781743695736957e+16,-6.944131862089337e-05,0.0,0.0,0.0,0.0,0.0,0.0,1.0
1779285805.904693,2.4623366658808217,-4046313782346540.5,-1.5707951144560062,6.808851384977414e+16,6.944131862089359e-05,0.0,0.0,0.0,0.0,0.0,0.0,1.0
1779285805.9148953,2.462323258051782,-4061346486922980.0,-1.5707951170419157,6.8342333876118824e+16,-6.944131862089364e-05,0.0,0.0,0.0,0.0,0.0,0.0,1.0
1779285805.9252024,2.462284060523468,-4076218576964498.5,-1.5707951196388295,6.859917224310189e+16,6.944131862089337e-05,0.0,0.0,0.0,0.0,0.0,0.0,1.0
1779285805.9357483,2.4620854918227484,-4089300649389218.0,-1.5707951222139525,6.885857759351016e+16,-6.94413186208938e-05,0.0,0.0,0.0,0.0,0.0,0.0,1.0
1779285805.9461982,2.46187072188013,-4102007217181004.5,-1.5707951247486045,6.9115548826355896e+16,6.944131862089326e-05,0.0,0.0,0.0,0.0,0.0,0.0,1.0
1779285805.9564998,2.4617061379910807,-4115126487695291.0,-1.5707951272551106,6.936986979015689e+16,-6.944131862089383e-05,0.0,0.0,0.0,0.0,0.0,0.0,1.0
1779285805.9666653,2.4624374371583193,-4140515116210427.5,-1.570795130210369,6.965227741143951e+16,6.944131862089327e-05,0.0,0.0,0.0,0.0,0.0,0.0,1.0
1779285805.9769225,2.4618285380919906,-4147672842372442.5,-1.5707951324612952,6.989275025688757e+16,-6.944131862089383e-05,0.0,0.0,0.0,0.0,0.0,0.0,1.0
1779285805.9869888,2.462226648559807,-4168470519683108.5,-1.5707951351993488,7.016301713832244e+16,6.944131862089327e-05,0.0,0.0,0.0,0.0,0.0,0.0,1.0
1779285805.9970088,2.46259652267908,-4188997175789975.5,-1.5707951379053278,7.043219064140445e+16,-6.944131862089383e-05,0.0,0.0,0.0,0.0,0.0,0.0,1.0
1779285806.0072691,2.4626082692023,-4205032866494971.0,-1.570795140484835,7.069748691492501e+16,6.944131862089327e-05,0.0,0.0,0.0,0.0,0.0,0.0,1.0
1779285806.0178933,2.4619746428867413,-4212544556470047.5,-1.5707951428160736,7.095209120232063e+16,-6.944131862089383e-05,0.0,0.0,0.0,0.0,0.0,0.0,1.0
1779285806.0278962,2.4625000724729844,-4235377993638817.5,-1.5707951455861688,7.122905218411874e+16,6.944131862089327e-05,0.0,0.0,0.0,0.0,0.0,0.0,1.0
1779285806.0379872,2.462679523098716,-4253662745630358.5,-1.570795148193323,7.149794337256918e+16,-6.944131862089383e-05,0.0,0.0,0.0,0.0,0.0,0.0,1.0
1779285806.0485156,2.462476285369461,-4267270312249187.0,-1.5707951507163271,7.17677256001598e+16,6.944131862089327e-05,0.0,0.0,0.0,0.0,0.0,0.0,1.0
1779285806.0591943,2.461501299757444,-4270019416129297.5,-1.570795152868379,7.201589320244254e+16,-6.944131862089379e-05,0.0,0.0,0.0,0.0,0.0,0.0,1.0
1779285806.0694802,2.4619498554094763,-4292363671706318.0,-1.5707951556569912,7.230250545119493e+16,6.944131862089344e-05,0.0,0.0,0.0,0.0,0.0,0.0,1.0
1779285806.0800269,2.461720314215657,-4305568368874725.5,-1.5707951581587736,7.257460712741758e+16,-6.944131862089353e-05,0.0,0.0,0.0,0.0,0.0,0.0,1.0
1779285806.0903413,2.4614651369227816,-4317936135037146.0,-1.5707951605612192,7.283778962583435e+16,6.944131862089367e-05,0.0,0.0,0.0,0.0,0.0,0.0,1.0
1779285806.1007519,2.461961538595449,-4341475195769883.5,-1.5707951633986414,7.313340760014333e+16,-6.944131862089336e-05,0.0,0.0,0.0,0.0,0.0,0.0,1.0
1779285806.111097,2.4617217250830805,-4354418637691264.0,-1.5707951658284505,7.340216955169648e+16,6.94413186208938e-05,0.0,0.0,0.0,0.0,0.0,0.0,1.0
1779285806.1211529,2.462522907584776,-4382147703860810.0,-1.5707951687164623,7.370005973212666e+16,-6.944131862089326e-05,0.0,0.0,0.0,0.0,0.0,0.0,1.0
1779285806.1312983,2.462666185196574,-4400688040640706.5,-1.5707951712831971,7.39787305861645e+16,6.944131862089383e-05,0.0,0.0,0.0,0.0,0.0,0.0,1.0
1779285806.14136,2.4628481553110984,-4419762578401409.0,-1.5707951738435044,7.425742248544608e+16,-6.944131862089327e-05,0.0,0.0,0.0,0.0,0.0,0.0,1.0
1779285806.1516356,2.4627518086346223,-4435154589471772.0,-1.5707951763135874,7.45337654060676e+16,6.944131862089383e-05,0.0,0.0,0.0,0.0,0.0,0.0,1.0
1779285806.16196,2.4624561201867037,-4447654212991515.5,-1.5707951786883856,7.480523775182414e+16,-6.944131862089327e-05,0.0,0.0,0.0,0.0,0.0,0.0,1.0
1779285806.1725695,2.4619462981212195,-4457353495187568.5,-1.5707951810269951,7.507873212641322e+16,6.944131862089383e-05,0.0,0.0,0.0,0.0,0.0,0.0,1.0
1779285806.183001,2.4617666923805457,-4471592667675874.5,-1.57079518348204,7.535938188736122e+16,-6.944131862089327e-05,0.0,0.0,0.0,0.0,0.0,0.0,1.0
1779285806.193304,2.4614855583803443,-4484093624750763.0,-1.5707951858436808,7.563297966006816e+16,6.944131862089383e-05,0.0,0.0,0.0,0.0,0.0,0.0,1.0
1779285806.2036085,2.462483548148318,-4515926158005308.0,-1.570795188861749,7.595503973997024e+16,-6.944131862089327e-05,0.0,0.0,0.0,0.0,0.0,0.0,1.0
1779285806.2138238,2.4622373636014396,-4529192208498934.0,-1.5707951912136848,7.622995089657038e+16,6.944131862089383e-05,0.0,0.0,0.0,0.0,0.0,0.0,1.0
1779285806.224422,2.4620586008468943,-4544055303885759.0,-1.5707951936973497,7.65201400146193e+16,-6.944131862089327e-05,0.0,0.0,0.0,0.0,0.0,0.0,1.0
1779285806.2350297,2.4616526323747685,-4555484091142240.0,-1.570795196067081,7.680359430863075e+16,6.944131862089374e-05,0.0,0.0,0.0,0.0,0.0,0.0,1.0
1779285806.245429,2.462207712370143,-4581261643205936.0,-1.570795198867462,7.711746159120232e+16,-6.944131862089352e-05,0.0,0.0,0.0,0.0,0.0,0.0,1.0
1779285806.2558868,2.4618269645920874,-4592999090466928.0,-1.5707952012019664,7.739927793754283e+16,6.944131862089346e-05,0.0,0.0,0.0,0.0,0.0,0.0,1.0
1779285806.2664208,2.4614252214629126,-4604454233284650.0,-1.5707952035422532,7.7683622332749e+16,-6.944131862089372e-05,0.0,0.0,0.0,0.0,0.0,0.0,1.0
1779285806.2769356,2.461190965959157,-4618278764276867.0,-1.5707952059381283,7.797215165753162e+16,6.944131862089332e-05,0.0,0.0,0.0,0.0,0.0,0.0,1.0
1779285806.287051,2.4619798432888342,-4647570186798105.0,-1.5707952087692227,7.829121828388181e+16,-6.944131862089383e-05,0.0,0.0,0.0,0.0,0.0,0.0,1.0
1779285806.2974687,2.461206322099486,-4653208657708547.0,-1.5707952108741985,7.856017176379216e+16,6.944131862089323e-05,0.0,0.0,0.0,0.0,0.0,0.0,1.0
1779285806.307454,2.4623944238301494,-4688732213131520.0,-1.5707952138518229,7.889153494256494e+16,-6.944131862089386e-05,0.0,0.0,0.0,0.0,0.0,0.0,1.0
1779285806.3178377,2.462413667150793,-4707056478045143.0,-1.570795216347321,7.919315578066597e+16,6.944131862089326e-05,0.0,0.0,0.0,0.0,0.0,0.0,1.0
1779285806.3284585,2.46177931937208,-4715488019081740.0,-1.570795218573039,7.947831388021712e+16,-6.944131862089383e-05,0.0,0.0,0.0,0.0,0.0,0.0,1.0
1779285806.3387723,2.4622238349668475,-4740342522043402.0,-1.5707952212512513,7.979586120308834e+16,6.944131862089327e-05,0.0,0.0,0.0,0.0,0.0,0.0,1.0
1779285806.3492079,2.4617475693981374,-4750974089410998.0,-1.5707952234995426,8.008316443029568e+16,-6.944131862089383e-05,0.0,0.0,0.0,0.0,0.0,0.0,1.0
1779285806.3592486,2.462101480291868,-4774070937525856.0,-1.570795226049251,8.039025836334918e+16,6.944131862089327e-05,0.0,0.0,0.0,0.0,0.0,0.0,1.0
1779285806.3698716,2.4620122521655965,-4791271097216019.0,-1.5707952285314368,8.070108265724662e+16,-6.944131862089383e-05,0.0,0.0,0.0,0.0,0.0,0.0,1.0
1779285806.3805144,2.4615115878703606,-4801906170319869.0,-1.5707952308107196,8.09975020139748e+16,6.944131862089327e-05,0.0,0.0,0.0,0.0,0.0,0.0,1.0
1779285806.391205,2.4601172414605417,-4797976512028782.0,-1.5707952326491266,8.126009413411248e+16,-6.944131862089383e-05,0.0,0.0,0.0,0.0,0.0,0.0,1.0
1779285806.401058,2.4621339723943785,-4847617218993615.0,-1.5707952359533939,8.163090731304002e+16,6.944131862089327e-05,0.0,0.0,0.0,0.0,0.0,0.0,1.0
1779285806.4112625,2.4621684393665753,-4866446086422692.0,-1.5707952383693704,8.193711748538792e+16,-6.94413186208937e-05,0.0,0.0,0.0,0.0,0.0,0.0,1.0
1779285806.4215279,2.462393617396525,-4888576233507463.0,-1.5707952408915817,8.225432782481754e+16,6.944131862089356e-05,0.0,0.0,0.0,0.0,0.0,0.0,1.0
1779285806.4318306,2.46247469223585,-4908554635835997.0,-1.5707952433494676,8.256847569885426e+16,-6.944131862089344e-05,0.0,0.0,0.0,0.0,0.0,0.0,1.0
1779285806.442367,2.461868601285015,-4917686589838267.0,-1.5707952455277472,8.286412229241298e+16,6.944131862089375e-05,0.0,0.0,0.0,0.0,0.0,0.0,1.0
1779285806.4525833,2.461448255710302,-4929105349429316.0,-1.570795247705441,8.315658625439733e+16,-6.944131862089329e-05,0.0,0.0,0.0,0.0,0.0,0.0,1.0
1779285806.4624627,2.4628099430551234,-4969443969709288.0,-1.5707952506581297,8.35105294305014e+16,6.944131862089386e-05,0.0,0.0,0.0,0.0,0.0,0.0,1.0
1779285806.4729557,2.4618427268685403,-4972587765106840.0,-1.5707952526269602,8.379184308156309e+16,-6.944131862089326e-05,0.0,0.0,0.0,0.0,0.0,0.0,1.0
1779285806.482875,2.463140547490355,-5012364414194301.0,-1.5707952555511064,8.414781837586069e+16,6.944131862089383e-05,0.0,0.0,0.0,0.0,0.0,0.0,1.0
1779285806.4934862,2.4624977503807695,-5021379429762770.0,-1.5707952577135738,8.445059244577038e+16,-6.944131862089327e-05,0.0,0.0,0.0,0.0,0.0,0.0,1.0
1779285806.5035863,2.462601244330023,-5041814798129039.0,-1.570795260097144,8.476665335944632e+16,6.944131862089383e-05,0.0,0.0,0.0,0.0,0.0,0.0,1.0
1779285806.5139372,2.4624750707900955,-5058917225421829.0,-1.5707952624314323,8.508337213897637e+16,-6.944131862089327e-05,0.0,0.0,0.0,0.0,0.0,0.0,1.0
1779285806.5244722,2.46232898002353,-5076014738593689.0,-1.570795264798068,8.540671511607842e+16,6.944131862089383e-05,0.0,0.0,0.0,0.0,0.0,0.0,1.0
1779285806.5349877,2.461901351936844,-5088282714349600.0,-1.5707952670209155,8.57188206535918e+16,-6.944131862089327e-05,0.0,0.0,0.0,0.0,0.0,0.0,1.0
1779285806.5452046,2.46170998792805,-5103937545344812.0,-1.5707952692747957,8.603092941142867e+16,6.944131862089383e-05,0.0,0.0,0.0,0.0,0.0,0.0,1.0
1779285806.5555904,2.462046973453821,-5128992963572712.0,-1.5707952718210452,8.637241747159418e+16,-6.944131862089327e-05,0.0,0.0,0.0,0.0,0.0,0.0,1.0
1779285806.5660706,2.4622192481894207,-5151627371795042.0,-1.570795274309847,8.67119903270768e+16,6.944131862089383e-05,0.0,0.0,0.0,0.0,0.0,0.0,1.0
1779285806.5763571,2.4617479486239517,-5162899625474928.0,-1.5707952764385655,8.701865251583427e+16,-6.944131862089332e-05,0.0,0.0,0.0,0.0,0.0,0.0,1.0
1779285806.5867155,2.4618879167842764,-5184764120682514.0,-1.5707952788659116,8.735394777277571e+16,6.944131862089361e-05,0.0,0.0,0.0,0.0,0.0,0.0,1.0
1779285806.5967872,2.462444619777071,-5213605483880704.0,-1.570795281425012,8.769963327311075e+16,-6.944131862089361e-05,0.0,0.0,0.0,0.0,0.0,0.0,1.0
1779285806.6069207,2.4622300879286474,-5229306165227989.0,-1.5707952836254235,8.801528299355058e+16,6.94413186208934e-05,0.0,0.0,0.0,0.0,0.0,0.0,1.0
1779285806.6175618,2.462031012371254,-5246209779723072.0,-1.5707952859592604,8.835140433268675e+16,-6.944131862089378e-05,0.0,0.0,0.0,0.0,0.0,0.0,1.0
1779285806.6280684,2.4617496413665,-5261407207770368.0,-1.570795288216641,8.868027467043197e+16,6.944131862089327e-05,0.0,0.0,0.0,0.0,0.0,0.0,1.0
1779285806.6385899,2.461850687335426,-5283365697819575.0,-1.570795290652029,8.902717831542274e+16,-6.944131862089387e-05,0.0,0.0,0.0,0.0,0.0,0.0,1.0
1779285806.6492617,2.46122434339668,-5292827319679118.0,-1.5707952927831788,8.934974988363771e+16,6.944131862089325e-05,0.0,0.0,0.0,0.0,0.0,0.0,1.0
1779285806.6596699,2.4618735382889443,-5324380964650553.0,-1.5707952954382418,8.9718853216012e+16,-6.944131862089384e-05,0.0,0.0,0.0,0.0,0.0,0.0,1.0
1779285806.6698444,2.461648604230442,-5340201217383454.0,-1.570795297622036,9.004262907785533e+16,6.944131862089326e-05,0.0,0.0,0.0,0.0,0.0,0.0,1.0
1779285806.6799638,2.4619264759730264,-5364936594246671.0,-1.570795300022009,9.038754919495339e+16,-6.944131862089383e-05,0.0,0.0,0.0,0.0,0.0,0.0,1.0
1779285806.690474,2.4619451968100985,-5385955086422752.0,-1.5707953023969052,9.073734771632282e+16,6.944131862089327e-05,0.0,0.0,0.0,0.0,0.0,0.0,1.0
1779285806.7009876,2.461759919551371,-5403378416167461.0,-1.5707953046748426,9.107971494051771e+16,-6.944131862089383e-05,0.0,0.0,0.0,0.0,0.0,0.0,1.0
1779285806.7113872,2.4618555815750045,-5425692069946364.0,-1.570795307049738,9.143143896703698e+16,6.944131862089327e-05,0.0,0.0,0.0,0.0,0.0,0.0,1.0
1779285806.7217765,2.4616066830823624,-5441807182024271.0,-1.5707953092581242,9.176863122579526e+16,-6.944131862089383e-05,0.0,0.0,0.0,0.0,0.0,0.0,1.0
1779285806.7320302,2.46200843416008,-5469565882919924.0,-1.570795311728699,9.213106777822944e+16,6.944131862089327e-05,0.0,0.0,0.0,0.0,0.0,0.0,1.0
1779285806.7421842,2.4618684286685473,-5487403700022724.0,-1.5707953139204975,9.246673866292003e+16,-6.944131862089383e-05,0.0,0.0,0.0,0.0,0.0,0.0,1.0
1779285806.7525263,2.461996234431631,-5510571902304494.0,-1.57079531627835,9.28230151385517e+16,6.944131862089337e-05,0.0,0.0,0.0,0.0,0.0,0.0,1.0
1779285806.7628224,2.4615144405922083,-5522463640645914.0,-1.570795318341129,9.31511437706741e+16,-6.944131862089359e-05,0.0,0.0,0.0,0.0,0.0,0.0,1.0
1779285806.772905,2.461956574512987,-5550988509718056.0,-1.5707953207684806,9.351399557220928e+16,6.944131862089364e-05,0.0,0.0,0.0,0.0,0.0,0.0,1.0
1779285806.7834945,2.4621197464630713,-5575612197149226.0,-1.5707953231915008,9.388568005223008e+16,-6.944131862089337e-05,0.0,0.0,0.0,0.0,0.0,0.0,1.0
1779285806.7941298,2.46189943565789,-5593298648302212.0,-1.5707953254475036,9.424311418852582e+16,6.94413186208938e-05,0.0,0.0,0.0,0.0,0.0,0.0,1.0
1779285806.8046365,2.4619185230027085,-5615212946484582.0,-1.5707953277757059,9.460772207673875e+16,-6.944131862089326e-05,0.0,0.0,0.0,0.0,0.0,0.0,1.0
1779285806.814936,2.461576352689974,-5629966917740094.0,-1.5707953298853996,9.49488575598007e+16,6.944131862089383e-05,0.0,0.0,0.0,0.0,0.0,0.0,1.0
1779285806.825221,2.4615476529542475,-5650547216890981.0,-1.570795332127821,9.530484441324083e+16,-6.944131862089327e-05,0.0,0.0,0.0,0.0,0.0,0.0,1.0
1779285806.8356137,2.4613875564511876,-5668927546645571.0,-1.5707953343347933,9.566049903274496e+16,6.944131862089383e-05,0.0,0.0,0.0,0.0,0.0,0.0,1.0
1779285806.8460004,2.4618473517267483,-5699173242405780.0,-1.5707953368146412,9.604614588514403e+16,-6.944131862089327e-05,0.0,0.0,0.0,0.0,0.0,0.0,1.0
1779285806.8564167,2.461373529047033,-5711868877058186.0,-1.570795338878783,9.639083545775277e+16,6.944131862089383e-05,0.0,0.0,0.0,0.0,0.0,0.0,1.0
1779285806.8668556,2.461940526138253,-5744523172134606.0,-1.5707953414096119,9.67864693486656e+16,-6.944131862089327e-05,0.0,0.0,0.0,0.0,0.0,0.0,1.0
1779285806.8771963,2.46182021966942,-5764068619149472.0,-1.5707953436075384,9.714782366748648e+16,6.944131862089383e-05,0.0,0.0,0.0,0.0,0.0,0.0,1.0
1779285806.887321,2.4618692244961045,-5786448899689620.0,-1.5707953458225623,9.750950024282517e+16,-6.944131862089327e-05,0.0,0.0,0.0,0.0,0.0,0.0,1.0
1779285806.8974564,2.462102550585834,-5812536439540262.0,-1.5707953481180177,9.78817806646096e+16,6.944131862089383e-05,0.0,0.0,0.0,0.0,0.0,0.0,1.0
1779285806.9074855,2.4625778135561416,-5843309339328414.0,-1.5707953504902574,9.826276898752282e+16,-6.944131862089327e-05,0.0,0.0,0.0,0.0,0.0,0.0,1.0
1779285806.9181554,2.4617361943848675,-5849878579563365.0,-1.5707953524330298,9.860876506603723e+16,6.944131862089379e-05,0.0,0.0,0.0,0.0,0.0,0.0,1.0
1779285806.9285738,2.4612491544929864,-5862538594616268.0,-1.5707953544650974,9.896190141494902e+16,-6.944131862089344e-05,0.0,0.0,0.0,0.0,0.0,0.0,1.0
1779285806.9389813,2.4617572834434287,-5894714809167324.0,-1.570795356927842,9.93636012428077e+16,6.944131862089353e-05,0.0,0.0,0.0,0.0,0.0,0.0,1.0
1779285806.9494858,2.4619110872875396,-5920452619578386.0,-1.5707953592569108,9.97544637258869e+16,-6.944131862089367e-05,0.0,0.0,0.0,0.0,0.0,0.0,1.0
1779285806.960147,2.460397837944214,-5913447398175195.0,-1.5707953608888652,1.0007212685493536e+17,6.944131862089336e-05,0.0,0.0,0.0,0.0,0.0,0.0,1.0
1779285806.9702542,2.4620918864943415,-5968775848830628.0,-1.5707953637843604,1.005234476229261e+17,-6.94413186208938e-05,0.0,0.0,0.0,0.0,0.0,0.0,1.0
1779285806.9804626,2.462248003297442,-5994415875731752.0,-1.5707953660307798,1.0090665256052613e+17,6.944131862089326e-05,0.0,0.0,0.0,0.0,0.0,0.0,1.0
1779285806.9908068,2.461728753755842,-6006868564996773.0,-1.5707953680122169,1.0126390001694182e+17,-6.944131862089383e-05,0.0,0.0,0.0,0.0,0.0,0.0,1.0
1779285807.0013478,2.4612501512752836,-6020351561602253.0,-1.5707953700517634,1.016320214053835e+17,6.944131862089327e-05,0.0,0.0,0.0,0.0,0.0,0.0,1.0
1779285807.011284,2.462537496909801,-6068270546656680.0,-1.5707953727091646,1.0206351709523632e+17,-6.944131862089383e-05,0.0,0.0,0.0,0.0,0.0,0.0,1.0
1779285807.0215049,2.462420190294204,-6088904261604384.0,-1.5707953748243817,1.0243979850183667e+17,6.944131862089327e-05,0.0,0.0,0.0,0.0,0.0,0.0,1.0
1779285807.031633,2.4622278116777205,-6107772200002489.0,-1.570795376880311,1.0280954738192728e+17,-6.944131862089383e-05,0.0,0.0,0.0,0.0,0.0,0.0,1.0
1779285807.0417283,2.4624047955528776,-6134113400597459.0,-1.5707953790831224,1.0319764593305902e+17,6.944131862089327e-05,0.0,0.0,0.0,0.0,0.0,0.0,1.0
1779285807.0519514,2.4624170573020407,-6157479626609211.0,-1.5707953812409594,1.03584434271713e+17,-6.944131862089383e-05,0.0,0.0,0.0,0.0,0.0,0.0,1.0
1779285807.062354,2.462499564250699,-6182764853145075.0,-1.5707953834659383,1.0398376935508859e+17,6.944131862089327e-05,0.0,0.0,0.0,0.0,0.0,0.0,1.0
1779285807.072528,2.4624898959157133,-6205744791956300.0,-1.5707953855943195,1.043702141734753e+17,-6.944131862089383e-05,0.0,0.0,0.0,0.0,0.0,0.0,1.0
1779285807.0830898,2.4621805795170473,-6223410262026355.0,-1.5707953876824883,1.0475975916605621e+17,6.944131862089327e-05,0.0,0.0,0.0,0.0,0.0,0.0,1.0
1779285807.0931807,2.4623802088369806,-6250586908870124.0,-1.5707953898715683,1.0515586052194408e+17,-6.944131862089374e-05,0.0,0.0,0.0,0.0,0.0,0.0,1.0
1779285807.1034875,2.462357021122007,-6273757871054255.0,-1.5707953920135695,1.0555174063154493e+17,6.944131862089352e-05,0.0,0.0,0.0,0.0,0.0,0.0,1.0
1779285807.1138527,2.4624589297451784,-6299765934787138.0,-1.5707953942176445,1.0595801369372072e+17,-6.944131862089346e-05,0.0,0.0,0.0,0.0,0.0,0.0,1.0
1779285807.1242256,2.462239427665897,-6319125282949216.0,-1.5707953962839651,1.063496410065671e+17,6.944131862089372e-05,0.0,0.0,0.0,0.0,0.0,0.0,1.0
1779285807.134636,2.4617545085960413,-6332894308218674.0,-1.570795398243378,1.067304864727128e+17,-6.944131862089332e-05,0.0,0.0,0.0,0.0,0.0,0.0,1.0
1779285807.1446767,2.462248366412092,-6366533614145981.0,-1.5707954005236555,1.071468088072427e+17,6.944131862089383e-05,0.0,0.0,0.0,0.0,0.0,0.0,1.0
1779285807.1548996,2.462391479051645,-6393449347579659.0,-1.5707954026965096,1.0755506132303208e+17,-6.944131862089323e-05,0.0,0.0,0.0,0.0,0.0,0.0,1.0
1779285807.1651666,2.4617972568417867,-6404760348792983.0,-1.5707954045659462,1.0792797874262758e+17,6.944131862089386e-05,0.0,0.0,0.0,0.0,0.0,0.0,1.0
1779285807.1753047,2.46240511483564,-6441404786395401.0,-1.570795406896445,1.0835796817334235e+17,-6.944131862089326e-05,0.0,0.0,0.0,0.0,0.0,0.0,1.0
1779285807.1855311,2.462433898299072,-6466293397635960.0,-1.5707954090175738,1.087663802648322e+17,6.944131862089383e-05,0.0,0.0,0.0,0.0,0.0,0.0,1.0
1779285807.1956599,2.462394117281494,-6489488470739450.0,-1.570795411077158,1.0916697048134674e+17,-6.944131862089327e-05,0.0,0.0,0.0,0.0,0.0,0.0,1.0
1779285807.2059014,2.4617495804462015,-6499792756872390.0,-1.5707954129070634,1.0954172735221683e+17,6.944131862089383e-05,0.0,0.0,0.0,0.0,0.0,0.0,1.0
1779285807.2163167,2.4612133911039358,-6512437088404062.0,-1.5707954148006171,1.0992766548754438e+17,-6.944131862089327e-05,0.0,0.0,0.0,0.0,0.0,0.0,1.0
1779285807.226675,2.462264432212165,-6559894899168974.0,-1.5707954173562404,1.1040187601935166e+17,6.944131862089383e-05,0.0,0.0,0.0,0.0,0.0,0.0,1.0
1779285807.2367563,2.4629008820986757,-6598179842683789.0,-1.5707954196637688,1.1084166226595434e+17,-6.944131862089327e-05,0.0,0.0,0.0,0.0,0.0,0.0,1.0
1779285807.2472284,2.462815239420848,-6621952586510655.0,-1.570795421771259,1.1126490424469186e+17,6.944131862089383e-05,0.0,0.0,0.0,0.0,0.0,0.0,1.0
1779285807.257527,2.4628517026015486,-6647978449165382.0,-1.5707954238788906,1.116870160606478e+17,-6.944131862089327e-05,0.0,0.0,0.0,0.0,0.0,0.0,1.0
1779285807.2682116,2.461987357000723,-6654916484085596.0,-1.570795425702149,1.1207969364633126e+17,6.94413186208937e-05,0.0,0.0,0.0,0.0,0.0,0.0,1.0
1779285807.2788157,2.4617034439294536,-6674269961698859.0,-1.5707954277404772,1.1250129147802725e+17,-6.944131862089356e-05,0.0,0.0,0.0,0.0,0.0,0.0,1.0
1779285807.289571,2.461659454261448,-6699345986919464.0,-1.5707954299069196,1.1294455948158357e+17,6.944131862089344e-05,0.0,0.0,0.0,0.0,0.0,0.0,1.0
1779285807.2997413,2.461646430276407,-6723824744788362.0,-1.5707954319482345,1.1336338026254853e+17,-6.944131862089375e-05,0.0,0.0,0.0,0.0,0.0,0.0,1.0
1779285807.3100119,2.4617553762602156,-6751411556734232.0,-1.5707954340579846,1.1379524064715786e+17,6.944131862089329e-05,0.0,0.0,0.0,0.0,0.0,0.0,1.0
1779285807.320562,2.4615125743364943,-6771865287903887.0,-1.5707954360859724,1.142228066049229e+17,-6.944131862089386e-05,0.0,0.0,0.0,0.0,0.0,0.0,1.0
1779285807.330657,2.4619174185279995,-6805983173649611.0,-1.5707954382691942,1.1466629183469731e+17,6.944131862089326e-05,0.0,0.0,0.0,0.0,0.0,0.0,1.0
1779285807.3413277,2.461338081586567,-6819201424845127.0,-1.570795440173377,1.1508242353796347e+17,-6.944131862089383e-05,0.0,0.0,0.0,0.0,0.0,0.0,1.0
1779285807.3516645,2.462262363488403,-6866078072988185.0,-1.5707954426120794,1.1557014222144955e+17,6.944131862089327e-05,0.0,0.0,0.0,0.0,0.0,0.0,1.0
1779285807.362126,2.4622621554476325,-6892579829322824.0,-1.5707954447042323,1.1601436860939762e+17,-6.944131862089383e-05,0.0,0.0,0.0,0.0,0.0,0.0,1.0
1779285807.372666,2.4610309456440675,-6890805599317538.0,-1.5707954463169058,1.1639423384947504e+17,6.944131862089327e-05,0.0,0.0,0.0,0.0,0.0,0.0,1.0
1779285807.3826413,2.4622684606723135,-6944443681406214.0,-1.5707954487833309,1.1688711334644469e+17,-6.944131862089383e-05,0.0,0.0,0.0,0.0,0.0,0.0,1.0
1779285807.3928778,2.46202396789112,-6964965841786130.0,-1.570795450715854,1.1731138729176214e+17,6.944131862089327e-05,0.0,0.0,0.0,0.0,0.0,0.0,1.0
1779285807.4033973,2.4620359029702206,-6992151803549568.0,-1.570795452809331,1.1776562947656723e+17,-6.944131862089383e-05,0.0,0.0,0.0,0.0,0.0,0.0,1.0
1779285807.4140954,2.4611741838945482,-6999176758769221.0,-1.570795454578395,1.1817711456917416e+17,6.944131862089327e-05,0.0,0.0,0.0,0.0,0.0,0.0,1.0
1779285807.4242272,2.462150874370953,-7047974042667246.0,-1.5707954569593938,1.1867083176601035e+17,-6.944131862089383e-05,0.0,0.0,0.0,0.0,0.0,0.0,1.0
1779285807.4342897,2.4625264262479294,-7083014242412326.0,-1.5707954590825406,1.191286324629247e+17,6.944131862089332e-05,0.0,0.0,0.0,0.0,0.0,0.0,1.0
1779285807.4448233,2.4623399235181713,-7106200406033971.0,-1.5707954610861858,1.1957956202162734e+17,-6.944131862089361e-05,0.0,0.0,0.0,0.0,0.0,0.0,1.0
1779285807.455061,2.461650125725879,-7116526870289017.0,-1.570795462821202,1.1998751880270869e+17,6.944131862089361e-05,0.0,0.0,0.0,0.0,0.0,0.0,1.0
1779285807.4656258,2.460687451239188,-7120794946488957.0,-1.570795464515208,1.203963280408204e+17,-6.94413186208934e-05,0.0,0.0,0.0,0.0,0.0,0.0,1.0
1779285807.4753416,2.4628957480565488,-7198798576018607.0,-1.570795467260087,1.2094998067235203e+17,6.944131862089378e-05,0.0,0.0,0.0,0.0,0.0,0.0,1.0
1779285807.4858813,2.462693419286545,-7222185985598003.0,-1.570795469245326,1.2140770199093894e+17,-6.944131862089327e-05,0.0,0.0,0.0,0.0,0.0,0.0,1.0
1779285807.496143,2.462187519813719,-7237381393180153.0,-1.5707954710454435,1.218344294415799e+17,6.944131862089387e-05,0.0,0.0,0.0,0.0,0.0,0.0,1.0
1779285807.5061362,2.4627800969795146,-7278374658052645.0,-1.5707954732086082,1.22313834974847e+17,-6.944131862089325e-05,0.0,0.0,0.0,0.0,0.0,0.0,1.0
1779285807.5163116,2.462912075933036,-7309026814493831.0,-1.570795475229342,1.2277733768156182e+17,6.944131862089384e-05,0.0,0.0,0.0,0.0,0.0,0.0,1.0
1779285807.526866,2.4623994276277426,-7325022257117237.0,-1.570795477080169,1.2322364686030088e+17,-6.944131862089326e-05,0.0,0.0,0.0,0.0,0.0,0.0,1.0
1779285807.5372262,2.461827465480769,-7338772636028383.0,-1.5707954788595522,1.2365707623399357e+17,6.944131862089383e-05,0.0,0.0,0.0,0.0,0.0,0.0,1.0
1779285807.547445,2.462233349366405,-7376085354342011.0,-1.5707954809817577,1.2414363534468426e+17,-6.944131862089327e-05,0.0,0.0,0.0,0.0,0.0,0.0,1.0
1779285807.5574014,2.4629358618182233,-7420421071619343.0,-1.5707954831567739,1.2463663254096064e+17,6.944131862089383e-05,0.0,0.0,0.0,0.0,0.0,0.0,1.0
1779285807.5678518,2.4618793713934863,-7422803217899934.0,-1.5707954847628482,1.2505112198238776e+17,-6.944131862089327e-05,0.0,0.0,0.0,0.0,0.0,0.0,1.0
1779285807.5781107,2.4628039022092776,-7473608219872014.0,-1.5707954870790366,1.2557687346998408e+17,6.944131862089383e-05,0.0,0.0,0.0,0.0,0.0,0.0,1.0
1779285807.5888338,2.4614555529768563,-7469267485718068.0,-1.5707954886200608,1.2598923682465186e+17,-6.944131862089327e-05,0.0,0.0,0.0,0.0,0.0,0.0,1.0
1779285807.599597,2.4618135248850956,-7507334524242920.0,-1.5707954908210027,1.265106454487158e+17,6.944131862089383e-05,0.0,0.0,0.0,0.0,0.0,0.0,1.0
1779285807.6101754,2.4614886252007704,-7528054879598624.0,-1.570795492718966,1.2698235380233112e+17,-6.944131862089337e-05,0.0,0.0,0.0,0.0,0.0,0.0,1.0
1779285807.6202831,2.462032520336228,-7569486897724044.0,-1.5707954948412208,1.274844546378673e+17,6.944131862089359e-05,0.0,0.0,0.0,0.0,0.0,0.0,1.0
1779285807.630488,2.462169867177362,-7601307391262620.0,-1.570795496828308,1.2796910328547666e+17,-6.944131862089364e-05,0.0,0.0,0.0,0.0,0.0,0.0,1.0
1779285807.6409767,2.4619951479012765,-7626106923572497.0,-1.5707954987537718,1.284511825839356e+17,6.944131862089337e-05,0.0,0.0,0.0,0.0,0.0,0.0,1.0
1779285807.651218,2.462136434544629,-7658336298218818.0,-1.570795500741509,1.289414836301644e+17,-6.94413186208938e-05,0.0,0.0,0.0,0.0,0.0,0.0,1.0
1779285807.6616032,2.4612250757489256,-7664031938640036.0,-1.570795502361686,1.293753427927596e+17,6.944131862089326e-05,0.0,0.0,0.0,0.0,0.0,0.0,1.0
1779285807.6715844,2.462352756358739,-7720869167257742.0,-1.5707955046547364,1.2991679220864086e+17,-6.944131862089383e-05,0.0,0.0,0.0,0.0,0.0,0.0,1.0
1779285807.6817622,2.461954968103621,-7739493859457587.0,-1.570795506416452,1.3037523053892864e+17,6.944131862089327e-05,0.0,0.0,0.0,0.0,0.0,0.0,1.0
1779285807.6921694,2.461910015892323,-7767799762153147.0,-1.5707955083551146,1.3087019430708642e+17,-6.944131862089383e-05,0.0,0.0,0.0,0.0,0.0,0.0,1.0
1779285807.7023573,2.4622169327536896,-7804773922127653.0,-1.5707955103736386,1.3137725911707454e+17,6.944131862089327e-05,0.0,0.0,0.0,0.0,0.0,0.0,1.0
1779285807.7129042,2.4606721374079745,-7794312565723130.0,-1.570795511767868,1.3178497459763878e+17,-6.944131862089383e-05,0.0,0.0,0.0,0.0,0.0,0.0,1.0
1779285807.7232337,2.462574174172506,-7873278619245834.0,-1.570795514396051,1.3240484533392469e+17,6.944131862089327e-05,0.0,0.0,0.0,0.0,0.0,0.0,1.0
1779285807.733495,2.4622694688849034,-7895167813220345.0,-1.5707955161948282,1.3288328533557757e+17,-6.944131862089383e-05,0.0,0.0,0.0,0.0,0.0,0.0,1.0
1779285807.7436616,2.4628864616024746,-7941134246863540.0,-1.5707955183086255,1.3341765657445242e+17,6.944131862089327e-05,0.0,0.0,0.0,0.0,0.0,0.0,1.0
1779285807.754241,2.462373442345434,-7958673522010388.0,-1.5707955200906318,1.3390426942242544e+17,-6.944131862089383e-05,0.0,0.0,0.0,0.0,0.0,0.0,1.0
1779285807.7645793,2.4622113622750907,-7984619757308088.0,-1.570795521945393,1.3440128573019688e+17,6.944131862089327e-05,0.0,0.0,0.0,0.0,0.0,0.0,1.0
1779285807.7746465,2.462589148727915,-8024258496128164.0,-1.5707955239363407,1.3491995170521174e+17,-6.944131862089379e-05,0.0,0.0,0.0,0.0,0.0,0.0,1.0
1779285807.7848332,2.4625137324764816,-8052385220444466.0,-1.5707955257844732,1.3541814447105693e+17,6.944131862089344e-05,0.0,0.0,0.0,0.0,0.0,0.0,1.0
1779285807.7949398,2.462562677587875,-8083653099886937.0,-1.5707955276560857,1.3592141480485432e+17,-6.944131862089353e-05,0.0,0.0,0.0,0.0,0.0,0.0,1.0
1779285807.8051589,2.462631823076461,-8115936054933284.0,-1.570795529555663,1.3643462451993675e+17,6.944131862089367e-05,0.0,0.0,0.0,0.0,0.0,0.0,1.0
1779285807.8156743,2.462509003677997,-8144012320879494.0,-1.5707955314438522,1.3695416214344456e+17,-6.944131862089336e-05,0.0,0.0,0.0,0.0,0.0,0.0,1.0
1779285807.8260183,2.462011429939036,-8161333081723278.0,-1.57079553315654,1.3744041162986843e+17,6.94413186208938e-05,0.0,0.0,0.0,0.0,0.0,0.0,1.0
1779285807.8361788,2.462151899980801,-8195349379927952.0,-1.570795535053546,1.3795906710004072e+17,-6.944131862089326e-05,0.0,0.0,0.0,0.0,0.0,0.0,1.0
1779285807.8463151,2.4625910180694683,-8237800570364486.0,-1.570795537053131,1.3849954992890965e+17,6.944131862089383e-05,0.0,0.0,0.0,0.0,0.0,0.0,1.0
1779285807.8568726,2.4620803839212018,-8255642531889223.0,-1.5707955387949983,1.3900278863320566e+17,-6.944131862089327e-05,0.0,0.0,0.0,0.0,0.0,0.0,1.0
1779285807.8669481,2.46255402197208,-8299162642663969.0,-1.570795540787327,1.3954633500132195e+17,6.944131862089383e-05,0.0,0.0,0.0,0.0,0.0,0.0,1.0
1779285807.877581,2.4618454068238957,-8311831347556646.0,-1.5707955424677555,1.400444288725097e+17,-6.944131862089327e-05,0.0,0.0,0.0,0.0,0.0,0.0,1.0
1779285807.8877017,2.462201450020192,-8352371414696180.0,-1.5707955444177724,1.4058602083980352e+17,6.944131862089383e-05,0.0,0.0,0.0,0.0,0.0,0.0,1.0
1779285807.8979273,2.461985401692493,-8377540051833784.0,-1.5707955461830028,1.4109710664680491e+17,-6.944131862089327e-05,0.0,0.0,0.0,0.0,0.0,0.0,1.0
1779285807.9082034,2.4614863312843642,-8394825812372542.0,-1.5707955478532734,1.4159301009361848e+17,6.944131862089383e-05,0.0,0.0,0.0,0.0,0.0,0.0,1.0
1779285807.918619,2.4623199864534406,-8450070110364834.0,-1.5707955500216213,1.4219118039177781e+17,-6.944131862089327e-05,0.0,0.0,0.0,0.0,0.0,0.0,1.0
1779285807.9287803,2.4624403475940126,-8484990805081443.0,-1.5707955518801504,1.4272698113867787e+17,6.944131862089383e-05,0.0,0.0,0.0,0.0,0.0,0.0,1.0
1779285807.9391947,2.462543144734402,-8520456112353934.0,-1.5707955537848541,1.4328027620607266e+17,-6.944131862089327e-05,0.0,0.0,0.0,0.0,0.0,0.0,1.0
1779285807.9496465,2.4621099980881724,-8540847798252072.0,-1.5707955555032713,1.4380001781104634e+17,6.944131862089374e-05,0.0,0.0,0.0,0.0,0.0,0.0,1.0
1779285807.9598832,2.4622653374366434,-8577237364179854.0,-1.5707955573776649,1.4434866156323386e+17,-6.944131862089352e-05,0.0,0.0,0.0,0.0,0.0,0.0,1.0
1779285807.9705215,2.4615699959507698,-8590623476000654.0,-1.570795559035355,1.448650102824958e+17,6.944131862089346e-05,0.0,0.0,0.0,0.0,0.0,0.0,1.0
1779285807.9810762,2.462049694304553,-8637410954213632.0,-1.5707955610822466,1.454605850392305e+17,-6.944131862089372e-05,0.0,0.0,0.0,0.0,0.0,0.0,1.0
1779285807.9914837,2.4619531987355283,-8667540969151729.0,-1.5707955628965116,1.46009398848464e+17,6.944131862089332e-05,0.0,0.0,0.0,0.0,0.0,0.0,1.0
1779285808.0016098,2.4620616061894203,-8702794564673786.0,-1.5707955647201866,1.465570047614261e+17,-6.944131862089383e-05,0.0,0.0,0.0,0.0,0.0,0.0,1.0
1779285808.0116885,2.4622343129537656,-8740006665118855.0,-1.5707955665551991,1.4710907379559648e+17,6.944131862089323e-05,0.0,0.0,0.0,0.0,0.0,0.0,1.0
1779285808.0218408,2.4622917086756524,-8774284189266205.0,-1.5707955683607748,1.476594117688265e+17,-6.944131862089386e-05,0.0,0.0,0.0,0.0,0.0,0.0,1.0
1779285808.0320942,2.461625273538203,-8787622215372405.0,-1.5707955699306781,1.4816514525603216e+17,6.944131862089326e-05,0.0,0.0,0.0,0.0,0.0,0.0,1.0
1779285808.0425198,2.462176325483131,-8837123691704297.0,-1.5707955719453677,1.487693835124716e+17,-6.944131862089383e-05,0.0,0.0,0.0,0.0,0.0,0.0,1.0
1779285808.0526938,2.4621760978521214,-8870213963390884.0,-1.570795573731114,1.4932509685336582e+17,6.944131862089327e-05,0.0,0.0,0.0,0.0,0.0,0.0,1.0
1779285808.0627823,2.4626201936367895,-8916301647865901.0,-1.5707955756422531,1.4990793958797248e+17,-6.944131862089383e-05,0.0,0.0,0.0,0.0,0.0,0.0,1.0
1779285808.073334,2.4623763895672326,-8943716376293854.0,-1.5707955774055287,1.5047203680088048e+17,6.944131862089327e-05,0.0,0.0,0.0,0.0,0.0,0.0,1.0
1779285808.083788,2.4610804430682083,-8938955938036428.0,-1.570795578779029,1.5095198088301062e+17,-6.944131862089383e-05,0.0,0.0,0.0,0.0,0.0,0.0,1.0
1779285808.0936668,2.462811044365451,-9022969441200770.0,-1.5707955810728818,1.516214790447414e+17,6.944131862089327e-05,0.0,0.0,0.0,0.0,0.0,0.0,1.0
1779285808.1040285,2.4628785494312933,-9059667854608064.0,-1.570795582895262,1.5220345521928522e+17,-6.944131862089383e-05,0.0,0.0,0.0,0.0,0.0,0.0,1.0
1779285808.114182,2.462721267009394,-9088971923729548.0,-1.5707955845972594,1.5275774956916582e+17,6.944131862089327e-05,0.0,0.0,0.0,0.0,0.0,0.0,1.0
1779285808.1242952,2.462770206477813,-9124382136720032.0,-1.5707955863565461,1.533264616755611e+17,-6.94413186208937e-05,0.0,0.0,0.0,0.0,0.0,0.0,1.0
1779285808.1349287,2.4620832800280983,-9139089462583954.0,-1.5707955879649673,1.538754974858071e+17,6.944131862089356e-05,0.0,0.0,0.0,0.0,0.0,0.0,1.0
1779285808.1450458,2.462239170504584,-9177603681436786.0,-1.5707955897525419,1.5445586782420822e+17,-6.944131862089344e-05,0.0,0.0,0.0,0.0,0.0,0.0,1.0
1779285808.1555269,2.461940331340628,-9203328481467012.0,-1.570795591442248,1.5502365503784166e+17,6.944131862089375e-05,0.0,0.0,0.0,0.0,0.0,0.0,1.0
1779285808.165521,2.4626699416595366,-9259657038546752.0,-1.570795593403673,1.556480211737071e+17,-6.944131862089329e-05,0.0,0.0,0.0,0.0,0.0,0.0,1.0
1779285808.1757631,2.4622412863447773,-9281252871069740.0,-1.5707955950100163,1.5619926553401258e+17,6.944131862089386e-05,0.0,0.0,0.0,0.0,0.0,0.0,1.0
1779285808.1859941,2.462753749283706,-9331993390563916.0,-1.570795596924898,1.5682347599845696e+17,-6.944131862089326e-05,0.0,0.0,0.0,0.0,0.0,0.0,1.0
1779285808.196372,2.4623581415029627,-9355298679821284.0,-1.5707955985626796,1.573906556527213e+17,6.944131862089383e-05,0.0,0.0,0.0,0.0,0.0,0.0,1.0
1779285808.206934,2.4620856298535707,-9382906239339856.0,-1.5707956002729722,1.5798117000348605e+17,-6.944131862089327e-05,0.0,0.0,0.0,0.0,0.0,0.0,1.0
1779285808.2175078,2.4618713427702397,-9412315880146148.0,-1.5707956020002125,1.585785969615139e+17,6.944131862089383e-05,0.0,0.0,0.0,0.0,0.0,0.0,1.0
1779285808.2275538,2.462479520716965,-9466022484236984.0,-1.570795603895307,1.592070394260577e+17,-6.944131862089327e-05,0.0,0.0,0.0,0.0,0.0,0.0,1.0
1779285808.237754,2.4622961570849093,-9495697246392608.0,-1.5707956055566308,1.5978747163099792e+17,6.944131862089383e-05,0.0,0.0,0.0,0.0,0.0,0.0,1.0
1779285808.2479775,2.462326568054092,-9532231006231552.0,-1.5707956072879794,1.6038772406136502e+17,-6.944131862089327e-05,0.0,0.0,0.0,0.0,0.0,0.0,1.0
1779285808.2580419,2.4624270283549086,-9570622281150690.0,-1.5707956090093487,1.6098531672185382e+17,6.944131862089383e-05,0.0,0.0,0.0,0.0,0.0,0.0,1.0
1779285808.2691877,2.461745068348805,-9587604322194092.0,-1.5707956106668488,1.6159328311379824e+17,-6.944131862089327e-05,0.0,0.0,0.0,0.0,0.0,0.0,1.0
1779285808.2796347,2.462051881160543,-9633930527673406.0,-1.5707956125203673,1.6223704202535347e+17,6.944131862089383e-05,0.0,0.0,0.0,0.0,0.0,0.0,1.0
1779285808.2901702,2.461830680525026,-9663891319757938.0,-1.570795614216067,1.6284805831766685e+17,-6.944131862089332e-05,0.0,0.0,0.0,0.0,0.0,0.0,1.0
1779285808.3002744,2.4619943646118765,-9704838689470082.0,-1.5707956159510137,1.634620517361856e+17,6.944131862089361e-05,0.0,0.0,0.0,0.0,0.0,0.0,1.0
1779285808.3107882,2.4615368537093585,-9727189066981464.0,-1.570795617557785,1.6405670729851763e+17,-6.944131862089361e-05,0.0,0.0,0.0,0.0,0.0,0.0,1.0
1779285808.3213363,2.4614671197329603,-9762181937164016.0,-1.5707956192936219,1.646868870246242e+17,6.94413186208934e-05,0.0,0.0,0.0,0.0,0.0,0.0,1.0
1779285808.3317738,2.4619506765380144,-9815162414717190.0,-1.5707956211844152,1.653566505411885e+17,-6.944131862089378e-05,0.0,0.0,0.0,0.0,0.0,0.0,1.0
1779285808.3418777,2.461970501961262,-9852210039154310.0,-1.5707956228602462,1.659689587069486e+17,6.944131862089327e-05,0.0,0.0,0.0,0.0,0.0,0.0,1.0
1779285808.3520455,2.4621927199437144,-9896332241834276.0,-1.5707956246090624,1.666042704433227e+17,-6.944131862089387e-05,0.0,0.0,0.0,0.0,0.0,0.0,1.0
1779285808.3627217,2.4613473169458735,-9907040764511028.0,-1.5707956261076481,1.6719088252283485e+17,6.944131862089325e-05,0.0,0.0,0.0,0.0,0.0,0.0,1.0
1779285808.3731687,2.4617684179472055,-9958687539294344.0,-1.5707956279632198,1.678657974474618e+17,-6.944131862089384e-05,0.0,0.0,0.0,0.0,0.0,0.0,1.0
1779285808.3833623,2.461884048777049,-9999737763416518.0,-1.570795629671995,1.685012814893131e+17,6.944131862089326e-05,0.0,0.0,0.0,0.0,0.0,0.0,1.0
1779285808.3940017,2.4615299275862625,-1.0026831459716632e+16,-1.5707956313112403,1.6913234777647488e+17,-6.944131862089383e-05,0.0,0.0,0.0,0.0,0.0,0.0,1.0
1779285808.404508,2.4615423434701325,-1.006569760372203e+16,-1.570795633038128,1.6978618036044346e+17,6.944131862089327e-05,0.0,0.0,0.0,0.0,0.0,0.0,1.0
1779285808.4148555,2.46122442166577,-1.0092927161796428e+16,-1.5707956346259981,1.7040314296134672e+17,-6.944131862089383e-05,0.0,0.0,0.0,0.0,0.0,0.0,1.0
1779285808.4249892,2.461809308458885,-1.0150061317464252e+16,-1.5707956364576936,1.7108268286410208e+17,6.944131862089327e-05,0.0,0.0,0.0,0.0,0.0,0.0,1.0
1779285808.4355881,2.461419453410991,-1.0176223873656554e+16,-1.5707956380641241,1.7171712271642733e+17,-6.944131862089383e-05,0.0,0.0,0.0,0.0,0.0,0.0,1.0
1779285808.4459932,2.4617778746611156,-1.0227195869284054e+16,-1.5707956398668041,1.7240259091636646e+17,6.944131862089327e-05,0.0,0.0,0.0,0.0,0.0,0.0,1.0
1779285808.4563174,2.4613957824978074,-1.0252819390058362e+16,-1.570795641419237,1.730228588425009e+17,-6.944131862089383e-05,0.0,0.0,0.0,0.0,0.0,0.0,1.0
1779285808.4666548,2.4619302718967315,-1.0309997900676684e+16,-1.5707956432563006,1.7372323979666365e+17,6.944131862089337e-05,0.0,0.0,0.0,0.0,0.0,0.0,1.0
1779285808.4769325,2.461558389612236,-1.0336054771431644e+16,-1.570795644794245,1.7434471551897715e+17,-6.944131862089359e-05,0.0,0.0,0.0,0.0,0.0,0.0,1.0
1779285808.487413,2.4617685679453856,-1.0383015044714198e+16,-1.570795646548909,1.750334706659211e+17,6.944131862089364e-05,0.0,0.0,0.0,0.0,0.0,0.0,1.0
1779285808.497718,2.461854128724959,-1.042530733982551e+16,-1.5707956482295062,1.757015751930442e+17,-6.944131862089337e-05,0.0,0.0,0.0,0.0,0.0,0.0,1.0
1779285808.5077565,2.462516338670015,-1.0487067573489754e+16,-1.5707956500374916,1.7640250618482365e+17,6.94413186208938e-05,0.0,0.0,0.0,0.0,0.0,0.0,1.0
1779285808.518666,2.461119224187589,-1.0480247367179376e+16,-1.5707956513640364,1.7699389379440074e+17,-6.944131862089326e-05,0.0,0.0,0.0,0.0,0.0,0.0,1.0
1779285808.5288856,2.461752433609977,-1.054150447430823e+16,-1.5707956531855285,1.7770943408453795e+17,6.944131862089383e-05,0.0,0.0,0.0,0.0,0.0,0.0,1.0
1779285808.539249,2.46152946208655,-1.057366735090234e+16,-1.570795654767779,1.7836533316947366e+17,-6.944131862089327e-05,0.0,0.0,0.0,0.0,0.0,0.0,1.0
1779285808.5498025,2.4614863789098202,-1.0612910851780652e+16,-1.5707956564351158,1.79053059716783e+17,6.944131862089383e-05,0.0,0.0,0.0,0.0,0.0,0.0,1.0
1779285808.5605316,2.460564358359144,-1.0621504016135676e+16,-1.5707956578613933,1.7967954315502496e+17,-6.944131862089327e-05,0.0,0.0,0.0,0.0,0.0,0.0,1.0
1779285808.570382,2.462045912059868,-1.071245172652707e+16,-1.5707956598601847,1.8045222005869472e+17,6.944131862089383e-05,0.0,0.0,0.0,0.0,0.0,0.0,1.0
1779285808.581161,2.4615588481465354,-1.07375426386623e+16,-1.5707956614236291,1.8112678328879578e+17,-6.944131862089327e-05,0.0,0.0,0.0,0.0,0.0,0.0,1.0
1779285808.5917726,2.461029968103992,-1.076009124557422e+16,-1.5707956629373132,1.817854258644209e+17,6.944131862089383e-05,0.0,0.0,0.0,0.0,0.0,0.0,1.0
1779285808.602429,2.461539847639957,-1.0820357967460436e+16,-1.570795664774526,1.8254365514873094e+17,-6.944131862089327e-05,0.0,0.0,0.0,0.0,0.0,0.0,1.0
1779285808.6126127,2.46163568691145,-1.0864329271704194e+16,-1.570795666397984,1.8323179040301907e+17,6.944131862089383e-05,0.0,0.0,0.0,0.0,0.0,0.0,1.0
1779285808.622953,2.4616870592309334,-1.0907511460588156e+16,-1.5707956680323378,1.8393067271368368e+17,-6.944131862089327e-05,0.0,0.0,0.0,0.0,0.0,0.0,1.0
1779285808.6333423,2.4615635368579944,-1.0944631007202686e+16,-1.570795669618689,1.8462005813568554e+17,6.944131862089379e-05,0.0,0.0,0.0,0.0,0.0,0.0,1.0
1779285808.644053,2.461418507355569,-1.0982290649675546e+16,-1.5707956712528386,1.8533536440518893e+17,-6.944131862089344e-05,0.0,0.0,0.0,0.0,0.0,0.0,1.0
1779285808.6545658,2.461395507781714,-1.1023728981373122e+16,-1.5707956728841466,1.8604850233620384e+17,6.944131862089353e-05,0.0,0.0,0.0,0.0,0.0,0.0,1.0
1779285808.6651056,2.461124384188238,-1.105621143589742e+16,-1.5707956744431952,1.8674413043784966e+17,-6.944131862089367e-05,0.0,0.0,0.0,0.0,0.0,0.0,1.0
1779285808.6752594,2.461596195271172,-1.111478205199018e+16,-1.5707956761512898,1.8747920723201926e+17,6.944131862089336e-05,0.0,0.0,0.0,0.0,0.0,0.0,1.0
1779285808.6858377,2.4613746314623106,-1.114971981145454e+16,-1.5707956777258796,1.8818819179419808e+17,-6.94413186208938e-05,0.0,0.0,0.0,0.0,0.0,0.0,1.0
1779285808.696389,2.461157202042594,-1.118459834544159e+16,-1.5707956792908875,1.88896711855831e+17,6.944131862089326e-05,0.0,0.0,0.0,0.0,0.0,0.0,1.0
1779285808.7065141,2.461328911212955,-1.1232458873647602e+16,-1.570795680895357,1.8961078148820064e+17,-6.944131862089383e-05,0.0,0.0,0.0,0.0,0.0,0.0,1.0
1779285808.7168398,2.4615761028705228,-1.1284238710525276e+16,-1.570795682550242,1.903491382399462e+17,6.944131862089327e-05,0.0,0.0,0.0,0.0,0.0,0.0,1.0
1779285808.7270381,2.4620735823720605,-1.1345471774672966e+16,-1.570795684255663,1.9110486618038346e+17,-6.944131862089383e-05,0.0,0.0,0.0,0.0,0.0,0.0,1.0
1779285808.7370827,2.4623994562277405,-1.1400126598731674e+16,-1.570795685881674,1.918361571291649e+17,6.944131862089327e-05,0.0,0.0,0.0,0.0,0.0,0.0,1.0
1779285808.747182,2.462356657478124,-1.144125863367336e+16,-1.5707956874058853,1.925404036273884e+17,-6.944131862089383e-05,0.0,0.0,0.0,0.0,0.0,0.0,1.0
1779285808.7573953,2.4620833383607,-1.147397278126075e+16,-1.5707956888767283,1.932336207161672e+17,6.944131862089327e-05,0.0,0.0,0.0,0.0,0.0,0.0,1.0
1779285808.7678394,2.462344549268862,-1.1528196169096232e+16,-1.5707956905413216,1.9399917557966803e+17,-6.944131862089383e-05,0.0,0.0,0.0,0.0,0.0,0.0,1.0
1779285808.778503,2.461506239737341,-1.1541092639329894e+16,-1.5707956919202997,1.9468142345015152e+17,6.944131862089327e-05,0.0,0.0,0.0,0.0,0.0,0.0,1.0
1779285808.7886436,2.462036737263976,-1.1604367378179526e+16,-1.5707956936013903,1.954519477137299e+17,-6.944131862089383e-05,0.0,0.0,0.0,0.0,0.0,0.0,1.0
1779285808.7993073,2.4614961815924707,-1.1628589701224612e+16,-1.5707956950550024,1.9616477107602912e+17,6.944131862089327e-05,0.0,0.0,0.0,0.0,0.0,0.0,1.0
1779285808.8092325,2.4625498883400243,-1.1711980215100146e+16,-1.5707956968438788,1.969740034974498e+17,-6.944131862089374e-05,0.0,0.0,0.0,0.0,0.0,0.0,1.0
1779285808.8195827,2.462511343641228,-1.1755388600457186e+16,-1.5707956983887217,1.977181638900061e+17,6.944131862089352e-05,0.0,0.0,0.0,0.0,0.0,0.0,1.0
1779285808.8297894,2.4624286246227802,-1.1796481650140264e+16,-1.5707956998924868,1.9844858316895645e+17,-6.944131862089346e-05,0.0,0.0,0.0,0.0,0.0,0.0,1.0
1779285808.839839,2.462754164551255,-1.1853125538111412e+16,-1.570795701483543,1.9920830209945248e+17,6.944131862089372e-05,0.0,0.0,0.0,0.0,0.0,0.0,1.0
1779285808.8505902,2.4615804766101728,-1.185355004638002e+16,-1.570795702761762,1.9988399093376582e+17,-6.944131862089332e-05,0.0,0.0,0.0,0.0,0.0,0.0,1.0
1779285808.8609874,2.462140453637792,-1.1920676839538072e+16,-1.5707957044693057,2.0069966995420445e+17,6.944131862089383e-05,0.0,0.0,0.0,0.0,0.0,0.0,1.0
1779285808.8712223,2.462418857163075,-1.1976605307578646e+16,-1.570795706066897,2.0147826538694006e+17,-6.944131862089323e-05,0.0,0.0,0.0,0.0,0.0,0.0,1.0
1779285808.881703,2.4620119829512848,-1.2006454530954676e+16,-1.5707957075089398,2.0221383473243706e+17,6.944131862089386e-05,0.0,0.0,0.0,0.0,0.0,0.0,1.0
1779285808.8921907,2.462132443651038,-1.2057390546614972e+16,-1.570795709097591,2.0300420244162835e+17,-6.944131862089326e-05,0.0,0.0,0.0,0.0,0.0,0.0,1.0
1779285808.9024851,2.4617041551842087,-1.2085103261793456e+16,-1.570795710480133,2.0371881981337994e+17,6.944131862089383e-05,0.0,0.0,0.0,0.0,0.0,0.0,1.0
1779285808.9127486,2.4623666530891186,-1.2157183689798454e+16,-1.5707957121743803,2.0454817643518166e+17,-6.944131862089327e-05,0.0,0.0,0.0,0.0,0.0,0.0,1.0
1779285808.9231398,2.462509632097951,-1.2209570829187486e+16,-1.5707957137448498,2.05342726188026e+17,6.944131862089383e-05,0.0,0.0,0.0,0.0,0.0,0.0,1.0
1779285808.9332776,2.4625206020293176,-1.225564619533626e+16,-1.570795715230978,2.061043634602079e+17,-6.944131862089327e-05,0.0,0.0,0.0,0.0,0.0,0.0,1.0
1779285808.9436598,2.461362398675745,-1.225475673634844e+16,-1.5707957164274098,2.0677203462272435e+17,6.944131862089383e-05,0.0,0.0,0.0,0.0,0.0,0.0,1.0
1779285808.9539287,2.4626355666197473,-1.2352872973773676e+16,-1.5707957182797607,2.07676647682742e+17,-6.944131862089327e-05,0.0,0.0,0.0,0.0,0.0,0.0,1.0
1779285808.9641747,2.4625825679555224,-1.2397442025481622e+16,-1.5707957197579696,2.0845073064514733e+17,6.944131862089383e-05,0.0,0.0,0.0,0.0,0.0,0.0,1.0
1779285808.9743645,2.462506536630781,-1.2440848947051086e+16,-1.5707957212168664,2.0922014515335014e+17,-6.944131862089327e-05,0.0,0.0,0.0,0.0,0.0,0.0,1.0
1779285808.9844644,2.4627184942327345,-1.2495911724005768e+16,-1.570795722736401,2.100133014511427e+17,6.94413186208937e-05,0.0,0.0,0.0,0.0,0.0,0.0,1.0
1779285808.9951284,2.4620248259170623,-1.2515909649661452e+16,-1.5707957240963608,2.107670533754772e+17,-6.944131862089356e-05,0.0,0.0,0.0,0.0,0.0,0.0,1.0
1779285809.005621,2.462204858306018,-1.257135761974235e+16,-1.570795725664385,2.1159696912404077e+17,6.944131862089344e-05,0.0,0.0,0.0,0.0,0.0,0.0,1.0
1779285809.016059,2.462296797073659,-1.2623286566652128e+16,-1.5707957271974495,2.1241712276024682e+17,-6.944131862089375e-05,0.0,0.0,0.0,0.0,0.0,0.0,1.0
1779285809.0264401,2.4618344236532472,-1.265169087305642e+16,-1.5707957285656513,2.1317762414400416e+17,6.944131862089329e-05,0.0,0.0,0.0,0.0,0.0,0.0,1.0
1779285809.0370233,2.4605044197801664,-1.2643407537275162e+16,-1.5707957297148882,2.1386174319322624e+17,-6.944131862089386e-05,0.0,0.0,0.0,0.0,0.0,0.0,1.0
1779285809.0471013,2.4623114673386217,-1.2766055648542374e+16,-1.5707957316427696,2.148336317590793e+17,6.944131862089326e-05,0.0,0.0,0.0,0.0,0.0,0.0,1.0
1779285809.0575538,2.462510721839343,-1.2823786808245384e+16,-1.5707957331958013,2.1567963050524176e+17,-6.944131862089383e-05,0.0,0.0,0.0,0.0,0.0,0.0,1.0
1779285809.06797,2.4624223392837696,-1.2869321010100604e+16,-1.57079573466132,2.164953854160331e+17,6.944131862089327e-05,0.0,0.0,0.0,0.0,0.0,0.0,1.0
1779285809.078021,2.462727392394915,-1.2930192131520464e+16,-1.570795736170546,2.173222083654668e+17,-6.944131862089383e-05,0.0,0.0,0.0,0.0,0.0,0.0,1.0
1779285809.088352,2.461914241882914,-1.2944243782152136e+16,-1.5707957374195056,2.180591208664188e+17,6.944131862089327e-05,0.0,0.0,0.0,0.0,0.0,0.0,1.0
1779285809.0987432,2.462221195888555,-1.3006672180445934e+16,-1.5707957389764018,2.1892239659284256e+17,-6.944131862089383e-05,0.0,0.0,0.0,0.0,0.0,0.0,1.0
1779285809.1088188,2.462361543361791,-1.306086996094112e+16,-1.570795740435087,2.197427208652788e+17,6.944131862089327e-05,0.0,0.0,0.0,0.0,0.0,0.0,1.0
1779285809.1193788,2.460744674123736,-1.3040394214943464e+16,-1.5707957414942229,2.204206212808808e+17,-6.944131862089383e-05,0.0,0.0,0.0,0.0,0.0,0.0,1.0
1779285809.129444,2.462440321074228,-1.3162083023127058e+16,-1.5707957433585698,2.2141065076162467e+17,6.944131862089327e-05,0.0,0.0,0.0,0.0,0.0,0.0,1.0
1779285809.1398973,2.4626508953780153,-1.3222152278591798e+16,-1.570795744888018,2.222838838682356e+17,-6.944131862089383e-05,0.0,0.0,0.0,0.0,0.0,0.0,1.0
1779285809.1499872,2.4626129924207643,-1.326979861111277e+16,-1.5707957462900517,2.2309964701097107e+17,6.944131862089332e-05,0.0,0.0,0.0,0.0,0.0,0.0,1.0
1779285809.1602983,2.4626002409143077,-1.3319703856969794e+16,-1.5707957477301446,2.2394151716108778e+17,-6.944131862089361e-05,0.0,0.0,0.0,0.0,0.0,0.0,1.0
1779285809.1710362,2.4617154873283154,-1.3332790468422594e+16,-1.5707957490041446,2.2473152752434384e+17,6.944131862089361e-05,0.0,0.0,0.0,0.0,0.0,0.0,1.0
1779285809.1816647,2.46153504605488,-1.3375422761684372e+16,-1.5707957504184396,2.255752188367928e+17,-6.94413186208934e-05,0.0,0.0,0.0,0.0,0.0,0.0,1.0
1779285809.1916542,2.461742042075558,-1.343368612487959e+16,-1.5707957518702038,2.2642754520177587e+17,6.944131862089378e-05,0.0,0.0,0.0,0.0,0.0,0.0,1.0
1779285809.2018743,2.4620496888382455,-1.349764316069998e+16,-1.57079575336765,2.273078863485248e+17,-6.944131862089327e-05,0.0,0.0,0.0,0.0,0.0,0.0,1.0
1779285809.2120216,2.4625276591035345,-1.356954612032622e+16,-1.5707957548953768,2.2820405358733213e+17,6.944131862089387e-05,0.0,0.0,0.0,0.0,0.0,0.0,1.0
1779285809.2221792,2.4627154543315104,-1.3628978409819556e+16,-1.570795756345895,2.2907302101324304e+17,-6.944131862089325e-05,0.0,0.0,0.0,0.0,0.0,0.0,1.0
1779285809.2323623,2.4622996990675943,-1.3661215289014242e+16,-1.570795757639199,2.2987998218830102e+17,6.944131862089384e-05,0.0,0.0,0.0,0.0,0.0,0.0,1.0
1779285809.2427704,2.4627703903695046,-1.3734993551915682e+16,-1.5707957591953619,2.3081079819117027e+17,-6.944131862089326e-05,0.0,0.0,0.0,0.0,0.0,0.0,1.0
1779285809.2531655,2.462389861630669,-1.377019649280822e+16,-1.5707957605260652,2.3164904104750867e+17,6.944131862089383e-05,0.0,0.0,0.0,0.0,0.0,0.0,1.0
1779285809.2632916,2.4624566972262234,-1.3824462706312304e+16,-1.570795761927287,2.32514052568468e+17,-6.944131862089327e-05,0.0,0.0,0.0,0.0,0.0,0.0,1.0
1779285809.2733963,2.462511989577082,-1.3878293645185396e+16,-1.5707957633183232,2.3337840333204054e+17,6.944131862089383e-05,0.0,0.0,0.0,0.0,0.0,0.0,1.0
1779285809.2835271,2.462899757958404,-1.3948017982895824e+16,-1.5707957647966981,2.3428692764918474e+17,-6.944131862089327e-05,0.0,0.0,0.0,0.0,0.0,0.0,1.0
1779285809.2936606,2.462724507854355,-1.3991981311257204e+16,-1.5707957661275371,2.3513509420206573e+17,6.944131862089383e-05,0.0,0.0,0.0,0.0,0.0,0.0,1.0
1779285809.3037567,2.4628320508103094,-1.4048975021435654e+16,-1.5707957675220523,2.3601488034201446e+17,-6.944131862089327e-05,0.0,0.0,0.0,0.0,0.0,0.0,1.0
1779285809.31402,2.4626686254199774,-1.4094340757157372e+16,-1.570795768870538,2.3688380136866726e+17,6.944131862089383e-05,0.0,0.0,0.0,0.0,0.0,0.0,1.0
1779285809.3244445,2.4626795601893523,-1.4148756575200952e+16,-1.5707957702846942,2.3779165739485094e+17,-6.944131862089337e-05,0.0,0.0,0.0,0.0,0.0,0.0,1.0
1779285809.3348663,2.4623069345618087,-1.418513849382504e+16,-1.5707957715976353,2.386580731435301e+17,6.944131862089359e-05,0.0,0.0,0.0,0.0,0.0,0.0,1.0
1779285809.3448968,2.462621059757786,-1.4252020143558002e+16,-1.5707957730220288,2.395678771894658e+17,-6.944131862089364e-05,0.0,0.0,0.0,0.0,0.0,0.0,1.0
1779285809.3550467,2.462755405718247,-1.4311491092698344e+16,-1.5707957744166365,2.4047281070689603e+17,6.944131862089337e-05,0.0,0.0,0.0,0.0,0.0,0.0,1.0
1779285809.3655572,2.462585517093712,-1.4358585024559368e+16,-1.5707957757868198,2.4138246602478192e+17,-6.94413186208938e-05,0.0,0.0,0.0,0.0,0.0,0.0,1.0
1779285809.3757825,2.4623674094264336,-1.4401844130493832e+16,-1.5707957770979932,2.4226031855795267e+17,6.944131862089326e-05,0.0,0.0,0.0,0.0,0.0,0.0,1.0
1779285809.3863142,2.4622192516008057,-1.4450028931798216e+16,-1.5707957784700515,2.431805156844388e+17,-6.944131862089383e-05,0.0,0.0,0.0,0.0,0.0,0.0,1.0
1779285809.3966954,2.461689331950193,-1.4478939496440294e+16,-1.570795779720616,2.4404324911317984e+17,6.944131862089327e-05,0.0,0.0,0.0,0.0,0.0,0.0,1.0
1779285809.4074426,2.461730268771997,-1.45372204715559e+16,-1.5707957811664424,2.450141521029035e+17,-6.944131862089383e-05,0.0,0.0,0.0,0.0,0.0,0.0,1.0
1779285809.4178905,2.461975127718233,-1.4604347186745678e+16,-1.5707957826153915,2.459827112960783e+17,6.944131862089327e-05,0.0,0.0,0.0,0.0,0.0,0.0,1.0
1779285809.42833,2.4617677192191594,-1.4649769158375506e+16,-1.5707957839471478,2.4689992430031056e+17,-6.944131862089383e-05,0.0,0.0,0.0,0.0,0.0,0.0,1.0
1779285809.4389002,2.4614596161217177,-1.4690927911844556e+16,-1.5707957852710042,2.4782207657264643e+17,6.944131862089327e-05,0.0,0.0,0.0,0.0,0.0,0.0,1.0
1779285809.4492621,2.4606346307734226,-1.4705242866491584e+16,-1.5707957864319744,2.4866252523138275e+17,-6.944131862089383e-05,0.0,0.0,0.0,0.0,0.0,0.0,1.0
1779285809.459248,2.461843704216267,-1.4817979394559464e+16,-1.5707957880370804,2.49712782379114e+17,6.944131862089327e-05,0.0,0.0,0.0,0.0,0.0,0.0,1.0
1779285809.4693208,2.462255195316577,-1.489319599768747e+16,-1.5707957894566442,2.5068152032521235e+17,-6.944131862089383e-05,0.0,0.0,0.0,0.0,0.0,0.0,1.0
1779285809.479842,2.4622003070731058,-1.4948203216544184e+16,-1.5707957908256327,2.5164504684211837e+17,6.944131862089327e-05,0.0,0.0,0.0,0.0,0.0,0.0,1.0
1779285809.4901006,2.46207748255007,-1.4998485522051552e+16,-1.570795792135861,2.5257598266251126e+17,-6.944131862089379e-05,0.0,0.0,0.0,0.0,0.0,0.0,1.0
1779285809.5004413,2.4619496958578897,-1.5048978547063068e+16,-1.5707957934536028,2.5351801550975654e+17,6.944131862089344e-05,0.0,0.0,0.0,0.0,0.0,0.0,1.0
1779285809.5106952,2.462066813306817,-1.511144380094383e+16,-1.5707957948150721,2.544842981584556e+17,-6.944131862089353e-05,0.0,0.0,0.0,0.0,0.0,0.0,1.0
1779285809.5212042,2.461469445364149,-1.5139290823893384e+16,-1.5707957960363184,2.5539225555589578e+17,6.944131862089367e-05,0.0,0.0,0.0,0.0,0.0,0.0,1.0
1779285809.531426,2.462369180644579,-1.5241529224047018e+16,-1.5707957975773383,2.564596671742243e+17,-6.944131862089336e-05,0.0,0.0,0.0,0.0,0.0,0.0,1.0
1779285809.5419507,2.4620693260910684,-1.5285376202048078e+16,-1.5707957988692924,2.5741512983807958e+17,6.94413186208938e-05,0.0,0.0,0.0,0.0,0.0,0.0,1.0
1779285809.552531,2.4617133090564134,-1.532643706082217e+16,-1.5707958001523274,2.583724205778391e+17,-6.944131862089326e-05,0.0,0.0,0.0,0.0,0.0,0.0,1.0
1779285809.5630953,2.4610481581085186,-1.5351210513833844e+16,-1.5707958013552845,2.5929189331582493e+17,6.944131862089383e-05,0.0,0.0,0.0,0.0,0.0,0.0,1.0
1779285809.573396,2.461614331297369,-1.5437769893248648e+16,-1.5707958028130322,2.603410187197422e+17,-6.944131862089327e-05,0.0,0.0,0.0,0.0,0.0,0.0,1.0
1779285809.583798,2.4616885501347996,-1.5500348240333684e+16,-1.5707958041647978,2.6134380800915914e+17,6.944131862089383e-05,0.0,0.0,0.0,0.0,0.0,0.0,1.0
1779285809.5945623,2.460854416325281,-1.5517565246620336e+16,-1.5707958053413102,2.6226873943078528e+17,-6.944131862089327e-05,0.0,0.0,0.0,0.0,0.0,0.0,1.0
1779285809.6048777,2.461690060917841,-1.5619277800252648e+16,-1.5707958068554413,2.6336565949686794e+17,6.944131862089383e-05,0.0,0.0,0.0,0.0,0.0,0.0,1.0
1779285809.6149375,2.4621078964173075,-1.5698974663833266e+16,-1.5707958082309248,2.64386698144541e+17,-6.944131862089327e-05,0.0,0.0,0.0,0.0,0.0,0.0,1.0
1779285809.6250634,2.4621333026794976,-1.5759040328790896e+16,-1.5707958095201897,2.653691646750565e+17,6.944131862089383e-05,0.0,0.0,0.0,0.0,0.0,0.0,1.0
1779285809.6351354,2.462394020565233,-1.5831465200957424e+16,-1.570795810854698,2.663799655008803e+17,-6.944131862089327e-05,0.0,0.0,0.0,0.0,0.0,0.0,1.0
1779285809.6458175,2.4608398720420976,-1.5811232259715528e+16,-1.5707958118439245,2.6722637406477424e+17,6.944131862089383e-05,0.0,0.0,0.0,0.0,0.0,0.0,1.0
1779285809.6556675,2.4625220402446164,-1.595727864091609e+16,-1.5707958134734314,2.684020128363455e+17,-6.944131862089327e-05,0.0,0.0,0.0,0.0,0.0,0.0,1.0
1779285809.665926,2.461796457836718,-1.597903971672638e+16,-1.57079581459307,2.6931591593335222e+17,6.944131862089374e-05,0.0,0.0,0.0,0.0,0.0,0.0,1.0
1779285809.676094,2.4621853701841707,-1.6059440942431504e+16,-1.5707958159576043,2.7036783018633053e+17,-6.944131862089352e-05,0.0,0.0,0.0,0.0,0.0,0.0,1.0
1779285809.686295,2.4623018359953663,-1.61260700382068e+16,-1.57079581726087,2.713926592065489e+17,6.944131862089346e-05,0.0,0.0,0.0,0.0,0.0,0.0,1.0
1779285809.6965394,2.462759820656147,-1.6211795823303104e+16,-1.570795818646294,2.7247118659935744e+17,-6.944131862089372e-05,0.0,0.0,0.0,0.0,0.0,0.0,1.0
1779285809.7067606,2.4623954004936266,-1.6253414940479882e+16,-1.5707958198350291,2.7344319902644474e+17,6.944131862089332e-05,0.0,0.0,0.0,0.0,0.0,0.0,1.0
1779285809.7171564,2.462684131782935,-1.6331421011918958e+16,-1.5707958211967699,2.7452528955688496e+17,-6.944131862089383e-05,0.0,0.0,0.0,0.0,0.0,0.0,1.0
1779285809.72782,2.461569199613744,-1.6334417136061548e+16,-1.5707958222639309,2.7545120568959392e+17,6.944131862089323e-05,0.0,0.0,0.0,0.0,0.0,0.0,1.0
1779285809.7380805,2.461946454616413,-1.641618558710762e+16,-1.570795823623478,2.7653873624783206e+17,-6.944131862089386e-05,0.0,0.0,0.0,0.0,0.0,0.0,1.0
1779285809.7484806,2.461896009788257,-1.6475761182558914e+16,-1.5707958248965925,2.7758568750094477e+17,6.944131862089326e-05,0.0,0.0,0.0,0.0,0.0,0.0,1.0
1779285809.7590795,2.4616688048087703,-1.6526872006774508e+16,-1.5707958261531447,2.786350446235805e+17,-6.944131862089383e-05,0.0,0.0,0.0,0.0,0.0,0.0,1.0
1779285809.7690094,2.4628733664573748,-1.6653809186265998e+16,-1.5707958276442477,2.7980673600838675e+17,6.944131862089327e-05,0.0,0.0,0.0,0.0,0.0,0.0,1.0
1779285809.7794259,2.4625464173470792,-1.6699982398295114e+16,-1.57079582885088,2.8083358386007578e+17,-6.944131862089383e-05,0.0,0.0,0.0,0.0,0.0,0.0,1.0
1779285809.7898464,2.4621881319442394,-1.674407956818814e+16,-1.570795830047186,2.818592483392593e+17,6.944131862089327e-05,0.0,0.0,0.0,0.0,0.0,0.0,1.0
1779285809.8004737,2.4618107244519227,-1.6788052112654808e+16,-1.5707958312647243,2.829098945693826e+17,-6.944131862089383e-05,0.0,0.0,0.0,0.0,0.0,0.0,1.0
1779285809.811038,2.4616316456589438,-1.6842573437462314e+16,-1.570795832515034,2.8398327660549734e+17,6.944131862089327e-05,0.0,0.0,0.0,0.0,0.0,0.0,1.0
1779285809.821673,2.4612356584608186,-1.6885286929541912e+16,-1.570795833723562,2.8503918626347178e+17,-6.944131862089383e-05,0.0,0.0,0.0,0.0,0.0,0.0,1.0
1779285809.831869,2.4616563064073467,-1.697160112165159e+16,-1.5707958350525957,2.8615895573423494e+17,6.944131862089327e-05,0.0,0.0,0.0,0.0,0.0,0.0,1.0
1779285809.8418913,2.4622296982659213,-1.7066530058722078e+16,-1.5707958363906385,2.872852359368453e+17,-6.94413186208937e-05,0.0,0.0,0.0,0.0,0.0,0.0,1.0
1779285809.8522437,2.4619119251221444,-1.7113369206210036e+16,-1.5707958375711197,2.883317410852503e+17,6.944131862089356e-05,0.0,0.0,0.0,0.0,0.0,0.0,1.0
1779285809.8629084,2.461326321836323,-1.7146443952606802e+16,-1.5707958387308252,2.893812206964444e+17,-6.944131862089344e-05,0.0,0.0,0.0,0.0,0.0,0.0,1.0
1779285809.8730862,2.4619173604343834,-1.7244003893331352e+16,-1.5707958400840194,2.905404868570468e+17,6.944131862089375e-05,0.0,0.0,0.0,0.0,0.0,0.0,1.0
1779285809.8836334,2.4616917769390345,-1.7297622668151116e+16,-1.5707958413031342,2.9163493560696045e+17,-6.944131862089329e-05,0.0,0.0,0.0,0.0,0.0,0.0,1.0
1779285809.8939395,2.461820869117578,-1.7370320326113896e+16,-1.5707958425650221,2.927536717598797e+17,6.944131862089386e-05,0.0,0.0,0.0,0.0,0.0,0.0,1.0
1779285809.9044719,2.461707048422994,-1.7430708135451336e+16,-1.5707958438013965,2.938704833726906e+17,-6.944131862089326e-05,0.0,0.0,0.0,0.0,0.0,0.0,1.0
1779285809.9147491,2.461575093540607,-1.7488525255823012e+16,-1.5707958449965251,2.9495734544271763e+17,6.944131862089383e-05,0.0,0.0,0.0,0.0,0.0,0.0,1.0
1779285809.92478,2.462240912732781,-1.7591861668923988e+16,-1.5707958463315523,2.9613223349734656e+17,-6.944131862089327e-05,0.0,0.0,0.0,0.0,0.0,0.0,1.0
1779285809.9354105,2.4615931781511553,-1.7622507440408892e+16,-1.570795847455371,2.971974829860482e+17,6.944131862089383e-05,0.0,0.0,0.0,0.0,0.0,0.0,1.0
1779285809.9454143,2.4623196341240052,-1.7730053156595228e+16,-1.570795848794005,2.9838681291150925e+17,-6.944131862089327e-05,0.0,0.0,0.0,0.0,0.0,0.0,1.0
1779285809.9556577,2.4620998952532926,-1.7784029828054508e+16,-1.5707958499551862,2.9947451425956045e+17,6.944131862089383e-05,0.0,0.0,0.0,0.0,0.0,0.0,1.0
1779285809.9661205,2.4622125031382316,-1.7859191256169118e+16,-1.570795851215432,3.006420403906868e+17,-6.944131862089327e-05,0.0,0.0,0.0,0.0,0.0,0.0,1.0
1779285809.9764655,2.461748251616096,-1.7899252584513508e+16,-1.5707958523298404,3.017131784483811e+17,6.944131862089383e-05,0.0,0.0,0.0,0.0,0.0,0.0,1.0
1779285809.9867253,2.461895458048217,-1.7975189622759466e+16,-1.5707958535635416,3.028671455906535e+17,-6.944131862089327e-05,0.0,0.0,0.0,0.0,0.0,0.0,1.0
1779285809.9969091,2.462039038605078,-1.805089953289022e+16,-1.570795854783741,3.040156097341231e+17,6.944131862089383e-05,0.0,0.0,0.0,0.0,0.0,0.0,1.0
1779285810.0074456,2.4622285641909984,-1.813222024873161e+16,-1.5707958560585464,3.052212427112085e+17,-6.944131862089332e-05,0.0,0.0,0.0,0.0,0.0,0.0,1.0
1779285810.0182369,2.4608099467017084,-1.811761866251197e+16,-1.5707958570160339,3.0622381339044326e+17,6.944131862089361e-05,0.0,0.0,0.0,0.0,0.0,0.0,1.0
1779285810.0283878,2.4615462812302518,-1.8228912641087292e+16,-1.5707958583507873,3.074679141631781e+17,-6.944131862089361e-05,0.0,0.0,0.0,0.0,0.0,0.0,1.0
1779285810.0387454,2.461912607146436,-1.832036674190152e+16,-1.5707958596314415,3.0869014133280205e+17,6.94413186208934e-05,0.0,0.0,0.0,0.0,0.0,0.0,1.0
1779285810.0493,2.461236829845779,-1.834965097797006e+16,-1.5707958607113481,3.097855577370141e+17,-6.944131862089378e-05,0.0,0.0,0.0,0.0,0.0,0.0,1.0
1779285810.059714,2.461712345662964,-1.8448535744419796e+16,-1.5707958620159896,3.110396886737176e+17,6.944131862089327e-05,0.0,0.0,0.0,0.0,0.0,0.0,1.0
1779285810.070097,2.4621204739669538,-1.8544172783891852e+16,-1.5707958633004822,3.1228638730493e+17,-6.944131862089387e-05,0.0,0.0,0.0,0.0,0.0,0.0,1.0
1779285810.0806093,2.4618057329132004,-1.859642641583078e+16,-1.5707958644445505,3.1344453365805766e+17,6.944131862089325e-05,0.0,0.0,0.0,0.0,0.0,0.0,1.0
1779285810.090962,2.4613131477748493,-1.86362185609633e+16,-1.5707958655279142,3.145587740278929e+17,-6.944131862089384e-05,0.0,0.0,0.0,0.0,0.0,0.0,1.0
1779285810.1013288,2.461349722936048,-1.8707918160937536e+16,-1.570795866704012,3.157407028173817e+17,6.944131862089326e-05,0.0,0.0,0.0,0.0,0.0,0.0,1.0
1779285810.1117518,2.461634652191675,-1.8797154300578704e+16,-1.570795867958401,3.1699470643117754e+17,-6.944131862089383e-05,0.0,0.0,0.0,0.0,0.0,0.0,1.0
1779285810.1220233,2.4626044871289663,-1.8929391001863244e+16,-1.5707958693313886,3.183368418672454e+17,6.944131862089327e-05,0.0,0.0,0.0,0.0,0.0,0.0,1.0
1779285810.1323175,2.462344502035811,-1.8985359633542424e+16,-1.5707958704470686,3.1949851026530445e+17,-6.944131862089383e-05,0.0,0.0,0.0,0.0,0.0,0.0,1.0
1779285810.1426609,2.4620381535095257,-1.903810543012527e+16,-1.5707958715504902,3.2065699469934515e+17,6.944131862089327e-05,0.0,0.0,0.0,0.0,0.0,0.0,1.0
1779285810.1530719,2.4625224605965474,-1.9142071166989412e+16,-1.5707958728313094,3.219589482156898e+17,-6.944131862089383e-05,0.0,0.0,0.0,0.0,0.0,0.0,1.0
1779285810.1634262,2.4619536512283795,-1.9178658856018104e+16,-1.5707958738785306,3.23089045746456e+17,6.944131862089327e-05,0.0,0.0,0.0,0.0,0.0,0.0,1.0
1779285810.1735225,2.462620990847441,-1.9292920314009268e+16,-1.5707958751532336,3.24389073214006e+17,-6.944131862089383e-05,0.0,0.0,0.0,0.0,0.0,0.0,1.0
1779285810.1836033,2.4627287545173626,-1.9371906522986144e+16,-1.5707958763042453,3.2560121272040384e+17,6.944131862089337e-05,0.0,0.0,0.0,0.0,0.0,0.0,1.0
1779285810.1938348,2.4624664337195075,-1.9428183720762424e+16,-1.5707958773949895,3.2677948643429056e+17,-6.944131862089359e-05,0.0,0.0,0.0,0.0,0.0,0.0,1.0
1779285810.2041264,2.4623921406186198,-1.9496931451503156e+16,-1.5707958785295,3.2799993061749344e+17,6.944131862089364e-05,0.0,0.0,0.0,0.0,0.0,0.0,1.0
1779285810.214634,2.4623189332365008,-1.956739665327472e+16,-1.5707958796887638,3.29254645360162e+17,-6.944131862089337e-05,0.0,0.0,0.0,0.0,0.0,0.0,1.0
1779285810.2251844,2.4617024021290224,-1.960252908988053e+16,-1.5707958807386602,3.304318554893165e+17,6.94413186208938e-05,0.0,0.0,0.0,0.0,0.0,0.0,1.0
1779285810.2352693,2.4622349199110194,-1.97095424164188e+16,-1.5707958819623913,3.317330792934908e+17,-6.944131862089326e-05,0.0,0.0,0.0,0.0,0.0,0.0,1.0
1779285810.2455058,2.462459063798539,-1.979840363449718e+16,-1.5707958831402762,3.330121013757629e+17,6.944131862089383e-05,0.0,0.0,0.0,0.0,0.0,0.0,1.0
1779285810.2565007,2.4615831793888394,-1.982019926009523e+16,-1.5707958841877605,3.342249024213386e+17,-6.944131862089327e-05,0.0,0.0,0.0,0.0,0.0,0.0,1.0
1779285810.266855,2.461656029140204,-1.9899583306247332e+16,-1.5707958853434723,3.355037855048129e+17,6.944131862089383e-05,0.0,0.0,0.0,0.0,0.0,0.0,1.0
1779285810.2768831,2.4620706852041425,-2.000002094672816e+16,-1.5707958865252698,3.367978337777077e+17,-6.944131862089327e-05,0.0,0.0,0.0,0.0,0.0,0.0,1.0
1779285810.2873058,2.4619255022869067,-2.006662837897119e+16,-1.5707958876407884,3.380615276584452e+17,6.944131862089383e-05,0.0,0.0,0.0,0.0,0.0,0.0,1.0
1779285810.2975113,2.4620658756794933,-2.0150976557626936e+16,-1.5707958887838755,3.393455786062619e+17,-6.944131862089327e-05,0.0,0.0,0.0,0.0,0.0,0.0,1.0
1779285810.3080127,2.461971763802584,-2.022215591342165e+16,-1.5707958899147125,3.406389802632522e+17,6.944131862089383e-05,0.0,0.0,0.0,0.0,0.0,0.0,1.0
1779285810.318307,2.4617608036391303,-2.0283965367171936e+16,-1.5707958909932411,3.418872886588351e+17,-6.944131862089327e-05,0.0,0.0,0.0,0.0,0.0,0.0,1.0
1779285810.328725,2.4606307160921825,-2.0283791161576164e+16,-1.5707958919006235,3.430040871884277e+17,6.944131862089383e-05,0.0,0.0,0.0,0.0,0.0,0.0,1.0
1779285810.3387697,2.4616558300000784,-2.0427107523356016e+16,-1.570795893189106,3.4442936053026e+17,-6.944131862089327e-05,0.0,0.0,0.0,0.0,0.0,0.0,1.0
1779285810.3490481,2.4623770953396407,-2.055349106020227e+16,-1.5707958944446343,3.4584656986734285e+17,6.944131862089379e-05,0.0,0.0,0.0,0.0,0.0,0.0,1.0
1779285810.3595922,2.462159252963174,-2.0618547606223652e+16,-1.570795895544307,3.4715146717675456e+17,-6.944131862089344e-05,0.0,0.0,0.0,0.0,0.0,0.0,1.0
1779285810.3698604,2.4622495561403652,-2.070277684292055e+16,-1.5707958966684956,3.4847283264276346e+17,6.944131862089353e-05,0.0,0.0,0.0,0.0,0.0,0.0,1.0
1779285810.3799937,2.4623124063746666,-2.078444892336996e+16,-1.570795897768011,3.4977467941732563e+17,-6.944131862089367e-05,0.0,0.0,0.0,0.0,0.0,0.0,1.0
1779285810.3902085,2.4619138775112948,-2.083472557018219e+16,-1.570795898782919,3.5101326364083776e+17,6.944131862089336e-05,0.0,0.0,0.0,0.0,0.0,0.0,1.0
1779285810.4006598,2.462075444071615,-2.092569849513531e+16,-1.5707958999347134,3.523873438258244e+17,-6.94413186208938e-05,0.0,0.0,0.0,0.0,0.0,0.0,1.0
1779285810.4107013,2.462514740100074,-2.103371427416725e+16,-1.5707959010885266,3.5375396702573165e+17,6.944131862089326e-05,0.0,0.0,0.0,0.0,0.0,0.0,1.0
1779285810.420802,2.462462493139788,-2.1108445302086644e+16,-1.570795902151408,3.550510524820384e+17,-6.944131862089383e-05,0.0,0.0,0.0,0.0,0.0,0.0,1.0
1779285810.4310308,2.4621649210114773,-2.1166744338958584e+16,-1.5707959031776335,3.563271698375426e+17,6.944131862089327e-05,0.0,0.0,0.0,0.0,0.0,0.0,1.0
1779285810.4416025,2.461693313510227,-2.1215084194411204e+16,-1.5707959042099198,3.576298994181439e+17,-6.944131862089383e-05,0.0,0.0,0.0,0.0,0.0,0.0,1.0
1779285810.451877,2.4622723922925163,-2.1335739626648724e+16,-1.5707959054077671,3.590754855300633e+17,6.944131862089327e-05,0.0,0.0,0.0,0.0,0.0,0.0,1.0
1779285810.4621534,2.4623546429521546,-2.1422158033179076e+16,-1.5707959065073576,3.604412271190005e+17,-6.944131862089383e-05,0.0,0.0,0.0,0.0,0.0,0.0,1.0
1779285810.4727657,2.461657766561235,-2.145546645355152e+16,-1.5707959074939701,3.6172572917417434e+17,6.944131862089327e-05,0.0,0.0,0.0,0.0,0.0,0.0,1.0
1779285810.4832447,2.46213289224941,-2.1571548012441456e+16,-1.5707959086874572,3.63200114761323e+17,-6.944131862089383e-05,0.0,0.0,0.0,0.0,0.0,0.0,1.0
1779285810.4934697,2.4616101447146,-2.1614446834903212e+16,-1.5707959096565716,3.644653923537567e+17,6.944131862089327e-05,0.0,0.0,0.0,0.0,0.0,0.0,1.0
1779285810.5039299,2.4620553967972634,-2.1728775052688612e+16,-1.570795910831898,3.6593659557730214e+17,-6.944131862089383e-05,0.0,0.0,0.0,0.0,0.0,0.0,1.0
1779285810.514159,2.4626051089194396,-2.185052957332608e+16,-1.5707959120030615,3.6740519161600314e+17,6.944131862089327e-05,0.0,0.0,0.0,0.0,0.0,0.0,1.0
1779285810.524718,2.4621843541093376,-2.190492467901628e+16,-1.5707959130255251,3.687570802919353e+17,-6.944131862089374e-05,0.0,0.0,0.0,0.0,0.0,0.0,1.0
1779285810.5348504,2.4623676270885833,-2.1999866657860332e+16,-1.5707959141091548,3.701548512758839e+17,6.944131862089352e-05,0.0,0.0,0.0,0.0,0.0,0.0,1.0
1779285810.5454152,2.462072506574451,-2.206356234981712e+16,-1.5707959151516029,3.715405388977526e+17,-6.944131862089346e-05,0.0,0.0,0.0,0.0,0.0,0.0,1.0
1779285810.5560517,2.4614265818483885,-2.210143078426972e+16,-1.5707959161319194,3.728761864983932e+17,6.944131862089372e-05,0.0,0.0,0.0,0.0,0.0,0.0,1.0
1779285810.566228,2.461911877106428,-2.2219210757877188e+16,-1.5707959172704853,3.7435109793345344e+17,-6.944131862089332e-05,0.0,0.0,0.0,0.0,0.0,0.0,1.0
1779285810.5764806,2.462252020424531,-2.2328006797732052e+16,-1.5707959183878784,3.7581771615322406e+17,6.944131862089383e-05,0.0,0.0,0.0,0.0,0.0,0.0,1.0
1779285810.5868173,2.462235612660399,-2.2411678240778716e+16,-1.570795919446042,3.7723897381823424e+17,-6.944131862089323e-05,0.0,0.0,0.0,0.0,0.0,0.0,1.0
1779285810.5973244,2.461693431932034,-2.2457259127213016e+16,-1.5707959204219346,3.78594065087481e+17,6.944131862089386e-05,0.0,0.0,0.0,0.0,0.0,0.0,1.0
1779285810.6078017,2.4619664924292963,-2.2563704598434936e+16,-1.570795921545445,3.80101041438323e+17,-6.944131862089326e-05,0.0,0.0,0.0,0.0,0.0,0.0,1.0
1779285810.6180196,2.461703667509174,-2.262818851377924e+16,-1.570795922536253,3.814728888673892e+17,6.944131862089383e-05,0.0,0.0,0.0,0.0,0.0,0.0,1.0
1779285810.628143,2.462076779568501,-2.2740213520846216e+16,-1.5707959236319533,3.8295272186390125e+17,-6.944131862089327e-05,0.0,0.0,0.0,0.0,0.0,0.0,1.0
1779285810.6384356,2.4612536139604484,-2.2762968261579148e+16,-1.5707959245216694,3.842403052448567e+17,6.944131862089383e-05,0.0,0.0,0.0,0.0,0.0,0.0,1.0
1779285810.648889,2.461663906711729,-2.288069339670317e+16,-1.5707959256570048,3.857904764517899e+17,-6.944131862089327e-05,0.0,0.0,0.0,0.0,0.0,0.0,1.0
1779285810.6588218,2.4625487947770157,-2.3031939921569224e+16,-1.5707959268174574,3.8735242015346746e+17,6.944131862089383e-05,0.0,0.0,0.0,0.0,0.0,0.0,1.0
1779285810.6689014,2.462635763017142,-2.3124652060696824e+16,-1.5707959278464938,3.887963718691915e+17,-6.944131862089327e-05,0.0,0.0,0.0,0.0,0.0,0.0,1.0
1779285810.6791248,2.4619848290129998,-2.316153771108894e+16,-1.5707959287537785,3.9012853149569094e+17,6.944131862089383e-05,0.0,0.0,0.0,0.0,0.0,0.0,1.0
1779285810.6894958,2.46254820608128,-2.329335772571007e+16,-1.5707959298972618,3.917194317262405e+17,-6.944131862089327e-05,0.0,0.0,0.0,0.0,0.0,0.0,1.0
1779285810.699709,2.462612147829468,-2.3386199390799332e+16,-1.5707959309294826,3.9319657357639334e+17,6.94413186208937e-05,0.0,0.0,0.0,0.0,0.0,0.0,1.0
1779285810.7098246,2.462689291707014,-2.34795803806988e+16,-1.5707959319504585,3.9466555060066214e+17,-6.944131862089356e-05,0.0,0.0,0.0,0.0,0.0,0.0,1.0
1779285810.720508,2.4616911737937524,-2.349331467568868e+16,-1.5707959328371974,3.9602578295736096e+17,6.944131862089344e-05,0.0,0.0,0.0,0.0,0.0,0.0,1.0
1779285810.7307644,2.462486941569502,-2.3643832227862764e+16,-1.570795933998348,3.976652951609785e+17,-6.944131862089375e-05,0.0,0.0,0.0,0.0,0.0,0.0,1.0
1779285810.741351,2.461959915183739,-2.369409006161388e+16,-1.5707959349561327,3.9911232607461766e+17,6.944131862089329e-05,0.0,0.0,0.0,0.0,0.0,0.0,1.0
1779285810.7518127,2.4620910393610496,-2.379507643721304e+16,-1.570795936015927,4.006709621078341e+17,-6.944131862089386e-05,0.0,0.0,0.0,0.0,0.0,0.0,1.0
1779285810.7620964,2.4618995198266034,-2.386931893440804e+16,-1.5707959369951179,4.021422780849064e+17,6.944131862089326e-05,0.0,0.0,0.0,0.0,0.0,0.0,1.0
1779285810.7722366,2.461791964549735,-2.3948939330140604e+16,-1.57079593797,4.036093620899661e+17,-6.944131862089383e-05,0.0,0.0,0.0,0.0,0.0,0.0,1.0
1779285810.782534,2.4620029514699366,-2.40558061846478e+16,-1.5707959390175332,4.051718527720407e+17,6.944131862089327e-05,0.0,0.0,0.0,0.0,0.0,0.0,1.0
1779285810.7932012,2.461377245202512,-2.409861725992086e+16,-1.5707959399504574,4.066316832172609e+17,-6.944131862089383e-05,0.0,0.0,0.0,0.0,0.0,0.0,1.0
1779285810.8034468,2.462215771903627,-2.425626182497011e+16,-1.570795941098509,4.0832055952256557e+17,6.944131862089327e-05,0.0,0.0,0.0,0.0,0.0,0.0,1.0
1779285810.8138218,2.4619047080688494,-2.432343299457315e+16,-1.570795942055611,4.098123552670581e+17,-6.944131862089383e-05,0.0,0.0,0.0,0.0,0.0,0.0,1.0
1779285810.8243203,2.461922206840241,-2.4418260448051864e+16,-1.5707959430815057,4.113952119323614e+17,6.944131862089327e-05,0.0,0.0,0.0,0.0,0.0,0.0,1.0
1779285810.8349388,2.4616319058741807,-2.448914103792532e+16,-1.5707959440622175,4.129404480537291e+17,-6.944131862089383e-05,0.0,0.0,0.0,0.0,0.0,0.0,1.0
1779285810.8454428,2.461764951573497,-2.4593949366812692e+16,-1.5707959451045972,4.1455991809941984e+17,6.944131862089327e-05,0.0,0.0,0.0,0.0,0.0,0.0,1.0
1779285810.8558643,2.4619433698752395,-2.470251294029246e+16,-1.5707959461435894,4.161809902115654e+17,-6.944131862089383e-05,0.0,0.0,0.0,0.0,0.0,0.0,1.0
1779285810.8661606,2.4619264487483576,-2.479448259743802e+16,-1.570795947132627,4.177476188168626e+17,6.944131862089332e-05,0.0,0.0,0.0,0.0,0.0,0.0,1.0
1779285810.8767207,2.4615300463227636,-2.485742807910514e+16,-1.57079594808169,4.192887454812153e+17,-6.944131862089361e-05,0.0,0.0,0.0,0.0,0.0,0.0,1.0
1779285810.886841,2.4619472400120728,-2.49841499153808e+16,-1.5707959491220294,4.2092371577170285e+17,6.944131862089361e-05,0.0,0.0,0.0,0.0,0.0,0.0,1.0
1779285810.8969781,2.4623135279067365,-2.5107966792818932e+16,-1.5707959501530546,4.225584121244038e+17,-6.94413186208934e-05,0.0,0.0,0.0,0.0,0.0,0.0,1.0
1779285810.9071932,2.461976965727883,-2.5174180679161024e+16,-1.5707959510685463,4.240690207352289e+17,6.944131862089378e-05,0.0,0.0,0.0,0.0,0.0,0.0,1.0
1779285810.9172904,2.4622091806234487,-2.528710183819584e+16,-1.5707959520673827,4.256814047132269e+17,-6.944131862089327e-05,0.0,0.0,0.0,0.0,0.0,0.0,1.0
1779285810.9273984,2.462219596525179,-2.5382008482471404e+16,-1.5707959530266742,4.272558199763927e+17,6.944131862089387e-05,0.0,0.0,0.0,0.0,0.0,0.0,1.0
1779285810.9374774,2.462492185009137,-2.549933409628598e+16,-1.5707959540256307,4.288856018360064e+17,-6.944131862089325e-05,0.0,0.0,0.0,0.0,0.0,0.0,1.0
1779285810.9476376,2.462644232792303,-2.5607954925606108e+16,-1.5707959550105985,4.305119463713083e+17,6.944131862089384e-05,0.0,0.0,0.0,0.0,0.0,0.0,1.0
1779285810.9578328,2.462652996278353,-2.5704936536033748e+16,-1.5707959559700988,4.321168759357417e+17,-6.944131862089326e-05,0.0,0.0,0.0,0.0,0.0,0.0,1.0
1779285810.9681597,2.4626114780239203,-2.57992857787617e+16,-1.570795956935014,4.337449235765005e+17,6.944131862089383e-05,0.0,0.0,0.0,0.0,0.0,0.0,1.0
1779285810.9791062,2.4612612216930105,-2.5785821625455484e+16,-1.5707959577368829,4.352077418931681e+17,-6.944131862089327e-05,0.0,0.0,0.0,0.0,0.0,0.0,1.0
1779285810.989116,2.46226735881172,-2.5966423999762796e+16,-1.5707959588396634,4.3700743935493446e+17,6.944131862089383e-05,0.0,0.0,0.0,0.0,0.0,0.0,1.0
1779285810.9995303,2.462657836683381,-2.6099814934897036e+16,-1.57079595988001,4.387614733407589e+17,-6.944131862089327e-05,0.0,0.0,0.0,0.0,0.0,0.0,1.0
1779285811.0102038,2.4620564173626063,-2.6149938842182524e+16,-1.570795960778283,4.403589996581939e+17,6.944131862089383e-05,0.0,0.0,0.0,0.0,0.0,0.0,1.0
1779285811.0205774,2.462009752012614,-2.6245028681173496e+16,-1.5707959617353766,4.420239197093027e+17,-6.944131862089327e-05,0.0,0.0,0.0,0.0,0.0,0.0,1.0
1779285811.0307088,2.4623219853136376,-2.6369789027667296e+16,-1.5707959627245995,4.437268891346624e+17,6.944131862089383e-05,0.0,0.0,0.0,0.0,0.0,0.0,1.0
1779285811.041395,2.461259131173362,-2.637893161670229e+16,-1.570795963539436,4.4524224596413696e+17,-6.944131862089337e-05,0.0,0.0,0.0,0.0,0.0,0.0,1.0
1779285811.0513937,2.4620927510637003,-2.6548432152532764e+16,-1.5707959645970437,4.4704487202741306e+17,6.944131862089359e-05,0.0,0.0,0.0,0.0,0.0,0.0,1.0
1779285811.0614378,2.462379320859172,-2.6671764047397824e+16,-1.5707959655661872,4.4874577740848154e+17,-6.944131862089364e-05,0.0,0.0,0.0,0.0,0.0,0.0,1.0
1779285811.071991,2.462212048805687,-2.676037908548265e+16,-1.5707959665116207,4.5045183399694874e+17,6.944131862089337e-05,0.0,0.0,0.0,0.0,0.0,0.0,1.0
1779285811.0821552,2.4620783962485926,-2.68480790200994e+16,-1.5707959674183698,4.52095037071692e+17,-6.94413186208938e-05,0.0,0.0,0.0,0.0,0.0,0.0,1.0
1779285811.0926359,2.4619265584601893,-2.6937369280578976e+16,-1.5707959683537962,4.5380199440519674e+17,6.944131862089326e-05,0.0,0.0,0.0,0.0,0.0,0.0,1.0
1779285811.1030917,2.462274498854432,-2.707180987036448e+16,-1.5707959693662676,4.556202431251685e+17,-6.944131862089383e-05,0.0,0.0,0.0,0.0,0.0,0.0,1.0
1779285811.1136599,2.461884235693986,-2.7141456384024704e+16,-1.5707959702674932,4.5730526372219283e+17,6.944131862089327e-05,0.0,0.0,0.0,0.0,0.0,0.0,1.0
1779285811.1238205,2.4618319142575094,-2.7237416667646176e+16,-1.5707959711792088,4.589915684773929e+17,-6.944131862089383e-05,0.0,0.0,0.0,0.0,0.0,0.0,1.0
1779285811.1340961,2.462134489416891,-2.736736570630467e+16,-1.5707959721587326,4.6078593638436544e+17,6.944131862089327e-05,0.0,0.0,0.0,0.0,0.0,0.0,1.0
1779285811.1441092,2.462534095890717,-2.750475814396599e+16,-1.570795973125234,4.6255951822863424e+17,-6.944131862089383e-05,0.0,0.0,0.0,0.0,0.0,0.0,1.0
1779285811.1546378,2.4620860393728488,-2.7570220192835716e+16,-1.5707959740047719,4.6425028905269395e+17,6.944131862089327e-05,0.0,0.0,0.0,0.0,0.0,0.0,1.0
1779285811.1650786,2.462128360022187,-2.7679580446449196e+16,-1.570795974952107,4.660392891152175e+17,-6.944131862089383e-05,0.0,0.0,0.0,0.0,0.0,0.0,1.0
1779285811.1756485,2.4618227222480344,-2.775833667603313e+16,-1.5707959758538275,4.677810094121816e+17,6.944131862089327e-05,0.0,0.0,0.0,0.0,0.0,0.0,1.0
1779285811.1861866,2.4617620161109364,-2.7859420177057268e+16,-1.5707959767896589,4.695783857668032e+17,-6.944131862089383e-05,0.0,0.0,0.0,0.0,0.0,0.0,1.0
1779285811.1966598,2.461148678200431,-2.790824070535353e+16,-1.5707959776268214,4.7124128167626854e+17,6.944131862089327e-05,0.0,0.0,0.0,0.0,0.0,0.0,1.0
1779285811.206697,2.461814546970185,-2.807230498970095e+16,-1.570795978624004,4.731183351043572e+17,-6.944131862089379e-05,0.0,0.0,0.0,0.0,0.0,0.0,1.0
1779285811.2172475,2.461668692325499,-2.816687309774319e+16,-1.5707959795408069,4.749188661418822e+17,6.944131862089344e-05,0.0,0.0,0.0,0.0,0.0,0.0,1.0
1779285811.2274826,2.4620062720405955,-2.8304290895215544e+16,-1.5707959805013538,4.767760764275579e+17,-6.944131862089353e-05,0.0,0.0,0.0,0.0,0.0,0.0,1.0
1779285811.2375548,2.462141159779782,-2.842191237047173e+16,-1.570795981411147,4.785616058974941e+17,6.944131862089367e-05,0.0,0.0,0.0,0.0,0.0,0.0,1.0
1779285811.2481692,2.4610251518457646,-2.8425777395435764e+16,-1.5707959821708113,4.8016388397357165e+17,-6.944131862089336e-05,0.0,0.0,0.0,0.0,0.0,0.0,1.0
1779285811.2585208,2.4619040614596,-2.861649956713876e+16,-1.5707959832210672,4.82189406308866e+17,6.94413186208938e-05,0.0,0.0,0.0,0.0,0.0,0.0,1.0
1779285811.2691221,2.4615490255487367,-2.869364966462126e+16,-1.5707959840992518,4.839861845840481e+17,-6.944131862089326e-05,0.0,0.0,0.0,0.0,0.0,0.0,1.0
1779285811.2795653,2.46199062264677,-2.8845861564031092e+16,-1.5707959850853828,4.8594565320181376e+17,6.944131862089383e-05,0.0,0.0,0.0,0.0,0.0,0.0,1.0
1779285811.2897866,2.4617918198937487,-2.893511476255124e+16,-1.5707959859468874,4.8771737789678944e+17,-6.944131862089327e-05,0.0,0.0,0.0,0.0,0.0,0.0,1.0
1779285811.3001575,2.4615129938664997,-2.901763670375139e+16,-1.5707959868050383,4.894995551302228e+17,6.944131862089383e-05,0.0,0.0,0.0,0.0,0.0,0.0,1.0
1779285811.3101838,2.4621336548551946,-2.9184549122467604e+16,-1.5707959877703266,4.914371429467437e+17,-6.944131862089327e-05,0.0,0.0,0.0,0.0,0.0,0.0,1.0
1779285811.320271,2.462452708241008,-2.932442931879976e+16,-1.5707959886930738,4.933253574607258e+17,6.944131862089383e-05,0.0,0.0,0.0,0.0,0.0,0.0,1.0
1779285811.330879,2.4620929833544505,-2.9404054273910736e+16,-1.5707959895592394,4.9516615356722374e+17,-6.944131862089327e-05,0.0,0.0,0.0,0.0,0.0,0.0,1.0
1779285811.3410723,2.4622780497162675,-2.9532571693188044e+16,-1.5707959904666686,4.970575262254938e+17,6.944131862089383e-05,0.0,0.0,0.0,0.0,0.0,0.0,1.0
1779285811.3512516,2.462458184450587,-2.9660753284624704e+16,-1.5707959913654217,4.9894301484940346e+17,-6.944131862089327e-05,0.0,0.0,0.0,0.0,0.0,0.0,1.0
1779285811.361369,2.4626395210206806,-2.9789608798762996e+16,-1.57079599226055,5.008327462427448e+17,6.944131862089383e-05,0.0,0.0,0.0,0.0,0.0,0.0,1.0
1779285811.3716679,2.462385602323054,-2.987759469351235e+16,-1.5707959931041457,5.026617116939773e+17,-6.944131862089327e-05,0.0,0.0,0.0,0.0,0.0,0.0,1.0
1779285811.3822343,2.4622948445711925,-2.9984211760154628e+16,-1.5707959939933258,5.0458623216566195e+17,6.944131862089374e-05,0.0,0.0,0.0,0.0,0.0,0.0,1.0
1779285811.3926294,2.4620401474593896,-3.0072977017357056e+16,-1.5707959948417785,5.0644805020577786e+17,-6.944131862089352e-05,0.0,0.0,0.0,0.0,0.0,0.0,1.0
1779285811.4026687,2.4625970375035853,-3.023974032789146e+16,-1.5707959957773514,5.084402549754118e+17,6.944131862089346e-05,0.0,0.0,0.0,0.0,0.0,0.0,1.0
1779285811.4131594,2.461863851900637,-3.0282148137744604e+16,-1.5707959965577472,5.10217735357035e+17,-6.944131862089372e-05,0.0,0.0,0.0,0.0,0.0,0.0,1.0
1779285811.4235036,2.461267068350158,-3.033528609302688e+16,-1.5707959973418226,5.120003393217253e+17,6.944131862089332e-05,0.0,0.0,0.0,0.0,0.0,0.0,1.0
1779285811.4333346,2.462854133659739,-3.0605491048145732e+16,-1.5707959984070006,5.142262120784732e+17,-6.944131862089383e-05,0.0,0.0,0.0,0.0,0.0,0.0,1.0
1779285811.4438396,2.4627239919355017,-3.0711327208065676e+16,-1.5707959992755074,5.161812403172602e+17,6.944131862089323e-05,0.0,0.0,0.0,0.0,0.0,0.0,1.0
1779285811.454227,2.4623417081776315,-3.0789727732573936e+16,-1.5707960000921533,5.180533175312926e+17,-6.944131862089386e-05,0.0,0.0,0.0,0.0,0.0,0.0,1.0
1779285811.4646168,2.4623160352517157,-3.0904403260259256e+16,-1.5707960009600999,5.200209919936368e+17,6.944131862089326e-05,0.0,0.0,0.0,0.0,0.0,0.0,1.0
1779285811.4752014,2.461748667368515,-3.096533372589603e+16,-1.5707960017631966,5.2190114263816486e+17,-6.944131862089383e-05,0.0,0.0,0.0,0.0,0.0,0.0,1.0
1779285811.4853227,2.4622416154829145,-3.1130730144778468e+16,-1.5707960026790972,5.239556273169701e+17,6.944131862089327e-05,0.0,0.0,0.0,0.0,0.0,0.0,1.0
1779285811.4956968,2.462375727148889,-3.1263190949404116e+16,-1.5707960035633861,5.259834696767277e+17,-6.944131862089383e-05,0.0,0.0,0.0,0.0,0.0,0.0,1.0
1779285811.506351,2.461830386307769,-3.132818185190184e+16,-1.5707960043706646,5.279064638255019e+17,6.944131862089327e-05,0.0,0.0,0.0,0.0,0.0,0.0,1.0
1779285811.5165825,2.461818207043389,-3.1443668429354596e+16,-1.57079600521509,5.29878457345576e+17,-6.944131862089383e-05,0.0,0.0,0.0,0.0,0.0,0.0,1.0
1779285811.526945,2.4621594477228106,-3.159861042555328e+16,-1.5707960061225126,5.319793883490527e+17,6.944131862089327e-05,0.0,0.0,0.0,0.0,0.0,0.0,1.0
1779285811.5375063,2.4616644657291995,-3.1668379823037376e+16,-1.570796006923193,5.3391720683512186e+17,-6.944131862089383e-05,0.0,0.0,0.0,0.0,0.0,0.0,1.0
1779285811.5478075,2.4614221618175756,-3.1761183239124376e+16,-1.5707960077336687,5.358658126214541e+17,6.944131862089327e-05,0.0,0.0,0.0,0.0,0.0,0.0,1.0
1779285811.5578153,2.4622614612072247,-3.196636346443632e+16,-1.5707960086736377,5.3803774659324736e+17,-6.94413186208937e-05,0.0,0.0,0.0,0.0,0.0,0.0,1.0
1779285811.5686228,2.4614842125236085,-3.2009932663014776e+16,-1.5707960094507736,5.3998084611470995e+17,6.944131862089356e-05,0.0,0.0,0.0,0.0,0.0,0.0,1.0
1779285811.5791013,2.461709763459158,-3.215627296926073e+16,-1.570796010341098,5.421170139837417e+17,-6.944131862089344e-05,0.0,0.0,0.0,0.0,0.0,0.0,1.0
1779285811.5892544,2.4618027814355625,-3.228563806587215e+16,-1.570796011179707,5.441523749374232e+17,6.944131862089375e-05,0.0,0.0,0.0,0.0,0.0,0.0,1.0
1779285811.5994005,2.4618412787682447,-3.240968823367617e+16,-1.5707960120078193,5.4617966834528845e+17,-6.944131862089329e-05,0.0,0.0,0.0,0.0,0.0,0.0,1.0
1779285811.6094296,2.4623035376361195,-3.2579125954794692e+16,-1.5707960128844247,5.483003334590707e+17,6.944131862089386e-05,0.0,0.0,0.0,0.0,0.0,0.0,1.0
1779285811.6196678,2.461988506072946,-3.266757488068584e+16,-1.570796013666517,5.502721046214729e+17,-6.944131862089326e-05,0.0,0.0,0.0,0.0,0.0,0.0,1.0
1779285811.6296792,2.462432403755429,-3.2836278252236096e+16,-1.5707960145350601,5.524011053670976e+17,6.944131862089383e-05,0.0,0.0,0.0,0.0,0.0,0.0,1.0
1779285811.6398807,2.462776921370896,-3.299792001427019e+16,-1.5707960154049525,5.545574996204865e+17,-6.944131862089327e-05,0.0,0.0,0.0,0.0,0.0,0.0,1.0
1779285811.6505537,2.4618409263877914,-3.3024633788602172e+16,-1.5707960161321515,5.5648650717013376e+17,6.944131862089383e-05,0.0,0.0,0.0,0.0,0.0,0.0,1.0
1779285811.6607304,2.4623713937474454,-3.3206199151539896e+16,-1.5707960170209305,5.586995551272402e+17,-6.944131862089327e-05,0.0,0.0,0.0,0.0,0.0,0.0,1.0
1779285811.6712902,2.462086001335288,-3.330334927349996e+16,-1.5707960178267397,5.607919951646559e+17,6.944131862089383e-05,0.0,0.0,0.0,0.0,0.0,0.0,1.0
1779285811.6818383,2.4619936244148457,-3.342131075843756e+16,-1.570796018654142,5.6293446389561094e+17,-6.944131862089327e-05,0.0,0.0,0.0,0.0,0.0,0.0,1.0
1779285811.692011,2.4620184310058533,-3.354851028932977e+16,-1.5707960194648283,5.6503496877572e+17,6.944131862089383e-05,0.0,0.0,0.0,0.0,0.0,0.0,1.0
1779285811.7020352,2.4625141530086196,-3.372760195173897e+16,-1.5707960203268556,5.6723804603096454e+17,-6.944131862089327e-05,0.0,0.0,0.0,0.0,0.0,0.0,1.0
1779285811.7122672,2.4623899872376227,-3.384077317703075e+16,-1.5707960211182113,5.693291822096566e+17,6.944131862089383e-05,0.0,0.0,0.0,0.0,0.0,0.0,1.0
1779285811.7223866,2.4625957988556832,-3.3990106863380796e+16,-1.570796021943877,5.7149225269968736e+17,-6.944131862089332e-05,0.0,0.0,0.0,0.0,0.0,0.0,1.0
1779285811.7325988,2.4623174637032914,-3.408620128577004e+16,-1.5707960227076785,5.735506873304612e+17,6.944131862089361e-05,0.0,0.0,0.0,0.0,0.0,0.0,1.0
1779285811.74301,2.4620432813257955,-3.418482873077652e+16,-1.5707960234877623,5.756646947121429e+17,-6.944131862089361e-05,0.0,0.0,0.0,0.0,0.0,0.0,1.0
1779285811.7530491,2.462460855895009,-3.4358072388850652e+16,-1.570796024328897,5.778886957128677e+17,6.94413186208934e-05,0.0,0.0,0.0,0.0,0.0,0.0,1.0
1779285811.763666,2.4615856450947917,-3.439098211972411e+16,-1.5707960250400999,5.799003649840817e+17,-6.944131862089378e-05,0.0,0.0,0.0,0.0,0.0,0.0,1.0
1779285811.7736218,2.4625243529721397,-3.4623903634533004e+16,-1.5707960259425617,5.822681333993943e+17,6.944131862089327e-05,0.0,0.0,0.0,0.0,0.0,0.0,1.0
1779285811.7839122,2.4626099569001303,-3.4765091397030784e+16,-1.57079602675514,5.844894484742249e+17,-6.944131862089387e-05,0.0,0.0,0.0,0.0,0.0,0.0,1.0
1779285811.7940896,2.462169327971172,-3.484393583813354e+16,-1.5707960274826347,5.865403447265678e+17,6.944131862089325e-05,0.0,0.0,0.0,0.0,0.0,0.0,1.0
1779285811.8041708,2.462829166232105,-3.5049657003122624e+16,-1.5707960283510392,5.888873724825391e+17,-6.944131862089384e-05,0.0,0.0,0.0,0.0,0.0,0.0,1.0
1779285811.8147888,2.462157350237438,-3.5108006447936296e+16,-1.5707960290822391,5.909978455987763e+17,6.944131862089326e-05,0.0,0.0,0.0,0.0,0.0,0.0,1.0
1779285811.8254008,2.4615282452861624,-3.516969559292291e+16,-1.5707960298160464,5.931228168090906e+17,-6.944131862089383e-05,0.0,0.0,0.0,0.0,0.0,0.0,1.0
1779285811.8355966,2.4622601277620215,-3.5386141670212776e+16,-1.5707960306969821,5.95541723799681e+17,6.944131862089327e-05,0.0,0.0,0.0,0.0,0.0,0.0,1.0
1779285811.8456101,2.4626591588259847,-3.5563560801622412e+16,-1.5707960315161118,5.978341091528449e+17,-6.944131862089383e-05,0.0,0.0,0.0,0.0,0.0,0.0,1.0
1779285811.8558202,2.4627296808867474,-3.570582471442869e+16,-1.5707960323054668,6.000891857219694e+17,6.944131862089327e-05,0.0,0.0,0.0,0.0,0.0,0.0,1.0
1779285811.866384,2.461775314397732,-3.5730395262846856e+16,-1.5707960329846804,6.021426677891794e+17,-6.944131862089383e-05,0.0,0.0,0.0,0.0,0.0,0.0,1.0
1779285811.8767688,2.4621870908649295,-3.591463195376401e+16,-1.5707960338307023,6.045547142679139e+17,6.944131862089327e-05,0.0,0.0,0.0,0.0,0.0,0.0,1.0
1779285811.887203,2.462197517493735,-3.605302269814095e+16,-1.5707960346253886,6.068732146386245e+17,-6.944131862089383e-05,0.0,0.0,0.0,0.0,0.0,0.0,1.0
1779285811.8975081,2.4617997079983565,-3.61408079827271e+16,-1.570796035352197,6.090470874959584e+17,6.944131862089337e-05,0.0,0.0,0.0,0.0,0.0,0.0,1.0
1779285811.907936,2.4622287158278287,-3.63301825740753e+16,-1.5707960361984863,6.115043457087576e+17,-6.944131862089359e-05,0.0,0.0,0.0,0.0,0.0,0.0,1.0
1779285811.9182239,2.461436570567208,-3.637026001891056e+16,-1.5707960368664124,6.135694716504924e+17,6.944131862089364e-05,0.0,0.0,0.0,0.0,0.0,0.0,1.0
1779285811.928409,2.4618266444318473,-3.655219264362761e+16,-1.5707960376821022,6.159682095768317e+17,-6.944131862089337e-05,0.0,0.0,0.0,0.0,0.0,0.0,1.0
1779285811.9385889,2.4619038391389765,-3.669743496400902e+16,-1.570796038454252,6.182833245093526e+17,6.94413186208938e-05,0.0,0.0,0.0,0.0,0.0,0.0,1.0
1779285811.948983,2.4625356116276778,-3.691495203277876e+16,-1.5707960393168614,6.208318773901428e+17,-6.944131862089326e-05,0.0,0.0,0.0,0.0,0.0,0.0,1.0
1779285811.9592364,2.4621544080590976,-3.70074571425583e+16,-1.5707960400316439,6.230497838176127e+17,6.944131862089383e-05,0.0,0.0,0.0,0.0,0.0,0.0,1.0
1779285811.9697468,2.462148947702446,-3.714937313979198e+16,-1.5707960408153363,6.254543484527607e+17,-6.944131862089327e-05,0.0,0.0,0.0,0.0,0.0,0.0,1.0
1779285811.9802926,2.4620287030057333,-3.727799376613305e+16,-1.5707960415849578,6.278425061792723e+17,6.944131862089383e-05,0.0,0.0,0.0,0.0,0.0,0.0,1.0
1779285811.9906952,2.461521462076333,-3.735628527742944e+16,-1.5707960422895528,6.300824656472952e+17,-6.944131862089327e-05,0.0,0.0,0.0,0.0,0.0,0.0,1.0
1779285812.0009792,2.4620864496657533,-3.75670523789885e+16,-1.5707960431230765,6.326278431893133e+17,6.944131862089383e-05,0.0,0.0,0.0,0.0,0.0,0.0,1.0
1779285812.0113866,2.4620420879345666,-3.770492938247114e+16,-1.5707960438855366,6.350303304909277e+17,-6.944131862089327e-05,0.0,0.0,0.0,0.0,0.0,0.0,1.0
1779285812.0218782,2.462030043037098,-3.784849460277274e+16,-1.5707960446574531,6.374747142715791e+17,6.944131862089383e-05,0.0,0.0,0.0,0.0,0.0,0.0,1.0
1779285812.0321136,2.462036012637774,-3.7991376028097784e+16,-1.5707960454085381,6.398656601715996e+17,-6.944131862089327e-05,0.0,0.0,0.0,0.0,0.0,0.0,1.0
1779285812.0425706,2.4610142934671324,-3.800631160753143e+16,-1.5707960460423802,6.420026594397339e+17,6.944131862089383e-05,0.0,0.0,0.0,0.0,0.0,0.0,1.0
1779285812.0530365,2.4613910680910527,-3.819810771908323e+16,-1.5707960468557216,6.445832158171896e+17,-6.944131862089327e-05,0.0,0.0,0.0,0.0,0.0,0.0,1.0
1779285812.0632832,2.462207294779819,-3.844571643047144e+16,-1.5707960477064515,6.472565112323455e+17,6.944131862089379e-05,0.0,0.0,0.0,0.0,0.0,0.0,1.0
1779285812.0739014,2.461664008421114,-3.852600039736644e+16,-1.5707960484113561,6.496160145074312e+17,-6.944131862089344e-05,0.0,0.0,0.0,0.0,0.0,0.0,1.0
1779285812.0841522,2.462056963236406,-3.872146992008858e+16,-1.5707960492041453,6.521786799119871e+17,6.944131862089353e-05,0.0,0.0,0.0,0.0,0.0,0.0,1.0
1779285812.094443,2.4617149353630117,-3.882347821326295e+16,-1.5707960499040636,6.545288198147837e+17,-6.944131862089367e-05,0.0,0.0,0.0,0.0,0.0,0.0,1.0
1779285812.104578,2.4617021555455163,-3.896564682997591e+16,-1.570796050630966,6.569471628669559e+17,6.944131862089336e-05,0.0,0.0,0.0,0.0,0.0,0.0,1.0
1779285812.1149657,2.4616005459531114,-3.910023929677061e+16,-1.570796051365475,6.594159172808381e+17,-6.94413186208938e-05,0.0,0.0,0.0,0.0,0.0,0.0,1.0
1779285812.1254492,2.4621442591637583,-3.932157882617078e+16,-1.5707960521880022,6.621284435445814e+17,6.944131862089326e-05,0.0,0.0,0.0,0.0,0.0,0.0,1.0
1779285812.1359117,2.462003247489072,-3.945458932341995e+16,-1.5707960529206986,6.646282823572425e+17,-6.944131862089383e-05,0.0,0.0,0.0,0.0,0.0,0.0,1.0
1779285812.1463454,2.4616816718274483,-3.956316179007239e+16,-1.5707960536259609,6.670690696632773e+17,6.944131862089327e-05,0.0,0.0,0.0,0.0,0.0,0.0,1.0
1779285812.1565194,2.4618391467138117,-3.973137692604335e+16,-1.5707960543688908,6.696015895455584e+17,-6.944131862089383e-05,0.0,0.0,0.0,0.0,0.0,0.0,1.0
1779285812.1667757,2.4616670531717935,-3.985764828726161e+16,-1.5707960550747866,6.720579546862038e+17,6.944131862089327e-05,0.0,0.0,0.0,0.0,0.0,0.0,1.0
1779285812.176938,2.462092487744445,-4.006286598208281e+16,-1.570796055846548,6.746935411127777e+17,-6.944131862089383e-05,0.0,0.0,0.0,0.0,0.0,0.0,1.0
1779285812.187405,2.4618043132770335,-4.0178241518433176e+16,-1.5707960565515788,6.77191406355487e+17,6.944131862089327e-05,0.0,0.0,0.0,0.0,0.0,0.0,1.0
1779285812.1976109,2.4622000210761037,-4.038197563084455e+16,-1.5707960573192365,6.798499209596288e+17,-6.944131862089383e-05,0.0,0.0,0.0,0.0,0.0,0.0,1.0
1779285812.2077255,2.462277738571953,-4.054302749627109e+16,-1.5707960580384333,6.823890078050173e+17,6.944131862089327e-05,0.0,0.0,0.0,0.0,0.0,0.0,1.0
1779285812.217814,2.462566698848615,-4.0733213622938344e+16,-1.5707960587801537,6.850014189257311e+17,-6.944131862089383e-05,0.0,0.0,0.0,0.0,0.0,0.0,1.0
1779285812.2284708,2.4619224391253933,-4.080547905164355e+16,-1.5707960594497956,6.874760730802048e+17,6.944131862089327e-05,0.0,0.0,0.0,0.0,0.0,0.0,1.0
1779285812.23901,2.4618063657969396,-4.09468030347343e+16,-1.5707960601728619,6.900990315817367e+17,-6.944131862089374e-05,0.0,0.0,0.0,0.0,0.0,0.0,1.0
1779285812.2490692,2.4620790326714563,-4.113488113411913e+16,-1.5707960609036655,6.927221795307502e+17,6.944131862089352e-05,0.0,0.0,0.0,0.0,0.0,0.0,1.0
1779285812.2596776,2.4616762779590626,-4.123927652882376e+16,-1.5707960615939254,6.952903327220433e+17,-6.944131862089346e-05,0.0,0.0,0.0,0.0,0.0,0.0,1.0
1779285812.2697885,2.462075181624941,-4.144683571248447e+16,-1.5707960623409782,6.979922928204013e+17,6.944131862089372e-05,0.0,0.0,0.0,0.0,0.0,0.0,1.0
1779285812.2802496,2.4621064748470696,-4.1610393310810936e+16,-1.5707960630690356,7.006839639159113e+17,-6.944131862089332e-05,0.0,0.0,0.0,0.0,0.0,0.0,1.0
1779285812.2909338,2.4610077409128404,-4.1619729893128776e+16,-1.5707960636750589,7.03064603950053e+17,6.944131862089383e-05,0.0,0.0,0.0,0.0,0.0,0.0,1.0
1779285812.3009102,2.4620688847332937,-4.191878405410446e+16,-1.5707960644858934,7.059810524065541e+17,-6.944131862089323e-05,0.0,0.0,0.0,0.0,0.0,0.0,1.0
1779285812.311562,2.461363005696206,-4.198336771137811e+16,-1.570796065134589,7.085075149632513e+17,6.944131862089386e-05,0.0,0.0,0.0,0.0,0.0,0.0,1.0
1779285812.321565,2.462107795058504,-4.224149980909286e+16,-1.5707960659052325,7.113457442837336e+17,-6.944131862089326e-05,0.0,0.0,0.0,0.0,0.0,0.0,1.0
1779285812.3321488,2.462381446738075,-4.244507469139408e+16,-1.5707960666636205,7.142124322086808e+17,6.944131862089383e-05,0.0,0.0,0.0,0.0,0.0,0.0,1.0
1779285812.3425107,2.4614140637664423,-4.246951317123718e+16,-1.5707960672535544,7.165903008564694e+17,-6.944131862089327e-05,0.0,0.0,0.0,0.0,0.0,0.0,1.0
1779285812.3529153,2.4618189588456048,-4.268819620121283e+16,-1.5707960680089597,7.194643301975635e+17,6.944131862089383e-05,0.0,0.0,0.0,0.0,0.0,0.0,1.0
1779285812.3634224,2.461795886951271,-4.284912947929972e+16,-1.5707960687191598,7.222310822308966e+17,-6.944131862089327e-05,0.0,0.0,0.0,0.0,0.0,0.0,1.0
1779285812.3736067,2.4621376242045216,-4.305838788781365e+16,-1.5707960694467502,7.250410557945912e+17,6.944131862089383e-05,0.0,0.0,0.0,0.0,0.0,0.0,1.0
1779285812.3845544,2.460039133438078,-4.292764045065601e+16,-1.570796069940614,7.272299023213123e+17,-6.944131862089327e-05,0.0,0.0,0.0,0.0,0.0,0.0,1.0
1779285812.3942893,2.4622437892538467,-4.339707453536827e+16,-1.5707960708501159,7.305763230259747e+17,6.944131862089383e-05,0.0,0.0,0.0,0.0,0.0,0.0,1.0
1779285812.4046056,2.4622463302226962,-4.3563111657936184e+16,-1.570796071542774,7.333412264946756e+17,-6.944131862089327e-05,0.0,0.0,0.0,0.0,0.0,0.0,1.0
1779285812.415165,2.4616735427241045,-4.364912581438438e+16,-1.5707960721842937,7.359853272175965e+17,6.94413186208937e-05,0.0,0.0,0.0,0.0,0.0,0.0,1.0
1779285812.4257426,2.461042504619519,-4.372512424522659e+16,-1.5707960728177441,7.386183859372402e+17,-6.944131862089356e-05,0.0,0.0,0.0,0.0,0.0,0.0,1.0
1779285812.4356277,2.462355368437656,-4.407528587265154e+16,-1.5707960736233828,7.417385982572387e+17,6.944131862089344e-05,0.0,0.0,0.0,0.0,0.0,0.0,1.0
1779285812.445861,2.4624344713004174,-4.425454126684912e+16,-1.5707960743139622,7.445568876709363e+17,-6.944131862089375e-05,0.0,0.0,0.0,0.0,0.0,0.0,1.0
1779285812.4560623,2.4624734120922764,-4.4427469523615256e+16,-1.5707960749933199,7.473515962623443e+17,6.944131862089329e-05,0.0,0.0,0.0,0.0,0.0,0.0,1.0
1779285812.4666355,2.46190634916764,-4.45160448043352e+16,-1.5707960756264625,7.500444786124794e+17,-6.944131862089386e-05,0.0,0.0,0.0,0.0,0.0,0.0,1.0
1779285812.4771595,2.461855600366772,-4.467989256047919e+16,-1.5707960763151316,7.529233980401074e+17,6.944131862089326e-05,0.0,0.0,0.0,0.0,0.0,0.0,1.0
1779285812.487641,2.4620071161390076,-4.487417609681713e+16,-1.5707960770229246,7.558769321190241e+17,-6.944131862089383e-05,0.0,0.0,0.0,0.0,0.0,0.0,1.0
1779285812.4981534,2.461946711793054,-4.503822977991613e+16,-1.5707960777067638,7.587738870936805e+17,6.944131862089327e-05,0.0,0.0,0.0,0.0,0.0,0.0,1.0
1779285812.5082889,2.4621296902464613,-4.523335266658201e+16,-1.570796078388475,7.616500272466788e+17,-6.944131862089383e-05,0.0,0.0,0.0,0.0,0.0,0.0,1.0
1779285812.5184581,2.462167862382557,-4.540822654183997e+16,-1.5707960790545112,7.644950316004471e+17,6.944131862089327e-05,0.0,0.0,0.0,0.0,0.0,0.0,1.0
1779285812.5288663,2.4615440314613055,-4.548664966077329e+16,-1.5707960796612532,7.671823294948329e+17,-6.944131862089383e-05,0.0,0.0,0.0,0.0,0.0,0.0,1.0
1779285812.5392976,2.461179062543931,-4.5602675262819704e+16,-1.5707960802942988,7.699670391202743e+17,6.944131862089327e-05,0.0,0.0,0.0,0.0,0.0,0.0,1.0
1779285812.5496762,2.462016972292053,-4.590302217730067e+16,-1.570796081061367,7.732076688275699e+17,-6.944131862089383e-05,0.0,0.0,0.0,0.0,0.0,0.0,1.0
1779285812.5599568,2.4624291864797945,-4.614027191365773e+16,-1.5707960817718905,7.76275288840279e+17,6.944131862089327e-05,0.0,0.0,0.0,0.0,0.0,0.0,1.0
1779285812.5706024,2.461459529098474,-4.6171417639462e+16,-1.5707960823510536,7.78951814371674e+17,-6.944131862089383e-05,0.0,0.0,0.0,0.0,0.0,0.0,1.0
1779285812.5807877,2.4623504886785432,-4.64813015767768e+16,-1.5707960831043137,7.821886738828575e+17,6.944131862089332e-05,0.0,0.0,0.0,0.0,0.0,0.0,1.0
1779285812.5913758,2.4619345474285823,-4.65980351626447e+16,-1.570796083738715,7.850779847519466e+17,-6.944131862089361e-05,0.0,0.0,0.0,0.0,0.0,0.0,1.0
1779285812.60159,2.462318611413101,-4.6832898288447224e+16,-1.5707960844338573,7.881590260615735e+17,6.944131862089361e-05,0.0,0.0,0.0,0.0,0.0,0.0,1.0
1779285812.6122224,2.461645275475257,-4.691036207126199e+16,-1.5707960850389788,7.909838011442725e+17,-6.94413186208934e-05,0.0,0.0,0.0,0.0,0.0,0.0,1.0
1779285812.6228948,2.4612230127966037,-4.702623358562746e+16,-1.5707960856735177,7.939275085336987e+17,6.944131862089378e-05,0.0,0.0,0.0,0.0,0.0,0.0,1.0
1779285812.633316,2.4616333025357386,-4.726915704626437e+16,-1.570796086380719,7.971185015745107e+17,-6.944131862089327e-05,0.0,0.0,0.0,0.0,0.0,0.0,1.0
1779285812.6437478,2.4615600274032055,-4.743781662547794e+16,-1.5707960870335047,8.001399758636759e+17,6.944131862089387e-05,0.0,0.0,0.0,0.0,0.0,0.0,1.0
1779285812.6538315,2.461793874962685,-4.7649966126176584e+16,-1.570796087693375,8.031741266258312e+17,-6.944131862089325e-05,0.0,0.0,0.0,0.0,0.0,0.0,1.0
1779285812.6642525,2.4613489396552293,-4.776049981265176e+16,-1.570796088300632,8.06067391930997e+17,6.944131862089384e-05,0.0,0.0,0.0,0.0,0.0,0.0,1.0
1779285812.6749573,2.4605162708186845,-4.78118455496607e+16,-1.5707960888815857,8.089025545699878e+17,-6.944131862089326e-05,0.0,0.0,0.0,0.0,0.0,0.0,1.0
1779285812.6850512,2.461674383848105,-4.817324963479342e+16,-1.5707960896403639,8.123436111311707e+17,6.944131862089383e-05,0.0,0.0,0.0,0.0,0.0,0.0,1.0
1779285812.695187,2.461923503808504,-4.8392993514850216e+16,-1.5707960902993185,8.154495581369041e+17,-6.944131862089327e-05,0.0,0.0,0.0,0.0,0.0,0.0,1.0
1779285812.7056308,2.462093631077938,-4.860696698485285e+16,-1.5707960909701137,8.186438509444919e+17,6.944131862089383e-05,0.0,0.0,0.0,0.0,0.0,0.0,1.0
1779285812.7158659,2.4619376523566867,-4.876512298131542e+16,-1.570796091588847,8.216485033959988e+17,-6.944131862089327e-05,0.0,0.0,0.0,0.0,0.0,0.0,1.0
1779285812.7262628,2.461788934607329,-4.892660795109349e+16,-1.5707960922156974,8.247103961519724e+17,6.944131862089383e-05,0.0,0.0,0.0,0.0,0.0,0.0,1.0
1779285812.736205,2.462594854245557,-4.9238102946555864e+16,-1.570796092915365,8.280246775880387e+17,-6.944131862089327e-05,0.0,0.0,0.0,0.0,0.0,0.0,1.0
1779285812.7467287,2.461997982158897,-4.933170929790217e+16,-1.5707960935025256,8.309899596228342e+17,6.944131862089383e-05,0.0,0.0,0.0,0.0,0.0,0.0,1.0
1779285812.756834,2.462051168246644,-4.952341987658311e+16,-1.5707960941275125,8.340746118888841e+17,-6.944131862089337e-05,0.0,0.0,0.0,0.0,0.0,0.0,1.0
1779285812.7671485,2.4626351881924298,-4.980842877613341e+16,-1.5707960948232975,8.374642716714534e+17,6.944131862089359e-05,0.0,0.0,0.0,0.0,0.0,0.0,1.0
1779285812.777265,2.462510966617365,-4.997430133813398e+16,-1.5707960954278093,8.405106716566693e+17,-6.944131862089364e-05,0.0,0.0,0.0,0.0,0.0,0.0,1.0
1779285812.787734,2.4618091614331066,-5.004942505670699e+16,-1.570796095993253,8.434541542072069e+17,6.944131862089337e-05,0.0,0.0,0.0,0.0,0.0,0.0,1.0
1779285812.797763,2.4625582536122397,-5.035882188223538e+16,-1.5707960966811942,8.468461624175942e+17,-6.94413186208938e-05,0.0,0.0,0.0,0.0,0.0,0.0,1.0
1779285812.8083997,2.461945016701479,-5.045267623500671e+16,-1.5707960972649677,8.49909146942268e+17,6.944131862089326e-05,0.0,0.0,0.0,0.0,0.0,0.0,1.0
1779285812.818621,2.4620598042436606,-5.06605325631035e+16,-1.5707960978952096,8.531319533448102e+17,-6.944131862089383e-05,0.0,0.0,0.0,0.0,0.0,0.0,1.0
1779285812.828892,2.4621780748407263,-5.087115663816533e+16,-1.5707960985278542,8.563876031921334e+17,6.944131862089327e-05,0.0,0.0,0.0,0.0,0.0,0.0,1.0
1779285812.8391902,2.462097010958462,-5.104932900896033e+16,-1.5707960991396386,8.595818426179133e+17,-6.944131862089383e-05,0.0,0.0,0.0,0.0,0.0,0.0,1.0
1779285812.849561,2.461808811153458,-5.119360410151425e+16,-1.5707960997330708,8.627271420253668e+17,6.944131862089327e-05,0.0,0.0,0.0,0.0,0.0,0.0,1.0
1779285812.8596742,2.462610304562898,-5.152061505801425e+16,-1.5707961004219022,8.662496525858468e+17,-6.944131862089383e-05,0.0,0.0,0.0,0.0,0.0,0.0,1.0
1779285812.869903,2.4624492293881355,-5.168739297024245e+16,-1.5707961010167686,8.694267834535827e+17,6.944131862089327e-05,0.0,0.0,0.0,0.0,0.0,0.0,1.0
1779285812.8801398,2.462578435796231,-5.190456266932778e+16,-1.5707961016407386,8.727402123488699e+17,-6.944131862089383e-05,0.0,0.0,0.0,0.0,0.0,0.0,1.0
1779285812.8903298,2.462369424358574,-5.206290016173969e+16,-1.5707961022245545,8.759040918305672e+17,6.944131862089327e-05,0.0,0.0,0.0,0.0,0.0,0.0,1.0
1779285812.9007294,2.462354945131132,-5.225892807228726e+16,-1.5707961028410429,8.792383275447027e+17,-6.944131862089383e-05,0.0,0.0,0.0,0.0,0.0,0.0,1.0
1779285812.9108467,2.4624466136983494,-5.246897795252197e+16,-1.5707961034482791,8.825281543728772e+17,6.944131862089327e-05,0.0,0.0,0.0,0.0,0.0,0.0,1.0
1779285812.920921,2.4625582428621025,-5.268270797830347e+16,-1.5707961040531002,8.858227984715325e+17,-6.944131862089379e-05,0.0,0.0,0.0,0.0,0.0,0.0,1.0
1779285812.931107,2.462670229973726,-5.2899700225138504e+16,-1.5707961046638164,8.891712307514886e+17,6.944131862089344e-05,0.0,0.0,0.0,0.0,0.0,0.0,1.0
1779285812.9416225,2.4625262572009414,-5.307869133057419e+16,-1.5707961052687343,8.925448252736046e+17,-6.944131862089353e-05,0.0,0.0,0.0,0.0,0.0,0.0,1.0
1779285812.9521415,2.4624009450626843,-5.326127211984062e+16,-1.5707961058745061,8.95941719539361e+17,6.944131862089367e-05,0.0,0.0,0.0,0.0,0.0,0.0,1.0
1779285812.9624379,2.461922982123107,-5.337640421984422e+16,-1.5707961064272409,8.991090260629984e+17,-6.944131862089336e-05,0.0,0.0,0.0,0.0,0.0,0.0,1.0
1779285812.9726226,2.4622850478964073,-5.363894780446763e+16,-1.570796107056415,9.026109302559318e+17,6.94413186208938e-05,0.0,0.0,0.0,0.0,0.0,0.0,1.0
1779285812.9829488,2.4618427946102224,-5.376163374347918e+16,-1.5707961076119197,9.058279548804833e+17,-6.944131862089326e-05,0.0,0.0,0.0,0.0,0.0,0.0,1.0
1779285812.9935136,2.461962277998516,-5.398952780961673e+16,-1.5707961082386084,9.093942000900288e+17,6.944131862089383e-05,0.0,0.0,0.0,0.0,0.0,0.0,1.0
1779285813.0041611,2.4615025358530596,-5.411487692976502e+16,-1.5707961088089837,9.127395323962295e+17,-6.944131862089327e-05,0.0,0.0,0.0,0.0,0.0,0.0,1.0
1779285813.0144658,2.4618877873509364,-5.438764909845262e+16,-1.5707961094438192,9.16360021323879e+17,6.944131862089383e-05,0.0,0.0,0.0,0.0,0.0,0.0,1.0
1779285813.0248768,2.4618556161964062,-5.458822603622118e+16,-1.5707961100401093,9.198385076254676e+17,-6.944131862089327e-05,0.0,0.0,0.0,0.0,0.0,0.0,1.0
1779285813.035315,2.461620732323157,-5.475315711636625e+16,-1.5707961106174868,9.232562576697334e+17,6.944131862089383e-05,0.0,0.0,0.0,0.0,0.0,0.0,1.0
1779285813.0457792,2.461883641114284,-5.501028851456246e+16,-1.570796111244656,9.269195230780096e+17,-6.944131862089327e-05,0.0,0.0,0.0,0.0,0.0,0.0,1.0
1779285813.0560997,2.462251773532119,-5.528639756058306e+16,-1.570796111871772,9.305921439855099e+17,6.944131862089383e-05,0.0,0.0,0.0,0.0,0.0,0.0,1.0
1779285813.0663323,2.4621136028581785,-5.54690060149624e+16,-1.5707961124412437,9.34015645860389e+17,-6.944131862089327e-05,0.0,0.0,0.0,0.0,0.0,0.0,1.0
1779285813.0763974,2.462273741065781,-5.5703885443106744e+16,-1.5707961130279358,9.375212679519919e+17,6.944131862089383e-05,0.0,0.0,0.0,0.0,0.0,0.0,1.0
1779285813.086691,2.4620804874605358,-5.5878538659225384e+16,-1.5707961135929163,9.409685872812996e+17,-6.944131862089327e-05,0.0,0.0,0.0,0.0,0.0,0.0,1.0
1779285813.0972676,2.4618299525052945,-5.604802914320861e+16,-1.5707961141691085,9.445143330517655e+17,6.944131862089374e-05,0.0,0.0,0.0,0.0,0.0,0.0,1.0
1779285813.1073925,2.4620124535942383,-5.628903381182748e+16,-1.5707961147549647,9.480778468265905e+17,-6.944131862089352e-05,0.0,0.0,0.0,0.0,0.0,0.0,1.0
1779285813.11745,2.4625707322227592,-5.660227718423115e+16,-1.5707961153743626,9.518180189299068e+17,6.944131862089346e-05,0.0,0.0,0.0,0.0,0.0,0.0,1.0
1779285813.1276414,2.4622424441648603,-5.6752796932074024e+16,-1.570796115913923,9.552151647227985e+17,-6.944131862089372e-05,0.0,0.0,0.0,0.0,0.0,0.0,1.0
1779285813.137726,2.4625213439938856,-5.70160978544448e+16,-1.5707961165045055,9.588638158287619e+17,6.944131862089332e-05,0.0,0.0,0.0,0.0,0.0,0.0,1.0
1779285813.148031,2.462060614498932,-5.714409903515997e+16,-1.5707961170354485,9.622683753078227e+17,-6.944131862089383e-05,0.0,0.0,0.0,0.0,0.0,0.0,1.0
1779285813.1581094,2.4623543929285105,-5.741089833694115e+16,-1.5707961176234049,9.659435956635501e+17,6.944131862089323e-05,0.0,0.0,0.0,0.0,0.0,0.0,1.0
1779285813.1682255,2.4627454780461133,-5.769965284784874e+16,-1.57079611822241,9.696997105043043e+17,-6.944131862089386e-05,0.0,0.0,0.0,0.0,0.0,0.0,1.0
1779285813.178359,2.4626478287049545,-5.789644228237287e+16,-1.57079611877362,9.73245739480075e+17,6.944131862089326e-05,0.0,0.0,0.0,0.0,0.0,0.0,1.0
1779285813.1888402,2.4627037005416157,-5.813063132795777e+16,-1.5707961193601234,9.770203511486715e+17,-6.944131862089383e-05,0.0,0.0,0.0,0.0,0.0,0.0,1.0
1779285813.1990829,2.4624861089154404,-5.830741725098096e+16,-1.5707961199040439,9.805819844561344e+17,6.944131862089327e-05,0.0,0.0,0.0,0.0,0.0,0.0,1.0
1779285813.2096195,2.4623427912640787,-5.850460650760269e+16,-1.5707961204718939,9.843116635498043e+17,-6.944131862089383e-05,0.0,0.0,0.0,0.0,0.0,0.0,1.0
1779285813.2200596,2.462614570454574,-5.878167307650919e+16,-1.5707961210718862,9.882148372674984e+17,6.944131862089327e-05,0.0,0.0,0.0,0.0,0.0,0.0,1.0
1779285813.2308,2.4615235021289714,-5.879817769399151e+16,-1.5707961215592972,9.9160110936638e+17,-6.944131862089383e-05,0.0,0.0,0.0,0.0,0.0,0.0,1.0
1779285813.2410927,2.4619552439369383,-5.910249434806835e+16,-1.570796122161614,9.955424056683476e+17,6.944131862089327e-05,0.0,0.0,0.0,0.0,0.0,0.0,1.0
1779285813.2516465,2.4617640814354553,-5.92919446016182e+16,-1.5707961227202276,9.993111885486913e+17,-6.944131862089383e-05,0.0,0.0,0.0,0.0,0.0,0.0,1.0
1779285813.2620835,2.4618025027658224,-5.952481151605995e+16,-1.5707961232915821,1.0031546146463268e+18,6.944131862089327e-05,0.0,0.0,0.0,0.0,0.0,0.0,1.0
1779285813.2726033,2.4617524516804057,-5.97431556519328e+16,-1.5707961238586874,1.0070074938569507e+18,-6.94413186208937e-05,0.0,0.0,0.0,0.0,0.0,0.0,1.0
1779285813.2829306,2.461597594600746,-5.993698718752458e+16,-1.5707961244024409,1.0107402967653775e+18,6.944131862089356e-05,0.0,0.0,0.0,0.0,0.0,0.0,1.0
1779285813.2933347,2.461302798670323,-6.010442685913574e+16,-1.5707961249364208,1.0144499922818807e+18,-6.944131862089344e-05,0.0,0.0,0.0,0.0,0.0,0.0,1.0
1779285813.3037834,2.4618760379364675,-6.044841116560112e+16,-1.5707961255525613,1.0186197610494257e+18,6.944131862089375e-05,0.0,0.0,0.0,0.0,0.0,0.0,1.0
1779285813.3142219,2.4618685520733563,-6.0678268918771096e+16,-1.5707961261130543,1.022519566511403e+18,-6.944131862089329e-05,0.0,0.0,0.0,0.0,0.0,0.0,1.0
1779285813.32481,2.4613802186084333,-6.0813991630275624e+16,-1.5707961266364652,1.0262578761376056e+18,6.944131862089386e-05,0.0,0.0,0.0,0.0,0.0,0.0,1.0
1779285813.3350472,2.461466943430266,-6.105835966333999e+16,-1.5707961271901545,1.0301427534712439e+18,-6.944131862089326e-05,0.0,0.0,0.0,0.0,0.0,0.0,1.0
1779285813.3451693,2.4618675479959182,-6.136634072081701e+16,-1.5707961277647404,1.0341527216155734e+18,6.944131862089383e-05,0.0,0.0,0.0,0.0,0.0,0.0,1.0
1779285813.3553572,2.4617380937508457,-6.156902975939609e+16,-1.570796128292865,1.0379393146622222e+18,-6.944131862089327e-05,0.0,0.0,0.0,0.0,0.0,0.0,1.0
1779285813.3658216,2.462272996680182,-6.191600130357184e+16,-1.5707961288974888,1.0421984680788783e+18,6.944131862089383e-05,0.0,0.0,0.0,0.0,0.0,0.0,1.0
1779285813.3761036,2.4614842121076177,-6.19869010315764e+16,-1.5707961293687065,1.0457255182225279e+18,-6.944131862089327e-05,0.0,0.0,0.0,0.0,0.0,0.0,1.0
1779285813.3866038,2.4616504566282305,-6.2258861598254936e+16,-1.5707961299384101,1.0498413324527647e+18,6.944131862089383e-05,0.0,0.0,0.0,0.0,0.0,0.0,1.0
1779285813.3969789,2.461744564874019,-6.251491775909944e+16,-1.570796130492736,1.0538826891892984e+18,-6.944131862089327e-05,0.0,0.0,0.0,0.0,0.0,0.0,1.0
1779285813.407439,2.461890630904347,-6.278539022237209e+16,-1.5707961310555842,1.0580056676209823e+18,6.944131862089383e-05,0.0,0.0,0.0,0.0,0.0,0.0,1.0
1779285813.4175732,2.4620018380546567,-6.3042706120972264e+16,-1.5707961315943986,1.0619818852693715e+18,-6.944131862089327e-05,0.0,0.0,0.0,0.0,0.0,0.0,1.0
1779285813.4280412,2.4611688033688432,-6.310851425637005e+16,-1.5707961320662076,1.0656319714695176e+18,6.944131862089383e-05,0.0,0.0,0.0,0.0,0.0,0.0,1.0
1779285813.438485,2.4615816895402385,-6.3435708904275896e+16,-1.5707961326474733,1.0699283585998906e+18,-6.944131862089332e-05,0.0,0.0,0.0,0.0,0.0,0.0,1.0
1779285813.4486804,2.46201752209006,-6.37655698817969e+16,-1.5707961332147016,1.0741440472084778e+18,6.944131862089361e-05,0.0,0.0,0.0,0.0,0.0,0.0,1.0
1779285813.4592962,2.4617522923477715,-6.395804369907108e+16,-1.5707961337428304,1.0782033793675503e+18,-6.944131862089361e-05,0.0,0.0,0.0,0.0,0.0,0.0,1.0
1779285813.469685,2.4620527066868085,-6.426647923514896e+16,-1.5707961343062942,1.08246839134921e+18,6.94413186208934e-05,0.0,0.0,0.0,0.0,0.0,0.0,1.0
1779285813.4801397,2.46189193963502,-6.447932806890722e+16,-1.5707961348313797,1.0865399707415226e+18,-6.944131862089378e-05,0.0,0.0,0.0,0.0,0.0,0.0,1.0
1779285813.490674,2.46159283163351,-6.466391278153138e+16,-1.570796135347287,1.0905880965141884e+18,6.944131862089327e-05,0.0,0.0,0.0,0.0,0.0,0.0,1.0
1779285813.5011206,2.460561091784297,-6.468371520185955e+16,-1.5707961357860694,1.094174683898698e+18,-6.944131862089387e-05,0.0,0.0,0.0,0.0,0.0,0.0,1.0
1779285813.5114477,2.461408375616303,-6.511005453947477e+16,-1.5707961363896126,1.0987720355174076e+18,6.944131862089325e-05,0.0,0.0,0.0,0.0,0.0,0.0,1.0
1779285813.5217633,2.462085998437122,-6.55045045235667e+16,-1.570796136974856,1.1032863833395025e+18,-6.944131862089384e-05,0.0,0.0,0.0,0.0,0.0,0.0,1.0
1779285813.5318565,2.46248247451702,-6.5836515205071144e+16,-1.5707961375216557,1.1075720103626738e+18,6.944131862089326e-05,0.0,0.0,0.0,0.0,0.0,0.0,1.0
1779285813.5420897,2.4623618846156217,-6.606005347280401e+16,-1.570796138029614,1.1116597403356324e+18,-6.944131862089383e-05,0.0,0.0,0.0,0.0,0.0,0.0,1.0
1779285813.552472,2.4623435897496275,-6.630966709586375e+16,-1.5707961385533495,1.115884335944455e+18,6.944131862089327e-05,0.0,0.0,0.0,0.0,0.0,0.0,1.0
1779285813.563031,2.461200916071256,-6.63132421320652e+16,-1.570796138987628,1.1195933668270426e+18,-6.944131862089383e-05,0.0,0.0,0.0,0.0,0.0,0.0,1.0
1779285813.5735142,2.461523000767579,-6.663730238493515e+16,-1.5707961395433814,1.1240729420989293e+18,6.944131862089327e-05,0.0,0.0,0.0,0.0,0.0,0.0,1.0
1779285813.58374,2.4620500779494527,-6.700443609133773e+16,-1.5707961401009665,1.1285639142856755e+18,-6.944131862089383e-05,0.0,0.0,0.0,0.0,0.0,0.0,1.0
1779285813.5939958,2.4621076827527517,-6.72703831726731e+16,-1.5707961406184772,1.132832079243651e+18,6.944131862089327e-05,0.0,0.0,0.0,0.0,0.0,0.0,1.0
1779285813.6040356,2.462451696912986,-6.75970826306396e+16,-1.5707961411474325,1.1371751811766031e+18,-6.944131862089383e-05,0.0,0.0,0.0,0.0,0.0,0.0,1.0
1779285813.6142418,2.46227009627986,-6.781077953525499e+16,-1.570796141638846,1.1413202949382669e+18,6.944131862089337e-05,0.0,0.0,0.0,0.0,0.0,0.0,1.0
1779285813.6243384,2.4626418455417936,-6.814775134408763e+16,-1.570796142170487,1.1457380141086106e+18,-6.944131862089359e-05,0.0,0.0,0.0,0.0,0.0,0.0,1.0
1779285813.6348698,2.462274054259632,-6.832893564426877e+16,-1.5707961426618655,1.1499687244637626e+18,6.944131862089364e-05,0.0,0.0,0.0,0.0,0.0,0.0,1.0
1779285813.6452568,2.4620671962597442,-6.854221400479388e+16,-1.5707961431575497,1.1542341839891497e+18,-6.944131862089337e-05,0.0,0.0,0.0,0.0,0.0,0.0,1.0
1779285813.6554675,2.4617559469046992,-6.872658557791393e+16,-1.5707961436329922,1.1583684813119048e+18,6.94413186208938e-05,0.0,0.0,0.0,0.0,0.0,0.0,1.0
1779285813.6658945,2.4622864157258952,-6.911050576982442e+16,-1.5707961441906622,1.1630981448440696e+18,-6.944131862089326e-05,0.0,0.0,0.0,0.0,0.0,0.0,1.0
1779285813.6761086,2.4620625366008246,-6.931794224261953e+16,-1.5707961446713332,1.1673169594978332e+18,6.944131862089383e-05,0.0,0.0,0.0,0.0,0.0,0.0,1.0
1779285813.6863663,2.4622292951032354,-6.961703196400407e+16,-1.570796145185738,1.171790987419828e+18,-6.944131862089327e-05,0.0,0.0,0.0,0.0,0.0,0.0,1.0
1779285813.6968634,2.4620741993049857,-6.984883128372461e+16,-1.570796145685229,1.1762184933697283e+18,6.944131862089383e-05,0.0,0.0,0.0,0.0,0.0,0.0,1.0
1779285813.7073932,2.4620681442375703,-7.011677343149685e+16,-1.570796146197975,1.1807662843011955e+18,-6.944131862089327e-05,0.0,0.0,0.0,0.0,0.0,0.0,1.0
1779285813.7175844,2.46193369926092,-7.034679003622643e+16,-1.5707961466798865,1.18508848309493e+18,6.944131862089383e-05,0.0,0.0,0.0,0.0,0.0,0.0,1.0
1779285813.7277336,2.461804233366072,-7.057689588969421e+16,-1.570796147158355,1.1894050890455424e+18,-6.944131862089327e-05,0.0,0.0,0.0,0.0,0.0,0.0,1.0
1779285813.7383533,2.4615278444547264,-7.078440052905392e+16,-1.5707961476492442,1.1938875251541742e+18,6.944131862089383e-05,0.0,0.0,0.0,0.0,0.0,0.0,1.0
1779285813.7483172,2.4623975318136266,-7.1248063528772776e+16,-1.57079614819752,1.1987200009288392e+18,-6.944131862089327e-05,0.0,0.0,0.0,0.0,0.0,0.0,1.0
1779285813.7586012,2.4621428850146883,-7.145726713882961e+16,-1.5707961486700917,1.2030896197565816e+18,6.944131862089383e-05,0.0,0.0,0.0,0.0,0.0,0.0,1.0
1779285813.7691877,2.4621636212881928,-7.173983849343028e+16,-1.570796149180409,1.2077874382028652e+18,-6.944131862089327e-05,0.0,0.0,0.0,0.0,0.0,0.0,1.0
1779285813.7794378,2.462170813481079,-7.20114736367895e+16,-1.5707961496697478,1.212322229284194e+18,6.944131862089379e-05,0.0,0.0,0.0,0.0,0.0,0.0,1.0
1779285813.789838,2.4619670571738714,-7.223695442692829e+16,-1.5707961501487653,1.2168269135623813e+18,-6.944131862089344e-05,0.0,0.0,0.0,0.0,0.0,0.0,1.0
1779285813.8003151,2.4622469233657363,-7.258197349554112e+16,-1.5707961506703305,1.2216752575636856e+18,6.944131862089353e-05,0.0,0.0,0.0,0.0,0.0,0.0,1.0
1779285813.8106174,2.4619727541318563,-7.278988947853187e+16,-1.5707961511358712,1.226122977782553e+18,-6.944131862089367e-05,0.0,0.0,0.0,0.0,0.0,0.0,1.0
1779285813.8209388,2.4619954560163313,-7.30702570855947e+16,-1.5707961516251412,1.2307712152858388e+18,6.944131862089336e-05,0.0,0.0,0.0,0.0,0.0,0.0,1.0
1779285813.831247,2.4620712301700514,-7.33646137060987e+16,-1.5707961521168676,1.235463447351307e+18,-6.94413186208938e-05,0.0,0.0,0.0,0.0,0.0,0.0,1.0
1779285813.8414671,2.462080844989071,-7.364176647434506e+16,-1.5707961525972418,1.240087968830877e+18,6.944131862089326e-05,0.0,0.0,0.0,0.0,0.0,0.0,1.0
1779285813.851786,2.4620911061508095,-7.392280211015486e+16,-1.570796153081558,1.2447803796050834e+18,-6.944131862089383e-05,0.0,0.0,0.0,0.0,0.0,0.0,1.0
1779285813.8619144,2.462141984453131,-7.420997749884302e+16,-1.57079615355799,1.249417815668691e+18,6.944131862089327e-05,0.0,0.0,0.0,0.0,0.0,0.0,1.0
1779285813.872473,2.461533241506929,-7.434523408937547e+16,-1.5707961540029838,1.2538954605423652e+18,-6.944131862089383e-05,0.0,0.0,0.0,0.0,0.0,0.0,1.0
1779285813.8828938,2.4619487829669637,-7.472910747130902e+16,-1.5707961545178142,1.2589046799079496e+18,6.944131862089327e-05,0.0,0.0,0.0,0.0,0.0,0.0,1.0
1779285813.8933883,2.461986180267058,-7.502529432602355e+16,-1.570796155007989,1.263771857770385e+18,-6.944131862089383e-05,0.0,0.0,0.0,0.0,0.0,0.0,1.0
1779285813.9035976,2.4626451632044373,-7.54726724190355e+16,-1.5707961555323027,1.268900003227098e+18,6.944131862089327e-05,0.0,0.0,0.0,0.0,0.0,0.0,1.0
1779285813.9139142,2.462298813994297,-7.567324945361264e+16,-1.570796155981449,1.273489133820785e+18,-6.944131862089383e-05,0.0,0.0,0.0,0.0,0.0,0.0,1.0
1779285813.9241805,2.4624076522278964,-7.598668275385565e+16,-1.5707961564623463,1.278345152114518e+18,6.944131862089327e-05,0.0,0.0,0.0,0.0,0.0,0.0,1.0
1779285813.9346414,2.462023427734286,-7.618108007044406e+16,-1.5707961569131506,1.2830160687040945e+18,-6.944131862089383e-05,0.0,0.0,0.0,0.0,0.0,0.0,1.0
1779285813.9449673,2.4621332615323253,-7.649702765478482e+16,-1.5707961573945677,1.2879387225042893e+18,6.944131862089327e-05,0.0,0.0,0.0,0.0,0.0,0.0,1.0
1779285813.9551444,2.4623276045124793,-7.683249849295184e+16,-1.5707961578738199,1.2928551250159667e+18,-6.944131862089374e-05,0.0,0.0,0.0,0.0,0.0,0.0,1.0
1779285813.9655306,2.4619908028989426,-7.70386677841585e+16,-1.5707961583209014,1.2975674206416148e+18,6.944131862089352e-05,0.0,0.0,0.0,0.0,0.0,0.0,1.0
1779285813.9758482,2.462297165375341,-7.74085877356818e+16,-1.5707961588133148,1.3026641456581806e+18,-6.944131862089346e-05,0.0,0.0,0.0,0.0,0.0,0.0,1.0
1779285813.9862044,2.4618223928616936,-7.757927221282424e+16,-1.5707961592455988,1.3073058278978304e+18,6.944131862089372e-05,0.0,0.0,0.0,0.0,0.0,0.0,1.0
1779285813.9968164,2.4614436652483223,-7.77802040734935e+16,-1.5707961596972049,1.3121625462861632e+18,-6.944131862089332e-05,0.0,0.0,0.0,0.0,0.0,0.0,1.0
1779285814.0070379,2.4621559637336135,-7.825546713028539e+16,-1.570796160212184,1.3175206791625795e+18,6.944131862089383e-05,0.0,0.0,0.0,0.0,0.0,0.0,1.0
1779285814.017581,2.461944910576967,-7.850288343361323e+16,-1.5707961606713248,1.3224911820417167e+18,-6.944131862089323e-05,0.0,0.0,0.0,0.0,0.0,0.0,1.0
1779285814.0276544,2.4620902561130475,-7.883092840738978e+16,-1.5707961611328716,1.327449924509563e+18,6.944131862089386e-05,0.0,0.0,0.0,0.0,0.0,0.0,1.0
1779285814.0377808,2.46224146840486,-7.916392567010438e+16,-1.5707961615963082,1.3324605251985772e+18,-6.944131862089326e-05,0.0,0.0,0.0,0.0,0.0,0.0,1.0
1779285814.0483274,2.4621164185497357,-7.943723986605984e+16,-1.5707961620584563,1.3375437883408146e+18,6.944131862089383e-05,0.0,0.0,0.0,0.0,0.0,0.0,1.0
1779285814.0589876,2.461442234272286,-7.95674835189286e+16,-1.5707961624834095,1.3423534014991342e+18,-6.944131862089327e-05,0.0,0.0,0.0,0.0,0.0,0.0,1.0
1779285814.0689874,2.462004789451359,-8.00071789332276e+16,-1.5707961629676315,1.3476104707015857e+18,6.944131862089383e-05,0.0,0.0,0.0,0.0,0.0,0.0,1.0
1779285814.0790365,2.4622999536720718,-8.038138034301046e+16,-1.570796163433258,1.3527475650463887e+18,-6.944131862089327e-05,0.0,0.0,0.0,0.0,0.0,0.0,1.0
1779285814.0895946,2.4619550188587342,-8.060045203779267e+16,-1.5707961638749317,1.3577741238154808e+18,6.944131862089383e-05,0.0,0.0,0.0,0.0,0.0,0.0,1.0
1779285814.0998487,2.461302975714671,-8.072518228861112e+16,-1.570796164275548,1.3624238417032287e+18,-6.944131862089327e-05,0.0,0.0,0.0,0.0,0.0,0.0,1.0
1779285814.110358,2.461637332857404,-8.112349720734771e+16,-1.5707961647631319,1.3679004954718124e+18,6.944131862089383e-05,0.0,0.0,0.0,0.0,0.0,0.0,1.0
1779285814.1207042,2.4622259893214267,-8.159070124018992e+16,-1.5707961652606015,1.37347894704567e+18,-6.944131862089327e-05,0.0,0.0,0.0,0.0,0.0,0.0,1.0
1779285814.1309104,2.46201952240961,-8.184075897454266e+16,-1.5707961656903902,1.3784695556838275e+18,6.94413186208937e-05,0.0,0.0,0.0,0.0,0.0,0.0,1.0
1779285814.141092,2.4622353608973584,-8.220594277323173e+16,-1.57079616614929,1.3837466591096904e+18,-6.944131862089356e-05,0.0,0.0,0.0,0.0,0.0,0.0,1.0
1779285814.1516619,2.4619852864690217,-8.245645967810466e+16,-1.5707961665915668,1.388957065772992e+18,6.944131862089344e-05,0.0,0.0,0.0,0.0,0.0,0.0,1.0
1779285814.1620421,2.4620013923995283,-8.277454013553114e+16,-1.5707961670428632,1.3942531845395597e+18,-6.944131862089375e-05,0.0,0.0,0.0,0.0,0.0,0.0,1.0
1779285814.1724324,2.462042125286347,-8.310125526914347e+16,-1.570796167495515,1.399594964736072e+18,6.944131862089329e-05,0.0,0.0,0.0,0.0,0.0,0.0,1.0
1779285814.1825058,2.4622360582478486,-8.346258866624286e+16,-1.57079616794263,1.4048740741124751e+18,-6.944131862089386e-05,0.0,0.0,0.0,0.0,0.0,0.0,1.0
1779285814.192636,2.462435535846563,-8.38295379781616e+16,-1.5707961683918454,1.410212248869725e+18,6.944131862089326e-05,0.0,0.0,0.0,0.0,0.0,0.0,1.0
1779285814.2029176,2.462085594277278,-8.404859722918694e+16,-1.5707961688070429,1.415284388998779e+18,-6.944131862089383e-05,0.0,0.0,0.0,0.0,0.0,0.0,1.0
1779285814.2134523,2.4620778759807043,-8.437076230034922e+16,-1.5707961692584254,1.420759470113469e+18,6.944131862089327e-05,0.0,0.0,0.0,0.0,0.0,0.0,1.0
1779285814.2236054,2.4624559161601427,-8.479176861681134e+16,-1.5707961697177901,1.4262893872450248e+18,-6.944131862089383e-05,0.0,0.0,0.0,0.0,0.0,0.0,1.0
1779285814.2337935,2.4622847578478804,-8.506127764725774e+16,-1.5707961701382045,1.4314876355439306e+18,6.944131862089327e-05,0.0,0.0,0.0,0.0,0.0,0.0,1.0
1779285814.244005,2.4623271512287745,-8.539229922571373e+16,-1.5707961705740492,1.4368661881358574e+18,-6.944131862089383e-05,0.0,0.0,0.0,0.0,0.0,0.0,1.0
1779285814.2541182,2.4623892377303425,-8.572715084973512e+16,-1.5707961710052591,1.4422170953193605e+18,6.944131862089327e-05,0.0,0.0,0.0,0.0,0.0,0.0,1.0
1779285814.2645316,2.4621043816621664,-8.597291854877027e+16,-1.5707961714248524,1.447527903784372e+18,-6.944131862089383e-05,0.0,0.0,0.0,0.0,0.0,0.0,1.0
1779285814.2745745,2.4625917126685573,-8.642951804194453e+16,-1.5707961718809553,1.4531740105861972e+18,6.944131862089327e-05,0.0,0.0,0.0,0.0,0.0,0.0,1.0
1779285814.2846167,2.462785270972895,-8.680551822468992e+16,-1.5707961723151955,1.4586411083657444e+18,-6.944131862089383e-05,0.0,0.0,0.0,0.0,0.0,0.0,1.0
1779285814.2948227,2.462445248846143,-8.703322886259043e+16,-1.570796172717734,1.4638480297772406e+18,6.944131862089332e-05,0.0,0.0,0.0,0.0,0.0,0.0,1.0
1779285814.305433,2.4623640319205253,-8.734803197068427e+16,-1.570796173156882,1.4695058797539942e+18,-6.944131862089361e-05,0.0,0.0,0.0,0.0,0.0,0.0,1.0
1779285814.315664,2.4624583391039234,-8.770324061507498e+16,-1.5707961735894864,1.4750778028288783e+18,6.944131862089361e-05,0.0,0.0,0.0,0.0,0.0,0.0,1.0
1779285814.3258185,2.462391458610586,-8.801022903863352e+16,-1.5707961740058034,1.4805064079505441e+18,-6.94413186208934e-05,0.0,0.0,0.0,0.0,0.0,0.0,1.0
1779285814.3363578,2.4622891071396555,-8.831957923650176e+16,-1.5707961744364736,1.4861663302935158e+18,6.944131862089378e-05,0.0,0.0,0.0,0.0,0.0,0.0,1.0
1779285814.3470476,2.4614988399665623,-8.843007974605318e+16,-1.57079617482451,1.491442621706882e+18,-6.944131862089327e-05,0.0,0.0,0.0,0.0,0.0,0.0,1.0
1779285814.3574767,2.4615706134071433,-8.878486102186669e+16,-1.570796175259696,1.49719377354128e+18,6.944131862089387e-05,0.0,0.0,0.0,0.0,0.0,0.0,1.0
1779285814.3675537,2.46221350327994,-8.929877889538792e+16,-1.5707961757132702,1.503107536726573e+18,-6.944131862089325e-05,0.0,0.0,0.0,0.0,0.0,0.0,1.0
1779285814.377645,2.462735868446966,-8.978625797104763e+16,-1.5707961761625988,1.509031889533003e+18,6.944131862089384e-05,0.0,0.0,0.0,0.0,0.0,0.0,1.0
1779285814.3880968,2.4627489443941006,-9.013703729535475e+16,-1.570796176592122,1.514838046992744e+18,-6.944131862089326e-05,0.0,0.0,0.0,0.0,0.0,0.0,1.0
1779285814.3988223,2.4616464363247403,-9.016004940845994e+16,-1.5707961769553307,1.5200137612386885e+18,6.944131862089383e-05,0.0,0.0,0.0,0.0,0.0,0.0,1.0
1779285814.4091685,2.4620290492806585,-9.061467764684214e+16,-1.5707961774027053,1.5260553101117535e+18,-6.944131862089327e-05,0.0,0.0,0.0,0.0,0.0,0.0,1.0
1779285814.4192314,2.4623817044365093,-9.105564878430392e+16,-1.5707961778341784,1.5319242455258877e+18,6.944131862089383e-05,0.0,0.0,0.0,0.0,0.0,0.0,1.0
1779285814.4297254,2.461583629122661,-9.116232847233339e+16,-1.5707961782048339,1.5372337161045972e+18,-6.944131862089327e-05,0.0,0.0,0.0,0.0,0.0,0.0,1.0
1779285814.4397962,2.4624891285398283,-9.177391235856374e+16,-1.5707961786724263,1.543562946177734e+18,6.944131862089383e-05,0.0,0.0,0.0,0.0,0.0,0.0,1.0
1779285814.4502354,2.4623376873257214,-9.208017098286112e+16,-1.5707961790832172,1.549367060654805e+18,-6.944131862089327e-05,0.0,0.0,0.0,0.0,0.0,0.0,1.0
1779285814.4604485,2.4623774657915485,-9.243802808205938e+16,-1.5707961794956369,1.55518892411941e+18,6.944131862089383e-05,0.0,0.0,0.0,0.0,0.0,0.0,1.0
1779285814.4710174,2.4620837454237177,-9.27057315244494e+16,-1.5707961799004808,1.5610136869232013e+18,-6.944131862089337e-05,0.0,0.0,0.0,0.0,0.0,0.0,1.0
1779285814.481214,2.4621571726542313,-9.30744240809839e+16,-1.5707961803121364,1.5668912731956877e+18,6.944131862089359e-05,0.0,0.0,0.0,0.0,0.0,0.0,1.0
1779285814.4916985,2.462233198984892,-9.345572133287126e+16,-1.5707961807361224,1.5729859225515246e+18,-6.944131862089364e-05,0.0,0.0,0.0,0.0,0.0,0.0,1.0
1779285814.502141,2.4615868482904246,-9.36104687710574e+16,-1.5707961811080855,1.5785210420730038e+18,6.944131862089337e-05,0.0,0.0,0.0,0.0,0.0,0.0,1.0
1779285814.5126014,2.461881881857221,-9.405892728590291e+16,-1.5707961815429279,1.5848021068910267e+18,-6.94413186208938e-05,0.0,0.0,0.0,0.0,0.0,0.0,1.0
1779285814.522908,2.4615601487283953,-9.43112657523181e+16,-1.5707961819286869,1.5905374824801032e+18,6.944131862089326e-05,0.0,0.0,0.0,0.0,0.0,0.0,1.0
1779285814.5331736,2.4620279676511854,-9.481209571648875e+16,-1.570796182364437,1.596874880232189e+18,-6.944131862089383e-05,0.0,0.0,0.0,0.0,0.0,0.0,1.0
1779285814.5436573,2.4617839635831973,-9.50986739414214e+16,-1.5707961827613162,1.6028343140957944e+18,6.944131862089327e-05,0.0,0.0,0.0,0.0,0.0,0.0,1.0
1779285814.5539844,2.4620333584166763,-9.553740090096208e+16,-1.5707961831829937,1.6090936496626593e+18,-6.944131862089383e-05,0.0,0.0,0.0,0.0,0.0,0.0,1.0
1779285814.5642502,2.461857029374801,-9.58405601894648e+16,-1.5707961835725675,1.6150040931591155e+18,6.944131862089327e-05,0.0,0.0,0.0,0.0,0.0,0.0,1.0
1779285814.5748622,2.4614252765844427,-9.607318743876238e+16,-1.5707961839594462,1.620968350832569e+18,-6.944131862089383e-05,0.0,0.0,0.0,0.0,0.0,0.0,1.0
1779285814.5850015,2.4620027482049296,-9.661452636993989e+16,-1.5707961843910911,1.6274268973452877e+18,6.944131862089327e-05,0.0,0.0,0.0,0.0,0.0,0.0,1.0
1779285814.5951648,2.461854021337135,-9.692680765108563e+16,-1.570796184775064,1.6333590220469356e+18,-6.944131862089383e-05,0.0,0.0,0.0,0.0,0.0,0.0,1.0
1779285814.605547,2.461724036071334,-9.72527282985974e+16,-1.5707961851685832,1.6394725407991214e+18,6.944131862089327e-05,0.0,0.0,0.0,0.0,0.0,0.0,1.0
1779285814.6160262,2.4619093471940765,-9.768588151676496e+16,-1.5707961855860415,1.645927926982002e+18,-6.944131862089383e-05,0.0,0.0,0.0,0.0,0.0,0.0,1.0
1779285814.626529,2.4619243635505326,-9.80672093320482e+16,-1.5707961859924842,1.6522927070794918e+18,6.944131862089327e-05,0.0,0.0,0.0,0.0,0.0,0.0,1.0
1779285814.636779,2.4617555905926625,-9.838025652192448e+16,-1.5707961863746116,1.6583552644535365e+18,-6.944131862089379e-05,0.0,0.0,0.0,0.0,0.0,0.0,1.0
1779285814.6470761,2.4618847324657236,-9.879365153158606e+16,-1.5707961867771234,1.6647123833336837e+18,6.944131862089344e-05,0.0,0.0,0.0,0.0,0.0,0.0,1.0
1779285814.6571093,2.4623998897215493,-9.932860614803578e+16,-1.5707961871923628,1.6712265596499374e+18,-6.944131862089353e-05,0.0,0.0,0.0,0.0,0.0,0.0,1.0
1779285814.6675909,2.4619759640498886,-9.957153432747483e+16,-1.5707961875651497,1.6773184197841324e+18,6.944131862089367e-05,0.0,0.0,0.0,0.0,0.0,0.0,1.0
1779285814.6782663,2.4612553094312495,-9.971956192917693e+16,-1.5707961879259598,1.6833213274294318e+18,-6.944131862089336e-05,0.0,0.0,0.0,0.0,0.0,0.0,1.0
1779285814.6887283,2.461610601259264,-1.0021716418788973e+17,-1.5707961883452746,1.6900648302608847e+18,6.94413186208938e-05,0.0,0.0,0.0,0.0,0.0,0.0,1.0
1779285814.6992052,2.461393564417729,-1.0052739613751469e+17,-1.5707961887279032,1.6963844711311386e+18,-6.944131862089326e-05,0.0,0.0,0.0,0.0,0.0,0.0,1.0
1779285814.7094827,2.46192631285901,-1.0108460688533558e+17,-1.5707961891490756,1.7032069705668147e+18,6.944131862089383e-05,0.0,0.0,0.0,0.0,0.0,0.0,1.0
1779285814.7195747,2.4622088448057866,-1.0155591607976142e+17,-1.5707961895453346,1.709720564077789e+18,-6.944131862089327e-05,0.0,0.0,0.0,0.0,0.0,0.0,1.0
1779285814.7303393,2.4606240048879604,-1.0141628824670176e+17,-1.5707961898489122,1.7151625902726392e+18,6.944131862089383e-05,0.0,0.0,0.0,0.0,0.0,0.0,1.0
1779285814.7405214,2.461483650157119,-1.0208296759678272e+17,-1.5707961902835497,1.7222637926413824e+18,-6.944131862089327e-05,0.0,0.0,0.0,0.0,0.0,0.0,1.0
1779285814.7507112,2.4623452842018194,-1.027599714574501e+17,-1.5707961907174337,1.7294053312534364e+18,6.944131862089383e-05,0.0,0.0,0.0,0.0,0.0,0.0,1.0
1779285814.7613738,2.4615334235675568,-1.0288517582860173e+17,-1.5707961910646235,1.7355142535440125e+18,-6.944131862089327e-05,0.0,0.0,0.0,0.0,0.0,0.0,1.0
1779285814.7718408,2.4620850740737055,-1.0347010666195685e+17,-1.570796191488077,1.7426465915823872e+18,6.944131862089383e-05,0.0,0.0,0.0,0.0,0.0,0.0,1.0
1779285814.7821672,2.4621333743649223,-1.0388137166107803e+17,-1.5707961918734157,1.7492892316213466e+18,-6.944131862089327e-05,0.0,0.0,0.0,0.0,0.0,0.0,1.0
1779285814.792971,2.4594736964218504,-1.0336472693361934e+17,-1.5707961921073268,1.7539827697057303e+18,6.944131862089383e-05,0.0,0.0,0.0,0.0,0.0,0.0,1.0
1779285814.803007,2.4620129778561997,-1.0461867698640557e+17,-1.5707961926293605,1.7624925387455613e+18,-6.944131862089327e-05,0.0,0.0,0.0,0.0,0.0,0.0,1.0
1779285814.813438,2.4614647726957686,-1.0482652769618762e+17,-1.5707961929761602,1.7687263353958687e+18,6.944131862089374e-05,0.0,0.0,0.0,0.0,0.0,0.0,1.0
1779285814.8231716,2.463243600093876,-1.058303501122242e+17,-1.5707961934411883,1.776537332473926e+18,-6.944131862089352e-05,0.0,0.0,0.0,0.0,0.0,0.0,1.0
1779285814.8335693,2.4629326928989164,-1.061339762000001e+17,-1.5707961938025985,1.7830648908845455e+18,6.944131862089346e-05,0.0,0.0,0.0,0.0,0.0,0.0,1.0
1779285814.843936,2.463108468561846,-1.0660718707075318e+17,-1.5707961941913582,1.7900083650539932e+18,-6.944131862089372e-05,0.0,0.0,0.0,0.0,0.0,0.0,1.0
1779285814.8542402,2.4627080483630195,-1.0687392066467424e+17,-1.570796194540978,1.7964285269784886e+18,6.944131862089332e-05,0.0,0.0,0.0,0.0,0.0,0.0,1.0
1779285814.864814,2.4623358910517448,-1.0715828021088262e+17,-1.5707961949021374,1.8030921780195776e+18,-6.944131862089383e-05,0.0,0.0,0.0,0.0,0.0,0.0,1.0
1779285814.8749573,2.4622508061238815,-1.0752708071339221e+17,-1.570796195262127,1.8097030377695173e+18,6.944131862089323e-05,0.0,0.0,0.0,0.0,0.0,0.0,1.0
1779285814.8849401,2.4627828119677,-1.0811327399154134e+17,-1.5707961956522538,1.8167606684244116e+18,-6.944131862089386e-05,0.0,0.0,0.0,0.0,0.0,0.0,1.0
1779285814.8950982,2.462801632211864,-1.0852589060698152e+17,-1.5707961960173022,1.8235279207373542e+18,6.944131862089326e-05,0.0,0.0,0.0,0.0,0.0,0.0,1.0
1779285814.905259,2.462878408702683,-1.0895725149022624e+17,-1.5707961963813202,1.8303047283236326e+18,-6.944131862089383e-05,0.0,0.0,0.0,0.0,0.0,0.0,1.0
1779285814.9158075,2.462512838038939,-1.0924759342766962e+17,-1.5707961967370219,1.8370803081278687e+18,6.944131862089327e-05,0.0,0.0,0.0,0.0,0.0,0.0,1.0
1779285814.9258723,2.463011557277204,-1.0983410884202328e+17,-1.5707961971243192,1.844279990991005e+18,-6.944131862089383e-05,0.0,0.0,0.0,0.0,0.0,0.0,1.0
1779285814.9362013,2.4628876903809016,-1.1020761451325936e+17,-1.5707961974839353,1.8511577087217446e+18,6.944131862089327e-05,0.0,0.0,0.0,0.0,0.0,0.0,1.0
1779285814.9466956,2.462648962318657,-1.1054516076541786e+17,-1.5707961978421494,1.858081526043065e+18,-6.944131862089383e-05,0.0,0.0,0.0,0.0,0.0,0.0,1.0
1779285814.9568436,2.4627240352531286,-1.109846987656057e+17,-1.5707961982044174,1.8650466935994634e+18,6.944131862089327e-05,0.0,0.0,0.0,0.0,0.0,0.0,1.0
1779285814.967447,2.4623122623761815,-1.1126310142390226e+17,-1.5707961985547831,1.8719498323562394e+18,-6.944131862089383e-05,0.0,0.0,0.0,0.0,0.0,0.0,1.0
1779285814.9780653,2.461708708514658,-1.1146804539935949e+17,-1.5707961988931456,1.8787079051728018e+18,6.944131862089327e-05,0.0,0.0,0.0,0.0,0.0,0.0,1.0
1779285814.9887195,2.4606030259769467,-1.1148147707112554e+17,-1.5707961992013597,1.8850377639064003e+18,-6.94413186208937e-05,0.0,0.0,0.0,0.0,0.0,0.0,1.0
1779285814.9990134,2.4619716183517952,-1.1240597084884957e+17,-1.570796199641526,1.8933859329590984e+18,6.944131862089356e-05,0.0,0.0,0.0,0.0,0.0,0.0,1.0
1779285815.0095892,2.4616652016342644,-1.1272450298326853e+17,-1.570796199993452,1.9004670226992215e+18,-6.944131862089344e-05,0.0,0.0,0.0,0.0,0.0,0.0,1.0
1779285815.020119,2.4617845682316797,-1.1320196182194155e+17,-1.570796200367571,1.9079291414026588e+18,6.944131862089375e-05,0.0,0.0,0.0,0.0,0.0,0.0,1.0
1779285815.0308547,2.4608665790651743,-1.1329551688884504e+17,-1.570796200687908,1.914619923719947e+18,-6.944131862089329e-05,0.0,0.0,0.0,0.0,0.0,0.0,1.0
1779285815.0408325,2.462045741487862,-1.1415413530556733e+17,-1.5707962011000558,1.9226738649385147e+18,6.944131862089386e-05,0.0,0.0,0.0,0.0,0.0,0.0,1.0
1779285815.0511217,2.4616613817561297,-1.144382530933713e+17,-1.5707962014325265,1.9295612429787133e+18,-6.944131862089326e-05,0.0,0.0,0.0,0.0,0.0,0.0,1.0
1779285815.0611358,2.4623411465224527,-1.1511913705782003e+17,-1.570796201815193,1.937248893175277e+18,6.944131862089383e-05,0.0,0.0,0.0,0.0,0.0,0.0,1.0
1779285815.071389,2.46222117692776,-1.1550850170651582e+17,-1.570796202160001,1.9444142461586025e+18,-6.944131862089327e-05,0.0,0.0,0.0,0.0,0.0,0.0,1.0
1779285815.0818467,2.4618955756541085,-1.158263871046402e+17,-1.570796202499655,1.9515715846720207e+18,6.944131862089383e-05,0.0,0.0,0.0,0.0,0.0,0.0,1.0
1779285815.0919893,2.461966492741105,-1.162841481264189e+17,-1.5707962028491076,1.958873953022653e+18,-6.944131862089327e-05,0.0,0.0,0.0,0.0,0.0,0.0,1.0
1779285815.102326,2.4621097577619673,-1.1678044922310938e+17,-1.5707962032090703,1.9664281350659804e+18,6.944131862089383e-05,0.0,0.0,0.0,0.0,0.0,0.0,1.0
1779285815.112919,2.46140503725904,-1.169576830370834e+17,-1.5707962035295653,1.97341586791122e+18,-6.944131862089327e-05,0.0,0.0,0.0,0.0,0.0,0.0,1.0
1779285815.1233983,2.4614804907334134,-1.1743266788197122e+17,-1.5707962038892533,1.9810771314536635e+18,6.944131862089383e-05,0.0,0.0,0.0,0.0,0.0,0.0,1.0
1779285815.1336782,2.461903910566908,-1.1804012816439419e+17,-1.570796204260267,1.9889410296653181e+18,-6.944131862089327e-05,0.0,0.0,0.0,0.0,0.0,0.0,1.0
1779285815.1439703,2.4621159663834846,-1.1856900736878798e+17,-1.5707962046177146,1.9966214656652516e+18,6.944131862089383e-05,0.0,0.0,0.0,0.0,0.0,0.0,1.0
1779285815.1545413,2.4618286349910967,-1.1891540634240618e+17,-1.570796204957492,2.0041016793268677e+18,-6.944131862089332e-05,0.0,0.0,0.0,0.0,0.0,0.0,1.0
1779285815.1649592,2.4614986570408273,-1.1923685270426365e+17,-1.5707962052879993,2.0114352646696384e+18,6.944131862089361e-05,0.0,0.0,0.0,0.0,0.0,0.0,1.0
1779285815.1760087,2.4583861502548876,-1.1846449565054146e+17,-1.5707962054837574,2.0165799459187133e+18,-6.944131862089361e-05,0.0,0.0,0.0,0.0,0.0,0.0,1.0
1779285815.186174,2.460886002904978,-1.19887987319174e+17,-1.570796205959308,2.0264459367810793e+18,6.94413186208934e-05,0.0,0.0,0.0,0.0,0.0,0.0,1.0
1779285815.1961155,2.4626204855539835,-1.210254857889225e+17,-1.5707962063858303,2.0355108811051336e+18,-6.944131862089378e-05,0.0,0.0,0.0,0.0,0.0,0.0,1.0
1779285815.2062933,2.4625845118422007,-1.2147188996282304e+17,-1.5707962067209613,2.0430662803603794e+18,6.944131862089327e-05,0.0,0.0,0.0,0.0,0.0,0.0,1.0
1779285815.2170472,2.460894470680185,-1.2126611820447843e+17,-1.5707962069823036,2.0494436053448218e+18,-6.944131862089387e-05,0.0,0.0,0.0,0.0,0.0,0.0,1.0
1779285815.2274506,2.461778431417472,-1.2208408355765715e+17,-1.570796207373148,2.0581084383709082e+18,6.944131862089325e-05,0.0,0.0,0.0,0.0,0.0,0.0,1.0
1779285815.2379947,2.4616959860806413,-1.2252459190422762e+17,-1.5707962077166266,2.0660130690329298e+18,-6.944131862089384e-05,0.0,0.0,0.0,0.0,0.0,0.0,1.0
1779285815.2482932,2.462884600191046,-1.2347969871518002e+17,-1.5707962081198787,2.0750075912493153e+18,6.944131862089326e-05,0.0,0.0,0.0,0.0,0.0,0.0,1.0
1779285815.2590184,2.462145538927677,-1.2366897628077347e+17,-1.5707962084319556,2.0824758426905219e+18,-6.944131862089383e-05,0.0,0.0,0.0,0.0,0.0,0.0,1.0
1779285815.2695055,2.4623625773932787,-1.242385798396809e+17,-1.5707962087866694,2.0907253085156111e+18,6.944131862089327e-05,0.0,0.0,0.0,0.0,0.0,0.0,1.0
1779285815.2799792,2.462263563803996,-1.2467932777986126e+17,-1.5707962091226382,2.0986756961670262e+18,-6.944131862089383e-05,0.0,0.0,0.0,0.0,0.0,0.0,1.0
1779285815.2901843,2.4621657758637006,-1.2510836055421304e+17,-1.570796209447678,2.1064157836704238e+18,6.944131862089327e-05,0.0,0.0,0.0,0.0,0.0,0.0,1.0
1779285815.3007028,2.46218113400961,-1.255996296024399e+17,-1.5707962097894783,2.114576969130392e+18,-6.944131862089383e-05,0.0,0.0,0.0,0.0,0.0,0.0,1.0
1779285815.3111956,2.461813808508222,-1.2592968008519888e+17,-1.5707962101084825,2.1223490313241684e+18,6.944131862089327e-05,0.0,0.0,0.0,0.0,0.0,0.0,1.0
1779285815.3213396,2.462145984451625,-1.2653791349233026e+17,-1.570796210451441,2.130552734192394e+18,-6.944131862089383e-05,0.0,0.0,0.0,0.0,0.0,0.0,1.0
1779285815.332236,2.460261116336051,-1.2624210732011893e+17,-1.5707962107013669,2.1371658390095158e+18,6.944131862089337e-05,0.0,0.0,0.0,0.0,0.0,0.0,1.0
1779285815.3424795,2.4618765107231066,-1.2739405394384261e+17,-1.5707962111149847,2.1468392209512246e+18,-6.944131862089359e-05,0.0,0.0,0.0,0.0,0.0,0.0,1.0
1779285815.352702,2.4619260357063757,-1.2789378128331792e+17,-1.5707962114429062,2.1549141289590305e+18,6.944131862089364e-05,0.0,0.0,0.0,0.0,0.0,0.0,1.0
1779285815.3631027,2.4622223015159372,-1.2851076946737013e+17,-1.5707962117900351,2.1634517950652541e+18,-6.944131862089337e-05,0.0,0.0,0.0,0.0,0.0,0.0,1.0
1779285815.3731585,2.4623462562711933,-1.2904160097944152e+17,-1.5707962121144645,2.1715266009734925e+18,6.94413186208938e-05,0.0,0.0,0.0,0.0,0.0,0.0,1.0
1779285815.383772,2.4617804660775136,-1.2930205205992446e+17,-1.5707962124214367,2.1794132351610417e+18,-6.944131862089326e-05,0.0,0.0,0.0,0.0,0.0,0.0,1.0
1779285815.3943756,2.461587484960425,-1.2971945712434062e+17,-1.5707962127465516,2.1877007756951992e+18,6.944131862089383e-05,0.0,0.0,0.0,0.0,0.0,0.0,1.0
1779285815.4045603,2.461809575020167,-1.3029858983246624e+17,-1.5707962130776556,2.1960731778984786e+18,-6.944131862089327e-05,0.0,0.0,0.0,0.0,0.0,0.0,1.0
1779285815.414649,2.461878632710457,-1.3081081755453352e+17,-1.5707962133968718,2.2042393795239007e+18,6.944131862089383e-05,0.0,0.0,0.0,0.0,0.0,0.0,1.0
1779285815.4251983,2.4617984137810045,-1.312813610997026e+17,-1.5707962137235563,2.2126975090549844e+18,-6.944131862089327e-05,0.0,0.0,0.0,0.0,0.0,0.0,1.0
1779285815.4354572,2.4620928668715543,-1.3190506940195894e+17,-1.5707962140588057,2.22132428338612e+18,6.944131862089383e-05,0.0,0.0,0.0,0.0,0.0,0.0,1.0
1779285815.4458148,2.461440252129199,-1.3211771798509085e+17,-1.5707962143468277,2.229046185357865e+18,-6.944131862089327e-05,0.0,0.0,0.0,0.0,0.0,0.0,1.0
1779285815.4564342,2.4609952404465765,-1.3242992703040288e+17,-1.5707962146540642,2.2372595946456614e+18,6.944131862089383e-05,0.0,0.0,0.0,0.0,0.0,0.0,1.0
1779285815.46645,2.4619030481340722,-1.3331557080722192e+17,-1.5707962150093824,2.2464019310356575e+18,-6.944131862089327e-05,0.0,0.0,0.0,0.0,0.0,0.0,1.0
1779285815.476839,2.4615073674894177,-1.3364711719018576e+17,-1.5707962153099022,2.2545305033697894e+18,6.944131862089383e-05,0.0,0.0,0.0,0.0,0.0,0.0,1.0
1779285815.4872737,2.462124648916574,-1.3443449416983046e+17,-1.5707962156633575,2.2638361351276623e+18,-6.944131862089327e-05,0.0,0.0,0.0,0.0,0.0,0.0,1.0
1779285815.4977872,2.4621250557200054,-1.3495642455505366e+17,-1.5707962159871731,2.2725892809975962e+18,6.944131862089379e-05,0.0,0.0,0.0,0.0,0.0,0.0,1.0
1779285815.5084393,2.4613610921856415,-1.3513920914501848e+17,-1.5707962162752322,2.280651656976895e+18,-6.944131862089344e-05,0.0,0.0,0.0,0.0,0.0,0.0,1.0
1779285815.5188613,2.461654345060251,-1.357859558487847e+17,-1.5707962166087146,2.2896919486294303e+18,6.944131862089353e-05,0.0,0.0,0.0,0.0,0.0,0.0,1.0
1779285815.5291147,2.461923804399633,-1.3641912473148773e+17,-1.5707962169341962,2.2985800535195023e+18,-6.944131862089367e-05,0.0,0.0,0.0,0.0,0.0,0.0,1.0
1779285815.5393865,2.461674789975572,-1.3681995738215467e+17,-1.5707962172330627,2.306943146413593e+18,6.944131862089336e-05,0.0,0.0,0.0,0.0,0.0,0.0,1.0
1779285815.5498486,2.4616035899568787,-1.3731118298156867e+17,-1.5707962175467227,2.315719868445265e+18,-6.94413186208938e-05,0.0,0.0,0.0,0.0,0.0,0.0,1.0
1779285815.5603485,2.461820184576659,-1.3793873343281323e+17,-1.570796217875318,2.324888554307328e+18,6.944131862089326e-05,0.0,0.0,0.0,0.0,0.0,0.0,1.0
1779285815.5707877,2.4617429105320543,-1.3843164964720285e+17,-1.5707962181862067,2.333706290561861e+18,-6.944131862089383e-05,0.0,0.0,0.0,0.0,0.0,0.0,1.0
1779285815.5812893,2.46139514623896,-1.3880092432835642e+17,-1.570796218483594,2.342277549256312e+18,6.944131862089327e-05,0.0,0.0,0.0,0.0,0.0,0.0,1.0
1779285815.5917282,2.4617060847556953,-1.3947502729780406e+17,-1.570796218812163,2.351597808695825e+18,-6.944131862089383e-05,0.0,0.0,0.0,0.0,0.0,0.0,1.0
1779285815.601872,2.4617891947589268,-1.4003313490381346e+17,-1.5707962191185043,2.3604075024990884e+18,6.944131862089327e-05,0.0,0.0,0.0,0.0,0.0,0.0,1.0
1779285815.6120281,2.462048774331451,-1.4067788432220282e+17,-1.570796219433343,2.3694686114597893e+18,-6.944131862089383e-05,0.0,0.0,0.0,0.0,0.0,0.0,1.0
1779285815.6224465,2.462226759399285,-1.4130219167201016e+17,-1.570796219752115,2.3787333574441784e+18,6.944131862089327e-05,0.0,0.0,0.0,0.0,0.0,0.0,1.0
1779285815.6327412,2.461478471940843,-1.4148323208247442e+17,-1.5707962200196484,2.3868328518228787e+18,-6.944131862089383e-05,0.0,0.0,0.0,0.0,0.0,0.0,1.0
1779285815.6429863,2.461047238232468,-1.4180511563512774e+17,-1.5707962202999932,2.395258737319974e+18,6.944131862089327e-05,0.0,0.0,0.0,0.0,0.0,0.0,1.0
1779285815.6530375,2.4625366855766706,-1.430347286324481e+17,-1.570796220668518,2.4057742034037724e+18,-6.944131862089383e-05,0.0,0.0,0.0,0.0,0.0,0.0,1.0
1779285815.6634414,2.462390803396511,-1.435170950131513e+17,-1.5707962209676212,2.414795962283655e+18,6.944131862089327e-05,0.0,0.0,0.0,0.0,0.0,0.0,1.0
1779285815.6738517,2.462318247709826,-1.4403456247550387e+17,-1.570796221269566,2.4239390988725284e+18,-6.944131862089374e-05,0.0,0.0,0.0,0.0,0.0,0.0,1.0
1779285815.6839566,2.4622375752617573,-1.4453232718795696e+17,-1.570796221559989,2.432791023296176e+18,6.944131862089352e-05,0.0,0.0,0.0,0.0,0.0,0.0,1.0
1779285815.6940117,2.462515751104549,-1.452024427266331e+17,-1.570796221865571,2.4420513086684017e+18,-6.944131862089346e-05,0.0,0.0,0.0,0.0,0.0,0.0,1.0
1779285815.7045395,2.4623968036542463,-1.457086803559375e+17,-1.5707962221665857,2.451361041453061e+18,6.944131862089372e-05,0.0,0.0,0.0,0.0,0.0,0.0,1.0
1779285815.714862,2.461886529711856,-1.4601211516605744e+17,-1.5707962224407117,2.460017299326883e+18,-6.944131862089332e-05,0.0,0.0,0.0,0.0,0.0,0.0,1.0
1779285815.725316,2.462152500069388,-1.4670021319928416e+17,-1.5707962227562031,2.469773277678391e+18,6.944131862089383e-05,0.0,0.0,0.0,0.0,0.0,0.0,1.0
1779285815.7357957,2.4617848326360723,-1.470822441660446e+17,-1.570796223040828,2.478825907791148e+18,-6.944131862089323e-05,0.0,0.0,0.0,0.0,0.0,0.0,1.0
1779285815.7460005,2.4623730238816695,-1.47921285035072e+17,-1.570796223361963,2.488785150768316e+18,6.944131862089386e-05,0.0,0.0,0.0,0.0,0.0,0.0,1.0
1779285815.7566679,2.4615830497503377,-1.4810924183503677e+17,-1.5707962236311679,2.4976021764247583e+18,-6.944131862089326e-05,0.0,0.0,0.0,0.0,0.0,0.0,1.0
1779285815.7672355,2.4614090695653306,-1.4859127896994867e+17,-1.5707962239255622,2.5070793368720195e+18,6.944131862089383e-05,0.0,0.0,0.0,0.0,0.0,0.0,1.0
1779285815.7778318,2.4612328013543796,-1.4907440256532294e+17,-1.5707962242199311,2.5166170623080346e+18,-6.944131862089327e-05,0.0,0.0,0.0,0.0,0.0,0.0,1.0
1779285815.7884579,2.461270406267471,-1.4966761354590576e+17,-1.5707962245246663,2.526484273118005e+18,6.944131862089383e-05,0.0,0.0,0.0,0.0,0.0,0.0,1.0
1779285815.7986846,2.4614679617141504,-1.5032388359881056e+17,-1.5707962248234228,2.5361677550133673e+18,-6.944131862089327e-05,0.0,0.0,0.0,0.0,0.0,0.0,1.0
1779285815.8090174,2.4613332775954087,-1.508224811967016e+17,-1.5707962251090883,2.5455931537658117e+18,6.944131862089383e-05,0.0,0.0,0.0,0.0,0.0,0.0,1.0
1779285815.8192418,2.4617929116321227,-1.5161818019045123e+17,-1.5707962254185313,2.5556731033591153e+18,-6.944131862089327e-05,0.0,0.0,0.0,0.0,0.0,0.0,1.0
1779285815.8298333,2.4614663679463273,-1.5204089405996032e+17,-1.570796225701978,2.565215093351964e+18,6.944131862089383e-05,0.0,0.0,0.0,0.0,0.0,0.0,1.0
1779285815.8404374,2.461435378979769,-1.5261253765272563e+17,-1.5707962259980373,2.5751438256684436e+18,-6.944131862089327e-05,0.0,0.0,0.0,0.0,0.0,0.0,1.0
1779285815.8510375,2.4612821160390617,-1.5312673971635504e+17,-1.5707962262893265,2.585017489090815e+18,6.94413186208937e-05,0.0,0.0,0.0,0.0,0.0,0.0,1.0
1779285815.8612936,2.4618776766694275,-1.5400792184290358e+17,-1.5707962266029305,2.595466587486611e+18,-6.944131862089356e-05,0.0,0.0,0.0,0.0,0.0,0.0,1.0
1779285815.8715284,2.46162808430639,-1.544595156759814e+17,-1.5707962268757891,2.604873595762409e+18,6.944131862089344e-05,0.0,0.0,0.0,0.0,0.0,0.0,1.0
1779285815.8816135,2.4618555507137923,-1.5514924557888317e+17,-1.570796227165156,2.6147492033372375e+18,-6.944131862089375e-05,0.0,0.0,0.0,0.0,0.0,0.0,1.0
1779285815.8917172,2.462090225683534,-1.558484115950076e+17,-1.5707962274546485,2.6246932511397135e+18,6.944131862089329e-05,0.0,0.0,0.0,0.0,0.0,0.0,1.0
1779285815.9022193,2.4620629101388616,-1.564379714436464e+17,-1.5707962277439789,2.634788965130468e+18,-6.944131862089386e-05,0.0,0.0,0.0,0.0,0.0,0.0,1.0
1779285815.9127405,2.4620728048319718,-1.5704976460912563e+17,-1.5707962280347454,2.644990042014193e+18,6.944131862089326e-05,0.0,0.0,0.0,0.0,0.0,0.0,1.0
1779285815.922912,2.4617604640367334,-1.574730555637455e+17,-1.5707962282989212,2.654423044882888e+18,-6.944131862089383e-05,0.0,0.0,0.0,0.0,0.0,0.0,1.0
1779285815.9334662,2.4616041027015108,-1.5799861811167667e+17,-1.570796228581315,2.664512399408633e+18,6.944131862089327e-05,0.0,0.0,0.0,0.0,0.0,0.0,1.0
1779285815.943947,2.4618067970040705,-1.587117783213315e+17,-1.5707962288770463,2.6750237698514365e+18,-6.944131862089383e-05,0.0,0.0,0.0,0.0,0.0,0.0,1.0
1779285815.9542923,2.4613288344363107,-1.590583272837713e+17,-1.570796229136735,2.6845352989683907e+18,6.944131862089327e-05,0.0,0.0,0.0,0.0,0.0,0.0,1.0
1779285815.9648128,2.4614117724491846,-1.5971188795505424e+17,-1.570796229426542,2.695007914688878e+18,-6.944131862089383e-05,0.0,0.0,0.0,0.0,0.0,0.0,1.0
1779285815.974907,2.4617578619162157,-1.604865778370877e+17,-1.5707962297143698,2.705386107913865e+18,6.944131862089327e-05,0.0,0.0,0.0,0.0,0.0,0.0,1.0
1779285815.9851449,2.462223673657359,-1.61341514412523e+17,-1.5707962300114002,2.716134792091184e+18,-6.944131862089383e-05,0.0,0.0,0.0,0.0,0.0,0.0,1.0
1779285815.9953794,2.4619256184525886,-1.6178950230400784e+17,-1.5707962302730578,2.725910268360094e+18,6.944131862089327e-05,0.0,0.0,0.0,0.0,0.0,0.0,1.0
1779285816.0054233,2.462215859512358,-1.625444282711669e+17,-1.570796230554602,2.736283717352936e+18,-6.944131862089383e-05,0.0,0.0,0.0,0.0,0.0,0.0,1.0
1779285816.0160754,2.4615274083250287,-1.6280509152507958e+17,-1.570796230809715,2.7460769987887483e+18,6.944131862089332e-05,0.0,0.0,0.0,0.0,0.0,0.0,1.0
1779285816.0262632,2.462069663157292,-1.6370757039517907e+17,-1.570796231105296,2.7570268901013484e+18,-6.944131862089361e-05,0.0,0.0,0.0,0.0,0.0,0.0,1.0
1779285816.0365543,2.4621479400167843,-1.643702047803889e+17,-1.5707962313825328,2.767519181470799e+18,6.944131862089361e-05,0.0,0.0,0.0,0.0,0.0,0.0,1.0
1779285816.0465896,2.462507292497669,-1.6517603778016634e+17,-1.570796231663838,2.77813729744424e+18,-6.94413186208934e-05,0.0,0.0,0.0,0.0,0.0,0.0,1.0
1779285816.0569487,2.462423881002532,-1.6576194538564886e+17,-1.5707962319344622,2.7885738324447933e+18,6.944131862089378e-05,0.0,0.0,0.0,0.0,0.0,0.0,1.0
1779285816.067183,2.462380997369716,-1.663636766647334e+17,-1.570796232202507,2.79896277236057e+18,-6.944131862089327e-05,0.0,0.0,0.0,0.0,0.0,0.0,1.0
1779285816.0774376,2.462353048720309,-1.6697615194238186e+17,-1.5707962324710751,2.809434080067446e+18,6.944131862089387e-05,0.0,0.0,0.0,0.0,0.0,0.0,1.0
1779285816.087978,2.4616933091483544,-1.6725242255314157e+17,-1.5707962327195528,2.81940866555444e+18,-6.944131862089325e-05,0.0,0.0,0.0,0.0,0.0,0.0,1.0
1779285816.098664,2.461991986875564,-1.6807087640661952e+17,-1.5707962330135625,2.8309033960143775e+18,6.944131862089384e-05,0.0,0.0,0.0,0.0,0.0,0.0,1.0
1779285816.1091187,2.461301188386206,-1.6832260079637587e+17,-1.5707962332565153,2.8407960056552156e+18,-6.944131862089326e-05,0.0,0.0,0.0,0.0,0.0,0.0,1.0
1779285816.1192672,2.4623095683673886,-1.6951427124166512e+17,-1.5707962335638925,2.85271838930179e+18,6.944131862089383e-05,0.0,0.0,0.0,0.0,0.0,0.0,1.0
1779285816.129558,2.461956150269827,-1.6995053330766816e+17,-1.5707962338134123,2.8628849376051277e+18,-6.944131862089327e-05,0.0,0.0,0.0,0.0,0.0,0.0,1.0
1779285816.1397917,2.461970768746273,-1.705898800030685e+17,-1.570796234076034,2.8735119311393213e+18,6.944131862089383e-05,0.0,0.0,0.0,0.0,0.0,0.0,1.0
1779285816.1501625,2.4624916412215523,-1.7153984761118333e+17,-1.5707962343679533,2.885225307833338e+18,-6.944131862089327e-05,0.0,0.0,0.0,0.0,0.0,0.0,1.0
1779285816.1607814,2.4624020914768696,-1.7216040704705962e+17,-1.5707962346386612,2.896373013013116e+18,6.944131862089383e-05,0.0,0.0,0.0,0.0,0.0,0.0,1.0
1779285816.1710117,2.462192945120168,-1.7268836262688666e+17,-1.570796234892218,2.906924149069997e+18,-6.944131862089327e-05,0.0,0.0,0.0,0.0,0.0,0.0,1.0
1779285816.181583,2.461869998248082,-1.731703745811145e+17,-1.5707962351500153,2.9177617034324035e+18,6.944131862089383e-05,0.0,0.0,0.0,0.0,0.0,0.0,1.0
1779285816.1921985,2.4618598381204357,-1.7383582446582794e+17,-1.5707962354217835,2.9291396482500127e+18,-6.944131862089337e-05,0.0,0.0,0.0,0.0,0.0,0.0,1.0
1779285816.20249,2.4621530597998977,-1.74661188871242e+17,-1.5707962356961447,2.940589816694503e+18,6.944131862089359e-05,0.0,0.0,0.0,0.0,0.0,0.0,1.0
1779285816.2127643,2.4617150185459846,-1.7506260431602557e+17,-1.5707962359383882,2.9510213270823004e+18,-6.944131862089364e-05,0.0,0.0,0.0,0.0,0.0,0.0,1.0
1779285816.2229724,2.461799359770296,-1.757631312941148e+17,-1.5707962361997627,2.962140128638361e+18,6.944131862089337e-05,0.0,0.0,0.0,0.0,0.0,0.0,1.0
1779285816.2335193,2.4617792174308266,-1.764280622247543e+17,-1.5707962364660906,2.9735866216155965e+18,-6.94413186208938e-05,0.0,0.0,0.0,0.0,0.0,0.0,1.0
1779285816.2435532,2.462308952532489,-1.773897761780182e+17,-1.5707962367401198,2.985235566195397e+18,6.944131862089326e-05,0.0,0.0,0.0,0.0,0.0,0.0,1.0
1779285816.2540095,2.461327207145578,-1.7748649722734422e+17,-1.5707962369620394,2.995257509229138e+18,-6.944131862089383e-05,0.0,0.0,0.0,0.0,0.0,0.0,1.0
1779285816.2642703,2.462427742006972,-1.7880571939120326e+17,-1.570796237264806,3.0081046143203164e+18,6.944131862089327e-05,0.0,0.0,0.0,0.0,0.0,0.0,1.0
1779285816.2748492,2.462028905228604,-1.7926447125979142e+17,-1.5707962375136055,3.019229227393521e+18,-6.944131862089383e-05,0.0,0.0,0.0,0.0,0.0,0.0,1.0
1779285816.2854912,2.4618089455524976,-1.798316281544781e+17,-1.5707962377709037,3.030734423938865e+18,6.944131862089327e-05,0.0,0.0,0.0,0.0,0.0,0.0,1.0
1779285816.295617,2.4619372462522633,-1.8057520632301526e+17,-1.570796238027133,3.042130671545903e+18,-6.944131862089383e-05,0.0,0.0,0.0,0.0,0.0,0.0,1.0
1779285816.306014,2.4613533129212035,-1.8090744073288435e+17,-1.5707962382607465,3.052853282484097e+18,6.944131862089327e-05,0.0,0.0,0.0,0.0,0.0,0.0,1.0
1779285816.316277,2.461636165865425,-1.8175397582084595e+17,-1.5707962385256755,3.064729188181331e+18,-6.944131862089383e-05,0.0,0.0,0.0,0.0,0.0,0.0,1.0
1779285816.3262866,2.462224651964644,-1.8277873537490963e+17,-1.5707962387955015,3.0767924738436127e+18,6.944131862089327e-05,0.0,0.0,0.0,0.0,0.0,0.0,1.0
1779285816.3368318,2.461891199589116,-1.8328376661076662e+17,-1.5707962390419612,3.0882230264125307e+18,-6.944131862089383e-05,0.0,0.0,0.0,0.0,0.0,0.0,1.0
1779285816.3472705,2.4619816721260412,-1.8404009028011763e+17,-1.5707962393017474,3.100178920994421e+18,6.944131862089327e-05,0.0,0.0,0.0,0.0,0.0,0.0,1.0
1779285816.3576922,2.4621772101583974,-1.8486519302953206e+17,-1.5707962395648623,3.1123303758681646e+18,-6.944131862089379e-05,0.0,0.0,0.0,0.0,0.0,0.0,1.0
1779285816.3679128,2.4618394438326088,-1.853504807506556e+17,-1.5707962398000312,3.12345810796347e+18,6.944131862089344e-05,0.0,0.0,0.0,0.0,0.0,0.0,1.0
1779285816.3780174,2.4620095808079756,-1.8614164608457434e+17,-1.5707962400517352,3.1352364792439675e+18,-6.944131862089353e-05,0.0,0.0,0.0,0.0,0.0,0.0,1.0
1779285816.3885472,2.461991897765287,-1.868490395917314e+17,-1.5707962403069118,3.147334478584767e+18,6.944131862089367e-05,0.0,0.0,0.0,0.0,0.0,0.0,1.0
1779285816.3988137,2.4621684104470964,-1.8766355870951658e+17,-1.5707962405620481,3.159433563285208e+18,-6.944131862089336e-05,0.0,0.0,0.0,0.0,0.0,0.0,1.0
1779285816.408894,2.4622130964706535,-1.8838716680654483e+17,-1.5707962408061042,3.171130906110078e+18,6.94413186208938e-05,0.0,0.0,0.0,0.0,0.0,0.0,1.0
1779285816.4189818,2.4623869781878587,-1.8919618759322426e+17,-1.570796241054997,3.183088105193157e+18,-6.944131862089326e-05,0.0,0.0,0.0,0.0,0.0,0.0,1.0
1779285816.4293654,2.461432959633699,-1.8931070935756253e+17,-1.5707962412654848,3.1936969291631135e+18,6.944131862089383e-05,0.0,0.0,0.0,0.0,0.0,0.0,1.0
1779285816.4397314,2.462177681774161,-1.9049743718258384e+17,-1.570796241542945,3.206978338855007e+18,-6.944131862089327e-05,0.0,0.0,0.0,0.0,0.0,0.0,1.0
1779285816.4498544,2.46236279491233,-1.9132473965179517e+17,-1.5707962417910935,3.219129976003408e+18,6.944131862089383e-05,0.0,0.0,0.0,0.0,0.0,0.0,1.0
1779285816.4599805,2.462407062258589,-1.9206654383752003e+17,-1.5707962420330575,3.231111316639577e+18,-6.944131862089327e-05,0.0,0.0,0.0,0.0,0.0,0.0,1.0
1779285816.4700794,2.462699076069238,-1.9296939493475382e+17,-1.5707962422835011,3.2434967205404247e+18,6.944131862089383e-05,0.0,0.0,0.0,0.0,0.0,0.0,1.0
1779285816.4804475,2.4622653743609244,-1.9342736197268522e+17,-1.5707962425119646,3.2551508451113165e+18,-6.944131862089327e-05,0.0,0.0,0.0,0.0,0.0,0.0,1.0
1779285816.4906194,2.462334622582889,-1.9419330246167034e+17,-1.5707962427539983,3.2673602096006676e+18,6.944131862089383e-05,0.0,0.0,0.0,0.0,0.0,0.0,1.0
1779285816.5007925,2.4628180109849733,-1.9523384084972947e+17,-1.5707962430117617,3.280286600830734e+18,-6.944131862089327e-05,0.0,0.0,0.0,0.0,0.0,0.0,1.0
1779285816.5110335,2.46227327419673,-1.9561442952985296e+17,-1.5707962432302973,3.291703587966052e+18,6.944131862089383e-05,0.0,0.0,0.0,0.0,0.0,0.0,1.0
1779285816.5213778,2.462515765731656,-1.965141770550358e+17,-1.5707962434817222,3.304569773312957e+18,-6.944131862089327e-05,0.0,0.0,0.0,0.0,0.0,0.0,1.0
1779285816.5316257,2.4627878964517342,-1.9743310007583613e+17,-1.5707962437309115,3.317395415498123e+18,6.944131862089374e-05,0.0,0.0,0.0,0.0,0.0,0.0,1.0
1779285816.5419996,2.4626053025716956,-1.980673784888221e+17,-1.5707962439655188,3.32973127313465e+18,-6.944131862089352e-05,0.0,0.0,0.0,0.0,0.0,0.0,1.0
1779285816.5524042,2.4624257655443773,-1.987047676771927e+17,-1.5707962442002066,3.3421488294758134e+18,6.944131862089346e-05,0.0,0.0,0.0,0.0,0.0,0.0,1.0
1779285816.5626276,2.462274511164891,-1.9934683382525277e+17,-1.570796244430269,3.354386611094824e+18,-6.944131862089372e-05,0.0,0.0,0.0,0.0,0.0,0.0,1.0
1779285816.5733998,2.4614376109634866,-1.995664826125871e+17,-1.5707962446468702,3.366268145101629e+18,6.944131862089332e-05,0.0,0.0,0.0,0.0,0.0,0.0,1.0
1779285816.5836003,2.462214659141242,-2.0082591997728957e+17,-1.5707962449113588,3.3801212464841974e+18,-6.944131862089383e-05,0.0,0.0,0.0,0.0,0.0,0.0,1.0
1779285816.5941386,2.4622765570169447,-2.016425625346262e+17,-1.5707962451562825,3.3933170668743286e+18,6.944131862089323e-05,0.0,0.0,0.0,0.0,0.0,0.0,1.0
1779285816.60459,2.4620135566367325,-2.022368673516596e+17,-1.570796245385921,3.4059031164791183e+18,-6.944131862089386e-05,0.0,0.0,0.0,0.0,0.0,0.0,1.0
1779285816.614734,2.462162210641893,-2.0308712026178144e+17,-1.5707962456224267,3.418771014550616e+18,6.944131862089326e-05,0.0,0.0,0.0,0.0,0.0,0.0,1.0
1779285816.625089,2.4621868819289996,-2.0387360249377168e+17,-1.5707962458590647,3.43178528317394e+18,-6.944131862089383e-05,0.0,0.0,0.0,0.0,0.0,0.0,1.0
1779285816.6357048,2.461788910840398,-2.0439015114484157e+17,-1.570796246084882,3.4444631285993656e+18,6.944131862089327e-05,0.0,0.0,0.0,0.0,0.0,0.0,1.0
1779285816.645754,2.4620649785452997,-2.053314822187428e+17,-1.57079624632292,3.4576154477169833e+18,-6.944131862089383e-05,0.0,0.0,0.0,0.0,0.0,0.0,1.0
1779285816.6558452,2.462162633294311,-2.0615707138930976e+17,-1.5707962465536758,3.4705222183519473e+18,6.944131862089327e-05,0.0,0.0,0.0,0.0,0.0,0.0,1.0
1779285816.6659162,2.462413418377351,-2.070914887183535e+17,-1.5707962467889585,3.4837052515002086e+18,-6.944131862089383e-05,0.0,0.0,0.0,0.0,0.0,0.0,1.0
1779285816.6765993,2.4616869267955126,-2.0739863981381805e+17,-1.5707962470029047,3.496180128466427e+18,6.944131862089327e-05,0.0,0.0,0.0,0.0,0.0,0.0,1.0
1779285816.6870332,2.4613578947843626,-2.079533598112771e+17,-1.57079624722389,3.508959498323528e+18,-6.944131862089383e-05,0.0,0.0,0.0,0.0,0.0,0.0,1.0
1779285816.6973839,2.4619612555179673,-2.0915778299384806e+17,-1.570796247477928,3.5233284235726874e+18,6.944131862089327e-05,0.0,0.0,0.0,0.0,0.0,0.0,1.0
1779285816.7074437,2.4625325035992547,-2.1033072122788774e+17,-1.5707962477222641,3.537250077412137e+18,-6.94413186208937e-05,0.0,0.0,0.0,0.0,0.0,0.0,1.0
1779285816.7180352,2.462059000163717,-2.108186197414747e+17,-1.5707962479409894,3.550225085489488e+18,6.944131862089356e-05,0.0,0.0,0.0,0.0,0.0,0.0,1.0
1779285816.728751,2.4612684608539217,-2.11085058315087e+17,-1.570796248150438,3.5628704567735997e+18,-6.944131862089344e-05,0.0,0.0,0.0,0.0,0.0,0.0,1.0
1779285816.739371,2.4612945210461783,-2.1191450763819395e+17,-1.5707962483864115,3.576806834937179e+18,6.944131862089375e-05,0.0,0.0,0.0,0.0,0.0,0.0,1.0
1779285816.7498517,2.461327244141791,-2.1274185931097786e+17,-1.5707962486180038,3.5905712907402926e+18,-6.944131862089329e-05,0.0,0.0,0.0,0.0,0.0,0.0,1.0
1779285816.7599702,2.4620496398916063,-2.140439459939931e+17,-1.5707962488659497,3.605108127145027e+18,6.944131862089386e-05,0.0,0.0,0.0,0.0,0.0,0.0,1.0
1779285816.770646,2.4615580609323073,-2.1453098948730528e+17,-1.5707962490831076,3.6184235987547203e+18,-6.944131862089326e-05,0.0,0.0,0.0,0.0,0.0,0.0,1.0
1779285816.781218,2.461146407548996,-2.1506133972593184e+17,-1.5707962492996703,3.631748584360107e+18,6.944131862089383e-05,0.0,0.0,0.0,0.0,0.0,0.0,1.0
1779285816.791655,2.4617530881462897,-2.163173522327248e+17,-1.5707962495491294,3.6467242909063624e+18,-6.944131862089327e-05,0.0,0.0,0.0,0.0,0.0,0.0,1.0
1779285816.801855,2.4616972852637,-2.1708723507957427e+17,-1.570796249768345,3.660233814157764e+18,6.944131862089383e-05,0.0,0.0,0.0,0.0,0.0,0.0,1.0
1779285816.812545,2.4609109133347027,-2.173584296559368e+17,-1.5707962499713721,3.673151431372447e+18,-6.944131862089327e-05,0.0,0.0,0.0,0.0,0.0,0.0,1.0
1779285816.822482,2.4621658888619935,-2.1906266069927328e+17,-1.5707962502295632,3.6886808676092436e+18,6.944131862089383e-05,0.0,0.0,0.0,0.0,0.0,0.0,1.0
1779285816.8329785,2.461544301583705,-2.194523688516011e+17,-1.5707962504333568,3.7017472166261243e+18,-6.944131862089327e-05,0.0,0.0,0.0,0.0,0.0,0.0,1.0
1779285816.8433292,2.4622333054606567,-2.2079367847094755e+17,-1.5707962506802426,3.717035317035638e+18,6.944131862089383e-05,0.0,0.0,0.0,0.0,0.0,0.0,1.0
1779285816.8536797,2.461871522268962,-2.213703629721957e+17,-1.5707962508892115,3.730488630401737e+18,-6.944131862089327e-05,0.0,0.0,0.0,0.0,0.0,0.0,1.0
1779285816.8641107,2.4617750883260814,-2.221472582009447e+17,-1.57079625110895,3.7445978996956954e+18,6.944131862089383e-05,0.0,0.0,0.0,0.0,0.0,0.0,1.0
1779285816.8744812,2.4617977352523774,-2.2300906115342134e+17,-1.570796251330607,3.75886926250661e+18,-6.944131862089332e-05,0.0,0.0,0.0,0.0,0.0,0.0,1.0
1779285816.8848772,2.4624693306067122,-2.2436490472425338e+17,-1.5707962515752676,3.7744403027829514e+18,6.944131862089361e-05,0.0,0.0,0.0,0.0,0.0,0.0,1.0
1779285816.8954904,2.4619084643863753,-2.248251408464208e+17,-1.5707962517814584,3.7881681024121523e+18,-6.944131862089361e-05,0.0,0.0,0.0,0.0,0.0,0.0,1.0
1779285816.9058933,2.4618154585116274,-2.256138427945769e+17,-1.570796251998161,3.802457299104932e+18,6.94413186208934e-05,0.0,0.0,0.0,0.0,0.0,0.0,1.0
1779285816.916049,2.461642440023823,-2.2632202620344656e+17,-1.5707962522053596,3.816243006393616e+18,-6.944131862089378e-05,0.0,0.0,0.0,0.0,0.0,0.0,1.0
1779285816.9266407,2.4615615252577197,-2.2713614414484557e+17,-1.5707962524256096,3.8309485844647183e+18,6.944131862089327e-05,0.0,0.0,0.0,0.0,0.0,0.0,1.0
1779285816.9370103,2.462091643243189,-2.2840268268915158e+17,-1.5707962526611716,3.8464992119529226e+18,-6.944131862089387e-05,0.0,0.0,0.0,0.0,0.0,0.0,1.0
1779285816.947152,2.462043144109743,-2.2921934040218714e+17,-1.5707962528708297,3.8606736193409096e+18,6.944131862089325e-05,0.0,0.0,0.0,0.0,0.0,0.0,1.0
1779285816.9577181,2.461770081619885,-2.2989975073097238e+17,-1.5707962530822073,3.8751644269355884e+18,-6.944131862089384e-05,0.0,0.0,0.0,0.0,0.0,0.0,1.0
1779285816.9679947,2.461811805147501,-2.3079712296062067e+17,-1.570796253296742,3.889815528111009e+18,6.944131862089326e-05,0.0,0.0,0.0,0.0,0.0,0.0,1.0
1779285816.978672,2.4610414282488584,-2.3110061237921373e+17,-1.5707962534922868,3.903634029896558e+18,-6.944131862089383e-05,0.0,0.0,0.0,0.0,0.0,0.0,1.0
1779285816.9888217,2.4619995585946786,-2.3269803319318083e+17,-1.5707962537338718,3.9199194279027656e+18,6.944131862089327e-05,0.0,0.0,0.0,0.0,0.0,0.0,1.0
1779285816.998875,2.4623946977426594,-2.3386915433329747e+17,-1.5707962539535913,3.9350626974332646e+18,-6.944131862089383e-05,0.0,0.0,0.0,0.0,0.0,0.0,1.0
1779285817.0094435,2.462038844745103,-2.345037729223809e+17,-1.5707962541592704,3.9496803585801477e+18,6.944131862089327e-05,0.0,0.0,0.0,0.0,0.0,0.0,1.0
1779285817.0198371,2.461834265652138,-2.352383549166272e+17,-1.5707962543653162,3.96434303429293e+18,-6.944131862089383e-05,0.0,0.0,0.0,0.0,0.0,0.0,1.0
1779285817.0299184,2.4621446005619894,-2.3635327147982426e+17,-1.5707962545809067,3.979533917668203e+18,6.944131862089327e-05,0.0,0.0,0.0,0.0,0.0,0.0,1.0
1779285817.0405216,2.4616515290775243,-2.3688317920791795e+17,-1.570796254780994,3.994101514377906e+18,-6.944131862089383e-05,0.0,0.0,0.0,0.0,0.0,0.0,1.0
1779285817.0506806,2.4619221900116695,-2.3797778044239302e+17,-1.5707962549957513,4.0094509509606426e+18,6.944131862089337e-05,0.0,0.0,0.0,0.0,0.0,0.0,1.0
1779285817.0611641,2.4620072774797293,-2.3896057490192182e+17,-1.5707962552111976,4.025047530656965e+18,-6.944131862089359e-05,0.0,0.0,0.0,0.0,0.0,0.0,1.0
1779285817.071763,2.461552437159215,-2.3952402409832886e+17,-1.5707962554105965,4.03983402146715e+18,6.944131862089364e-05,0.0,0.0,0.0,0.0,0.0,0.0,1.0
1779285817.0821366,2.4604451112830215,-2.395355865858801e+17,-1.57079625558257,4.053001018888289e+18,-6.944131862089337e-05,0.0,0.0,0.0,0.0,0.0,0.0,1.0
1779285817.0921376,2.461611438490855,-2.4133899767972483e+17,-1.5707962558207595,4.070045150845755e+18,6.94413186208938e-05,0.0,0.0,0.0,0.0,0.0,0.0,1.0
1779285817.1020663,2.4625804264208275,-2.4300496080689466e+17,-1.5707962560505768,4.0866928227935795e+18,-6.944131862089326e-05,0.0,0.0,0.0,0.0,0.0,0.0,1.0
1779285817.1121624,2.462598259318061,-2.439311002324601e+17,-1.5707962562523448,4.10181988554647e+18,6.944131862089383e-05,0.0,0.0,0.0,0.0,0.0,0.0,1.0
1779285817.122254,2.462674780175866,-2.4490661267629146e+17,-1.5707962564553044,4.1171076167125453e+18,-6.944131862089327e-05,0.0,0.0,0.0,0.0,0.0,0.0,1.0
1779285817.1325142,2.4626292311825466,-2.4580008490216445e+17,-1.5707962566574645,4.132496841620959e+18,6.944131862089383e-05,0.0,0.0,0.0,0.0,0.0,0.0,1.0
1779285817.1429405,2.462663342066226,-2.4677520245228947e+17,-1.5707962568652707,4.1483827996018806e+18,-6.944131862089327e-05,0.0,0.0,0.0,0.0,0.0,0.0,1.0
1779285817.153099,2.4624907655659247,-2.475580646686775e+17,-1.5707962570597669,4.163446391291545e+18,6.944131862089383e-05,0.0,0.0,0.0,0.0,0.0,0.0,1.0
1779285817.1635299,2.4620185034470445,-2.4811476763868368e+17,-1.5707962572500038,4.17842424103478e+18,-6.944131862089327e-05,0.0,0.0,0.0,0.0,0.0,0.0,1.0
1779285817.1735866,2.4623628646894766,-2.4931289525940368e+17,-1.5707962574576897,4.1944490023129016e+18,6.944131862089383e-05,0.0,0.0,0.0,0.0,0.0,0.0,1.0
1779285817.1836758,2.462508691932872,-2.5035801450292026e+17,-1.570796257659195,4.2101960973446113e+18,-6.944131862089327e-05,0.0,0.0,0.0,0.0,0.0,0.0,1.0
1779285817.1942995,2.461878930106131,-2.5080508884596237e+17,-1.570796257847015,4.2253552242262764e+18,6.944131862089383e-05,0.0,0.0,0.0,0.0,0.0,0.0,1.0
1779285817.2050095,2.4624079368866836,-2.522299207950114e+17,-1.5707962580735388,4.2431138153802097e+18,-6.944131862089327e-05,0.0,0.0,0.0,0.0,0.0,0.0,1.0
1779285817.2151673,2.4621233955147694,-2.5293050675741395e+17,-1.570796258261175,4.2582826619213143e+18,6.944131862089379e-05,0.0,0.0,0.0,0.0,0.0,0.0,1.0
1779285817.2257738,2.4616259953646695,-2.5348808078479808e+17,-1.5707962584513127,4.2738580820224343e+18,-6.944131862089344e-05,0.0,0.0,0.0,0.0,0.0,0.0,1.0
1779285817.2357302,2.4623643752540425,-2.5503538303828406e+17,-1.5707962586659225,4.290889014780982e+18,6.944131862089353e-05,0.0,0.0,0.0,0.0,0.0,0.0,1.0
1779285817.246226,2.4616015156284563,-2.5536106020018144e+17,-1.570796258843244,4.3057547254196096e+18,-6.944131862089367e-05,0.0,0.0,0.0,0.0,0.0,0.0,1.0
1779285817.2566204,2.462078216037351,-2.567389653900569e+17,-1.5707962590587645,4.323222597235602e+18,6.944131862089336e-05,0.0,0.0,0.0,0.0,0.0,0.0,1.0
1779285817.2666862,2.4623221861920355,-2.5789709434948627e+17,-1.57079625925852,4.3396235431830216e+18,-6.94413186208938e-05,0.0,0.0,0.0,0.0,0.0,0.0,1.0
1779285817.2772539,2.461998643788557,-2.5861887314574074e+17,-1.5707962594508564,4.355811191324615e+18,6.944131862089326e-05,0.0,0.0,0.0,0.0,0.0,0.0,1.0
1779285817.2872584,2.46248580506993,-2.599900141635163e+17,-1.5707962596558325,4.3727426158271227e+18,-6.944131862089383e-05,0.0,0.0,0.0,0.0,0.0,0.0,1.0
1779285817.2976558,2.461963737622909,-2.6052931875588e+17,-1.5707962598370422,4.388304671518115e+18,6.944131862089327e-05,0.0,0.0,0.0,0.0,0.0,0.0,1.0
1779285817.3080797,2.461814454251992,-2.6139025512924867e+17,-1.570796260029944,4.4047629776888924e+18,-6.944131862089383e-05,0.0,0.0,0.0,0.0,0.0,0.0,1.0
1779285817.3183627,2.461468053104227,-2.6206449041219117e+17,-1.5707962602129715,4.4205811770361436e+18,6.944131862089327e-05,0.0,0.0,0.0,0.0,0.0,0.0,1.0
1779285817.3285108,2.4621732530294302,-2.636527872339072e+17,-1.5707962604253993,4.438484917952942e+18,-6.944131862089383e-05,0.0,0.0,0.0,0.0,0.0,0.0,1.0
1779285817.3386412,2.4622755509708436,-2.647240104599775e+17,-1.57079626061822,4.4551311225635195e+18,6.944131862089327e-05,0.0,0.0,0.0,0.0,0.0,0.0,1.0
1779285817.3490174,2.4617890975569763,-2.653003059871095e+17,-1.5707962607976556,4.4710275494032113e+18,-6.944131862089383e-05,0.0,0.0,0.0,0.0,0.0,0.0,1.0
1779285817.3592334,2.4625813024397756,-2.6699678356650618e+17,-1.570796261012446,4.489458778733087e+18,6.944131862089327e-05,0.0,0.0,0.0,0.0,0.0,0.0,1.0
1779285817.3694615,2.4619137651506264,-2.674062784913856e+17,-1.570796261182255,4.504810519782265e+18,-6.944131862089383e-05,0.0,0.0,0.0,0.0,0.0,0.0,1.0
1779285817.3795624,2.4620929747238116,-2.685533544574181e+17,-1.5707962613746052,4.5218100892558715e+18,6.944131862089327e-05,0.0,0.0,0.0,0.0,0.0,0.0,1.0
1779285817.3900573,2.4606400993198143,-2.6826875249839693e+17,-1.5707962615244022,4.5359740154298025e+18,-6.944131862089374e-05,0.0,0.0,0.0,0.0,0.0,0.0,1.0
1779285817.399879,2.463256570013339,-2.7158544133588128e+17,-1.570796261784055,4.557952927492285e+18,6.944131862089352e-05,0.0,0.0,0.0,0.0,0.0,0.0,1.0
1779285817.4102023,2.4628964057474136,-2.7230567630273894e+17,-1.5707962619635925,4.574437615902103e+18,-6.944131862089346e-05,0.0,0.0,0.0,0.0,0.0,0.0,1.0
1779285817.420487,2.462726078058696,-2.7318784915550906e+17,-1.5707962621472678,4.5913015349065037e+18,6.944131862089372e-05,0.0,0.0,0.0,0.0,0.0,0.0,1.0
1779285817.4309804,2.4626869544538206,-2.7421049734722634e+17,-1.5707962623388128,4.608931007777765e+18,-6.944131862089332e-05,0.0,0.0,0.0,0.0,0.0,0.0,1.0
1779285817.441502,2.4620706954347793,-2.747065191175615e+17,-1.5707962625130099,4.625379553153184e+18,6.944131862089383e-05,0.0,0.0,0.0,0.0,0.0,0.0,1.0
1779285817.4520307,2.4620758772145015,-2.7576640472646877e+17,-1.5707962627052914,4.643278276464556e+18,-6.944131862089323e-05,0.0,0.0,0.0,0.0,0.0,0.0,1.0
1779285817.4622307,2.4620477001792023,-2.7676432313816186e+17,-1.5707962628886178,4.66046944986889e+18,6.944131862089386e-05,0.0,0.0,0.0,0.0,0.0,0.0,1.0
1779285817.4724963,2.4618089214524894,-2.7757896459430365e+17,-1.5707962630671388,4.677432415706354e+18,-6.944131862089326e-05,0.0,0.0,0.0,0.0,0.0,0.0,1.0
1779285817.4829795,2.4621312072693464,-2.7893877517483907e+17,-1.5707962632662509,4.696158285544786e+18,6.944131862089383e-05,0.0,0.0,0.0,0.0,0.0,0.0,1.0
1779285817.493221,2.4618361337114028,-2.7970760981400928e+17,-1.5707962634416628,4.713079803804421e+18,-6.944131862089327e-05,0.0,0.0,0.0,0.0,0.0,0.0,1.0
1779285817.503659,2.4619857338327313,-2.8091230979739664e+17,-1.570796263633676,4.73146521664597e+18,6.944131862089383e-05,0.0,0.0,0.0,0.0,0.0,0.0,1.0
1779285817.5139005,2.4619627542587845,-2.8194164753577866e+17,-1.5707962638159791,4.749126243610437e+18,-6.944131862089327e-05,0.0,0.0,0.0,0.0,0.0,0.0,1.0
1779285817.5245616,2.4609960259826673,-2.8212186887171866e+17,-1.5707962639786486,4.765509162962106e+18,6.944131862089383e-05,0.0,0.0,0.0,0.0,0.0,0.0,1.0
1779285817.535012,2.461642308117143,-2.8379983478277587e+17,-1.570796264183795,4.785263282688384e+18,-6.944131862089327e-05,0.0,0.0,0.0,0.0,0.0,0.0,1.0
1779285817.545535,2.461784470345231,-2.8502501462467933e+17,-1.5707962643751157,4.80407643310389e+18,6.944131862089383e-05,0.0,0.0,0.0,0.0,0.0,0.0,1.0
1779285817.55587,2.4619806761189316,-2.8629218260306528e+17,-1.5707962645638869,4.822733378215449e+18,-6.944131862089327e-05,0.0,0.0,0.0,0.0,0.0,0.0,1.0
1779285817.5660455,2.4619246601876847,-2.8730568509730285e+17,-1.5707962647411178,4.840499085192632e+18,6.94413186208937e-05,0.0,0.0,0.0,0.0,0.0,0.0,1.0
1779285817.5762897,2.4618043930583857,-2.8826830050653523e+17,-1.5707962649177503,4.858355890868272e+18,-6.944131862089356e-05,0.0,0.0,0.0,0.0,0.0,0.0,1.0
1779285817.5869753,2.4610746347782806,-2.886858346022e+17,-1.5707962650850364,4.875724663752435e+18,6.944131862089344e-05,0.0,0.0,0.0,0.0,0.0,0.0,1.0
1779285817.597174,2.4619615641379387,-2.906157255254295e+17,-1.570796265288579,4.895987617276282e+18,-6.944131862089375e-05,0.0,0.0,0.0,0.0,0.0,0.0,1.0
1779285817.6076224,2.461913455610287,-2.916848474878355e+17,-1.570796265469936,4.91465103062229e+18,6.944131862089329e-05,0.0,0.0,0.0,0.0,0.0,0.0,1.0
1779285817.6179545,2.460875910553586,-2.917708149250796e+17,-1.5707962656199033,4.930743089614959e+18,-6.944131862089386e-05,0.0,0.0,0.0,0.0,0.0,0.0,1.0
1779285817.6283488,2.461912777972922,-2.9388500684554624e+17,-1.5707962658293488,4.951943991799382e+18,6.944131862089326e-05,0.0,0.0,0.0,0.0,0.0,0.0,1.0
1779285817.6389225,2.461772502514205,-2.948902915953088e+17,-1.570796266009244,4.970881250217688e+18,-6.944131862089383e-05,0.0,0.0,0.0,0.0,0.0,0.0,1.0
1779285817.6494124,2.4618501377968833,-2.960981736695307e+17,-1.570796266192112,4.990132192205541e+18,6.944131862089327e-05,0.0,0.0,0.0,0.0,0.0,0.0,1.0
1779285817.6600368,2.461502862860451,-2.9690790662134016e+17,-1.5707962663659745,5.008801410176143e+18,-6.944131862089383e-05,0.0,0.0,0.0,0.0,0.0,0.0,1.0
1779285817.6704967,2.461711763541809,-2.982521995276962e+17,-1.5707962665516697,5.028535609942792e+18,6.944131862089327e-05,0.0,0.0,0.0,0.0,0.0,0.0,1.0
1779285817.681155,2.4611378983532233,-2.9883139906720806e+17,-1.5707962667169248,5.046654872120886e+18,-6.944131862089383e-05,0.0,0.0,0.0,0.0,0.0,0.0,1.0
1779285817.6914358,2.4623373318393944,-3.011582862512838e+17,-1.5707962669256508,5.068575088271565e+18,6.944131862089327e-05,0.0,0.0,0.0,0.0,0.0,0.0,1.0
1779285817.7020452,2.461910918458136,-3.0191142452734726e+17,-1.5707962670950768,5.087321031245656e+18,-6.944131862089383e-05,0.0,0.0,0.0,0.0,0.0,0.0,1.0
1779285817.7119417,2.463019674932944,-3.041396916200805e+17,-1.570796267293016,5.108422124773146e+18,6.944131862089327e-05,0.0,0.0,0.0,0.0,0.0,0.0,1.0
1779285817.7223854,2.461836643165573,-3.0411992403193114e+17,-1.5707962674374425,5.125099978265303e+18,-6.944131862089383e-05,0.0,0.0,0.0,0.0,0.0,0.0,1.0
1779285817.7322276,2.463259627173966,-3.0667491664846074e+17,-1.5707962676418366,5.147018114685897e+18,6.944131862089332e-05,0.0,0.0,0.0,0.0,0.0,0.0,1.0
1779285817.7426336,2.462308806422146,-3.0689007607297395e+17,-1.5707962677909626,5.164307006510667e+18,-6.944131862089361e-05,0.0,0.0,0.0,0.0,0.0,0.0,1.0
1779285817.7531853,2.4619772112268605,-3.077386788641059e+17,-1.5707962679594212,5.183511798318376e+18,6.944131862089361e-05,0.0,0.0,0.0,0.0,0.0,0.0,1.0
1779285817.7635722,2.462689620032668,-3.0964575633073414e+17,-1.5707962681527252,5.205045863619582e+18,-6.94413186208934e-05,0.0,0.0,0.0,0.0,0.0,0.0,1.0
1779285817.7740586,2.4622451792963305,-3.1037959069810925e+17,-1.5707962683150571,5.223880722305329e+18,6.944131862089378e-05,0.0,0.0,0.0,0.0,0.0,0.0,1.0
1779285817.7844632,2.46172922962229,-3.110294115316722e+17,-1.570796268474747,5.242568701938661e+18,-6.944131862089327e-05,0.0,0.0,0.0,0.0,0.0,0.0,1.0
1779285817.7950172,2.461709564470584,-3.122017740922909e+17,-1.5707962686493435,5.262803296160251e+18,6.944131862089387e-05,0.0,0.0,0.0,0.0,0.0,0.0,1.0
1779285817.8057494,2.4614155923555714,-3.1310438637673005e+17,-1.5707962688182364,5.282673194428439e+18,-6.944131862089325e-05,0.0,0.0,0.0,0.0,0.0,0.0,1.0
1779285817.8161778,2.4617352490387354,-3.146285616425006e+17,-1.570796268999093,5.303705276750717e+18,6.944131862089384e-05,0.0,0.0,0.0,0.0,0.0,0.0,1.0
1779285817.8266435,2.4619489948403888,-3.1605903978011456e+17,-1.5707962691772601,5.324632513193383e+18,-6.944131862089326e-05,0.0,0.0,0.0,0.0,0.0,0.0,1.0
1779285817.8370016,2.4620847097049716,-3.173997073749557e+17,-1.5707962693499702,5.345100389040119e+18,6.944131862089383e-05,0.0,0.0,0.0,0.0,0.0,0.0,1.0
1779285817.8476768,2.461310175536703,-3.17818253347195e+17,-1.570796269504583,5.36409341016853e+18,-6.944131862089327e-05,0.0,0.0,0.0,0.0,0.0,0.0,1.0
1779285817.857955,2.462518641567939,-3.2030176450252666e+17,-1.5707962697043014,5.38743269199889e+18,6.944131862089383e-05,0.0,0.0,0.0,0.0,0.0,0.0,1.0
1779285817.8680825,2.462478205835864,-3.214613189081298e+17,-1.570796269867589,5.407287925995019e+18,-6.944131862089327e-05,0.0,0.0,0.0,0.0,0.0,0.0,1.0
1779285817.878266,2.4627208315807776,-3.229325429900225e+17,-1.5707962700385907,5.428044468219551e+18,6.944131862089383e-05,0.0,0.0,0.0,0.0,0.0,0.0,1.0
1779285817.8884451,2.4623791425506747,-3.237792937261867e+17,-1.5707962701937108,5.447345237149927e+18,-6.944131862089327e-05,0.0,0.0,0.0,0.0,0.0,0.0,1.0
1779285817.8988826,2.4624493138812498,-3.250999234597016e+17,-1.5707962703641372,5.468413425002395e+18,6.944131862089383e-05,0.0,0.0,0.0,0.0,0.0,0.0,1.0
1779285817.9090157,2.4621721243752663,-3.260104194800414e+17,-1.5707962705193463,5.487934340483278e+18,-6.944131862089337e-05,0.0,0.0,0.0,0.0,0.0,0.0,1.0
1779285817.9192863,2.462524175215785,-3.2762274828263834e+17,-1.5707962706929697,5.509501433750034e+18,6.944131862089359e-05,0.0,0.0,0.0,0.0,0.0,0.0,1.0
1779285817.9298515,2.4618705051929073,-3.281755865120302e+17,-1.5707962708449716,5.529115291925393e+18,-6.944131862089364e-05,0.0,0.0,0.0,0.0,0.0,0.0,1.0
1779285817.9399347,2.46205928930837,-3.2958945324848096e+17,-1.5707962710098808,5.549954143189083e+18,6.944131862089337e-05,0.0,0.0,0.0,0.0,0.0,0.0,1.0
1779285817.950737,2.4611464386843354,-3.2987759674619066e+17,-1.5707962711587533,5.569579377273562e+18,-6.94413186208938e-05,0.0,0.0,0.0,0.0,0.0,0.0,1.0
1779285817.9610648,2.4625455983961624,-3.3266493227748474e+17,-1.5707962713586108,5.594432667280851e+18,6.944131862089326e-05,0.0,0.0,0.0,0.0,0.0,0.0,1.0
1779285817.9715304,2.4614669456715594,-3.3273982268807763e+17,-1.5707962714956607,5.612893795485747e+18,-6.944131862089383e-05,0.0,0.0,0.0,0.0,0.0,0.0,1.0
1779285817.9817178,2.462724944630551,-3.353838279101928e+17,-1.5707962716884887,5.637262252933709e+18,6.944131862089327e-05,0.0,0.0,0.0,0.0,0.0,0.0,1.0
1779285817.9918756,2.4627125106936503,-3.366334839429569e+17,-1.5707962718476414,5.658197951636363e+18,-6.944131862089383e-05,0.0,0.0,0.0,0.0,0.0,0.0,1.0
1779285818.0021787,2.4622269196513606,-3.3736719940115936e+17,-1.5707962719966473,5.678229546291785e+18,6.944131862089327e-05,0.0,0.0,0.0,0.0,0.0,0.0,1.0
1779285818.0123568,2.4625100394903767,-3.389478186289672e+17,-1.5707962721626105,5.700150146904011e+18,-6.944131862089383e-05,0.0,0.0,0.0,0.0,0.0,0.0,1.0
1779285818.0227659,2.4628170708874535,-3.4059701878291456e+17,-1.5707962723328717,5.722788834308306e+18,6.944131862089327e-05,0.0,0.0,0.0,0.0,0.0,0.0,1.0
1779285818.033385,2.4618611723463975,-3.4084093852419494e+17,-1.5707962724742972,5.742504596235042e+18,-6.944131862089383e-05,0.0,0.0,0.0,0.0,0.0,0.0,1.0
1779285818.0434926,2.4620853391110846,-3.423518985947883e+17,-1.5707962726359612,5.764312309304457e+18,6.944131862089327e-05,0.0,0.0,0.0,0.0,0.0,0.0,1.0
1779285818.0537689,2.4622477502883267,-3.438141198039013e+17,-1.5707962727973035,5.786265716599057e+18,-6.944131862089383e-05,0.0,0.0,0.0,0.0,0.0,0.0,1.0
1779285818.0641053,2.4627279601652763,-3.45666831420637e+17,-1.57079627296805,5.809460130623777e+18,6.944131862089327e-05,0.0,0.0,0.0,0.0,0.0,0.0,1.0
1779285818.0745976,2.462098834894118,-3.4627331802802656e+17,-1.5707962731136902,5.83006231228235e+18,-6.944131862089379e-05,0.0,0.0,0.0,0.0,0.0,0.0,1.0
1779285818.0850098,2.4622794907799594,-3.4779878441099386e+17,-1.5707962732776306,5.852811965669409e+18,6.944131862089344e-05,0.0,0.0,0.0,0.0,0.0,0.0,1.0
1779285818.095304,2.461709344354588,-3.484359017270429e+17,-1.5707962734195249,5.873107286202878e+18,-6.944131862089353e-05,0.0,0.0,0.0,0.0,0.0,0.0,1.0
1779285818.1055386,2.462657438161415,-3.508496983284345e+17,-1.5707962735995482,5.897919301004935e+18,6.944131862089367e-05,0.0,0.0,0.0,0.0,0.0,0.0,1.0
1779285818.1159885,2.462722183176855,-3.5227969685061056e+17,-1.5707962737603227,5.920766174267444e+18,-6.944131862089336e-05,0.0,0.0,0.0,0.0,0.0,0.0,1.0
1779285818.1263075,2.4624685704157345,-3.533214639388119e+17,-1.5707962739104044,5.942442574605636e+18,6.94413186208938e-05,0.0,0.0,0.0,0.0,0.0,0.0,1.0
1779285818.1367147,2.4612625781591357,-3.532388607062113e+17,-1.5707962740379426,5.961634823583323e+18,-6.944131862089326e-05,0.0,0.0,0.0,0.0,0.0,0.0,1.0
1779285818.1469605,2.4626012948072034,-3.561382042871862e+17,-1.5707962742248582,5.987851491335507e+18,6.944131862089383e-05,0.0,0.0,0.0,0.0,0.0,0.0,1.0
1779285818.1574194,2.462383631566624,-3.572519369380836e+17,-1.5707962743770139,6.010238452906227e+18,-6.944131862089327e-05,0.0,0.0,0.0,0.0,0.0,0.0,1.0
1779285818.167824,2.462246398019592,-3.5845112841234797e+17,-1.570796274529485,6.032761249426738e+18,6.944131862089383e-05,0.0,0.0,0.0,0.0,0.0,0.0,1.0
1779285818.1781185,2.4613308580111584,-3.5869929430557766e+17,-1.5707962746608228,6.05281899916587e+18,-6.944131862089327e-05,0.0,0.0,0.0,0.0,0.0,0.0,1.0
1779285818.1881862,2.4619736034038606,-3.6078026139275296e+17,-1.5707962748256,6.076915775002051e+18,6.944131862089383e-05,0.0,0.0,0.0,0.0,0.0,0.0,1.0
1779285818.1987965,2.462345743172409,-3.626305556978443e+17,-1.5707962749927142,6.101732462359772e+18,-6.944131862089327e-05,0.0,0.0,0.0,0.0,0.0,0.0,1.0
1779285818.2092066,2.4615254842971495,-3.630183412601793e+17,-1.5707962751271924,6.122598813256579e+18,6.944131862089383e-05,0.0,0.0,0.0,0.0,0.0,0.0,1.0
1779285818.2192569,2.462414981320685,-3.6543164031625075e+17,-1.5707962752964095,6.14769784072412e+18,-6.944131862089327e-05,0.0,0.0,0.0,0.0,0.0,0.0,1.0
1779285818.2294452,2.4627218754635236,-3.6718117165804186e+17,-1.570796275453651,6.171552437833685e+18,6.944131862089383e-05,0.0,0.0,0.0,0.0,0.0,0.0,1.0
1779285818.2399278,2.4616976175773932,-3.673412085474045e+17,-1.5707962755834517,6.192257429167395e+18,-6.944131862089327e-05,0.0,0.0,0.0,0.0,0.0,0.0,1.0
1779285818.2499523,2.462726865532274,-3.6995489148936954e+17,-1.570796275754195,6.21800910711464e+18,6.944131862089374e-05,0.0,0.0,0.0,0.0,0.0,0.0,1.0
1779285818.2605693,2.462101629309673,-3.7062989539849485e+17,-1.5707962758949843,6.240428718271517e+18,-6.944131862089352e-05,0.0,0.0,0.0,0.0,0.0,0.0,1.0
1779285818.2706687,2.4624430393118812,-3.7242558940327386e+17,-1.5707962760496614,6.264489812280358e+18,6.944131862089346e-05,0.0,0.0,0.0,0.0,0.0,0.0,1.0
1779285818.2809794,2.4623370099965816,-3.737054560344172e+17,-1.5707962761968624,6.287848364443625e+18,-6.944131862089372e-05,0.0,0.0,0.0,0.0,0.0,0.0,1.0
1779285818.2911468,2.4623065868085496,-3.750618151737334e+17,-1.5707962763430303,6.311138831772946e+18,6.944131862089332e-05,0.0,0.0,0.0,0.0,0.0,0.0,1.0
1779285818.301615,2.4625035986482633,-3.76749444373915e+17,-1.5707962764989993,6.336001047146838e+18,-6.944131862089383e-05,0.0,0.0,0.0,0.0,0.0,0.0,1.0
1779285818.3124802,2.4601063621101105,-3.752174823599538e+17,-1.570796276600058,6.353995219063724e+18,6.944131862089323e-05,0.0,0.0,0.0,0.0,0.0,0.0,1.0
1779285818.322264,2.462440289724159,-3.794821998039849e+17,-1.5707962767937835,6.383754209682115e+18,-6.944131862089386e-05,0.0,0.0,0.0,0.0,0.0,0.0,1.0
1779285818.3323934,2.4624857740984956,-3.809584990429891e+17,-1.570796276939533,6.407546753440058e+18,6.944131862089326e-05,0.0,0.0,0.0,0.0,0.0,0.0,1.0
1779285818.343021,2.4611883033955118,-3.8078898096171226e+17,-1.5707962770616513,6.428563345006388e+18,-6.944131862089383e-05,0.0,0.0,0.0,0.0,0.0,0.0,1.0
1779285818.3530269,2.4623386799979925,-3.8364338597787494e+17,-1.5707962772300128,6.455601567236798e+18,6.944131862089327e-05,0.0,0.0,0.0,0.0,0.0,0.0,1.0
1779285818.3631911,2.462509393961326,-3.8529970713007763e+17,-1.570796277377947,6.480142125396914e+18,-6.944131862089383e-05,0.0,0.0,0.0,0.0,0.0,0.0,1.0
1779285818.3735542,2.4623919012598874,-3.86620443467788e+17,-1.570796277522022,6.504410645347757e+18,6.944131862089327e-05,0.0,0.0,0.0,0.0,0.0,0.0,1.0
1779285818.3835268,2.4629689350075283,-3.88789893384851e+17,-1.5707962776754258,6.529911586135937e+18,-6.944131862089383e-05,0.0,0.0,0.0,0.0,0.0,0.0,1.0
1779285818.3938985,2.4621754615615403,-3.8924918822149184e+17,-1.5707962778033406,6.552247378490345e+18,6.944131862089327e-05,0.0,0.0,0.0,0.0,0.0,0.0,1.0
1779285818.4039075,2.4627550369565245,-3.914337152888414e+17,-1.570796277956457,6.578030619079521e+18,-6.944131862089383e-05,0.0,0.0,0.0,0.0,0.0,0.0,1.0
1779285818.4142454,2.462947271163872,-3.931791478752875e+17,-1.5707962781055134,6.603585979352819e+18,6.944131862089327e-05,0.0,0.0,0.0,0.0,0.0,0.0,1.0
1779285818.4245582,2.4626869517521746,-3.943352520548261e+17,-1.5707962782435754,6.627736290106806e+18,-6.94413186208937e-05,0.0,0.0,0.0,0.0,0.0,0.0,1.0
1779285818.435068,2.462574231009137,-3.957106910475728e+17,-1.5707962783876586,6.652988917533946e+18,6.944131862089356e-05,0.0,0.0,0.0,0.0,0.0,0.0,1.0
1779285818.4456131,2.4607632218963196,-3.9482338213802445e+17,-1.5707962784922838,6.672707082038297e+18,-6.944131862089344e-05,0.0,0.0,0.0,0.0,0.0,0.0,1.0
1779285818.4556818,2.4624736675184278,-3.9853205395898355e+17,-1.570796278670421,6.702926134672226e+18,6.944131862089375e-05,0.0,0.0,0.0,0.0,0.0,0.0,1.0
1779285818.4659677,2.462540205223518,-4.001290500171358e+17,-1.5707962788138012,6.728415749243169e+18,-6.944131862089329e-05,0.0,0.0,0.0,0.0,0.0,0.0,1.0
1779285818.476265,2.4623699024622487,-4.0141615548615136e+17,-1.5707962789516308,6.75325530832498e+18,6.944131862089386e-05,0.0,0.0,0.0,0.0,0.0,0.0,1.0
1779285818.486732,2.4622041948795386,-4.0273340452271334e+17,-1.5707962790917813,6.778673805039842e+18,-6.944131862089326e-05,0.0,0.0,0.0,0.0,0.0,0.0,1.0
1779285818.4969275,2.4624731195268565,-4.046005230362481e+17,-1.5707962792369978,6.804851548394741e+18,6.944131862089383e-05,0.0,0.0,0.0,0.0,0.0,0.0,1.0
1779285818.5076675,2.4615416687152223,-4.0493012312549894e+17,-1.570796279363648,6.828716115957725e+18,-6.944131862089327e-05,0.0,0.0,0.0,0.0,0.0,0.0,1.0
1779285818.5176992,2.4621770391671585,-4.072685337793265e+17,-1.5707962795134716,6.855799775459632e+18,6.944131862089383e-05,0.0,0.0,0.0,0.0,0.0,0.0,1.0
1779285818.5280726,2.4623698476263742,-4.090804355421374e+17,-1.570796279658535,6.882535829947203e+18,-6.944131862089327e-05,0.0,0.0,0.0,0.0,0.0,0.0,1.0
1779285818.538532,2.4618014602902014,-4.098703447332305e+17,-1.5707962797877317,6.907067501402239e+18,6.944131862089383e-05,0.0,0.0,0.0,0.0,0.0,0.0,1.0
1779285818.5488763,2.4617663741108062,-4.1136519346692486e+17,-1.570796279926385,6.933118349063283e+18,-6.944131862089327e-05,0.0,0.0,0.0,0.0,0.0,0.0,1.0
1779285818.5589545,2.462163428484542,-4.1342536961789203e+17,-1.5707962800700677,6.95996038246449e+18,6.944131862089383e-05,0.0,0.0,0.0,0.0,0.0,0.0,1.0
1779285818.56949,2.4621430886928244,-4.1499465821777306e+17,-1.5707962802113578,6.986861341000869e+18,-6.944131862089327e-05,0.0,0.0,0.0,0.0,0.0,0.0,1.0
1779285818.5798016,2.462368742672701,-4.1687983882245754e+17,-1.5707962803541973,7.014049750932898e+18,6.944131862089383e-05,0.0,0.0,0.0,0.0,0.0,0.0,1.0
1779285818.5902638,2.461743856941412,-4.176080661119052e+17,-1.5707962804803777,7.038863253694932e+18,-6.944131862089332e-05,0.0,0.0,0.0,0.0,0.0,0.0,1.0
1779285818.6006002,2.4620514550364785,-4.1961288335674765e+17,-1.5707962806243732,7.066567583747867e+18,6.944131862089361e-05,0.0,0.0,0.0,0.0,0.0,0.0,1.0
1779285818.6109047,2.462027126871087,-4.211624427423038e+17,-1.570796280760394,7.093161402700111e+18,-6.944131862089361e-05,0.0,0.0,0.0,0.0,0.0,0.0,1.0
1779285818.6211245,2.46203944670498,-4.227564605416461e+17,-1.5707962808955782,7.119736446396038e+18,6.94413186208934e-05,0.0,0.0,0.0,0.0,0.0,0.0,1.0
1779285818.631351,2.4622075364077176,-4.245790575773914e+17,-1.5707962810337808,7.146965149249111e+18,-6.944131862089378e-05,0.0,0.0,0.0,0.0,0.0,0.0,1.0
1779285818.6419213,2.4617100866363666,-4.2551634728383194e+17,-1.5707962811625644,7.173024110361833e+18,6.944131862089327e-05,0.0,0.0,0.0,0.0,0.0,0.0,1.0
1779285818.6520596,2.4620476937429316,-4.2757306399051117e+17,-1.570796281302289,7.200781179452005e+18,-6.944131862089387e-05,0.0,0.0,0.0,0.0,0.0,0.0,1.0
1779285818.6626248,2.461735567507662,-4.287792912239568e+17,-1.5707962814341627,7.227661060309095e+18,6.944131862089325e-05,0.0,0.0,0.0,0.0,0.0,0.0,1.0
1779285818.6731355,2.461155924733453,-4.2958603205209805e+17,-1.570796281559137,7.253517116233373e+18,-6.944131862089384e-05,0.0,0.0,0.0,0.0,0.0,0.0,1.0
1779285818.6835258,2.4615863922613963,-4.318250750975925e+17,-1.5707962817032228,7.282645229889278e+18,6.944131862089326e-05,0.0,0.0,0.0,0.0,0.0,0.0,1.0
1779285818.6941464,2.4612722271077545,-4.3304198575075904e+17,-1.5707962818347554,7.309986871767785e+18,-6.944131862089383e-05,0.0,0.0,0.0,0.0,0.0,0.0,1.0
1779285818.7043636,2.4619481139895614,-4.3563845906893734e+17,-1.5707962819806827,7.339701287677389e+18,6.944131862089327e-05,0.0,0.0,0.0,0.0,0.0,0.0,1.0
1779285818.714954,2.4611471505138023,-4.361599699923447e+17,-1.5707962821008412,7.365429734126439e+18,-6.944131862089383e-05,0.0,0.0,0.0,0.0,0.0,0.0,1.0
1779285818.7252102,2.4614150935194727,-4.381780996758024e+17,-1.5707962822378803,7.393998588168835e+18,6.944131862089327e-05,0.0,0.0,0.0,0.0,0.0,0.0,1.0
1779285818.7353573,2.461733587248527,-4.402729891317389e+17,-1.5707962823741983,7.422570924059727e+18,-6.944131862089383e-05,0.0,0.0,0.0,0.0,0.0,0.0,1.0
1779285818.7457564,2.4619800704993327,-4.423190466477938e+17,-1.5707962825122654,7.451779135514571e+18,6.944131862089327e-05,0.0,0.0,0.0,0.0,0.0,0.0,1.0
1779285818.7559216,2.462320394499342,-4.4448344889642464e+17,-1.5707962826485868,7.480738190640293e+18,-6.944131862089383e-05,0.0,0.0,0.0,0.0,0.0,0.0,1.0
1779285818.7660265,2.462318379742338,-4.4614337045052915e+17,-1.5707962827766278,7.50838581162711e+18,6.944131862089337e-05,0.0,0.0,0.0,0.0,0.0,0.0,1.0
1779285818.7760866,2.462663446458633,-4.483187385716899e+17,-1.5707962829106343,7.537231599646589e+18,-6.944131862089359e-05,0.0,0.0,0.0,0.0,0.0,0.0,1.0
1779285818.7863765,2.4622430681129086,-4.493964572616264e+17,-1.5707962830319828,7.564132735385087e+18,6.944131862089364e-05,0.0,0.0,0.0,0.0,0.0,0.0,1.0
1779285818.796682,2.4623286222026075,-4.512289405331414e+17,-1.5707962831634092,7.593008700834422e+18,-6.944131862089337e-05,0.0,0.0,0.0,0.0,0.0,0.0,1.0
1779285818.8069382,2.4623117386251097,-4.529076679603949e+17,-1.5707962832917655,7.621481791099884e+18,6.94413186208938e-05,0.0,0.0,0.0,0.0,0.0,0.0,1.0
1779285818.8171902,2.4624227827679572,-4.547833563010364e+17,-1.570796283422127,7.650486289429775e+18,-6.944131862089326e-05,0.0,0.0,0.0,0.0,0.0,0.0,1.0
1779285818.8275917,2.4620010699808796,-4.558798387414567e+17,-1.5707962835435387,7.678116363889013e+18,6.944131862089383e-05,0.0,0.0,0.0,0.0,0.0,0.0,1.0
1779285818.8379865,2.462055016104505,-4.5769480436543917e+17,-1.5707962836740592,7.70758566957359e+18,-6.944131862089327e-05,0.0,0.0,0.0,0.0,0.0,0.0,1.0
1779285818.8483596,2.4618639568099514,-4.5913764991020685e+17,-1.5707962837989071,7.736163774344124e+18,6.944131862089383e-05,0.0,0.0,0.0,0.0,0.0,0.0,1.0
1779285818.8586328,2.462002873844527,-4.610734964416962e+17,-1.5707962839285923,7.765758779359929e+18,-6.944131862089327e-05,0.0,0.0,0.0,0.0,0.0,0.0,1.0
1779285818.869072,2.462247958548756,-4.632155709904261e+17,-1.5707962840624583,7.796436656834142e+18,6.944131862089383e-05,0.0,0.0,0.0,0.0,0.0,0.0,1.0
1779285818.8792572,2.462333378943438,-4.6507660828574464e+17,-1.5707962841887189,7.825688890611204e+18,-6.944131862089327e-05,0.0,0.0,0.0,0.0,0.0,0.0,1.0
1779285818.8893824,2.462398539921265,-4.669173391991439e+17,-1.5707962843144552,7.855031423529045e+18,6.944131862089383e-05,0.0,0.0,0.0,0.0,0.0,0.0,1.0
1779285818.8997269,2.462031559716028,-4.681181509260273e+17,-1.5707962844337728,7.883425426800936e+18,-6.944131862089327e-05,0.0,0.0,0.0,0.0,0.0,0.0,1.0
1779285818.9099896,2.462360709481551,-4.7039321308831706e+17,-1.5707962845653176,7.914305078527763e+18,6.944131862089383e-05,0.0,0.0,0.0,0.0,0.0,0.0,1.0
1779285818.9206848,2.4619279215831766,-4.7155747716108154e+17,-1.5707962846875019,7.943824012249808e+18,-6.944131862089327e-05,0.0,0.0,0.0,0.0,0.0,0.0,1.0
1779285818.931305,2.461469417312638,-4.7265772177652314e+17,-1.5707962848077084,7.973074259671357e+18,6.944131862089379e-05,0.0,0.0,0.0,0.0,0.0,0.0,1.0
1779285818.9415429,2.4617251654048955,-4.748215729543917e+17,-1.5707962849363002,8.003916329167515e+18,-6.944131862089344e-05,0.0,0.0,0.0,0.0,0.0,0.0,1.0
1779285818.9515839,2.4620877709383184,-4.7714114654482234e+17,-1.5707962850639698,8.034651287034936e+18,6.944131862089353e-05,0.0,0.0,0.0,0.0,0.0,0.0,1.0
1779285818.961809,2.461612496695316,-4.781671214706651e+17,-1.5707962851774375,8.062841891931711e+18,-6.944131862089367e-05,0.0,0.0,0.0,0.0,0.0,0.0,1.0
1779285818.972294,2.462119412475886,-4.8080817641286694e+17,-1.5707962853131359,8.095845998750193e+18,6.944131862089336e-05,0.0,0.0,0.0,0.0,0.0,0.0,1.0
1779285818.982981,2.4614026531853628,-4.8153632677015744e+17,-1.5707962854276736,8.124898844392463e+18,-6.94413186208938e-05,0.0,0.0,0.0,0.0,0.0,0.0,1.0
1779285818.9932964,2.461776875687553,-4.83948197768341e+17,-1.5707962855577076,8.157044045750834e+18,6.944131862089326e-05,0.0,0.0,0.0,0.0,0.0,0.0,1.0
1779285819.0036042,2.462086639867316,-4.8627900686223475e+17,-1.5707962856861635,8.189077430187564e+18,-6.944131862089383e-05,0.0,0.0,0.0,0.0,0.0,0.0,1.0
1779285819.0141342,2.4606156347106194,-4.857529306126668e+17,-1.570796285782979,8.214877378905032e+18,6.944131862089327e-05,0.0,0.0,0.0,0.0,0.0,0.0,1.0
1779285819.0239966,2.462292014093663,-4.902267619366644e+17,-1.570796285930744,8.25101884090093e+18,-6.944131862089383e-05,0.0,0.0,0.0,0.0,0.0,0.0,1.0
1779285819.0345504,2.462242491074428,-4.920567149762753e+17,-1.5707962860545959,8.282852632710192e+18,6.944131862089327e-05,0.0,0.0,0.0,0.0,0.0,0.0,1.0
1779285819.0452137,2.4616163580166606,-4.929554967825256e+17,-1.5707962861685436,8.312851742586181e+18,-6.944131862089383e-05,0.0,0.0,0.0,0.0,0.0,0.0,1.0
1779285819.0554495,2.4618538931397786,-4.951924331762491e+17,-1.5707962862927736,8.344935976803327e+18,6.944131862089327e-05,0.0,0.0,0.0,0.0,0.0,0.0,1.0
1779285819.066017,2.4609733848172315,-4.9564125858914394e+17,-1.5707962863999012,8.373760530394321e+18,-6.944131862089383e-05,0.0,0.0,0.0,0.0,0.0,0.0,1.0
1779285819.076236,2.46192970958134,-4.990740355582977e+17,-1.5707962865367135,8.408932754903409e+18,6.944131862089327e-05,0.0,0.0,0.0,0.0,0.0,0.0,1.0
1779285819.0863116,2.4621676562914763,-5.0132318359687123e+17,-1.570796286657835,8.440848167920105e+18,-6.944131862089383e-05,0.0,0.0,0.0,0.0,0.0,0.0,1.0
1779285819.096905,2.461654704075388,-5.024150092505835e+17,-1.5707962867713086,8.471622804808776e+18,6.944131862089327e-05,0.0,0.0,0.0,0.0,0.0,0.0,1.0
1779285819.1074562,2.461392886369738,-5.039093702599656e+17,-1.570796286888548,8.503374542128108e+18,-6.944131862089374e-05,0.0,0.0,0.0,0.0,0.0,0.0,1.0
1779285819.117389,2.462286535707881,-5.072524709583487e+17,-1.5707962870189098,8.53783070581818e+18,6.944131862089352e-05,0.0,0.0,0.0,0.0,0.0,0.0,1.0
1779285819.12767,2.4622436851326492,-5.091067584128e+17,-1.5707962871361383,8.569819763748632e+18,-6.944131862089346e-05,0.0,0.0,0.0,0.0,0.0,0.0,1.0
1779285819.138312,2.460063909587602,-5.073693535329903e+17,-1.5707962872179928,8.594260730154426e+18,6.944131862089372e-05,0.0,0.0,0.0,0.0,0.0,0.0,1.0
1779285819.1485457,2.461349307253815,-5.1142644412658797e+17,-1.570796287358198,8.631731158159163e+18,-6.944131862089332e-05,0.0,0.0,0.0,0.0,0.0,0.0,1.0
1779285819.158819,2.4623290802495226,-5.150337248673526e+17,-1.5707962874930312,8.668294547904212e+18,6.944131862089383e-05,0.0,0.0,0.0,0.0,0.0,0.0,1.0
1779285819.1689644,2.4626218726886697,-5.17478603936676e+17,-1.5707962876133732,8.701710806636607e+18,-6.944131862089323e-05,0.0,0.0,0.0,0.0,0.0,0.0,1.0
1779285819.1790934,2.4625094243922065,-5.192311088100969e+17,-1.5707962877257062,8.733473391223109e+18,6.944131862089386e-05,0.0,0.0,0.0,0.0,0.0,0.0,1.0
1779285819.1895967,2.4617528748789947,-5.199232695501253e+17,-1.5707962878303408,8.763858912176356e+18,-6.944131862089326e-05,0.0,0.0,0.0,0.0,0.0,0.0,1.0
1779285819.1996953,2.4625757393242544,-5.232901646703852e+17,-1.5707962879589734,8.799807629468831e+18,6.944131862089383e-05,0.0,0.0,0.0,0.0,0.0,0.0,1.0
1779285819.2102463,2.462261359941174,-5.247812350591934e+17,-1.5707962880720565,8.832621633988975e+18,-6.944131862089327e-05,0.0,0.0,0.0,0.0,0.0,0.0,1.0
1779285819.2205422,2.4622910123364443,-5.268216482613122e+17,-1.5707962881876858,8.866057262579631e+18,6.944131862089383e-05,0.0,0.0,0.0,0.0,0.0,0.0,1.0
1779285819.2310617,2.4617850290510037,-5.2796425143624557e+17,-1.5707962882962083,8.898151900741751e+18,-6.944131862089327e-05,0.0,0.0,0.0,0.0,0.0,0.0,1.0
1779285819.2415514,2.4610630708428087,-5.286989941483118e+17,-1.5707962883999327,8.92923692815305e+18,6.944131862089383e-05,0.0,0.0,0.0,0.0,0.0,0.0,1.0
1779285819.2517216,2.462311114230626,-5.3287031517317203e+17,-1.5707962885348001,8.967838742434369e+18,-6.944131862089327e-05,0.0,0.0,0.0,0.0,0.0,0.0,1.0
1779285819.2621593,2.4621292216807005,-5.345973710262892e+17,-1.5707962886471936,9.001422179874952e+18,6.944131862089383e-05,0.0,0.0,0.0,0.0,0.0,0.0,1.0
1779285819.2726924,2.462076981084518,-5.365739474283447e+17,-1.5707962887627092,9.036040646673999e+18,-6.944131862089327e-05,0.0,0.0,0.0,0.0,0.0,0.0,1.0
1779285819.2832816,2.4617347513768317,-5.380435764559831e+17,-1.570796288873459,9.06973320598513e+18,6.94413186208937e-05,0.0,0.0,0.0,0.0,0.0,0.0,1.0
1779285819.2941048,2.461270539822625,-5.39326202368411e+17,-1.5707962889843607,9.103810040746307e+18,-6.944131862089356e-05,0.0,0.0,0.0,0.0,0.0,0.0,1.0
1779285819.3045375,2.4618312238867395,-5.423909805964508e+17,-1.5707962891083909,9.141125669237948e+18,6.944131862089344e-05,0.0,0.0,0.0,0.0,0.0,0.0,1.0
1779285819.3148134,2.4616118525356887,-5.440354932517468e+17,-1.570796289216409,9.174535168721767e+18,-6.944131862089375e-05,0.0,0.0,0.0,0.0,0.0,0.0,1.0
1779285819.325109,2.4616563673866665,-5.461635097371903e+17,-1.5707962893288832,9.20928410304012e+18,6.944131862089329e-05,0.0,0.0,0.0,0.0,0.0,0.0,1.0
1779285819.3354056,2.4622350444755856,-5.4928801965605997e+17,-1.5707962894505672,9.246624024541831e+18,-6.944131862089386e-05,0.0,0.0,0.0,0.0,0.0,0.0,1.0
1779285819.3459263,2.461652581576367,-5.503461427425238e+17,-1.5707962895544119,9.27976966625643e+18,6.944131862089326e-05,0.0,0.0,0.0,0.0,0.0,0.0,1.0
1779285819.356635,2.4607349877341793,-5.507986591566589e+17,-1.5707962896543057,9.312198999896558e+18,-6.944131862089383e-05,0.0,0.0,0.0,0.0,0.0,0.0,1.0
1779285819.3665574,2.4618590551975212,-5.5486214464817926e+17,-1.5707962897796308,9.350887373850444e+18,6.944131862089327e-05,0.0,0.0,0.0,0.0,0.0,0.0,1.0
1779285819.3770647,2.4617936294492453,-5.568840188593334e+17,-1.5707962898913364,9.386695394552195e+18,-6.944131862089383e-05,0.0,0.0,0.0,0.0,0.0,0.0,1.0
1779285819.3873312,2.461542365270491,-5.585120349051984e+17,-1.5707962899965224,9.420817922021036e+18,6.944131862089327e-05,0.0,0.0,0.0,0.0,0.0,0.0,1.0
1779285819.397318,2.462176780126714,-5.6174607282126906e+17,-1.5707962901132235,9.458014282322702e+18,-6.944131862089383e-05,0.0,0.0,0.0,0.0,0.0,0.0,1.0
1779285819.4073782,2.462293350551352,-5.6405333403028685e+17,-1.570796290221707,9.493309875357518e+18,6.944131862089327e-05,0.0,0.0,0.0,0.0,0.0,0.0,1.0
1779285819.4174466,2.4625941370398143,-5.667213350227419e+17,-1.5707962903330805,9.529611015669944e+18,-6.944131862089383e-05,0.0,0.0,0.0,0.0,0.0,0.0,1.0
1779285819.428,2.462255000347942,-5.6829058910180045e+17,-1.5707962904390633,9.565029755860808e+18,6.944131862089327e-05,0.0,0.0,0.0,0.0,0.0,0.0,1.0
1779285819.4383996,2.4617027446587643,-5.6940882528616755e+17,-1.5707962905391617,9.598922360708717e+18,-6.944131862089383e-05,0.0,0.0,0.0,0.0,0.0,0.0,1.0
1779285819.4487948,2.461220229008735,-5.706411042016173e+17,-1.5707962906400401,9.633209593191873e+18,6.944131862089332e-05,0.0,0.0,0.0,0.0,0.0,0.0,1.0
1779285819.4592907,2.4615076571715058,-5.733627748403062e+17,-1.5707962907547828,9.671614773912023e+18,-6.944131862089361e-05,0.0,0.0,0.0,0.0,0.0,0.0,1.0
1779285819.4694197,2.4623851333433953,-5.77177683200168e+17,-1.5707962908749509,9.711535066842155e+18,6.944131862089361e-05,0.0,0.0,0.0,0.0,0.0,0.0,1.0
1779285819.4799557,2.4621020415743997,-5.788775318549357e+17,-1.570796290980202,9.747838249831231e+18,-6.94413186208934e-05,0.0,0.0,0.0,0.0,0.0,0.0,1.0
1779285819.4902382,2.461710530937426,-5.803034504761338e+17,-1.5707962910802131,9.782673048476824e+18,6.944131862089378e-05,0.0,0.0,0.0,0.0,0.0,0.0,1.0
1779285819.50047,2.4620064138679747,-5.830450157739948e+17,-1.5707962911904532,9.820568660020328e+18,-6.944131862089327e-05,0.0,0.0,0.0,0.0,0.0,0.0,1.0
1779285819.5105338,2.4626972799268305,-5.865556471618556e+17,-1.5707962913053708,9.85995696008575e+18,6.944131862089387e-05,0.0,0.0,0.0,0.0,0.0,0.0,1.0
1779285819.5210266,2.4615921167412864,-5.866590953709507e+17,-1.5707962913952174,9.892672377444661e+18,-6.944131862089325e-05,0.0,0.0,0.0,0.0,0.0,0.0,1.0
1779285819.5310032,2.4625620016117598,-5.907067512854433e+17,-1.5707962915129723,9.933288967012248e+18,6.944131862089384e-05,0.0,0.0,0.0,0.0,0.0,0.0,1.0
1779285819.5411146,2.462532705624323,-5.928553166797158e+17,-1.5707962916155551,9.969843918993646e+18,-6.944131862089326e-05,0.0,0.0,0.0,0.0,0.0,0.0,1.0
1779285819.5516887,2.4624826043383816,-5.950499903614355e+17,-1.5707962917219553,1.0008041392549427e+19,6.944131862089383e-05,0.0,0.0,0.0,0.0,0.0,0.0,1.0
1779285819.5621295,2.4627730166926374,-5.9792027836636e+17,-1.570796291833048,1.004783778752551e+19,-6.944131862089327e-05,0.0,0.0,0.0,0.0,0.0,0.0,1.0
1779285819.5725527,2.462138730310785,-5.989437537579523e+17,-1.570796291928098,1.0083045360341953e+19,6.944131862089383e-05,0.0,0.0,0.0,0.0,0.0,0.0,1.0
1779285819.5825775,2.462809045468415,-6.02489676589683e+17,-1.570796292039793,1.01231783433951e+19,-6.944131862089327e-05,0.0,0.0,0.0,0.0,0.0,0.0,1.0
1779285819.5934339,2.4621311873153036,-6.0353450173146e+17,-1.5707962921389698,1.0160433141093626e+19,6.944131862089383e-05,0.0,0.0,0.0,0.0,0.0,0.0,1.0
1779285819.6038933,2.4622125986588785,-6.060068533524913e+17,-1.570796292245485,1.0199827711521597e+19,-6.944131862089327e-05,0.0,0.0,0.0,0.0,0.0,0.0,1.0
1779285819.614017,2.4622811773162017,-6.083934455150935e+17,-1.5707962923476988,1.023788923091163e+19,6.944131862089383e-05,0.0,0.0,0.0,0.0,0.0,0.0,1.0
1779285819.6244023,2.4619208153839827,-6.099622845660072e+17,-1.5707962924452215,1.0274901397121538e+19,-6.944131862089337e-05,0.0,0.0,0.0,0.0,0.0,0.0,1.0
1779285819.6345344,2.46234879332166,-6.131014337565335e+17,-1.5707962925530945,1.03152172224321e+19,6.944131862089359e-05,0.0,0.0,0.0,0.0,0.0,0.0,1.0
1779285819.6447036,2.4626136664277345,-6.159359224771658e+17,-1.5707962926581043,1.0354903649957235e+19,-6.944131862089364e-05,0.0,0.0,0.0,0.0,0.0,0.0,1.0
1779285819.6547422,2.4628916947459016,-6.187900219449216e+17,-1.5707962927616177,1.0394273671225704e+19,6.944131862089337e-05,0.0,0.0,0.0,0.0,0.0,0.0,1.0
1779285819.6649268,2.462412707263095,-6.201240280888581e+17,-1.5707962928544323,1.043060055147112e+19,-6.94413186208938e-05,0.0,0.0,0.0,0.0,0.0,0.0,1.0
1779285819.67512,2.4625342367662086,-6.226924087273087e+17,-1.5707962929565145,1.047009943097817e+19,6.944131862089326e-05,0.0,0.0,0.0,0.0,0.0,0.0,1.0
1779285819.6853023,2.462290278301872,-6.245080775684844e+17,-1.5707962930524293,1.0507847312944407e+19,-6.944131862089383e-05,0.0,0.0,0.0,0.0,0.0,0.0,1.0
1779285819.6954176,2.4628065057790245,-6.278992153589245e+17,-1.5707962931592354,1.0549294462178003e+19,6.944131862089327e-05,0.0,0.0,0.0,0.0,0.0,0.0,1.0
1779285819.7056592,2.462485531086746,-6.295893322356539e+17,-1.5707962932540105,1.0587184793793448e+19,-6.944131862089383e-05,0.0,0.0,0.0,0.0,0.0,0.0,1.0
1779285819.716066,2.462938740030691,-6.329479779197229e+17,-1.5707962933625337,1.062995861525272e+19,6.944131862089327e-05,0.0,0.0,0.0,0.0,0.0,0.0,1.0
1779285819.7267573,2.4622796986584508,-6.34044363805331e+17,-1.5707962934565791,1.0668454644132202e+19,-6.944131862089383e-05,0.0,0.0,0.0,0.0,0.0,0.0,1.0
1779285819.7372591,2.4619824258434155,-6.358399478203077e+17,-1.570796293553747,1.0708042704565694e+19,6.944131862089327e-05,0.0,0.0,0.0,0.0,0.0,0.0,1.0
1779285819.7472997,2.462310369105622,-6.388637279792879e+17,-1.5707962936553295,1.0748977285809838e+19,-6.944131862089383e-05,0.0,0.0,0.0,0.0,0.0,0.0,1.0
1779285819.7576559,2.462179145986098,-6.410012894026374e+17,-1.570796293752984,1.0789102848505977e+19,6.944131862089327e-05,0.0,0.0,0.0,0.0,0.0,0.0,1.0
1779285819.7677846,2.4622999709133424,-6.43631562565355e+17,-1.5707962938517364,1.0829656436513464e+19,-6.944131862089383e-05,0.0,0.0,0.0,0.0,0.0,0.0,1.0
1779285819.7786317,2.46100549955595,-6.433778029550653e+17,-1.5707962939360534,1.0866086984232706e+19,6.944131862089327e-05,0.0,0.0,0.0,0.0,0.0,0.0,1.0
1779285819.7888863,2.462069952658833,-6.4805733282112e+17,-1.5707962940500395,1.0912451425520376e+19,-6.944131862089379e-05,0.0,0.0,0.0,0.0,0.0,0.0,1.0
1779285819.799039,2.462312440764706,-6.509949017854822e+17,-1.570796294150157,1.0954262734480865e+19,6.944131862089344e-05,0.0,0.0,0.0,0.0,0.0,0.0,1.0
1779285819.8095782,2.4619578542434835,-6.527385504374465e+17,-1.5707962942450404,1.0994828430299677e+19,-6.944131862089353e-05,0.0,0.0,0.0,0.0,0.0,0.0,1.0
1779285819.8198614,2.461974098502846,-6.552267852266547e+17,-1.570796294342512,1.1036330397641742e+19,6.944131862089367e-05,0.0,0.0,0.0,0.0,0.0,0.0,1.0
1779285819.8302774,2.4619845573378076,-6.57744394155893e+17,-1.570796294441016,1.1078564333617185e+19,-6.944131862089336e-05,0.0,0.0,0.0,0.0,0.0,0.0,1.0
1779285819.8408697,2.4605446910976894,-6.571021387644146e+17,-1.570796294519105,1.1113913673416843e+19,6.94413186208938e-05,0.0,0.0,0.0,0.0,0.0,0.0,1.0
1779285819.8511703,2.4609261663731923,-6.603574319351685e+17,-1.5707962946206757,1.115755476023694e+19,-6.944131862089326e-05,0.0,0.0,0.0,0.0,0.0,0.0,1.0
1779285819.861241,2.4621559876621055,-6.655051449660657e+17,-1.570796294733102,1.1205286076477565e+19,6.944131862089383e-05,0.0,0.0,0.0,0.0,0.0,0.0,1.0
1779285819.8716419,2.4625784076120825,-6.690048894505015e+17,-1.5707962948366125,1.1250405434779183e+19,-6.944131862089327e-05,0.0,0.0,0.0,0.0,0.0,0.0,1.0
1779285819.8818486,2.4624711042077525,-6.712973061577198e+17,-1.5707962949298566,1.1291897156582902e+19,6.944131862089383e-05,0.0,0.0,0.0,0.0,0.0,0.0,1.0
1779285819.8921194,2.462581489751515,-6.740963395826755e+17,-1.570796295026731,1.133503503839604e+19,-6.944131862089327e-05,0.0,0.0,0.0,0.0,0.0,0.0,1.0
1779285819.9023085,2.4623915733170243,-6.762068586692685e+17,-1.5707962951179786,1.1376280800296909e+19,6.944131862089383e-05,0.0,0.0,0.0,0.0,0.0,0.0,1.0
1779285819.9128113,2.4623919643469265,-6.788231590396084e+17,-1.5707962952150327,1.14202116435627e+19,-6.944131862089327e-05,0.0,0.0,0.0,0.0,0.0,0.0,1.0
1779285819.9233582,2.4611169403559265,-6.785398517742963e+17,-1.5707962952930714,1.1457257468515875e+19,6.944131862089383e-05,0.0,0.0,0.0,0.0,0.0,0.0,1.0
1779285819.9333549,2.462434066324295,-6.840031417560735e+17,-1.5707962954035493,1.1506328880964645e+19,-6.944131862089327e-05,0.0,0.0,0.0,0.0,0.0,0.0,1.0
1779285819.9438565,2.462378023334115,-6.865242554832652e+17,-1.5707962954989518,1.1550455176177068e+19,6.944131862089383e-05,0.0,0.0,0.0,0.0,0.0,0.0,1.0
1779285819.9541328,2.462343209728881,-6.890433150759677e+17,-1.5707962955920398,1.159377063674464e+19,-6.944131862089327e-05,0.0,0.0,0.0,0.0,0.0,0.0,1.0
1779285819.9644015,2.4620487799783346,-6.909627993445345e+17,-1.570796295680908,1.1635703382691811e+19,6.944131862089374e-05,0.0,0.0,0.0,0.0,0.0,0.0,1.0
1779285819.974932,2.4619886522251933,-6.93485367403074e+17,-1.5707962957756336,1.1680393638615548e+19,-6.944131862089352e-05,0.0,0.0,0.0,0.0,0.0,0.0,1.0
1779285819.985234,2.4620935064151848,-6.963434517399037e+17,-1.5707962958701143,1.1725065937369205e+19,6.944131862089346e-05,0.0,0.0,0.0,0.0,0.0,0.0,1.0
1779285819.995453,2.462227602573415,-6.992663321857307e+17,-1.5707962959639379,1.1769691664573014e+19,-6.944131862089372e-05,0.0,0.0,0.0,0.0,0.0,0.0,1.0
1779285820.0058944,2.4618165595410346,-7.009785458577797e+17,-1.5707962960518236,1.1812424117635877e+19,6.944131862089332e-05,0.0,0.0,0.0,0.0,0.0,0.0,1.0
1779285820.0166261,2.4611865785422538,-7.022315694041345e+17,-1.570796296139165,1.1855432415266777e+19,-6.944131862089383e-05,0.0,0.0,0.0,0.0,0.0,0.0,1.0
1779285820.0272408,2.460586020017552,-7.035015968166893e+17,-1.5707962962254696,1.1898158318300994e+19,6.944131862089323e-05,0.0,0.0,0.0,0.0,0.0,0.0,1.0
1779285820.0375004,2.4621112079734098,-7.097215609313382e+17,-1.5707962963384061,1.195163234278106e+19,-6.944131862089386e-05,0.0,0.0,0.0,0.0,0.0,0.0,1.0
1779285820.0482779,2.46096479440164,-7.098007349693316e+17,-1.5707962964181912,1.1992424234643565e+19,6.944131862089326e-05,0.0,0.0,0.0,0.0,0.0,0.0,1.0
1779285820.0589066,2.4612069346972696,-7.13112478066183e+17,-1.5707962965159246,1.2040672661581275e+19,-6.944131862089383e-05,0.0,0.0,0.0,0.0,0.0,0.0,1.0
1779285820.0690773,2.4616137661529445,-7.167346833737892e+17,-1.5707962966111708,1.2087806055088333e+19,6.944131862089327e-05,0.0,0.0,0.0,0.0,0.0,0.0,1.0
1779285820.0793424,2.4619240064392374,-7.201842689459245e+17,-1.5707962967057696,1.213507109388608e+19,-6.944131862089383e-05,0.0,0.0,0.0,0.0,0.0,0.0,1.0
1779285820.089941,2.4602477477508247,-7.189232963001827e+17,-1.5707962967751585,1.21723228394114e+19,6.944131862089327e-05,0.0,0.0,0.0,0.0,0.0,0.0,1.0
1779285820.100077,2.4621774255913773,-7.262407061992486e+17,-1.5707962968907998,1.2228912996512317e+19,-6.944131862089383e-05,0.0,0.0,0.0,0.0,0.0,0.0,1.0
1779285820.1108098,2.4613174506518565,-7.270269610509691e+17,-1.5707962969728246,1.2272162562404475e+19,6.944131862089327e-05,0.0,0.0,0.0,0.0,0.0,0.0,1.0
1779285820.1211083,2.461517247087065,-7.302551411687872e+17,-1.5707962970650926,1.231964436520214e+19,-6.944131862089383e-05,0.0,0.0,0.0,0.0,0.0,0.0,1.0
1779285820.1313286,2.461546582808678,-7.330652322512035e+17,-1.570796297153938,1.2365880844096262e+19,6.944131862089327e-05,0.0,0.0,0.0,0.0,0.0,0.0,1.0
1779285820.141836,2.4617839095264578,-7.364785878822561e+17,-1.5707962972482648,1.2415057572518429e+19,-6.94413186208937e-05,0.0,0.0,0.0,0.0,0.0,0.0,1.0
1779285820.152002,2.462502893161823,-7.410211404211267e+17,-1.5707962973456133,1.2465570766790926e+19,6.944131862089356e-05,0.0,0.0,0.0,0.0,0.0,0.0,1.0
1779285820.1623645,2.461751105241936,-7.420037599953005e+17,-1.570796297424324,1.2508393113986062e+19,-6.944131862089344e-05,0.0,0.0,0.0,0.0,0.0,0.0,1.0
1779285820.1725209,2.4622651149435484,-7.460553554712824e+17,-1.5707962975181562,1.2557965025516298e+19,6.944131862089375e-05,0.0,0.0,0.0,0.0,0.0,0.0,1.0
1779285820.1830814,2.461767590982155,-7.477203965583337e+17,-1.5707962976018421,1.2603716240912685e+19,-6.944131862089329e-05,0.0,0.0,0.0,0.0,0.0,0.0,1.0
1779285820.1935143,2.462182328220466,-7.516249498136108e+17,-1.5707962976964083,1.2654502479892924e+19,6.944131862089386e-05,0.0,0.0,0.0,0.0,0.0,0.0,1.0
1779285820.2037451,2.4624249742149145,-7.55077170315396e+17,-1.570796297786455,1.2703399881120109e+19,-6.944131862089326e-05,0.0,0.0,0.0,0.0,0.0,0.0,1.0
1779285820.2142005,2.461846713614239,-7.5653026068344e+17,-1.5707962978672716,1.2748612979018955e+19,6.944131862089383e-05,0.0,0.0,0.0,0.0,0.0,0.0,1.0
1779285820.2243874,2.461985393942654,-7.597062902271378e+17,-1.5707962979548933,1.279694346490029e+19,-6.944131862089327e-05,0.0,0.0,0.0,0.0,0.0,0.0,1.0
1779285820.2346294,2.462001625854946,-7.626032772410313e+17,-1.5707962980411527,1.2845002501065996e+19,6.944131862089383e-05,0.0,0.0,0.0,0.0,0.0,0.0,1.0
1779285820.244906,2.461593520568255,-7.644296029752412e+17,-1.570796298121739,1.2890745040709042e+19,-6.944131862089327e-05,0.0,0.0,0.0,0.0,0.0,0.0,1.0
1779285820.2549055,2.4622465622517704,-7.688977365630592e+17,-1.5707962982136734,1.294180083395704e+19,6.944131862089383e-05,0.0,0.0,0.0,0.0,0.0,0.0,1.0
1779285820.2651289,2.4626326600529653,-7.727909761024742e+17,-1.5707962983039523,1.2992644008936405e+19,-6.944131862089327e-05,0.0,0.0,0.0,0.0,0.0,0.0,1.0
1779285820.2758222,2.461781598955435,-7.736381082659244e+17,-1.5707962983819415,1.3038437034133686e+19,6.944131862089383e-05,0.0,0.0,0.0,0.0,0.0,0.0,1.0
1779285820.2861803,2.4620802907947494,-7.773410367487535e+17,-1.5707962984717543,1.308980266326026e+19,-6.944131862089327e-05,0.0,0.0,0.0,0.0,0.0,0.0,1.0
1779285820.2964375,2.4621404340207396,-7.804246543254168e+17,-1.5707962985572588,1.3139339808921346e+19,6.944131862089383e-05,0.0,0.0,0.0,0.0,0.0,0.0,1.0
1779285820.3065434,2.462212113684156,-7.835078552450843e+17,-1.5707962986412114,1.3188283098424386e+19,-6.944131862089332e-05,0.0,0.0,0.0,0.0,0.0,0.0,1.0
1779285820.317117,2.4618168939979794,-7.855073685463569e+17,-1.5707962987231323,1.3236992097339697e+19,6.944131862089361e-05,0.0,0.0,0.0,0.0,0.0,0.0,1.0
1779285820.3272612,2.4616951804333937,-7.880930127901324e+17,-1.5707962988043713,1.3285227853495675e+19,-6.944131862089361e-05,0.0,0.0,0.0,0.0,0.0,0.0,1.0
1779285820.337659,2.462193806314543,-7.924034331648751e+17,-1.5707962988958935,1.3339093367962583e+19,6.94413186208934e-05,0.0,0.0,0.0,0.0,0.0,0.0,1.0
1779285820.347738,2.46262634741725,-7.964934602164486e+17,-1.5707962989833906,1.3391014596172382e+19,-6.944131862089378e-05,0.0,0.0,0.0,0.0,0.0,0.0,1.0
1779285820.3584464,2.4616161111876473,-7.969403663189537e+17,-1.5707962990576203,1.3437237636216396e+19,6.944131862089327e-05,0.0,0.0,0.0,0.0,0.0,0.0,1.0
1779285820.3685746,2.4619814365732133,-8.008564733994253e+17,-1.570796299144075,1.3489290559031978e+19,-6.944131862089387e-05,0.0,0.0,0.0,0.0,0.0,0.0,1.0
1779285820.3794003,2.4616896395099443,-8.032420410769028e+17,-1.5707962992282554,1.3541229958322186e+19,6.944131862089325e-05,0.0,0.0,0.0,0.0,0.0,0.0,1.0
1779285820.3894467,2.4621539469822267,-8.074418871788529e+17,-1.5707962993147646,1.3593899271181603e+19,-6.944131862089384e-05,0.0,0.0,0.0,0.0,0.0,0.0,1.0
1779285820.399767,2.4613703716899322,-8.083732614223762e+17,-1.5707962993874938,1.364008748336794e+19,6.944131862089326e-05,0.0,0.0,0.0,0.0,0.0,0.0,1.0
1779285820.4101958,2.4618397933726013,-8.127107396653624e+17,-1.5707962994770208,1.369533547830112e+19,-6.944131862089383e-05,0.0,0.0,0.0,0.0,0.0,0.0,1.0
1779285820.42037,2.4622572713061683,-8.168801971023441e+17,-1.5707962995633675,1.37490490964044e+19,6.944131862089327e-05,0.0,0.0,0.0,0.0,0.0,0.0,1.0
1779285820.430894,2.4618440863669084,-8.189113222667064e+17,-1.5707962996420841,1.379946264687824e+19,-6.944131862089383e-05,0.0,0.0,0.0,0.0,0.0,0.0,1.0
1779285820.4410865,2.4621956081241745,-8.229345927396035e+17,-1.570796299727245,1.385324320597692e+19,6.944131862089327e-05,0.0,0.0,0.0,0.0,0.0,0.0,1.0
1779285820.4514995,2.4616123206709353,-8.244712968748489e+17,-1.5707962998023188,1.3902222429182493e+19,-6.944131862089383e-05,0.0,0.0,0.0,0.0,0.0,0.0,1.0
1779285820.461742,2.462113861665037,-8.289402824083794e+17,-1.5707962998892522,1.395765627745382e+19,6.944131862089327e-05,0.0,0.0,0.0,0.0,0.0,0.0,1.0
1779285820.472213,2.462178604739694,-8.323106096074537e+17,-1.5707962999725826,1.4011764797524355e+19,-6.944131862089383e-05,0.0,0.0,0.0,0.0,0.0,0.0,1.0
1779285820.4828467,2.4617381279221497,-8.343322477971881e+17,-1.570796300050793,1.4063601535063124e+19,6.944131862089337e-05,0.0,0.0,0.0,0.0,0.0,0.0,1.0
1779285820.4933622,2.461269593512469,-8.362190779888733e+17,-1.5707963001272998,1.411467805946621e+19,-6.944131862089359e-05,0.0,0.0,0.0,0.0,0.0,0.0,1.0
1779285820.5037484,2.4621246004248802,-8.417828919688072e+17,-1.5707963002189338,1.4174261212289167e+19,6.944131862089364e-05,0.0,0.0,0.0,0.0,0.0,0.0,1.0
1779285820.5141351,2.460796836238855,-8.412379460956109e+17,-1.5707963002831393,1.4219030576671226e+19,-6.944131862089337e-05,0.0,0.0,0.0,0.0,0.0,0.0,1.0
1779285820.5241957,2.462244589271068,-8.48405224789288e+17,-1.5707963003787433,1.4281220849526706e+19,6.94413186208938e-05,0.0,0.0,0.0,0.0,0.0,0.0,1.0
1779285820.5348415,2.4615327993133946,-8.497101185155494e+17,-1.570796300452613,1.4332269288396687e+19,-6.944131862089326e-05,0.0,0.0,0.0,0.0,0.0,0.0,1.0
1779285820.5450056,2.4617769232832627,-8.535614499793014e+17,-1.570796300533696,1.4387169432174404e+19,6.944131862089383e-05,0.0,0.0,0.0,0.0,0.0,0.0,1.0
1779285820.55525,2.462062304485223,-8.575869423069032e+17,-1.5707963006157906,1.444309043074604e+19,-6.944131862089327e-05,0.0,0.0,0.0,0.0,0.0,0.0,1.0
1779285820.5655987,2.4620611615754333,-8.608507674832507e+17,-1.5707963006950807,1.4497879977151009e+19,6.944131862089383e-05,0.0,0.0,0.0,0.0,0.0,0.0,1.0
1779285820.5756974,2.4622743225451122,-8.646669858810003e+17,-1.5707963007745798,1.4552868283452322e+19,-6.944131862089327e-05,0.0,0.0,0.0,0.0,0.0,0.0,1.0
1779285820.5858078,2.462373077017868,-8.681783220040078e+17,-1.5707963008525672,1.460734037542813e+19,6.944131862089383e-05,0.0,0.0,0.0,0.0,0.0,0.0,1.0
1779285820.595899,2.4625167781521538,-8.718306899457631e+17,-1.5707963009307293,1.4662237694701808e+19,-6.944131862089327e-05,0.0,0.0,0.0,0.0,0.0,0.0,1.0
1779285820.6065092,2.4620046807184495,-8.737454522685034e+17,-1.5707963010051924,1.4715852349681381e+19,6.944131862089383e-05,0.0,0.0,0.0,0.0,0.0,0.0,1.0
1779285820.6166677,2.462560898711183,-8.786309295422812e+17,-1.5707963010883776,1.477446998199979e+19,-6.944131862089327e-05,0.0,0.0,0.0,0.0,0.0,0.0,1.0
1779285820.626841,2.462184972978916,-8.808198245563186e+17,-1.5707963011602524,1.4826730318682479e+19,6.944131862089383e-05,0.0,0.0,0.0,0.0,0.0,0.0,1.0
1779285820.6369793,2.4622849183076143,-8.8437594350478e+17,-1.570796301236965,1.4882119081577683e+19,-6.944131862089327e-05,0.0,0.0,0.0,0.0,0.0,0.0,1.0
1779285820.6470985,2.4622538745177325,-8.875646332328172e+17,-1.5707963013120299,1.4936870690001336e+19,6.944131862089379e-05,0.0,0.0,0.0,0.0,0.0,0.0,1.0
1779285820.6571832,2.4629677685414757,-8.92977729988725e+17,-1.5707963013955437,1.499709022329793e+19,-6.944131862089344e-05,0.0,0.0,0.0,0.0,0.0,0.0,1.0
1779285820.667535,2.462408338141698,-8.947225544865728e+17,-1.570796301465907,1.5049925266352218e+19,6.944131862089353e-05,0.0,0.0,0.0,0.0,0.0,0.0,1.0
1779285820.6777294,2.4624028878486897,-8.980489614965551e+17,-1.5707963015412645,1.5105968100988244e+19,-6.944131862089367e-05,0.0,0.0,0.0,0.0,0.0,0.0,1.0
1779285820.68811,2.4628936040236944,-9.029486807006295e+17,-1.5707963016239035,1.5167111524478298e+19,6.944131862089336e-05,0.0,0.0,0.0,0.0,0.0,0.0,1.0
1779285820.698543,2.4619610277337474,-9.035999123184904e+17,-1.5707963016899589,1.5218318161961003e+19,-6.94413186208938e-05,0.0,0.0,0.0,0.0,0.0,0.0,1.0
1779285820.70904,2.462251982816108,-9.079341191796934e+17,-1.5707963017706752,1.5279111137604145e+19,6.944131862089326e-05,0.0,0.0,0.0,0.0,0.0,0.0,1.0
1779285820.7193227,2.462157528887808,-9.110613087696201e+17,-1.5707963018448898,1.533593823522388e+19,-6.944131862089383e-05,0.0,0.0,0.0,0.0,0.0,0.0,1.0
1779285820.7295043,2.4627143522714743,-9.161581200477139e+17,-1.5707963019256606,1.5397200282451984e+19,6.944131862089327e-05,0.0,0.0,0.0,0.0,0.0,0.0,1.0
1779285820.739606,2.462818952425384,-9.198925805175722e+17,-1.5707963020003217,1.5454855943767515e+19,-6.944131862089383e-05,0.0,0.0,0.0,0.0,0.0,0.0,1.0
1779285820.7496886,2.4627624369472385,-9.231370198278989e+17,-1.5707963020726823,1.5511348678586616e+19,6.944131862089327e-05,0.0,0.0,0.0,0.0,0.0,0.0,1.0
1779285820.7598834,2.462269565935343,-9.250715721414566e+17,-1.5707963021407254,1.5565488623217697e+19,-6.944131862089383e-05,0.0,0.0,0.0,0.0,0.0,0.0,1.0
1779285820.770061,2.4625468096445653,-9.293698310992878e+17,-1.5707963022172982,1.5625517209328288e+19,6.944131862089327e-05,0.0,0.0,0.0,0.0,0.0,0.0,1.0
1779285820.780136,2.462883933505648,-9.338557609157208e+17,-1.5707963022935232,1.5685591726535674e+19,-6.944131862089383e-05,0.0,0.0,0.0,0.0,0.0,0.0,1.0
1779285820.7902813,2.462628129957924,-9.365408760866872e+17,-1.5707963023632554,1.5741799534222766e+19,6.944131862089327e-05,0.0,0.0,0.0,0.0,0.0,0.0,1.0
1779285820.8006778,2.4625790908102205,-9.399559272287073e+17,-1.5707963024372562,1.5801495829199925e+19,-6.944131862089383e-05,0.0,0.0,0.0,0.0,0.0,0.0,1.0
1779285820.810814,2.4628123335416165,-9.441813111581527e+17,-1.5707963025120946,1.5861823500252168e+19,6.944131862089327e-05,0.0,0.0,0.0,0.0,0.0,0.0,1.0
1779285820.8210728,2.4624008905313413,-9.464344671587681e+17,-1.570796302580377,1.5918216622127809e+19,-6.944131862089374e-05,0.0,0.0,0.0,0.0,0.0,0.0,1.0
1779285820.831265,2.462495234301919,-9.502546450001187e+17,-1.5707963026536618,1.5978279157147873e+19,6.944131862089352e-05,0.0,0.0,0.0,0.0,0.0,0.0,1.0
1779285820.8417377,2.4625687290765694,-9.541286940820701e+17,-1.570796302728803,1.6040331136109885e+19,-6.944131862089346e-05,0.0,0.0,0.0,0.0,0.0,0.0,1.0
1779285820.8518765,2.462486262053446,-9.574078822931073e+17,-1.5707963027992817,1.6099153277710928e+19,6.944131862089372e-05,0.0,0.0,0.0,0.0,0.0,0.0,1.0
1779285820.8621924,2.4620895132330167,-9.597369775042176e+17,-1.5707963028672953,1.6156791318629704e+19,-6.944131862089332e-05,0.0,0.0,0.0,0.0,0.0,0.0,1.0
1779285820.8727798,2.462349909848033,-9.64272429341834e+17,-1.5707963029447813,1.6221762795456072e+19,6.944131862089383e-05,0.0,0.0,0.0,0.0,0.0,0.0,1.0
1779285820.8828497,2.4626425053509386,-9.687703158163411e+17,-1.5707963030182475,1.6283707493849123e+19,-6.944131862089323e-05,0.0,0.0,0.0,0.0,0.0,0.0,1.0
1779285820.893236,2.461888624216312,-9.700101483928712e+17,-1.5707963030823802,1.6339768002180456e+19,6.944131862089386e-05,0.0,0.0,0.0,0.0,0.0,0.0,1.0
1779285820.9033794,2.4625264622308616,-9.756629155033361e+17,-1.5707963031598111,1.6405380259503303e+19,-6.944131862089326e-05,0.0,0.0,0.0,0.0,0.0,0.0,1.0
1779285820.9134781,2.462563063429025,-9.793965993480308e+17,-1.5707963032300518,1.6466197326153589e+19,6.944131862089383e-05,0.0,0.0,0.0,0.0,0.0,0.0,1.0
1779285820.9238825,2.4623456456460286,-9.82420072221197e+17,-1.5707963032997307,1.65273498690776e+19,-6.944131862089327e-05,0.0,0.0,0.0,0.0,0.0,0.0,1.0
1779285820.9339526,2.4626648015268495,-9.870928428522712e+17,-1.5707963033724772,1.659071841774794e+19,6.944131862089383e-05,0.0,0.0,0.0,0.0,0.0,0.0,1.0
1779285820.9440482,2.462875857499185,-9.914560926994488e+17,-1.570796303444062,1.6653677246610086e+19,-6.944131862089327e-05,0.0,0.0,0.0,0.0,0.0,0.0,1.0
1779285820.9546025,2.461516865359491,-9.907647487863058e+17,-1.5707963035013626,1.6706905320097993e+19,6.944131862089383e-05,0.0,0.0,0.0,0.0,0.0,0.0,1.0
1779285820.9647868,2.4625066822353796,-9.977068504000018e+17,-1.57079630358159,1.6777116388035023e+19,-6.944131862089327e-05,0.0,0.0,0.0,0.0,0.0,0.0,1.0
1779285820.9751267,2.462536432116332,-1.0015907386683587e+18,-1.57079630365243,1.6840972158700845e+19,6.944131862089383e-05,0.0,0.0,0.0,0.0,0.0,0.0,1.0
1779285820.9855766,2.462626588162243,-1.005737579967307e+18,-1.5707963037246235,1.6906400095374774e+19,-6.944131862089327e-05,0.0,0.0,0.0,0.0,0.0,0.0,1.0
1779285820.9961784,2.4619312316411923,-1.0073076809076047e+18,-1.570796303789279,1.696667893289226e+19,6.94413186208937e-05,0.0,0.0,0.0,0.0,0.0,0.0,1.0
1779285821.006285,2.4623053037384155,-1.0122787261951674e+18,-1.5707963038613901,1.7032403397933316e+19,-6.944131862089356e-05,0.0,0.0,0.0,0.0,0.0,0.0,1.0
1779285821.016597,2.462010963702587,-1.015097233416784e+18,-1.570796303927708,1.7094331954487427e+19,6.944131862089344e-05,0.0,0.0,0.0,0.0,0.0,0.0,1.0
1779285821.0269005,2.4620184135946563,-1.0189306111149083e+18,-1.5707963039969155,1.7158850051275856e+19,-6.944131862089375e-05,0.0,0.0,0.0,0.0,0.0,0.0,1.0
1779285821.0372286,2.46195996455734,-1.0225699055710124e+18,-1.5707963040655144,1.7223340972326818e+19,6.944131862089329e-05,0.0,0.0,0.0,0.0,0.0,0.0,1.0
1779285821.0476708,2.4623587612948477,-1.0278374731750495e+18,-1.5707963041396253,1.7292720984578544e+19,-6.944131862089386e-05,0.0,0.0,0.0,0.0,0.0,0.0,1.0
1779285821.0580091,2.4616902585925846,-1.0294006226876867e+18,-1.5707963042008366,1.7352094006860472e+19,6.944131862089326e-05,0.0,0.0,0.0,0.0,0.0,0.0,1.0
1779285821.0678742,2.4627617452089723,-1.0368363600305865e+18,-1.570796304277834,1.7424013117239722e+19,-6.944131862089383e-05,0.0,0.0,0.0,0.0,0.0,0.0,1.0
1779285821.078129,2.4626154223204515,-1.0402592656236461e+18,-1.5707963043442148,1.7488306200659202e+19,6.944131862089327e-05,0.0,0.0,0.0,0.0,0.0,0.0,1.0
1779285821.088842,2.461679916943082,-1.0410926117580508e+18,-1.5707963044054762,1.754940139536228e+19,-6.944131862089383e-05,0.0,0.0,0.0,0.0,0.0,0.0,1.0
1779285821.0990975,2.462043138561543,-1.0462424664380901e+18,-1.5707963044766895,1.7618358865103567e+19,6.944131862089327e-05,0.0,0.0,0.0,0.0,0.0,0.0,1.0
1779285821.1094894,2.462450082172814,-1.0516518073354758e+18,-1.5707963045492392,1.7689059857229318e+19,-6.944131862089383e-05,0.0,0.0,0.0,0.0,0.0,0.0,1.0
1779285821.1197717,2.461858530153712,-1.0535378275544636e+18,-1.5707963046103008,1.7750577816034677e+19,6.944131862089327e-05,0.0,0.0,0.0,0.0,0.0,0.0,1.0
1779285821.129996,2.462149508315342,-1.0584975367616922e+18,-1.5707963046799562,1.781952663964286e+19,-6.944131862089383e-05,0.0,0.0,0.0,0.0,0.0,0.0,1.0
1779285821.1403415,2.4618884179620752,-1.0615798837137667e+18,-1.5707963047445943,1.7884872402418366e+19,6.944131862089327e-05,0.0,0.0,0.0,0.0,0.0,0.0,1.0
1779285821.1508794,2.461862883511434,-1.0655699078381981e+18,-1.570796304812861,1.7953913504140935e+19,-6.944131862089383e-05,0.0,0.0,0.0,0.0,0.0,0.0,1.0
1779285821.1614287,2.4618119218121923,-1.0694914668476032e+18,-1.5707963048807634,1.8023100817091439e+19,6.944131862089332e-05,0.0,0.0,0.0,0.0,0.0,0.0,1.0
1779285821.1717737,2.4619179937276545,-1.073914674233752e+18,-1.5707963049485785,1.809238820787151e+19,-6.944131862089361e-05,0.0,0.0,0.0,0.0,0.0,0.0,1.0
1779285821.1819077,2.4618649449961802,-1.0777079055100897e+18,-1.5707963050130551,1.8158972105153946e+19,6.944131862089361e-05,0.0,0.0,0.0,0.0,0.0,0.0,1.0
1779285821.1920605,2.4622844756693274,-1.0832323668673056e+18,-1.5707963050822746,1.823009992560782e+19,-6.94413186208934e-05,0.0,0.0,0.0,0.0,0.0,0.0,1.0
1779285821.2025526,2.4618771536521686,-1.0859323760042529e+18,-1.5707963051453875,1.829681201962329e+19,6.944131862089378e-05,0.0,0.0,0.0,0.0,0.0,0.0,1.0
1779285821.2127028,2.4620146726141283,-1.0904647191345263e+18,-1.570796305211289,1.8365910371590595e+19,-6.944131862089327e-05,0.0,0.0,0.0,0.0,0.0,0.0,1.0
1779285821.2229676,2.461911984788959,-1.0941900507764214e+18,-1.5707963052754352,1.8434047773114186e+19,6.944131862089387e-05,0.0,0.0,0.0,0.0,0.0,0.0,1.0
1779285821.2330618,2.4625363591367377,-1.1005317616618542e+18,-1.570796305345477,1.8507635271506182e+19,-6.944131862089325e-05,0.0,0.0,0.0,0.0,0.0,0.0,1.0
1779285821.2434044,2.4618969778436406,-1.1023690846248883e+18,-1.5707963054044096,1.8572077330310455e+19,6.944131862089384e-05,0.0,0.0,0.0,0.0,0.0,0.0,1.0
1779285821.2535462,2.4625035575067544,-1.1087059917681105e+18,-1.570796305474212,1.8646436296769057e+19,-6.944131862089326e-05,0.0,0.0,0.0,0.0,0.0,0.0,1.0
1779285821.2637458,2.4622408858222995,-1.1118968303218074e+18,-1.5707963055355456,1.8713671916089078e+19,6.944131862089383e-05,0.0,0.0,0.0,0.0,0.0,0.0,1.0
1779285821.273902,2.4626354832700867,-1.1175180449448495e+18,-1.5707963056029497,1.878681360993008e+19,-6.944131862089327e-05,0.0,0.0,0.0,0.0,0.0,0.0,1.0
1779285821.2844121,2.4622044369163185,-1.1202345982453896e+18,-1.5707963056644914,1.8855508184147403e+19,6.944131862089383e-05,0.0,0.0,0.0,0.0,0.0,0.0,1.0
1779285821.2948923,2.4623656376467804,-1.1251425323039942e+18,-1.5707963057314365,1.892957570161729e+19,-6.944131862089327e-05,0.0,0.0,0.0,0.0,0.0,0.0,1.0
1779285821.305012,2.4622709109666987,-1.12896687005952e+18,-1.5707963057931207,1.8998719902524105e+19,6.944131862089383e-05,0.0,0.0,0.0,0.0,0.0,0.0,1.0
1779285821.3152747,2.4623608589037898,-1.133556394168036e+18,-1.5707963058574517,1.9070969018528903e+19,-6.944131862089327e-05,0.0,0.0,0.0,0.0,0.0,0.0,1.0
1779285821.325864,2.4611029540187097,-1.1331642702144047e+18,-1.5707963059106251,1.913353290046706e+19,6.944131862089383e-05,0.0,0.0,0.0,0.0,0.0,0.0,1.0
1779285821.3357403,2.4626795676607243,-1.1432243975389108e+18,-1.5707963059863768,1.9216970046363894e+19,-6.944131862089337e-05,0.0,0.0,0.0,0.0,0.0,0.0,1.0
1779285821.3462167,2.4618481308500844,-1.1444574062744909e+18,-1.5707963060426993,1.928320998200456e+19,6.944131862089359e-05,0.0,0.0,0.0,0.0,0.0,0.0,1.0
1779285821.3566902,2.4619265317264962,-1.149128210624884e+18,-1.570796306107608,1.9358091792987808e+19,-6.944131862089364e-05,0.0,0.0,0.0,0.0,0.0,0.0,1.0
1779285821.3667066,2.4623245848502107,-1.1548749294385288e+18,-1.5707963061722878,1.943261155624737e+19,6.944131862089337e-05,0.0,0.0,0.0,0.0,0.0,0.0,1.0
1779285821.3769972,2.461900116959225,-1.157592509811453e+18,-1.5707963062306975,1.9501841299910136e+19,-6.94413186208938e-05,0.0,0.0,0.0,0.0,0.0,0.0,1.0
1779285821.3871512,2.462493219294492,-1.1641965517144778e+18,-1.5707963062978287,1.9579897854820065e+19,6.944131862089326e-05,0.0,0.0,0.0,0.0,0.0,0.0,1.0
1779285821.3977056,2.4622410442774347,-1.1677372896926433e+18,-1.5707963063594124,1.9653534441652154e+19,-6.944131862089383e-05,0.0,0.0,0.0,0.0,0.0,0.0,1.0
1779285821.4082117,2.4621369108180664,-1.1718307205213783e+18,-1.5707963064218895,1.9728447408428667e+19,6.944131862089327e-05,0.0,0.0,0.0,0.0,0.0,0.0,1.0
1779285821.4188805,2.4619175645860136,-1.1755455797437747e+18,-1.5707963064841655,1.980384936664114e+19,-6.944131862089383e-05,0.0,0.0,0.0,0.0,0.0,0.0,1.0
1779285821.4291456,2.4614121316506763,-1.1779540740977846e+18,-1.5707963065407717,1.987339438107904e+19,6.944131862089327e-05,0.0,0.0,0.0,0.0,0.0,0.0,1.0
1779285821.4394953,2.461733774726214,-1.1836499865956247e+18,-1.57079630660557,1.995180204782374e+19,-6.944131862089383e-05,0.0,0.0,0.0,0.0,0.0,0.0,1.0
1779285821.449498,2.462320883260705,-1.1903130338427464e+18,-1.570796306670422,2.0030316206935605e+19,6.944131862089327e-05,0.0,0.0,0.0,0.0,0.0,0.0,1.0
1779285821.4599693,2.461759919524276,-1.1926557459474783e+18,-1.5707963067274204,2.0101889481962578e+19,-6.944131862089383e-05,0.0,0.0,0.0,0.0,0.0,0.0,1.0
1779285821.4700444,2.4626222977160124,-1.200507601423209e+18,-1.5707963067949657,2.0184308270479143e+19,6.944131862089327e-05,0.0,0.0,0.0,0.0,0.0,0.0,1.0
1779285821.4805715,2.4621081077981923,-1.2031088394429755e+18,-1.5707963068524913,2.0257444240027107e+19,-6.944131862089383e-05,0.0,0.0,0.0,0.0,0.0,0.0,1.0
1779285821.4906206,2.46239161328572,-1.2086893840696566e+18,-1.5707963069140383,2.033455765512431e+19,6.944131862089327e-05,0.0,0.0,0.0,0.0,0.0,0.0,1.0
1779285821.5007396,2.4623317507508355,-1.2129467324719188e+18,-1.5707963069726747,2.040917099578621e+19,-6.944131862089379e-05,0.0,0.0,0.0,0.0,0.0,0.0,1.0
1779285821.510921,2.4620840921011227,-1.2164724546174556e+18,-1.570796307029807,2.0482715788838527e+19,6.944131862089344e-05,0.0,0.0,0.0,0.0,0.0,0.0,1.0
1779285821.5212672,2.4623234956759052,-1.2220532191896422e+18,-1.5707963070923314,2.0562740305051468e+19,-6.944131862089353e-05,0.0,0.0,0.0,0.0,0.0,0.0,1.0
1779285821.5314066,2.462317133252811,-1.2265792381039823e+18,-1.5707963071511144,2.0638942859607364e+19,6.944131862089367e-05,0.0,0.0,0.0,0.0,0.0,0.0,1.0
1779285821.5419085,2.4623337122454547,-1.2313756850611448e+18,-1.570796307212314,2.071878595314941e+19,-6.944131862089336e-05,0.0,0.0,0.0,0.0,0.0,0.0,1.0
1779285821.5523112,2.4614422205402713,-1.2323705307650035e+18,-1.5707963072641018,2.0788575939027194e+19,6.94413186208938e-05,0.0,0.0,0.0,0.0,0.0,0.0,1.0
1779285821.5623412,2.462676877756338,-1.2419756110985183e+18,-1.5707963073329276,2.0877103150759834e+19,-6.944131862089326e-05,0.0,0.0,0.0,0.0,0.0,0.0,1.0
1779285821.572747,2.462542361385596,-1.2461905713492562e+18,-1.5707963073916118,2.0955545094668243e+19,6.944131862089383e-05,0.0,0.0,0.0,0.0,0.0,0.0,1.0
1779285821.5830362,2.46234294401269,-1.2500790654655562e+18,-1.5707963074487445,2.1032549836333605e+19,-6.944131862089327e-05,0.0,0.0,0.0,0.0,0.0,0.0,1.0
1779285821.5935056,2.462358669008411,-1.2549483952260687e+18,-1.5707963075088205,2.1113615775676998e+19,6.944131862089383e-05,0.0,0.0,0.0,0.0,0.0,0.0,1.0
1779285821.6040418,2.4621428850244627,-1.2588925334106796e+18,-1.5707963075670661,2.1193215765454504e+19,-6.944131862089327e-05,0.0,0.0,0.0,0.0,0.0,0.0,1.0
1779285821.614459,2.461796838848597,-1.2622252505810734e+18,-1.5707963076231644,2.1270655859836137e+19,6.944131862089383e-05,0.0,0.0,0.0,0.0,0.0,0.0,1.0
1779285821.6248903,2.461680632123671,-1.2665229020649859e+18,-1.5707963076812108,2.135081361551823e+19,-6.944131862089327e-05,0.0,0.0,0.0,0.0,0.0,0.0,1.0
1779285821.6352262,2.4609382305331007,-1.2680998474388332e+18,-1.570796307732653,2.142359627558231e+19,6.944131862089383e-05,0.0,0.0,0.0,0.0,0.0,0.0,1.0
1779285821.6452684,2.4616051242723564,-1.2755302897354388e+18,-1.5707963077947436,2.1508798393221394e+19,-6.944131862089327e-05,0.0,0.0,0.0,0.0,0.0,0.0,1.0
1779285821.6551232,2.462975506619697,-1.2860057938491246e+18,-1.5707963078619267,2.1600360738357846e+19,6.944131862089383e-05,0.0,0.0,0.0,0.0,0.0,0.0,1.0
1779285821.6658316,2.4618214992319265,-1.2861474558914015e+18,-1.5707963079119698,2.1673568882406003e+19,-6.944131862089327e-05,0.0,0.0,0.0,0.0,0.0,0.0,1.0
1779285821.6759636,2.4620051573550668,-1.291687225357038e+18,-1.5707963079697875,2.1755496561873076e+19,6.944131862089374e-05,0.0,0.0,0.0,0.0,0.0,0.0,1.0
1779285821.6862645,2.462717617969568,-1.2996738492095734e+18,-1.5707963080335683,2.1845479090347307e+19,-6.944131862089352e-05,0.0,0.0,0.0,0.0,0.0,0.0,1.0
1779285821.6967242,2.46255566550315,-1.3040023315238674e+18,-1.5707963080903142,2.1927783676226134e+19,6.944131862089346e-05,0.0,0.0,0.0,0.0,0.0,0.0,1.0
1779285821.7068772,2.4626460345000747,-1.3092854260909363e+18,-1.5707963081471559,2.2010239446531535e+19,-6.944131862089372e-05,0.0,0.0,0.0,0.0,0.0,0.0,1.0
1779285821.7170246,2.4625632873103953,-1.313823252193233e+18,-1.5707963082022396,2.2091037250529653e+19,6.944131862089332e-05,0.0,0.0,0.0,0.0,0.0,0.0,1.0
1779285821.727426,2.461976279830626,-1.3162552251389578e+18,-1.570796308254282,2.216894247227549e+19,-6.944131862089383e-05,0.0,0.0,0.0,0.0,0.0,0.0,1.0
1779285821.7378407,2.462455107260059,-1.3233786493703928e+18,-1.5707963083156105,2.225888754986051e+19,6.944131862089323e-05,0.0,0.0,0.0,0.0,0.0,0.0,1.0
1779285821.7484117,2.4621467246448385,-1.327149041975503e+18,-1.5707963083708838,2.2342100271973384e+19,-6.944131862089386e-05,0.0,0.0,0.0,0.0,0.0,0.0,1.0
1779285821.7590332,2.4618560997232914,-1.3310088314611172e+18,-1.5707963084264522,2.242626748747901e+19,6.944131862089326e-05,0.0,0.0,0.0,0.0,0.0,0.0,1.0
1779285821.7690802,2.462204538196407,-1.337446248071123e+18,-1.5707963084837957,2.2512298304596775e+19,-6.944131862089383e-05,0.0,0.0,0.0,0.0,0.0,0.0,1.0
1779285821.779654,2.461786306629559,-1.3407495151943803e+18,-1.5707963085376668,2.2595287253441847e+19,6.944131862089327e-05,0.0,0.0,0.0,0.0,0.0,0.0,1.0
1779285821.7897925,2.4618475520537437,-1.3459778068408594e+18,-1.5707963085927532,2.2679629866953294e+19,-6.944131862089383e-05,0.0,0.0,0.0,0.0,0.0,0.0,1.0
1779285821.80033,2.4617256715285105,-1.3505941801433736e+18,-1.5707963086485106,2.2765989207585886e+19,6.944131862089327e-05,0.0,0.0,0.0,0.0,0.0,0.0,1.0
1779285821.8107717,2.461902790970709,-1.3565408212317294e+18,-1.570796308706126,2.285518020629e+19,-6.944131862089383e-05,0.0,0.0,0.0,0.0,0.0,0.0,1.0
1779285821.8212981,2.461842301483147,-1.3614898531529193e+18,-1.570796308762094,2.294293303980062e+19,6.944131862089327e-05,0.0,0.0,0.0,0.0,0.0,0.0,1.0
1779285821.831492,2.46196990656636,-1.3671518238704763e+18,-1.570796308817453,2.302989904469537e+19,-6.944131862089383e-05,0.0,0.0,0.0,0.0,0.0,0.0,1.0
1779285821.8418932,2.4613976937994195,-1.3697276975369702e+18,-1.5707963088679926,2.3111324242403774e+19,6.944131862089327e-05,0.0,0.0,0.0,0.0,0.0,0.0,1.0
1779285821.8523653,2.4616328432868797,-1.3760196904293617e+18,-1.5707963089255537,2.3202732296524976e+19,-6.94413186208937e-05,0.0,0.0,0.0,0.0,0.0,0.0,1.0
1779285821.862857,2.46150359919634,-1.3806912282693947e+18,-1.5707963089800747,2.329068934978867e+19,6.944131862089356e-05,0.0,0.0,0.0,0.0,0.0,0.0,1.0
1779285821.873343,2.4617562561650836,-1.3871442345807877e+18,-1.570796309037545,2.3383188031782965e+19,-6.944131862089344e-05,0.0,0.0,0.0,0.0,0.0,0.0,1.0
1779285821.883781,2.4619309467163646,-1.3932690183204667e+18,-1.5707963090939745,2.347482079426319e+19,6.944131862089375e-05,0.0,0.0,0.0,0.0,0.0,0.0,1.0
1779285821.8940852,2.461697933527842,-1.3974527203222533e+18,-1.5707963091460357,2.356080488673951e+19,-6.944131862089329e-05,0.0,0.0,0.0,0.0,0.0,0.0,1.0
1779285821.9043489,2.4614271534530654,-1.4014270647629263e+18,-1.5707963091973631,2.364621201436442e+19,6.944131862089386e-05,0.0,0.0,0.0,0.0,0.0,0.0,1.0
1779285821.9143748,2.4619544064182888,-1.4090404160251313e+18,-1.5707963092537032,2.3738740603714028e+19,-6.944131862089326e-05,0.0,0.0,0.0,0.0,0.0,0.0,1.0
1779285821.9246526,2.462226489885056,-1.4156549512273981e+18,-1.5707963093092943,2.3831264076623684e+19,6.944131862089383e-05,0.0,0.0,0.0,0.0,0.0,0.0,1.0
1779285821.9350698,2.4618623302411438,-1.4193602094170952e+18,-1.5707963093603234,2.3918161096681476e+19,-6.944131862089327e-05,0.0,0.0,0.0,0.0,0.0,0.0,1.0
1779285821.9457219,2.46121345017923,-1.4217970698767557e+18,-1.5707963094102135,2.400432667122533e+19,6.944131862089383e-05,0.0,0.0,0.0,0.0,0.0,0.0,1.0
1779285821.955654,2.462284950397128,-1.432068387623732e+18,-1.5707963094697852,2.410370264526505e+19,-6.944131862089327e-05,0.0,0.0,0.0,0.0,0.0,0.0,1.0
1779285821.9661014,2.461565393742803,-1.4341267942925647e+18,-1.5707963095176498,2.4187724145061036e+19,6.944131862089383e-05,0.0,0.0,0.0,0.0,0.0,0.0,1.0
1779285821.9765043,2.4619955457307254,-1.441651621618154e+18,-1.5707963095743986,2.4285068152418386e+19,-6.944131862089327e-05,0.0,0.0,0.0,0.0,0.0,0.0,1.0
1779285821.9868052,2.462275726639252,-1.4484727708371973e+18,-1.570796309629198,2.438005519271825e+19,6.944131862089383e-05,0.0,0.0,0.0,0.0,0.0,0.0,1.0
1779285821.997121,2.461940294641399,-1.4523528532461898e+18,-1.5707963096789632,2.4468258276063957e+19,-6.944131862089327e-05,0.0,0.0,0.0,0.0,0.0,0.0,1.0
1779285822.0071719,2.46225202890778,-1.459233148271737e+18,-1.5707963097322397,2.4561753100836508e+19,6.944131862089383e-05,0.0,0.0,0.0,0.0,0.0,0.0,1.0
1779285822.0177343,2.4620296376744615,-1.4638172379442952e+18,-1.570796309784018,2.465448427238406e+19,-6.944131862089332e-05,0.0,0.0,0.0,0.0,0.0,0.0,1.0
1779285822.0280917,2.461686736350525,-1.4676900773148836e+18,-1.5707963098334892,2.474395365742707e+19,6.944131862089361e-05,0.0,0.0,0.0,0.0,0.0,0.0,1.0
1779285822.038198,2.4619533085375593,-1.4744213437514066e+18,-1.5707963098862134,2.4838454346925277e+19,-6.944131862089361e-05,0.0,0.0,0.0,0.0,0.0,0.0,1.0
1779285822.0482314,2.462312376485629,-1.4816257312472678e+18,-1.57079630993912,2.4933728347518607e+19,6.94413186208934e-05,0.0,0.0,0.0,0.0,0.0,0.0,1.0
1779285822.0586658,2.461990398529423,-1.4857135127682076e+18,-1.5707963099887652,2.502530055724719e+19,-6.944131862089378e-05,0.0,0.0,0.0,0.0,0.0,0.0,1.0
1779285822.0691817,2.4621062949499395,-1.492014508838641e+18,-1.5707963100421585,2.5123366286179095e+19,6.944131862089327e-05,0.0,0.0,0.0,0.0,0.0,0.0,1.0
1779285822.079375,2.46180436575913,-1.4960823491915837e+18,-1.5707963100903166,2.5213353501989237e+19,-6.944131862089387e-05,0.0,0.0,0.0,0.0,0.0,0.0,1.0
1779285822.0896842,2.462512729033469,-1.5052843011338995e+18,-1.5707963101468596,2.531722974523781e+19,6.944131862089325e-05,0.0,0.0,0.0,0.0,0.0,0.0,1.0
1779285822.1001956,2.4621140528917156,-1.5091149723779425e+18,-1.5707963101958076,2.541020918089437e+19,-6.944131862089384e-05,0.0,0.0,0.0,0.0,0.0,0.0,1.0
1779285822.1109483,2.4616046405197185,-1.512479110873775e+18,-1.5707963102450417,2.5504605410985484e+19,6.944131862089326e-05,0.0,0.0,0.0,0.0,0.0,0.0,1.0
1779285822.1213086,2.4619037600608724,-1.5197100127539894e+18,-1.5707963102981788,2.5605116904106656e+19,-6.944131862089383e-05,0.0,0.0,0.0,0.0,0.0,0.0,1.0
1779285822.1315398,2.4619250788763396,-1.5255149448966533e+18,-1.5707963103483298,2.5701261313654673e+19,6.944131862089327e-05,0.0,0.0,0.0,0.0,0.0,0.0,1.0
1779285822.1422675,2.4613321732795383,-1.5284630768920538e+18,-1.5707963103963467,2.5795421437102666e+19,-6.944131862089383e-05,0.0,0.0,0.0,0.0,0.0,0.0,1.0
1779285822.1522899,2.462029617664946,-1.5376197298577853e+18,-1.570796310450169,2.5898351448677143e+19,6.944131862089327e-05,0.0,0.0,0.0,0.0,0.0,0.0,1.0
1779285822.1628332,2.4609857179893675,-1.5381364944395822e+18,-1.570796310493086,2.5984864902232494e+19,-6.944131862089383e-05,0.0,0.0,0.0,0.0,0.0,0.0,1.0
1779285822.1728842,2.462148926863848,-1.5497939346939858e+18,-1.570796310550608,2.6095343500375687e+19,6.944131862089327e-05,0.0,0.0,0.0,0.0,0.0,0.0,1.0
1779285822.1834233,2.4619692435203873,-1.5548771205120673e+18,-1.5707963106001905,2.6194190928132895e+19,-6.944131862089383e-05,0.0,0.0,0.0,0.0,0.0,0.0,1.0
1779285822.1940117,2.4617142652998956,-1.5595799421786527e+18,-1.5707963106492029,2.629274623430817e+19,6.944131862089337e-05,0.0,0.0,0.0,0.0,0.0,0.0,1.0
1779285822.2044077,2.46167065948299,-1.5652818842489756e+18,-1.57079631069868,2.6392366869666644e+19,-6.944131862089359e-05,0.0,0.0,0.0,0.0,0.0,0.0,1.0
1779285822.2148464,2.461867137856776,-1.5722938551869235e+18,-1.570796310750057,2.649593659081924e+19,6.944131862089364e-05,0.0,0.0,0.0,0.0,0.0,0.0,1.0
1779285822.2254682,2.461295783851155,-1.5753961529159895e+18,-1.5707963107965064,2.6592064332756414e+19,-6.944131862089337e-05,0.0,0.0,0.0,0.0,0.0,0.0,1.0
1779285822.2365067,2.461217352279833,-1.5808296369318106e+18,-1.5707963108442486,2.669021466057966e+19,6.94413186208938e-05,0.0,0.0,0.0,0.0,0.0,0.0,1.0
1779285822.2460594,2.4661929670167053,-1.6128817695226388e+18,-1.5707963109261673,2.6847420252860006e+19,-6.944131862089326e-05,0.0,0.0,0.0,0.0,0.0,0.0,1.0
1779285822.2562096,2.4655808123608196,-1.6160277361989117e+18,-1.5707963109696645,2.693987234937535e+19,6.944131862089383e-05,0.0,0.0,0.0,0.0,0.0,0.0,1.0
1779285822.2668316,2.464872210764729,-1.618833348610151e+18,-1.5707963110147591,2.7036534076383597e+19,-6.944131862089327e-05,0.0,0.0,0.0,0.0,0.0,0.0,1.0
1779285822.2774837,2.463828370475454,-1.6197331185714486e+18,-1.570796311057331,2.712929383016361e+19,6.944131862089383e-05,0.0,0.0,0.0,0.0,0.0,0.0,1.0
1779285822.2879393,2.4637032207307117,-1.6253503437550292e+18,-1.5707963111054082,2.723201244105151e+19,-6.944131862089327e-05,0.0,0.0,0.0,0.0,0.0,0.0,1.0
1779285822.2980409,2.4635639575202295,-1.6306721156046198e+18,-1.570796311151325,2.7330795160475312e+19,6.944131862089383e-05,0.0,0.0,0.0,0.0,0.0,0.0,1.0
1779285822.3085353,2.463430573245473,-1.6362553972274245e+18,-1.5707963111992147,2.7434496100309e+19,-6.944131862089327e-05,0.0,0.0,0.0,0.0,0.0,0.0,1.0
1779285822.3188996,2.4629036213790663,-1.6396021006945372e+18,-1.5707963112433703,2.7531755608755356e+19,6.944131862089383e-05,0.0,0.0,0.0,0.0,0.0,0.0,1.0
1779285822.329125,2.4624249771564686,-1.643075525839429e+18,-1.5707963112869576,2.7628233446557356e+19,-6.944131862089327e-05,0.0,0.0,0.0,0.0,0.0,0.0,1.0
1779285822.3394344,2.462936500329231,-1.6520317470227786e+18,-1.5707963113380743,2.773937145941609e+19,6.944131862089383e-05,0.0,0.0,0.0,0.0,0.0,0.0,1.0
1779285822.3499293,2.4629035400863546,-1.6581914439829304e+18,-1.5707963113861465,2.7845975782423982e+19,-6.944131862089327e-05,0.0,0.0,0.0,0.0,0.0,0.0,1.0
1779285822.3602448,2.4622907445015074,-1.661034485280322e+18,-1.570796311428915,2.794293105983499e+19,6.944131862089379e-05,0.0,0.0,0.0,0.0,0.0,0.0,1.0
1779285822.3703744,2.4626621543080813,-1.6692042837116923e+18,-1.5707963114776664,2.8051372617475097e+19,-6.944131862089344e-05,0.0,0.0,0.0,0.0,0.0,0.0,1.0
1779285822.38056,2.462648406774062,-1.675329783374584e+18,-1.5707963115238206,2.8155698508500013e+19,6.944131862089353e-05,0.0,0.0,0.0,0.0,0.0,0.0,1.0
1779285822.391146,2.462568267240309,-1.6813528249188122e+18,-1.5707963115714663,2.826431913280063e+19,-6.944131862089367e-05,0.0,0.0,0.0,0.0,0.0,0.0,1.0
1779285822.4016318,2.462400093165471,-1.6868348501426345e+18,-1.5707963116177959,2.837088269805051e+19,6.944131862089336e-05,0.0,0.0,0.0,0.0,0.0,0.0,1.0
1779285822.4118147,2.4624088143182994,-1.6931431866965468e+18,-1.570796311663708,2.8476710565336277e+19,-6.94413186208938e-05,0.0,0.0,0.0,0.0,0.0,0.0,1.0
1779285822.4220593,2.4623284734988187,-1.6990090562909128e+18,-1.5707963117091588,2.858240941938309e+19,6.944131862089326e-05,0.0,0.0,0.0,0.0,0.0,0.0,1.0
1779285822.4324005,2.462069272098842,-1.7039274570377823e+18,-1.5707963117536932,2.868713660157506e+19,-6.944131862089383e-05,0.0,0.0,0.0,0.0,0.0,0.0,1.0
1779285822.4428573,2.462213057879232,-1.711222303834313e+18,-1.5707963118015338,2.8799279053628965e+19,6.944131862089327e-05,0.0,0.0,0.0,0.0,0.0,0.0,1.0
1779285822.4532166,2.4614051550484177,-1.7130284510952044e+18,-1.5707963118420176,2.889725892410514e+19,-6.944131862089383e-05,0.0,0.0,0.0,0.0,0.0,0.0,1.0
1779285822.4635284,2.46239029074597,-1.725084349600472e+18,-1.570796311894746,2.9020288953891e+19,6.944131862089327e-05,0.0,0.0,0.0,0.0,0.0,0.0,1.0
1779285822.4741175,2.461987409779077,-1.7294478819352077e+18,-1.5707963119390587,2.9127753745594933e+19,-6.944131862089383e-05,0.0,0.0,0.0,0.0,0.0,0.0,1.0
1779285822.4842298,2.462010103301497,-1.735956860661657e+18,-1.5707963119837745,2.923572151552933e+19,6.944131862089327e-05,0.0,0.0,0.0,0.0,0.0,0.0,1.0
1779285822.4947612,2.461754139849334,-1.7411311114108925e+18,-1.5707963120285253,2.934526859102732e+19,-6.944131862089383e-05,0.0,0.0,0.0,0.0,0.0,0.0,1.0
1779285822.5052722,2.4616560028111194,-1.7472077708762662e+18,-1.5707963120740849,2.9457097370664997e+19,6.944131862089327e-05,0.0,0.0,0.0,0.0,0.0,0.0,1.0
1779285822.51526,2.4622996970199393,-1.7573464610095657e+18,-1.5707963121220676,2.957364158266961e+19,-6.944131862089383e-05,0.0,0.0,0.0,0.0,0.0,0.0,1.0
1779285822.5254607,2.462044390653777,-1.762427823473836e+18,-1.570796312164807,2.9680438614031827e+19,6.944131862089327e-05,0.0,0.0,0.0,0.0,0.0,0.0,1.0
1779285822.5359263,2.4622107647594924,-1.770168414903617e+18,-1.5707963122116377,2.9797043737266823e+19,-6.944131862089374e-05,0.0,0.0,0.0,0.0,0.0,0.0,1.0
1779285822.5466547,2.46138851155494,-1.772243503066515e+18,-1.5707963122528574,2.990303195187262e+19,6.944131862089352e-05,0.0,0.0,0.0,0.0,0.0,0.0,1.0
1779285822.5569358,2.461863811267687,-1.7816906093185393e+18,-1.5707963123005382,3.0022487655032803e+19,-6.944131862089346e-05,0.0,0.0,0.0,0.0,0.0,0.0,1.0
1779285822.5672781,2.4615261050657895,-1.7864030827303468e+18,-1.570796312342863,3.013135607141231e+19,6.944131862089372e-05,0.0,0.0,0.0,0.0,0.0,0.0,1.0
1779285822.5777705,2.461532120033577,-1.7932637530730186e+18,-1.5707963123881434,3.024759076296926e+19,-6.944131862089332e-05,0.0,0.0,0.0,0.0,0.0,0.0,1.0
1779285822.5881212,2.462045957885564,-1.8031378065607716e+18,-1.5707963124360222,3.036995570810539e+19,6.944131862089383e-05,0.0,0.0,0.0,0.0,0.0,0.0,1.0
1779285822.5983276,2.461650787127553,-1.8075069181437678e+18,-1.570796312476943,3.04775754213285e+19,-6.944131862089323e-05,0.0,0.0,0.0,0.0,0.0,0.0,1.0
1779285822.608491,2.4616148855428337,-1.8139959980841178e+18,-1.570796312519913,3.059024763651568e+19,6.944131862089386e-05,0.0,0.0,0.0,0.0,0.0,0.0,1.0
1779285822.618925,2.4621211914420247,-1.8240024327923484e+18,-1.5707963125677085,3.0714941241949946e+19,-6.944131862089326e-05,0.0,0.0,0.0,0.0,0.0,0.0,1.0
1779285822.6292567,2.462048398650354,-1.8305012347397212e+18,-1.5707963126110558,3.0830332085058036e+19,6.944131862089383e-05,0.0,0.0,0.0,0.0,0.0,0.0,1.0
1779285822.6392827,2.462362690508944,-1.8391899478667438e+18,-1.5707963126553661,3.0947978617144467e+19,-6.944131862089327e-05,0.0,0.0,0.0,0.0,0.0,0.0,1.0
1779285822.6495948,2.4624094076030496,-1.8464835253261028e+18,-1.5707963126991569,3.106582332076151e+19,6.944131862089383e-05,0.0,0.0,0.0,0.0,0.0,0.0,1.0
1779285822.659773,2.462146371904552,-1.851785814782218e+18,-1.5707963127400966,3.1177594514303013e+19,-6.944131862089327e-05,0.0,0.0,0.0,0.0,0.0,0.0,1.0
1779285822.67005,2.462343159312032,-1.8600011073862118e+18,-1.5707963127844171,3.129803618509356e+19,6.944131862089383e-05,0.0,0.0,0.0,0.0,0.0,0.0,1.0
1779285822.6806388,2.4619091969930738,-1.8645317343398625e+18,-1.570796312825901,3.1413324516675887e+19,-6.944131862089327e-05,0.0,0.0,0.0,0.0,0.0,0.0,1.0
1779285822.691184,2.4611727576285447,-1.8670915462822807e+18,-1.5707963128650522,3.152374553590395e+19,6.944131862089383e-05,0.0,0.0,0.0,0.0,0.0,0.0,1.0
1779285822.7013798,2.4620401565325687,-1.8794416527311672e+18,-1.5707963129129117,3.165452225778618e+19,-6.944131862089327e-05,0.0,0.0,0.0,0.0,0.0,0.0,1.0
1779285822.7118473,2.4622529766221577,-1.8880147994170875e+18,-1.5707963129577023,3.177958325098814e+19,6.94413186208937e-05,0.0,0.0,0.0,0.0,0.0,0.0,1.0
1779285822.722574,2.461266041663111,-1.8891854183273772e+18,-1.570796312995636,3.188959938555852e+19,-6.944131862089356e-05,0.0,0.0,0.0,0.0,0.0,0.0,1.0
1779285822.732562,2.4621858386359405,-1.9018956553345828e+18,-1.5707963130424478,3.2019990328666284e+19,6.944131862089344e-05,0.0,0.0,0.0,0.0,0.0,0.0,1.0
1779285822.742957,2.4617865674023225,-1.9066245322060221e+18,-1.5707963130825515,3.2135983703421366e+19,-6.944131862089375e-05,0.0,0.0,0.0,0.0,0.0,0.0,1.0
1779285822.7534685,2.461919557737434,-1.9148088705858678e+18,-1.5707963131264533,3.2262148922305163e+19,6.944131862089329e-05,0.0,0.0,0.0,0.0,0.0,0.0,1.0
1779285822.7636232,2.461825887445787,-1.9213375467798984e+18,-1.5707963131671299,3.2380461061062304e+19,-6.944131862089386e-05,0.0,0.0,0.0,0.0,0.0,0.0,1.0
1779285822.7739272,2.461745586492738,-1.9280685846889572e+18,-1.5707963132084708,3.2501469838217896e+19,6.944131862089326e-05,0.0,0.0,0.0,0.0,0.0,0.0,1.0
1779285822.7841368,2.4622562538829142,-1.938586593113673e+18,-1.5707963132530076,3.263097058444589e+19,-6.944131862089383e-05,0.0,0.0,0.0,0.0,0.0,0.0,1.0
1779285822.7942796,2.462326391230052,-1.9462947184530703e+18,-1.5707963132943257,3.2753161365945704e+19,6.944131862089327e-05,0.0,0.0,0.0,0.0,0.0,0.0,1.0
1779285822.8046732,2.4622990590854648,-1.9535761101449147e+18,-1.5707963133360574,3.2877727583519085e+19,-6.944131862089383e-05,0.0,0.0,0.0,0.0,0.0,0.0,1.0
1779285822.814936,2.461609639381639,-1.9564278529472707e+18,-1.5707963133728593,3.299026743214751e+19,6.944131862089327e-05,0.0,0.0,0.0,0.0,0.0,0.0,1.0
1779285822.8249574,2.4625613523058645,-1.9698393313599178e+18,-1.5707963134187486,3.3126085637903106e+19,-6.944131862089383e-05,0.0,0.0,0.0,0.0,0.0,0.0,1.0
1779285822.835209,2.4625436925369137,-1.9771901227885379e+18,-1.570796313459533,3.3250297949589172e+19,6.944131862089327e-05,0.0,0.0,0.0,0.0,0.0,0.0,1.0
1779285822.8457384,2.462389849211866,-1.983855831890539e+18,-1.5707963135005918,3.3376622431766057e+19,-6.944131862089383e-05,0.0,0.0,0.0,0.0,0.0,0.0,1.0
1779285822.8557923,2.462754361732568,-1.9936331442068623e+18,-1.5707963135426075,3.3505167490672517e+19,6.944131862089327e-05,0.0,0.0,0.0,0.0,0.0,0.0,1.0
1779285822.8659878,2.4622098717186978,-1.997503701242676e+18,-1.5707963135794785,3.362136266601222e+19,-6.944131862089383e-05,0.0,0.0,0.0,0.0,0.0,0.0,1.0
1779285822.876135,2.4626771715182656,-2.0080695696887706e+18,-1.5707963136222869,3.375379616164593e+19,6.944131862089332e-05,0.0,0.0,0.0,0.0,0.0,0.0,1.0
1779285822.8868682,2.461425982438484,-2.0075699596740856e+18,-1.5707963136569403,3.386673231992193e+19,-6.944131862089361e-05,0.0,0.0,0.0,0.0,0.0,0.0,1.0
1779285822.89692,2.462230882858373,-2.0203134282539356e+18,-1.5707963137010905,3.4004107538416574e+19,6.944131862089361e-05,0.0,0.0,0.0,0.0,0.0,0.0,1.0
1779285822.9071076,2.4623978199930487,-2.0289923726294492e+18,-1.570796313741824,3.4133559595493458e+19,-6.94413186208934e-05,0.0,0.0,0.0,0.0,0.0,0.0,1.0
1779285822.91729,2.4621210582973694,-2.034676745326924e+18,-1.5707963137795993,3.4255745268527624e+19,6.944131862089378e-05,0.0,0.0,0.0,0.0,0.0,0.0,1.0
1779285822.9272623,2.4627498928714613,-2.0464235502040008e+18,-1.5707963138220953,3.4391204219103465e+19,-6.944131862089327e-05,0.0,0.0,0.0,0.0,0.0,0.0,1.0
1779285822.937423,2.462779443846794,-2.0543047164793667e+18,-1.5707963138615528,3.4519609855934317e+19,6.944131862089387e-05,0.0,0.0,0.0,0.0,0.0,0.0,1.0
1779285822.947917,2.462713923282015,-2.0618063521648205e+18,-1.5707963139017773,3.465172752376745e+19,-6.944131862089325e-05,0.0,0.0,0.0,0.0,0.0,0.0,1.0
1779285822.9585466,2.4619981872239665,-2.064917713988496e+18,-1.570796313938515,3.4775250788307157e+19,6.944131862089384e-05,0.0,0.0,0.0,0.0,0.0,0.0,1.0
1779285822.9687057,2.4619480771364803,-2.072206435092029e+18,-1.5707963139770729,3.490346985083562e+19,-6.944131862089326e-05,0.0,0.0,0.0,0.0,0.0,0.0,1.0
1779285822.9791908,2.46211240885005,-2.0812624794585748e+18,-1.570796314018238,3.5040630062135796e+19,6.944131862089383e-05,0.0,0.0,0.0,0.0,0.0,0.0,1.0
1779285822.989227,2.4623772751776514,-2.0907523019454205e+18,-1.5707963140579502,3.517350844516219e+19,-6.944131862089327e-05,0.0,0.0,0.0,0.0,0.0,0.0,1.0
1779285822.99942,2.462628246190139,-2.100336490858947e+18,-1.5707963140981425,3.530899831057976e+19,6.944131862089383e-05,0.0,0.0,0.0,0.0,0.0,0.0,1.0
1779285823.0097775,2.4621702984337928,-2.105113002226051e+18,-1.570796314134701,3.5435265987203686e+19,-6.944131862089327e-05,0.0,0.0,0.0,0.0,0.0,0.0,1.0
1779285823.0198576,2.4624535410759334,-2.114871299093192e+18,-1.5707963141743428,3.557056568307938e+19,6.944131862089383e-05,0.0,0.0,0.0,0.0,0.0,0.0,1.0
1779285823.0299213,2.4626340455163964,-2.123966673586533e+18,-1.5707963142132124,3.570446136053307e+19,-6.944131862089327e-05,0.0,0.0,0.0,0.0,0.0,0.0,1.0
1779285823.040457,2.462324425452974,-2.1299891617677368e+18,-1.5707963142511057,3.5837473521930453e+19,6.944131862089383e-05,0.0,0.0,0.0,0.0,0.0,0.0,1.0
1779285823.0508332,2.462234661689417,-2.1374336662765112e+18,-1.5707963142894583,3.5972254700745392e+19,-6.944131862089337e-05,0.0,0.0,0.0,0.0,0.0,0.0,1.0
1779285823.0609605,2.462317487484892,-2.145942306575168e+18,-1.5707963143276542,3.610681232392776e+19,6.944131862089359e-05,0.0,0.0,0.0,0.0,0.0,0.0,1.0
1779285823.0714543,2.462190845750412,-2.153273514767335e+18,-1.570796314366086,3.6243828991423123e+19,-6.944131862089364e-05,0.0,0.0,0.0,0.0,0.0,0.0,1.0
1779285823.0818524,2.462156617543782,-2.1612123047409116e+18,-1.570796314404536,3.6381531083069116e+19,6.944131862089337e-05,0.0,0.0,0.0,0.0,0.0,0.0,1.0
1779285823.092335,2.461438854946835,-2.164272760720358e+18,-1.5707963144392376,3.6508865725910872e+19,-6.94413186208938e-05,0.0,0.0,0.0,0.0,0.0,0.0,1.0
1779285823.1024785,2.462243459813291,-2.1780842764980762e+18,-1.5707963144812167,3.6658415406112453e+19,6.944131862089326e-05,0.0,0.0,0.0,0.0,0.0,0.0,1.0
1779285823.1126988,2.4620839978081905,-2.1850767485693256e+18,-1.5707963145178307,3.6792628904034763e+19,-6.944131862089383e-05,0.0,0.0,0.0,0.0,0.0,0.0,1.0
1779285823.1230233,2.461929711878246,-2.1921910658308588e+18,-1.5707963145548023,3.69290296431922e+19,6.944131862089327e-05,0.0,0.0,0.0,0.0,0.0,0.0,1.0
1779285823.133425,2.46208530305144,-2.2016650236926643e+18,-1.5707963145937893,3.707279521452713e+19,-6.944131862089383e-05,0.0,0.0,0.0,0.0,0.0,0.0,1.0
1779285823.1435726,2.4622926418510773,-2.2113833914865526e+18,-1.5707963146318988,3.7214106264870175e+19,6.944131862089327e-05,0.0,0.0,0.0,0.0,0.0,0.0,1.0
1779285823.1538997,2.4621289247866525,-2.218552110186593e+18,-1.5707963146685144,3.735202750658623e+19,-6.944131862089383e-05,0.0,0.0,0.0,0.0,0.0,0.0,1.0
1779285823.1645012,2.461827314153053,-2.2249138416237888e+18,-1.5707963147053703,3.749225330895545e+19,6.944131862089327e-05,0.0,0.0,0.0,0.0,0.0,0.0,1.0
1779285823.1750526,2.461768705346012,-2.2330379897278129e+18,-1.5707963147432804,3.763660996161118e+19,-6.944131862089383e-05,0.0,0.0,0.0,0.0,0.0,0.0,1.0
1779285823.185553,2.461824580537152,-2.2420162174935124e+18,-1.570796314781528,3.778286913813738e+19,6.944131862089327e-05,0.0,0.0,0.0,0.0,0.0,0.0,1.0
1779285823.1959875,2.4616139447956233,-2.2489714666183468e+18,-1.5707963148178483,3.792359258054603e+19,-6.944131862089383e-05,0.0,0.0,0.0,0.0,0.0,0.0,1.0
1779285823.2064984,2.4613005098461267,-2.2552083550754122e+18,-1.5707963148537945,3.806414417285935e+19,6.944131862089327e-05,0.0,0.0,0.0,0.0,0.0,0.0,1.0
1779285823.2167263,2.461781309358653,-2.2672422564249969e+18,-1.57079631489294,3.821543612779221e+19,-6.944131862089379e-05,0.0,0.0,0.0,0.0,0.0,0.0,1.0
1779285823.2273026,2.46150496906206,-2.273912792350096e+18,-1.5707963149291682,3.835892806588718e+19,6.944131862089344e-05,0.0,0.0,0.0,0.0,0.0,0.0,1.0
1779285823.2374368,2.4620148789227145,-2.2862319474784932e+18,-1.5707963149678728,3.851049523422884e+19,-6.944131862089353e-05,0.0,0.0,0.0,0.0,0.0,0.0,1.0
1779285823.2481544,2.4608897870227633,-2.2865839406893025e+18,-1.5707963149997455,3.864149139775727e+19,6.944131862089367e-05,0.0,0.0,0.0,0.0,0.0,0.0,1.0
1779285823.2580621,2.461968302089688,-2.3031067713398648e+18,-1.5707963150404434,3.880111416013289e+19,-6.944131862089336e-05,0.0,0.0,0.0,0.0,0.0,0.0,1.0
1779285823.2682729,2.4618104588433107,-2.3105392066855496e+18,-1.570796315075439,3.894314894195129e+19,6.94413186208938e-05,0.0,0.0,0.0,0.0,0.0,0.0,1.0
1779285823.2787254,2.4609294784261415,-2.3125319204562473e+18,-1.5707963151072593,3.907568048893039e+19,-6.944131862089326e-05,0.0,0.0,0.0,0.0,0.0,0.0,1.0
1779285823.28917,2.4620464897180456,-2.3299972745484206e+18,-1.5707963151499322,3.9246621536472515e+19,6.944131862089383e-05,0.0,0.0,0.0,0.0,0.0,0.0,1.0
1779285823.2996607,2.461903441586007,-2.337895284155746e+18,-1.5707963151858084,3.939522093025073e+19,-6.944131862089327e-05,0.0,0.0,0.0,0.0,0.0,0.0,1.0
1779285823.3097067,2.462247354790228,-2.349249729223531e+18,-1.5707963152224753,3.9546388572003885e+19,6.944131862089383e-05,0.0,0.0,0.0,0.0,0.0,0.0,1.0
1779285823.3202052,2.461947257970336,-2.3559975239167846e+18,-1.5707963152573343,3.969333850163401e+19,-6.944131862089327e-05,0.0,0.0,0.0,0.0,0.0,0.0,1.0
1779285823.3303401,2.461989259129711,-2.3651053604458675e+18,-1.5707963152924629,3.984116220513178e+19,6.944131862089383e-05,0.0,0.0,0.0,0.0,0.0,0.0,1.0
1779285823.3409355,2.461605234427729,-2.371256395647936e+18,-1.5707963153270015,3.99890190828955e+19,-6.944131862089327e-05,0.0,0.0,0.0,0.0,0.0,0.0,1.0
1779285823.3510005,2.4622017383922685,-2.384747584836697e+18,-1.5707963153646367,4.014758593369588e+19,6.944131862089383e-05,0.0,0.0,0.0,0.0,0.0,0.0,1.0
1779285823.3610623,2.462480964251735,-2.395833023021605e+18,-1.570796315400433,4.030052228080346e+19,-6.944131862089327e-05,0.0,0.0,0.0,0.0,0.0,0.0,1.0
1779285823.3712826,2.462181960948605,-2.402482178298561e+18,-1.5707963154336706,4.044550035851074e+19,6.944131862089383e-05,0.0,0.0,0.0,0.0,0.0,0.0,1.0
1779285823.3816447,2.4624915801080363,-2.4141418136283566e+18,-1.5707963154706015,4.0605383706674315e+19,-6.944131862089327e-05,0.0,0.0,0.0,0.0,0.0,0.0,1.0
1779285823.391996,2.462355034585573,-2.422261763118836e+18,-1.5707963155049967,4.0756865901668426e+19,6.944131862089374e-05,0.0,0.0,0.0,0.0,0.0,0.0,1.0
1779285823.4021964,2.4623707930663357,-2.43148940665711e+18,-1.57079631553952,4.090936989031074e+19,-6.944131862089352e-05,0.0,0.0,0.0,0.0,0.0,0.0,1.0
1779285823.4125085,2.4623729161067733,-2.4407336018093793e+18,-1.5707963155742877,4.1064056334652146e+19,6.944131862089346e-05,0.0,0.0,0.0,0.0,0.0,0.0,1.0
1779285823.4230847,2.461863423128415,-2.4460456991957586e+18,-1.57079631560727,4.121366196420313e+19,-6.944131862089372e-05,0.0,0.0,0.0,0.0,0.0,0.0,1.0
1779285823.4334292,2.46219735766974,-2.458026964259936e+18,-1.5707963156436664,4.137656213600938e+19,6.944131862089332e-05,0.0,0.0,0.0,0.0,0.0,0.0,1.0
1779285823.4438484,2.4620842640882405,-2.466487020796373e+18,-1.570796315677901,4.1532439202305e+19,-6.944131862089383e-05,0.0,0.0,0.0,0.0,0.0,0.0,1.0
1779285823.4539535,2.462165103067835,-2.476286167589372e+18,-1.570796315711859,4.168736218187799e+19,6.944131862089323e-05,0.0,0.0,0.0,0.0,0.0,0.0,1.0
1779285823.464554,2.4617439327331927,-2.4823958824653885e+18,-1.5707963157449698,4.184131605545417e+19,-6.944131862089386e-05,0.0,0.0,0.0,0.0,0.0,0.0,1.0
1779285823.4750626,2.461925002102547,-2.493413157835844e+18,-1.5707963157807514,4.200644340743935e+19,6.944131862089326e-05,0.0,0.0,0.0,0.0,0.0,0.0,1.0
1779285823.485279,2.461510222854052,-2.499240239935565e+18,-1.5707963158122245,4.215477698158878e+19,-6.944131862089383e-05,0.0,0.0,0.0,0.0,0.0,0.0,1.0
1779285823.4952993,2.462367464215048,-2.515568933444825e+18,-1.5707963158494656,4.232645168552907e+19,6.944131862089327e-05,0.0,0.0,0.0,0.0,0.0,0.0,1.0
1779285823.5055308,2.4619703151888226,-2.521690086562444e+18,-1.5707963158809333,4.247675130729621e+19,-6.944131862089383e-05,0.0,0.0,0.0,0.0,0.0,0.0,1.0
1779285823.5162687,2.4619730141833593,-2.5316204721938063e+18,-1.5707963159162501,4.264491750155113e+19,6.944131862089327e-05,0.0,0.0,0.0,0.0,0.0,0.0,1.0
1779285823.5269198,2.461450065865289,-2.5370354783981937e+18,-1.5707963159484324,4.280117325167385e+19,-6.944131862089383e-05,0.0,0.0,0.0,0.0,0.0,0.0,1.0
1779285823.5370784,2.4620061367904365,-2.5511623906190326e+18,-1.5707963159841836,4.297159107744944e+19,6.944131862089327e-05,0.0,0.0,0.0,0.0,0.0,0.0,1.0
1779285823.5476577,2.4617453480926894,-2.5588244232378317e+18,-1.5707963160172445,4.313327960461752e+19,-6.944131862089383e-05,0.0,0.0,0.0,0.0,0.0,0.0,1.0
1779285823.5578542,2.4617810214150615,-2.5686711906172047e+18,-1.5707963160502973,4.329485021558522e+19,6.944131862089327e-05,0.0,0.0,0.0,0.0,0.0,0.0,1.0
1779285823.56819,2.4616050017377895,-2.576852548069573e+18,-1.5707963160826648,4.345494813850786e+19,-6.94413186208937e-05,0.0,0.0,0.0,0.0,0.0,0.0,1.0
1779285823.5788429,2.461097890213813,-2.5824538694117345e+18,-1.5707963161144196,4.361434787536388e+19,6.944131862089356e-05,0.0,0.0,0.0,0.0,0.0,0.0,1.0
1779285823.5892298,2.4613861580001313,-2.5946832549671593e+18,-1.5707963161490999,4.378634159502851e+19,-6.944131862089344e-05,0.0,0.0,0.0,0.0,0.0,0.0,1.0
1779285823.5996063,2.4620785438610358,-2.6105669416346025e+18,-1.5707963161857088,4.396775298287566e+19,6.944131862089375e-05,0.0,0.0,0.0,0.0,0.0,0.0,1.0
1779285823.6100078,2.4616329307760063,-2.616655670419464e+18,-1.5707963162165812,4.412581133634693e+19,-6.944131862089329e-05,0.0,0.0,0.0,0.0,0.0,0.0,1.0
1779285823.6200325,2.4622767542849955,-2.6319389061833344e+18,-1.5707963162514467,4.4301041405152305e+19,6.944131862089386e-05,0.0,0.0,0.0,0.0,0.0,0.0,1.0
1779285823.6307962,2.461368033247991,-2.634360563639964e+18,-1.5707963162811946,4.445732032490029e+19,-6.944131862089326e-05,0.0,0.0,0.0,0.0,0.0,0.0,1.0
1779285823.6408334,2.461955480709399,-2.6492113714275277e+18,-1.5707963163155925,4.463273486728336e+19,6.944131862089383e-05,0.0,0.0,0.0,0.0,0.0,0.0,1.0
1779285823.6512613,2.4616319373941944,-2.6564849377596923e+18,-1.570796316346832,4.479655352981723e+19,-6.944131862089327e-05,0.0,0.0,0.0,0.0,0.0,0.0,1.0
1779285823.661362,2.4621777420194153,-2.6711856449502874e+18,-1.5707963163810519,4.497365999801495e+19,6.944131862089383e-05,0.0,0.0,0.0,0.0,0.0,0.0,1.0
1779285823.6716027,2.462157489291378,-2.681093927548069e+18,-1.5707963164129217,4.514187530152925e+19,-6.944131862089327e-05,0.0,0.0,0.0,0.0,0.0,0.0,1.0
1779285823.6818,2.462250287315465,-2.6920011588235827e+18,-1.570796316445083,4.531233452862077e+19,6.944131862089383e-05,0.0,0.0,0.0,0.0,0.0,0.0,1.0
1779285823.692246,2.46198138003972,-2.699932758931169e+18,-1.5707963164762873,4.548028951133714e+19,-6.944131862089327e-05,0.0,0.0,0.0,0.0,0.0,0.0,1.0
1779285823.7025359,2.461783974697893,-2.7082975802946847e+18,-1.5707963165070586,4.564671542042214e+19,6.944131862089383e-05,0.0,0.0,0.0,0.0,0.0,0.0,1.0
1779285823.712685,2.4622092411798127,-2.722250572793937e+18,-1.57079631654044,4.582592344257827e+19,-6.944131862089327e-05,0.0,0.0,0.0,0.0,0.0,0.0,1.0
1779285823.7228196,2.4622081890298992,-2.7323901626396877e+18,-1.5707963165715304,4.599559663182028e+19,6.944131862089383e-05,0.0,0.0,0.0,0.0,0.0,0.0,1.0
1779285823.7329206,2.462508610541886,-2.745297973953785e+18,-1.5707963166038619,4.617203362067277e+19,-6.944131862089332e-05,0.0,0.0,0.0,0.0,0.0,0.0,1.0
1779285823.7434008,2.46262410152243,-2.756985677967029e+18,-1.5707963166365562,4.635251683552692e+19,6.944131862089361e-05,0.0,0.0,0.0,0.0,0.0,0.0,1.0
1779285823.7536783,2.462253528382737,-2.764019836529822e+18,-1.570796316666111,4.651868735377758e+19,-6.944131862089361e-05,0.0,0.0,0.0,0.0,0.0,0.0,1.0
1779285823.7643154,2.461832131918719,-2.7708842192812083e+18,-1.5707963166965606,4.6691184730405814e+19,6.94413186208934e-05,0.0,0.0,0.0,0.0,0.0,0.0,1.0
1779285823.7744865,2.4617225585785567,-2.780134816322503e+18,-1.570796316726777,4.686217056569773e+19,-6.944131862089378e-05,0.0,0.0,0.0,0.0,0.0,0.0,1.0
1779285823.7847338,2.4618537801448097,-2.7917320219870003e+18,-1.5707963167582943,4.704071594075421e+19,6.944131862089327e-05,0.0,0.0,0.0,0.0,0.0,0.0,1.0
1779285823.7953093,2.4620673646592683,-2.8045114546244076e+18,-1.5707963167912298,4.722832982495502e+19,-6.944131862089387e-05,0.0,0.0,0.0,0.0,0.0,0.0,1.0
1779285823.805436,2.462282301484452,-2.8169533097737503e+18,-1.5707963168225625,4.740799552072687e+19,6.944131862089325e-05,0.0,0.0,0.0,0.0,0.0,0.0,1.0
1779285823.8157802,2.462002268852643,-2.8250139328974295e+18,-1.5707963168522305,4.758129008904308e+19,-6.944131862089384e-05,0.0,0.0,0.0,0.0,0.0,0.0,1.0
1779285823.826136,2.461660256012072,-2.832461634644447e+18,-1.5707963168815358,4.77538453548884e+19,6.944131862089326e-05,0.0,0.0,0.0,0.0,0.0,0.0,1.0
1779285823.8365371,2.4615294173117195,-2.8419313760859433e+18,-1.570796316911877,4.79327395680155e+19,-6.944131862089383e-05,0.0,0.0,0.0,0.0,0.0,0.0,1.0
1779285823.8470418,2.461672190367063,-2.854150973435756e+18,-1.570796316943748,4.812078117346522e+19,6.944131862089327e-05,0.0,0.0,0.0,0.0,0.0,0.0,1.0
1779285823.857148,2.461719901428082,-2.8651341884477256e+18,-1.5707963169737524,4.8299362312506565e+19,-6.944131862089383e-05,0.0,0.0,0.0,0.0,0.0,0.0,1.0
1779285823.8675063,2.4623265694576584,-2.881833216009897e+18,-1.5707963170071055,4.849698274962335e+19,6.944131862089327e-05,0.0,0.0,0.0,0.0,0.0,0.0,1.0
1779285823.878309,2.4611195292097867,-2.8815773130213064e+18,-1.5707963170334032,4.8661017823312e+19,-6.944131862089383e-05,0.0,0.0,0.0,0.0,0.0,0.0,1.0
1779285823.8886678,2.4619295777356527,-2.9002611792987116e+18,-1.5707963170674675,4.88647760528025e+19,6.944131862089327e-05,0.0,0.0,0.0,0.0,0.0,0.0,1.0
1779285823.899064,2.4608193513127112,-2.900468277360879e+18,-1.5707963170927377,4.902423944211082e+19,-6.944131862089383e-05,0.0,0.0,0.0,0.0,0.0,0.0,1.0
1779285823.9090974,2.4622639062775193,-2.925122001912534e+18,-1.5707963171283976,4.923789664837036e+19,6.944131862089337e-05,0.0,0.0,0.0,0.0,0.0,0.0,1.0
1779285823.91957,2.4623622024942295,-2.937416651988287e+18,-1.5707963171593504,4.9429794896171385e+19,-6.944131862089359e-05,0.0,0.0,0.0,0.0,0.0,0.0,1.0
1779285823.9297156,2.4623956214380702,-2.9487680546961137e+18,-1.5707963171888168,4.9613974581484814e+19,6.944131862089364e-05,0.0,0.0,0.0,0.0,0.0,0.0,1.0
1779285823.9400413,2.4613834704736175,-2.949962173105142e+18,-1.5707963172140182,4.977698826174205e+19,-6.944131862089337e-05,0.0,0.0,0.0,0.0,0.0,0.0,1.0
1779285823.9504056,2.4623623779600106,-2.9708055248690294e+18,-1.570796317248241,4.998964676831101e+19,6.94413186208938e-05,0.0,0.0,0.0,0.0,0.0,0.0,1.0
1779285823.9610293,2.461797597626819,-2.976805191095266e+18,-1.5707963172762878,5.017116742688635e+19,-6.944131862089326e-05,0.0,0.0,0.0,0.0,0.0,0.0,1.0
1779285823.9715898,2.4615356485892073,-2.985676012338681e+18,-1.5707963173054034,5.035940597281002e+19,6.944131862089383e-05,0.0,0.0,0.0,0.0,0.0,0.0,1.0
1779285823.9821842,2.4612912595131737,-2.994735413595336e+18,-1.5707963173345856,5.054925637088258e+19,-6.944131862089327e-05,0.0,0.0,0.0,0.0,0.0,0.0,1.0
1779285823.9921136,2.46231597436965,-3.0159075696640276e+18,-1.570796317367213,5.075728367048525e+19,6.944131862089383e-05,0.0,0.0,0.0,0.0,0.0,0.0,1.0
1779285824.0027578,2.460188004225468,-3.006123486915498e+18,-1.5707963173879285,5.0902474317247005e+19,-6.944131862089327e-05,0.0,0.0,0.0,0.0,0.0,0.0,1.0
1779285824.012753,2.4627694836909586,-3.0430996773851924e+18,-1.5707963174273367,5.115116665247484e+19,6.944131862089383e-05,0.0,0.0,0.0,0.0,0.0,0.0,1.0
1779285824.0232651,2.462422450278146,-3.0514871647561093e+18,-1.5707963174555453,5.134044342344174e+19,-6.944131862089327e-05,0.0,0.0,0.0,0.0,0.0,0.0,1.0
1779285824.0339744,2.462355213928386,-3.062895642339503e+18,-1.5707963174854995,5.154148356698429e+19,6.944131862089383e-05,0.0,0.0,0.0,0.0,0.0,0.0,1.0
1779285824.0441031,2.462353470747281,-3.0743206693137e+18,-1.5707963175137196,5.17318525104187e+19,-6.944131862089327e-05,0.0,0.0,0.0,0.0,0.0,0.0,1.0
1779285824.0543149,2.4617808790547384,-3.0799807035520973e+18,-1.570796317539684,5.191070011838874e+19,6.944131862089383e-05,0.0,0.0,0.0,0.0,0.0,0.0,1.0
1779285824.0644865,2.462681104271959,-3.100761101259754e+18,-1.5707963175718198,5.212633780816696e+19,-6.944131862089327e-05,0.0,0.0,0.0,0.0,0.0,0.0,1.0
1779285824.0748103,2.462966588349727,-3.1156004739978353e+18,-1.5707963176017241,5.233102993262865e+19,6.944131862089379e-05,0.0,0.0,0.0,0.0,0.0,0.0,1.0
1779285824.0850024,2.4626800692012942,-3.1244039654573353e+18,-1.5707963176286475,5.251903651931946e+19,-6.944131862089344e-05,0.0,0.0,0.0,0.0,0.0,0.0,1.0
1779285824.0951493,2.4625967827584154,-3.1352266726408064e+18,-1.5707963176561894,5.271165819536431e+19,6.944131862089353e-05,0.0,0.0,0.0,0.0,0.0,0.0,1.0
1779285824.1059349,2.461989177126943,-3.14127020330633e+18,-1.570796317683407,5.290572319976485e+19,-6.944131862089367e-05,0.0,0.0,0.0,0.0,0.0,0.0,1.0
1779285824.116543,2.4616340515873207,-3.149642691846399e+18,-1.5707963177109838,5.3102401284058595e+19,6.944131862089336e-05,0.0,0.0,0.0,0.0,0.0,0.0,1.0
1779285824.1267006,2.462001980622492,-3.165160837722673e+18,-1.570796317740211,5.330880285994655e+19,-6.94413186208938e-05,0.0,0.0,0.0,0.0,0.0,0.0,1.0
1779285824.1374176,2.4623251412652394,-3.1810061422783985e+18,-1.5707963177709323,5.352770261298356e+19,6.944131862089326e-05,0.0,0.0,0.0,0.0,0.0,0.0,1.0
1779285824.1479871,2.461981310493284,-3.1896981387862226e+18,-1.5707963177982858,5.372689408047257e+19,-6.944131862089383e-05,0.0,0.0,0.0,0.0,0.0,0.0,1.0
1779285824.1585255,2.4610573275145713,-3.192059594576109e+18,-1.5707963178229534,5.391048956332181e+19,6.944131862089327e-05,0.0,0.0,0.0,0.0,0.0,0.0,1.0
1779285824.1687078,2.462076431163448,-3.2147629948908923e+18,-1.5707963178546394,5.413761217756424e+19,-6.944131862089383e-05,0.0,0.0,0.0,0.0,0.0,0.0,1.0
1779285824.1793337,2.4614812027075836,-3.2208592550696407e+18,-1.5707963178808328,5.433347553106872e+19,6.944131862089327e-05,0.0,0.0,0.0,0.0,0.0,0.0,1.0
1779285824.1894603,2.4620490242201867,-3.238895204303715e+18,-1.570796317910288,5.454937247462638e+19,-6.944131862089383e-05,0.0,0.0,0.0,0.0,0.0,0.0,1.0
1779285824.1999946,2.461679664479816,-3.2473988408327956e+18,-1.5707963179369961,5.4750703384345625e+19,6.944131862089327e-05,0.0,0.0,0.0,0.0,0.0,0.0,1.0
1779285824.2106955,2.4610584612161492,-3.253284255477399e+18,-1.5707963179630602,5.4949689166099096e+19,-6.944131862089383e-05,0.0,0.0,0.0,0.0,0.0,0.0,1.0
1779285824.2211044,2.461732979134062,-3.2729530761120543e+18,-1.5707963179935336,5.517728992869147e+19,6.944131862089327e-05,0.0,0.0,0.0,0.0,0.0,0.0,1.0
1779285824.231326,2.461836293185054,-3.2863592545841203e+18,-1.5707963180210136,5.538641540501374e+19,-6.944131862089383e-05,0.0,0.0,0.0,0.0,0.0,0.0,1.0
1779285824.2415688,2.461835094735723,-3.29870442633382e+18,-1.570796318048044,5.559402111657146e+19,6.944131862089327e-05,0.0,0.0,0.0,0.0,0.0,0.0,1.0
1779285824.2520547,2.46193541670638,-3.312516206225021e+18,-1.5707963180761462,5.581089916222577e+19,-6.944131862089374e-05,0.0,0.0,0.0,0.0,0.0,0.0,1.0
1779285824.2624338,2.462001137985847,-3.325879281408111e+18,-1.5707963181036724,5.602496926373035e+19,6.944131862089352e-05,0.0,0.0,0.0,0.0,0.0,0.0,1.0
1779285824.2726274,2.4617586862479386,-3.335614788431405e+18,-1.5707963181292752,5.6226863751488455e+19,-6.944131862089346e-05,0.0,0.0,0.0,0.0,0.0,0.0,1.0
1779285824.2830212,2.462046629413571,-3.3515652849089157e+18,-1.570796318157644,5.644943614876021e+19,6.944131862089372e-05,0.0,0.0,0.0,0.0,0.0,0.0,1.0
1779285824.2934773,2.4616877002882873,-3.3604034429201357e+18,-1.5707963181834343,5.665619059355032e+19,-6.944131862089332e-05,0.0,0.0,0.0,0.0,0.0,0.0,1.0
1779285824.3038049,2.4621510230374204,-3.3783491721152154e+18,-1.5707963182121065,5.688342943512403e+19,6.944131862089383e-05,0.0,0.0,0.0,0.0,0.0,0.0,1.0
1779285824.3145313,2.461115095770256,-3.3799156618552013e+18,-1.5707963182358058,5.707948226830158e+19,-6.944131862089323e-05,0.0,0.0,0.0,0.0,0.0,0.0,1.0
1779285824.3249872,2.4614798288924264,-3.3968855427946583e+18,-1.5707963182642486,5.730840277574012e+19,6.944131862089386e-05,0.0,0.0,0.0,0.0,0.0,0.0,1.0
1779285824.3355875,2.461137810910853,-3.406112983920593e+18,-1.5707963182902023,5.752208138463498e+19,-6.944131862089326e-05,0.0,0.0,0.0,0.0,0.0,0.0,1.0
1779285824.346007,2.461583619345119,-3.424143308671873e+18,-1.5707963183186997,5.775427398491593e+19,6.944131862089383e-05,0.0,0.0,0.0,0.0,0.0,0.0,1.0
1779285824.3564837,2.4614354930447497,-3.4355822792995103e+18,-1.5707963183449176,5.7972183557719425e+19,-6.944131862089327e-05,0.0,0.0,0.0,0.0,0.0,0.0,1.0
1779285824.3670032,2.461497446338268,-3.4495242096071547e+18,-1.5707963183720224,5.8197958403988685e+19,6.944131862089383e-05,0.0,0.0,0.0,0.0,0.0,0.0,1.0
1779285824.3779504,2.4597531629520586,-3.443011704960353e+18,-1.5707963183930023,5.8382747023410905e+19,-6.944131862089327e-05,0.0,0.0,0.0,0.0,0.0,0.0,1.0
1779285824.3881195,2.461398526242984,-3.474681663628215e+18,-1.5707963184250815,5.864556119714374e+19,6.944131862089383e-05,0.0,0.0,0.0,0.0,0.0,0.0,1.0
1779285824.398626,2.461465469282567,-3.488906805671e+18,-1.5707963184519844,5.887433577234027e+19,-6.944131862089327e-05,0.0,0.0,0.0,0.0,0.0,0.0,1.0
1779285824.4094858,2.4605580626566694,-3.4920430786445937e+18,-1.5707963184756712,5.908197501727533e+19,6.944131862089383e-05,0.0,0.0,0.0,0.0,0.0,0.0,1.0
1779285824.419571,2.461701588209075,-3.5183971750067144e+18,-1.5707963185054963,5.933364422909286e+19,-6.944131862089327e-05,0.0,0.0,0.0,0.0,0.0,0.0,1.0
1779285824.4297497,2.461690802557253,-3.5315118572022953e+18,-1.5707963185308689,5.955432579080598e+19,6.94413186208937e-05,0.0,0.0,0.0,0.0,0.0,0.0,1.0
1779285824.440395,2.461488902799722,-3.5429732215464023e+18,-1.5707963185567169,5.978170042647391e+19,-6.944131862089356e-05,0.0,0.0,0.0,0.0,0.0,0.0,1.0
1779285824.4505477,2.4615903145260685,-3.5574004526399795e+18,-1.570796318582242,6.000618044907953e+19,6.944131862089344e-05,0.0,0.0,0.0,0.0,0.0,0.0,1.0
1779285824.4606912,2.4620870191861033,-3.576582861007977e+18,-1.5707963186090979,6.02420393748821e+19,-6.944131862089375e-05,0.0,0.0,0.0,0.0,0.0,0.0,1.0
1779285824.471194,2.4620118052531406,-3.5896432656490895e+18,-1.570796318634916,6.047330146590247e+19,6.944131862089329e-05,0.0,0.0,0.0,0.0,0.0,0.0,1.0
1779285824.481322,2.462281412523411,-3.6063415163454474e+18,-1.5707963186608151,6.070508356342892e+19,-6.944131862089386e-05,0.0,0.0,0.0,0.0,0.0,0.0,1.0
1779285824.4918964,2.461868273495658,-3.615461498759928e+18,-1.570796318685278,6.092902073545372e+19,6.944131862089326e-05,0.0,0.0,0.0,0.0,0.0,0.0,1.0
1779285824.5020735,2.4622144577258034,-3.6332121320226714e+18,-1.5707963187114358,6.116596910381247e+19,-6.944131862089383e-05,0.0,0.0,0.0,0.0,0.0,0.0,1.0
1779285824.5127282,2.461537231712766,-3.639226847018328e+18,-1.5707963187349454,6.138557630713513e+19,6.944131862089327e-05,0.0,0.0,0.0,0.0,0.0,0.0,1.0
1779285824.5228903,2.461556639240815,-3.652976022054393e+18,-1.5707963187596499,6.161395583248259e+19,-6.944131862089383e-05,0.0,0.0,0.0,0.0,0.0,0.0,1.0
1779285824.5331104,2.4616239867545797,-3.667429695028383e+18,-1.5707963187845821,6.1845762449095926e+19,6.944131862089327e-05,0.0,0.0,0.0,0.0,0.0,0.0,1.0
1779285824.5433593,2.461878044976368,-3.6843270052230303e+18,-1.5707963188102734,6.208532489734729e+19,-6.944131862089383e-05,0.0,0.0,0.0,0.0,0.0,0.0,1.0
1779285824.5540974,2.4619795191869454,-3.7001211383112397e+18,-1.5707963188366652,6.2334094187505074e+19,6.944131862089327e-05,0.0,0.0,0.0,0.0,0.0,0.0,1.0
1779285824.5641756,2.46219100516559,-3.7164836914077327e+18,-1.5707963188615752,6.256987667367817e+19,-6.944131862089383e-05,0.0,0.0,0.0,0.0,0.0,0.0,1.0
1779285824.5747542,2.4617202321974974,-3.7250969733949926e+18,-1.5707963188852303,6.279892056056517e+19,6.944131862089327e-05,0.0,0.0,0.0,0.0,0.0,0.0,1.0
1779285824.5852294,2.4618681639102062,-3.741226154428447e+18,-1.570796318910801,6.304466324372215e+19,-6.944131862089383e-05,0.0,0.0,0.0,0.0,0.0,0.0,1.0
1779285824.59573,2.4611385231697382,-3.746433991561702e+18,-1.5707963189331053,6.326504078406501e+19,6.944131862089332e-05,0.0,0.0,0.0,0.0,0.0,0.0,1.0
1779285824.60645,2.4607055756324616,-3.7554667319509975e+18,-1.5707963189569212,6.349998832063718e+19,-6.944131862089361e-05,0.0,0.0,0.0,0.0,0.0,0.0,1.0
1779285824.6164253,2.4619154992826076,-3.784356071382444e+18,-1.5707963189848375,6.376803562682477e+19,6.944131862089361e-05,0.0,0.0,0.0,0.0,0.0,0.0,1.0
1779285824.6269107,2.4619322501420426,-3.799188516868775e+18,-1.5707963190096732,6.4014097570280325e+19,-6.94413186208934e-05,0.0,0.0,0.0,0.0,0.0,0.0,1.0
1779285824.6370285,2.462370128037221,-3.818947003047427e+18,-1.5707963190349792,6.4264277995872166e+19,6.944131862089378e-05,0.0,0.0,0.0,0.0,0.0,0.0,1.0
1779285824.6471176,2.462546661837956,-3.8354944732618307e+18,-1.5707963190591983,6.45067327989586e+19,-6.944131862089327e-05,0.0,0.0,0.0,0.0,0.0,0.0,1.0
1779285824.6573365,2.4622387759202295,-3.846061326467617e+18,-1.5707963190819274,6.473840370972037e+19,6.944131862089387e-05,0.0,0.0,0.0,0.0,0.0,0.0,1.0
1779285824.6677866,2.462501903776803,-3.8642783657678474e+18,-1.5707963191072662,6.499514428832075e+19,-6.944131862089325e-05,0.0,0.0,0.0,0.0,0.0,0.0,1.0
1779285824.6782017,2.461279032828536,-3.863255185298878e+18,-1.5707963191270318,6.520455842692473e+19,6.944131862089384e-05,0.0,0.0,0.0,0.0,0.0,0.0,1.0
1779285824.6887624,2.4614215462748774,-3.87980858266321e+18,-1.5707963191518828,6.546021167960299e+19,-6.944131862089326e-05,0.0,0.0,0.0,0.0,0.0,0.0,1.0
1779285824.6987739,2.462160735113757,-3.9036685859711995e+18,-1.5707963191776295,6.572368522798432e+19,6.944131862089383e-05,0.0,0.0,0.0,0.0,0.0,0.0,1.0
1779285824.7088978,2.46216710593203,-3.918299702452183e+18,-1.5707963192008754,6.596695242438798e+19,-6.944131862089327e-05,0.0,0.0,0.0,0.0,0.0,0.0,1.0
1779285824.7188742,2.462704041216501,-3.9397608260523274e+18,-1.5707963192255676,6.6224189419432034e+19,6.944131862089383e-05,0.0,0.0,0.0,0.0,0.0,0.0,1.0
1779285824.7290685,2.4626666370104835,-3.9541394081820836e+18,-1.5707963192487036,6.646996398410027e+19,-6.944131862089327e-05,0.0,0.0,0.0,0.0,0.0,0.0,1.0
1779285824.739179,2.4628403332986886,-3.9712249814400353e+18,-1.570796319272308,6.672123069648062e+19,6.944131862089383e-05,0.0,0.0,0.0,0.0,0.0,0.0,1.0
1779285824.7496865,2.4626375677415955,-3.983958109425459e+18,-1.570796319295533,6.697231437975953e+19,-6.944131862089327e-05,0.0,0.0,0.0,0.0,0.0,0.0,1.0
1779285824.7602565,2.4614579363670894,-3.9836383946189225e+18,-1.5707963193153252,6.7193316143483445e+19,6.944131862089383e-05,0.0,0.0,0.0,0.0,0.0,0.0,1.0
1779285824.770498,2.4625690491398142,-4.0133101774993403e+18,-1.5707963193423062,6.748112710556548e+19,-6.944131862089337e-05,0.0,0.0,0.0,0.0,0.0,0.0,1.0
1779285824.7809443,2.462074908981486,-4.0220907627541294e+18,-1.5707963193641346,6.772363034917201e+19,6.944131862089359e-05,0.0,0.0,0.0,0.0,0.0,0.0,1.0
1779285824.7911947,2.4615699123018357,-4.030257060644783e+18,-1.5707963193852401,6.795969275161137e+19,-6.944131862089364e-05,0.0,0.0,0.0,0.0,0.0,0.0,1.0
1779285824.8014436,2.461865242889797,-4.0492205895695954e+18,-1.570796319409124,6.82236212336783e+19,6.944131862089337e-05,0.0,0.0,0.0,0.0,0.0,0.0,1.0
1779285824.8118691,2.4626505958954468,-4.0753312742365676e+18,-1.5707963194351438,6.851066686893321e+19,-6.94413186208938e-05,0.0,0.0,0.0,0.0,0.0,0.0,1.0
1779285824.8220274,2.4624680907144825,-4.0881262217392497e+18,-1.570796319457063,6.875906955695386e+19,6.944131862089326e-05,0.0,0.0,0.0,0.0,0.0,0.0,1.0
1779285824.832469,2.4627267024614237,-4.1073844989316454e+18,-1.5707963194811478,6.903126846951616e+19,-6.944131862089383e-05,0.0,0.0,0.0,0.0,0.0,0.0,1.0
1779285824.8429377,2.4619549408361574,-4.1126099845425884e+18,-1.5707963195016867,6.927072217828722e+19,6.944131862089327e-05,0.0,0.0,0.0,0.0,0.0,0.0,1.0
1779285824.852976,2.4624014694551257,-4.133830836849622e+18,-1.5707963195252355,6.953923938959898e+19,-6.944131862089383e-05,0.0,0.0,0.0,0.0,0.0,0.0,1.0
1779285824.8630528,2.4627696066437186,-4.154234357852565e+18,-1.5707963195485573,6.980751507915827e+19,6.944131862089327e-05,0.0,0.0,0.0,0.0,0.0,0.0,1.0
1779285824.8736093,2.4625099667860124,-4.166790981653091e+18,-1.5707963195708854,7.006980427177456e+19,-6.944131862089383e-05,0.0,0.0,0.0,0.0,0.0,0.0,1.0
1779285824.884296,2.4615299741866488,-4.169388107736252e+18,-1.5707963195909673,7.0311615303337665e+19,6.944131862089327e-05,0.0,0.0,0.0,0.0,0.0,0.0,1.0
1779285824.894565,2.461874709575009,-4.189724236836279e+18,-1.5707963196144668,7.058753212769053e+19,-6.944131862089383e-05,0.0,0.0,0.0,0.0,0.0,0.0,1.0
1779285824.9051626,2.461671439141841,-4.2030168133083996e+18,-1.570796319636843,7.085529424735753e+19,6.944131862089327e-05,0.0,0.0,0.0,0.0,0.0,0.0,1.0
1779285824.9155555,2.4614360176572583,-4.215443629693122e+18,-1.5707963196583608,7.111469354610806e+19,-6.944131862089383e-05,0.0,0.0,0.0,0.0,0.0,0.0,1.0
1779285824.9256358,2.4621037664588195,-4.24045270369779e+18,-1.5707963196824415,7.140144361849343e+19,6.944131862089327e-05,0.0,0.0,0.0,0.0,0.0,0.0,1.0
1779285824.9356346,2.4626618570574306,-4.2639766484164895e+18,-1.5707963197057326,7.168135846797697e+19,-6.944131862089379e-05,0.0,0.0,0.0,0.0,0.0,0.0,1.0
1779285824.9459517,2.4625198462461935,-4.278211164182662e+18,-1.5707963197274033,7.194765066499542e+19,6.944131862089344e-05,0.0,0.0,0.0,0.0,0.0,0.0,1.0
1779285824.9565706,2.461607829082934,-4.2818293457114035e+18,-1.5707963197471688,7.219683498561965e+19,-6.944131862089353e-05,0.0,0.0,0.0,0.0,0.0,0.0,1.0
1779285824.9670398,2.4604293465596987,-4.2810783924398136e+18,-1.5707963197655768,7.243219382422196e+19,6.944131862089367e-05,0.0,0.0,0.0,0.0,0.0,0.0,1.0
1779285824.976804,2.4623184851985793,-4.32334586161743e+18,-1.5707963197923724,7.275522059525731e+19,-6.944131862089336e-05,0.0,0.0,0.0,0.0,0.0,0.0,1.0
1779285824.9869025,2.462768131687851,-4.345981816703314e+18,-1.5707963198152,7.303971881996312e+19,6.94413186208938e-05,0.0,0.0,0.0,0.0,0.0,0.0,1.0
1779285824.9970114,2.4627350641763575,-4.361784048874194e+18,-1.5707963198363963,7.330849939779797e+19,-6.944131862089326e-05,0.0,0.0,0.0,0.0,0.0,0.0,1.0
1779285825.0075092,2.462673110547054,-4.377819537897386e+18,-1.5707963198583808,7.358940002098766e+19,6.944131862089383e-05,0.0,0.0,0.0,0.0,0.0,0.0,1.0
1779285825.0176759,2.4627967669413215,-4.3960684875883295e+18,-1.5707963198800918,7.386754551122824e+19,-6.944131862089327e-05,0.0,0.0,0.0,0.0,0.0,0.0,1.0
1779285825.0283427,2.461992278343851,-4.401500740821965e+18,-1.5707963198999022,7.412874008082039e+19,6.944131862089383e-05,0.0,0.0,0.0,0.0,0.0,0.0,1.0
1779285825.0385032,2.4620728877084503,-4.418986113887124e+18,-1.5707963199212895,7.440658269984988e+19,-6.944131862089327e-05,0.0,0.0,0.0,0.0,0.0,0.0,1.0
1779285825.0493872,2.461224000875042,-4.423920621845669e+18,-1.5707963199413515,7.467475780484209e+19,6.944131862089383e-05,0.0,0.0,0.0,0.0,0.0,0.0,1.0
1779285825.0596993,2.4618756998455464,-4.450106288987937e+18,-1.5707963199648076,7.498009726725487e+19,-6.944131862089327e-05,0.0,0.0,0.0,0.0,0.0,0.0,1.0
1779285825.0697136,2.462510773721681,-4.4759123014066657e+18,-1.5707963199874693,7.527723564396531e+19,6.944131862089383e-05,0.0,0.0,0.0,0.0,0.0,0.0,1.0
1779285825.0798266,2.4625216813186848,-4.492782069556829e+18,-1.5707963200083086,7.555603600060075e+19,-6.944131862089327e-05,0.0,0.0,0.0,0.0,0.0,0.0,1.0
1779285825.0902796,2.4624077344247968,-4.508365361170646e+18,-1.5707963200294683,7.584188331621325e+19,6.944131862089383e-05,0.0,0.0,0.0,0.0,0.0,0.0,1.0
1779285825.100846,2.4617459714570282,-4.5158402909872584e+18,-1.5707963200490764,7.611203309960974e+19,-6.944131862089327e-05,0.0,0.0,0.0,0.0,0.0,0.0,1.0
1779285825.1110995,2.461723123059493,-4.532338122772078e+18,-1.5707963200699142,7.639661846390027e+19,6.944131862089374e-05,0.0,0.0,0.0,0.0,0.0,0.0,1.0
1779285825.12114,2.4623073282651227,-4.5578255004822067e+18,-1.5707963200921202,7.66981273678329e+19,-6.944131862089352e-05,0.0,0.0,0.0,0.0,0.0,0.0,1.0
1779285825.1314373,2.4623730633977328,-4.57608275319679e+18,-1.5707963201132318,7.698999018929362e+19,6.944131862089346e-05,0.0,0.0,0.0,0.0,0.0,0.0,1.0
1779285825.1417081,2.4618644594282917,-4.585489993952232e+18,-1.5707963201323467,7.725962283491466e+19,-6.944131862089372e-05,0.0,0.0,0.0,0.0,0.0,0.0,1.0
1779285825.1516676,2.462718842513573,-4.615334745558482e+18,-1.5707963201550135,7.757214367686512e+19,6.944131862089332e-05,0.0,0.0,0.0,0.0,0.0,0.0,1.0
1779285825.1619499,2.462602004994011,-4.631058688216591e+18,-1.5707963201753363,7.786011206742098e+19,-6.944131862089383e-05,0.0,0.0,0.0,0.0,0.0,0.0,1.0
1779285825.1721988,2.4623787966409414,-4.64507280056638e+18,-1.5707963201951887,7.814398129315932e+19,6.944131862089323e-05,0.0,0.0,0.0,0.0,0.0,0.0,1.0
1779285825.182282,2.4628340385791287,-4.6693640049824e+18,-1.5707963202166986,7.844911325220541e+19,-6.944131862089386e-05,0.0,0.0,0.0,0.0,0.0,0.0,1.0
1779285825.1928275,2.462534828797732,-4.68285220884645e+18,-1.5707963202368695,7.874205808884528e+19,6.944131862089326e-05,0.0,0.0,0.0,0.0,0.0,0.0,1.0
1779285825.203598,2.461425160825342,-4.683770888540746e+18,-1.5707963202547996,7.9009625821006e+19,-6.944131862089383e-05,0.0,0.0,0.0,0.0,0.0,0.0,1.0
1779285825.213992,2.4617946416552217,-4.707267202850679e+18,-1.570796320276645,7.932638809796069e+19,6.944131862089327e-05,0.0,0.0,0.0,0.0,0.0,0.0,1.0
1779285825.2242124,2.4624332033124854,-4.734903735383549e+18,-1.5707963202987527,7.964756632755487e+19,-6.944131862089383e-05,0.0,0.0,0.0,0.0,0.0,0.0,1.0
1779285825.2346594,2.4622137959958983,-4.749607903920061e+18,-1.5707963203186928,7.994461540071642e+19,6.944131862089327e-05,0.0,0.0,0.0,0.0,0.0,0.0,1.0
1779285825.244864,2.4619184586872196,-4.762645085524345e+18,-1.5707963203377842,8.023141293391166e+19,-6.944131862089383e-05,0.0,0.0,0.0,0.0,0.0,0.0,1.0
1779285825.255467,2.4615271216923005,-4.774787276298157e+18,-1.5707963203574256,8.052903095000472e+19,6.944131862089327e-05,0.0,0.0,0.0,0.0,0.0,0.0,1.0
1779285825.2655356,2.4620242217785027,-4.800228394882891e+18,-1.5707963203784892,8.084420126957897e+19,-6.944131862089383e-05,0.0,0.0,0.0,0.0,0.0,0.0,1.0
1779285825.2759774,2.462296037564689,-4.822973677907492e+18,-1.5707963203996627,8.116490394259777e+19,6.944131862089327e-05,0.0,0.0,0.0,0.0,0.0,0.0,1.0
1779285825.286554,2.461926466805785,-4.835738206385832e+18,-1.570796320419141,8.146616926502948e+19,-6.94413186208937e-05,0.0,0.0,0.0,0.0,0.0,0.0,1.0
1779285825.2971144,2.461470600037835,-4.846973044556484e+18,-1.570796320438238,8.17640915150745e+19,6.944131862089356e-05,0.0,0.0,0.0,0.0,0.0,0.0,1.0
1779285825.3073995,2.4615722359431564,-4.866699073470141e+18,-1.570796320458289,8.207501559846699e+19,-6.944131862089344e-05,0.0,0.0,0.0,0.0,0.0,0.0,1.0
1779285825.317515,2.4622346990253687,-4.895516290527601e+18,-1.5707963204796598,8.240501348173693e+19,6.944131862089375e-05,0.0,0.0,0.0,0.0,0.0,0.0,1.0
1779285825.3279755,2.46094759444056,-4.893113827248207e+18,-1.5707963204958508,8.266886524715065e+19,-6.944131862089329e-05,0.0,0.0,0.0,0.0,0.0,0.0,1.0
1779285825.3381202,2.4625237198369576,-4.937064729223228e+18,-1.5707963205198314,8.30385269689216e+19,6.944131862089386e-05,0.0,0.0,0.0,0.0,0.0,0.0,1.0
1779285825.3481395,2.462951099463059,-4.962483346263103e+18,-1.5707963205401065,8.335974160203129e+19,-6.944131862089326e-05,0.0,0.0,0.0,0.0,0.0,0.0,1.0
1779285825.3591237,2.461685873321611,-4.961682943849103e+18,-1.570796320557438,8.364749615842309e+19,6.944131862089383e-05,0.0,0.0,0.0,0.0,0.0,0.0,1.0
1779285825.3696256,2.4618337753658825,-4.983157010885242e+18,-1.5707963205777913,8.397621731639214e+19,-6.944131862089327e-05,0.0,0.0,0.0,0.0,0.0,0.0,1.0
1779285825.3796883,2.4621946736092615,-5.00755675042491e+18,-1.5707963205977562,8.429940994810706e+19,6.944131862089383e-05,0.0,0.0,0.0,0.0,0.0,0.0,1.0
1779285825.389908,2.462199294751578,-5.02645968504745e+18,-1.5707963206169693,8.461501067183823e+19,-6.944131862089327e-05,0.0,0.0,0.0,0.0,0.0,0.0,1.0
1779285825.4001007,2.4622350265962245,-5.045898850589971e+18,-1.570796320636155,8.493209550685907e+19,6.944131862089383e-05,0.0,0.0,0.0,0.0,0.0,0.0,1.0
1779285825.4103966,2.4619262864441858,-5.059751634519842e+18,-1.5707963206545008,8.523973220735086e+19,-6.944131862089327e-05,0.0,0.0,0.0,0.0,0.0,0.0,1.0
1779285825.4208376,2.461783625054938,-5.076624201529781e+18,-1.5707963206735602,8.556022027854877e+19,6.944131862089383e-05,0.0,0.0,0.0,0.0,0.0,0.0,1.0
1779285825.4309337,2.4620208243541923,-5.09937702240996e+18,-1.5707963206929234,8.588531075248454e+19,-6.944131862089327e-05,0.0,0.0,0.0,0.0,0.0,0.0,1.0
1779285825.4410994,2.4625357846188773,-5.12721457358598e+18,-1.5707963207131919,8.622617113432454e+19,6.944131862089383e-05,0.0,0.0,0.0,0.0,0.0,0.0,1.0
1779285825.4513693,2.4624472989815374,-5.145135020841735e+18,-1.5707963207319036,8.654710252885882e+19,-6.944131862089332e-05,0.0,0.0,0.0,0.0,0.0,0.0,1.0
1779285825.4619658,2.462050341096988,-5.158218360490407e+18,-1.570796320750213,8.686547913175505e+19,6.944131862089361e-05,0.0,0.0,0.0,0.0,0.0,0.0,1.0
1779285825.4725027,2.4619876667535343,-5.177013515176673e+18,-1.5707963207694204,8.719919018513213e+19,-6.944131862089361e-05,0.0,0.0,0.0,0.0,0.0,0.0,1.0
1779285825.482907,2.462162003796238,-5.199752906064301e+18,-1.5707963207889648,8.753940923373448e+19,6.94413186208934e-05,0.0,0.0,0.0,0.0,0.0,0.0,1.0
1779285825.493339,2.4614193120692467,-5.206649777642073e+18,-1.5707963208059093,8.784275098624503e+19,-6.944131862089378e-05,0.0,0.0,0.0,0.0,0.0,0.0,1.0
1779285825.503307,2.4625370515272578,-5.245093571080739e+18,-1.5707963208270734,8.820943563250642e+19,6.944131862089327e-05,0.0,0.0,0.0,0.0,0.0,0.0,1.0
1779285825.513845,2.462373221619965,-5.262611071941484e+18,-1.5707963208457703,8.85442036487669e+19,-6.944131862089387e-05,0.0,0.0,0.0,0.0,0.0,0.0,1.0
1779285825.5241642,2.462218812411384,-5.279880687192215e+18,-1.570796320863997,8.887269305965139e+19,6.944131862089325e-05,0.0,0.0,0.0,0.0,0.0,0.0,1.0
1779285825.5347242,2.461952958447077,-5.295623471309045e+18,-1.5707963208823401,8.92063457917885e+19,-6.944131862089384e-05,0.0,0.0,0.0,0.0,0.0,0.0,1.0
1779285825.544871,2.462152470260131,-5.31875483019895e+18,-1.5707963209009925,8.95444271704562e+19,6.944131862089326e-05,0.0,0.0,0.0,0.0,0.0,0.0,1.0
1779285825.5552368,2.462224977862326,-5.340266254405627e+18,-1.5707963209197566,8.988788666413354e+19,-6.944131862089383e-05,0.0,0.0,0.0,0.0,0.0,0.0,1.0
1779285825.5652716,2.4625229567201274,-5.365294280779385e+18,-1.5707963209384195,9.023017766992147e+19,6.944131862089327e-05,0.0,0.0,0.0,0.0,0.0,0.0,1.0
1779285825.5754347,2.462456965833001,-5.384203568087216e+18,-1.5707963209562896,9.056280306606195e+19,-6.944131862089383e-05,0.0,0.0,0.0,0.0,0.0,0.0,1.0
1779285825.5860014,2.462139816764706,-5.399388147662356e+18,-1.5707963209742286,9.090087229710105e+19,6.944131862089327e-05,0.0,0.0,0.0,0.0,0.0,0.0,1.0
1779285825.596374,2.462207202493384,-5.421108077084486e+18,-1.5707963209927642,9.124958956758242e+19,-6.944131862089383e-05,0.0,0.0,0.0,0.0,0.0,0.0,1.0
1779285825.6066208,2.4624554364441775,-5.445992543933708e+18,-1.5707963210114855,9.160291951714684e+19,6.944131862089327e-05,0.0,0.0,0.0,0.0,0.0,0.0,1.0
1779285825.6168363,2.462136728491855,-5.460534687084946e+18,-1.5707963210284637,9.19295820674984e+19,-6.944131862089383e-05,0.0,0.0,0.0,0.0,0.0,0.0,1.0
1779285825.6270366,2.4621888586771323,-5.481851203767795e+18,-1.5707963210464333,9.227468130496571e+19,6.944131862089337e-05,0.0,0.0,0.0,0.0,0.0,0.0,1.0
1779285825.6375897,2.462082896152062,-5.501078025167535e+18,-1.570796321064644,9.262807270319745e+19,-6.944131862089359e-05,0.0,0.0,0.0,0.0,0.0,0.0,1.0
1779285825.648219,2.4616259930840116,-5.513985718302546e+18,-1.5707963210819869,9.296959504208637e+19,6.944131862089364e-05,0.0,0.0,0.0,0.0,0.0,0.0,1.0
1779285825.65856,2.46153766938211,-5.533042508107474e+18,-1.57079632109968,9.331739582808138e+19,-6.944131862089337e-05,0.0,0.0,0.0,0.0,0.0,0.0,1.0
1779285825.669145,2.4616889021676034,-5.557134236956923e+18,-1.5707963211184597,9.368730921182103e+19,6.94413186208938e-05,0.0,0.0,0.0,0.0,0.0,0.0,1.0
1779285825.6795876,2.4620206708415338,-5.584511429912224e+18,-1.570796321137386,9.406142983358358e+19,-6.944131862089326e-05,0.0,0.0,0.0,0.0,0.0,0.0,1.0
1779285825.6896977,2.4621070895450314,-5.606857385006889e+18,-1.5707963211549592,9.441291314763068e+19,6.944131862089383e-05,0.0,0.0,0.0,0.0,0.0,0.0,1.0
1779285825.7001731,2.4621876173043207,-5.629956640668002e+18,-1.5707963211731841,9.478011405879848e+19,-6.944131862089327e-05,0.0,0.0,0.0,0.0,0.0,0.0,1.0
1779285825.7103722,2.4618529657283186,-5.644730292469433e+18,-1.5707963211897071,9.511837186782496e+19,6.944131862089383e-05,0.0,0.0,0.0,0.0,0.0,0.0,1.0
1779285825.7206876,2.461834595832527,-5.66566579091473e+18,-1.5707963212072336,9.547695779797374e+19,-6.944131862089327e-05,0.0,0.0,0.0,0.0,0.0,0.0,1.0
1779285825.7312248,2.461866220649976,-5.688082583434248e+18,-1.5707963212252587,9.584795680523285e+19,6.944131862089383e-05,0.0,0.0,0.0,0.0,0.0,0.0,1.0
1779285825.7414222,2.4620196986822123,-5.712254768203922e+18,-1.5707963212429021,9.621263250877168e+19,-6.944131862089327e-05,0.0,0.0,0.0,0.0,0.0,0.0,1.0
1779285825.7516646,2.461436877660485,-5.722505379718724e+18,-1.5707963212586522,9.654594696500158e+19,6.944131862089383e-05,0.0,0.0,0.0,0.0,0.0,0.0,1.0
1779285825.7615788,2.462606225277677,-5.765698403086635e+18,-1.570796321278291,9.69495308588607e+19,-6.944131862089327e-05,0.0,0.0,0.0,0.0,0.0,0.0,1.0
1779285825.771929,2.462333491894984,-5.782516413289448e+18,-1.5707963212949783,9.730502926925568e+19,6.944131862089383e-05,0.0,0.0,0.0,0.0,0.0,0.0,1.0
1779285825.7821276,2.4625046343745547,-5.8075711725749e+18,-1.5707963213124694,9.767654285792074e+19,-6.944131862089327e-05,0.0,0.0,0.0,0.0,0.0,0.0,1.0
1779285825.7924125,2.4620381567270337,-5.820478812430765e+18,-1.5707963213284026,9.802217716178256e+19,6.944131862089379e-05,0.0,0.0,0.0,0.0,0.0,0.0,1.0
1779285825.80289,2.461768010307472,-5.837487420381624e+18,-1.5707963213451566,9.838624421074888e+19,-6.944131862089344e-05,0.0,0.0,0.0,0.0,0.0,0.0,1.0
1779285825.8131256,2.4624751220748475,-5.873172946733105e+18,-1.5707963213639105,9.87885670812908e+19,6.944131862089353e-05,0.0,0.0,0.0,0.0,0.0,0.0,1.0
1779285825.8232107,2.462595205961106,-5.897382818373044e+18,-1.570796321380832,9.915835896447228e+19,-6.944131862089367e-05,0.0,0.0,0.0,0.0,0.0,0.0,1.0
1779285825.8337097,2.4619194880772497,-5.906838172436234e+18,-1.5707963213964584,9.950848577029045e+19,6.944131862089336e-05,0.0,0.0,0.0,0.0,0.0,0.0,1.0
1779285825.844129,2.4623464833203093,-5.937785373976652e+18,-1.57079632141467,9.990947906993303e+19,-6.94413186208938e-05,0.0,0.0,0.0,0.0,0.0,0.0,1.0
1779285825.8546777,2.4618777392719933,-5.951450009103351e+18,-1.570796321430808,1.0027418871263533e+20,6.944131862089326e-05,0.0,0.0,0.0,0.0,0.0,0.0,1.0
1779285825.8651884,2.46191292864678,-5.974981951127988e+18,-1.5707963214480887,1.0066297462060607e+20,-6.944131862089383e-05,0.0,0.0,0.0,0.0,0.0,0.0,1.0
1779285825.8752272,2.462378399137715,-6.0062763553392e+18,-1.570796321465531,1.0105460609889142e+20,6.944131862089327e-05,0.0,0.0,0.0,0.0,0.0,0.0,1.0
1779285825.8856068,2.4618363547664273,-6.018276735939224e+18,-1.5707963214810274,1.0141278281937307e+20,-6.944131862089383e-05,0.0,0.0,0.0,0.0,0.0,0.0,1.0
1779285825.8958013,2.4621870392742995,-6.04777219748248e+18,-1.57079632149836,1.018081988020111e+20,6.944131862089327e-05,0.0,0.0,0.0,0.0,0.0,0.0,1.0
1779285825.9064898,2.461524487763174,-6.057995632499747e+18,-1.5707963215140166,1.0217596273007791e+20,-6.944131862089383e-05,0.0,0.0,0.0,0.0,0.0,0.0,1.0
1779285825.916716,2.4618575205648363,-6.087300241580961e+18,-1.5707963215312444,1.0257448675291664e+20,6.944131862089327e-05,0.0,0.0,0.0,0.0,0.0,0.0,1.0
1779285825.9267886,2.462132265386216,-6.115345035782966e+18,-1.570796321548003,1.029652940435441e+20,-6.944131862089383e-05,0.0,0.0,0.0,0.0,0.0,0.0,1.0
1779285825.9369328,2.4622784659148764,-6.141127677384435e+18,-1.5707963215645309,1.0335446962405012e+20,6.944131862089327e-05,0.0,0.0,0.0,0.0,0.0,0.0,1.0
1779285825.94725,2.4621836390629226,-6.162474361787186e+18,-1.5707963215807352,1.0374067231173173e+20,-6.944131862089383e-05,0.0,0.0,0.0,0.0,0.0,0.0,1.0
1779285825.9574828,2.462267339063574,-6.187345211507848e+18,-1.5707963215971608,1.0413329884630778e+20,6.944131862089327e-05,0.0,0.0,0.0,0.0,0.0,0.0,1.0
1779285825.9679832,2.462377055813398,-6.213506726890885e+18,-1.570796321614099,1.0454089218948068e+20,-6.944131862089374e-05,0.0,0.0,0.0,0.0,0.0,0.0,1.0
1779285825.978892,2.460356373664704,-6.19612820156469e+18,-1.5707963216264451,1.0485755672806241e+20,6.944131862089352e-05,0.0,0.0,0.0,0.0,0.0,0.0,1.0
1779285825.9890647,2.462300617171399,-6.259354217319533e+18,-1.5707963216471135,1.0534601714890308e+20,-6.944131862089346e-05,0.0,0.0,0.0,0.0,0.0,0.0,1.0
1779285825.9993382,2.4622242700635706,-6.281481467623158e+18,-1.5707963216630403,1.0573880270357088e+20,6.944131862089372e-05,0.0,0.0,0.0,0.0,0.0,0.0,1.0
1779285826.0094292,2.4623311736922746,-6.307082512498099e+18,-1.5707963216790306,1.0613425139665732e+20,-6.944131862089332e-05,0.0,0.0,0.0,0.0,0.0,0.0,1.0
1779285826.0198307,2.4621342306438083,-6.327080153407928e+18,-1.5707963216947944,1.065293971370498e+20,6.944131862089383e-05,0.0,0.0,0.0,0.0,0.0,0.0,1.0
1779285826.0298254,2.462585944417818,-6.359916111099142e+18,-1.5707963217113403,1.0694130130872463e+20,-6.944131862089323e-05,0.0,0.0,0.0,0.0,0.0,0.0,1.0
1779285826.0399792,2.4625453033858418,-6.382908525137468e+18,-1.570796321726947,1.0733659288864542e+20,6.944131862089386e-05,0.0,0.0,0.0,0.0,0.0,0.0,1.0
1779285826.050132,2.4625310564653655,-6.406495143929612e+18,-1.5707963217425602,1.077344946781716e+20,-6.944131862089326e-05,0.0,0.0,0.0,0.0,0.0,0.0,1.0
1779285826.0607634,2.462105588727834,-6.422363018754951e+18,-1.5707963217579533,1.0813306332195063e+20,6.944131862089383e-05,0.0,0.0,0.0,0.0,0.0,0.0,1.0
1779285826.0710204,2.4622158326975847,-6.4488330993839e+18,-1.5707963217739356,1.0854481002466353e+20,-6.944131862089327e-05,0.0,0.0,0.0,0.0,0.0,0.0,1.0
1779285826.0815334,2.462174430282374,-6.472776980907988e+18,-1.5707963217899643,1.0896200271795896e+20,6.944131862089383e-05,0.0,0.0,0.0,0.0,0.0,0.0,1.0
1779285826.092463,2.4601308473143297,-6.454135395843374e+18,-1.5707963218019194,1.0929271051406713e+20,-6.944131862089327e-05,0.0,0.0,0.0,0.0,0.0,0.0,1.0
1779285826.1026516,2.4619728505464495,-6.517713333210649e+18,-1.570796321821675,1.0979684075577303e+20,6.944131862089383e-05,0.0,0.0,0.0,0.0,0.0,0.0,1.0
1779285826.1129446,2.4612200260461528,-6.525790907434309e+18,-1.5707963218354948,1.1017013262937671e+20,-6.944131862089327e-05,0.0,0.0,0.0,0.0,0.0,0.0,1.0
1779285826.1231046,2.4620888862140076,-6.56897113048823e+18,-1.570796321852836,1.1062569133810832e+20,6.944131862089383e-05,0.0,0.0,0.0,0.0,0.0,0.0,1.0
1779285826.133567,2.4608190445444365,-6.566160617448874e+18,-1.5707963218656635,1.1098192791871468e+20,-6.944131862089327e-05,0.0,0.0,0.0,0.0,0.0,0.0,1.0
1779285826.1438117,2.46176620998789,-6.611418822885423e+18,-1.5707963218832102,1.1144852442929942e+20,6.94413186208937e-05,0.0,0.0,0.0,0.0,0.0,0.0,1.0
1779285826.1542237,2.4623181581871223,-6.648957726413548e+18,-1.5707963219000933,1.1190421740980078e+20,-6.944131862089356e-05,0.0,0.0,0.0,0.0,0.0,0.0,1.0
1779285826.1646419,2.461983036362456,-6.667080711576561e+18,-1.5707963219148955,1.123139410600142e+20,6.944131862089344e-05,0.0,0.0,0.0,0.0,0.0,0.0,1.0
1779285826.1751688,2.461887752985779,-6.690734932450543e+18,-1.5707963219303807,1.1274318325823031e+20,-6.944131862089375e-05,0.0,0.0,0.0,0.0,0.0,0.0,1.0
1779285826.1857395,2.4615369975492745,-6.708783535176593e+18,-1.5707963219453054,1.131620471173694e+20,6.944131862089329e-05,0.0,0.0,0.0,0.0,0.0,0.0,1.0
1779285826.1960654,2.46183231026798,-6.740754047225123e+18,-1.5707963219612409,1.136062581337588e+20,-6.944131862089386e-05,0.0,0.0,0.0,0.0,0.0,0.0,1.0
1779285826.2069066,2.460784168406591,-6.743753073548511e+18,-1.5707963219749361,1.1400248123457348e+20,6.944131862089326e-05,0.0,0.0,0.0,0.0,0.0,0.0,1.0
1779285826.2173235,2.461464362000815,-6.784616057875673e+18,-1.5707963219917807,1.1447508162891429e+20,-6.944131862089383e-05,0.0,0.0,0.0,0.0,0.0,0.0,1.0
1779285826.2274647,2.461439280927611,-6.809220168191408e+18,-1.5707963220065402,1.1489781678447901e+20,6.944131862089327e-05,0.0,0.0,0.0,0.0,0.0,0.0,1.0
1779285826.238205,2.4605483900860463,-6.815418104634577e+18,-1.5707963220202437,1.153008868481637e+20,-6.944131862089383e-05,0.0,0.0,0.0,0.0,0.0,0.0,1.0
1779285826.2488391,2.4606534509107294,-6.844020340527182e+18,-1.570796322036037,1.1575806724273727e+20,6.944131862089327e-05,0.0,0.0,0.0,0.0,0.0,0.0,1.0
1779285826.2586772,2.462455498602428,-6.910111323026993e+18,-1.570796322054238,1.1627343433807995e+20,-6.944131862089383e-05,0.0,0.0,0.0,0.0,0.0,0.0,1.0
1779285826.2687147,2.462774363070746,-6.943399400156355e+18,-1.5707963220694356,1.1671820823376064e+20,6.944131862089327e-05,0.0,0.0,0.0,0.0,0.0,0.0,1.0
1779285826.2792428,2.462131267645039,-6.955716284116482e+18,-1.5707963220832493,1.1713399524227006e+20,-6.944131862089383e-05,0.0,0.0,0.0,0.0,0.0,0.0,1.0
1779285826.2896726,2.4618506124069794,-6.975934657230882e+18,-1.5707963220976515,1.1756663965763663e+20,6.944131862089327e-05,0.0,0.0,0.0,0.0,0.0,0.0,1.0
1779285826.2998013,2.4624553009977546,-7.016101717618901e+18,-1.5707963221134673,1.1803648750685228e+20,-6.944131862089383e-05,0.0,0.0,0.0,0.0,0.0,0.0,1.0
1779285826.3100905,2.4621362117053254,-7.035317268720703e+18,-1.5707963221274632,1.1846325687807472e+20,6.944131862089332e-05,0.0,0.0,0.0,0.0,0.0,0.0,1.0
1779285826.320041,2.462916065662021,-7.079556003713286e+18,-1.5707963221432768,1.1893801080046984e+20,-6.944131862089361e-05,0.0,0.0,0.0,0.0,0.0,0.0,1.0
1779285826.3307574,2.461838244538674,-7.082146014709393e+18,-1.5707963221562151,1.193454892435293e+20,6.944131862089361e-05,0.0,0.0,0.0,0.0,0.0,0.0,1.0
1779285826.3409433,2.462311185120438,-7.119789779103768e+18,-1.5707963221716317,1.1981737571636152e+20,-6.94413186208934e-05,0.0,0.0,0.0,0.0,0.0,0.0,1.0
1779285826.351501,2.4621043213556644,-7.142515222351803e+18,-1.5707963221861305,1.2027062581008676e+20,6.944131862089378e-05,0.0,0.0,0.0,0.0,0.0,0.0,1.0
1779285826.3618214,2.46111983133589,-7.145873627562707e+18,-1.5707963221984973,1.2066733683160955e+20,-6.944131862089327e-05,0.0,0.0,0.0,0.0,0.0,0.0,1.0
1779285826.3721378,2.462220411222464,-7.199035355320631e+18,-1.570796322215322,1.211873210581667e+20,6.944131862089387e-05,0.0,0.0,0.0,0.0,0.0,0.0,1.0
1779285826.3821492,2.462810616108767,-7.23987789789272e+18,-1.5707963222305354,1.216650271215977e+20,-6.944131862089325e-05,0.0,0.0,0.0,0.0,0.0,0.0,1.0
1779285826.3923674,2.4622818531119752,-7.254452181585437e+18,-1.5707963222436152,1.220886088213153e+20,6.944131862089384e-05,0.0,0.0,0.0,0.0,0.0,0.0,1.0
1779285826.4025364,2.4620460801992428,-7.275795706086007e+18,-1.5707963222572054,1.2252845617823405e+20,-6.944131862089326e-05,0.0,0.0,0.0,0.0,0.0,0.0,1.0
1779285826.4130263,2.4620648070591207,-7.304153080624185e+18,-1.5707963222717924,1.2300117494300375e+20,6.944131862089383e-05,0.0,0.0,0.0,0.0,0.0,0.0,1.0
1779285826.4233465,2.462402775874389,-7.340041821701225e+18,-1.5707963222867476,1.2348613283897175e+20,-6.944131862089327e-05,0.0,0.0,0.0,0.0,0.0,0.0,1.0
1779285826.4337285,2.4623681846225822,-7.367238771786118e+18,-1.5707963223009789,1.239544152485727e+20,6.944131862089383e-05,0.0,0.0,0.0,0.0,0.0,0.0,1.0
1779285826.444329,2.461323534909396,-7.36953330225972e+18,-1.5707963223130594,1.2436442920366023e+20,-6.944131862089327e-05,0.0,0.0,0.0,0.0,0.0,0.0,1.0
1779285826.4545689,2.4619325716199905,-7.412314281014401e+18,-1.5707963223285235,1.2487351079612183e+20,6.944131862089383e-05,0.0,0.0,0.0,0.0,0.0,0.0,1.0
1779285826.4644465,2.4631658061360224,-7.469899921080889e+18,-1.5707963223445056,1.2539768282195717e+20,-6.944131862089327e-05,0.0,0.0,0.0,0.0,0.0,0.0,1.0
1779285826.4747822,2.462611078113014,-7.484780826169533e+18,-1.5707963223574144,1.2583963496368518e+20,6.944131862089383e-05,0.0,0.0,0.0,0.0,0.0,0.0,1.0
1779285826.4852645,2.4625657198317303,-7.512576890368041e+18,-1.5707963223715637,1.263216758722424e+20,-6.944131862089337e-05,0.0,0.0,0.0,0.0,0.0,0.0,1.0
1779285826.4957843,2.46239118120169,-7.537273171695268e+18,-1.570796322385452,1.2679939702870914e+20,6.944131862089359e-05,0.0,0.0,0.0,0.0,0.0,0.0,1.0
1779285826.5064545,2.4615223739371634,-7.544769397051788e+18,-1.57079632239808,1.2724375475675703e+20,-6.944131862089364e-05,0.0,0.0,0.0,0.0,0.0,0.0,1.0
1779285826.5165608,2.462138970347309,-7.588060588256358e+18,-1.5707963224128638,1.2775085056473047e+20,6.944131862089337e-05,0.0,0.0,0.0,0.0,0.0,0.0,1.0
1779285826.526839,2.461472761706626,-7.599562976407876e+18,-1.5707963224252115,1.2818922575830965e+20,-6.94413186208938e-05,0.0,0.0,0.0,0.0,0.0,0.0,1.0
1779285826.537005,2.4626021082460245,-7.656515753016463e+18,-1.5707963224410701,1.2873605930861281e+20,6.944131862089326e-05,0.0,0.0,0.0,0.0,0.0,0.0,1.0
1779285826.5473223,2.4618868098188824,-7.667266640324649e+18,-1.570796322453327,1.2917789576060597e+20,-6.944131862089383e-05,0.0,0.0,0.0,0.0,0.0,0.0,1.0
1779285826.557528,2.4624640921278296,-7.710721309106506e+18,-1.570796322468017,1.2969633607812499e+20,6.944131862089327e-05,0.0,0.0,0.0,0.0,0.0,0.0,1.0
1779285826.5677555,2.462395306046862,-7.737974396855696e+18,-1.570796322481383,1.301775100086001e+20,-6.944131862089383e-05,0.0,0.0,0.0,0.0,0.0,0.0,1.0
1779285826.5782912,2.4615064342816844,-7.744676127876006e+18,-1.570796322493437,1.3062277593071955e+20,6.944131862089327e-05,0.0,0.0,0.0,0.0,0.0,0.0,1.0
1779285826.5885596,2.462736468684163,-7.805610749452493e+18,-1.5707963225093984,1.3119164628802286e+20,-6.944131862089383e-05,0.0,0.0,0.0,0.0,0.0,0.0,1.0
1779285826.5989273,2.4622678675340617,-7.823266595224013e+18,-1.5707963225220518,1.3166092715204212e+20,6.944131862089327e-05,0.0,0.0,0.0,0.0,0.0,0.0,1.0
1779285826.6090355,2.46244217518207,-7.856845805155018e+18,-1.5707963225355548,1.3215797110347035e+20,-6.944131862089383e-05,0.0,0.0,0.0,0.0,0.0,0.0,1.0
1779285826.619635,2.4619992507990083,-7.875748821107956e+18,-1.5707963225485138,1.3264470481025817e+20,6.944131862089327e-05,0.0,0.0,0.0,0.0,0.0,0.0,1.0
1779285826.6300967,2.462158097816146,-7.910043428824964e+18,-1.5707963225624302,1.3316430529845635e+20,-6.944131862089383e-05,0.0,0.0,0.0,0.0,0.0,0.0,1.0
1779285826.6402318,2.4625029316374,-7.948605375386637e+18,-1.570796322576203,1.3368018614081995e+20,6.944131862089327e-05,0.0,0.0,0.0,0.0,0.0,0.0,1.0
1779285826.6508372,2.4620520938282353,-7.967601043343716e+18,-1.570796322589042,1.3417264771014335e+20,-6.944131862089379e-05,0.0,0.0,0.0,0.0,0.0,0.0,1.0
1779285826.661348,2.460981866948284,-7.969464610210535e+18,-1.5707963226004424,1.346196680907528e+20,6.944131862089344e-05,0.0,0.0,0.0,0.0,0.0,0.0,1.0
1779285826.6715488,2.4622425722125505,-8.032648295782926e+18,-1.5707963226159791,1.3520419721596528e+20,-6.944131862089353e-05,0.0,0.0,0.0,0.0,0.0,0.0,1.0
1779285826.6819983,2.462154551339009,-8.061148542351021e+18,-1.5707963226291897,1.3571740147468555e+20,6.944131862089367e-05,0.0,0.0,0.0,0.0,0.0,0.0,1.0
1779285826.6927223,2.4610758823296512,-8.063604269201577e+18,-1.5707963226407995,1.361820458979282e+20,-6.944131862089336e-05,0.0,0.0,0.0,0.0,0.0,0.0,1.0
1779285826.702877,2.4617477009192394,-8.111459862243572e+18,-1.5707963226549655,1.3673134689670952e+20,6.94413186208938e-05,0.0,0.0,0.0,0.0,0.0,0.0,1.0
1779285826.713029,2.4623038442246035,-8.156768037293975e+18,-1.570796322668871,1.3727570382995551e+20,-6.944131862089326e-05,0.0,0.0,0.0,0.0,0.0,0.0,1.0
1779285826.7235448,2.462062566473249,-8.181790140988504e+18,-1.5707963226817194,1.3779049289271162e+20,6.944131862089383e-05,0.0,0.0,0.0,0.0,0.0,0.0,1.0
1779285826.7339246,2.4620460136683184,-8.212522480333741e+18,-1.5707963226947588,1.3831400406177772e+20,-6.944131862089327e-05,0.0,0.0,0.0,0.0,0.0,0.0,1.0
1779285826.7441447,2.4620356898819686,-8.243034852169669e+18,-1.5707963227075348,1.3883036558221917e+20,6.944131862089383e-05,0.0,0.0,0.0,0.0,0.0,0.0,1.0
1779285826.7544641,2.461519632826535,-8.25990618126602e+18,-1.5707963227194388,1.3932016953354774e+20,-6.944131862089327e-05,0.0,0.0,0.0,0.0,0.0,0.0,1.0
1779285826.764935,2.461193605074458,-8.282271916922618e+18,-1.5707963227318762,1.3983292210488253e+20,6.944131862089383e-05,0.0,0.0,0.0,0.0,0.0,0.0,1.0
1779285826.7748764,2.4622842778218343,-8.342600737004947e+18,-1.570796322746245,1.4041335352614361e+20,-6.944131862089327e-05,0.0,0.0,0.0,0.0,0.0,0.0,1.0
1779285826.785337,2.461919048787857,-8.364539977384643e+18,-1.5707963227585355,1.409278555587988e+20,6.944131862089383e-05,0.0,0.0,0.0,0.0,0.0,0.0,1.0
1779285826.7955585,2.4620506630562082,-8.399572029123374e+18,-1.5707963227713835,1.4146360386151822e+20,-6.944131862089327e-05,0.0,0.0,0.0,0.0,0.0,0.0,1.0
1779285826.8055565,2.462662519757107,-8.447720059896158e+18,-1.5707963227848003,1.4202178488735926e+20,6.944131862089383e-05,0.0,0.0,0.0,0.0,0.0,0.0,1.0
1779285826.8159208,2.4622243739831093,-8.467705622036079e+18,-1.570796322796705,1.4253150948931219e+20,-6.944131862089327e-05,0.0,0.0,0.0,0.0,0.0,0.0,1.0
1779285826.8264365,2.4614918531451813,-8.479493719061177e+18,-1.570796322808202,1.4303035036985354e+20,6.944131862089374e-05,0.0,0.0,0.0,0.0,0.0,0.0,1.0
1779285826.8368561,2.462036904392891,-8.527185507740892e+18,-1.570796322821953,1.4361513616833174e+20,-6.944131862089352e-05,0.0,0.0,0.0,0.0,0.0,0.0,1.0
1779285826.8469882,2.4621422602182426,-8.561778257053942e+18,-1.5707963228343842,1.4415190371489663e+20,6.944131862089346e-05,0.0,0.0,0.0,0.0,0.0,0.0,1.0
1779285826.8570871,2.4624185633299875,-8.601465938700442e+18,-1.5707963228470947,1.4470265835733836e+20,-6.944131862089372e-05,0.0,0.0,0.0,0.0,0.0,0.0,1.0
1779285826.867433,2.462915837335787,-8.648658060866044e+18,-1.5707963228605344,1.4528702023319929e+20,6.944131862089332e-05,0.0,0.0,0.0,0.0,0.0,0.0,1.0
1779285826.8782089,2.4608382163630385,-8.622870088231821e+18,-1.5707963228697372,1.4571719392082724e+20,-6.944131862089383e-05,0.0,0.0,0.0,0.0,0.0,0.0,1.0
1779285826.8884919,2.4623017164563774,-8.697317277557105e+18,-1.5707963228847672,1.4636883462242895e+20,6.944131862089323e-05,0.0,0.0,0.0,0.0,0.0,0.0,1.0
1779285826.8988156,2.4619227975109075,-8.71929249787639e+18,-1.5707963228964303,1.468956415243703e+20,-6.944131862089386e-05,0.0,0.0,0.0,0.0,0.0,0.0,1.0
1779285826.9092917,2.4621813045587837,-8.760290553934311e+18,-1.5707963229094275,1.4747897507439618e+20,6.944131862089326e-05,0.0,0.0,0.0,0.0,0.0,0.0,1.0
1779285826.919766,2.4623687630335254,-8.799559033438505e+18,-1.5707963229222668,1.4806021639372692e+20,-6.944131862089383e-05,0.0,0.0,0.0,0.0,0.0,0.0,1.0
1779285826.9298234,2.4625570101656713,-8.837750960954884e+18,-1.5707963229344983,1.486176592893615e+20,6.944131862089327e-05,0.0,0.0,0.0,0.0,0.0,0.0,1.0
1779285826.940338,2.4616771568506834,-8.845911668024672e+18,-1.570796322945364,1.4912832020211063e+20,-6.944131862089383e-05,0.0,0.0,0.0,0.0,0.0,0.0,1.0
1779285826.95034,2.4624825052410984,-8.902114335185343e+18,-1.5707963229585538,1.497304740503758e+20,6.944131862089327e-05,0.0,0.0,0.0,0.0,0.0,0.0,1.0
1779285826.960639,2.46225769697373,-8.929176958917577e+18,-1.5707963229702464,1.5027913015617497e+20,-6.944131862089383e-05,0.0,0.0,0.0,0.0,0.0,0.0,1.0
1779285826.9711535,2.4622193485168733,-8.962492064914825e+18,-1.5707963229825297,1.508571643651036e+20,6.944131862089327e-05,0.0,0.0,0.0,0.0,0.0,0.0,1.0
1779285826.9817476,2.4619604472142402,-8.989498822972555e+18,-1.5707963229944732,1.514257080091937e+20,-6.944131862089383e-05,0.0,0.0,0.0,0.0,0.0,0.0,1.0
1779285826.9918902,2.462069789112677,-9.02612062683419e+18,-1.570796323006438,1.51994681703416e+20,6.944131862089327e-05,0.0,0.0,0.0,0.0,0.0,0.0,1.0
1779285827.0022218,2.461990517989234,-9.057845949737525e+18,-1.5707963230182824,1.5256407392085846e+20,-6.94413186208937e-05,0.0,0.0,0.0,0.0,0.0,0.0,1.0
1779285827.0126262,2.4619238378480284,-9.090267060936306e+18,-1.5707963230302073,1.5314112359656158e+20,6.944131862089356e-05,0.0,0.0,0.0,0.0,0.0,0.0,1.0
1779285827.022795,2.461715502433785,-9.117675963257852e+18,-1.5707963230415398,1.536948432096027e+20,-6.944131862089344e-05,0.0,0.0,0.0,0.0,0.0,0.0,1.0
1779285827.0327322,2.4628750352003803,-9.186313080092449e+18,-1.5707963230549509,1.5433801556594285e+20,6.944131862089375e-05,0.0,0.0,0.0,0.0,0.0,0.0,1.0
1779285827.0433078,2.4617685615772333,-9.188191822658621e+18,-1.5707963230651643,1.5485525043950174e+20,-6.944131862089329e-05,0.0,0.0,0.0,0.0,0.0,0.0,1.0
1779285827.0537298,2.462310115343624,-9.239851137385343e+18,-1.57079632307804,1.5548828455419635e+20,6.944131862089386e-05,0.0,0.0,0.0,0.0,0.0,0.0,1.0
1779285827.063903,2.462353011578808,-9.275762618259552e+18,-1.5707963230896846,1.5607027170837692e+20,-6.944131862089326e-05,0.0,0.0,0.0,0.0,0.0,0.0,1.0
1779285827.0745394,2.4617490906215607,-9.293187306155512e+18,-1.5707963231007565,1.566352509717771e+20,6.944131862089383e-05,0.0,0.0,0.0,0.0,0.0,0.0,1.0
1779285827.0849285,2.462084738852771,-9.338877245192962e+18,-1.5707963231131095,1.5725756545003726e+20,-6.944131862089327e-05,0.0,0.0,0.0,0.0,0.0,0.0,1.0
1779285827.0950322,2.46217928422828,-9.376426291043148e+18,-1.570796323124636,1.5784497914818603e+20,6.944131862089383e-05,0.0,0.0,0.0,0.0,0.0,0.0,1.0
1779285827.1054296,2.4622709389529334,-9.415102948783632e+18,-1.5707963231365079,1.5845435371374884e+20,-6.944131862089327e-05,0.0,0.0,0.0,0.0,0.0,0.0,1.0
1779285827.115956,2.462092601396254,-9.445879965336062e+18,-1.5707963231480426,1.5905387335959364e+20,6.944131862089383e-05,0.0,0.0,0.0,0.0,0.0,0.0,1.0
1779285827.1266382,2.4614483087209877,-9.462346839141546e+18,-1.5707963231589268,1.5962923350166104e+20,-6.944131862089327e-05,0.0,0.0,0.0,0.0,0.0,0.0,1.0
1779285827.1372557,2.461557919534353,-9.502313078883162e+18,-1.5707963231709876,1.6026090964554193e+20,6.944131862089383e-05,0.0,0.0,0.0,0.0,0.0,0.0,1.0
1779285827.1475072,2.461520246107681,-9.536570054800052e+18,-1.5707963231822877,1.608585217116205e+20,-6.944131862089327e-05,0.0,0.0,0.0,0.0,0.0,0.0,1.0
1779285827.1581397,2.461133280051447,-9.56106621606902e+18,-1.5707963231934496,1.6145726358982374e+20,6.944131862089383e-05,0.0,0.0,0.0,0.0,0.0,0.0,1.0
1779285827.1683905,2.461700351646782,-9.61488363493483e+18,-1.5707963232057023,1.6210665265376874e+20,-6.944131862089332e-05,0.0,0.0,0.0,0.0,0.0,0.0,1.0
1779285827.1786976,2.461446987730476,-9.642937010873186e+18,-1.5707963232166018,1.626979028148771e+20,6.944131862089361e-05,0.0,0.0,0.0,0.0,0.0,0.0,1.0
1779285827.1887534,2.4619102139149978,-9.693381404945474e+18,-1.5707963232283728,1.633315236555552e+20,-6.944131862089361e-05,0.0,0.0,0.0,0.0,0.0,0.0,1.0
1779285827.1992965,2.46183361919879,-9.72841006898755e+18,-1.570796323239802,1.6395791370768187e+20,6.94413186208934e-05,0.0,0.0,0.0,0.0,0.0,0.0,1.0
1779285827.209787,2.4619339695048135,-9.76917875189035e+18,-1.5707963232514408,1.6459803661688717e+20,-6.944131862089378e-05,0.0,0.0,0.0,0.0,0.0,0.0,1.0
1779285827.2198718,2.462066438208676,-9.809768598236715e+18,-1.5707963232625908,1.6521501935005385e+20,6.944131862089327e-05,0.0,0.0,0.0,0.0,0.0,0.0,1.0
1779285827.2301512,2.4616863405359197,-9.83421857896892e+18,-1.5707963232730517,1.6580421577409993e+20,-6.944131862089387e-05,0.0,0.0,0.0,0.0,0.0,0.0,1.0
1779285827.2406464,2.461979279513841,-9.881644704469664e+18,-1.5707963232848907,1.6646643329176624e+20,6.944131862089325e-05,0.0,0.0,0.0,0.0,0.0,0.0,1.0
1779285827.2513292,2.461298104556926,-9.897749072092408e+18,-1.5707963232953173,1.6706578087338138e+20,-6.944131862089384e-05,0.0,0.0,0.0,0.0,0.0,0.0,1.0
1779285827.2620752,2.460350346156382,-9.90476171211603e+18,-1.5707963233053435,1.6764945000118783e+20,6.944131862089326e-05,0.0,0.0,0.0,0.0,0.0,0.0,1.0
1779285827.2719154,2.4625515425753695,-1.001350944324122e+19,-1.5707963233194049,1.6842831469879283e+20,-6.944131862089383e-05,0.0,0.0,0.0,0.0,0.0,0.0,1.0
1779285827.2825313,2.461827251083566,-1.0028704293599529e+19,-1.570796323329603,1.690278776362202e+20,6.944131862089327e-05,0.0,0.0,0.0,0.0,0.0,0.0,1.0
1779285827.293344,2.461452608786486,-1.0055886591575634e+19,-1.5707963233405642,1.6967131314742044e+20,-6.944131862089383e-05,0.0,0.0,0.0,0.0,0.0,0.0,1.0
1779285827.3038175,2.461185814573674,-1.008532340804882e+19,-1.5707963233512467,1.7030124076656548e+20,6.944131862089327e-05,0.0,0.0,0.0,0.0,0.0,0.0,1.0
1779285827.3140545,2.461955998435111,-1.0149144238046462e+19,-1.5707963233632938,1.7100264999717467e+20,-6.944131862089383e-05,0.0,0.0,0.0,0.0,0.0,0.0,1.0
1779285827.3243685,2.4616005194527397,-1.0175589276207516e+19,-1.5707963233735789,1.716190971583436e+20,6.944131862089327e-05,0.0,0.0,0.0,0.0,0.0,0.0,1.0
1779285827.334555,2.4619076921281513,-1.0224110926410082e+19,-1.5707963233847468,1.7228385226050113e+20,-6.944131862089383e-05,0.0,0.0,0.0,0.0,0.0,0.0,1.0
1779285827.3449068,2.4613478995853035,-1.0243767204061114e+19,-1.5707963233946796,1.7289014480135035e+20,6.944131862089337e-05,0.0,0.0,0.0,0.0,0.0,0.0,1.0
1779285827.35509,2.4618633394084215,-1.029962534641613e+19,-1.5707963234061062,1.7357693923312016e+20,-6.944131862089359e-05,0.0,0.0,0.0,0.0,0.0,0.0,1.0
1779285827.3656156,2.4615497748479873,-1.0328595815025398e+19,-1.570796323416579,1.742214261124161e+20,6.944131862089364e-05,0.0,0.0,0.0,0.0,0.0,0.0,1.0
1779285827.3758893,2.4619783626743303,-1.0382358781687575e+19,-1.5707963234279063,1.7491306207569795e+20,-6.944131862089337e-05,0.0,0.0,0.0,0.0,0.0,0.0,1.0
1779285827.3864186,2.461843780359882,-1.04179291832206e+19,-1.570796323438609,1.7557857927156475e+20,6.94413186208938e-05,0.0,0.0,0.0,0.0,0.0,0.0,1.0
1779285827.3967931,2.461964442064628,-1.0461879407818942e+19,-1.570796323449495,1.762567000600627e+20,-6.944131862089326e-05,0.0,0.0,0.0,0.0,0.0,0.0,1.0
1779285827.407347,2.4617559891558876,-1.0495186950461491e+19,-1.5707963234600446,1.769229207725198e+20,6.944131862089383e-05,0.0,0.0,0.0,0.0,0.0,0.0,1.0
1779285827.4179804,2.461440643724979,-1.052495724641311e+19,-1.5707963234704765,1.7758768915862058e+20,-6.944131862089327e-05,0.0,0.0,0.0,0.0,0.0,0.0,1.0
1779285827.4284425,2.4609958738243036,-1.05493509766088e+19,-1.5707963234804654,1.782303233858815e+20,6.944131862089383e-05,0.0,0.0,0.0,0.0,0.0,0.0,1.0
1779285827.439347,2.4605899029634664,-1.0576195686244874e+19,-1.5707963234908733,1.7890364240894276e+20,-6.944131862089327e-05,0.0,0.0,0.0,0.0,0.0,0.0,1.0
1779285827.4492707,2.461726397833386,-1.0654993578855774e+19,-1.5707963235027134,1.7965309155237852e+20,6.944131862089383e-05,0.0,0.0,0.0,0.0,0.0,0.0,1.0
1779285827.459798,2.4618569979625757,-1.070097953396118e+19,-1.5707963235135893,1.803594915066009e+20,-6.944131862089327e-05,0.0,0.0,0.0,0.0,0.0,0.0,1.0
1779285827.4702044,2.4618825151662573,-1.07429775250064e+19,-1.5707963235241313,1.8105046760495235e+20,6.944131862089383e-05,0.0,0.0,0.0,0.0,0.0,0.0,1.0
1779285827.480781,2.4615007223094048,-1.077104118745439e+19,-1.5707963235342028,1.817207868988552e+20,-6.944131862089327e-05,0.0,0.0,0.0,0.0,0.0,0.0,1.0
1779285827.4908884,2.461626624799938,-1.081549504590398e+19,-1.5707963235444842,1.8240241186123937e+20,6.944131862089383e-05,0.0,0.0,0.0,0.0,0.0,0.0,1.0
1779285827.5011551,2.461415293954508,-1.0848494208433412e+19,-1.5707963235543896,1.8306824023727433e+20,-6.944131862089327e-05,0.0,0.0,0.0,0.0,0.0,0.0,1.0
1779285827.5113165,2.461975744725018,-1.0909293429757039e+19,-1.5707963235653288,1.837975993970216e+20,6.944131862089379e-05,0.0,0.0,0.0,0.0,0.0,0.0,1.0
1779285827.5217714,2.4621233622293484,-1.095678128576633e+19,-1.5707963235759466,1.845164066240951e+20,-6.944131862089344e-05,0.0,0.0,0.0,0.0,0.0,0.0,1.0
1779285827.5319057,2.4620698643764287,-1.0995815450316347e+19,-1.5707963235858617,1.8519492465645437e+20,6.944131862089353e-05,0.0,0.0,0.0,0.0,0.0,0.0,1.0
1779285827.5419397,2.46247676542998,-1.1051545613342015e+19,-1.5707963235963318,1.8590983747518998e+20,-6.944131862089367e-05,0.0,0.0,0.0,0.0,0.0,0.0,1.0
1779285827.552496,2.462022483286992,-1.1077871968435108e+19,-1.5707963236060583,1.8659054998508716e+20,6.944131862089336e-05,0.0,0.0,0.0,0.0,0.0,0.0,1.0
1779285827.5627477,2.4619566528131167,-1.1117126804381932e+19,-1.570796323615988,1.8728436473783212e+20,-6.94413186208938e-05,0.0,0.0,0.0,0.0,0.0,0.0,1.0
1779285827.5731182,2.4623064082674446,-1.1172507355390622e+19,-1.5707963236266433,1.8802816325326488e+20,6.944131862089326e-05,0.0,0.0,0.0,0.0,0.0,0.0,1.0
1779285827.5834646,2.4618946560794113,-1.1199629768221403e+19,-1.5707963236360976,1.8870304067073497e+20,-6.944131862089383e-05,0.0,0.0,0.0,0.0,0.0,0.0,1.0
1779285827.594038,2.461870603115597,-1.1242076951343684e+19,-1.5707963236463558,1.8943425311795148e+20,6.944131862089327e-05,0.0,0.0,0.0,0.0,0.0,0.0,1.0
1779285827.6040797,2.4624458123180033,-1.13051936948543e+19,-1.5707963236568827,1.9018119403103047e+20,-6.944131862089383e-05,0.0,0.0,0.0,0.0,0.0,0.0,1.0
1779285827.6145682,2.462157858752828,-1.1338005919359906e+19,-1.5707963236665898,1.9088684222904032e+20,6.944131862089327e-05,0.0,0.0,0.0,0.0,0.0,0.0,1.0
1779285827.6249778,2.462122359512027,-1.137998184446489e+19,-1.5707963236765494,1.916119638687995e+20,-6.944131862089383e-05,0.0,0.0,0.0,0.0,0.0,0.0,1.0
1779285827.6351285,2.4622561205468307,-1.1427507318038884e+19,-1.5707963236864502,1.9233526739864856e+20,6.944131862089327e-05,0.0,0.0,0.0,0.0,0.0,0.0,1.0
1779285827.6454601,2.4619558856421504,-1.1459352093427376e+19,-1.5707963236958788,1.93035069017803e+20,-6.944131862089383e-05,0.0,0.0,0.0,0.0,0.0,0.0,1.0
1779285827.6555626,2.461948946912808,-1.150140307332709e+19,-1.570796323705454,1.9374602110543112e+20,6.944131862089327e-05,0.0,0.0,0.0,0.0,0.0,0.0,1.0
1779285827.665729,2.46191391414259,-1.1542780382055148e+19,-1.5707963237150295,1.9446222513679254e+20,-6.944131862089383e-05,0.0,0.0,0.0,0.0,0.0,0.0,1.0
1779285827.6761732,2.4623917208979855,-1.1605397514696114e+19,-1.5707963237256217,1.9525259155835198e+20,6.944131862089327e-05,0.0,0.0,0.0,0.0,0.0,0.0,1.0
1779285827.6862795,2.462375172796855,-1.164793941068119e+19,-1.5707963237351046,1.959717487325013e+20,-6.944131862089374e-05,0.0,0.0,0.0,0.0,0.0,0.0,1.0
1779285827.6973212,2.4594501863937595,-1.1580577875662713e+19,-1.5707963237413498,1.9649154066154907e+20,6.944131862089352e-05,0.0,0.0,0.0,0.0,0.0,0.0,1.0
1779285827.707047,2.462450766314306,-1.173797180700348e+19,-1.570796323754679,1.974697205321401e+20,-6.944131862089346e-05,0.0,0.0,0.0,0.0,0.0,0.0,1.0
1779285827.7174127,2.461573001323795,-1.1748309443539489e+19,-1.5707963237631133,1.9813539094492132e+20,6.944131862089372e-05,0.0,0.0,0.0,0.0,0.0,0.0,1.0
1779285827.7276611,2.4626922504535274,-1.1836547784722592e+19,-1.5707963237742533,1.98986450482625e+20,-6.944131862089332e-05,0.0,0.0,0.0,0.0,0.0,0.0,1.0
1779285827.7379584,2.462061478856928,-1.1856683047121144e+19,-1.570796323782922,1.9967619215816268e+20,6.944131862089383e-05,0.0,0.0,0.0,0.0,0.0,0.0,1.0
1779285827.748462,2.462067143926031,-1.1902584047231676e+19,-1.5707963237926779,2.004467683445918e+20,-6.944131862089323e-05,0.0,0.0,0.0,0.0,0.0,0.0,1.0
1779285827.7587745,2.4625389035895187,-1.196652445047293e+19,-1.5707963238028626,2.0124991444920035e+20,6.944131862089386e-05,0.0,0.0,0.0,0.0,0.0,0.0,1.0
1779285827.7693622,2.462190970012094,-1.1999369525191203e+19,-1.5707963238121587,2.0200021188436482e+20,-6.944131862089326e-05,0.0,0.0,0.0,0.0,0.0,0.0,1.0
1779285827.7795372,2.462505575886629,-1.2056930914875775e+19,-1.5707963238219183,2.0278279679948443e+20,6.944131862089383e-05,0.0,0.0,0.0,0.0,0.0,0.0,1.0
1779285827.7898169,2.4618274256690147,-1.2075151694122228e+19,-1.5707963238303635,2.034791450662396e+20,-6.944131862089327e-05,0.0,0.0,0.0,0.0,0.0,0.0,1.0
1779285827.800329,2.461876118631004,-1.2123407725196978e+19,-1.5707963238400342,2.0426913518606175e+20,6.944131862089383e-05,0.0,0.0,0.0,0.0,0.0,0.0,1.0
1779285827.8107905,2.4617530623989317,-1.2164704923785187e+19,-1.5707963238493845,2.0504091652855733e+20,-6.944131862089327e-05,0.0,0.0,0.0,0.0,0.0,0.0,1.0
1779285827.8210335,2.4619362163878407,-1.2217638098501935e+19,-1.5707963238588987,2.0582680496884908e+20,6.944131862089383e-05,0.0,0.0,0.0,0.0,0.0,0.0,1.0
1779285827.8311925,2.4624598424335744,-1.2284624772511187e+19,-1.5707963238687799,2.0664371942047734e+20,-6.944131862089327e-05,0.0,0.0,0.0,0.0,0.0,0.0,1.0
1779285827.8415148,2.4618871759684557,-1.230775122095282e+19,-1.570796323877287,2.0736791364727724e+20,6.944131862089383e-05,0.0,0.0,0.0,0.0,0.0,0.0,1.0
1779285827.851689,2.4623098535077523,-1.2371002096697162e+19,-1.5707963238869802,2.081817275198568e+20,-6.944131862089327e-05,0.0,0.0,0.0,0.0,0.0,0.0,1.0
1779285827.8620899,2.462225998331394,-1.2414815920268546e+19,-1.570796323896183,2.0896760094773962e+20,6.94413186208937e-05,0.0,0.0,0.0,0.0,0.0,0.0,1.0
1779285827.87218,2.4622781670277667,-1.246296376363308e+19,-1.5707963239052245,2.097427412990136e+20,-6.944131862089356e-05,0.0,0.0,0.0,0.0,0.0,0.0,1.0
1779285827.882496,2.462381596184122,-1.2514483781977129e+19,-1.570796323914536,2.1054585132621146e+20,6.944131862089344e-05,0.0,0.0,0.0,0.0,0.0,0.0,1.0
1779285827.8928075,2.4621798830975496,-1.2553423522687158e+19,-1.5707963239234022,2.1132059419143396e+20,-6.944131862089375e-05,0.0,0.0,0.0,0.0,0.0,0.0,1.0
1779285827.903303,2.462254016270707,-1.260479972594835e+19,-1.5707963239327964,2.1214262905910362e+20,6.944131862089329e-05,0.0,0.0,0.0,0.0,0.0,0.0,1.0
1779285827.9135654,2.4615869748899617,-1.2623941990352409e+19,-1.5707963239409262,2.1287031353144436e+20,-6.944131862089386e-05,0.0,0.0,0.0,0.0,0.0,0.0,1.0
1779285827.9236073,2.462245643067033,-1.2697961423273337e+19,-1.57079632395059,2.1371779360206707e+20,6.944131862089326e-05,0.0,0.0,0.0,0.0,0.0,0.0,1.0
1779285827.9338489,2.4618919927672964,-1.2730540170115727e+19,-1.5707963239590679,2.144815357793221e+20,-6.944131862089383e-05,0.0,0.0,0.0,0.0,0.0,0.0,1.0
1779285827.9437795,2.462824421984877,-1.2816637575301997e+19,-1.5707963239689342,2.1535478948877245e+20,6.944131862089327e-05,0.0,0.0,0.0,0.0,0.0,0.0,1.0
1779285827.9539754,2.4627869894438206,-1.2863377431355058e+19,-1.5707963239777456,2.1615457737924116e+20,-6.944131862089383e-05,0.0,0.0,0.0,0.0,0.0,0.0,1.0
1779285827.964072,2.4629026104262053,-1.2916338857089796e+19,-1.5707963239866358,2.1696455195562652e+20,6.944131862089327e-05,0.0,0.0,0.0,0.0,0.0,0.0,1.0
1779285827.9744074,2.4618635903082136,-1.2920555765533975e+19,-1.570796323994198,2.17676535885742e+20,-6.944131862089383e-05,0.0,0.0,0.0,0.0,0.0,0.0,1.0
1779285827.9847856,2.462621949707978,-1.3002242272680206e+19,-1.5707963240041496,2.185849543257643e+20,6.944131862089327e-05,0.0,0.0,0.0,0.0,0.0,0.0,1.0
1779285827.9949875,2.462454885620594,-1.304373448942659e+19,-1.5707963240126839,2.1938305154007358e+20,-6.944131862089383e-05,0.0,0.0,0.0,0.0,0.0,0.0,1.0
1779285828.0051904,2.4625477079606335,-1.3096581174960337e+19,-1.5707963240215295,2.2021147863437643e+20,6.944131862089327e-05,0.0,0.0,0.0,0.0,0.0,0.0,1.0
1779285828.0154734,2.462295605870097,-1.3134929074174384e+19,-1.570796324029982,2.2101413878014303e+20,-6.944131862089383e-05,0.0,0.0,0.0,0.0,0.0,0.0,1.0
1779285828.0256522,2.4628137387641362,-1.3206673941597288e+19,-1.5707963240393032,2.218922088518527e+20,6.944131862089332e-05,0.0,0.0,0.0,0.0,0.0,0.0,1.0
1779285828.0362587,2.4610520001629577,-1.317988245234636e+19,-1.5707963240460026,2.2256294306339036e+20,-6.944131862089361e-05,0.0,0.0,0.0,0.0,0.0,0.0,1.0
1779285828.0463588,2.4626786172958632,-1.3299868341769785e+19,-1.5707963240566047,2.2355745991497453e+20,6.944131862089361e-05,0.0,0.0,0.0,0.0,0.0,0.0,1.0
1779285828.0564265,2.4628701491502114,-1.3357776846695217e+19,-1.5707963240653202,2.2440063974521006e+20,-6.94413186208934e-05,0.0,0.0,0.0,0.0,0.0,0.0,1.0
1779285828.0664918,2.462991454482376,-1.3412866172476486e+19,-1.5707963240739182,2.252394062885624e+20,6.944131862089378e-05,0.0,0.0,0.0,0.0,0.0,0.0,1.0
1779285828.0766273,2.46307109078632,-1.3466672019348603e+19,-1.570796324082503,2.260833670988263e+20,-6.944131862089327e-05,0.0,0.0,0.0,0.0,0.0,0.0,1.0
1779285828.0869684,2.462521467224045,-1.3493242453447975e+19,-1.570796324090447,2.2688019066194503e+20,6.944131862089387e-05,0.0,0.0,0.0,0.0,0.0,0.0,1.0
1779285828.0974662,2.4625375249244397,-1.3545788835719262e+19,-1.5707963240992366,2.277571037446769e+20,-6.944131862089325e-05,0.0,0.0,0.0,0.0,0.0,0.0,1.0
1779285828.1080048,2.4623505418402267,-1.3589544406566386e+19,-1.5707963241077803,2.2861889978802487e+20,6.944131862089384e-05,0.0,0.0,0.0,0.0,0.0,0.0,1.0
1779285828.1182168,2.4621357616145256,-1.3630405219824998e+19,-1.570796324115949,2.294488985465063e+20,-6.944131862089326e-05,0.0,0.0,0.0,0.0,0.0,0.0,1.0
1779285828.1287498,2.4620703384514924,-1.367965062453721e+19,-1.5707963241245797,2.3032910886180114e+20,6.944131862089383e-05,0.0,0.0,0.0,0.0,0.0,0.0,1.0
1779285828.139387,2.461589443497755,-1.3710505260456587e+19,-1.5707963241327643,2.311767468534845e+20,-6.944131862089327e-05,0.0,0.0,0.0,0.0,0.0,0.0,1.0
1779285828.1497638,2.462181664032044,-1.378936964115464e+19,-1.5707963241420217,2.321224865245183e+20,6.944131862089383e-05,0.0,0.0,0.0,0.0,0.0,0.0,1.0
1779285828.1598625,2.462259280249565,-1.3843941798619296e+19,-1.5707963241503533,2.3298762811808403e+20,-6.944131862089327e-05,0.0,0.0,0.0,0.0,0.0,0.0,1.0
1779285828.170154,2.4614961956927077,-1.3860555776763507e+19,-1.5707963241577823,2.3377856115193256e+20,6.944131862089383e-05,0.0,0.0,0.0,0.0,0.0,0.0,1.0
1779285828.180494,2.4623878300115134,-1.3953931061879382e+19,-1.5707963241672607,2.3476211009900927e+20,-6.944131862089327e-05,0.0,0.0,0.0,0.0,0.0,0.0,1.0
1779285828.190599,2.4623827014669133,-1.4005536391450595e+19,-1.5707963241754206,2.3562856477855918e+20,6.944131862089383e-05,0.0,0.0,0.0,0.0,0.0,0.0,1.0
1779285828.20076,2.4626315667305665,-1.4069549249849561e+19,-1.5707963241839218,2.3653307570441778e+20,-6.944131862089337e-05,0.0,0.0,0.0,0.0,0.0,0.0,1.0
1779285828.2109706,2.4623821893852167,-1.4110695517515928e+19,-1.5707963241918264,2.3738840833619598e+20,6.944131862089359e-05,0.0,0.0,0.0,0.0,0.0,0.0,1.0
1779285828.2214544,2.462526212891398,-1.4171822844065014e+19,-1.5707963242004446,2.3832012090693796e+20,-6.944131862089364e-05,0.0,0.0,0.0,0.0,0.0,0.0,1.0
1779285828.2315497,2.4625974378509263,-1.4227810118678796e+19,-1.5707963242085852,2.3920739813100893e+20,6.944131862089337e-05,0.0,0.0,0.0,0.0,0.0,0.0,1.0
1779285828.2416732,2.462661799349532,-1.4283837247188447e+19,-1.5707963242167156,2.400997795677604e+20,-6.94413186208938e-05,0.0,0.0,0.0,0.0,0.0,0.0,1.0
1779285828.252001,2.462545986801687,-1.433256909768027e+19,-1.570796324224795,2.4099597025053514e+20,6.944131862089326e-05,0.0,0.0,0.0,0.0,0.0,0.0,1.0
1779285828.2620978,2.4625120754072043,-1.4384061632898492e+19,-1.5707963242327376,2.418813806232019e+20,-6.944131862089383e-05,0.0,0.0,0.0,0.0,0.0,0.0,1.0
1779285828.2728057,2.4619215791732776,-1.441196725204913e+19,-1.5707963242405312,2.4276623748897554e+20,6.944131862089327e-05,0.0,0.0,0.0,0.0,0.0,0.0,1.0
1779285828.2833686,2.462070845175298,-1.4474549367504839e+19,-1.570796324249058,2.4372651034257136e+20,-6.944131862089383e-05,0.0,0.0,0.0,0.0,0.0,0.0,1.0
1779285828.2938561,2.462131013066431,-1.4532890312801786e+19,-1.570796324257386,2.4467267754155537e+20,6.944131862089327e-05,0.0,0.0,0.0,0.0,0.0,0.0,1.0
1779285828.3044224,2.4617887348421905,-1.4572299261793819e+19,-1.570796324265277,2.4558268179698306e+20,-6.944131862089383e-05,0.0,0.0,0.0,0.0,0.0,0.0,1.0
1779285828.314523,2.4618761562693514,-1.4630154399610618e+19,-1.5707963242732368,2.4649874937493094e+20,6.944131862089327e-05,0.0,0.0,0.0,0.0,0.0,0.0,1.0
1779285828.3250616,2.4615663743599527,-1.4671102759759501e+19,-1.5707963242810898,2.4741606657878016e+20,-6.944131862089383e-05,0.0,0.0,0.0,0.0,0.0,0.0,1.0
1779285828.3351016,2.4619373161151388,-1.4742943760858403e+19,-1.5707963242892813,2.4836659267854254e+20,6.944131862089327e-05,0.0,0.0,0.0,0.0,0.0,0.0,1.0
1779285828.3456554,2.46195898950423,-1.480091465564856e+19,-1.5707963242974945,2.4933310577029326e+20,-6.944131862089383e-05,0.0,0.0,0.0,0.0,0.0,0.0,1.0
1779285828.355833,2.4618763037703233,-1.4851918631548035e+19,-1.5707963243052245,2.5025083049940258e+20,6.944131862089327e-05,0.0,0.0,0.0,0.0,0.0,0.0,1.0
1779285828.3663216,2.4620114060841334,-1.4915621399298499e+19,-1.5707963243134613,2.5123151538702238e+20,-6.944131862089379e-05,0.0,0.0,0.0,0.0,0.0,0.0,1.0
1779285828.3765407,2.4621501416389378,-1.4978468486091821e+19,-1.570796324321442,2.5218822572955884e+20,6.944131862089344e-05,0.0,0.0,0.0,0.0,0.0,0.0,1.0
1779285828.3871768,2.461496717061553,-1.5004055928234185e+19,-1.57079632432884,2.5309587318414243e+20,-6.944131862089353e-05,0.0,0.0,0.0,0.0,0.0,0.0,1.0
1779285828.3972235,2.4618795152363067,-1.5078231544802073e+19,-1.5707963243368992,2.5407048852371115e+20,6.944131862089367e-05,0.0,0.0,0.0,0.0,0.0,0.0,1.0
1779285828.407476,2.4621829132175046,-1.5150219554345648e+19,-1.5707963243450223,2.5506156909195506e+20,-6.944131862089336e-05,0.0,0.0,0.0,0.0,0.0,0.0,1.0
1779285828.4177787,2.4614755044541097,-1.5171545745513675e+19,-1.5707963243519967,2.559364922697717e+20,6.94413186208938e-05,0.0,0.0,0.0,0.0,0.0,0.0,1.0
1779285828.4285655,2.4613998478004575,-1.5227143612132882e+19,-1.5707963243600886,2.56944388652376e+20,-6.944131862089326e-05,0.0,0.0,0.0,0.0,0.0,0.0,1.0
1779285828.4390047,2.4617410063709873,-1.5302427535283728e+19,-1.570796324368325,2.5796962151446053e+20,6.944131862089383e-05,0.0,0.0,0.0,0.0,0.0,0.0,1.0
1779285828.4492598,2.461723428710685,-1.535897615946788e+19,-1.5707963243759826,2.5893598289184322e+20,-6.944131862089327e-05,0.0,0.0,0.0,0.0,0.0,0.0,1.0
1779285828.4597638,2.4614074595260877,-1.54016646917811e+19,-1.5707963243834873,2.5989524447765447e+20,6.944131862089383e-05,0.0,0.0,0.0,0.0,0.0,0.0,1.0
1779285828.4697936,2.4622670491511816,-1.5502633196074879e+19,-1.5707963243919036,2.609552894800976e+20,-6.944131862089327e-05,0.0,0.0,0.0,0.0,0.0,0.0,1.0
1779285828.4803622,2.4620328017002087,-1.555095050324145e+19,-1.5707963243995153,2.6194076652734677e+20,6.944131862089383e-05,0.0,0.0,0.0,0.0,0.0,0.0,1.0
1779285828.4905016,2.4618747785191557,-1.5600688965844613e+19,-1.570796324406824,2.6289188217275718e+20,-6.944131862089327e-05,0.0,0.0,0.0,0.0,0.0,0.0,1.0
1779285828.5005138,2.4623175770171173,-1.5681236110724706e+19,-1.5707963244146776,2.639090975366184e+20,6.944131862089383e-05,0.0,0.0,0.0,0.0,0.0,0.0,1.0
1779285828.5107648,2.462201743052831,-1.5734452000938715e+19,-1.5707963244220837,2.648855674809194e+20,-6.944131862089327e-05,0.0,0.0,0.0,0.0,0.0,0.0,1.0
1779285828.5213675,2.4616897030519542,-1.5768713907586318e+19,-1.5707963244293135,2.658530981800822e+20,6.944131862089383e-05,0.0,0.0,0.0,0.0,0.0,0.0,1.0
1779285828.53183,2.4621036920501744,-1.5850955330857517e+19,-1.5707963244374363,2.6692826668269525e+20,-6.944131862089327e-05,0.0,0.0,0.0,0.0,0.0,0.0,1.0
1779285828.5419595,2.4620040145358337,-1.5904663131061674e+19,-1.570796324444684,2.679035430582509e+20,6.944131862089374e-05,0.0,0.0,0.0,0.0,0.0,0.0,1.0
1779285828.5522373,2.462291305905289,-1.5979976911448338e+19,-1.5707963244524559,2.6894890238991974e+20,-6.944131862089352e-05,0.0,0.0,0.0,0.0,0.0,0.0,1.0
1779285828.5624256,2.46224389995379,-1.603738882532823e+19,-1.570796324459764,2.699450895810074e+20,6.944131862089346e-05,0.0,0.0,0.0,0.0,0.0,0.0,1.0
1779285828.5726051,2.4619212988461734,-1.6079993394164247e+19,-1.5707963244667371,2.70907419589185e+20,-6.944131862089372e-05,0.0,0.0,0.0,0.0,0.0,0.0,1.0
1779285828.5831604,2.460895513409032,-1.6086483121185407e+19,-1.570796324473223,2.718226943150221e+20,6.944131862089332e-05,0.0,0.0,0.0,0.0,0.0,0.0,1.0
1779285828.593264,2.4624162734039245,-1.6227621488922345e+19,-1.5707963244821015,2.7302569500786488e+20,-6.944131862089383e-05,0.0,0.0,0.0,0.0,0.0,0.0,1.0
1779285828.603725,2.4625386779427756,-1.6297044800151073e+19,-1.5707963244897334,2.7409198677359726e+20,6.944131862089323e-05,0.0,0.0,0.0,0.0,0.0,0.0,1.0
1779285828.6139693,2.4618396998319696,-1.6320486438808758e+19,-1.5707963244962677,2.7502710286616402e+20,-6.944131862089386e-05,0.0,0.0,0.0,0.0,0.0,0.0,1.0
1779285828.624412,2.4622564084141043,-1.640566850629356e+19,-1.5707963245041479,2.761370994321188e+20,6.944131862089326e-05,0.0,0.0,0.0,0.0,0.0,0.0,1.0
1779285828.6345215,2.4623314975366455,-1.6470856395873516e+19,-1.570796324511369,2.7716766751545573e+20,-6.944131862089383e-05,0.0,0.0,0.0,0.0,0.0,0.0,1.0
1779285828.6445637,2.462658343625772,-1.6549829898737175e+19,-1.570796324518781,2.7822778743729553e+20,6.944131862089327e-05,0.0,0.0,0.0,0.0,0.0,0.0,1.0
1779285828.6552067,2.4609401003983002,-1.6519290598109958e+19,-1.5707963245244538,2.790846648016984e+20,-6.944131862089383e-05,0.0,0.0,0.0,0.0,0.0,0.0,1.0
1779285828.665255,2.4622916197298745,-1.6654151090577367e+19,-1.5707963245328875,2.8028648597348978e+20,6.944131862089327e-05,0.0,0.0,0.0,0.0,0.0,0.0,1.0
1779285828.6754808,2.4625008282473617,-1.6728527543633705e+19,-1.5707963245402536,2.8136440519706585e+20,-6.944131862089383e-05,0.0,0.0,0.0,0.0,0.0,0.0,1.0
1779285828.6860511,2.462557892533266,-1.6796973471284793e+19,-1.5707963245477123,2.8246705710228816e+20,6.944131862089327e-05,0.0,0.0,0.0,0.0,0.0,0.0,1.0
1779285828.6961348,2.462592853598596,-1.686147251953233e+19,-1.5707963245547383,2.8351319173333136e+20,-6.944131862089383e-05,0.0,0.0,0.0,0.0,0.0,0.0,1.0
1779285828.706789,2.4618630042452465,-1.6886357658484748e+19,-1.5707963245613836,2.845253389076108e+20,6.944131862089327e-05,0.0,0.0,0.0,0.0,0.0,0.0,1.0
1779285828.7171645,2.462408117340217,-1.6981196265093526e+19,-1.570796324569121,2.8568268203418717e+20,-6.94413186208937e-05,0.0,0.0,0.0,0.0,0.0,0.0,1.0
1779285828.7273026,2.4621783970413897,-1.7031405084593902e+19,-1.57079632457584,2.8670949119290203e+20,6.944131862089356e-05,0.0,0.0,0.0,0.0,0.0,0.0,1.0
1779285828.7375472,2.4618622481654917,-1.7077160619341476e+19,-1.5707963245825267,2.8773986503159982e+20,-6.944131862089344e-05,0.0,0.0,0.0,0.0,0.0,0.0,1.0
1779285828.747633,2.4627353907793275,-1.7190174240264438e+19,-1.5707963245903143,2.8892217429976026e+20,6.944131862089375e-05,0.0,0.0,0.0,0.0,0.0,0.0,1.0
1779285828.7585878,2.4616190636281456,-1.7195280870339684e+19,-1.5707963245966896,2.8993607196759225e+20,-6.944131862089329e-05,0.0,0.0,0.0,0.0,0.0,0.0,1.0
1779285828.7690573,2.4618820514591055,-1.7275872578979545e+19,-1.5707963246040848,2.9108654272258448e+20,6.944131862089386e-05,0.0,0.0,0.0,0.0,0.0,0.0,1.0
1779285828.7792277,2.462090864048476,-1.735218110724674e+19,-1.5707963246111738,2.9219812003753502e+20,-6.944131862089326e-05,0.0,0.0,0.0,0.0,0.0,0.0,1.0
1779285828.7895422,2.4616627285195687,-1.7392738128631204e+19,-1.5707963246176952,2.932409687058903e+20,6.944131862089383e-05,0.0,0.0,0.0,0.0,0.0,0.0,1.0
1779285828.8003,2.461522356486334,-1.7452554156107715e+19,-1.5707963246248273,2.9438227108120547e+20,-6.944131862089327e-05,0.0,0.0,0.0,0.0,0.0,0.0,1.0
1779285828.8106048,2.4615753735305574,-1.752112404446271e+19,-1.5707963246317946,2.955007694967706e+20,6.944131862089383e-05,0.0,0.0,0.0,0.0,0.0,0.0,1.0
1779285828.8211157,2.4616897842109853,-1.759497787604915e+19,-1.5707963246389565,2.9665738669441765e+20,-6.944131862089327e-05,0.0,0.0,0.0,0.0,0.0,0.0,1.0
1779285828.8316777,2.461546703717922,-1.76544080472777e+19,-1.5707963246458752,2.977881959694947e+20,6.944131862089383e-05,0.0,0.0,0.0,0.0,0.0,0.0,1.0
1779285828.8420832,2.4618522870655966,-1.773967090173627e+19,-1.5707963246531107,2.989692714012073e+20,-6.944131862089327e-05,0.0,0.0,0.0,0.0,0.0,0.0,1.0
1779285828.8526819,2.4611831405218965,-1.7767742559917797e+19,-1.570796324659374,3.00018986287374e+20,6.944131862089383e-05,0.0,0.0,0.0,0.0,0.0,0.0,1.0
1779285828.8626332,2.4620671583751816,-1.7885471500566827e+19,-1.5707963246668573,3.0124487488253e+20,-6.944131862089327e-05,0.0,0.0,0.0,0.0,0.0,0.0,1.0
1779285828.8733528,2.4610691230004265,-1.789602070751923e+19,-1.5707963246729542,3.022886380375698e+20,6.944131862089383e-05,0.0,0.0,0.0,0.0,0.0,0.0,1.0
1779285828.883341,2.46191437001143,-1.8011942893064004e+19,-1.5707963246803223,3.03513015577396e+20,-6.944131862089332e-05,0.0,0.0,0.0,0.0,0.0,0.0,1.0
1779285828.8935115,2.4623766069179007,-1.810739102343678e+19,-1.5707963246874272,3.047105031146176e+20,6.944131862089361e-05,0.0,0.0,0.0,0.0,0.0,0.0,1.0
1779285828.9039292,2.462352071781139,-1.8175595230393905e+19,-1.5707963246941952,3.058698572037892e+20,-6.944131862089361e-05,0.0,0.0,0.0,0.0,0.0,0.0,1.0
1779285828.9140246,2.462312825564233,-1.8241212280281864e+19,-1.570796324700724,3.0699619626005404e+20,6.94413186208934e-05,0.0,0.0,0.0,0.0,0.0,0.0,1.0
1779285828.9240804,2.46258147258308,-1.8325348135275397e+19,-1.570796324707484,3.081635887019529e+20,-6.944131862089378e-05,0.0,0.0,0.0,0.0,0.0,0.0,1.0
1779285828.9341042,2.4628468640609036,-1.8409689927863615e+19,-1.5707963247142036,3.093322192421657e+20,6.944131862089327e-05,0.0,0.0,0.0,0.0,0.0,0.0,1.0
1779285828.944858,2.461707569637275,-1.8412435052728433e+19,-1.570796324720034,3.103840433720958e+20,-6.944131862089387e-05,0.0,0.0,0.0,0.0,0.0,0.0,1.0
1779285828.9553134,2.4621493666105443,-1.8509959699320308e+19,-1.5707963247271943,3.1164255683262585e+20,6.944131862089325e-05,0.0,0.0,0.0,0.0,0.0,0.0,1.0
1779285828.9656255,2.462193850675245,-1.85827575783657e+19,-1.570796324733836,3.1282663788504646e+20,-6.944131862089384e-05,0.0,0.0,0.0,0.0,0.0,0.0,1.0
1779285828.9757044,2.4625912434334256,-1.867637036281079e+19,-1.570796324740632,3.1403878488744565e+20,6.944131862089326e-05,0.0,0.0,0.0,0.0,0.0,0.0,1.0
1779285828.9859881,2.462333861236075,-1.8731130904841454e+19,-1.5707963247469248,3.1518334171559e+20,-6.944131862089383e-05,0.0,0.0,0.0,0.0,0.0,0.0,1.0
1779285828.9965487,2.4618700752988616,-1.8774525704497582e+19,-1.570796324753191,3.163355136136845e+20,6.944131862089327e-05,0.0,0.0,0.0,0.0,0.0,0.0,1.0
1779285829.007213,2.461343194720459,-1.8814131203405656e+19,-1.5707963247594434,3.174941903959513e+20,-6.944131862089383e-05,0.0,0.0,0.0,0.0,0.0,0.0,1.0
1779285829.0173275,2.4616738361802533,-1.8903971024466625e+19,-1.5707963247661052,3.187162517147572e+20,6.944131862089327e-05,0.0,0.0,0.0,0.0,0.0,0.0,1.0
1779285829.0277503,2.4614220511019465,-1.895966848574134e+19,-1.570796324772411,3.198942771185388e+20,-6.944131862089383e-05,0.0,0.0,0.0,0.0,0.0,0.0,1.0
1779285829.0378416,2.462064702116623,-1.9070245550921175e+19,-1.5707963247793166,3.211719510930512e+20,6.944131862089327e-05,0.0,0.0,0.0,0.0,0.0,0.0,1.0
1779285829.048608,2.461011889486123,-1.907787083753882e+19,-1.5707963247850598,3.222791118815261e+20,-6.944131862089383e-05,0.0,0.0,0.0,0.0,0.0,0.0,1.0
1779285829.0588093,2.4610301155122642,-1.914898414601778e+19,-1.57079632479137,3.234755426718356e+20,6.944131862089337e-05,0.0,0.0,0.0,0.0,0.0,0.0,1.0
1779285829.069207,2.4621187906017687,-1.9291379088998728e+19,-1.5707963247988437,3.248783142195156e+20,-6.944131862089359e-05,0.0,0.0,0.0,0.0,0.0,0.0,1.0
1779285829.0794892,2.462154008194416,-1.9366785700503482e+19,-1.5707963248052286,3.2610692364744144e+20,6.944131862089364e-05,0.0,0.0,0.0,0.0,0.0,0.0,1.0
1779285829.089588,2.4627737325916668,-1.947932601834342e+19,-1.5707963248120198,3.274093704509475e+20,-6.944131862089337e-05,0.0,0.0,0.0,0.0,0.0,0.0,1.0
1779285829.1001406,2.462253801667038,-1.952172371863838e+19,-1.5707963248180423,3.2859811289035833e+20,6.94413186208938e-05,0.0,0.0,0.0,0.0,0.0,0.0,1.0
1779285829.1106791,2.4619390092819615,-1.957672840839543e+19,-1.570796324824215,3.298193962993738e+20,-6.944131862089326e-05,0.0,0.0,0.0,0.0,0.0,0.0,1.0
1779285829.1207476,2.4625345745697524,-1.9688132077954654e+19,-1.5707963248308852,3.311258950543394e+20,6.944131862089383e-05,0.0,0.0,0.0,0.0,0.0,0.0,1.0
1779285829.1313815,2.4618150921376105,-1.9717934419869364e+19,-1.5707963248367243,3.32307538339538e+20,-6.944131862089327e-05,0.0,0.0,0.0,0.0,0.0,0.0,1.0
1779285829.1420345,2.4616437126556865,-1.9783081702897533e+19,-1.5707963248430366,3.3357881176144767e+20,6.944131862089383e-05,0.0,0.0,0.0,0.0,0.0,0.0,1.0
1779285829.152295,2.4623108312755306,-1.990160792708281e+19,-1.5707963248498489,3.3494005687361654e+20,-6.944131862089327e-05,0.0,0.0,0.0,0.0,0.0,0.0,1.0
1779285829.1626,2.4622687312325025,-1.99743348820194e+19,-1.5707963248560155,3.361969071246627e+20,6.944131862089383e-05,0.0,0.0,0.0,0.0,0.0,0.0,1.0
1779285829.1729665,2.4617737973365683,-2.0017250180040712e+19,-1.5707963248617915,3.373931544397048e+20,-6.944131862089327e-05,0.0,0.0,0.0,0.0,0.0,0.0,1.0
1779285829.183242,2.462185749096538,-2.0120110305229394e+19,-1.570796324868314,3.38729544739118e+20,6.944131862089383e-05,0.0,0.0,0.0,0.0,0.0,0.0,1.0
1779285829.193532,2.4624284501918208,-2.0212635947655873e+19,-1.570796324874675,3.4004623067366025e+20,-6.944131862089327e-05,0.0,0.0,0.0,0.0,0.0,0.0,1.0
1779285829.2044115,2.4606479952980287,-2.0172531135319405e+19,-1.5707963248795702,3.411145045378128e+20,6.944131862089383e-05,0.0,0.0,0.0,0.0,0.0,0.0,1.0
1779285829.2147117,2.462040242867042,-2.0341978523573236e+19,-1.5707963248869286,3.42630480699134e+20,-6.944131862089327e-05,0.0,0.0,0.0,0.0,0.0,0.0,1.0
1779285829.2250855,2.4618242375549264,-2.0404754431118287e+19,-1.5707963248928727,3.438976905981703e+20,6.944131862089379e-05,0.0,0.0,0.0,0.0,0.0,0.0,1.0
1779285829.2355561,2.4620750552775785,-2.0500264524432437e+19,-1.5707963248992831,3.452619552285736e+20,-6.944131862089344e-05,0.0,0.0,0.0,0.0,0.0,0.0,1.0
1779285829.2456763,2.462296814609482,-2.0591903224971813e+19,-1.5707963249054122,3.465760368017336e+20,6.944131862089353e-05,0.0,0.0,0.0,0.0,0.0,0.0,1.0
1779285829.256247,2.461927590091118,-2.0646605615114842e+19,-1.5707963249112966,3.47861204190828e+20,-6.944131862089367e-05,0.0,0.0,0.0,0.0,0.0,0.0,1.0
1779285829.267174,2.4615926543716595,-2.070598206851125e+19,-1.570796324917428,3.492083654086405e+20,6.944131862089336e-05,0.0,0.0,0.0,0.0,0.0,0.0,1.0
1779285829.277184,2.462153100563558,-2.082077972783257e+19,-1.570796324923723,3.505781735311229e+20,-6.94413186208938e-05,0.0,0.0,0.0,0.0,0.0,0.0,1.0
1779285829.2875187,2.4615605884522442,-2.085811593186053e+19,-1.5707963249291648,3.517977273449195e+20,6.944131862089326e-05,0.0,0.0,0.0,0.0,0.0,0.0,1.0
1779285829.2977774,2.4623904649288093,-2.0994711954215916e+19,-1.5707963249358399,3.532647158101848e+20,-6.944131862089383e-05,0.0,0.0,0.0,0.0,0.0,0.0,1.0
1779285829.3082955,2.46135456563349,-2.1002796618236133e+19,-1.5707963249409815,3.544452281219212e+20,6.944131862089327e-05,0.0,0.0,0.0,0.0,0.0,0.0,1.0
1779285829.3183324,2.4620261776219596,-2.1126808211124503e+19,-1.5707963249472972,3.558550654897939e+20,-6.944131862089383e-05,0.0,0.0,0.0,0.0,0.0,0.0,1.0
1779285829.3289104,2.4620020278652,-2.1207169126456095e+19,-1.5707963249533565,3.5723502305825495e+20,6.944131862089327e-05,0.0,0.0,0.0,0.0,0.0,0.0,1.0
1779285829.339221,2.4626276009955457,-2.1332182887642337e+19,-1.5707963249597898,3.5869408394425854e+20,-6.944131862089383e-05,0.0,0.0,0.0,0.0,0.0,0.0,1.0
1779285829.349318,2.4626926841774237,-2.1416718918842143e+19,-1.5707963249655805,3.6002973711446776e+20,6.944131862089327e-05,0.0,0.0,0.0,0.0,0.0,0.0,1.0
1779285829.3598988,2.4619997534167872,-2.145068763436168e+19,-1.5707963249710029,3.6130848434803153e+20,-6.944131862089383e-05,0.0,0.0,0.0,0.0,0.0,0.0,1.0
1779285829.3700178,2.4625506306581233,-2.156997100101507e+19,-1.5707963249771864,3.6274168081911493e+20,6.944131862089327e-05,0.0,0.0,0.0,0.0,0.0,0.0,1.0
1779285829.3800752,2.462797942335345,-2.166800248380223e+19,-1.5707963249830519,3.6411825073997165e+20,-6.944131862089383e-05,0.0,0.0,0.0,0.0,0.0,0.0,1.0
1779285829.3903046,2.462089968298882,-2.1698481924094243e+19,-1.5707963249881918,3.653567240649308e+20,6.944131862089327e-05,0.0,0.0,0.0,0.0,0.0,0.0,1.0
1779285829.4009342,2.461628871234462,-2.1748973597153333e+19,-1.570796324993769,3.667012620705858e+20,-6.944131862089374e-05,0.0,0.0,0.0,0.0,0.0,0.0,1.0
1779285829.4112296,2.461605618170842,-2.1828297522851095e+19,-1.5707963249994723,3.6807332841961606e+20,6.944131862089352e-05,0.0,0.0,0.0,0.0,0.0,0.0,1.0
1779285829.4215863,2.4621287814048065,-2.194890250606027e+19,-1.5707963250056793,3.6956297101303454e+20,-6.944131862089346e-05,0.0,0.0,0.0,0.0,0.0,0.0,1.0
1779285829.431864,2.462772055481766,-2.2079217231040987e+19,-1.5707963250119272,3.7107074258576946e+20,6.944131862089372e-05,0.0,0.0,0.0,0.0,0.0,0.0,1.0
1779285829.4422257,2.4624268025126774,-2.2138102526934974e+19,-1.5707963250173573,3.724145965068907e+20,-6.944131862089332e-05,0.0,0.0,0.0,0.0,0.0,0.0,1.0
1779285829.4529805,2.46152703723659,-2.215867325144444e+19,-1.5707963250225652,3.73727146991053e+20,6.944131862089383e-05,0.0,0.0,0.0,0.0,0.0,0.0,1.0
1779285829.463111,2.46222658776531,-2.229244156807674e+19,-1.5707963250287043,3.7523746069530064e+20,-6.944131862089323e-05,0.0,0.0,0.0,0.0,0.0,0.0,1.0
1779285829.4731464,2.4626789490809218,-2.240851018261959e+19,-1.5707963250345578,3.766940149989786e+20,6.944131862089386e-05,0.0,0.0,0.0,0.0,0.0,0.0,1.0
1779285829.484051,2.4611106001194636,-2.23805093331211e+19,-1.5707963250392463,3.7792070949772545e+20,-6.944131862089326e-05,0.0,0.0,0.0,0.0,0.0,0.0,1.0
1779285829.4941127,2.461939115723106,-2.252421206021471e+19,-1.5707963250453816,3.794579093273267e+20,6.944131862089383e-05,0.0,0.0,0.0,0.0,0.0,0.0,1.0
1779285829.5042348,2.4626095745776957,-2.265850430303722e+19,-1.5707963250514163,3.8098542443332875e+20,-6.944131862089327e-05,0.0,0.0,0.0,0.0,0.0,0.0,1.0
1779285829.514331,2.4627701573851284,-2.2755252520825995e+19,-1.570796325056995,3.82420392833674e+20,6.944131862089383e-05,0.0,0.0,0.0,0.0,0.0,0.0,1.0
1779285829.5249743,2.462287473904219,-2.2807856261364437e+19,-1.5707963250623618,3.838280232988045e+20,-6.944131862089327e-05,0.0,0.0,0.0,0.0,0.0,0.0,1.0
1779285829.535198,2.4621681453805424,-2.288423271293327e+19,-1.5707963250677526,3.852410745608803e+20,6.944131862089383e-05,0.0,0.0,0.0,0.0,0.0,0.0,1.0
1779285829.5453558,2.4627251593892856,-2.3012258426498142e+19,-1.5707963250736405,3.86776494837644e+20,-6.944131862089327e-05,0.0,0.0,0.0,0.0,0.0,0.0,1.0
1779285829.5559835,2.4619311409587814,-2.304106030371131e+19,-1.5707963250786927,3.881384738995544e+20,6.944131862089383e-05,0.0,0.0,0.0,0.0,0.0,0.0,1.0
1779285829.5661519,2.4623544301560845,-2.3159318590580478e+19,-1.5707963250844394,3.8966112105148187e+20,-6.944131862089327e-05,0.0,0.0,0.0,0.0,0.0,0.0,1.0
1779285829.5764015,2.462152258335317,-2.3230700729928614e+19,-1.5707963250897137,3.910847979509607e+20,6.94413186208937e-05,0.0,0.0,0.0,0.0,0.0,0.0,1.0
1779285829.5865192,2.4623981382154647,-2.3335782590770516e+19,-1.5707963250952437,3.9257490106702646e+20,-6.944131862089356e-05,0.0,0.0,0.0,0.0,0.0,0.0,1.0
1779285829.5967329,2.462603411668933,-2.343940701023137e+19,-1.5707963251007917,3.9408170227332e+20,6.944131862089344e-05,0.0,0.0,0.0,0.0,0.0,0.0,1.0
1779285829.6075816,2.4622703180558676,-2.3506775816547238e+19,-1.5707963251062746,3.955968920458932e+20,-6.944131862089375e-05,0.0,0.0,0.0,0.0,0.0,0.0,1.0
1779285829.6177738,2.4623717768659947,-2.3602610684653416e+19,-1.570796325111692,3.970917882711213e+20,6.944131862089329e-05,0.0,0.0,0.0,0.0,0.0,0.0,1.0
1779285829.6279905,2.4619725203944647,-2.3659376406148436e+19,-1.5707963251167072,3.9849888636634255e+20,-6.944131862089386e-05,0.0,0.0,0.0,0.0,0.0,0.0,1.0
1779285829.6382458,2.4620704690482285,-2.3755505868474704e+19,-1.570796325122115,4.000113562402326e+20,6.944131862089326e-05,0.0,0.0,0.0,0.0,0.0,0.0,1.0
1779285829.6483014,2.462394069010409,-2.3868679353168294e+19,-1.5707963251275774,4.015433488256547e+20,-6.944131862089383e-05,0.0,0.0,0.0,0.0,0.0,0.0,1.0
1779285829.6587894,2.462269079191887,-2.3950498456261624e+19,-1.5707963251329204,4.030653858165884e+20,6.944131862089327e-05,0.0,0.0,0.0,0.0,0.0,0.0,1.0
1779285829.6690123,2.4622306672981242,-2.4036693257421787e+19,-1.5707963251381325,4.045576379777773e+20,-6.944131862089383e-05,0.0,0.0,0.0,0.0,0.0,0.0,1.0
1779285829.6792517,2.4619207639857796,-2.410197486284249e+19,-1.5707963251431696,4.060174093502693e+20,6.944131862089327e-05,0.0,0.0,0.0,0.0,0.0,0.0,1.0
1779285829.6894095,2.4622232087964155,-2.4215734750452175e+19,-1.5707963251486046,4.075847642496378e+20,-6.944131862089383e-05,0.0,0.0,0.0,0.0,0.0,0.0,1.0
1779285829.6999006,2.4620883988340276,-2.4297690483771048e+19,-1.5707963251538712,4.0912691937722584e+20,6.944131862089327e-05,0.0,0.0,0.0,0.0,0.0,0.0,1.0
1779285829.7102056,2.461947472522131,-2.4377747478231302e+19,-1.5707963251590167,4.106440679530657e+20,-6.944131862089383e-05,0.0,0.0,0.0,0.0,0.0,0.0,1.0
1779285829.7201476,2.46288761889868,-2.4543396743126168e+19,-1.5707963251647699,4.123203969072467e+20,6.944131862089327e-05,0.0,0.0,0.0,0.0,0.0,0.0,1.0
1779285829.7306871,2.4625883051833966,-2.4614543688108024e+19,-1.5707963251699013,4.138603121032802e+20,-6.944131862089383e-05,0.0,0.0,0.0,0.0,0.0,0.0,1.0
1779285829.741266,2.4621467773102013,-2.4673847470250934e+19,-1.5707963251749228,4.1538168769307345e+20,6.944131862089332e-05,0.0,0.0,0.0,0.0,0.0,0.0,1.0
1779285829.7516434,2.461971107533513,-2.4752748015900533e+19,-1.5707963251800077,4.169244576087508e+20,-6.944131862089361e-05,0.0,0.0,0.0,0.0,0.0,0.0,1.0
1779285829.7621691,2.4620029394534027,-2.485046664666406e+19,-1.5707963251853296,4.1854407288932624e+20,6.944131862089361e-05,0.0,0.0,0.0,0.0,0.0,0.0,1.0
1779285829.7722378,2.4625129057685538,-2.4984552103329403e+19,-1.570796325190736,4.201867801491035e+20,-6.94413186208934e-05,0.0,0.0,0.0,0.0,0.0,0.0,1.0
1779285829.782882,2.461972901779576,-2.5037003650491175e+19,-1.5707963251956525,4.2172144916438876e+20,6.944131862089378e-05,0.0,0.0,0.0,0.0,0.0,0.0,1.0
1779285829.7933335,2.462262442997296,-2.5156970598374924e+19,-1.5707963252010753,4.2339923196880205e+20,-6.944131862089327e-05,0.0,0.0,0.0,0.0,0.0,0.0,1.0
1779285829.8037386,2.4620657641936203,-2.5236405926753665e+19,-1.570796325206089,4.249754210954018e+20,6.944131862089387e-05,0.0,0.0,0.0,0.0,0.0,0.0,1.0
1779285829.8147943,2.4611293861955046,-2.525888689979096e+19,-1.5707963252108974,4.265199210335593e+20,-6.944131862089325e-05,0.0,0.0,0.0,0.0,0.0,0.0,1.0
1779285829.8250818,2.4606453371631907,-2.5311409543693623e+19,-1.57079632521559,4.280232591213889e+20,6.944131862089384e-05,0.0,0.0,0.0,0.0,0.0,0.0,1.0
1779285829.8353808,2.4618449173989823,-2.5507618699922612e+19,-1.5707963252215298,4.298851958075443e+20,-6.944131862089326e-05,0.0,0.0,0.0,0.0,0.0,0.0,1.0
1779285829.8455527,2.4618941270918584,-2.5607037644662993e+19,-1.5707963252265345,4.31495116168931e+20,6.944131862089383e-05,0.0,0.0,0.0,0.0,0.0,0.0,1.0
1779285829.8559964,2.4615274298142378,-2.567348310789325e+19,-1.5707963252313621,4.3307145305025826e+20,-6.944131862089327e-05,0.0,0.0,0.0,0.0,0.0,0.0,1.0
1779285829.86603,2.4619449658658628,-2.5803657025759056e+19,-1.5707963252365302,4.347455515296758e+20,6.944131862089383e-05,0.0,0.0,0.0,0.0,0.0,0.0,1.0
1779285829.8763773,2.4617787185217783,-2.5885519338142433e+19,-1.5707963252413235,4.363260659832752e+20,-6.944131862089327e-05,0.0,0.0,0.0,0.0,0.0,0.0,1.0
1779285829.8866112,2.4629414417814344,-2.6084168146911425e+19,-1.570796325247128,4.3821241652753826e+20,6.944131862089383e-05,0.0,0.0,0.0,0.0,0.0,0.0,1.0
1779285829.8966842,2.46321192312725,-2.620587170043825e+19,-1.5707963252521677,4.398856959903846e+20,-6.944131862089327e-05,0.0,0.0,0.0,0.0,0.0,0.0,1.0
1779285829.9073944,2.4624076390411407,-2.62399651349822e+19,-1.570796325256757,4.4145285572861185e+20,6.944131862089383e-05,0.0,0.0,0.0,0.0,0.0,0.0,1.0
1779285829.9175475,2.4626440562172274,-2.6358956626326094e+19,-1.5707963252617791,4.431441262485481e+20,-6.944131862089337e-05,0.0,0.0,0.0,0.0,0.0,0.0,1.0
1779285829.9281065,2.462257207159939,-2.642746395555867e+19,-1.5707963252665553,4.447830768253481e+20,6.944131862089359e-05,0.0,0.0,0.0,0.0,0.0,0.0,1.0
1779285829.9384222,2.461861007341246,-2.6491598104924955e+19,-1.5707963252711385,4.463667516806104e+20,-6.944131862089364e-05,0.0,0.0,0.0,0.0,0.0,0.0,1.0
1779285829.9484513,2.462613913138286,-2.665570859053414e+19,-1.5707963252764185,4.481657133835336e+20,6.944131862089337e-05,0.0,0.0,0.0,0.0,0.0,0.0,1.0
1779285829.958677,2.4624469958679223,-2.6741216827174023e+19,-1.570796325281122,4.498063974407086e+20,-6.94413186208938e-05,0.0,0.0,0.0,0.0,0.0,0.0,1.0
1779285829.9691508,2.4622192481240184,-2.6823662582629265e+19,-1.570796325285903,4.5148746167215306e+20,6.944131862089326e-05,0.0,0.0,0.0,0.0,0.0,0.0,1.0
1779285829.9793613,2.462492317442648,-2.6948595335512334e+19,-1.5707963252908836,4.5323448615845134e+20,-6.944131862089383e-05,0.0,0.0,0.0,0.0,0.0,0.0,1.0
1779285829.98969,2.462408822176534,-2.704340207703052e+19,-1.570796325295661,4.5493313313415594e+20,6.944131862089327e-05,0.0,0.0,0.0,0.0,0.0,0.0,1.0
1779285829.999713,2.4630009513205917,-2.7196750201198936e+19,-1.5707963253007369,4.567288775903774e+20,-6.944131862089383e-05,0.0,0.0,0.0,0.0,0.0,0.0,1.0
1779285830.0101538,2.461604284586303,-2.7174326594028777e+19,-1.5707963253046167,4.5817001762642054e+20,6.944131862089327e-05,0.0,0.0,0.0,0.0,0.0,0.0,1.0
1779285830.0204482,2.46267257511055,-2.7373384203792376e+19,-1.5707963253101354,4.601351063162504e+20,-6.944131862089383e-05,0.0,0.0,0.0,0.0,0.0,0.0,1.0
1779285830.0310643,2.461940025603805,-2.7413078989916262e+19,-1.5707963253145483,4.61769421584308e+20,6.944131862089327e-05,0.0,0.0,0.0,0.0,0.0,0.0,1.0
1779285830.0417562,2.462136396538244,-2.753796429067872e+19,-1.5707963253196338,4.636319788644936e+20,-6.944131862089383e-05,0.0,0.0,0.0,0.0,0.0,0.0,1.0
1779285830.0528533,2.460511967328683,-2.7499031389275496e+19,-1.5707963253236406,4.6516734924281486e+20,6.944131862089327e-05,0.0,0.0,0.0,0.0,0.0,0.0,1.0
1779285830.0630443,2.4612163126320006,-2.766449878645683e+19,-1.5707963253287724,4.6705493303891945e+20,-6.944131862089383e-05,0.0,0.0,0.0,0.0,0.0,0.0,1.0
1779285830.0735903,2.4612201800599203,-2.7770288701585183e+19,-1.570796325333584,4.68859429272702e+20,6.944131862089327e-05,0.0,0.0,0.0,0.0,0.0,0.0,1.0
1779285830.084095,2.4611422415516033,-2.7868689117518713e+19,-1.5707963253383068,4.7064576161456285e+20,-6.944131862089379e-05,0.0,0.0,0.0,0.0,0.0,0.0,1.0
1779285830.09473,2.4609950844932174,-2.796248534478019e+19,-1.5707963253430453,4.724529728324276e+20,6.944131862089344e-05,0.0,0.0,0.0,0.0,0.0,0.0,1.0
1779285830.105195,2.4611420279014036,-2.808231714535206e+19,-1.570796325347868,4.7429535579510945e+20,-6.944131862089353e-05,0.0,0.0,0.0,0.0,0.0,0.0,1.0
1779285830.115861,2.460516446815223,-2.813216245164118e+19,-1.5707963253522665,4.7601257792771306e+20,6.944131862089367e-05,0.0,0.0,0.0,0.0,0.0,0.0,1.0
1779285830.1262681,2.4617996215386984,-2.8360084153947832e+19,-1.5707963253578165,4.781262257819813e+20,-6.944131862089336e-05,0.0,0.0,0.0,0.0,0.0,0.0,1.0
1779285830.1367543,2.4619404557867934,-2.848349390144588e+19,-1.5707963253626211,4.8000303049937623e+20,6.94413186208938e-05,0.0,0.0,0.0,0.0,0.0,0.0,1.0
1779285830.147314,2.461633490172505,-2.8565343557448647e+19,-1.5707963253671422,4.817963773160275e+20,-6.944131862089326e-05,0.0,0.0,0.0,0.0,0.0,0.0,1.0
1779285830.157615,2.4616060832181708,-2.8670947348563562e+19,-1.5707963253717019,4.836077540580225e+20,6.944131862089383e-05,0.0,0.0,0.0,0.0,0.0,0.0,1.0
1779285830.1681943,2.461504277885739,-2.877264435114266e+19,-1.5707963253763413,4.854664283644937e+20,-6.944131862089327e-05,0.0,0.0,0.0,0.0,0.0,0.0,1.0
1779285830.178684,2.4614673390827475,-2.8879821562479542e+19,-1.5707963253809603,4.873277112648995e+20,6.944131862089383e-05,0.0,0.0,0.0,0.0,0.0,0.0,1.0
1779285830.1895492,2.460285383735136,-2.887973905617918e+19,-1.5707963253849875,4.890005180432923e+20,-6.944131862089327e-05,0.0,0.0,0.0,0.0,0.0,0.0,1.0
1779285830.1997788,2.461195066877068,-2.907506593763711e+19,-1.570796325390069,4.910433308067566e+20,6.944131862089383e-05,0.0,0.0,0.0,0.0,0.0,0.0,1.0
1779285830.2102606,2.461501459097792,-2.921683221060897e+19,-1.5707963253948696,4.930071728256638e+20,-6.944131862089327e-05,0.0,0.0,0.0,0.0,0.0,0.0,1.0
1779285830.2204273,2.461959306938164,-2.9371347624570896e+19,-1.5707963253995973,4.949500596601521e+20,6.944131862089383e-05,0.0,0.0,0.0,0.0,0.0,0.0,1.0
1779285830.2305796,2.4617453258213233,-2.9460602796866728e+19,-1.5707963254038586,4.967352733825333e+20,-6.944131862089327e-05,0.0,0.0,0.0,0.0,0.0,0.0,1.0
1779285830.2409341,2.4619721671659915,-2.9595610280999895e+19,-1.5707963254084985,4.9867669263925405e+20,6.944131862089383e-05,0.0,0.0,0.0,0.0,0.0,0.0,1.0
1779285830.2511225,2.461864567929375,-2.969630906005527e+19,-1.570796325412822,5.005097019926332e+20,-6.944131862089327e-05,0.0,0.0,0.0,0.0,0.0,0.0,1.0
1779285830.2617526,2.462032710504806,-2.9829408219957297e+19,-1.570796325417528,5.025091210573504e+20,6.944131862089374e-05,0.0,0.0,0.0,0.0,0.0,0.0,1.0
1779285830.271949,2.461881533132943,-2.9926529126125502e+19,-1.5707963254217978,5.043465999810136e+20,-6.944131862089352e-05,0.0,0.0,0.0,0.0,0.0,0.0,1.0
1779285830.2820537,2.462198423990625,-3.006972064693409e+19,-1.5707963254263115,5.06285645504256e+20,6.944131862089346e-05,0.0,0.0,0.0,0.0,0.0,0.0,1.0
1779285830.2923589,2.4617764547564684,-3.014143658194088e+19,-1.5707963254304311,5.0809269873010744e+20,-6.944131862089372e-05,0.0,0.0,0.0,0.0,0.0,0.0,1.0
1779285830.302816,2.4614406247608476,-3.022275298734597e+19,-1.5707963254346617,5.099574023508025e+20,6.944131862089332e-05,0.0,0.0,0.0,0.0,0.0,0.0,1.0
1779285830.3127918,2.4626057325936404,-3.045148067973746e+19,-1.570796325439614,5.1210036282683425e+20,-6.944131862089383e-05,0.0,0.0,0.0,0.0,0.0,0.0,1.0
1779285830.3235264,2.4621666972812744,-3.0527969513033466e+19,-1.5707963254438966,5.1401969346663376e+20,6.944131862089323e-05,0.0,0.0,0.0,0.0,0.0,0.0,1.0
1779285830.334122,2.4618164055830785,-3.061113884984235e+19,-1.5707963254481496,5.159354394687815e+20,-6.944131862089386e-05,0.0,0.0,0.0,0.0,0.0,0.0,1.0
1779285830.3448927,2.4611581834630027,-3.0663917778337677e+19,-1.5707963254522717,5.178160373113394e+20,6.944131862089326e-05,0.0,0.0,0.0,0.0,0.0,0.0,1.0
1779285830.3549576,2.4619353168511244,-3.085631200982778e+19,-1.5707963254569535,5.199116001851098e+20,-6.944131862089383e-05,0.0,0.0,0.0,0.0,0.0,0.0,1.0
1779285830.3650556,2.4620243660713976,-3.098005027579046e+19,-1.5707963254612043,5.2185048163472907e+20,6.944131862089327e-05,0.0,0.0,0.0,0.0,0.0,0.0,1.0
1779285830.3755727,2.461977402133286,-3.109498310223525e+19,-1.5707963254655573,5.238552168334871e+20,-6.944131862089383e-05,0.0,0.0,0.0,0.0,0.0,0.0,1.0
1779285830.3856373,2.462288725157507,-3.12425846151499e+19,-1.5707963254699069,5.258592833151392e+20,6.944131862089327e-05,0.0,0.0,0.0,0.0,0.0,0.0,1.0
1779285830.3959854,2.46186544183804,-3.1317302128323568e+19,-1.5707963254739152,5.277449073088544e+20,-6.944131862089383e-05,0.0,0.0,0.0,0.0,0.0,0.0,1.0
1779285830.4060175,2.46234282683328,-3.1482719734622826e+19,-1.5707963254783257,5.297991294914868e+20,6.944131862089327e-05,0.0,0.0,0.0,0.0,0.0,0.0,1.0
1779285830.4164774,2.4613794355481717,-3.1502038036383977e+19,-1.5707963254820247,5.3158404217101333e+20,-6.944131862089383e-05,0.0,0.0,0.0,0.0,0.0,0.0,1.0
1779285830.4266863,2.4619513730337164,-3.1678977382762066e+19,-1.5707963254865227,5.337042556523776e+20,6.944131862089327e-05,0.0,0.0,0.0,0.0,0.0,0.0,1.0
1779285830.4367347,2.4625264095774924,-3.1857012739382616e+19,-1.5707963254909592,5.3581064630388536e+20,-6.94413186208937e-05,0.0,0.0,0.0,0.0,0.0,0.0,1.0
1779285830.4468794,2.462301120709462,-3.195233014519823e+19,-1.570796325494934,5.3773873127004996e+20,6.944131862089356e-05,0.0,0.0,0.0,0.0,0.0,0.0,1.0
1779285830.4573815,2.462613405139086,-3.210930693308344e+19,-1.5707963254993902,5.398947786708891e+20,-6.944131862089344e-05,0.0,0.0,0.0,0.0,0.0,0.0,1.0
1779285830.4679494,2.4620713529903835,-3.2176243693580485e+19,-1.5707963255033437,5.4185173737263196e+20,6.944131862089375e-05,0.0,0.0,0.0,0.0,0.0,0.0,1.0
1779285830.478099,2.4622593046400816,-3.2316155582878458e+19,-1.5707963255075321,5.439100901747402e+20,-6.944131862089329e-05,0.0,0.0,0.0,0.0,0.0,0.0,1.0
1779285830.488665,2.4620052457905266,-3.2413836680893305e+19,-1.5707963255116293,5.459544628015824e+20,6.944131862089386e-05,0.0,0.0,0.0,0.0,0.0,0.0,1.0
1779285830.4989538,2.4623964664659868,-3.257848949536776e+19,-1.5707963255159778,5.481144715021895e+20,-6.944131862089326e-05,0.0,0.0,0.0,0.0,0.0,0.0,1.0
1779285830.50955,2.461952686052773,-3.2656920441058742e+19,-1.5707963255199513,5.501327075648569e+20,6.944131862089383e-05,0.0,0.0,0.0,0.0,0.0,0.0,1.0
1779285830.5200415,2.461806772547524,-3.276602372967495e+19,-1.5707963255240391,5.5221123403296847e+20,-6.944131862089327e-05,0.0,0.0,0.0,0.0,0.0,0.0,1.0
1779285830.530471,2.461737349555823,-3.288298848357417e+19,-1.5707963255281319,5.5430364038363146e+20,6.944131862089383e-05,0.0,0.0,0.0,0.0,0.0,0.0,1.0
1779285830.5405807,2.4620125031959317,-3.3034681131260047e+19,-1.570796325532274,5.564227870914732e+20,-6.944131862089327e-05,0.0,0.0,0.0,0.0,0.0,0.0,1.0
1779285830.550752,2.4618678098749904,-3.3141665183938257e+19,-1.570796325536183,5.584518683259646e+20,6.944131862089383e-05,0.0,0.0,0.0,0.0,0.0,0.0,1.0
1779285830.5607913,2.462321015074808,-3.331381246793774e+19,-1.570796325540375,5.6061965142659596e+20,-6.944131862089327e-05,0.0,0.0,0.0,0.0,0.0,0.0,1.0
1779285830.5710855,2.4622326650846253,-3.342999109250645e+19,-1.5707963255443458,5.627077449259413e+20,6.944131862089383e-05,0.0,0.0,0.0,0.0,0.0,0.0,1.0
1779285830.581212,2.4623992112114657,-3.357303392428675e+19,-1.570796325548383,5.6483556377789216e+20,-6.944131862089327e-05,0.0,0.0,0.0,0.0,0.0,0.0,1.0
1779285830.5916376,2.4616667324198187,-3.361904128653802e+19,-1.5707963255520094,5.6679409486637203e+20,6.944131862089383e-05,0.0,0.0,0.0,0.0,0.0,0.0,1.0
1779285830.602145,2.4617846775376258,-3.3760762384233718e+19,-1.5707963255561568,5.690115317504946e+20,-6.944131862089332e-05,0.0,0.0,0.0,0.0,0.0,0.0,1.0
1779285830.6126678,2.4614236527362574,-3.384914135598887e+19,-1.570796325560016,5.7110777216852623e+20,6.944131862089361e-05,0.0,0.0,0.0,0.0,0.0,0.0,1.0
1779285830.6230252,2.4621513022852386,-3.405942261748489e+19,-1.5707963255644262,5.7347558717863736e+20,-6.944131862089361e-05,0.0,0.0,0.0,0.0,0.0,0.0,1.0
1779285830.6331382,2.4621948706526577,-3.4191043444257923e+19,-1.5707963255683226,5.756064478078031e+20,6.94413186208934e-05,0.0,0.0,0.0,0.0,0.0,0.0,1.0
1779285830.6436923,2.4620149768069686,-3.430293176531304e+19,-1.5707963255722681,5.777884564617455e+20,-6.944131862089378e-05,0.0,0.0,0.0,0.0,0.0,0.0,1.0
1779285830.6540213,2.4620656420623077,-3.443864173637577e+19,-1.5707963255762372,5.7998934392219704e+20,6.944131862089327e-05,0.0,0.0,0.0,0.0,0.0,0.0,1.0
1779285830.6642346,2.461958038762328,-3.455509046263114e+19,-1.57079632558005,5.8212421899283975e+20,-6.944131862089387e-05,0.0,0.0,0.0,0.0,0.0,0.0,1.0
1779285830.6746175,2.4620305163918736,-3.469472716267758e+19,-1.5707963255840254,5.8435847932066536e+20,6.944131862089325e-05,0.0,0.0,0.0,0.0,0.0,0.0,1.0
1779285830.6847854,2.462472248863103,-3.487560797257682e+19,-1.5707963255881106,5.866559372073437e+20,-6.944131862089384e-05,0.0,0.0,0.0,0.0,0.0,0.0,1.0
1779285830.6954968,2.4616297556524533,-3.491422411767925e+19,-1.5707963255916737,5.887236368874204e+20,6.944131862089326e-05,0.0,0.0,0.0,0.0,0.0,0.0,1.0
1779285830.7058387,2.462287800097387,-3.512309500454286e+19,-1.570796325595929,5.911423305706996e+20,-6.944131862089383e-05,0.0,0.0,0.0,0.0,0.0,0.0,1.0
1779285830.7159824,2.462534552902657,-3.5283452124633248e+19,-1.5707963255998574,5.934064507054879e+20,6.944131862089327e-05,0.0,0.0,0.0,0.0,0.0,0.0,1.0
1779285830.7266204,2.4618658777573397,-3.5342668717828186e+19,-1.5707963256034656,5.955371631050035e+20,-6.944131862089383e-05,0.0,0.0,0.0,0.0,0.0,0.0,1.0
1779285830.7371962,2.4618067725533095,-3.547209843753773e+19,-1.570796325607376,5.978345847668205e+20,6.944131862089327e-05,0.0,0.0,0.0,0.0,0.0,0.0,1.0
1779285830.7473395,2.46200360878483,-3.5627032885063225e+19,-1.570796325611236,6.001074394587586e+20,-6.944131862089383e-05,0.0,0.0,0.0,0.0,0.0,0.0,1.0
1779285830.7576892,2.4617013878417464,-3.5725769495401546e+19,-1.570796325614889,6.022935723488828e+20,6.944131862089327e-05,0.0,0.0,0.0,0.0,0.0,0.0,1.0
1779285830.7678084,2.462005004415234,-3.5893980856635355e+19,-1.5707963256187683,6.046049485363036e+20,-6.944131862089383e-05,0.0,0.0,0.0,0.0,0.0,0.0,1.0
1779285830.7785945,2.458917614062639,-3.5662509629423804e+19,-1.570796325621029,6.060952861192716e+20,6.944131862089337e-05,0.0,0.0,0.0,0.0,0.0,0.0,1.0
1779285830.7885568,2.4623456494454046,-3.6200947487898407e+19,-1.570796325626517,6.092817659190175e+20,-6.944131862089359e-05,0.0,0.0,0.0,0.0,0.0,0.0,1.0
1779285830.7991233,2.462350229604291,-3.6343342660443312e+19,-1.570796325630391,6.11652921646022e+20,6.944131862089364e-05,0.0,0.0,0.0,0.0,0.0,0.0,1.0
1779285830.8096373,2.462172539424776,-3.646310695365327e+19,-1.5707963256341282,6.139640620105366e+20,-6.944131862089337e-05,0.0,0.0,0.0,0.0,0.0,0.0,1.0
1779285830.8200796,2.4621109870120286,-3.6596049142054486e+19,-1.5707963256378876,6.163001504867759e+20,6.94413186208938e-05,0.0,0.0,0.0,0.0,0.0,0.0,1.0
1779285830.8301597,2.4624759855989966,-3.6776780362493633e+19,-1.5707963256417143,6.186765778744018e+20,-6.944131862089326e-05,0.0,0.0,0.0,0.0,0.0,0.0,1.0
1779285830.840116,2.463142194306318,-3.699475262052273e+19,-1.5707963256456494,6.211259611236817e+20,6.944131862089383e-05,0.0,0.0,0.0,0.0,0.0,0.0,1.0
1779285830.850715,2.462369857698528,-3.7044862890799325e+19,-1.5707963256490436,6.2331125094221e+20,-6.944131862089327e-05,0.0,0.0,0.0,0.0,0.0,0.0,1.0
1779285830.8610263,2.461952639371085,-3.71338186187439e+19,-1.5707963256525184,6.255465184587244e+20,6.944131862089383e-05,0.0,0.0,0.0,0.0,0.0,0.0,1.0
1779285830.8710406,2.4628145935951014,-3.7377525767648264e+19,-1.57079632565654,6.280940782232903e+20,-6.944131862089327e-05,0.0,0.0,0.0,0.0,0.0,0.0,1.0
1779285830.8812284,2.462769201244617,-3.751288942566504e+19,-1.5707963256601352,6.304234096497058e+20,6.944131862089383e-05,0.0,0.0,0.0,0.0,0.0,0.0,1.0
1779285830.8916662,2.462302569326894,-3.759875974815413e+19,-1.5707963256635928,6.326972133879674e+20,-6.944131862089327e-05,0.0,0.0,0.0,0.0,0.0,0.0,1.0
1779285830.902141,2.4624610708123593,-3.7763125368109605e+19,-1.570796325667386,6.351797859026329e+20,6.944131862089383e-05,0.0,0.0,0.0,0.0,0.0,0.0,1.0
1779285830.9126127,2.4616188784208375,-3.780106899511516e+19,-1.570796325670621,6.373536821034784e+20,-6.944131862089327e-05,0.0,0.0,0.0,0.0,0.0,0.0,1.0
1779285830.9226754,2.462101454473582,-3.800079440232364e+19,-1.5707963256744049,6.398489797707499e+20,6.944131862089383e-05,0.0,0.0,0.0,0.0,0.0,0.0,1.0
1779285830.9326952,2.4626893398076155,-3.8215237890987065e+19,-1.5707963256782083,6.42371146081669e+20,-6.944131862089327e-05,0.0,0.0,0.0,0.0,0.0,0.0,1.0
1779285830.9434996,2.4614436119059144,-3.820756561361875e+19,-1.570796325681346,6.445425648993808e+20,6.944131862089379e-05,0.0,0.0,0.0,0.0,0.0,0.0,1.0
1779285830.9540424,2.4615874215298597,-3.837172113285876e+19,-1.5707963256850936,6.470808136725349e+20,-6.944131862089344e-05,0.0,0.0,0.0,0.0,0.0,0.0,1.0
1779285830.9643044,2.4616828631623453,-3.8527049067777425e+19,-1.5707963256886937,6.495380267845971e+20,6.944131862089353e-05,0.0,0.0,0.0,0.0,0.0,0.0,1.0
1779285830.974386,2.462006031743281,-3.871048544860068e+19,-1.5707963256923336,6.520298862662983e+20,-6.944131862089367e-05,0.0,0.0,0.0,0.0,0.0,0.0,1.0
1779285830.9848485,2.461813788444025,-3.883375338196281e+19,-1.5707963256958446,6.544732558469646e+20,6.944131862089336e-05,0.0,0.0,0.0,0.0,0.0,0.0,1.0
1779285830.995167,2.462202643807838,-3.903088088280295e+19,-1.5707963256995863,6.570688620437605e+20,-6.94413186208938e-05,0.0,0.0,0.0,0.0,0.0,0.0,1.0
1779285831.005269,2.4622584650331354,-3.918314794237336e+19,-1.5707963257030628,6.595115267212453e+20,6.944131862089326e-05,0.0,0.0,0.0,0.0,0.0,0.0,1.0
1779285831.0154517,2.4625944048757344,-3.9374155419940815e+19,-1.5707963257067057,6.620766395772009e+20,-6.944131862089383e-05,0.0,0.0,0.0,0.0,0.0,0.0,1.0
1779285831.025954,2.462578323762352,-3.952485141771387e+19,-1.5707963257102828,6.646297904833204e+20,6.944131862089327e-05,0.0,0.0,0.0,0.0,0.0,0.0,1.0
1779285831.036161,2.4621708972731566,-3.961955709933624e+19,-1.5707963257135302,6.66980733123368e+20,-6.944131862089383e-05,0.0,0.0,0.0,0.0,0.0,0.0,1.0
1779285831.0467427,2.4610413380099683,-3.962232598085806e+19,-1.5707963257165385,6.692065425928268e+20,6.944131862089327e-05,0.0,0.0,0.0,0.0,0.0,0.0,1.0
1779285831.056783,2.4623387587045373,-3.993897418315604e+19,-1.5707963257205633,6.720764475017885e+20,-6.944131862089383e-05,0.0,0.0,0.0,0.0,0.0,0.0,1.0
1779285831.0673232,2.4623366840916106,-4.009362019325052e+19,-1.5707963257241144,6.746811442967436e+20,6.944131862089327e-05,0.0,0.0,0.0,0.0,0.0,0.0,1.0
1779285831.0777888,2.4616485315936525,-4.015513611280212e+19,-1.5707963257272763,6.770474304163136e+20,-6.944131862089383e-05,0.0,0.0,0.0,0.0,0.0,0.0,1.0
1779285831.0880797,2.4617248195147576,-4.031544517033206e+19,-1.5707963257307362,6.796156025560139e+20,6.944131862089327e-05,0.0,0.0,0.0,0.0,0.0,0.0,1.0
1779285831.098089,2.4624414791858635,-4.0559849881892454e+19,-1.5707963257344086,6.823316407821845e+20,-6.944131862089383e-05,0.0,0.0,0.0,0.0,0.0,0.0,1.0
1779285831.1086235,2.4622608668614316,-4.06927892259595e+19,-1.5707963257378237,6.849155791496244e+20,6.944131862089327e-05,0.0,0.0,0.0,0.0,0.0,0.0,1.0
1779285831.1188576,2.462332947140141,-4.085566918743849e+19,-1.5707963257412376,6.875046257399249e+20,-6.944131862089374e-05,0.0,0.0,0.0,0.0,0.0,0.0,1.0
1779285831.129054,2.4623580430362915,-4.101231694929073e+19,-1.570796325744605,6.900780755718642e+20,6.944131862089352e-05,0.0,0.0,0.0,0.0,0.0,0.0,1.0
1779285831.1394148,2.4621068577762766,-4.113388536474735e+19,-1.5707963257478859,6.926159157721837e+20,-6.944131862089346e-05,0.0,0.0,0.0,0.0,0.0,0.0,1.0
1779285831.1494827,2.462592167721114,-4.135271145509789e+19,-1.5707963257514113,6.95326157938937e+20,6.944131862089372e-05,0.0,0.0,0.0,0.0,0.0,0.0,1.0
1779285831.1600184,2.462273562710116,-4.146904864551711e+19,-1.5707963257547035,6.979121007700123e+20,-6.944131862089332e-05,0.0,0.0,0.0,0.0,0.0,0.0,1.0
1779285831.170858,2.461256624204082,-4.149196718292524e+19,-1.5707963257577535,7.003578807783433e+20,6.944131862089383e-05,0.0,0.0,0.0,0.0,0.0,0.0,1.0
1779285831.1813326,2.461417368992695,-4.167134710270531e+19,-1.5707963257612303,7.031011373465301e+20,-6.944131862089323e-05,0.0,0.0,0.0,0.0,0.0,0.0,1.0
1779285831.1915724,2.4615875523320434,-4.185010953911385e+19,-1.5707963257646171,7.057916350921738e+20,6.944131862089386e-05,0.0,0.0,0.0,0.0,0.0,0.0,1.0
1779285831.2017634,2.4618684876672092,-4.204492425563026e+19,-1.570796325768026,7.085135839533244e+20,-6.944131862089326e-05,0.0,0.0,0.0,0.0,0.0,0.0,1.0
1779285831.2119174,2.46233148435973,-4.2266819624222474e+19,-1.5707963257715047,7.113034004053379e+20,6.944131862089383e-05,0.0,0.0,0.0,0.0,0.0,0.0,1.0
1779285831.2220213,2.462435353724251,-4.243911510297882e+19,-1.5707963257747832,7.139674989259626e+20,-6.944131862089327e-05,0.0,0.0,0.0,0.0,0.0,0.0,1.0
1779285831.2321706,2.4624453134176933,-4.259850355691172e+19,-1.570796325778,7.166039382867685e+20,6.944131862089383e-05,0.0,0.0,0.0,0.0,0.0,0.0,1.0
1779285831.242198,2.4629862203616604,-4.283344642000782e+19,-1.5707963257814401,7.194176020027653e+20,-6.944131862089327e-05,0.0,0.0,0.0,0.0,0.0,0.0,1.0
1779285831.252348,2.4629319076245753,-4.298701765160873e+19,-1.5707963257846287,7.220715822690307e+20,6.944131862089383e-05,0.0,0.0,0.0,0.0,0.0,0.0,1.0
1779285831.262648,2.4628995477154048,-4.314624984803893e+19,-1.5707963257878714,7.247881146927039e+20,-6.944131862089327e-05,0.0,0.0,0.0,0.0,0.0,0.0,1.0
1779285831.272758,2.4629688839996677,-4.331746301524155e+19,-1.570796325791083,7.2749233054261e+20,6.944131862089383e-05,0.0,0.0,0.0,0.0,0.0,0.0,1.0
1779285831.283191,2.462852057652268,-4.346738382020682e+19,-1.570796325794312,7.302393680126318e+20,-6.944131862089327e-05,0.0,0.0,0.0,0.0,0.0,0.0,1.0
1779285831.2935326,2.4623531433502706,-4.356014341322983e+19,-1.5707963257973168,7.328320601825099e+20,6.94413186208937e-05,0.0,0.0,0.0,0.0,0.0,0.0,1.0
1779285831.3039165,2.462453693660476,-4.37400817403658e+19,-1.5707963258006077,7.356588251501718e+20,-6.944131862089356e-05,0.0,0.0,0.0,0.0,0.0,0.0,1.0
1779285831.3141637,2.4620022533251764,-4.3837714150716826e+19,-1.57079632580358,7.382560637456775e+20,6.944131862089344e-05,0.0,0.0,0.0,0.0,0.0,0.0,1.0
1779285831.3246708,2.46198636626181,-4.400269866798786e+19,-1.5707963258068371,7.410975985608566e+20,-6.944131862089375e-05,0.0,0.0,0.0,0.0,0.0,0.0,1.0
1779285831.334783,2.4621302495776427,-4.418593549114891e+19,-1.570796325810021,7.438864802577238e+20,6.944131862089329e-05,0.0,0.0,0.0,0.0,0.0,0.0,1.0
1779285831.3454924,2.461797283811742,-4.430818889349893e+19,-1.5707963258131643,7.466831429326711e+20,-6.944131862089386e-05,0.0,0.0,0.0,0.0,0.0,0.0,1.0
1779285831.355577,2.462696461168156,-4.460479183319869e+19,-1.570796325816668,7.497586492824583e+20,6.944131862089326e-05,0.0,0.0,0.0,0.0,0.0,0.0,1.0
1779285831.365753,2.4626028995161153,-4.475825344862145e+19,-1.5707963258197382,7.525180240858685e+20,-6.944131862089383e-05,0.0,0.0,0.0,0.0,0.0,0.0,1.0
1779285831.376223,2.4622905146523935,-4.488371420334158e+19,-1.5707963258227993,7.55299390683463e+20,6.944131862089327e-05,0.0,0.0,0.0,0.0,0.0,0.0,1.0
1779285831.3867774,2.462263837462471,-4.5053020819876045e+19,-1.570796325826008,7.582197792505994e+20,-6.944131862089383e-05,0.0,0.0,0.0,0.0,0.0,0.0,1.0
1779285831.397344,2.4615139223585283,-4.511360010850236e+19,-1.5707963258288797,7.608882051906625e+20,6.944131862089327e-05,0.0,0.0,0.0,0.0,0.0,0.0,1.0
1779285831.40753,2.4617262317353883,-4.5312150479149375e+19,-1.570796325832047,7.637969638697878e+20,-6.944131862089383e-05,0.0,0.0,0.0,0.0,0.0,0.0,1.0
1779285831.418014,2.461933994948401,-4.551663617599025e+19,-1.5707963258353073,7.668136968470219e+20,6.944131862089327e-05,0.0,0.0,0.0,0.0,0.0,0.0,1.0
1779285831.4280956,2.462301772545829,-4.574069894122301e+19,-1.570796325838493,7.697741311657047e+20,-6.944131862089383e-05,0.0,0.0,0.0,0.0,0.0,0.0,1.0
1779285831.4384964,2.4619536388837777,-4.586200753285624e+19,-1.5707963258414561,7.725828191970591e+20,6.944131862089327e-05,0.0,0.0,0.0,0.0,0.0,0.0,1.0
1779285831.4487321,2.462384561373144,-4.6100098259569705e+19,-1.5707963258447029,7.756394898504914e+20,-6.944131862089383e-05,0.0,0.0,0.0,0.0,0.0,0.0,1.0
1779285831.4592845,2.462088766340562,-4.623329064084042e+19,-1.5707963258477227,7.78539771901922e+20,6.944131862089332e-05,0.0,0.0,0.0,0.0,0.0,0.0,1.0
1779285831.4706066,2.457301785865617,-4.567963292420948e+19,-1.5707963258489714,7.799888112379508e+20,-6.944131862089361e-05,0.0,0.0,0.0,0.0,0.0,0.0,1.0
1779285831.4799354,2.4621447243824037,-4.657935479480803e+19,-1.5707963258538427,7.844406591845766e+20,6.944131862089361e-05,0.0,0.0,0.0,0.0,0.0,0.0,1.0
1779285831.4900498,2.462451533916913,-4.680109683420657e+19,-1.5707963258569406,7.874454235576488e+20,-6.94413186208934e-05,0.0,0.0,0.0,0.0,0.0,0.0,1.0
1779285831.5005105,2.462552682538703,-4.6999684871615005e+19,-1.570796325860086,7.905301532468758e+20,6.944131862089378e-05,0.0,0.0,0.0,0.0,0.0,0.0,1.0
1779285831.5109086,2.4628070010108516,-4.722149887857413e+19,-1.570796325863253,7.936503648632841e+20,-6.944131862089327e-05,0.0,0.0,0.0,0.0,0.0,0.0,1.0
1779285831.5213091,2.461802063250508,-4.7244790127828574e+19,-1.570796325865852,7.962927479584497e+20,6.944131862089387e-05,0.0,0.0,0.0,0.0,0.0,0.0,1.0
1779285831.531611,2.461883343675608,-4.7435768044171e+19,-1.5707963258688853,7.99329578806636e+20,-6.944131862089325e-05,0.0,0.0,0.0,0.0,0.0,0.0,1.0
1779285831.542083,2.4621219271731847,-4.7655875981646586e+19,-1.5707963258720343,8.02497097076934e+20,6.944131862089384e-05,0.0,0.0,0.0,0.0,0.0,0.0,1.0
1779285831.5521402,2.4623956553022097,-4.787606340887725e+19,-1.570796325875052,8.055513143550478e+20,-6.944131862089326e-05,0.0,0.0,0.0,0.0,0.0,0.0,1.0
1779285831.562239,2.462587120685949,-4.808536310770696e+19,-1.5707963258780393,8.086009253739128e+20,6.944131862089383e-05,0.0,0.0,0.0,0.0,0.0,0.0,1.0
1779285831.572603,2.4620366748250047,-4.81806209933935e+19,-1.5707963258807822,8.114597220548554e+20,-6.944131862089327e-05,0.0,0.0,0.0,0.0,0.0,0.0,1.0
1779285831.5831819,2.4617004682776122,-4.831262850124727e+19,-1.5707963258836766,8.144828636194958e+20,6.944131862089383e-05,0.0,0.0,0.0,0.0,0.0,0.0,1.0
1779285831.5933275,2.461909659429638,-4.852472739704683e+19,-1.5707963258866446,8.175737861457767e+20,-6.944131862089327e-05,0.0,0.0,0.0,0.0,0.0,0.0,1.0
1779285831.6037366,2.462343834381077,-4.878062345868253e+19,-1.5707963258898003,8.20873059592179e+20,6.944131862089383e-05,0.0,0.0,0.0,0.0,0.0,0.0,1.0
1779285831.6139896,2.4621514813534953,-4.893337022683464e+19,-1.5707963258926259,8.238799844625934e+20,-6.944131862089327e-05,0.0,0.0,0.0,0.0,0.0,0.0,1.0
1779285831.62407,2.462548513161323,-4.917977452652504e+19,-1.5707963258956361,8.27072561747246e+20,6.944131862089383e-05,0.0,0.0,0.0,0.0,0.0,0.0,1.0
1779285831.6346598,2.4620969456124593,-4.929726035891786e+19,-1.5707963258984405,8.301136839958086e+20,-6.944131862089337e-05,0.0,0.0,0.0,0.0,0.0,0.0,1.0
1779285831.6449597,2.4620886722580817,-4.94816114546056e+19,-1.5707963259013256,8.332378817736385e+20,6.944131862089359e-05,0.0,0.0,0.0,0.0,0.0,0.0,1.0
1779285831.6554215,2.462287039658031,-4.970425693788012e+19,-1.5707963259043454,8.365199826270345e+20,-6.944131862089364e-05,0.0,0.0,0.0,0.0,0.0,0.0,1.0
1779285831.6657996,2.461532737790641,-4.9767595905455866e+19,-1.5707963259069264,8.393955435643643e+20,6.944131862089337e-05,0.0,0.0,0.0,0.0,0.0,0.0,1.0
1779285831.6765294,2.4606862982756685,-4.9819365533907304e+19,-1.5707963259095707,8.423646574988999e+20,-6.94413186208938e-05,0.0,0.0,0.0,0.0,0.0,0.0,1.0
1779285831.6867526,2.462162528766818,-5.025073814010691e+19,-1.5707963259130164,8.461161375201105e+20,6.944131862089326e-05,0.0,0.0,0.0,0.0,0.0,0.0,1.0
1779285831.6972759,2.4617122799449045,-5.036933103171191e+19,-1.5707963259157467,8.49203283041201e+20,-6.944131862089383e-05,0.0,0.0,0.0,0.0,0.0,0.0,1.0
1779285831.7078803,2.461263076791432,-5.048836227627357e+19,-1.5707963259184932,8.523292411836086e+20,6.944131862089327e-05,0.0,0.0,0.0,0.0,0.0,0.0,1.0
1779285831.7178621,2.462010358442191,-5.079884651235427e+19,-1.570796325921531,8.557399478166935e+20,-6.944131862089383e-05,0.0,0.0,0.0,0.0,0.0,0.0,1.0
1779285831.72817,2.461977413944012,-5.098585389348435e+19,-1.5707963259243407,8.589593904559418e+20,6.944131862089327e-05,0.0,0.0,0.0,0.0,0.0,0.0,1.0
1779285831.7385874,2.4616139598424716,-5.111845159422056e+19,-1.5707963259270363,8.620879686458007e+20,-6.944131862089383e-05,0.0,0.0,0.0,0.0,0.0,0.0,1.0
1779285831.7489548,2.4621800912847913,-5.1409573315577815e+19,-1.5707963259300899,8.65601316231841e+20,6.944131862089327e-05,0.0,0.0,0.0,0.0,0.0,0.0,1.0
1779285831.7595851,2.4616949857972434,-5.152711810557151e+19,-1.5707963259327873,8.687843439858176e+20,-6.944131862089383e-05,0.0,0.0,0.0,0.0,0.0,0.0,1.0
1779285831.7699573,2.461787000367876,-5.173860726534358e+19,-1.5707963259356297,8.721263830087184e+20,6.944131862089327e-05,0.0,0.0,0.0,0.0,0.0,0.0,1.0
1779285831.7799616,2.4622541242549985,-5.200976114727052e+19,-1.5707963259385034,8.755073587672858e+20,-6.944131862089383e-05,0.0,0.0,0.0,0.0,0.0,0.0,1.0
1779285831.7905746,2.461724953450208,-5.212083968475923e+19,-1.5707963259411528,8.787029683059777e+20,6.944131862089327e-05,0.0,0.0,0.0,0.0,0.0,0.0,1.0
1779285831.8007896,2.4619825160906994,-5.236081079218117e+19,-1.5707963259439868,8.820959912099667e+20,-6.944131862089379e-05,0.0,0.0,0.0,0.0,0.0,0.0,1.0
1779285831.810991,2.4618846120085878,-5.2539686021638046e+19,-1.570796325946665,8.853450818939037e+20,6.944131862089344e-05,0.0,0.0,0.0,0.0,0.0,0.0,1.0
1779285831.8215606,2.4617217104019096,-5.271435802338282e+19,-1.5707963259494206,8.887150684361088e+20,-6.944131862089353e-05,0.0,0.0,0.0,0.0,0.0,0.0,1.0
1779285831.8320756,2.4617312449814666,-5.291831569390899e+19,-1.5707963259522122,8.921429087091166e+20,6.944131862089367e-05,0.0,0.0,0.0,0.0,0.0,0.0,1.0
1779285831.8425012,2.461489601389184,-5.307755249462819e+19,-1.5707963259548814,8.954580291433095e+20,-6.944131862089336e-05,0.0,0.0,0.0,0.0,0.0,0.0,1.0
1779285831.8527453,2.461175069185587,-5.321946445161884e+19,-1.5707963259574498,8.986739021910574e+20,6.94413186208938e-05,0.0,0.0,0.0,0.0,0.0,0.0,1.0
1779285831.8632224,2.461546226420746,-5.3488519672142774e+19,-1.5707963259603512,9.022892866320487e+20,-6.944131862089326e-05,0.0,0.0,0.0,0.0,0.0,0.0,1.0
1779285831.8732371,2.462235528936426,-5.380877346275463e+19,-1.5707963259632327,9.05887242648408e+20,6.944131862089383e-05,0.0,0.0,0.0,0.0,0.0,0.0,1.0
1779285831.8837879,2.4612589622189,-5.384170099823453e+19,-1.5707963259656108,9.089703176733025e+20,-6.944131862089327e-05,0.0,0.0,0.0,0.0,0.0,0.0,1.0
1779285831.8939185,2.4622636841812127,-5.422270807270908e+19,-1.5707963259686317,9.127783281606611e+20,6.944131862089383e-05,0.0,0.0,0.0,0.0,0.0,0.0,1.0
1779285831.9039748,2.4624624024351514,-5.446060103125506e+19,-1.570796325971309,9.162200085321008e+20,-6.944131862089327e-05,0.0,0.0,0.0,0.0,0.0,0.0,1.0
1779285831.914224,2.461804364530121,-5.454661924581963e+19,-1.5707963259736986,9.193637385080618e+20,6.944131862089383e-05,0.0,0.0,0.0,0.0,0.0,0.0,1.0
1779285831.9246454,2.462461620760949,-5.487535044727957e+19,-1.5707963259766407,9.231718483325562e+20,-6.944131862089327e-05,0.0,0.0,0.0,0.0,0.0,0.0,1.0
1779285831.9348788,2.46197245281145,-5.499263486357765e+19,-1.5707963259790754,9.264090077772482e+20,6.944131862089383e-05,0.0,0.0,0.0,0.0,0.0,0.0,1.0
1779285831.9450614,2.462369682987356,-5.527133253990856e+19,-1.5707963259818283,9.300356652092904e+20,-6.944131862089327e-05,0.0,0.0,0.0,0.0,0.0,0.0,1.0
1779285831.9554474,2.4614935631915595,-5.531945316290497e+19,-1.5707963259841358,9.331705011454495e+20,6.944131862089383e-05,0.0,0.0,0.0,0.0,0.0,0.0,1.0
1779285831.9655528,2.4622200525880666,-5.565798077813712e+19,-1.5707963259869735,9.369401530602051e+20,-6.944131862089327e-05,0.0,0.0,0.0,0.0,0.0,0.0,1.0
1779285831.9756653,2.4630417466909953,-5.601894452640766e+19,-1.570796325989845,9.407786925290397e+20,6.944131862089374e-05,0.0,0.0,0.0,0.0,0.0,0.0,1.0
1779285831.985835,2.463016463310213,-5.622624607166527e+19,-1.5707963259924027,9.4427059306232e+20,-6.944131862089352e-05,0.0,0.0,0.0,0.0,0.0,0.0,1.0
1779285831.9960117,2.4629214422109658,-5.642069419142221e+19,-1.570796325994927,9.47744807296931e+20,6.944131862089346e-05,0.0,0.0,0.0,0.0,0.0,0.0,1.0
1779285832.0063984,2.4623825882201054,-5.6535233132602745e+19,-1.570796325997333,9.511066905101951e+20,-6.944131862089372e-05,0.0,0.0,0.0,0.0,0.0,0.0,1.0
1779285832.0166457,2.4619617394088307,-5.66670580675803e+19,-1.5707963259997308,9.544710168046202e+20,6.944131862089332e-05,0.0,0.0,0.0,0.0,0.0,0.0,1.0
1779285832.0268247,2.46251323389093,-5.698216489609823e+19,-1.5707963260024715,9.58277789911873e+20,-6.944131862089383e-05,0.0,0.0,0.0,0.0,0.0,0.0,1.0
1779285832.0370438,2.462977126737989,-5.728488656652154e+19,-1.5707963260051834,9.620780355639502e+20,6.944131862089323e-05,0.0,0.0,0.0,0.0,0.0,0.0,1.0
1779285832.0475626,2.461702608600798,-5.726027631317168e+19,-1.5707963260072908,9.651549772533698e+20,-6.944131862089386e-05,0.0,0.0,0.0,0.0,0.0,0.0,1.0
1779285832.05779,2.4631222047826107,-5.774673396428638e+19,-1.5707963260103468,9.694390259662115e+20,6.944131862089326e-05,0.0,0.0,0.0,0.0,0.0,0.0,1.0
1779285832.068362,2.4628080888166664,-5.791212904408719e+19,-1.5707963260128428,9.730600208036722e+20,-6.944131862089383e-05,0.0,0.0,0.0,0.0,0.0,0.0,1.0
1779285832.078608,2.462460982018742,-5.806357431941599e+19,-1.570796326015231,9.765503051285369e+20,6.944131862089327e-05,0.0,0.0,0.0,0.0,0.0,0.0,1.0
1779285832.0888233,2.462884358894615,-5.83635040638899e+19,-1.570796326017883,9.804011525314867e+20,-6.944131862089383e-05,0.0,0.0,0.0,0.0,0.0,0.0,1.0
1779285832.0992036,2.4628626224556154,-5.8582725009360036e+19,-1.5707963260204116,9.841271553385489e+20,6.944131862089327e-05,0.0,0.0,0.0,0.0,0.0,0.0,1.0
1779285832.1099973,2.4613690109751816,-5.8521128616601715e+19,-1.5707963260224984,9.873180543017078e+20,-6.944131862089383e-05,0.0,0.0,0.0,0.0,0.0,0.0,1.0
1779285832.1200361,2.462830145636194,-5.90211601634724e+19,-1.5707963260254565,9.916377993390528e+20,6.944131862089327e-05,0.0,0.0,0.0,0.0,0.0,0.0,1.0
1779285832.1301558,2.4625792198128305,-5.9191822069306655e+19,-1.5707963260278057,9.951870497509934e+20,-6.944131862089383e-05,0.0,0.0,0.0,0.0,0.0,0.0,1.0
1779285832.1403031,2.462550652855564,-5.940662570231993e+19,-1.570796326030235,9.988663340470968e+20,6.944131862089327e-05,0.0,0.0,0.0,0.0,0.0,0.0,1.0
1779285832.1507487,2.462612212161258,-5.964644801531369e+19,-1.5707963260327702,1.0027274791231708e+21,-6.94413186208937e-05,0.0,0.0,0.0,0.0,0.0,0.0,1.0
1779285832.1609657,2.4624198683930576,-5.983154800059832e+19,-1.5707963260351427,1.0063824072812092e+21,6.944131862089356e-05,0.0,0.0,0.0,0.0,0.0,0.0,1.0
1779285832.171236,2.4617797551577625,-5.992682332389088e+19,-1.5707963260373528,1.0098390263433013e+21,-6.944131862089344e-05,0.0,0.0,0.0,0.0,0.0,0.0,1.0
1779285832.1813486,2.462763753702622,-6.034477487422089e+19,-1.5707963260400999,1.0140478700970865e+21,6.944131862089375e-05,0.0,0.0,0.0,0.0,0.0,0.0,1.0
1779285832.1918015,2.4627926583557826,-6.058312382700041e+19,-1.5707963260425968,1.0179605297430993e+21,-6.944131862089329e-05,0.0,0.0,0.0,0.0,0.0,0.0,1.0
1779285832.202035,2.4627264849606094,-6.079807976029434e+19,-1.5707963260449913,1.021744840326441e+21,6.944131862089386e-05,0.0,0.0,0.0,0.0,0.0,0.0,1.0
1779285832.2124684,2.4623837539608466,-6.096126722438413e+19,-1.5707963260473323,1.025489124134993e+21,-6.944131862089326e-05,0.0,0.0,0.0,0.0,0.0,0.0,1.0
1779285832.2228281,2.4624406935252594,-6.120379239914998e+19,-1.5707963260497864,1.0294126039223759e+21,6.944131862089383e-05,0.0,0.0,0.0,0.0,0.0,0.0,1.0
1779285832.2329051,2.462550983390418,-6.145229391015825e+19,-1.570796326052177,1.0332574368499314e+21,-6.944131862089327e-05,0.0,0.0,0.0,0.0,0.0,0.0,1.0
1779285832.2432232,2.4621847975580775,-6.160910783977404e+19,-1.5707963260544566,1.0369812063867301e+21,6.944131862089383e-05,0.0,0.0,0.0,0.0,0.0,0.0,1.0
1779285832.2536297,2.461784651650463,-6.175990518123262e+19,-1.5707963260567392,1.0407362258531273e+21,-6.944131862089327e-05,0.0,0.0,0.0,0.0,0.0,0.0,1.0
1779285832.2639074,2.4625905683827067,-6.215780621512115e+19,-1.5707963260594013,1.0450601829114106e+21,6.944131862089383e-05,0.0,0.0,0.0,0.0,0.0,0.0,1.0
1779285832.274099,2.462444761230263,-6.236046718236267e+19,-1.5707963260617046,1.0488864164363914e+21,-6.944131862089327e-05,0.0,0.0,0.0,0.0,0.0,0.0,1.0
1779285832.2842064,2.4625637071688358,-6.261662342942689e+19,-1.5707963260640692,1.0528230580441344e+21,6.944131862089383e-05,0.0,0.0,0.0,0.0,0.0,0.0,1.0
1779285832.2944193,2.4621649023424985,-6.276739817011898e+19,-1.570796326066273,1.0565519411328538e+21,-6.944131862089327e-05,0.0,0.0,0.0,0.0,0.0,0.0,1.0
1779285832.3050795,2.461385967310374,-6.284683179744021e+19,-1.5707963260684552,1.0602951808928047e+21,6.944131862089383e-05,0.0,0.0,0.0,0.0,0.0,0.0,1.0
1779285832.31551,2.461709407075544,-6.315186242942399e+19,-1.5707963260709488,1.0645167392323496e+21,-6.944131862089332e-05,0.0,0.0,0.0,0.0,0.0,0.0,1.0
1779285832.3259695,2.4618804493546693,-6.34282849282104e+19,-1.57079632607339,1.068690624753306e+21,6.944131862089361e-05,0.0,0.0,0.0,0.0,0.0,0.0,1.0
1779285832.3362882,2.462266428991603,-6.37496973264301e+19,-1.5707963260758624,1.07293370461227e+21,-6.944131862089361e-05,0.0,0.0,0.0,0.0,0.0,0.0,1.0
1779285832.3466303,2.4619730636995247,-6.392903037659292e+19,-1.5707963260781024,1.076850102471012e+21,6.94413186208934e-05,0.0,0.0,0.0,0.0,0.0,0.0,1.0
1779285832.3567796,2.4620261724140287,-6.417766355742306e+19,-1.5707963260804017,1.0808726769650623e+21,-6.944131862089378e-05,0.0,0.0,0.0,0.0,0.0,0.0,1.0
1779285832.3670194,2.4624446258620014,-6.450860135300768e+19,-1.5707963260828413,1.0851456222017043e+21,6.944131862089327e-05,0.0,0.0,0.0,0.0,0.0,0.0,1.0
1779285832.3775637,2.4622513536365283,-6.471730127301704e+19,-1.570796326085146,1.089254104261202e+21,-6.944131862089387e-05,0.0,0.0,0.0,0.0,0.0,0.0,1.0
1779285832.387962,2.4616836783949076,-6.4840720598547554e+19,-1.5707963260872786,1.093108230330121e+21,6.944131862089325e-05,0.0,0.0,0.0,0.0,0.0,0.0,1.0
1779285832.3981855,2.4621531025888284,-6.518451489494806e+19,-1.5707963260897062,1.0974461707056339e+21,-6.944131862089384e-05,0.0,0.0,0.0,0.0,0.0,0.0,1.0
1779285832.4089067,2.4611028215401864,-6.5210367757900005e+19,-1.5707963260917457,1.1012192936483422e+21,6.944131862089326e-05,0.0,0.0,0.0,0.0,0.0,0.0,1.0
1779285832.4191928,2.461976879638676,-6.564490624109306e+19,-1.5707963260943063,1.1058314736446269e+21,-6.944131862089383e-05,0.0,0.0,0.0,0.0,0.0,0.0,1.0
1779285832.4299338,2.461126752600107,-6.5715355387200676e+19,-1.5707963260964026,1.1097478543553557e+21,6.944131862089327e-05,0.0,0.0,0.0,0.0,0.0,0.0,1.0
1779285832.4400184,2.461626385580241,-6.606629227948369e+19,-1.5707963260987747,1.1141029493744151e+21,-6.944131862089383e-05,0.0,0.0,0.0,0.0,0.0,0.0,1.0
1779285832.4504669,2.4609005609978367,-6.615692577178894e+19,-1.5707963261008262,1.1179797054890967e+21,6.944131862089327e-05,0.0,0.0,0.0,0.0,0.0,0.0,1.0
1779285832.4607575,2.4621872410380643,-6.669047638825477e+19,-1.5707963261034896,1.1228865264479715e+21,-6.944131862089383e-05,0.0,0.0,0.0,0.0,0.0,0.0,1.0
1779285832.4714234,2.4614947346329874,-6.679785705972482e+19,-1.5707963261055942,1.1269190321159961e+21,6.944131862089327e-05,0.0,0.0,0.0,0.0,0.0,0.0,1.0
1779285832.481984,2.4618225542879935,-6.712966807196827e+19,-1.5707963261079994,1.1314767747680272e+21,-6.944131862089383e-05,0.0,0.0,0.0,0.0,0.0,0.0,1.0
1779285832.4922066,2.461694996462638,-6.735314663253236e+19,-1.5707963261101643,1.1356399265487141e+21,6.944131862089337e-05,0.0,0.0,0.0,0.0,0.0,0.0,1.0
1779285832.5022068,2.4624273073436247,-6.776644852354727e+19,-1.5707963261125464,1.1401883286378729e+21,-6.944131862089359e-05,0.0,0.0,0.0,0.0,0.0,0.0,1.0
1779285832.5124676,2.461757392425498,-6.787123368537394e+19,-1.5707963261145304,1.144098370753715e+21,6.944131862089364e-05,0.0,0.0,0.0,0.0,0.0,0.0,1.0
1779285832.5224545,2.4624266785593303,-6.827274210701852e+19,-1.570796326116875,1.148641508502645e+21,-6.944131862089337e-05,0.0,0.0,0.0,0.0,0.0,0.0,1.0
1779285832.5325236,2.462684032950755,-6.858626304319255e+19,-1.5707963261191007,1.1530146927146909e+21,6.94413186208938e-05,0.0,0.0,0.0,0.0,0.0,0.0,1.0
1779285832.5429869,2.462724103443488,-6.886170895178461e+19,-1.5707963261213456,1.1574745427071591e+21,-6.944131862089326e-05,0.0,0.0,0.0,0.0,0.0,0.0,1.0
1779285832.5532463,2.4619380720518143,-6.894153719102604e+19,-1.570796326123269,1.1613819325842163e+21,6.944131862089383e-05,0.0,0.0,0.0,0.0,0.0,0.0,1.0
1779285832.56353,2.4618169135008836,-6.917180694066078e+19,-1.570796326125395,1.1656730821772423e+21,-6.944131862089327e-05,0.0,0.0,0.0,0.0,0.0,0.0,1.0
1779285832.5739238,2.4624435771625466,-6.958012191772104e+19,-1.570796326127784,1.1704718473068644e+21,6.944131862089383e-05,0.0,0.0,0.0,0.0,0.0,0.0,1.0
1779285832.584108,2.4626851469744864,-6.9898038978767946e+19,-1.570796326129996,1.1749740466227535e+21,-6.944131862089327e-05,0.0,0.0,0.0,0.0,0.0,0.0,1.0
1779285832.594437,2.4620621781872427,-7.001862197904301e+19,-1.5707963261319626,1.1790685204689825e+21,6.944131862089383e-05,0.0,0.0,0.0,0.0,0.0,0.0,1.0
1779285832.6048229,2.462666166655375,-7.042694297643129e+19,-1.5707963261343199,1.1839070012077808e+21,-6.944131862089327e-05,0.0,0.0,0.0,0.0,0.0,0.0,1.0
1779285832.615379,2.46227682698584,-7.060952051805555e+19,-1.5707963261364024,1.188283700927726e+21,6.944131862089383e-05,0.0,0.0,0.0,0.0,0.0,0.0,1.0
1779285832.6259363,2.4621836388098397,-7.086090700338964e+19,-1.5707963261385685,1.19284372084694e+21,-6.944131862089327e-05,0.0,0.0,0.0,0.0,0.0,0.0,1.0
1779285832.6365983,2.4613673544811525,-7.094298299134953e+19,-1.5707963261405262,1.1970493061446395e+21,6.944131862089383e-05,0.0,0.0,0.0,0.0,0.0,0.0,1.0
1779285832.6470656,2.4612962048292517,-7.1194568408062796e+19,-1.5707963261426598,1.2015992770473228e+21,-6.944131862089327e-05,0.0,0.0,0.0,0.0,0.0,0.0,1.0
1779285832.6577892,2.460153105468332,-7.1194937677015654e+19,-1.5707963261445033,1.2056400086193972e+21,6.944131862089379e-05,0.0,0.0,0.0,0.0,0.0,0.0,1.0
1779285832.6675348,2.4624757677802327,-7.200205071365098e+19,-1.5707963261471911,1.2112629545025334e+21,-6.944131862089344e-05,0.0,0.0,0.0,0.0,0.0,0.0,1.0
1779285832.6777987,2.4624184479920297,-7.226229611060913e+19,-1.5707963261492677,1.2157880203285941e+21,6.944131862089353e-05,0.0,0.0,0.0,0.0,0.0,0.0,1.0
1779285832.6878965,2.4627476856910486,-7.261237463231138e+19,-1.5707963261514173,1.2204746561650447e+21,-6.944131862089367e-05,0.0,0.0,0.0,0.0,0.0,0.0,1.0
1779285832.6980703,2.4625863783553537,-7.2847270177118495e+19,-1.5707963261534275,1.22492578017681e+21,6.944131862089336e-05,0.0,0.0,0.0,0.0,0.0,0.0,1.0
1779285832.7083297,2.4621465721615152,-7.301518202360388e+19,-1.5707963261553608,1.229257143230977e+21,-6.94413186208938e-05,0.0,0.0,0.0,0.0,0.0,0.0,1.0
1779285832.7185228,2.4622389569877474,-7.331095492658862e+19,-1.5707963261574396,1.2339011418845408e+21,6.944131862089326e-05,0.0,0.0,0.0,0.0,0.0,0.0,1.0
1779285832.7290072,2.462370897088524,-7.362560122886437e+19,-1.5707963261595885,1.238733883925737e+21,-6.944131862089383e-05,0.0,0.0,0.0,0.0,0.0,0.0,1.0
1779285832.7393973,2.4620797263410217,-7.383475585344989e+19,-1.5707963261615812,1.243279088138492e+21,6.944131862089327e-05,0.0,0.0,0.0,0.0,0.0,0.0,1.0
1779285832.749863,2.4623236861890323,-7.41782618067657e+19,-1.5707963261637454,1.2482060371213146e+21,-6.944131862089383e-05,0.0,0.0,0.0,0.0,0.0,0.0,1.0
1779285832.7599468,2.462621315893273,-7.452753848591217e+19,-1.5707963261658326,1.252986668760417e+21,6.944131862089327e-05,0.0,0.0,0.0,0.0,0.0,0.0,1.0
1779285832.7706845,2.461990681047371,-7.466475109270508e+19,-1.5707963261677844,1.2575627145349762e+21,-6.944131862089383e-05,0.0,0.0,0.0,0.0,0.0,0.0,1.0
1779285832.7814138,2.4612632417220763,-7.477252047595053e+19,-1.570796326169682,1.2620494328041237e+21,6.944131862089327e-05,0.0,0.0,0.0,0.0,0.0,0.0,1.0
1779285832.7918866,2.46089647992422,-7.496474950257012e+19,-1.5707963261716513,1.2667044778190132e+21,-6.944131862089383e-05,0.0,0.0,0.0,0.0,0.0,0.0,1.0
1779285832.8024814,2.4610542913789333,-7.529071670138133e+19,-1.5707963261737816,1.27172985344028e+21,6.944131862089327e-05,0.0,0.0,0.0,0.0,0.0,0.0,1.0
1779285832.812926,2.461768468807275,-7.575701829749668e+19,-1.5707963261760354,1.2770423425447378e+21,-6.944131862089383e-05,0.0,0.0,0.0,0.0,0.0,0.0,1.0
1779285832.823589,2.461306840470405,-7.593516892686921e+19,-1.5707963261779854,1.2817611237045224e+21,6.944131862089327e-05,0.0,0.0,0.0,0.0,0.0,0.0,1.0
1779285832.8342419,2.4607765191118744,-7.609395886884328e+19,-1.5707963261799076,1.2864507168593153e+21,-6.944131862089374e-05,0.0,0.0,0.0,0.0,0.0,0.0,1.0
1779285832.8443956,2.4616457381026957,-7.659703247380046e+19,-1.57079632618212,1.291762995225429e+21,6.944131862089352e-05,0.0,0.0,0.0,0.0,0.0,0.0,1.0
1779285832.854943,2.461474556040739,-7.684964951455126e+19,-1.570796326184113,1.2966640924885763e+21,-6.944131862089346e-05,0.0,0.0,0.0,0.0,0.0,0.0,1.0
1779285832.8652685,2.4614321595922894,-7.712936800755527e+19,-1.5707963261860867,1.301541020084856e+21,6.944131862089372e-05,0.0,0.0,0.0,0.0,0.0,0.0,1.0
1779285832.8755856,2.4612578295959553,-7.73750472876266e+19,-1.570796326188012,1.3063418219763595e+21,-6.944131862089332e-05,0.0,0.0,0.0,0.0,0.0,0.0,1.0
1779285832.8859458,2.4614594522230386,-7.772046442874944e+19,-1.5707963261900508,1.3114294864806758e+21,6.944131862089383e-05,0.0,0.0,0.0,0.0,0.0,0.0,1.0
1779285832.8964124,2.4613779590271347,-7.799734976594202e+19,-1.5707963261920261,1.3164175130754873e+21,-6.944131862089323e-05,0.0,0.0,0.0,0.0,0.0,0.0,1.0
1779285832.906831,2.461833896880043,-7.841500439941453e+19,-1.570796326194138,1.3217432226467608e+21,6.944131862089386e-05,0.0,0.0,0.0,0.0,0.0,0.0,1.0
1779285832.9171026,2.461604976576622,-7.865114587735823e+19,-1.570796326196013,1.3265586731028096e+21,-6.944131862089326e-05,0.0,0.0,0.0,0.0,0.0,0.0,1.0
1779285832.9271886,2.4624015106563166,-7.915374112423898e+19,-1.570796326198136,1.331960461113329e+21,6.944131862089383e-05,0.0,0.0,0.0,0.0,0.0,0.0,1.0
1779285832.9374325,2.461824303960977,-7.930132713865175e+19,-1.5707963261998992,1.33658534257671e+21,-6.944131862089327e-05,0.0,0.0,0.0,0.0,0.0,0.0,1.0
1779285832.9476545,2.4618102229806778,-7.95951017623091e+19,-1.5707963262018063,1.3415684160069372e+21,6.944131862089383e-05,0.0,0.0,0.0,0.0,0.0,0.0,1.0
1779285832.9580288,2.4624601144102187,-8.00727984949639e+19,-1.5707963262039302,1.3471009581259523e+21,-6.944131862089327e-05,0.0,0.0,0.0,0.0,0.0,0.0,1.0
1779285832.9683044,2.4623181032238803,-8.033748535680416e+19,-1.5707963262057885,1.352038722184291e+21,6.944131862089383e-05,0.0,0.0,0.0,0.0,0.0,0.0,1.0
1779285832.9788697,2.4620152524398025,-8.056911244357996e+19,-1.5707963262076725,1.3570935264618603e+21,-6.944131862089327e-05,0.0,0.0,0.0,0.0,0.0,0.0,1.0
1779285832.9892077,2.462591529390716,-8.103151085094335e+19,-1.5707963262097462,1.3626176834071738e+21,6.944131862089383e-05,0.0,0.0,0.0,0.0,0.0,0.0,1.0
1779285832.999841,2.46187883532537,-8.115675296420762e+19,-1.5707963262115199,1.3674825144680624e+21,-6.944131862089327e-05,0.0,0.0,0.0,0.0,0.0,0.0,1.0
1779285833.0100105,2.462359813538838,-8.159038459131845e+19,-1.5707963262135174,1.3728852436991088e+21,6.94413186208937e-05,0.0,0.0,0.0,0.0,0.0,0.0,1.0
1779285833.0203345,2.4617899174936726,-8.174430192984796e+19,-1.5707963262152507,1.3776926299931864e+21,-6.944131862089356e-05,0.0,0.0,0.0,0.0,0.0,0.0,1.0
1779285833.0304446,2.4624310788306865,-8.222263132568093e+19,-1.5707963262172664,1.383207094398821e+21,6.944131862089344e-05,0.0,0.0,0.0,0.0,0.0,0.0,1.0
1779285833.0410895,2.4617585284442627,-8.235901732023596e+19,-1.570796326219026,1.3881657286651045e+21,-6.944131862089375e-05,0.0,0.0,0.0,0.0,0.0,0.0,1.0
1779285833.0516245,2.461665283078165,-8.264967934983212e+19,-1.5707963262209166,1.3934722286739734e+21,6.944131862089329e-05,0.0,0.0,0.0,0.0,0.0,0.0,1.0
1779285833.0624077,2.4620955278782235,-8.309470837879503e+19,-1.5707963262229963,1.399305959159119e+21,-6.944131862089386e-05,0.0,0.0,0.0,0.0,0.0,0.0,1.0
1779285833.0726788,2.4614134064849136,-8.321734483145603e+19,-1.570796326224659,1.404094493129319e+21,6.944131862089326e-05,0.0,0.0,0.0,0.0,0.0,0.0,1.0
1779285833.0830312,2.4617556753314176,-8.362657980266444e+19,-1.5707963262266107,1.4096500004302488e+21,-6.944131862089383e-05,0.0,0.0,0.0,0.0,0.0,0.0,1.0
