time,x,y,theta,velocity,acceleration,x_gps,y_gps,theta_gps,steering,throttle,v_ref,gps_valid
1779285961.0937152,-62699.38561814308,53740.771722182886,2.4329663814621227,171070.09204350042,0.0002430446151731277,0.0,0.0,0.0,0.0,0.0,0.0,1.0
1779285961.1042788,-54588.010052417354,45796.74184788956,2.4310969434950405,144693.65098422722,0.0003038057689664096,0.0,0.0,0.0,0.0,0.0,0.0,1.0
1779285961.1146407,-47593.40703738669,39112.61283309027,2.4270165096994383,122241.15992136401,0.00010633201913824355,0.0,0.0,0.0,0.0,0.0,0.0,1.0
1779285961.1248448,-41582.77695824035,33510.10251162598,2.4204101778382476,103219.26060009935,0.00020127132194024643,0.0,0.0,0.0,0.0,0.0,0.0,1.0
1779285961.135277,-36187.02028428241,28603.37114484168,2.4103042985436485,86385.73184674974,2.943118386862117e-05,0.0,0.0,0.0,0.0,0.0,0.0,1.0
1779285961.145889,-31377.866206205497,24342.439886450233,2.395661027879429,71631.79013912953,0.00014359569548802966,0.0,0.0,0.0,0.0,0.0,0.0,1.0
1779285961.1560118,-27375.716626933972,20882.64878312093,2.376602232973469,59562.98141339848,-1.3825535970541397e-05,0.0,0.0,0.0,0.0,0.0,0.0,1.0
1779285961.1666148,-23687.90075435117,17775.480718570354,2.349407754954524,48663.77725892541,0.00011115315560865774,0.0,0.0,0.0,0.0,0.0,0.0,1.0
1779285961.17716,-20491.321384266237,15144.53063720109,2.312578099335977,39408.517958923476,-3.815744088007044e-05,0.0,0.0,0.0,0.0,0.0,0.0,1.0
1779285961.1872668,-17815.121973503843,12995.537128896232,2.264825223787833,31868.74827166414,9.290422692651078e-05,0.0,0.0,0.0,0.0,0.0,0.0,1.0
1779285961.1977983,-15364.368746739005,11074.982197283145,2.196124616735716,25198.686606713676,-5.184413739168074e-05,0.0,0.0,0.0,0.0,0.0,0.0,1.0
1779285961.2084594,-13202.752219758127,9420.191079844948,2.0978442897482523,19591.396999779685,8.263920454280304e-05,0.0,0.0,0.0,0.0,0.0,0.0,1.0
1779285961.2185879,-11408.630956688305,8079.1357619506325,1.964864444892255,15275.927712952518,-5.954290417946155e-05,0.0,0.0,0.0,0.0,0.0,0.0,1.0
1779285961.2288086,-9823.776620322422,6920.069459689343,1.7742045471221015,11912.430339343671,7.686512945196745e-05,0.0,0.0,0.0,0.0,0.0,0.0,1.0
1779285961.2393608,-8390.732015524876,5895.327205133979,1.5025257812861952,9540.250732461618,-6.38734604975882e-05,0.0,0.0,0.0,0.0,0.0,0.0,1.0
1779285961.2493863,-7210.016190534905,5065.638511149732,1.1897534987007194,8386.140787771596,7.36172122133725e-05,0.0,0.0,0.0,0.0,0.0,0.0,1.0
1779285961.2599509,-6140.692832756973,4314.224222172495,0.8542600109211924,8099.1045756111425,-6.63093984265344e-05,0.0,0.0,0.0,0.0,0.0,0.0,1.0
1779285961.2704291,-5237.503920999289,3679.5528061200866,0.9488578804017287,7691.506830761806,7.179025876666284e-05,0.0,0.0,0.0,0.0,0.0,0.0,1.0
1779285961.2805948,-4490.675070662551,3154.7565019434783,-1.6215041243481514,1604245.504770267,-6.767961351156665e-05,0.0,0.0,0.0,0.0,0.0,0.0,1.0
1779285961.2907321,-4556.761944301395,-11177.33085192987,-3.141586443754988,497217800272.53815,7.076259745288866e-05,0.0,0.0,0.0,0.0,0.0,0.0,1.0
1779285961.3012836,-4504333342.13371,-37492.5472353002,-3.141592653313399,1.6406049732236482e+16,-6.84503594968973e-05,0.0,0.0,0.0,0.0,0.0,0.0,1.0
1779285961.3117967,-147593831037012.97,-72752.3832221618,-3.141592653410667,3.2633657574461784e+16,7.018453796389068e-05,0.0,0.0,0.0,0.0,0.0,0.0,1.0
1779285961.322103,-410675174350698.25,-113178.6319603054,-3.141592653444811,4.8208955856813976e+16,-6.888390411364576e-05,0.0,0.0,0.0,0.0,0.0,0.0,1.0
1779285961.3326092,-780652216299049.9,-158905.73481680566,-3.1415926534643046,6.4092087440573976e+16,6.985937950132932e-05,0.0,0.0,0.0,0.0,0.0,0.0,1.0
1779285961.3426826,-1434606954464620.0,-240969.6661649199,-3.14159265347684,7.983444207551536e+16,-6.912777296056675e-05,0.0,0.0,0.0,0.0,0.0,0.0,0.0
1779285961.3532248,-2273968914552891.0,-335778.2565011218,-3.1415926534865757,9.605573272631555e+16,6.967647786613872e-05,0.0,0.0,0.0,0.0,0.0,0.0,0.0
1779285961.3635395,-3270022606289504.0,-438588.6233978151,-3.1415926534943894,1.1205447630369442e+17,-6.926494918695956e-05,0.0,0.0,0.0,0.0,0.0,0.0,0.0
1779285961.373753,-4415999808000913.5,-547919.1645859198,-3.14159265350101,1.2783324773246838e+17,6.957359569634416e-05,0.0,0.0,0.0,0.0,0.0,0.0,0.0
1779285961.3843808,-5764308143886121.0,-667626.5753536858,-3.1415926535070677,1.4410640472599984e+17,-6.934211081430549e-05,0.0,0.0,0.0,0.0,0.0,0.0,0.0
1779285961.3950891,-7314421979703204.0,-795860.855203004,-3.1415926535126877,1.60702530860794e+17,6.951572447583471e-05,0.0,0.0,0.0,0.0,0.0,0.0,0.0
1779285961.4053018,-8953821482093029.0,-922267.4156837005,-3.1415926535176633,1.7644194272451658e+17,-6.938551422968757e-05,0.0,0.0,0.0,0.0,0.0,0.0,0.0
1779285961.4156435,-1.0763208889507204e+16,-1052778.751464396,-3.1415926535223875,1.922637521823654e+17,6.94831719142981e-05,0.0,0.0,0.0,0.0,0.0,0.0,0.0
1779285961.4255867,-1.2704455313507704e+16,-1183629.773364602,-3.1415926535268346,2.0784167947545664e+17,-6.940992865084008e-05,0.0,0.0,0.0,0.0,0.0,0.0,0.0
1779285961.436095,-1.4874791530831496e+16,-1320271.1464827643,-3.1415926535312537,2.2395261620555203e+17,6.946486109843373e-05,0.0,0.0,0.0,0.0,0.0,0.0,0.0
1779285961.4461422,1.0236413275721578e+16,867894.8669024413,-3.1415926535448073,1.8278208464347386e+17,-6.942366176273835e-05,0.0,0.0,0.0,0.0,0.0,0.0,1.0
1779285961.4562817,7194480711114062.0,673066.6814267442,-3.1415926535485625,2.0110256239366995e+17,6.945456126451002e-05,0.0,0.0,0.0,0.0,0.0,0.0,1.0
1779285961.466798,4367968020769390.0,501204.9839832655,-3.141592653552321,2.1881494937618678e+17,-6.943138663818113e-05,0.0,0.0,0.0,0.0,0.0,0.0,1.0
1779285961.4767087,1854774096881857.0,360085.49711582036,-3.1415926535560064,2.3527383173895104e+17,6.944876760792793e-05,0.0,0.0,0.0,0.0,0.0,0.0,1.0
1779285961.48724,-533064698785840.94,235448.13524143051,-3.141592653559823,2.515846625906302e+17,-6.94357318806177e-05,0.0,0.0,0.0,0.0,0.0,0.0,1.0
1779285961.497638,-2687281699406132.5,134182.99649679527,-3.141592653563599,2.6689558990098688e+17,6.94455086761005e-05,0.0,0.0,0.0,0.0,0.0,0.0,1.0
1779285961.5080795,-4685508806334546.0,51854.63348267545,-3.141592653567436,2.8167334111179578e+17,-6.943817607948827e-05,0.0,0.0,0.0,0.0,0.0,0.0,1.0
1779285961.5184102,-6468853653213320.0,-10727.712737067746,-3.141592653571201,2.954212944300102e+17,6.944367552694748e-05,0.0,0.0,0.0,0.0,0.0,0.0,1.0
1779285961.5289056,-8178559479890253.0,-58654.94941864289,-3.141592653575118,3.090644711728363e+17,-6.943955094135322e-05,0.0,0.0,0.0,0.0,0.0,0.0,1.0
1779285961.539376,-9746046609327206.0,-90678.58816696312,-3.1415926535790444,3.220674238771284e+17,6.944264438054869e-05,0.0,0.0,0.0,0.0,0.0,0.0,1.0
1779285961.5501332,-1.1197671580483484e+16,-108408.36902557052,-3.1415926535830723,3.347321946563426e+17,-6.94403243011523e-05,0.0,0.0,0.0,0.0,0.0,0.0,1.0
1779285961.5602758,-1.4600296152132992e+16,-131277.92418679106,-3.141592653586865,3.507131821440405e+17,6.944206436069938e-05,0.0,0.0,0.0,0.0,0.0,0.0,0.0
1779285961.5710988,-1.8428512136978296e+16,-142489.0110886966,3.141592653588715,3.678737401267142e+17,-6.944075931603928e-05,0.0,0.0,0.0,0.0,0.0,0.0,0.0
1779285961.5815399,-2.224433353141056e+16,-142488.9592255031,3.1415926535849437,3.841808243194102e+17,6.944173809953414e-05,0.0,0.0,0.0,0.0,0.0,0.0,0.0
1779285961.5920308,-2.628041290067194e+16,-142488.90669712174,3.1415926535811654,4.0069706019186355e+17,-6.944100401191317e-05,0.0,0.0,0.0,0.0,0.0,0.0,0.0
1779285961.6025553,-3.0487522622983268e+16,-142488.8541997348,3.1415926535774235,4.172035506455469e+17,6.944155457762878e-05,0.0,0.0,0.0,0.0,0.0,0.0,0.0
1779285961.6131186,-3.4889526658412908e+16,-142488.80144366372,3.141592653573695,4.337913778635803e+17,-6.94411416533422e-05,0.0,0.0,0.0,0.0,0.0,0.0,0.0
1779285961.6234121,-3.9369437347656904e+16,-142488.74980696785,3.1415926535700693,4.500272455344951e+17,6.9441451346557e-05,0.0,0.0,0.0,0.0,0.0,0.0,0.0
1779285961.6338067,-4.4045347191195496e+16,-142488.69785555947,3.1415926535664465,4.6636206668830586e+17,-6.944121907664604e-05,0.0,0.0,0.0,0.0,0.0,0.0,0.0
1779285961.6441936,-4.882493393518533e+16,-142488.64661225426,3.141592653562892,4.824742425056007e+17,6.944139327907912e-05,0.0,0.0,0.0,0.0,0.0,0.0,0.0
1779285961.6541543,2.490371890953651e+16,66086.19448015257,3.141592653543377,3.3551649710409805e+17,-6.944126262725444e-05,0.0,0.0,0.0,0.0,0.0,0.0,1.0
1779285961.6642387,1.848031611698809e+16,56730.88233871272,3.141592653540096,3.583568102588114e+17,6.944136061612282e-05,0.0,0.0,0.0,0.0,0.0,0.0,1.0
1779285961.6746764,1.2582495096579926e+16,48417.390056953605,3.1415926535365335,3.7993448661175085e+17,-6.944128712447166e-05,0.0,0.0,0.0,0.0,0.0,0.0,1.0
1779285961.6848793,7459818876473430.0,41486.12632550536,3.14159265353289,3.992272752624906e+17,6.94413422432099e-05,0.0,0.0,0.0,0.0,0.0,0.0,1.0
1779285961.6955204,2738552510808793.0,35287.595018663254,3.141592653528943,4.176081449779495e+17,-6.944130090415622e-05,0.0,0.0,0.0,0.0,0.0,0.0,1.0
1779285961.706136,-1387690543804167.2,30029.288121440706,3.1415926535248992,4.34225073279013e+17,6.944133190844666e-05,0.0,0.0,0.0,0.0,0.0,0.0,1.0
1779285961.7160215,-4975642358514846.0,25861.707322082584,3.141592653520857,4.491087499849256e+17,-6.94413086552286e-05,0.0,0.0,0.0,0.0,0.0,0.0,1.0
1779285961.7261958,-8161984015251729.0,22168.191466494758,3.141592653516666,4.628654431172106e+17,6.944132609514237e-05,0.0,0.0,0.0,0.0,0.0,0.0,1.0
1779285961.7369328,-1.1099126255293868e+16,18837.830168410823,3.1415926535121343,4.761437681497109e+17,-6.944131301520683e-05,0.0,0.0,0.0,0.0,0.0,0.0,1.0
1779285961.7468283,-1.3680089488763738e+16,16220.400805382103,3.141592653507722,4.880663695978314e+17,6.94413228251587e-05,0.0,0.0,0.0,0.0,0.0,0.0,1.0
1779285961.7574027,-1.6036604793653244e+16,13813.246788794191,3.1415926535029337,4.9960940499885696e+17,-6.944131546769463e-05,0.0,0.0,0.0,0.0,0.0,0.0,1.0
1779285961.7675467,-1.808683415475625e+16,11846.993432128089,3.1415926534982237,5.1002246541210374e+17,6.944132098579281e-05,0.0,0.0,0.0,0.0,0.0,0.0,1.0
1779285961.7781596,-1.997845030643882e+16,10082.020665637123,3.141592653493163,5.2018437180092026e+17,-6.944131684721904e-05,0.0,0.0,0.0,0.0,0.0,0.0,1.0
1779285961.7886088,-2.1728971012460852e+16,8604.252033858209,3.141592653488008,5.2984922919227725e+17,6.94413199511495e-05,0.0,0.0,0.0,0.0,0.0,0.0,1.0
1779285961.7990904,-2.7256613434604424e+16,8604.304196267038,3.1415926534843788,5.4710362961979046e+17,-6.944131762320152e-05,0.0,0.0,0.0,0.0,0.0,0.0,0.0
1779285961.8091037,-3.276768949190407e+16,8604.354562191873,3.1415926534808998,5.637637849792171e+17,6.944131936916264e-05,0.0,0.0,0.0,0.0,0.0,0.0,0.0
1779285961.8193533,-3.856863225431067e+16,8604.406010537057,3.141592653477373,5.8078198580767e+17,-6.944131805969166e-05,0.0,0.0,0.0,0.0,0.0,0.0,0.0
1779285961.8296313,-4.449123755353687e+16,8604.456998734384,3.141592653473901,5.976479778794664e+17,6.944131904179503e-05,0.0,0.0,0.0,0.0,0.0,0.0,0.0
1779285961.840066,-5.0796436943272664e+16,8604.50974884501,3.141592653470334,6.150967796464398e+17,-6.944131830521738e-05,0.0,0.0,0.0,0.0,0.0,0.0,0.0
1779285961.8506436,-7276254470575344.0,1093.6099872118593,3.141592653442787,5.289102846815224e+17,6.944131885765075e-05,0.0,0.0,0.0,0.0,0.0,0.0,1.0
1779285961.8609805,-1.0830632496772632e+16,936.6672562786118,3.14159265343857,5.4239423158079814e+17,-6.944131844332562e-05,0.0,0.0,0.0,0.0,0.0,0.0,1.0
1779285961.8709545,-1.4051892133010074e+16,804.3671526947951,3.141592653434074,5.54949095952206e+17,6.944131875406939e-05,0.0,0.0,0.0,0.0,0.0,0.0,1.0
1779285961.881562,-1.6939894995855852e+16,684.5990985216297,3.1415926534291163,5.6675946136380883e+17,-6.944131852101179e-05,0.0,0.0,0.0,0.0,0.0,0.0,1.0
1779285961.8917904,-1.947566072506766e+16,586.3082023055582,3.1415926534240874,5.774457397734349e+17,6.944131869580477e-05,0.0,0.0,0.0,0.0,0.0,0.0,1.0
1779285961.9020388,-2.1754102502171188e+16,501.9392693622884,3.141592653418825,5.874241706167677e+17,-6.944131856471024e-05,0.0,0.0,0.0,0.0,0.0,0.0,1.0
1779285961.9125235,-2.3799279194613796e+16,428.0442654999937,3.1415926534132392,5.96838074023379e+17,6.944131866303093e-05,0.0,0.0,0.0,0.0,0.0,0.0,1.0
1779285961.9230108,-2.562892047279873e+16,365.0217583988777,3.141592653407459,6.056412539684174e+17,-6.944131858929062e-05,0.0,0.0,0.0,0.0,0.0,0.0,1.0
1779285961.9334369,-2.71523574928154e+16,311.57304538232205,3.141592653401606,6.135332879787128e+17,6.944131864459568e-05,0.0,0.0,0.0,0.0,0.0,0.0,1.0
1779285961.9432836,-2.8759780907283772e+16,268.4981930591166,3.1415926533957945,6.21445221312999e+17,-6.944131860311702e-05,0.0,0.0,0.0,0.0,0.0,0.0,1.0
1779285961.9539309,-3.004917306938744e+16,228.33604363277988,3.141592653389421,6.287665808469827e+17,6.944131863422589e-05,0.0,0.0,0.0,0.0,0.0,0.0,1.0
1779285961.9643013,-3.1148282233483628e+16,195.25422916877142,3.141592653383155,6.353947630279768e+17,-6.944131861089437e-05,0.0,0.0,0.0,0.0,0.0,0.0,1.0
1779285961.974348,-3.2381568958398736e+16,167.63100861045976,3.141592653376784,6.422925242693921e+17,6.944131862839288e-05,0.0,0.0,0.0,0.0,0.0,0.0,1.0
1779285961.984533,-3.3336997354881084e+16,143.64791854890174,3.141592653370287,6.484392145526083e+17,-6.944131861526913e-05,0.0,0.0,0.0,0.0,0.0,0.0,1.0
1779285961.9948788,-3.419184964054377e+16,122.77223361008834,3.141592653363565,6.54350917236713e+17,6.944131862511181e-05,0.0,0.0,0.0,0.0,0.0,0.0,1.0
1779285962.0052652,-3.508368402912416e+16,104.84859203193142,3.141592653356631,6.603629075333073e+17,-6.944131861772993e-05,0.0,0.0,0.0,0.0,0.0,0.0,1.0
1779285962.0155234,-4.187655303564456e+16,104.9000248799081,3.1415926533541194,6.78436088716347e+17,6.94413186232662e-05,0.0,0.0,0.0,0.0,0.0,0.0,0.0
1779285962.025908,-4.875359121596344e+16,104.95070790145351,3.1415926533516227,6.96245785579903e+17,-6.944131861911414e-05,0.0,0.0,0.0,0.0,0.0,0.0,0.0
1779285962.0362158,-5.608223386741816e+16,105.00333761069729,3.1415926533490115,7.147395363285418e+17,6.944131862222813e-05,0.0,0.0,0.0,0.0,0.0,0.0,0.0
1779285962.0463068,-2.6760180728477064e+16,44.144060343641264,3.1415926533184404,6.567870939339217e+17,-6.944131861989252e-05,0.0,0.0,0.0,0.0,0.0,0.0,1.0
1779285962.0569441,-2.8679474856435316e+16,37.52744553752931,3.141592653312106,6.653069172822536e+17,6.944131862164444e-05,0.0,0.0,0.0,0.0,0.0,0.0,1.0
1779285962.067438,-3.0432462539524504e+16,31.977062330029728,3.1415926533056,6.73321191549426e+17,-6.944131862033028e-05,0.0,0.0,0.0,0.0,0.0,0.0,1.0
1779285962.0777814,-3.1966102736924736e+16,27.310451997630867,3.141592653298984,6.806781216618904e+17,6.944131862131611e-05,0.0,0.0,0.0,0.0,0.0,0.0,1.0
1779285962.0884411,-3.332027535927026e+16,23.202760857652194,3.1415926532919514,6.876554607265395e+17,-6.944131862057653e-05,0.0,0.0,0.0,0.0,0.0,0.0,1.0
1779285962.0989738,-3.458202162934177e+16,19.75180203912928,3.141592653284807,6.94326837554945e+17,6.944131862113139e-05,0.0,0.0,0.0,0.0,0.0,0.0,1.0
1779285962.1094482,-3.5732214844990104e+16,16.824060787939672,3.141592653277513,7.006697209716756e+17,-6.94413186207151e-05,0.0,0.0,0.0,0.0,0.0,0.0,1.0
1779285962.120067,-3.671268852222059e+16,14.292219669432619,3.141592653269959,7.065988817111337e+17,6.944131862102746e-05,0.0,0.0,0.0,0.0,0.0,0.0,1.0
1779285962.1306179,-3.76165110027285e+16,12.151873402560824,3.141592653262304,7.122844972027862e+17,-6.944131862079305e-05,0.0,0.0,0.0,0.0,0.0,0.0,1.0
1779285962.141181,-3.833869539189425e+16,10.326141896742106,3.141592653254534,7.174772545877069e+17,6.944131862096899e-05,0.0,0.0,0.0,0.0,0.0,0.0,1.0
1779285962.1515746,-3.9236419228115976e+16,8.8064745865677,3.1415926532467564,7.230355642777889e+17,-6.944131862083691e-05,0.0,0.0,0.0,0.0,0.0,0.0,1.0
1779285962.1616895,-3.995819803936157e+16,7.5263389122089,3.1415926532390053,7.280601908616943e+17,6.94413186209361e-05,0.0,0.0,0.0,0.0,0.0,0.0,1.0
1779285962.1718838,-4.0570328683840696e+16,6.4270681658044495,3.141592653231138,7.327903677010204e+17,-6.944131862086158e-05,0.0,0.0,0.0,0.0,0.0,0.0,1.0
1779285962.1820283,-4.113436186610014e+16,5.491934436619983,3.141592653223233,7.373554815044148e+17,6.94413186209176e-05,0.0,0.0,0.0,0.0,0.0,0.0,1.0
1779285962.1919885,-4.1786862572650536e+16,4.703326812069967,3.141592653215338,7.420803921494529e+17,-6.944131862087545e-05,0.0,0.0,0.0,0.0,0.0,0.0,1.0
1779285962.2020879,-4.22694629594373e+16,4.014521613181509,3.141592653207237,7.464042998663191e+17,6.944131862090715e-05,0.0,0.0,0.0,0.0,0.0,0.0,1.0
1779285962.2125916,-4.27562511916245e+16,3.3999999698926318,3.141592653198659,7.508722569623643e+17,-6.944131862088342e-05,0.0,0.0,0.0,0.0,0.0,0.0,1.0
1779285962.2227979,-5.044201925610152e+16,3.451178902082573,3.1415926531980336,7.701220534410066e+17,6.944131862090104e-05,0.0,0.0,0.0,0.0,0.0,0.0,0.0
1779285962.2331736,-5.841167232121242e+16,3.5029216942120898,3.141592653197298,7.895839330682186e+17,-6.944131862088804e-05,0.0,0.0,0.0,0.0,0.0,0.0,0.0
1779285962.2436829,-6.670979753332081e+16,3.555469149046074,3.1415926531964526,8.093484683514235e+17,6.944131862089757e-05,0.0,0.0,0.0,0.0,0.0,0.0,0.0
1779285962.2539086,-3.137460952857217e+16,1.243015550212725,3.1415926531473772,7.382152766001327e+17,-6.944131862089065e-05,0.0,0.0,0.0,0.0,0.0,0.0,1.0
1779285962.2640812,-3.3373571233615508e+16,1.0437702294096196,3.1415926531408997,7.463525445111233e+17,6.944131862089562e-05,0.0,0.0,0.0,0.0,0.0,0.0,1.0
1779285962.2746484,-3.5130350517568296e+16,0.8656209618943094,3.1415926531337686,7.539863617732649e+17,-6.944131862089207e-05,0.0,0.0,0.0,0.0,0.0,0.0,1.0
1779285962.2849348,-3.669898005245916e+16,0.7183209943017891,3.1415926531265637,7.610247481007538e+17,6.944131862089459e-05,0.0,0.0,0.0,0.0,0.0,0.0,1.0
1779285962.2955437,-3.80483577925974e+16,0.5876206318212689,3.1415926531188108,7.675989378368604e+17,-6.944131862089284e-05,0.0,0.0,0.0,0.0,0.0,0.0,1.0
1779285962.3057241,-3.9319923428868504e+16,0.48170792966891685,3.1415926531111964,7.738146836122601e+17,6.944131862089402e-05,0.0,0.0,0.0,0.0,0.0,0.0,1.0
1779285962.3160338,-4.0470308619934984e+16,0.38963731890515335,3.1415926531032365,7.797584199538917e+17,-6.944131862089326e-05,0.0,0.0,0.0,0.0,0.0,0.0,1.0
1779285962.3261678,-4.149271394095416e+16,0.3122888307148731,3.1415926530952394,7.853042341521112e+17,6.94413186208937e-05,0.0,0.0,0.0,0.0,0.0,0.0,1.0
1779285962.3362267,-4.246308906182521e+16,0.24675068774684394,3.1415926530871303,7.906854540538163e+17,-6.94413186208935e-05,0.0,0.0,0.0,0.0,0.0,0.0,1.0
1779285962.346444,-4.32992718875536e+16,0.18918257255713872,3.1415926530786944,7.957738769281452e+17,6.944131862089352e-05,0.0,0.0,0.0,0.0,0.0,0.0,1.0
1779285962.3566163,-4.405284267987419e+16,0.1401280637767798,3.1415926530701626,8.006269452853802e+17,-6.944131862089364e-05,0.0,0.0,0.0,0.0,0.0,0.0,1.0
1779285962.3669186,-4.461021130250043e+16,0.09662313077258694,3.1415926530613554,8.050243325161846e+17,6.944131862089342e-05,0.0,0.0,0.0,0.0,0.0,0.0,1.0
1779285962.3773491,-4.5324595089871576e+16,0.060150313021035615,3.1415926530523137,8.098592358060439e+17,-6.944131862089361e-05,0.0,0.0,0.0,0.0,0.0,0.0,1.0
1779285962.3874836,-4.591085228024976e+16,0.02960035410756831,3.141592653043441,8.142646923543167e+17,6.944131862089361e-05,0.0,0.0,0.0,0.0,0.0,0.0,1.0
1779285962.3976333,-4.651215874349309e+16,0.003723880251292888,3.141592653034447,8.187098540205368e+17,-6.94413186208934e-05,0.0,0.0,0.0,0.0,0.0,0.0,1.0
1779285962.4082618,-4.6914081940188936e+16,-0.02061147931505125,3.141592653024823,8.228157498783702e+17,6.944131862089378e-05,0.0,0.0,0.0,0.0,0.0,0.0,1.0
1779285962.4187217,-4.7408505409356264e+16,-0.040251958651734365,3.141592653015304,8.270949121588184e+17,-6.944131862089327e-05,0.0,0.0,0.0,0.0,0.0,0.0,1.0
1779285962.4292862,-4.7840082640676e+16,-0.05736731827071424,3.1415926530055787,8.312493647975299e+17,6.944131862089387e-05,0.0,0.0,0.0,0.0,0.0,0.0,1.0
1779285962.4394722,-5.633945709200496e+16,-0.006243222353966196,3.1415926530078098,8.519930104052728e+17,-6.944131862089321e-05,0.0,0.0,0.0,0.0,0.0,0.0,0.0
1779285962.4496112,-4.637278844392755e+16,-0.0998816230119567,3.1415926529830607,8.340032502877725e+17,6.944131862089388e-05,0.0,0.0,0.0,0.0,0.0,0.0,1.0
1779285962.460144,-4.705264904901926e+16,-0.10792891273725257,3.1415926529736247,8.387800412404408e+17,-6.944131862089323e-05,0.0,0.0,0.0,0.0,0.0,0.0,1.0
1779285962.4709485,-4.7571852902851784e+16,-0.11566290066674748,3.141592652963756,8.432412823029128e+17,6.944131862089386e-05,0.0,0.0,0.0,0.0,0.0,0.0,1.0
1779285962.481274,-4.81308710447483e+16,-0.12135590352386022,3.1415926529543086,8.476397016946156e+17,-6.944131862089326e-05,0.0,0.0,0.0,0.0,0.0,0.0,1.0
1779285962.4917479,-4.857137618141591e+16,-0.12679011544897278,3.1415926529445715,8.517930897846042e+17,6.944131862089383e-05,0.0,0.0,0.0,0.0,0.0,0.0,1.0
1779285962.502034,-4.907248763022426e+16,-0.1307777100928565,3.1415926529349782,8.560332035998751e+17,-6.944131862089327e-05,0.0,0.0,0.0,0.0,0.0,0.0,1.0
1779285962.5121365,-4.9530002164036536e+16,-0.13412964511312128,3.1415926529254943,8.601020260564685e+17,6.944131862089383e-05,0.0,0.0,0.0,0.0,0.0,0.0,1.0
1779285962.5222924,-4.9909382285795e+16,-0.1373178435272257,3.1415926529158504,8.639966824348329e+17,-6.944131862089327e-05,0.0,0.0,0.0,0.0,0.0,0.0,1.0
1779285962.5323987,-5.0372476501187736e+16,-0.13942495883076042,3.1415926529062226,8.680842758859679e+17,6.944131862089383e-05,0.0,0.0,0.0,0.0,0.0,0.0,1.0
1779285962.5425158,-5.079623499132488e+16,-0.14129072006714855,3.1415926528964953,8.720794269786154e+17,-6.944131862089327e-05,0.0,0.0,0.0,0.0,0.0,0.0,1.0
1779285962.5530972,-5.108286330737352e+16,-0.14371111301516107,3.1415926528861213,8.758970823158246e+17,6.94413186208937e-05,0.0,0.0,0.0,0.0,0.0,0.0,1.0
1779285962.5636604,-5.139496497956625e+16,-0.14557105384074437,3.1415926528757367,8.797738527897167e+17,-6.944131862089356e-05,0.0,0.0,0.0,0.0,0.0,0.0,1.0
1779285962.5738409,-5.1735752072237e+16,-0.14681119089970973,3.1415926528657456,8.835970018037894e+17,6.944131862089344e-05,0.0,0.0,0.0,0.0,0.0,0.0,1.0
1779285962.5840569,-5.198400367336837e+16,-0.14831946900738424,3.1415926528556355,8.872054847682542e+17,-6.944131862089375e-05,0.0,0.0,0.0,0.0,0.0,0.0,1.0
1779285962.5944448,-5.226256925540367e+16,-0.1494620571207183,3.1415926528452953,8.909541805102038e+17,6.944131862089329e-05,0.0,0.0,0.0,0.0,0.0,0.0,1.0
1779285962.6050928,-5.251279986475621e+16,-0.15060893966482902,3.141592652834638,8.947155872854811e+17,-6.944131862089386e-05,0.0,0.0,0.0,0.0,0.0,0.0,1.0
1779285962.6149888,-5.295542490389411e+16,-0.15034084462099156,3.141592652824823,8.987236846723077e+17,6.944131862089326e-05,0.0,0.0,0.0,0.0,0.0,0.0,1.0
1779285962.6252878,-5.316075304144466e+16,-0.1513573213489911,3.141592652814407,9.02277249176943e+17,-6.944131862089383e-05,0.0,0.0,0.0,0.0,0.0,0.0,1.0
1779285962.6356783,-5.338386056140511e+16,-0.1521534813231587,3.141592652803867,9.059121980612507e+17,6.944131862089327e-05,0.0,0.0,0.0,0.0,0.0,0.0,1.0
1779285962.6457448,-5.3771050511038584e+16,-0.15186679521855695,3.1415926527937543,9.098476376394441e+17,-6.944131862089383e-05,0.0,0.0,0.0,0.0,0.0,0.0,1.0
1779285962.656422,-5.390574697195762e+16,-0.15299838045103845,3.1415926527827693,9.133684430867064e+17,6.944131862089327e-05,0.0,0.0,0.0,0.0,0.0,0.0,1.0
1779285962.666683,-5.415431736284973e+16,-0.15333572732568782,3.141592652772303,9.170408206086744e+17,-6.944131862089383e-05,0.0,0.0,0.0,0.0,0.0,0.0,1.0
1779285962.6771648,-5.44309254396345e+16,-0.15348830671547256,3.141592652761542,9.208699413984609e+17,6.944131862089327e-05,0.0,0.0,0.0,0.0,0.0,0.0,1.0
1779285962.687573,-5.46480382686248e+16,-0.1538958108594567,3.141592652750809,9.245330698415037e+17,-6.944131862089383e-05,0.0,0.0,0.0,0.0,0.0,0.0,1.0
1779285962.6978028,-5.49649798396368e+16,-0.1536817980466703,3.141592652740325,9.28386676985777e+17,6.944131862089327e-05,0.0,0.0,0.0,0.0,0.0,0.0,1.0
1779285962.708368,-5.5161067277011704e+16,-0.1541355686214059,3.1415926527293205,9.320692695751775e+17,-6.944131862089383e-05,0.0,0.0,0.0,0.0,0.0,0.0,1.0
1779285962.718819,-5.52780871540118e+16,-0.15493765734305975,3.141592652718523,9.354880943091414e+17,6.944131862089332e-05,0.0,0.0,0.0,0.0,0.0,0.0,1.0
1779285962.7296066,-5.539168952208931e+16,-0.15576846815160386,3.141592652707179,9.390641140291904e+17,-6.944131862089361e-05,0.0,0.0,0.0,0.0,0.0,0.0,1.0
1779285962.7401292,-5.564451382402009e+16,-0.15577872571654058,3.1415926526962537,9.428960824537222e+17,6.944131862089361e-05,0.0,0.0,0.0,0.0,0.0,0.0,1.0
1779285962.750006,-5.615314042982358e+16,-0.15433368107188916,3.141592652686258,9.47135479130265e+17,-6.94413186208934e-05,0.0,0.0,0.0,0.0,0.0,0.0,1.0
1779285962.7606966,-5.6245375338718e+16,-0.15521150965493197,3.1415926526749383,9.506413241312174e+17,6.944131862089378e-05,0.0,0.0,0.0,0.0,0.0,0.0,1.0
1779285962.7711606,-5.655563445412364e+16,-0.15487671957971838,3.1415926526640456,9.546141781009217e+17,-6.944131862089327e-05,0.0,0.0,0.0,0.0,0.0,0.0,1.0
1779285962.781881,-5.6625090448223624e+16,-0.15583074737322855,3.1415926526526547,9.580901236164352e+17,6.944131862089387e-05,0.0,0.0,0.0,0.0,0.0,0.0,1.0
1779285962.7922938,-5.698000089272081e+16,-0.15522401987451578,3.1415926526418545,9.621692057183347e+17,-6.944131862089325e-05,0.0,0.0,0.0,0.0,0.0,0.0,1.0
1779285962.8027694,-5.730253785192526e+16,-0.15480254563991291,3.1415926526309184,9.661983840022931e+17,6.944131862089384e-05,0.0,0.0,0.0,0.0,0.0,0.0,1.0
1779285962.8130608,-5.739676917356195e+16,-0.15554836400975292,3.1415926526199804,9.696171078435639e+17,-6.944131862089326e-05,0.0,0.0,0.0,0.0,0.0,0.0,1.0
1779285962.8235345,-5.769138896768875e+16,-0.15525590175485784,3.1415926526089883,9.736012996414131e+17,6.944131862089383e-05,0.0,0.0,0.0,0.0,0.0,0.0,1.0
1779285962.834033,-5.7957099575750776e+16,-0.15512036207958219,3.1415926525979074,9.775353574196041e+17,-6.944131862089327e-05,0.0,0.0,0.0,0.0,0.0,0.0,1.0
1779285962.8440607,-5.833190927237898e+16,-0.15437508036894557,3.14159265258746,9.815818601876682e+17,6.944131862089383e-05,0.0,0.0,0.0,0.0,0.0,0.0,1.0
1779285962.8547602,-5.83989499288968e+16,-0.1552889481843405,3.1415926525759126,9.851173114603232e+17,-6.944131862089327e-05,0.0,0.0,0.0,0.0,0.0,0.0,1.0
1779285962.8658035,-5.819534609197714e+16,-0.15759233258753494,3.141592652563686,9.881380492491771e+17,6.944131862089383e-05,0.0,0.0,0.0,0.0,0.0,0.0,1.0
1779285962.875792,-5.896809058271607e+16,-0.15477897705797175,3.1415926525537046,9.931766583466335e+17,-6.944131862089327e-05,0.0,0.0,0.0,0.0,0.0,0.0,1.0
1779285962.8863754,-5.913844298068836e+16,-0.15514415944256407,3.1415926525423457,9.969595729672927e+17,6.944131862089383e-05,0.0,0.0,0.0,0.0,0.0,0.0,1.0
1779285962.8969254,-5.936446696236917e+16,-0.1552169248127539,3.1415926525310676,1.0008818768985051e+18,-6.944131862089337e-05,0.0,0.0,0.0,0.0,0.0,0.0,1.0
1779285962.9071388,-5.964095885566797e+16,-0.15499593052927285,3.141592652520277,1.0048065192432141e+18,6.944131862089359e-05,0.0,0.0,0.0,0.0,0.0,0.0,1.0
1779285962.9172335,-5.992573523701899e+16,-0.15472852244590807,3.1415926525095985,1.0087251726459854e+18,-6.944131862089364e-05,0.0,0.0,0.0,0.0,0.0,0.0,1.0
1779285962.927816,-6.012399955707655e+16,-0.15494996624822316,3.1415926524982245,1.0126178510695432e+18,6.944131862089337e-05,0.0,0.0,0.0,0.0,0.0,0.0,1.0
1779285962.9384253,-6.023313578196503e+16,-0.15560973340158107,3.141592652486729,1.0163140134583904e+18,-6.94413186208938e-05,0.0,0.0,0.0,0.0,0.0,0.0,1.0
1779285962.9487364,-6.054584654166053e+16,-0.15521914490023395,3.1415926524758326,1.020407975075012e+18,6.944131862089326e-05,0.0,0.0,0.0,0.0,0.0,0.0,1.0
1779285962.9594278,-6.0635534549270584e+16,-0.15597728241584158,3.141592652464203,1.0241113809472184e+18,-6.944131862089383e-05,0.0,0.0,0.0,0.0,0.0,0.0,1.0
1779285962.9698205,-6.102004272591031e+16,-0.15524817669389396,3.1415926524532534,1.028443246851854e+18,6.944131862089327e-05,0.0,0.0,0.0,0.0,0.0,0.0,1.0
1779285962.980012,-6.134358051277466e+16,-0.1548161520823483,3.141592652442469,1.0325577533010042e+18,-6.944131862089383e-05,0.0,0.0,0.0,0.0,0.0,0.0,1.0
1779285962.9902601,-6.155394194311187e+16,-0.15495155280422912,3.1415926524314717,1.036426863990342e+18,6.944131862089327e-05,0.0,0.0,0.0,0.0,0.0,0.0,1.0
1779285963.000361,-6.1823363551947064e+16,-0.15478236894275155,3.141592652420738,1.0403920970588808e+18,-6.944131862089383e-05,0.0,0.0,0.0,0.0,0.0,0.0,1.0
1779285963.010916,-6.197153523669093e+16,-0.15525153920152815,3.141592652409293,1.0442427505769088e+18,6.944131862089327e-05,0.0,0.0,0.0,0.0,0.0,0.0,1.0
1779285963.0214822,-6.218403317586265e+16,-0.15540470072509494,3.1415926523979145,1.0482696519620191e+18,-6.944131862089383e-05,0.0,0.0,0.0,0.0,0.0,0.0,1.0
1779285963.0320542,-6.238852223804107e+16,-0.15559734478762788,3.141592652386514,1.0522940523080948e+18,6.944131862089327e-05,0.0,0.0,0.0,0.0,0.0,0.0,1.0
1779285963.0421638,-6.273634381584859e+16,-0.155058575490024,3.141592652375861,1.0565058395363786e+18,-6.944131862089383e-05,0.0,0.0,0.0,0.0,0.0,0.0,1.0
1779285963.0525293,-6.277232301316179e+16,-0.15603823052500077,3.1415926523645332,1.0600532257837569e+18,6.944131862089327e-05,0.0,0.0,0.0,0.0,0.0,0.0,1.0
1779285963.062957,-6.309864972102633e+16,-0.15563639068895707,3.141592652353464,1.0643617165021564e+18,-6.944131862089379e-05,0.0,0.0,0.0,0.0,0.0,0.0,1.0
1779285963.073558,-6.333692746777203e+16,-0.15568057598825855,3.1415926523420836,1.0685248206442642e+18,6.944131862089344e-05,0.0,0.0,0.0,0.0,0.0,0.0,1.0
1779285963.083842,-6.36194430448893e+16,-0.15548733819282207,3.1415926523311573,1.072685382387603e+18,-6.944131862089353e-05,0.0,0.0,0.0,0.0,0.0,0.0,1.0
1779285963.093787,-6.405815179643397e+16,-0.15453947362672377,3.141592652320826,1.0771129978338849e+18,6.944131862089367e-05,0.0,0.0,0.0,0.0,0.0,0.0,1.0
1779285963.104308,-6.427160539305193e+16,-0.15472760357961501,3.14159265230945,1.0812255841082262e+18,-6.944131862089336e-05,0.0,0.0,0.0,0.0,0.0,0.0,1.0
1779285963.1150162,-6.437323822885877e+16,-0.15545122559322716,3.141592652297696,1.0851538718785551e+18,6.94413186208938e-05,0.0,0.0,0.0,0.0,0.0,0.0,1.0
1779285963.1256523,-6.457110004342836e+16,-0.15570780032220569,3.1415926522861906,1.0893030863980577e+18,-6.944131862089326e-05,0.0,0.0,0.0,0.0,0.0,0.0,1.0
1779285963.1362584,-6.48040840965805e+16,-0.15579824849646912,3.141592652274781,1.0935401492524319e+18,6.944131862089383e-05,0.0,0.0,0.0,0.0,0.0,0.0,1.0
1779285963.1468554,-6.502383103483264e+16,-0.1559505748235303,3.1415926522633812,1.09775163594323e+18,-6.944131862089327e-05,0.0,0.0,0.0,0.0,0.0,0.0,1.0
1779285963.1569052,-6.539228441701208e+16,-0.1553679840129416,3.141592652252883,1.1021206942687547e+18,6.944131862089383e-05,0.0,0.0,0.0,0.0,0.0,0.0,1.0
1779285963.1676614,-6.545967864069634e+16,-0.15624501293850868,3.141592652241087,1.1060416604680067e+18,-6.944131862089327e-05,0.0,0.0,0.0,0.0,0.0,0.0,1.0
1779285963.1781857,-6.583536202493011e+16,-0.1556857554550886,3.1415926522300346,1.1106414247038871e+18,6.944131862089383e-05,0.0,0.0,0.0,0.0,0.0,0.0,1.0
1779285963.188686,-6.605857301523569e+16,-0.155833005100574,3.1415926522187663,1.1148769923176632e+18,-6.944131862089327e-05,0.0,0.0,0.0,0.0,0.0,0.0,1.0
1779285963.1993,-6.6264751670654424e+16,-0.15606881394146715,3.1415926522073487,1.119128406114214e+18,6.944131862089383e-05,0.0,0.0,0.0,0.0,0.0,0.0,1.0
1779285963.209803,-6.659783316681478e+16,-0.15572406945817968,3.1415926521962714,1.123657346696902e+18,-6.944131862089327e-05,0.0,0.0,0.0,0.0,0.0,0.0,1.0
1779285963.2199745,-6.689407394139079e+16,-0.15552202971006573,3.1415926521855493,1.1279744983114842e+18,6.944131862089383e-05,0.0,0.0,0.0,0.0,0.0,0.0,1.0
1779285963.2306373,-6.698263173468784e+16,-0.15630310073528222,3.1415926521738964,1.1320006743166147e+18,-6.944131862089327e-05,0.0,0.0,0.0,0.0,0.0,0.0,1.0
1779285963.2411318,-6.73409644145487e+16,-0.15585484317284834,3.141592652162929,1.1366193646389295e+18,6.944131862089374e-05,0.0,0.0,0.0,0.0,0.0,0.0,1.0
1779285963.2516217,-6.761600597511304e+16,-0.15579059926432554,3.141592652151818,1.1410504718783077e+18,-6.944131862089352e-05,0.0,0.0,0.0,0.0,0.0,0.0,1.0
1779285963.2621207,-6.796897870780029e+16,-0.15539435343425195,3.1415926521407878,1.1456993083735177e+18,6.944131862089346e-05,0.0,0.0,0.0,0.0,0.0,0.0,1.0
1779285963.2727153,-6.817357716792905e+16,-0.15566806758732293,3.1415926521294404,1.1500272075754001e+18,-6.944131862089372e-05,0.0,0.0,0.0,0.0,0.0,0.0,1.0
1779285963.2829797,-6.841535064231423e+16,-0.15574090403765084,3.1415926521185877,1.154322334628005e+18,6.944131862089332e-05,0.0,0.0,0.0,0.0,0.0,0.0,1.0
1779285963.2936206,-6.867463438635507e+16,-0.15577952715229434,3.1415926521073008,1.1588307132315197e+18,-6.944131862089383e-05,0.0,0.0,0.0,0.0,0.0,0.0,1.0
1779285963.304045,-6.905876633326267e+16,-0.1552608659901144,3.141592652096479,1.1635716217185288e+18,6.944131862089323e-05,0.0,0.0,0.0,0.0,0.0,0.0,1.0
1779285963.3145926,-6.912074912730531e+16,-0.15615457112833495,3.1415926520850306,1.167576716659136e+18,-6.944131862089386e-05,0.0,0.0,0.0,0.0,0.0,0.0,1.0
1779285963.3245575,-6.964219356485493e+16,-0.15499937583121554,3.141592652075067,1.1724789168134044e+18,6.944131862089326e-05,0.0,0.0,0.0,0.0,0.0,0.0,1.0
1779285963.3352106,-6.984423376260638e+16,-0.15531779671834384,3.1415926520636566,1.1769167678884774e+18,-6.944131862089383e-05,0.0,0.0,0.0,0.0,0.0,0.0,1.0
1779285963.345514,-7.010998382383363e+16,-0.1553204908892665,3.1415926520528377,1.1813683758184986e+18,6.944131862089327e-05,0.0,0.0,0.0,0.0,0.0,0.0,1.0
1779285963.3560138,-7.042981382371614e+16,-0.15511891183845383,3.1415926520418633,1.1860525491773501e+18,-6.944131862089383e-05,0.0,0.0,0.0,0.0,0.0,0.0,1.0
1779285963.36658,-7.0644853731657256e+16,-0.15537673957013887,3.1415926520306234,1.190528671736103e+18,6.944131862089327e-05,0.0,0.0,0.0,0.0,0.0,0.0,1.0
1779285963.3768837,-7.0873578805278296e+16,-0.15554266224068697,3.1415926520197957,1.1949282260606446e+18,-6.944131862089383e-05,0.0,0.0,0.0,0.0,0.0,0.0,1.0
1779285963.3874068,-7.119602041026954e+16,-0.155340919958149,3.1415926520088426,1.1996740344554202e+18,6.944131862089327e-05,0.0,0.0,0.0,0.0,0.0,0.0,1.0
1779285963.3974407,-7.1667011198832344e+16,-0.1544756766721248,3.1415926519987725,1.2045791557734252e+18,-6.944131862089383e-05,0.0,0.0,0.0,0.0,0.0,0.0,1.0
1779285963.4079304,-7.192913900162342e+16,-0.15455542685372664,3.141592651987718,1.2091980000041654e+18,6.944131862089327e-05,0.0,0.0,0.0,0.0,0.0,0.0,1.0
1779285963.4182942,-7.209529476668602e+16,-0.155015146923385,3.141592651976717,1.213528854351935e+18,-6.94413186208937e-05,0.0,0.0,0.0,0.0,0.0,0.0,1.0
1779285963.4288018,-7.240197580564467e+16,-0.15490388339875297,3.141592651965783,1.2182908731247567e+18,6.944131862089356e-05,0.0,0.0,0.0,0.0,0.0,0.0,1.0
1779285963.4392014,-7.258469211428866e+16,-0.15529711756509956,3.141592651954779,1.2227184613968804e+18,-6.944131862089344e-05,0.0,0.0,0.0,0.0,0.0,0.0,1.0
1779285963.4496534,-7.295763644995522e+16,-0.15491175541266097,3.141592651944068,1.2276505361489126e+18,6.944131862089375e-05,0.0,0.0,0.0,0.0,0.0,0.0,1.0
1779285963.459893,-7.313912179389256e+16,-0.15529586300303622,3.1415926519333137,1.232025356846798e+18,-6.944131862089329e-05,0.0,0.0,0.0,0.0,0.0,0.0,1.0
1779285963.470112,-7.337192276659533e+16,-0.15546207467517156,3.141592651922715,1.2365287921116728e+18,6.944131862089386e-05,0.0,0.0,0.0,0.0,0.0,0.0,1.0
1779285963.4804566,-7.3827298437998e+16,-0.15474310095023874,3.1415926519123536,1.241655204533863e+18,-6.944131862089326e-05,0.0,0.0,0.0,0.0,0.0,0.0,1.0
1779285963.4910917,-7.396395420298978e+16,-0.15536160241621333,3.141592651901063,1.2461421529940498e+18,6.944131862089383e-05,0.0,0.0,0.0,0.0,0.0,0.0,1.0
1779285963.5015066,-7.424652115319304e+16,-0.15536110661783886,3.141592651890324,1.2509134183049843e+18,-6.944131862089327e-05,0.0,0.0,0.0,0.0,0.0,0.0,1.0
1779285963.512085,-7.446864148953382e+16,-0.15562221061665982,3.1415926518793187,1.2556166837792428e+18,6.944131862089383e-05,0.0,0.0,0.0,0.0,0.0,0.0,1.0
1779285963.522637,-7.476708286835979e+16,-0.15557704009133763,3.1415926518684882,1.2605202564006543e+18,-6.944131862089327e-05,0.0,0.0,0.0,0.0,0.0,0.0,1.0
1779285963.5328343,-7.514607584299885e+16,-0.15517889440887406,3.1415926518582875,1.2654641450049774e+18,6.944131862089383e-05,0.0,0.0,0.0,0.0,0.0,0.0,1.0
1779285963.5433128,-7.557415397463472e+16,-0.154628497352153,3.141592651847862,1.2706588130844124e+18,-6.944131862089327e-05,0.0,0.0,0.0,0.0,0.0,0.0,1.0
1779285963.553923,-7.565224021728053e+16,-0.15549646435822181,3.1415926518365307,1.2751075620390172e+18,6.944131862089383e-05,0.0,0.0,0.0,0.0,0.0,0.0,1.0
1779285963.564313,-7.596404342096896e+16,-0.155400425197162,3.1415926518260164,1.2800236334325028e+18,-6.944131862089327e-05,0.0,0.0,0.0,0.0,0.0,0.0,1.0
1779285963.574874,-7.62723723677264e+16,-0.15534361488546394,3.1415926518152997,1.2850267205432637e+18,6.944131862089383e-05,0.0,0.0,0.0,0.0,0.0,0.0,1.0
1779285963.585415,-7.642488602935328e+16,-0.15589704417797023,3.1415926518043378,1.2896531177098742e+18,-6.944131862089332e-05,0.0,0.0,0.0,0.0,0.0,0.0,1.0
1779285963.595534,-7.689254688908606e+16,-0.1551745410738149,3.141592651794528,1.294872503320852e+18,6.944131862089361e-05,0.0,0.0,0.0,0.0,0.0,0.0,1.0
1779285963.605645,-7.722965942288893e+16,-0.15497940046156966,3.141592651784455,1.2997870261881784e+18,-6.944131862089361e-05,0.0,0.0,0.0,0.0,0.0,0.0,1.0
1779285963.6161678,-7.75134523795947e+16,-0.15504125336926758,3.1415926517737915,1.304777396063725e+18,6.94413186208934e-05,0.0,0.0,0.0,0.0,0.0,0.0,1.0
1779285963.626265,-7.789771061554333e+16,-0.15467526547940347,3.1415926517638546,1.309832674054484e+18,-6.944131862089378e-05,0.0,0.0,0.0,0.0,0.0,0.0,1.0
1779285963.636854,-7.807854368340434e+16,-0.15515184604816182,3.141592651752923,1.3146404833738255e+18,6.944131862089327e-05,0.0,0.0,0.0,0.0,0.0,0.0,1.0
1779285963.6474338,-7.832270439400946e+16,-0.15537638792901123,3.141592651742174,1.3196148096740984e+18,-6.944131862089387e-05,0.0,0.0,0.0,0.0,0.0,0.0,1.0
1779285963.6580534,-7.85183063624815e+16,-0.15578561421696133,3.1415926517313437,1.3244949381706624e+18,6.944131862089325e-05,0.0,0.0,0.0,0.0,0.0,0.0,1.0
1779285963.668227,-7.892304824011686e+16,-0.15535358103823893,3.1415926517214956,1.3296943331357463e+18,-6.944131862089384e-05,0.0,0.0,0.0,0.0,0.0,0.0,1.0
1779285963.678723,-7.923422943022331e+16,-0.1553260155099243,3.141592651711049,1.3348451049682842e+18,6.944131862089326e-05,0.0,0.0,0.0,0.0,0.0,0.0,1.0
1779285963.6892114,-7.95767159480295e+16,-0.1551832081795354,3.1415926517007264,1.3400731686002235e+18,-6.944131862089383e-05,0.0,0.0,0.0,0.0,0.0,0.0,1.0
1779285963.6997833,-7.982826095806352e+16,-0.15540014344680256,3.141592651690102,1.3451498479403128e+18,6.944131862089327e-05,0.0,0.0,0.0,0.0,0.0,0.0,1.0
1779285963.709998,-8.019803677616978e+16,-0.1551366302206259,3.141592651680197,1.3503517285805916e+18,-6.944131862089383e-05,0.0,0.0,0.0,0.0,0.0,0.0,1.0
1779285963.7205954,-8.040008400245872e+16,-0.15554532374741112,3.1415926516695123,1.3553428968834322e+18,6.944131862089327e-05,0.0,0.0,0.0,0.0,0.0,0.0,1.0
1779285963.731135,-8.071244010248194e+16,-0.15553646168814653,3.1415926516591437,1.3606018285359716e+18,-6.944131862089383e-05,0.0,0.0,0.0,0.0,0.0,0.0,1.0
1779285963.7416234,-8.10012332259268e+16,-0.15561234104947205,3.1415926516488337,1.365785861600408e+18,6.944131862089327e-05,0.0,0.0,0.0,0.0,0.0,0.0,1.0
1779285963.7522643,-8.119811389884928e+16,-0.15604374023741463,3.1415926516381845,1.3708367826988237e+18,-6.944131862089383e-05,0.0,0.0,0.0,0.0,0.0,0.0,1.0
1779285963.7627614,-8.154507583583526e+16,-0.15590699727529006,3.1415926516280557,1.376203097144598e+18,6.944131862089337e-05,0.0,0.0,0.0,0.0,0.0,0.0,1.0
1779285963.7728195,-8.203578352881885e+16,-0.15520803413826748,3.141592651618793,1.3817066420420357e+18,-6.944131862089359e-05,0.0,0.0,0.0,0.0,0.0,0.0,1.0
1779285963.7832267,-8.249626369481395e+16,-0.15468209390339682,3.1415926516089954,1.3873450430338867e+18,6.944131862089364e-05,0.0,0.0,0.0,0.0,0.0,0.0,1.0
1779285963.7937965,-8.256492491469382e+16,-0.15560205826105267,3.1415926515982067,1.3921165423628908e+18,-6.944131862089337e-05,0.0,0.0,0.0,0.0,0.0,0.0,1.0
1779285963.804352,-8.286695811028595e+16,-0.15566082868550388,3.1415926515879953,1.3974690791732014e+18,6.94413186208938e-05,0.0,0.0,0.0,0.0,0.0,0.0,1.0
1779285963.8147938,-8.325975413472323e+16,-0.15538805396779892,3.1415926515781187,1.4030118862639695e+18,-6.944131862089326e-05,0.0,0.0,0.0,0.0,0.0,0.0,1.0
1779285963.825358,-8.347692941565043e+16,-0.1557638066680895,3.141592651567768,1.408192029601608e+18,6.944131862089383e-05,0.0,0.0,0.0,0.0,0.0,0.0,1.0
1779285963.835575,-8.395917798748995e+16,-0.15515915424791854,3.141592651558396,1.4138771218748303e+18,-6.944131862089327e-05,0.0,0.0,0.0,0.0,0.0,0.0,1.0
1779285963.845887,-8.431924585999549e+16,-0.1550139750431902,3.1415926515486827,1.4193128005971356e+18,6.944131862089383e-05,0.0,0.0,0.0,0.0,0.0,0.0,1.0
1779285963.856128,-8.4512467646174e+16,-0.1554558509971366,3.141592651538714,1.424321212934386e+18,-6.944131862089327e-05,0.0,0.0,0.0,0.0,0.0,0.0,1.0
1779285963.866406,-8.48596240897012e+16,-0.15535297016629696,3.1415926515290753,1.4297434082096064e+18,6.944131862089383e-05,0.0,0.0,0.0,0.0,0.0,0.0,1.0
1779285963.8769586,-8.517948175506843e+16,-0.1553825664381578,3.141592651519069,1.4352626061593597e+18,-6.944131862089327e-05,0.0,0.0,0.0,0.0,0.0,0.0,1.0
1779285963.8870618,-8.567045324755176e+16,-0.15477039610903828,3.1415926515099954,1.4409786286674947e+18,6.944131862089383e-05,0.0,0.0,0.0,0.0,0.0,0.0,1.0
1779285963.8973591,-8.58480868854834e+16,-0.15528635913170963,3.141592651500008,1.4460490809154842e+18,-6.944131862089327e-05,0.0,0.0,0.0,0.0,0.0,0.0,1.0
1779285963.90791,-8.619435938365622e+16,-0.15523552518269468,3.1415926514901447,1.4516817506993165e+18,6.944131862089383e-05,0.0,0.0,0.0,0.0,0.0,0.0,1.0
1779285963.918489,-8.65261147725983e+16,-0.1552439598528985,3.1415926514802424,1.457312816526875e+18,-6.944131862089327e-05,0.0,0.0,0.0,0.0,0.0,0.0,1.0
1779285963.9290066,-8.692746643129086e+16,-0.15501233278322424,3.1415926514705816,1.463104470598583e+18,6.944131862089379e-05,0.0,0.0,0.0,0.0,0.0,0.0,1.0
1779285963.9395442,-8.721188530184614e+16,-0.15519265326406453,3.141592651460665,1.468636440351263e+18,-6.944131862089344e-05,0.0,0.0,0.0,0.0,0.0,0.0,1.0
1779285963.9499874,-8.747945376895069e+16,-0.1554196819047796,3.141592651450855,1.4740967491574748e+18,6.944131862089353e-05,0.0,0.0,0.0,0.0,0.0,0.0,1.0
1779285963.9605327,-8.782263881016776e+16,-0.1553992120574321,3.141592651441135,1.479814522226672e+18,-6.944131862089367e-05,0.0,0.0,0.0,0.0,0.0,0.0,1.0
1779285963.9710371,-8.816235092879594e+16,-0.1553918563245616,3.1415926514314805,1.4855213057000573e+18,6.944131862089336e-05,0.0,0.0,0.0,0.0,0.0,0.0,1.0
1779285963.9812326,-8.853419833625462e+16,-0.15524867462537525,3.1415926514222736,1.491161377623024e+18,-6.94413186208938e-05,0.0,0.0,0.0,0.0,0.0,0.0,1.0
1779285963.9914317,-8.890740970928498e+16,-0.15510699879044218,3.1415926514131023,1.496815440798878e+18,6.944131862089326e-05,0.0,0.0,0.0,0.0,0.0,0.0,1.0
1779285964.0018547,-8.928983183801027e+16,-0.15496683455449498,3.141592651403707,1.5026363274288645e+18,-6.944131862089383e-05,0.0,0.0,0.0,0.0,0.0,0.0,1.0
1779285964.0120962,-8.951579082652026e+16,-0.15533501678917355,3.141592651394191,1.5079926578583153e+18,6.944131862089327e-05,0.0,0.0,0.0,0.0,0.0,0.0,1.0
1779285964.0220492,-9.01885404231485e+16,-0.15418577804094413,3.141592651386036,1.514309433296938e+18,-6.944131862089383e-05,0.0,0.0,0.0,0.0,0.0,0.0,1.0
1779285964.0327716,-9.029677028661811e+16,-0.15501594681948386,3.141592651375726,1.5196762548674796e+18,6.944131862089327e-05,0.0,0.0,0.0,0.0,0.0,0.0,1.0
1779285964.0435255,-9.043317209968622e+16,-0.1557364040212455,3.1415926513655315,1.5251436681396137e+18,-6.944131862089383e-05,0.0,0.0,0.0,0.0,0.0,0.0,1.0
1779285964.0540142,-9.088839675308738e+16,-0.1553765703575541,3.141592651356362,1.5312964046430019e+18,6.944131862089327e-05,0.0,0.0,0.0,0.0,0.0,0.0,1.0
1779285964.0643284,-9.143475116210742e+16,-0.15471332964249007,3.1415926513476338,1.537579567412578e+18,-6.944131862089383e-05,0.0,0.0,0.0,0.0,0.0,0.0,1.0
1779285964.0747857,-9.164863897878882e+16,-0.1551680982003167,3.141592651337991,1.5431449226588982e+18,6.944131862089327e-05,0.0,0.0,0.0,0.0,0.0,0.0,1.0
1779285964.0848093,-9.219211463544568e+16,-0.15449940392389042,3.141592651329635,1.549292881994565e+18,-6.944131862089383e-05,0.0,0.0,0.0,0.0,0.0,0.0,1.0
1779285964.095077,-9.237681316180933e+16,-0.15503325149666408,3.141592651320206,1.554706137157328e+18,6.944131862089327e-05,0.0,0.0,0.0,0.0,0.0,0.0,1.0
1779285964.105219,-9.27759136933563e+16,-0.1548549679435407,3.1415926513114396,1.5606036154970867e+18,-6.944131862089374e-05,0.0,0.0,0.0,0.0,0.0,0.0,1.0
1779285964.1154685,-9.318403166191518e+16,-0.1546678942665229,3.14159265130259,1.566604318278556e+18,6.944131862089352e-05,0.0,0.0,0.0,0.0,0.0,0.0,1.0
1779285964.1263967,-9.33390419089198e+16,-0.15536902336356506,3.1415926512924397,1.5723852324855117e+18,-6.944131862089346e-05,0.0,0.0,0.0,0.0,0.0,0.0,1.0
1779285964.1370215,-9.363613265603283e+16,-0.15557272925457566,3.1415926512830215,1.578363833044515e+18,6.944131862089372e-05,0.0,0.0,0.0,0.0,0.0,0.0,1.0
1779285964.1469362,-9.433497070894653e+16,-0.15442962715688774,3.141592651275337,1.5849451379283085e+18,-6.944131862089332e-05,0.0,0.0,0.0,0.0,0.0,0.0,1.0
1779285964.15713,-9.454702696788102e+16,-0.154885102237112,3.1415926512661976,1.5905090728466977e+18,6.944131862089383e-05,0.0,0.0,0.0,0.0,0.0,0.0,1.0
1779285964.167408,-9.466945516673163e+16,-0.1556212577173104,3.14159265125682,1.5959170007581747e+18,-6.944131862089323e-05,0.0,0.0,0.0,0.0,0.0,0.0,1.0
1779285964.1778674,-9.525039929419789e+16,-0.1549249136851256,3.1415926512483807,1.6025709775565256e+18,6.944131862089386e-05,0.0,0.0,0.0,0.0,0.0,0.0,1.0
1779285964.1880722,-9.569765657503451e+16,-0.1546443955412207,3.1415926512398853,1.60877744691555e+18,-6.944131862089326e-05,0.0,0.0,0.0,0.0,0.0,0.0,1.0
1779285964.1983833,-9.589614041895515e+16,-0.15515646862449986,3.141592651230738,1.6144410654459402e+18,6.944131862089383e-05,0.0,0.0,0.0,0.0,0.0,0.0,1.0
1779285964.2090974,-9.601377897346936e+16,-0.15594716620561763,3.1415926512210746,1.620136031747436e+18,-6.944131862089327e-05,0.0,0.0,0.0,0.0,0.0,0.0,1.0
1779285964.2191043,-9.69077230027807e+16,-0.15426188486829484,3.141592651213962,1.6273908796179553e+18,6.944131862089383e-05,0.0,0.0,0.0,0.0,0.0,0.0,1.0
1779285964.2296624,-9.719415931462915e+16,-0.15455045761657704,3.141592651204796,1.633490737237522e+18,-6.944131862089327e-05,0.0,0.0,0.0,0.0,0.0,0.0,1.0
1779285964.2398028,-9.7672088271553e+16,-0.154201922413222,3.141592651196582,1.639827801268436e+18,6.944131862089383e-05,0.0,0.0,0.0,0.0,0.0,0.0,1.0
1779285964.2500947,-9.794522645271794e+16,-0.15450627141577353,3.1415926511877306,1.6457769588049592e+18,-6.944131862089327e-05,0.0,0.0,0.0,0.0,0.0,0.0,1.0
1779285964.2607343,-9.8145471064979e+16,-0.1550642381868509,3.141592651178385,1.6517759291648148e+18,6.944131862089383e-05,0.0,0.0,0.0,0.0,0.0,0.0,1.0
1779285964.271332,-9.836934440482067e+16,-0.15553623711695969,3.1415926511691996,1.657831717782755e+18,-6.944131862089327e-05,0.0,0.0,0.0,0.0,0.0,0.0,1.0
1779285964.2814708,-9.874334251803158e+16,-0.15549909899921194,3.1415926511609165,1.6639958243834217e+18,6.94413186208937e-05,0.0,0.0,0.0,0.0,0.0,0.0,1.0
1779285964.2920432,-9.919354181199789e+16,-0.15528571695177057,3.1415926511523837,1.6706316293400128e+18,-6.944131862089356e-05,0.0,0.0,0.0,0.0,0.0,0.0,1.0
1779285964.302286,-9.971135107095168e+16,-0.15484654396461464,3.1415926511443795,1.6772524583231096e+18,6.944131862089344e-05,0.0,0.0,0.0,0.0,0.0,0.0,1.0
1779285964.3126101,-9.983714348350131e+16,-0.15559970913323676,3.141592651135376,1.6829777961318446e+18,-6.944131862089375e-05,0.0,0.0,0.0,0.0,0.0,0.0,1.0
1779285964.3228767,-1.003110102536025e+17,-0.1552979165810249,3.1415926511273238,1.689545737914826e+18,6.944131862089329e-05,0.0,0.0,0.0,0.0,0.0,0.0,1.0
1779285964.3329723,-1.0082972880861528e+17,-0.1548576150496224,3.1415926511195735,1.696135660155842e+18,-6.944131862089386e-05,0.0,0.0,0.0,0.0,0.0,0.0,1.0
1779285964.3431506,-1.0121806866293659e+17,-0.1548264390980778,3.141592651111429,1.7024803192373107e+18,6.944131862089326e-05,0.0,0.0,0.0,0.0,0.0,0.0,1.0
1779285964.3535757,-1.0161290272502746e+17,-0.15480687440994736,3.1415926511030765,1.7090134344353646e+18,-6.944131862089383e-05,0.0,0.0,0.0,0.0,0.0,0.0,1.0
1779285964.364001,-1.0204737937703808e+17,-0.15467582416819498,3.1415926510948493,1.715664701708234e+18,6.944131862089327e-05,0.0,0.0,0.0,0.0,0.0,0.0,1.0
1779285964.374403,-1.0226006077317842e+17,-0.15519542544429174,3.141592651086148,1.721776060797392e+18,-6.944131862089383e-05,0.0,0.0,0.0,0.0,0.0,0.0,1.0
1779285964.3846748,-1.0261038363613925e+17,-0.15529266868434877,3.141592651077959,1.7281710417801298e+18,6.944131862089327e-05,0.0,0.0,0.0,0.0,0.0,0.0,1.0
1779285964.3951995,-1.0296945327361392e+17,-0.1553932766383688,3.1415926510695744,1.7347649228360172e+18,-6.944131862089383e-05,0.0,0.0,0.0,0.0,0.0,0.0,1.0
1779285964.4058306,-1.0323733172243022e+17,-0.15577116068281976,3.1415926510609005,1.7412261542099356e+18,6.944131862089327e-05,0.0,0.0,0.0,0.0,0.0,0.0,1.0
1779285964.4165802,-1.0354513271635491e+17,-0.15604383767683402,3.1415926510522487,1.7478889739689728e+18,-6.944131862089383e-05,0.0,0.0,0.0,0.0,0.0,0.0,1.0
1779285964.4268358,-1.0415911266470662e+17,-0.1553869161070741,3.1415926510448937,1.755001606936792e+18,6.944131862089327e-05,0.0,0.0,0.0,0.0,0.0,0.0,1.0
1779285964.4372313,-1.0455533527668522e+17,-0.1553885607950643,3.141592651036868,1.761692642434003e+18,-6.944131862089383e-05,0.0,0.0,0.0,0.0,0.0,0.0,1.0
1779285964.4478335,-1.0486777156187498e+17,-0.15565601229627962,3.1415926510284615,1.7683361136351567e+18,6.944131862089332e-05,0.0,0.0,0.0,0.0,0.0,0.0,1.0
1779285964.458245,-1.0498119525180195e+17,-0.15646209701436375,3.1415926510198258,1.774382449280147e+18,-6.944131862089361e-05,0.0,0.0,0.0,0.0,0.0,0.0,1.0
1779285964.4681253,-1.0589447383918474e+17,-0.1549434196247072,3.141592651013714,1.7820738213680026e+18,6.944131862089361e-05,0.0,0.0,0.0,0.0,0.0,0.0,1.0
1779285964.4784563,-1.0603944751642096e+17,-0.15567280082204393,3.1415926510052525,1.7881916529897743e+18,-6.94413186208934e-05,0.0,0.0,0.0,0.0,0.0,0.0,1.0
1779285964.4892142,-1.065834176180705e+17,-0.15531750358015733,3.1415926509973957,1.7955950072296878e+18,6.944131862089378e-05,0.0,0.0,0.0,0.0,0.0,0.0,1.0
1779285964.4993486,-1.0696262111313947e+17,-0.15536808283095457,3.1415926509897822,1.802200929017595e+18,-6.944131862089327e-05,0.0,0.0,0.0,0.0,0.0,0.0,1.0
1779285964.5098274,-1.074717806944888e+17,-0.1550978195966148,3.141592650982174,1.8093763482190648e+18,6.944131862089387e-05,0.0,0.0,0.0,0.0,0.0,0.0,1.0
1779285964.520082,-1.0767114560315546e+17,-0.15567021502874065,3.141592650974057,1.8156644134692892e+18,-6.944131862089325e-05,0.0,0.0,0.0,0.0,0.0,0.0,1.0
1779285964.5301328,-1.0832694217201318e+17,-0.15495232372387668,3.1415926509673078,1.8229575515113037e+18,6.944131862089384e-05,0.0,0.0,0.0,0.0,0.0,0.0,1.0
1779285964.5407176,-1.0864128823401773e+17,-0.15525153072702044,3.1415926509592014,1.829791443750993e+18,-6.944131862089326e-05,0.0,0.0,0.0,0.0,0.0,0.0,1.0
1779285964.5512705,-1.0902321320758669e+17,-0.1553585719020544,3.141592650951342,1.8367931830949276e+18,6.944131862089383e-05,0.0,0.0,0.0,0.0,0.0,0.0,1.0
1779285964.5618038,-1.0942526223049222e+17,-0.15541096865664272,3.1415926509435854,1.843857800829369e+18,-6.944131862089327e-05,0.0,0.0,0.0,0.0,0.0,0.0,1.0
1779285964.5719976,-1.1000614694422638e+17,-0.15494476717123898,3.14159265093663,1.851152607227408e+18,6.944131862089383e-05,0.0,0.0,0.0,0.0,0.0,0.0,1.0
1779285964.5826933,-1.1010592442869106e+17,-0.15584855824756394,3.141592650928029,1.8576314560320246e+18,-6.944131862089327e-05,0.0,0.0,0.0,0.0,0.0,0.0,1.0
1779285964.5928018,-1.105911144778615e+17,-0.1556320712163235,3.1415926509210133,1.864677551988999e+18,6.944131862089383e-05,0.0,0.0,0.0,0.0,0.0,0.0,1.0
1779285964.6034842,-1.1086045532001787e+17,-0.15606443195577635,3.141592650912962,1.8715971521538117e+18,-6.944131862089327e-05,0.0,0.0,0.0,0.0,0.0,0.0,1.0
1779285964.6136627,-1.1130337140300464e+17,-0.15597226158451494,3.1415926509058796,1.8786128617273316e+18,6.944131862089383e-05,0.0,0.0,0.0,0.0,0.0,0.0,1.0
1779285964.6239905,-1.1206523384760325e+17,-0.15505737931049143,3.1415926508994367,1.8865521973503127e+18,-6.944131862089337e-05,0.0,0.0,0.0,0.0,0.0,0.0,1.0
1779285964.634044,-1.1260248857191054e+17,-0.15473748200121845,3.141592650892683,1.8937771586825285e+18,6.944131862089359e-05,0.0,0.0,0.0,0.0,0.0,0.0,1.0
1779285964.6441534,-1.1298967524859434e+17,-0.1548299607610142,3.141592650885527,1.900693013341128e+18,-6.944131862089364e-05,0.0,0.0,0.0,0.0,0.0,0.0,1.0
1779285964.6547031,-1.133162543829048e+17,-0.15513046230909056,3.1415926508778416,1.9077936715881764e+18,6.944131862089337e-05,0.0,0.0,0.0,0.0,0.0,0.0,1.0
1779285964.6650043,-1.1352013076750883e+17,-0.15572056555322547,3.1415926508701446,1.9144406489614436e+18,-6.94413186208938e-05,0.0,0.0,0.0,0.0,0.0,0.0,1.0
1779285964.6761243,-1.1218783144333694e+17,-0.16039970433030734,3.1415926508579908,1.9179258859047596e+18,6.944131862089326e-05,0.0,0.0,0.0,0.0,0.0,0.0,1.0
1779285964.685191,-1.1515761294925698e+17,-0.15355079112196404,3.141592650858528,1.9305411932415442e+18,-6.944131862089383e-05,0.0,0.0,0.0,0.0,0.0,0.0,1.0
1779285964.6956413,-1.1527106413189955e+17,-0.15444003516720764,3.141592650850513,1.9371163789547745e+18,6.944131862089327e-05,0.0,0.0,0.0,0.0,0.0,0.0,1.0
1779285964.7058837,-1.1586322614211235e+17,-0.15405008061603953,3.1415926508439096,1.944762739413846e+18,-6.944131862089383e-05,0.0,0.0,0.0,0.0,0.0,0.0,1.0
1779285964.7161148,-1.1636430377357272e+17,-0.15390471913908013,3.1415926508371035,1.9522032049924797e+18,6.944131862089327e-05,0.0,0.0,0.0,0.0,0.0,0.0,1.0
1779285964.7267652,-1.1635645039338106e+17,-0.15511274713642378,3.1415926508287075,1.9587144408321055e+18,-6.944131862089383e-05,0.0,0.0,0.0,0.0,0.0,0.0,1.0
1779285964.7371814,-1.1696317665828917e+17,-0.15469786842993086,3.1415926508221164,1.9665952523564155e+18,6.944131862089327e-05,0.0,0.0,0.0,0.0,0.0,0.0,1.0
1779285964.7475877,-1.1754639349274843e+17,-0.1543576410459918,3.1415926508154843,1.9744391373155648e+18,-6.944131862089383e-05,0.0,0.0,0.0,0.0,0.0,0.0,1.0
1779285964.757896,-1.176154850948365e+17,-0.15531972497221322,3.141592650807712,1.9809702477622339e+18,6.944131862089327e-05,0.0,0.0,0.0,0.0,0.0,0.0,1.0
1779285964.7684577,-1.1787533636366898e+17,-0.15580632625841212,3.1415926508002574,1.9881817476125466e+18,-6.944131862089383e-05,0.0,0.0,0.0,0.0,0.0,0.0,1.0
1779285964.7784038,-1.1882030592109958e+17,-0.15449625302112416,3.14159265079509,1.9966425702620946e+18,6.944131862089327e-05,0.0,0.0,0.0,0.0,0.0,0.0,1.0
1779285964.7889376,-1.1919790445895338e+17,-0.1547106066893135,3.1415926507879703,2.0041714568764027e+18,-6.944131862089379e-05,0.0,0.0,0.0,0.0,0.0,0.0,1.0
1779285964.7994509,-1.1946738796675869e+17,-0.15519009361164612,3.1415926507806526,2.011445711776277e+18,6.944131862089344e-05,0.0,0.0,0.0,0.0,0.0,0.0,1.0
1779285964.8098419,-1.1983356996360246e+17,-0.15540716128069712,3.1415926507737417,2.0188906342904202e+18,-6.944131862089353e-05,0.0,0.0,0.0,0.0,0.0,0.0,1.0
1779285964.8200636,-1.2041747857399043e+17,-0.15506657432147705,3.1415926507675493,2.026773144114015e+18,6.944131862089367e-05,0.0,0.0,0.0,0.0,0.0,0.0,1.0
1779285964.8307612,-1.205186163751922e+17,-0.1559813001503205,3.1415926507597858,2.033846674133783e+18,-6.944131862089336e-05,0.0,0.0,0.0,0.0,0.0,0.0,1.0
1779285964.8412938,-1.2096682082063488e+17,-0.15600636370473964,3.1415926507530987,2.0416736993783578e+18,6.94413186208938e-05,0.0,0.0,0.0,0.0,0.0,0.0,1.0
1779285964.8513055,-1.2183852982490354e+17,-0.15494672570749032,3.1415926507479126,2.050186538354504e+18,-6.944131862089326e-05,0.0,0.0,0.0,0.0,0.0,0.0,1.0
1779285964.8617806,-1.2201668957614803e+17,-0.1556598850690019,3.1415926507406233,2.0573624792582807e+18,6.944131862089383e-05,0.0,0.0,0.0,0.0,0.0,0.0,1.0
1779285964.8717709,-1.2287893364700274e+17,-0.15464323195789415,3.1415926507354897,2.0658719001064376e+18,-6.944131862089327e-05,0.0,0.0,0.0,0.0,0.0,0.0,1.0
1779285964.8822136,-1.2318499170461472e+17,-0.15505313131691206,3.1415926507285867,2.0733893702327997e+18,6.944131862089383e-05,0.0,0.0,0.0,0.0,0.0,0.0,1.0
1779285964.8924725,-1.2366576536825622e+17,-0.1550134460999525,3.141592650722325,2.081216748356305e+18,-6.944131862089327e-05,0.0,0.0,0.0,0.0,0.0,0.0,1.0
1779285964.9026828,-1.2417935547204669e+17,-0.15489446281459734,3.1415926507162153,2.0891138519501852e+18,6.944131862089383e-05,0.0,0.0,0.0,0.0,0.0,0.0,1.0
1779285964.9129329,-1.246208636311511e+17,-0.1549587661468075,3.1415926507099226,2.0968891612247194e+18,-6.944131862089327e-05,0.0,0.0,0.0,0.0,0.0,0.0,1.0
1779285964.9232047,-1.2506479752585978e+17,-0.15502139125322545,3.141592650703654,2.1047124045232986e+18,6.944131862089383e-05,0.0,0.0,0.0,0.0,0.0,0.0,1.0
1779285964.933635,-1.2537770519993827e+17,-0.15541484819839152,3.1415926506969676,2.112364579516272e+18,-6.944131862089327e-05,0.0,0.0,0.0,0.0,0.0,0.0,1.0
1779285964.943918,-1.261000406809419e+17,-0.15481786476975018,3.141592650691452,2.1209343545281e+18,6.944131862089383e-05,0.0,0.0,0.0,0.0,0.0,0.0,1.0
1779285964.954167,-1.2645612000077264e+17,-0.15510054573986817,3.1415926506850793,2.128602857004774e+18,-6.944131862089327e-05,0.0,0.0,0.0,0.0,0.0,0.0,1.0
1779285964.9642699,-1.2705296362740736e+17,-0.15479798866397115,3.1415926506794563,2.1367735721088445e+18,6.944131862089374e-05,0.0,0.0,0.0,0.0,0.0,0.0,1.0
1779285964.9746602,-1.2742983053460925e+17,-0.1550525094546258,3.1415926506730845,2.1446527020513976e+18,-6.944131862089352e-05,0.0,0.0,0.0,0.0,0.0,0.0,1.0
1779285964.9853823,-1.2763940169327197e+17,-0.15573053154075556,3.1415926506660803,2.1524132956172137e+18,6.944131862089346e-05,0.0,0.0,0.0,0.0,0.0,0.0,1.0
1779285964.995775,-1.2834798420085366e+17,-0.15520209287603787,3.141592650660625,2.16116689866755e+18,-6.944131862089372e-05,0.0,0.0,0.0,0.0,0.0,0.0,1.0
1779285965.0061347,-1.2838470769857688e+17,-0.1562402018337394,3.1415926506536023,2.1682454446403057e+18,6.944131862089332e-05,0.0,0.0,0.0,0.0,0.0,0.0,1.0
1779285965.0162163,-1.2926689120999443e+17,-0.1552807922323125,3.141592650648909,2.177228233148995e+18,-6.944131862089383e-05,0.0,0.0,0.0,0.0,0.0,0.0,1.0
1779285965.0270045,-1.2967800381826586e+17,-0.15551012442353848,3.141592650642493,2.1856463150044529e+18,6.944131862089323e-05,0.0,0.0,0.0,0.0,0.0,0.0,1.0
1779285965.0375257,-1.3019648050422973e+17,-0.15546249741784934,3.141592650636614,2.1941253133717156e+18,-6.944131862089386e-05,0.0,0.0,0.0,0.0,0.0,0.0,1.0
1779285965.0475154,-1.3104457205134262e+17,-0.1546151364424387,3.1415926506319645,2.2030282384023652e+18,6.944131862089326e-05,0.0,0.0,0.0,0.0,0.0,0.0,1.0
1779285965.0581083,-1.3123863180080341e+17,-0.15534326320929662,3.14159265062525,2.2108394213153713e+18,-6.944131862089383e-05,0.0,0.0,0.0,0.0,0.0,0.0,1.0
1779285965.0685406,-1.3153532091624106e+17,-0.15580503741359542,3.14159265061899,2.2187930038006602e+18,6.944131862089327e-05,0.0,0.0,0.0,0.0,0.0,0.0,1.0
1779285965.079476,-1.3119309874978446e+17,-0.1577544968427836,3.141592650610847,2.2256307055715533e+18,-6.944131862089383e-05,0.0,0.0,0.0,0.0,0.0,0.0,1.0
1779285965.089559,-1.3271211984960173e+17,-0.15539046248249433,3.141592650607989,2.2363632155020882e+18,6.944131862089327e-05,0.0,0.0,0.0,0.0,0.0,0.0,1.0
1779285965.1001163,-1.3330077161443322e+17,-0.1552211407183293,3.141592650602484,2.2451681840655903e+18,-6.944131862089383e-05,0.0,0.0,0.0,0.0,0.0,0.0,1.0
1779285965.1104913,-1.3382915687360758e+17,-0.15518211370906845,3.1415926505969463,2.2537604274495104e+18,6.944131862089327e-05,0.0,0.0,0.0,0.0,0.0,0.0,1.0
1779285965.1208222,-1.3436519019658414e+17,-0.15512509941130592,3.141592650591493,2.262359042530336e+18,-6.944131862089383e-05,0.0,0.0,0.0,0.0,0.0,0.0,1.0
1779285965.1309679,-1.3491682689013245e+17,-0.15501786298174025,3.1415926505862473,2.2708692865135657e+18,6.944131862089327e-05,0.0,0.0,0.0,0.0,0.0,0.0,1.0
1779285965.1415286,-1.3536714514543714e+17,-0.15518489610065622,3.1415926505804688,2.2795068217545078e+18,-6.94413186208937e-05,0.0,0.0,0.0,0.0,0.0,0.0,1.0
1779285965.1519191,-1.3593881841156373e+17,-0.155066933370812,3.1415926505751486,2.2883307380681925e+18,6.944131862089356e-05,0.0,0.0,0.0,0.0,0.0,0.0,1.0
1779285965.1624832,-1.3638762429728344e+17,-0.1552426651646356,3.141592650569436,2.2970238416315085e+18,-6.944131862089344e-05,0.0,0.0,0.0,0.0,0.0,0.0,1.0
1779285965.1726775,-1.3689954974192016e+17,-0.15523988801354854,3.141592650564194,2.3055869156007777e+18,6.944131862089375e-05,0.0,0.0,0.0,0.0,0.0,0.0,1.0
1779285965.182967,-1.374409017947345e+17,-0.15518803876417328,3.1415926505589775,2.3143367180969134e+18,-6.944131862089329e-05,0.0,0.0,0.0,0.0,0.0,0.0,1.0
1779285965.1929884,-1.3817566957846107e+17,-0.1546937064645172,3.1415926505544505,2.3233567799261297e+18,6.944131862089386e-05,0.0,0.0,0.0,0.0,0.0,0.0,1.0
1779285965.2031462,-1.3856319491316843e+17,-0.15497694963570469,3.141592650549004,2.331667523103405e+18,-6.944131862089326e-05,0.0,0.0,0.0,0.0,0.0,0.0,1.0
1779285965.2133162,-1.3926542779852862e+17,-0.1545821303307208,3.1415926505443394,2.3407885243536113e+18,6.944131862089383e-05,0.0,0.0,0.0,0.0,0.0,0.0,1.0
1779285965.223681,-1.3935733250222101e+17,-0.15552533272848262,3.141592650538098,2.3486068447435003e+18,-6.944131862089327e-05,0.0,0.0,0.0,0.0,0.0,0.0,1.0
1779285965.234584,-1.3996818387734763e+17,-0.15540164744064383,3.1415926505327736,2.3582023410642893e+18,6.944131862089383e-05,0.0,0.0,0.0,0.0,0.0,0.0,1.0
1779285965.2447586,-1.4053642993499008e+17,-0.15529879320134304,3.1415926505279117,2.367079197654787e+18,-6.944131862089327e-05,0.0,0.0,0.0,0.0,0.0,0.0,1.0
1779285965.2549841,-1.4114147548416264e+17,-0.15513116346033012,3.1415926505231218,2.3761245507546097e+18,6.944131862089383e-05,0.0,0.0,0.0,0.0,0.0,0.0,1.0
1779285965.2653277,-1.4159885939743374e+17,-0.15529568911077488,3.1415926505179197,2.3849409558735447e+18,-6.944131862089327e-05,0.0,0.0,0.0,0.0,0.0,0.0,1.0
1779285965.2757747,-1.422933610840955e+17,-0.15497453725982455,3.1415926505132425,2.3944611408381716e+18,6.944131862089383e-05,0.0,0.0,0.0,0.0,0.0,0.0,1.0
1779285965.285959,-1.4276037950121912e+17,-0.15511258521119867,3.141592650508233,2.4032195013338143e+18,-6.944131862089327e-05,0.0,0.0,0.0,0.0,0.0,0.0,1.0
1779285965.2968004,-1.4263435283233216e+17,-0.1565544146193825,3.141592650501413,2.4111259000797266e+18,6.944131862089383e-05,0.0,0.0,0.0,0.0,0.0,0.0,1.0
1779285965.3067245,-1.4387265136671296e+17,-0.15503889473094865,3.1415926504985414,2.4216054161446154e+18,-6.944131862089332e-05,0.0,0.0,0.0,0.0,0.0,0.0,1.0
1779285965.317255,-1.4438345265458288e+17,-0.15513599291714708,3.141592650493493,2.430864314819662e+18,6.944131862089361e-05,0.0,0.0,0.0,0.0,0.0,0.0,1.0
1779285965.3273203,-1.4499441210729488e+17,-0.1549783335089967,3.1415926504890344,2.4399879270337905e+18,-6.944131862089361e-05,0.0,0.0,0.0,0.0,0.0,0.0,1.0
1779285965.3376534,-1.4536533824426973e+17,-0.1553485130148353,3.1415926504838545,2.448788613496088e+18,6.94413186208934e-05,0.0,0.0,0.0,0.0,0.0,0.0,1.0
1779285965.3476655,-1.462477708438728e+17,-0.15463320951012405,3.141592650480142,2.458581417011352e+18,-6.944131862089378e-05,0.0,0.0,0.0,0.0,0.0,0.0,1.0
1779285965.3578446,-1.4667406189647507e+17,-0.1548858952341845,3.141592650475241,2.467437337572987e+18,6.944131862089327e-05,0.0,0.0,0.0,0.0,0.0,0.0,1.0
1779285965.36847,-1.470617787876623e+17,-0.15526189104080787,3.141592650469991,2.4766363158286694e+18,-6.944131862089387e-05,0.0,0.0,0.0,0.0,0.0,0.0,1.0
1779285965.3790321,-1.4746610831985754e+17,-0.15559180248605772,3.1415926504648795,2.485847720233445e+18,6.944131862089325e-05,0.0,0.0,0.0,0.0,0.0,0.0,1.0
1779285965.38953,-1.481105868622811e+17,-0.15542885409107215,3.1415926504604172,2.4956246569489684e+18,-6.944131862089384e-05,0.0,0.0,0.0,0.0,0.0,0.0,1.0
1779285965.4001322,-1.4866737127465203e+17,-0.1554593779106849,3.1415926504557277,2.5052836690440627e+18,6.944131862089326e-05,0.0,0.0,0.0,0.0,0.0,0.0,1.0
1779285965.4102008,-1.4935923409462502e+17,-0.1551703743121075,3.1415926504517167,2.514841778389126e+18,-6.944131862089383e-05,0.0,0.0,0.0,0.0,0.0,0.0,1.0
1779285965.4205077,-1.4976882008028592e+17,-0.1554796965603069,3.1415926504469116,2.523957148292729e+18,6.944131862089327e-05,0.0,0.0,0.0,0.0,0.0,0.0,1.0
1779285965.430864,-1.5025533323022186e+17,-0.15563639465820034,3.141592650442308,2.533324708511006e+18,-6.944131862089383e-05,0.0,0.0,0.0,0.0,0.0,0.0,1.0
1779285965.4412496,-1.509321844526557e+17,-0.15542304592860406,3.141592650438154,2.54323196857203e+18,6.944131862089327e-05,0.0,0.0,0.0,0.0,0.0,0.0,1.0
1779285965.4512744,-1.5175642501522966e+17,-0.15489174539555328,3.141592650434591,2.553192717323884e+18,-6.944131862089383e-05,0.0,0.0,0.0,0.0,0.0,0.0,1.0
1779285965.4613845,-1.5251331093405914e+17,-0.1545184012771154,3.1415926504308196,2.563094485460062e+18,6.944131862089327e-05,0.0,0.0,0.0,0.0,0.0,0.0,1.0
1779285965.4716916,-1.530487210573831e+17,-0.15461144597807275,3.141592650426423,2.572672812212723e+18,-6.944131862089383e-05,0.0,0.0,0.0,0.0,0.0,0.0,1.0
1779285965.4818122,-1.5356262791396032e+17,-0.15472525293173256,3.141592650422133,2.5820493674740925e+18,6.944131862089337e-05,0.0,0.0,0.0,0.0,0.0,0.0,1.0
1779285965.4919183,-1.5423749482852934e+17,-0.15452572983800977,3.1415926504182545,2.5918401414360294e+18,-6.944131862089359e-05,0.0,0.0,0.0,0.0,0.0,0.0,1.0
1779285965.5020556,-1.547713985412954e+17,-0.15460954199308302,3.1415926504140526,2.6013462856008776e+18,6.944131862089364e-05,0.0,0.0,0.0,0.0,0.0,0.0,1.0
1779285965.5124483,-1.5526358961821238e+17,-0.15480182577374474,3.141592650409632,2.6110232553730627e+18,-6.944131862089337e-05,0.0,0.0,0.0,0.0,0.0,0.0,1.0
1779285965.522998,-1.5588673600260464e+17,-0.1547593224714689,3.141592650405453,2.6212059798506783e+18,6.94413186208938e-05,0.0,0.0,0.0,0.0,0.0,0.0,1.0
1779285965.5338082,-1.5624031385636528e+17,-0.15526582893320628,3.1415926504005283,2.631019845067523e+18,-6.944131862089326e-05,0.0,0.0,0.0,0.0,0.0,0.0,1.0
1779285965.5443525,-1.5677070702003018e+17,-0.1553989406204944,3.141592650396234,2.6410387416596e+18,6.944131862089383e-05,0.0,0.0,0.0,0.0,0.0,0.0,1.0
1779285965.5549507,-1.570491467225432e+17,-0.15601281496396707,3.1415926503914005,2.650488685604943e+18,-6.944131862089327e-05,0.0,0.0,0.0,0.0,0.0,0.0,1.0
1779285965.5654614,-1.577657896286949e+17,-0.1557848657254775,3.1415926503876506,2.661000700005669e+18,6.944131862089383e-05,0.0,0.0,0.0,0.0,0.0,0.0,1.0
1779285965.57604,-1.5832796130893885e+17,-0.15586788947026273,3.1415926503835294,2.671237856307416e+18,-6.944131862089327e-05,0.0,0.0,0.0,0.0,0.0,0.0,1.0
1779285965.5867329,-1.5846379332398544e+17,-0.15676488832027025,3.141592650378419,2.6805730923902894e+18,6.944131862089383e-05,0.0,0.0,0.0,0.0,0.0,0.0,1.0
1779285965.5967758,-1.597509858566525e+17,-0.15542801098032605,3.141592650376362,2.692118016989513e+18,-6.944131862089327e-05,0.0,0.0,0.0,0.0,0.0,0.0,1.0
1779285965.6073272,-1.6028027695033507e+17,-0.15559576779673162,3.1415926503722575,2.702347526913958e+18,6.944131862089383e-05,0.0,0.0,0.0,0.0,0.0,0.0,1.0
1779285965.617533,-1.6096374294529875e+17,-0.15544049586362155,3.1415926503687412,2.7126418606072084e+18,-6.944131862089327e-05,0.0,0.0,0.0,0.0,0.0,0.0,1.0
1779285965.6279893,-1.6159217268523264e+17,-0.15542195430136066,3.141592650364977,2.7230846427592003e+18,6.944131862089383e-05,0.0,0.0,0.0,0.0,0.0,0.0,1.0
1779285965.6382651,-1.622001516880582e+17,-0.1554255352732049,3.1415926503613036,2.7333253272181417e+18,-6.944131862089327e-05,0.0,0.0,0.0,0.0,0.0,0.0,1.0
1779285965.648491,-1.625778750166966e+17,-0.1558481621848558,3.1415926503571763,2.7429811893191767e+18,6.944131862089379e-05,0.0,0.0,0.0,0.0,0.0,0.0,1.0
1779285965.6586926,-1.6340346344031626e+17,-0.15544562074390916,3.141592650354104,2.753751126558669e+18,-6.944131862089344e-05,0.0,0.0,0.0,0.0,0.0,0.0,1.0
1779285965.6690505,-1.6411373358306685e+17,-0.155284130694431,3.141592650350697,2.764426177212643e+18,6.944131862089353e-05,0.0,0.0,0.0,0.0,0.0,0.0,1.0
1779285965.6790977,-1.6485886994603834e+17,-0.15503401124928354,3.14159265034756,2.7749063309840927e+18,-6.944131862089367e-05,0.0,0.0,0.0,0.0,0.0,0.0,1.0
1779285965.6893718,-1.6526597922262576e+17,-0.1554267796398735,3.141592650343566,2.7848190984078915e+18,6.944131862089336e-05,0.0,0.0,0.0,0.0,0.0,0.0,1.0
1779285965.69966,-1.6605324661302432e+17,-0.15512819481480922,3.1415926503404688,2.7956794377679227e+18,-6.94413186208938e-05,0.0,0.0,0.0,0.0,0.0,0.0,1.0
1779285965.7097156,-1.6687427544897187e+17,-0.15476257441814445,3.14159265033755,2.806482951596526e+18,6.944131862089326e-05,0.0,0.0,0.0,0.0,0.0,0.0,1.0
1779285965.7201943,-1.6746203665801766e+17,-0.1548678403211532,3.141592650333914,2.817151292015806e+18,-6.944131862089383e-05,0.0,0.0,0.0,0.0,0.0,0.0,1.0
1779285965.7303069,-1.6816377049415814e+17,-0.15473109354505576,3.1415926503307627,2.827753935045985e+18,6.944131862089327e-05,0.0,0.0,0.0,0.0,0.0,0.0,1.0
1779285965.740523,-1.6862244914806557e+17,-0.155041569341056,3.1415926503270466,2.8379014366373504e+18,-6.944131862089383e-05,0.0,0.0,0.0,0.0,0.0,0.0,1.0
1779285965.7509222,-1.6931964153112707e+17,-0.15494705254999402,3.141592650323794,2.8488613519143767e+18,6.944131862089327e-05,0.0,0.0,0.0,0.0,0.0,0.0,1.0
1779285965.7610228,-1.7005923158744218e+17,-0.15475168161009395,3.1415926503208205,2.85964273785405e+18,-6.944131862089383e-05,0.0,0.0,0.0,0.0,0.0,0.0,1.0
1779285965.771441,-1.705372989490331e+17,-0.155056370431183,3.141592650317129,2.87014931792575e+18,6.944131862089327e-05,0.0,0.0,0.0,0.0,0.0,0.0,1.0
1779285965.7818928,-1.7069922819615366e+17,-0.15591166553621805,3.141592650312777,2.8799576470390124e+18,-6.944131862089383e-05,0.0,0.0,0.0,0.0,0.0,0.0,1.0
1779285965.7923381,-1.717087790746128e+17,-0.15527748981043293,3.14159265031034,2.8918741443206467e+18,6.944131862089327e-05,0.0,0.0,0.0,0.0,0.0,0.0,1.0
1779285965.802958,-1.7158642307827674e+17,-0.15664260048336182,3.1415926503053617,2.9012387852071e+18,-6.944131862089383e-05,0.0,0.0,0.0,0.0,0.0,0.0,1.0
1779285965.812748,-1.7328301347491187e+17,-0.15475545443411193,3.1415926503048297,2.9142164098704364e+18,6.944131862089327e-05,0.0,0.0,0.0,0.0,0.0,0.0,1.0
1779285965.8228667,-1.7397878216164826e+17,-0.15467438934571318,3.1415926503019076,2.9251144788065695e+18,-6.944131862089374e-05,0.0,0.0,0.0,0.0,0.0,0.0,1.0
1779285965.83331,-1.7435318563972986e+17,-0.15518309102776967,3.1415926502981524,2.9356124264371246e+18,6.944131862089352e-05,0.0,0.0,0.0,0.0,0.0,0.0,1.0
1779285965.843777,-1.7520973443033002e+17,-0.15486332766087824,3.1415926502954736,2.9473550951970043e+18,-6.944131862089346e-05,0.0,0.0,0.0,0.0,0.0,0.0,1.0
1779285965.8539743,-1.7589462020172874e+17,-0.15481798912600198,3.1415926502925764,2.958418716915775e+18,6.944131862089372e-05,0.0,0.0,0.0,0.0,0.0,0.0,1.0
1779285965.8643785,-1.763056481790888e+17,-0.15526211037279233,3.1415926502890184,2.9690692231748777e+18,-6.944131862089332e-05,0.0,0.0,0.0,0.0,0.0,0.0,1.0
1779285965.8745039,-1.773070312136843e+17,-0.15467450297435348,3.1415926502869045,2.9809029952795223e+18,6.944131862089383e-05,0.0,0.0,0.0,0.0,0.0,0.0,1.0
1779285965.8851223,-1.7764664346441962e+17,-0.15526282808252032,3.1415926502831715,2.9916190405989586e+18,-6.944131862089323e-05,0.0,0.0,0.0,0.0,0.0,0.0,1.0
1779285965.895671,-1.7820546727138387e+17,-0.15547303216030867,3.141592650279966,3.0029084990646774e+18,6.944131862089386e-05,0.0,0.0,0.0,0.0,0.0,0.0,1.0
1779285965.9057925,-1.7930515931583926e+17,-0.15473612514574717,3.1415926502781506,3.0150861360048384e+18,-6.944131862089326e-05,0.0,0.0,0.0,0.0,0.0,0.0,1.0
1779285965.9163613,-1.7979426861553728e+17,-0.15508411825543567,3.141592650274821,3.0262988730936847e+18,6.944131862089383e-05,0.0,0.0,0.0,0.0,0.0,0.0,1.0
1779285965.9268672,-1.802765887568337e+17,-0.15543152062830407,3.141592650271555,3.0374660277745853e+18,-6.944131862089327e-05,0.0,0.0,0.0,0.0,0.0,0.0,1.0
1779285965.9369123,-1.8114415801446397e+17,-0.15509074346328758,3.1415926502693594,3.0491036600454395e+18,6.944131862089383e-05,0.0,0.0,0.0,0.0,0.0,0.0,1.0
1779285965.9472375,-1.8176161015837245e+17,-0.1552032504868877,3.141592650266519,3.0604758964455127e+18,-6.944131862089327e-05,0.0,0.0,0.0,0.0,0.0,0.0,1.0
1779285965.9574378,-1.8250964502932432e+17,-0.15509008129650134,3.141592650264042,3.072065251001368e+18,6.944131862089383e-05,0.0,0.0,0.0,0.0,0.0,0.0,1.0
1779285965.9678414,-1.8320464430416346e+17,-0.1550924678891583,3.14159265026138,3.083792509461119e+18,-6.944131862089327e-05,0.0,0.0,0.0,0.0,0.0,0.0,1.0
1779285965.9784214,-1.8357135035553315e+17,-0.15564988799541912,3.141592650257987,3.0949467275822787e+18,6.944131862089383e-05,0.0,0.0,0.0,0.0,0.0,0.0,1.0
1779285965.9886608,-1.8443909777197843e+17,-0.15535128925082656,3.1415926502558467,3.1069782014432056e+18,-6.944131862089327e-05,0.0,0.0,0.0,0.0,0.0,0.0,1.0
1779285965.9988928,-1.8495685324161072e+17,-0.1556286444212282,3.141592650252992,3.1181893205394074e+18,6.94413186208937e-05,0.0,0.0,0.0,0.0,0.0,0.0,1.0
1779285966.0092735,-1.860387072922721e+17,-0.15501492378144005,3.141592650251276,3.130991759525904e+18,-6.944131862089356e-05,0.0,0.0,0.0,0.0,0.0,0.0,1.0
1779285966.0194976,-1.867373197172698e+17,-0.15501736969109228,3.1415926502488354,3.142710154822286e+18,6.944131862089344e-05,0.0,0.0,0.0,0.0,0.0,0.0,1.0
1779285966.030082,-1.8702606666676893e+17,-0.1557147334844045,3.1415926502454212,3.1538818629090975e+18,-6.944131862089375e-05,0.0,0.0,0.0,0.0,0.0,0.0,1.0
1779285966.0405881,-1.877139714639036e+17,-0.15575698939986088,3.1415926502429237,3.1659800893634125e+18,6.944131862089329e-05,0.0,0.0,0.0,0.0,0.0,0.0,1.0
1779285966.0506494,-1.8881952957194826e+17,-0.15509604834420176,3.1415926502415035,3.1786181108097295e+18,-6.944131862089386e-05,0.0,0.0,0.0,0.0,0.0,0.0,1.0
1779285966.0612986,-1.892415053093821e+17,-0.15559591611340678,3.1415926502384277,3.1903061331157187e+18,6.944131862089326e-05,0.0,0.0,0.0,0.0,0.0,0.0,1.0
1779285966.0717475,-1.9015211420408592e+17,-0.1553004168820282,3.1415926502364826,3.203004162788773e+18,-6.944131862089383e-05,0.0,0.0,0.0,0.0,0.0,0.0,1.0
1779285966.082125,-1.906281472759897e+17,-0.15568824651834595,3.141592650233699,3.214590258876529e+18,6.944131862089327e-05,0.0,0.0,0.0,0.0,0.0,0.0,1.0
1779285966.0923645,-1.9164782827011392e+17,-0.15520908663229355,3.1415926502321216,3.227377603523021e+18,-6.944131862089383e-05,0.0,0.0,0.0,0.0,0.0,0.0,1.0
1779285966.1025217,-1.9228989118501952e+17,-0.15532294213913644,3.1415926502298177,3.239180700668086e+18,6.944131862089327e-05,0.0,0.0,0.0,0.0,0.0,0.0,1.0
1779285966.11301,-1.9307649978565146e+17,-0.15525056014078317,3.141592650227695,3.251775523106595e+18,-6.944131862089383e-05,0.0,0.0,0.0,0.0,0.0,0.0,1.0
1779285966.123356,-1.934373349238865e+17,-0.15582396891537448,3.1415926502248004,3.2631993171690424e+18,6.944131862089327e-05,0.0,0.0,0.0,0.0,0.0,0.0,1.0
1779285966.133492,-1.9455743769332278e+17,-0.15520077755593273,3.141592650223566,3.276272710544774e+18,-6.944131862089383e-05,0.0,0.0,0.0,0.0,0.0,0.0,1.0
1779285966.1436584,-1.9537556188499504e+17,-0.15506236151228892,3.1415926502217077,3.2886796871608177e+18,6.944131862089327e-05,0.0,0.0,0.0,0.0,0.0,0.0,1.0
1779285966.154041,-1.9597382731569782e+17,-0.15528795943991447,3.141592650219346,3.300840012364128e+18,-6.944131862089383e-05,0.0,0.0,0.0,0.0,0.0,0.0,1.0
1779285966.1646047,-1.9659938668851056e+17,-0.15548987758183916,3.141592650217003,3.3133301114966753e+18,6.944131862089332e-05,0.0,0.0,0.0,0.0,0.0,0.0,1.0
1779285966.1751502,-1.9722880455244982e+17,-0.15568377056950078,3.1415926502147116,3.325852547173936e+18,-6.944131862089361e-05,0.0,0.0,0.0,0.0,0.0,0.0,1.0
1779285966.1853423,-1.9819552855758442e+17,-0.15533253316579726,3.141592650213262,3.338811061062366e+18,6.944131862089361e-05,0.0,0.0,0.0,0.0,0.0,0.0,1.0
1779285966.1959033,-1.9880677614340877e+17,-0.15556761846404746,3.1415926502109732,3.3513954310733665e+18,-6.94413186208934e-05,0.0,0.0,0.0,0.0,0.0,0.0,1.0
1779285966.2065244,-1.9955059573514957e+17,-0.155609860008697,3.1415926502089615,3.3644206984958075e+18,6.944131862089378e-05,0.0,0.0,0.0,0.0,0.0,0.0,1.0
1779285966.2166164,-2.0040093145960467e+17,-0.15544059632233853,3.1415926502073894,3.3770926507183544e+18,-6.944131862089327e-05,0.0,0.0,0.0,0.0,0.0,0.0,1.0
1779285966.2269247,-2.0063586766152934e+17,-0.15621438482700112,3.1415926502045455,3.3885683456988406e+18,6.944131862089387e-05,0.0,0.0,0.0,0.0,0.0,0.0,1.0
1779285966.2372382,-2.019810179896483e+17,-0.15533441696198538,3.1415926502039326,3.402804785097193e+18,-6.944131862089325e-05,0.0,0.0,0.0,0.0,0.0,0.0,1.0
1779285966.247298,-2.029204621331794e+17,-0.15505174215454468,3.1415926502026004,3.415772592648482e+18,6.944131862089384e-05,0.0,0.0,0.0,0.0,0.0,0.0,1.0
1779285966.2573776,-2.0382876007143597e+17,-0.15482706814091493,3.1415926502012086,3.428728922233099e+18,-6.944131862089326e-05,0.0,0.0,0.0,0.0,0.0,0.0,1.0
1779285966.267798,-2.041776340543771e+17,-0.15546322071921898,3.1415926501986258,3.4407764051287414e+18,6.944131862089383e-05,0.0,0.0,0.0,0.0,0.0,0.0,1.0
1779285966.2782695,-2.048225181184107e+17,-0.1556608359586875,3.141592650196655,3.4536496087363773e+18,-6.944131862089327e-05,0.0,0.0,0.0,0.0,0.0,0.0,1.0
1779285966.2881641,-2.0631898937526726e+17,-0.1545647724190371,3.1415926501965563,3.4679414510064486e+18,6.944131862089383e-05,0.0,0.0,0.0,0.0,0.0,0.0,1.0
1779285966.298497,-2.0630018188224173e+17,-0.15573235540542088,3.141592650193366,3.4791087226906235e+18,-6.944131862089327e-05,0.0,0.0,0.0,0.0,0.0,0.0,1.0
1779285966.3085918,-2.0765369228138986e+17,-0.15487535777501885,3.1415926501929654,3.493380655116263e+18,6.944131862089383e-05,0.0,0.0,0.0,0.0,0.0,0.0,1.0
1779285966.3187969,-2.0864447449273222e+17,-0.1545760422839089,3.1415926501918143,3.506942169743208e+18,-6.944131862089327e-05,0.0,0.0,0.0,0.0,0.0,0.0,1.0
1779285966.3291671,-2.0930168784944048e+17,-0.15478099335654974,3.141592650189981,3.5199395282974433e+18,6.944131862089383e-05,0.0,0.0,0.0,0.0,0.0,0.0,1.0
1779285966.3397548,-2.0986616195896298e+17,-0.1551392200775397,3.141592650187931,3.5330382207744814e+18,-6.944131862089337e-05,0.0,0.0,0.0,0.0,0.0,0.0,1.0
1779285966.3500118,-2.1083739969552077e+17,-0.1548808507841814,3.141592650186807,3.5467516764941066e+18,6.944131862089359e-05,0.0,0.0,0.0,0.0,0.0,0.0,1.0
1779285966.3602235,-2.1157321269724134e+17,-0.15496009757839038,3.141592650185265,3.5598717187901327e+18,-6.944131862089364e-05,0.0,0.0,0.0,0.0,0.0,0.0,1.0
1779285966.37042,-2.123335928362359e+17,-0.15500448766641287,3.141592650183801,3.5730745966008315e+18,6.944131862089337e-05,0.0,0.0,0.0,0.0,0.0,0.0,1.0
1779285966.3809211,-2.1319937604467453e+17,-0.1549369449871252,3.14159265018246,3.5869776694006364e+18,-6.94413186208938e-05,0.0,0.0,0.0,0.0,0.0,0.0,1.0
1779285966.3913636,-2.133699777299016e+17,-0.1558310009645043,3.1415926501798825,3.5990557660282214e+18,6.944131862089326e-05,0.0,0.0,0.0,0.0,0.0,0.0,1.0
1779285966.4013603,-2.1483079002326074e+17,-0.15487344425561106,3.141592650179901,3.6138403836659584e+18,-6.944131862089383e-05,0.0,0.0,0.0,0.0,0.0,0.0,1.0
1779285966.4115777,-2.1592439797904845e+17,-0.1544774755610036,3.14159265017914,3.628057291579866e+18,6.944131862089327e-05,0.0,0.0,0.0,0.0,0.0,0.0,1.0
1779285966.4218514,-2.1646931164087866e+17,-0.15485658917277617,3.1415926501773495,3.641038221879722e+18,-6.944131862089383e-05,0.0,0.0,0.0,0.0,0.0,0.0,1.0
1779285966.431848,-2.1758685264177536e+17,-0.15441350660904896,3.141592650176742,3.6551127365287316e+18,6.944131862089327e-05,0.0,0.0,0.0,0.0,0.0,0.0,1.0
1779285966.4423168,-2.1813171164795405e+17,-0.15481925869591745,3.1415926501749336,3.668450858536578e+18,-6.944131862089383e-05,0.0,0.0,0.0,0.0,0.0,0.0,1.0
1779285966.4528818,-2.1859059317772483e+17,-0.155346175185383,3.1415926501729805,3.681765288024922e+18,6.944131862089327e-05,0.0,0.0,0.0,0.0,0.0,0.0,1.0
1779285966.463058,-2.1982286799482778e+17,-0.15477138884806116,3.1415926501726164,3.6964879283476096e+18,-6.944131862089383e-05,0.0,0.0,0.0,0.0,0.0,0.0,1.0
1779285966.4738405,-2.1968190636761107e+17,-0.1561399438875127,3.141592650169553,3.708718181867279e+18,6.944131862089327e-05,0.0,0.0,0.0,0.0,0.0,0.0,1.0
1779285966.4841976,-2.2128351378172826e+17,-0.155083565791024,3.141592650169888,3.724689496423994e+18,-6.944131862089383e-05,0.0,0.0,0.0,0.0,0.0,0.0,1.0
1779285966.4945996,-2.2178421750083827e+17,-0.1555445194428306,3.141592650168179,3.738064244732718e+18,6.944131862089327e-05,0.0,0.0,0.0,0.0,0.0,0.0,1.0
1779285966.504633,-2.2302767515521178e+17,-0.15496424593410305,3.1415926501679685,3.7527940855597404e+18,-6.944131862089379e-05,0.0,0.0,0.0,0.0,0.0,0.0,1.0
1779285966.5151913,-2.2250583542557805e+17,-0.15680554559280327,3.14159265016443,3.763882559249674e+18,6.944131862089344e-05,0.0,0.0,0.0,0.0,0.0,0.0,1.0
1779285966.5249972,-2.2505180891603414e+17,-0.15445660846273496,3.141592650166725,3.7815819693128596e+18,-6.944131862089353e-05,0.0,0.0,0.0,0.0,0.0,0.0,1.0
1779285966.5356922,-2.2580196059118547e+17,-0.15464725144205171,3.1415926501654443,3.7961606756940237e+18,6.944131862089367e-05,0.0,0.0,0.0,0.0,0.0,0.0,1.0
1779285966.5462966,-2.2641177362914253e+17,-0.15501102329510563,3.1415926501639735,3.810317975292401e+18,-6.944131862089336e-05,0.0,0.0,0.0,0.0,0.0,0.0,1.0
1779285966.556626,-2.271435276614379e+17,-0.1551782577343748,3.14159265016284,3.824429422436578e+18,6.94413186208938e-05,0.0,0.0,0.0,0.0,0.0,0.0,1.0
1779285966.5668502,-2.277119632567815e+17,-0.1555475158120858,3.141592650161476,3.8380464230464655e+18,-6.944131862089326e-05,0.0,0.0,0.0,0.0,0.0,0.0,1.0
1779285966.5773108,-2.2892132962303968e+17,-0.1551018436575025,3.141592650161223,3.853612202197719e+18,6.944131862089383e-05,0.0,0.0,0.0,0.0,0.0,0.0,1.0
1779285966.5876348,-2.29697821201699e+17,-0.155220376882762,3.1415926501602414,3.867972111670989e+18,-6.944131862089327e-05,0.0,0.0,0.0,0.0,0.0,0.0,1.0
1779285966.598111,-2.30565307536628e+17,-0.15523867936005997,3.1415926501594083,3.882818481163323e+18,6.944131862089383e-05,0.0,0.0,0.0,0.0,0.0,0.0,1.0
1779285966.6087565,-2.3106434214579814e+17,-0.15575447858441369,3.1415926501579063,3.8970593985420544e+18,-6.944131862089327e-05,0.0,0.0,0.0,0.0,0.0,0.0,1.0
1779285966.6190403,-2.3210141261792483e+17,-0.15553215279375554,3.14159265015749,3.9121425951515023e+18,6.944131862089383e-05,0.0,0.0,0.0,0.0,0.0,0.0,1.0
1779285966.6293821,-2.326853170115834e+17,-0.15590652181992393,3.1415926501562765,3.926250292340387e+18,-6.944131862089327e-05,0.0,0.0,0.0,0.0,0.0,0.0,1.0
1779285966.639313,-2.3427948697171504e+17,-0.15494514843461452,3.141592650156964,3.942287522017081e+18,6.944131862089383e-05,0.0,0.0,0.0,0.0,0.0,0.0,1.0
1779285966.649692,-2.3515060007769754e+17,-0.1549782859907612,3.141592650156256,3.957241703894346e+18,-6.944131862089327e-05,0.0,0.0,0.0,0.0,0.0,0.0,1.0
1779285966.659776,-2.3602796339704013e+17,-0.15497401260258598,3.141592650155655,3.971835375747905e+18,6.944131862089383e-05,0.0,0.0,0.0,0.0,0.0,0.0,1.0
1779285966.6699958,-2.3681339872762906e+17,-0.15510263514810196,3.141592650154883,3.986440076857347e+18,-6.944131862089327e-05,0.0,0.0,0.0,0.0,0.0,0.0,1.0
1779285966.68047,-2.378603720350674e+17,-0.15492755155484253,3.141592650154533,4.002059932678322e+18,6.944131862089374e-05,0.0,0.0,0.0,0.0,0.0,0.0,1.0
1779285966.6907468,-2.3823715625042515e+17,-0.15558109906884876,3.141592650153087,4.015851759965836e+18,-6.944131862089352e-05,0.0,0.0,0.0,0.0,0.0,0.0,1.0
1779285966.701008,-2.3909485840889542e+17,-0.1556203627780966,3.1415926501525195,4.0308385411691505e+18,6.944131862089346e-05,0.0,0.0,0.0,0.0,0.0,0.0,1.0
1779285966.71112,-2.4072743482624928e+17,-0.1546865429795622,3.141592650153328,4.0475529399331236e+18,-6.944131862089372e-05,0.0,0.0,0.0,0.0,0.0,0.0,1.0
1779285966.7213466,-2.41440798848915e+17,-0.15492255966243057,3.1415926501525373,4.062140202706074e+18,6.944131862089332e-05,0.0,0.0,0.0,0.0,0.0,0.0,1.0
1779285966.731803,-2.4255853806181386e+17,-0.15469666417341427,3.141592650152379,4.078302696012224e+18,-6.944131862089383e-05,0.0,0.0,0.0,0.0,0.0,0.0,1.0
1779285966.742156,-2.4342866960209814e+17,-0.15476659782308522,3.1415926501518516,4.0936623602754883e+18,6.944131862089323e-05,0.0,0.0,0.0,0.0,0.0,0.0,1.0
1779285966.7525277,-2.441114725770414e+17,-0.15506828935445122,3.141592650151031,4.108634256859139e+18,-6.944131862089386e-05,0.0,0.0,0.0,0.0,0.0,0.0,1.0
1779285966.7631733,-2.4478468016365184e+17,-0.15540657979876998,3.141592650150171,4.1240399001777377e+18,6.944131862089326e-05,0.0,0.0,0.0,0.0,0.0,0.0,1.0
1779285966.773622,-2.4589593362822342e+17,-0.1551896960641247,3.1415926501501232,4.140284732632091e+18,-6.944131862089383e-05,0.0,0.0,0.0,0.0,0.0,0.0,1.0
1779285966.7836924,-2.4692897460127683e+17,-0.15503790788659208,3.1415926501500326,4.155824141435849e+18,6.944131862089327e-05,0.0,0.0,0.0,0.0,0.0,0.0,1.0
1779285966.793925,-2.4777176188639654e+17,-0.15513971991921488,3.1415926501496045,4.17118665450088e+18,-6.944131862089383e-05,0.0,0.0,0.0,0.0,0.0,0.0,1.0
1779285966.8041713,-2.4863241091947885e+17,-0.1552224569942554,3.141592650149229,4.1866596912535306e+18,6.944131862089327e-05,0.0,0.0,0.0,0.0,0.0,0.0,1.0
1779285966.8147008,-2.4957792996032214e+17,-0.15523681951765814,3.141592650148958,4.202831661407265e+18,-6.944131862089383e-05,0.0,0.0,0.0,0.0,0.0,0.0,1.0
1779285966.8250246,-2.497836534518229e+17,-0.15611244672450508,3.1415926501475377,4.2169087214457656e+18,6.944131862089327e-05,0.0,0.0,0.0,0.0,0.0,0.0,1.0
1779285966.835388,-2.5158754330787318e+17,-0.15507781120240066,3.141592650148792,4.234988162092791e+18,-6.944131862089383e-05,0.0,0.0,0.0,0.0,0.0,0.0,1.0
1779285966.8456256,-2.5240631568154733e+17,-0.15523280134772857,3.141592650148419,4.250600783834199e+18,6.944131862089327e-05,0.0,0.0,0.0,0.0,0.0,0.0,1.0
1779285966.855766,-2.5350982573446275e+17,-0.1550384284147374,3.14159265014856,4.266760563394732e+18,-6.94413186208937e-05,0.0,0.0,0.0,0.0,0.0,0.0,1.0
1779285966.8658288,-2.5474711554107635e+17,-0.15468753414296255,3.14159265014894,4.2831777006861097e+18,6.944131862089356e-05,0.0,0.0,0.0,0.0,0.0,0.0,1.0
1779285966.8761296,-2.5530673645863686e+17,-0.15516534787979286,3.1415926501481852,4.298351603798363e+18,-6.944131862089344e-05,0.0,0.0,0.0,0.0,0.0,0.0,1.0
1779285966.8863478,-2.5647392073657024e+17,-0.15491891479271364,3.1415926501484623,4.3149447823075436e+18,6.944131862089375e-05,0.0,0.0,0.0,0.0,0.0,0.0,1.0
1779285966.8964818,-2.5732175432221565e+17,-0.1550435686067282,3.141592650148251,4.330672050845598e+18,-6.944131862089329e-05,0.0,0.0,0.0,0.0,0.0,0.0,1.0
1779285966.9065676,-2.5855925031918534e+17,-0.15471283149470824,3.141592650148695,4.3473220646941297e+18,6.944131862089386e-05,0.0,0.0,0.0,0.0,0.0,0.0,1.0
1779285966.9168649,-2.5938076609499523e+17,-0.15489582179822642,3.1415926501484392,4.363343725616999e+18,-6.944131862089326e-05,0.0,0.0,0.0,0.0,0.0,0.0,1.0
1779285966.9270613,-2.6063688627073466e+17,-0.15456864840716172,3.1415926501489198,4.380322520513306e+18,6.944131862089383e-05,0.0,0.0,0.0,0.0,0.0,0.0,1.0
1779285966.9374502,-2.6139098739101843e+17,-0.1548472157135032,3.141592650148576,4.3964263307716055e+18,-6.944131862089327e-05,0.0,0.0,0.0,0.0,0.0,0.0,1.0
1779285966.9478743,-2.6215644027756448e+17,-0.15511402750992884,3.141592650148275,4.412685036912771e+18,6.944131862089383e-05,0.0,0.0,0.0,0.0,0.0,0.0,1.0
1779285966.9581943,-2.6334136344367286e+17,-0.1548908183810022,3.1415926501486844,4.4298435800724547e+18,-6.944131862089327e-05,0.0,0.0,0.0,0.0,0.0,0.0,1.0
1779285966.968935,-2.6354280562494182e+17,-0.15583388487230815,3.1415926501474924,4.445334598712446e+18,6.944131862089383e-05,0.0,0.0,0.0,0.0,0.0,0.0,1.0
1779285966.9789052,-2.6518996259597536e+17,-0.15504964984534567,3.1415926501487457,4.463178072576996e+18,-6.944131862089327e-05,0.0,0.0,0.0,0.0,0.0,0.0,1.0
1779285966.989393,-2.658532995448524e+17,-0.15544836173412196,3.1415926501483664,4.4795024282550164e+18,6.944131862089383e-05,0.0,0.0,0.0,0.0,0.0,0.0,1.0
1779285966.9999194,-2.666626902937803e+17,-0.1556818044535296,3.1415926501482474,4.496294146814001e+18,-6.944131862089327e-05,0.0,0.0,0.0,0.0,0.0,0.0,1.0
1779285967.0108287,-2.6612108783961888e+17,-0.1574551965969378,3.1415926501460154,4.5104212898807987e+18,6.944131862089383e-05,0.0,0.0,0.0,0.0,0.0,0.0,1.0
1779285967.0207562,-2.6942190359709376e+17,-0.15483129017712616,3.141592650149951,4.532452894614563e+18,-6.944131862089332e-05,0.0,0.0,0.0,0.0,0.0,0.0,1.0
1779285967.0308409,-2.705978551402361e+17,-0.15464437465456216,3.141592650150489,4.549576376528917e+18,6.944131862089361e-05,0.0,0.0,0.0,0.0,0.0,0.0,1.0
1779285967.0409784,-2.715902411967493e+17,-0.1546720927311036,3.141592650150745,4.56639553395103e+18,-6.944131862089361e-05,0.0,0.0,0.0,0.0,0.0,0.0,1.0
1779285967.0515625,-2.721894630635109e+17,-0.15518094594721915,3.141592650150356,4.5830570198725775e+18,6.94413186208934e-05,0.0,0.0,0.0,0.0,0.0,0.0,1.0
1779285967.0617838,-2.734979601856581e+17,-0.15486707832737984,3.1415926501511375,4.6009087546974807e+18,-6.944131862089378e-05,0.0,0.0,0.0,0.0,0.0,0.0,1.0
1779285967.0722468,-2.7463999195096902e+17,-0.15477248572965144,3.141592650151636,4.618816298628006e+18,6.944131862089327e-05,0.0,0.0,0.0,0.0,0.0,0.0,1.0
1779285967.082578,-2.7543174553903514e+17,-0.15504821704049102,3.1415926501516385,4.635688434004259e+18,-6.944131862089387e-05,0.0,0.0,0.0,0.0,0.0,0.0,1.0
1779285967.0931702,-2.7573757694022838e+17,-0.15587321438734095,3.1415926501509066,4.65188273917401e+18,6.944131862089325e-05,0.0,0.0,0.0,0.0,0.0,0.0,1.0
1779285967.1032627,-2.772512309203451e+17,-0.15533004150081925,3.1415926501521048,4.670246914717999e+18,-6.944131862089384e-05,0.0,0.0,0.0,0.0,0.0,0.0,1.0
1779285967.1137002,-2.78560320424387e+17,-0.15506229269804922,3.141592650152944,4.688754412983723e+18,6.944131862089326e-05,0.0,0.0,0.0,0.0,0.0,0.0,1.0
1779285967.1239455,-2.7970262461015968e+17,-0.1549632725511731,3.1415926501535623,4.706578734199948e+18,-6.944131862089383e-05,0.0,0.0,0.0,0.0,0.0,0.0,1.0
1779285967.1344023,-2.796977532657522e+17,-0.15611196928579216,3.14159265015247,4.722013854210633e+18,6.944131862089327e-05,0.0,0.0,0.0,0.0,0.0,0.0,1.0
1779285967.1444778,-2.81885434366064e+17,-0.15487275102995254,3.1415926501547293,4.742214949595043e+18,-6.944131862089383e-05,0.0,0.0,0.0,0.0,0.0,0.0,1.0
1779285967.154832,-2.828033834511355e+17,-0.1550404523381272,3.1415926501550455,4.759845507316224e+18,6.944131862089327e-05,0.0,0.0,0.0,0.0,0.0,0.0,1.0
1779285967.1652746,-2.8374890468442304e+17,-0.1551880750170277,3.141592650155416,4.777760754921292e+18,-6.944131862089383e-05,0.0,0.0,0.0,0.0,0.0,0.0,1.0
1779285967.175476,-2.8478899814161414e+17,-0.1552106224022536,3.1415926501559754,4.795541942167608e+18,6.944131862089327e-05,0.0,0.0,0.0,0.0,0.0,0.0,1.0
1779285967.1859822,-2.8579293342535622e+17,-0.1553043392092699,3.1415926501564684,4.813782467802295e+18,-6.944131862089383e-05,0.0,0.0,0.0,0.0,0.0,0.0,1.0
1779285967.1961024,-2.870368584113303e+17,-0.15511473320930116,3.141592650157367,4.832079537467544e+18,6.944131862089337e-05,0.0,0.0,0.0,0.0,0.0,0.0,1.0
1779285967.2066493,-2.8774996520739008e+17,-0.15552700984227985,3.141592650157463,4.849849441484543e+18,-6.944131862089359e-05,0.0,0.0,0.0,0.0,0.0,0.0,1.0
1779285967.2171507,-2.889703825230485e+17,-0.15540555018501007,3.14159265015833,4.868848436484018e+18,6.944131862089364e-05,0.0,0.0,0.0,0.0,0.0,0.0,1.0
1779285967.227703,-2.898722963414315e+17,-0.15562507551609414,3.1415926501587466,4.887214380708402e+18,-6.944131862089337e-05,0.0,0.0,0.0,0.0,0.0,0.0,1.0
1779285967.237857,-2.912190370746219e+17,-0.1553391104466777,3.14159265015987,4.905903893123725e+18,6.94413186208938e-05,0.0,0.0,0.0,0.0,0.0,0.0,1.0
1779285967.2484019,-2.9236555531370266e+17,-0.1553176779891729,3.141592650160666,4.924967858629261e+18,-6.944131862089326e-05,0.0,0.0,0.0,0.0,0.0,0.0,1.0
1779285967.2591803,-2.928456232452136e+17,-0.15600385470122569,3.1415926501605123,4.942891012435815e+18,6.944131862089383e-05,0.0,0.0,0.0,0.0,0.0,0.0,1.0
1779285967.2695386,-2.9447760521470426e+17,-0.1554672258860118,3.1415926501620737,4.962940175995837e+18,-6.944131862089327e-05,0.0,0.0,0.0,0.0,0.0,0.0,1.0
1779285967.2799287,-2.948437665052542e+17,-0.15622862438496932,3.1415926501618383,4.980000046056856e+18,6.944131862089383e-05,0.0,0.0,0.0,0.0,0.0,0.0,1.0
1779285967.2903683,-2.964077648211184e+17,-0.1557777182403151,3.1415926501633322,5.000151744254689e+18,-6.944131862089327e-05,0.0,0.0,0.0,0.0,0.0,0.0,1.0
1779285967.3006854,-2.976475044074465e+17,-0.15565571861409971,3.1415926501643767,5.019340347609456e+18,6.944131862089383e-05,0.0,0.0,0.0,0.0,0.0,0.0,1.0
1779285967.3108518,-2.9900535578922624e+17,-0.15540758837583496,3.141592650165604,5.038604203849338e+18,-6.944131862089327e-05,0.0,0.0,0.0,0.0,0.0,0.0,1.0
1779285967.3212912,-3.001315759117454e+17,-0.15542925098159557,3.1415926501664924,5.057865455334757e+18,6.944131862089383e-05,0.0,0.0,0.0,0.0,0.0,0.0,1.0
1779285967.331657,-3.011526505197325e+17,-0.15555028846380398,3.141592650167256,5.07679426455831e+18,-6.944131862089327e-05,0.0,0.0,0.0,0.0,0.0,0.0,1.0
1779285967.341812,-3.024278254162371e+17,-0.1553983260375635,3.1415926501684064,5.096004649006369e+18,6.944131862089383e-05,0.0,0.0,0.0,0.0,0.0,0.0,1.0
1779285967.3522925,-3.0396260236871846e+17,-0.15503518226538698,3.141592650169896,5.116529534775799e+18,-6.944131862089327e-05,0.0,0.0,0.0,0.0,0.0,0.0,1.0
1779285967.3629484,-3.042611194727202e+17,-0.1559128957762899,3.1415926501696827,5.134414574656043e+18,6.944131862089379e-05,0.0,0.0,0.0,0.0,0.0,0.0,1.0
1779285967.3731065,-3.0583116808454e+17,-0.15548024156423734,3.1415926501712885,5.154552290402374e+18,-6.944131862089344e-05,0.0,0.0,0.0,0.0,0.0,0.0,1.0
1779285967.3832524,-3.0735298946862464e+17,-0.15510876017282477,3.1415926501728233,5.174609054343602e+18,6.944131862089353e-05,0.0,0.0,0.0,0.0,0.0,0.0,1.0
1779285967.3934357,-3.0879039241126675e+17,-0.15483543193785976,3.141592650174238,5.194580181705742e+18,-6.944131862089367e-05,0.0,0.0,0.0,0.0,0.0,0.0,1.0
1779285967.403843,-3.0943691755026835e+17,-0.15535784956384055,3.1415926501745766,5.213103539288062e+18,6.944131862089336e-05,0.0,0.0,0.0,0.0,0.0,0.0,1.0
1779285967.4141736,-3.099847569735941e+17,-0.1559559249353133,3.1415926501748253,5.231301805757889e+18,-6.94413186208938e-05,0.0,0.0,0.0,0.0,0.0,0.0,1.0
1779285967.4240496,-3.123045912942892e+17,-0.15480082897346062,3.1415926501775076,5.253041328043703e+18,6.944131862089326e-05,0.0,0.0,0.0,0.0,0.0,0.0,1.0
1779285967.4345233,-3.1279393608000435e+17,-0.15548264848978574,3.1415926501776834,5.271426681596901e+18,-6.944131862089383e-05,0.0,0.0,0.0,0.0,0.0,0.0,1.0
1779285967.4450932,-3.142016643617503e+17,-0.15529012415529614,3.141592650179118,5.292329785684867e+18,6.944131862089327e-05,0.0,0.0,0.0,0.0,0.0,0.0,1.0
1779285967.45552,-3.1565466662927795e+17,-0.15505277051955133,3.1415926501806233,5.313194937804416e+18,-6.944131862089383e-05,0.0,0.0,0.0,0.0,0.0,0.0,1.0
1779285967.4661822,-3.159615800679606e+17,-0.1559300402634361,3.1415926501806126,5.331776668651477e+18,6.944131862089327e-05,0.0,0.0,0.0,0.0,0.0,0.0,1.0
1779285967.4761064,-3.185533493212937e+17,-0.15456713129060512,3.141592650183684,5.354584304966731e+18,-6.944131862089383e-05,0.0,0.0,0.0,0.0,0.0,0.0,1.0
1779285967.4866176,-3.194384478916522e+17,-0.15490145726284216,3.1415926501844513,5.374417731651589e+18,6.944131862089327e-05,0.0,0.0,0.0,0.0,0.0,0.0,1.0
1779285967.4968302,-3.205357419356534e+17,-0.15499954753758077,3.1415926501855376,5.394246304907827e+18,-6.944131862089383e-05,0.0,0.0,0.0,0.0,0.0,0.0,1.0
1779285967.5073822,-3.215742789609381e+17,-0.1551903407938843,3.1415926501865528,5.414682128892046e+18,6.944131862089327e-05,0.0,0.0,0.0,0.0,0.0,0.0,1.0
1779285967.517952,-3.2258724738399565e+17,-0.15540574866867882,3.1415926501875564,5.435155547573507e+18,-6.944131862089383e-05,0.0,0.0,0.0,0.0,0.0,0.0,1.0
1779285967.5287368,-3.2295317878220486e+17,-0.15623471330129676,3.1415926501877482,5.454469619396537e+18,6.944131862089327e-05,0.0,0.0,0.0,0.0,0.0,0.0,1.0
1779285967.5389857,-3.241267114090104e+17,-0.1562578018201603,3.1415926501890414,5.474901989771587e+18,-6.944131862089374e-05,0.0,0.0,0.0,0.0,0.0,0.0,1.0
1779285967.5490296,-3.265596738218017e+17,-0.15511080934445884,3.141592650191961,5.498006141136946e+18,6.944131862089352e-05,0.0,0.0,0.0,0.0,0.0,0.0,1.0
1779285967.559741,-3.2685600087562074e+17,-0.15601055094163946,3.1415926501921074,5.517213097404724e+18,-6.944131862089346e-05,0.0,0.0,0.0,0.0,0.0,0.0,1.0
1779285967.569721,-3.2925831413562816e+17,-0.15490777139920422,3.1415926501949913,5.540242823992752e+18,6.944131862089372e-05,0.0,0.0,0.0,0.0,0.0,0.0,1.0
1779285967.5798638,-3.306594756106618e+17,-0.15475097860393744,3.1415926501965714,5.56106541412563e+18,-6.944131862089332e-05,0.0,0.0,0.0,0.0,0.0,0.0,1.0
1779285967.5905845,-3.3064422196233376e+17,-0.1559457877930085,3.1415926501963645,5.579822834333144e+18,6.944131862089383e-05,0.0,0.0,0.0,0.0,0.0,0.0,1.0
1779285967.6007764,-3.330539220592497e+17,-0.15488532214655046,3.1415926501992697,5.603546523592406e+18,-6.944131862089323e-05,0.0,0.0,0.0,0.0,0.0,0.0,1.0
1779285967.6118054,-3.334243506372661e+17,-0.15576649506259072,3.141592650199584,5.624025393097386e+18,6.944131862089386e-05,0.0,0.0,0.0,0.0,0.0,0.0,1.0
1779285967.621828,-3.352280402063478e+17,-0.15524594946561443,3.141592650201746,5.646004047773444e+18,-6.944131862089326e-05,0.0,0.0,0.0,0.0,0.0,0.0,1.0
1779285967.631909,-3.369533460092962e+17,-0.15481849247743668,3.1415926502037976,5.667975600643156e+18,6.944131862089383e-05,0.0,0.0,0.0,0.0,0.0,0.0,1.0
1779285967.6425161,-3.376425095148169e+17,-0.15537691048625737,3.1415926502045597,5.688573352644868e+18,-6.944131862089327e-05,0.0,0.0,0.0,0.0,0.0,0.0,1.0
1779285967.6530583,-3.3872764071216134e+17,-0.1555692611506313,3.1415926502058484,5.71007668694818e+18,6.944131862089383e-05,0.0,0.0,0.0,0.0,0.0,0.0,1.0
1779285967.6634753,-3.3987849184159046e+17,-0.1556901828678782,3.1415926502072393,5.731546628327956e+18,-6.944131862089327e-05,0.0,0.0,0.0,0.0,0.0,0.0,1.0
1779285967.673981,-3.412133342996435e+17,-0.155662333561491,3.141592650208872,5.75373383964638e+18,6.944131862089383e-05,0.0,0.0,0.0,0.0,0.0,0.0,1.0
1779285967.6842792,-3.4230851383172e+17,-0.1558261814363775,3.1415926502102245,5.774961957318233e+18,-6.944131862089327e-05,0.0,0.0,0.0,0.0,0.0,0.0,1.0
1779285967.6949296,-3.428932946986058e+17,-0.15647040817309082,3.141592650210981,5.795763201167655e+18,6.944131862089383e-05,0.0,0.0,0.0,0.0,0.0,0.0,1.0
1779285967.705011,-3.453810238879886e+17,-0.15540097730553581,3.141592650214065,5.820081076076951e+18,-6.944131862089327e-05,0.0,0.0,0.0,0.0,0.0,0.0,1.0
1779285967.7152538,-3.4675281253828294e+17,-0.15534079062731923,3.1415926502157747,5.842074012740289e+18,6.94413186208937e-05,0.0,0.0,0.0,0.0,0.0,0.0,1.0
1779285967.7253892,-3.482704690899113e+17,-0.15514874003164378,3.1415926502176656,5.864260127045686e+18,-6.944131862089356e-05,0.0,0.0,0.0,0.0,0.0,0.0,1.0
1779285967.7354527,-3.4973877438491366e+17,-0.1549986060828538,3.141592650219499,5.886235814966559e+18,6.944131862089344e-05,0.0,0.0,0.0,0.0,0.0,0.0,1.0
1779285967.7458532,-3.5100035879844934e+17,-0.15506810310231633,3.141592650221096,5.908514661247995e+18,-6.944131862089375e-05,0.0,0.0,0.0,0.0,0.0,0.0,1.0
1779285967.7562563,-3.520583550990713e+17,-0.15531158605682738,3.141592650222467,5.93037217522775e+18,6.944131862089329e-05,0.0,0.0,0.0,0.0,0.0,0.0,1.0
1779285967.7668517,-3.533569362385405e+17,-0.15537024500915897,3.1415926502241476,5.953310018854855e+18,-6.944131862089386e-05,0.0,0.0,0.0,0.0,0.0,0.0,1.0
1779285967.7774198,-3.541031893657103e+17,-0.15589314987655853,3.1415926502251956,5.974911592883838e+18,6.944131862089326e-05,0.0,0.0,0.0,0.0,0.0,0.0,1.0
1779285967.7877138,-3.5583666888708614e+17,-0.1555513552405106,3.141592650227423,5.998400796692817e+18,-6.944131862089383e-05,0.0,0.0,0.0,0.0,0.0,0.0,1.0
1779285967.798206,-3.573493153761929e+17,-0.15542925500505073,3.141592650229395,6.021860396120653e+18,6.944131862089327e-05,0.0,0.0,0.0,0.0,0.0,0.0,1.0
1779285967.8088086,-3.581306603248778e+17,-0.15593461477249826,3.14159265023053,6.04385304009926e+18,-6.944131862089383e-05,0.0,0.0,0.0,0.0,0.0,0.0,1.0
1779285967.8188083,-3.601020564880356e+17,-0.15538211978144886,3.1415926502330525,6.067501709151157e+18,6.944131862089327e-05,0.0,0.0,0.0,0.0,0.0,0.0,1.0
1779285967.8292403,-3.6087087113304634e+17,-0.1558853734184712,3.1415926502341938,6.089225727053785e+18,-6.944131862089383e-05,0.0,0.0,0.0,0.0,0.0,0.0,1.0
1779285967.8391886,-3.6321233683608006e+17,-0.15503649285283905,3.1415926502371487,6.11380349600244e+18,6.944131862089327e-05,0.0,0.0,0.0,0.0,0.0,0.0,1.0
1779285967.8494942,-3.643153004966968e+17,-0.1552649141118163,3.141592650238678,6.136218353198525e+18,-6.944131862089383e-05,0.0,0.0,0.0,0.0,0.0,0.0,1.0
1779285967.859582,-3.662024788766598e+17,-0.15482746405249434,3.141592650241109,6.160132372930853e+18,6.944131862089327e-05,0.0,0.0,0.0,0.0,0.0,0.0,1.0
1779285967.8697178,-3.675456589184412e+17,-0.15485114344927384,3.1415926502429183,6.182894921335619e+18,-6.944131862089383e-05,0.0,0.0,0.0,0.0,0.0,0.0,1.0
1779285967.8801584,-3.6858544268111795e+17,-0.155155479800788,3.1415926502444087,6.205681348979311e+18,6.944131862089332e-05,0.0,0.0,0.0,0.0,0.0,0.0,1.0
1779285967.8901992,-3.703045665062379e+17,-0.15486458358378563,3.1415926502466682,6.229301604235309e+18,-6.944131862089361e-05,0.0,0.0,0.0,0.0,0.0,0.0,1.0
1779285967.9004407,-3.717017256516694e+17,-0.15486374607552386,3.1415926502485743,6.252643876603256e+18,6.944131862089361e-05,0.0,0.0,0.0,0.0,0.0,0.0,1.0
1779285967.9106944,-3.723626314251192e+17,-0.155457014903153,3.141592650249674,6.274305633417491e+18,-6.94413186208934e-05,0.0,0.0,0.0,0.0,0.0,0.0,1.0
1779285967.9206195,-3.750663083562615e+17,-0.15437488861330773,3.1415926502530525,6.300283593897455e+18,6.944131862089378e-05,0.0,0.0,0.0,0.0,0.0,0.0,1.0
1779285967.9308114,-3.761147921911828e+17,-0.15466737317144233,3.141592650254583,6.322899081158994e+18,-6.944131862089327e-05,0.0,0.0,0.0,0.0,0.0,0.0,1.0
1779285967.9410343,-3.7754275210593594e+17,-0.1546578774535957,3.1415926502565537,6.346590044928056e+18,6.944131862089387e-05,0.0,0.0,0.0,0.0,0.0,0.0,1.0
1779285967.9512463,-3.790420360190684e+17,-0.154594580190953,3.1415926502586107,6.370509546010579e+18,-6.944131862089325e-05,0.0,0.0,0.0,0.0,0.0,0.0,1.0
1779285967.9616446,-3.802235523205919e+17,-0.1548055780013352,3.141592650260339,6.394155002897558e+18,6.944131862089384e-05,0.0,0.0,0.0,0.0,0.0,0.0,1.0
1779285967.9719121,-3.8082478230935085e+17,-0.15545274571047338,3.141592650261452,6.416119269730526e+18,-6.944131862089326e-05,0.0,0.0,0.0,0.0,0.0,0.0,1.0
1779285967.9818537,-3.8347590807071814e+17,-0.1544573529307861,3.141592650264797,6.442468567657757e+18,6.944131862089383e-05,0.0,0.0,0.0,0.0,0.0,0.0,1.0
1779285967.9921072,-3.8487066065144557e+17,-0.1545003732758988,3.141592650266775,6.466533651422902e+18,-6.944131862089327e-05,0.0,0.0,0.0,0.0,0.0,0.0,1.0
1779285968.002343,-3.860287034696036e+17,-0.1547260136035679,3.1415926502685094,6.490046633262828e+18,6.944131862089383e-05,0.0,0.0,0.0,0.0,0.0,0.0,1.0
1779285968.0123692,-3.877655456909533e+17,-0.15448076911474473,3.1415926502708684,6.51456572959657e+18,-6.944131862089327e-05,0.0,0.0,0.0,0.0,0.0,0.0,1.0
1779285968.0229075,-3.890445901572218e+17,-0.15465231049339023,3.14159265027277,6.539260912256909e+18,6.944131862089383e-05,0.0,0.0,0.0,0.0,0.0,0.0,1.0
1779285968.0337787,-3.891056827326511e+17,-0.15578836849914673,3.1415926502734237,6.56180171795902e+18,-6.944131862089327e-05,0.0,0.0,0.0,0.0,0.0,0.0,1.0
1779285968.044014,-3.9028516028483046e+17,-0.15598266661322907,3.1415926502752747,6.585696076262936e+18,6.944131862089383e-05,0.0,0.0,0.0,0.0,0.0,0.0,1.0
1779285968.054195,-3.9325344613853126e+17,-0.15481488146911457,3.1415926502790157,6.613928840521095e+18,-6.944131862089337e-05,0.0,0.0,0.0,0.0,0.0,0.0,1.0
1779285968.0644462,-3.942578042869404e+17,-0.15517540311982542,3.1415926502806677,6.637581011382055e+18,6.944131862089359e-05,0.0,0.0,0.0,0.0,0.0,0.0,1.0
1779285968.0745652,-3.967119806961481e+17,-0.15442414204902508,3.141592650283842,6.664547303463594e+18,-6.944131862089364e-05,0.0,0.0,0.0,0.0,0.0,0.0,1.0
1779285968.0850444,-3.963472108292992e+17,-0.15585065357399946,3.1415926502840996,6.685568476242281e+18,6.944131862089337e-05,0.0,0.0,0.0,0.0,0.0,0.0,1.0
1779285968.0949576,-3.9953394669499494e+17,-0.15452805561295616,3.1415926502880485,6.713997005141174e+18,-6.94413186208938e-05,0.0,0.0,0.0,0.0,0.0,0.0,1.0
1779285968.1051757,-4.0083229381378214e+17,-0.15468317357082426,3.1415926502900327,6.738604369330628e+18,6.944131862089326e-05,0.0,0.0,0.0,0.0,0.0,0.0,1.0
1779285968.1152465,-4.0252268490959514e+17,-0.15453023278943728,3.14159265029242,6.763890268324484e+18,-6.944131862089383e-05,0.0,0.0,0.0,0.0,0.0,0.0,1.0
1779285968.1259944,-4.031122222619856e+17,-0.15527173368945535,3.1415926502937426,6.788237545169351e+18,6.944131862089327e-05,0.0,0.0,0.0,0.0,0.0,0.0,1.0
1779285968.1359599,-4.057269856503529e+17,-0.15442355494208815,3.1415926502970972,6.815714799675927e+18,-6.944131862089383e-05,0.0,0.0,0.0,0.0,0.0,0.0,1.0
1779285968.1461027,-4.0733425313614445e+17,-0.15435908618807212,3.1415926502994207,6.841230706968944e+18,6.944131862089327e-05,0.0,0.0,0.0,0.0,0.0,0.0,1.0
1779285968.1564171,-4.080283895667639e+17,-0.15498492057705898,3.1415926503008453,6.865017273130782e+18,-6.944131862089383e-05,0.0,0.0,0.0,0.0,0.0,0.0,1.0
1779285968.1666849,-4.09288729378518e+17,-0.15518105533697676,3.1415926503028695,6.890170586181994e+18,6.944131862089327e-05,0.0,0.0,0.0,0.0,0.0,0.0,1.0
1779285968.176839,-4.116471033573985e+17,-0.15456695024072975,3.141592650305993,6.917789913824191e+18,-6.944131862089383e-05,0.0,0.0,0.0,0.0,0.0,0.0,1.0
1779285968.1869829,-4.12997182402337e+17,-0.15470171669089827,3.141592650308098,6.943012669693532e+18,6.944131862089327e-05,0.0,0.0,0.0,0.0,0.0,0.0,1.0
1779285968.1971078,-4.147393012100523e+17,-0.15455113305199156,3.141592650310603,6.969211382900276e+18,-6.944131862089383e-05,0.0,0.0,0.0,0.0,0.0,0.0,1.0
1779285968.2073886,-4.1570642691458643e+17,-0.154981226146689,3.1415926503123597,6.993998737056936e+18,6.944131862089327e-05,0.0,0.0,0.0,0.0,0.0,0.0,1.0
1779285968.2173717,-4.180963674011988e+17,-0.15435437138968128,3.1415926503155083,7.021585925311709e+18,-6.944131862089379e-05,0.0,0.0,0.0,0.0,0.0,0.0,1.0
1779285968.2274737,-4.19572823968328e+17,-0.15441085278800631,3.141592650317758,7.047321923409658e+18,6.944131862089344e-05,0.0,0.0,0.0,0.0,0.0,0.0,1.0
1779285968.237753,-4.214594369331374e+17,-0.1541976354501607,3.141592650320434,7.074612212147033e+18,-6.944131862089353e-05,0.0,0.0,0.0,0.0,0.0,0.0,1.0
1779285968.2483726,-4.2220385201360723e+17,-0.1548380233384934,3.1415926503220373,7.100071696134937e+18,6.944131862089367e-05,0.0,0.0,0.0,0.0,0.0,0.0,1.0
1779285968.2586575,-4.238570214144531e+17,-0.1547898862097444,3.141592650324519,7.126983032603787e+18,-6.944131862089336e-05,0.0,0.0,0.0,0.0,0.0,0.0,1.0
1779285968.2687235,-4.255485868805828e+17,-0.1546970760382268,3.14159265032702,7.153505020036284e+18,6.94413186208938e-05,0.0,0.0,0.0,0.0,0.0,0.0,1.0
1779285968.2794714,-4.259751150579481e+17,-0.1555663074686811,3.141592650328384,7.178745823161438e+18,-6.944131862089326e-05,0.0,0.0,0.0,0.0,0.0,0.0,1.0
1779285968.2894895,-4.287590016225763e+17,-0.15470080617657936,3.141592650331962,7.207988953206148e+18,6.944131862089383e-05,0.0,0.0,0.0,0.0,0.0,0.0,1.0
1779285968.3003247,-4.296566660748541e+17,-0.15526056653311815,3.141592650333811,7.234874292941573e+18,-6.944131862089327e-05,0.0,0.0,0.0,0.0,0.0,0.0,1.0
1779285968.3104873,-4.3117629946191424e+17,-0.15530823964934903,3.1415926503362055,7.26157429483981e+18,6.944131862089383e-05,0.0,0.0,0.0,0.0,0.0,0.0,1.0
1779285968.3209758,-4.3288970725182624e+17,-0.15526146792173126,3.1415926503388274,7.289710258131243e+18,-6.944131862089327e-05,0.0,0.0,0.0,0.0,0.0,0.0,1.0
1779285968.3314598,-4.339379100563788e+17,-0.15567740792586832,3.141592650340831,7.316291874315152e+18,6.944131862089383e-05,0.0,0.0,0.0,0.0,0.0,0.0,1.0
1779285968.3419015,-4.345501908408426e+17,-0.1563783622192073,3.141592650342445,7.341708525013986e+18,-6.944131862089327e-05,0.0,0.0,0.0,0.0,0.0,0.0,1.0
1779285968.3518596,-4.383261232041939e+17,-0.15486441238656665,3.1415926503469773,7.373735427317825e+18,6.944131862089383e-05,0.0,0.0,0.0,0.0,0.0,0.0,1.0
1779285968.3624237,-4.396816032512413e+17,-0.1551013501663186,3.141592650349285,7.401515812021524e+18,-6.944131862089327e-05,0.0,0.0,0.0,0.0,0.0,0.0,1.0
1779285968.3725288,-4.4176202316841216e+17,-0.1547983359934305,3.141592650352224,7.429963950791255e+18,6.944131862089383e-05,0.0,0.0,0.0,0.0,0.0,0.0,1.0
1779285968.383121,-4.427718664386304e+17,-0.1552799392754883,3.1415926503542337,7.457199798830748e+18,-6.944131862089327e-05,0.0,0.0,0.0,0.0,0.0,0.0,1.0
1779285968.3933396,-4.439750854106822e+17,-0.15558270311372915,3.141592650356402,7.483976500770859e+18,6.944131862089374e-05,0.0,0.0,0.0,0.0,0.0,0.0,1.0
1779285968.4037614,-4.4651636566753555e+17,-0.1550100797985506,3.1415926503598284,7.51468147588354e+18,-6.944131862089352e-05,0.0,0.0,0.0,0.0,0.0,0.0,1.0
1779285968.4140313,-4.4740992549642285e+17,-0.15553300503235312,3.1415926503617237,7.540899952064129e+18,6.944131862089346e-05,0.0,0.0,0.0,0.0,0.0,0.0,1.0
1779285968.4243653,-4.4990594500899136e+17,-0.15499446261186164,3.1415926503651015,7.571410396945729e+18,-6.944131862089372e-05,0.0,0.0,0.0,0.0,0.0,0.0,1.0
1779285968.4346194,-4.5106132736853094e+17,-0.15535525705953376,3.1415926503672544,7.598598009772793e+18,6.944131862089332e-05,0.0,0.0,0.0,0.0,0.0,0.0,1.0
1779285968.4450324,-4.5360492996505946e+17,-0.15481165635009916,3.1415926503706846,7.629657095966779e+18,-6.944131862089383e-05,0.0,0.0,0.0,0.0,0.0,0.0,1.0
1779285968.4555929,-4.5354713510345504e+17,-0.15600873605929408,3.141592650371809,7.654861536330894e+18,6.944131862089323e-05,0.0,0.0,0.0,0.0,0.0,0.0,1.0
1779285968.465507,-4.5732654707988954e+17,-0.15460289120673273,3.1415926503762943,7.68773855804801e+18,-6.944131862089386e-05,0.0,0.0,0.0,0.0,0.0,0.0,1.0
1779285968.4757764,-4.588497817445349e+17,-0.15474441951897358,3.1415926503787883,7.716177298339373e+18,6.944131862089326e-05,0.0,0.0,0.0,0.0,0.0,0.0,1.0
1779285968.486433,-4.5979034075412826e+17,-0.15530486487308168,3.1415926503808365,7.744383636844214e+18,-6.944131862089383e-05,0.0,0.0,0.0,0.0,0.0,0.0,1.0
1779285968.4968617,-4.6202329798424365e+17,-0.15499549009206426,3.141592650384009,7.775202021367605e+18,6.944131862089327e-05,0.0,0.0,0.0,0.0,0.0,0.0,1.0
1779285968.5073986,-4.6305629225210675e+17,-0.1554829148663682,3.1415926503861487,7.803494890434194e+18,-6.944131862089383e-05,0.0,0.0,0.0,0.0,0.0,0.0,1.0
1779285968.5175273,-4.648868887577303e+17,-0.1554066888427956,3.1415926503889473,7.832667855906619e+18,6.944131862089327e-05,0.0,0.0,0.0,0.0,0.0,0.0,1.0
1779285968.527626,-4.6684546019628077e+17,-0.15525170574700217,3.1415926503918525,7.86215820114811e+18,-6.944131862089383e-05,0.0,0.0,0.0,0.0,0.0,0.0,1.0
1779285968.5380766,-4.685000473245885e+17,-0.15533607838174027,3.1415926503945464,7.892006569571527e+18,6.944131862089327e-05,0.0,0.0,0.0,0.0,0.0,0.0,1.0
1779285968.548205,-4.703757658917423e+17,-0.15524768295330024,3.1415926503973903,7.921555282991468e+18,-6.944131862089383e-05,0.0,0.0,0.0,0.0,0.0,0.0,1.0
1779285968.55921,-4.7097906676305344e+17,-0.156063478971534,3.141592650399282,7.950639457550453e+18,6.944131862089327e-05,0.0,0.0,0.0,0.0,0.0,0.0,1.0
1779285968.5696158,-4.7354190424930464e+17,-0.15556798401885427,3.141592650402785,7.982889370672307e+18,-6.94413186208937e-05,0.0,0.0,0.0,0.0,0.0,0.0,1.0
1779285968.5801337,-4.751601661181862e+17,-0.15569565865775503,3.141592650405493,8.013254914986428e+18,6.944131862089356e-05,0.0,0.0,0.0,0.0,0.0,0.0,1.0
1779285968.5907772,-4.7688522561205434e+17,-0.15577216392128307,3.1415926504083203,8.044357646568919e+18,-6.944131862089344e-05,0.0,0.0,0.0,0.0,0.0,0.0,1.0
1779285968.6012197,-4.7871354875147603e+17,-0.15576639177782078,3.1415926504112113,8.075214806807314e+18,6.944131862089375e-05,0.0,0.0,0.0,0.0,0.0,0.0,1.0
1779285968.6121533,-4.772971674603122e+17,-0.15782825739970857,3.141592650411484,8.09969468950156e+18,-6.944131862089329e-05,0.0,0.0,0.0,0.0,0.0,0.0,1.0
1779285968.6221027,-4.8285541736457274e+17,-0.1554343655404385,3.1415926504174676,8.138434128861745e+18,6.944131862089386e-05,0.0,0.0,0.0,0.0,0.0,0.0,1.0
1779285968.6324167,-4.8372850084578605e+17,-0.15602837514170906,3.141592650419552,8.16685294405806e+18,-6.944131862089326e-05,0.0,0.0,0.0,0.0,0.0,0.0,1.0
1779285968.6429596,-4.859376574754742e+17,-0.1558173088453242,3.1415926504227967,8.199340869370616e+18,6.944131862089383e-05,0.0,0.0,0.0,0.0,0.0,0.0,1.0
1779285968.6531107,-4.885266947882189e+17,-0.15534233262330674,3.1415926504262845,8.231662581687956e+18,-6.944131862089327e-05,0.0,0.0,0.0,0.0,0.0,0.0,1.0
1779285968.663691,-4.8989908432105856e+17,-0.15566950033699622,3.1415926504288363,8.262410801489554e+18,6.944131862089383e-05,0.0,0.0,0.0,0.0,0.0,0.0,1.0
1779285968.6742167,-4.91251199612102e+17,-0.15599819830267056,3.141592650431381,8.293051930147961e+18,-6.944131862089327e-05,0.0,0.0,0.0,0.0,0.0,0.0,1.0
1779285968.6847146,-4.9343002609325734e+17,-0.15582076487853247,3.141592650434604,8.325724315600562e+18,6.944131862089383e-05,0.0,0.0,0.0,0.0,0.0,0.0,1.0
1779285968.6950355,-4.950882399522352e+17,-0.15594666339554203,3.141592650437378,8.356685292166902e+18,-6.944131862089327e-05,0.0,0.0,0.0,0.0,0.0,0.0,1.0
1779285968.7051904,-4.980667293117861e+17,-0.1552651538998272,3.1415926504411864,8.390463585597269e+18,6.944131862089383e-05,0.0,0.0,0.0,0.0,0.0,0.0,1.0
1779285968.7156415,-4.99994498833131e+17,-0.1552645048274258,3.141592650444186,8.422699963319916e+18,-6.944131862089327e-05,0.0,0.0,0.0,0.0,0.0,0.0,1.0
1779285968.7259018,-5.013927770966327e+17,-0.15556008415850137,3.1415926504467393,8.453143425734099e+18,6.944131862089383e-05,0.0,0.0,0.0,0.0,0.0,0.0,1.0
1779285968.7364738,-5.029303268220125e+17,-0.15580271930439063,3.1415926504494704,8.485008109343761e+18,-6.944131862089332e-05,0.0,0.0,0.0,0.0,0.0,0.0,1.0
1779285968.7468905,-5.048056305150776e+17,-0.1558274143961926,3.141592650452453,8.517314832515034e+18,6.944131862089361e-05,0.0,0.0,0.0,0.0,0.0,0.0,1.0
1779285968.7574487,-5.0663823622914035e+17,-0.15589642725600653,3.141592650455431,8.55006497548419e+18,-6.944131862089361e-05,0.0,0.0,0.0,0.0,0.0,0.0,1.0
1779285968.767465,-5.093806857244411e+17,-0.15537833970013104,3.14159265045903,8.583460527267945e+18,6.94413186208934e-05,0.0,0.0,0.0,0.0,0.0,0.0,1.0
1779285968.7776964,-5.11559802002154e+17,-0.15522838407855635,3.141592650462213,8.61624167898656e+18,-6.944131862089378e-05,0.0,0.0,0.0,0.0,0.0,0.0,1.0
1779285968.7879195,-5.131072370323594e+17,-0.15545072566258802,3.141592650464906,8.647545700188115e+18,6.944131862089327e-05,0.0,0.0,0.0,0.0,0.0,0.0,1.0
1779285968.7985306,-5.148372998599225e+17,-0.15560680003744493,3.1415926504678175,8.680633808155536e+18,-6.944131862089387e-05,0.0,0.0,0.0,0.0,0.0,0.0,1.0
1779285968.8089461,-5.171887021898081e+17,-0.15538443464264964,3.14159265047118,8.714733129286228e+18,6.944131862089325e-05,0.0,0.0,0.0,0.0,0.0,0.0,1.0
1779285968.819201,-5.1850748808528154e+17,-0.15574722045803047,3.141592650473725,8.745897343240435e+18,-6.944131862089384e-05,0.0,0.0,0.0,0.0,0.0,0.0,1.0
1779285968.829203,-5.215374859801243e+17,-0.1550983788588129,3.141592650477534,8.780545046327081e+18,6.944131862089326e-05,0.0,0.0,0.0,0.0,0.0,0.0,1.0
1779285968.839422,-5.237807746013422e+17,-0.15494146898307878,3.141592650480769,8.814064332556796e+18,-6.944131862089383e-05,0.0,0.0,0.0,0.0,0.0,0.0,1.0
1779285968.8495784,-5.253695461945953e+17,-0.1551557444042995,3.141592650483501,8.845882868779415e+18,6.944131862089327e-05,0.0,0.0,0.0,0.0,0.0,0.0,1.0
1779285968.8598568,-5.280537526456316e+17,-0.1547614046045689,3.141592650487082,8.880888907056804e+18,-6.944131862089383e-05,0.0,0.0,0.0,0.0,0.0,0.0,1.0
1779285968.8705873,-5.282222217717751e+17,-0.15584472958639659,3.141592650488864,8.911259041116709e+18,6.944131862089327e-05,0.0,0.0,0.0,0.0,0.0,0.0,1.0
1779285968.8805487,-5.3170302528571706e+17,-0.15496260550904564,3.1415926504929974,8.947354572257333e+18,-6.944131862089383e-05,0.0,0.0,0.0,0.0,0.0,0.0,1.0
1779285968.8906548,-5.339114594474838e+17,-0.1548357670605322,3.141592650496194,8.980960986124683e+18,6.944131862089327e-05,0.0,0.0,0.0,0.0,0.0,0.0,1.0
1779285968.901258,-5.350713390456612e+17,-0.15535223015754335,3.141592650498712,9.013719624861129e+18,-6.944131862089383e-05,0.0,0.0,0.0,0.0,0.0,0.0,1.0
1779285968.9118814,-5.374548978826737e+17,-0.15518277669506503,3.141592650502149,9.049670039439516e+18,6.944131862089337e-05,0.0,0.0,0.0,0.0,0.0,0.0,1.0
1779285968.9222586,-5.3894018031586426e+17,-0.1554865254038225,3.141592650504876,9.082524472194497e+18,-6.944131862089359e-05,0.0,0.0,0.0,0.0,0.0,0.0,1.0
1779285968.9322882,-5.4205035714557414e+17,-0.15486095961196006,3.141592650508736,9.118518883187779e+18,6.944131862089364e-05,0.0,0.0,0.0,0.0,0.0,0.0,1.0
1779285968.9427652,-5.424699596485793e+17,-0.15577895426046484,3.1415926505107272,9.14951061084327e+18,-6.944131862089337e-05,0.0,0.0,0.0,0.0,0.0,0.0,1.0
1779285968.9532897,-5.441763900707585e+17,-0.15597616138500403,3.1415926505136795,9.183848670455911e+18,6.94413186208938e-05,0.0,0.0,0.0,0.0,0.0,0.0,1.0
1779285968.963265,-5.474234406853892e+17,-0.15528208493262893,3.1415926505176452,9.22039891664684e+18,-6.944131862089326e-05,0.0,0.0,0.0,0.0,0.0,0.0,1.0
1779285968.9736392,-5.507974818341367e+17,-0.15458058226309732,3.141592650521744,9.258576029140142e+18,6.944131862089383e-05,0.0,0.0,0.0,0.0,0.0,0.0,1.0
1779285968.9843168,-5.5123467559283046e+17,-0.1555228760007452,3.141592650523811,9.290763248324096e+18,-6.944131862089327e-05,0.0,0.0,0.0,0.0,0.0,0.0,1.0
1779285968.9944634,-5.5504543552469626e+17,-0.15457050580187548,3.14159265052818,9.329509432935516e+18,6.944131862089383e-05,0.0,0.0,0.0,0.0,0.0,0.0,1.0
1779285969.004896,-5.564104047381232e+17,-0.15498938653618638,3.141592650530864,9.363356827672904e+18,-6.944131862089327e-05,0.0,0.0,0.0,0.0,0.0,0.0,1.0
1779285969.0149965,-5.587306566814661e+17,-0.15485366428692177,3.1415926505341645,9.398516606714915e+18,6.944131862089383e-05,0.0,0.0,0.0,0.0,0.0,0.0,1.0
1779285969.0257149,-5.5894866734935885e+17,-0.15591090197180643,3.141592650536131,9.430792157370997e+18,-6.944131862089327e-05,0.0,0.0,0.0,0.0,0.0,0.0,1.0
1779285969.0356288,-5.6320433461216205e+17,-0.15471752112067444,3.141592650540762,9.470275277492146e+18,6.944131862089383e-05,0.0,0.0,0.0,0.0,0.0,0.0,1.0
1779285969.0460875,-5.6454270681713696e+17,-0.155159607904102,3.1415926505434584,9.504628085012736e+18,-6.944131862089327e-05,0.0,0.0,0.0,0.0,0.0,0.0,1.0
1779285969.0562513,-5.672178047778658e+17,-0.15485607165389845,3.1415926505470226,9.541270213644237e+18,6.944131862089383e-05,0.0,0.0,0.0,0.0,0.0,0.0,1.0
1779285969.0669003,-5.67932698355813e+17,-0.15564651582344463,3.1415926505493488,9.575001226098366e+18,-6.944131862089327e-05,0.0,0.0,0.0,0.0,0.0,0.0,1.0
1779285969.0773075,-5.7125862902347686e+17,-0.15503115360156922,3.1415926505534237,9.614396888923394e+18,6.944131862089379e-05,0.0,0.0,0.0,0.0,0.0,0.0,1.0
1779285969.0878103,-5.731704874508406e+17,-0.1551834057498725,3.1415926505565457,9.650780440006814e+18,-6.944131862089344e-05,0.0,0.0,0.0,0.0,0.0,0.0,1.0
1779285969.0984154,-5.739468511729475e+17,-0.15593457076818756,3.141592650558934,9.684843531516668e+18,6.944131862089353e-05,0.0,0.0,0.0,0.0,0.0,0.0,1.0
1779285969.1085837,-5.760289209109033e+17,-0.15595129924008583,3.1415926505621368,9.720715427735034e+18,-6.944131862089367e-05,0.0,0.0,0.0,0.0,0.0,0.0,1.0
1779285969.1187868,-5.799146390201101e+17,-0.1550483487037737,3.141592650566544,9.761222313999053e+18,6.944131862089336e-05,0.0,0.0,0.0,0.0,0.0,0.0,1.0
1779285969.1288567,-5.826382810654588e+17,-0.15475458683219054,3.1415926505701233,9.798511031232066e+18,-6.94413186208938e-05,0.0,0.0,0.0,0.0,0.0,0.0,1.0
1779285969.1389887,-5.848558187047144e+17,-0.15473647285592873,3.1415926505733758,9.834907719504929e+18,6.944131862089326e-05,0.0,0.0,0.0,0.0,0.0,0.0,1.0
1779285969.1495826,-5.858136334646762e+17,-0.1554123031795564,3.1415926505759,9.870004272097712e+18,-6.944131862089383e-05,0.0,0.0,0.0,0.0,0.0,0.0,1.0
1779285969.1597402,-5.885302909802172e+17,-0.15513617240914124,3.141592650579506,9.90795598238834e+18,6.944131862089327e-05,0.0,0.0,0.0,0.0,0.0,0.0,1.0
1779285969.1698444,-5.909195626459849e+17,-0.1550309826104917,3.14159265058288,9.945036664745226e+18,-6.944131862089383e-05,0.0,0.0,0.0,0.0,0.0,0.0,1.0
1779285969.1798637,-5.938774096022271e+17,-0.15463670159874046,3.1415926505866008,9.983312112526033e+18,6.944131862089327e-05,0.0,0.0,0.0,0.0,0.0,0.0,1.0
1779285969.1900516,-5.957320054467005e+17,-0.15482645238239284,3.1415926505896357,1.001961342537906e+19,-6.944131862089383e-05,0.0,0.0,0.0,0.0,0.0,0.0,1.0
1779285969.200129,-5.98843824242828e+17,-0.15437432040232937,3.1415926505934584,1.0058693023261938e+19,6.944131862089327e-05,0.0,0.0,0.0,0.0,0.0,0.0,1.0
1779285969.210405,-6.000944746620353e+17,-0.15488430493634242,3.1415926505961256,1.0094082268750928e+19,-6.944131862089383e-05,0.0,0.0,0.0,0.0,0.0,0.0,1.0
1779285969.2207246,-6.027286040396266e+17,-0.15470358299896655,3.1415926505996996,1.0133148101434642e+19,6.944131862089327e-05,0.0,0.0,0.0,0.0,0.0,0.0,1.0
1779285969.2314556,-6.027809723761057e+17,-0.1558506277684516,3.141592650601729,1.016755559617989e+19,-6.944131862089383e-05,0.0,0.0,0.0,0.0,0.0,0.0,1.0
1779285969.2419376,-6.058288026908562e+17,-0.1554727738718146,3.14159265060563,1.0208499297768063e+19,6.944131862089327e-05,0.0,0.0,0.0,0.0,0.0,0.0,1.0
1779285969.2525165,-6.07958508155514e+17,-0.15557201170119403,3.141592650608965,1.0247676698830594e+19,-6.944131862089374e-05,0.0,0.0,0.0,0.0,0.0,0.0,1.0
1779285969.2631044,-6.105960275292932e+17,-0.155428326322116,3.1415926506126244,1.0288281172149283e+19,6.944131862089352e-05,0.0,0.0,0.0,0.0,0.0,0.0,1.0
1779285969.2741296,-6.118072441554799e+17,-0.15603516695636235,3.141592650615495,1.0327201690764632e+19,-6.944131862089346e-05,0.0,0.0,0.0,0.0,0.0,0.0,1.0
1779285969.2846968,-6.138854381052547e+17,-0.15616310431453193,3.1415926506188203,1.0366611871230159e+19,6.944131862089372e-05,0.0,0.0,0.0,0.0,0.0,0.0,1.0
1779285969.294862,-6.161439561188791e+17,-0.15616470950123149,3.1415926506221705,1.0405081067743525e+19,-6.944131862089332e-05,0.0,0.0,0.0,0.0,0.0,0.0,1.0
1779285969.3049006,-6.202880171007852e+17,-0.15525131092390643,3.1415926506266434,1.0447785461087724e+19,6.944131862089383e-05,0.0,0.0,0.0,0.0,0.0,0.0,1.0
1779285969.3155937,-6.208617930511758e+17,-0.15614548697005212,3.141592650629061,1.0484354096676033e+19,-6.944131862089323e-05,0.0,0.0,0.0,0.0,0.0,0.0,1.0
1779285969.3256485,-6.240091005848486e+17,-0.15572557219304528,3.1415926506329246,1.0524933888589148e+19,6.944131862089386e-05,0.0,0.0,0.0,0.0,0.0,0.0,1.0
1779285969.3356314,-6.279959546549065e+17,-0.15491429509176435,3.1415926506372616,1.0567409227205513e+19,-6.944131862089326e-05,0.0,0.0,0.0,0.0,0.0,0.0,1.0
1779285969.3458638,-6.29651556285407e+17,-0.1552573588047815,3.1415926506402307,1.0605251164788408e+19,6.944131862089383e-05,0.0,0.0,0.0,0.0,0.0,0.0,1.0
1779285969.356199,-6.323005183939191e+17,-0.15513708799223186,3.141592650643828,1.064605734438198e+19,-6.944131862089327e-05,0.0,0.0,0.0,0.0,0.0,0.0,1.0
1779285969.3665264,-6.335360740846031e+17,-0.15568672253340413,3.141592650646583,1.0683507436819012e+19,6.944131862089383e-05,0.0,0.0,0.0,0.0,0.0,0.0,1.0
1779285969.3769329,-6.374541544246862e+17,-0.15497861705713564,3.141592650650958,1.0727960848399016e+19,-6.944131862089327e-05,0.0,0.0,0.0,0.0,0.0,0.0,1.0
1779285969.3870873,-6.39845529699547e+17,-0.15497801000520223,3.141592650654353,1.0767803843072449e+19,6.944131862089383e-05,0.0,0.0,0.0,0.0,0.0,0.0,1.0
1779285969.3977623,-6.40599415749567e+17,-0.15579772061132496,3.1415926506569125,1.0805839523974564e+19,-6.944131862089327e-05,0.0,0.0,0.0,0.0,0.0,0.0,1.0
1779285969.4086268,-6.414383437963148e+17,-0.1565815014136517,3.1415926506595984,1.0845000763123091e+19,6.944131862089383e-05,0.0,0.0,0.0,0.0,0.0,0.0,1.0
1779285969.4190674,-6.451223631682793e+17,-0.155994872827739,3.14159265066386,1.0889590948687958e+19,-6.944131862089327e-05,0.0,0.0,0.0,0.0,0.0,0.0,1.0
1779285969.4295557,-6.481469238230227e+17,-0.15573818334718495,3.1415926506677305,1.093286491345922e+19,6.94413186208937e-05,0.0,0.0,0.0,0.0,0.0,0.0,1.0
1779285969.440174,-6.51212554691757e+17,-0.15548939851537352,3.1415926506716474,1.097691137383756e+19,-6.944131862089356e-05,0.0,0.0,0.0,0.0,0.0,0.0,1.0
1779285969.45035,-6.532534560634323e+17,-0.155670543305782,3.1415926506748635,1.1016778814052114e+19,6.944131862089344e-05,0.0,0.0,0.0,0.0,0.0,0.0,1.0
1779285969.4605618,-6.559425446185823e+17,-0.1555584096896308,3.1415926506784597,1.1058451623171072e+19,-6.944131862089375e-05,0.0,0.0,0.0,0.0,0.0,0.0,1.0
1779285969.471114,-6.58270607988839e+17,-0.15565471299788514,3.1415926506819316,1.110081450365264e+19,6.944131862089329e-05,0.0,0.0,0.0,0.0,0.0,0.0,1.0
1779285969.4815447,-6.598913256969279e+17,-0.15605872416389244,3.1415926506849807,1.114109864650165e+19,-6.944131862089386e-05,0.0,0.0,0.0,0.0,0.0,0.0,1.0
1779285969.4918947,-6.625601827677275e+17,-0.1559777107656699,3.1415926506886116,1.1183764084382093e+19,6.944131862089326e-05,0.0,0.0,0.0,0.0,0.0,0.0,1.0
1779285969.502464,-6.647866617462113e+17,-0.1561250541751428,3.1415926506920453,1.1226375303634483e+19,-6.944131862089383e-05,0.0,0.0,0.0,0.0,0.0,0.0,1.0
1779285969.5128436,-6.678028470943228e+17,-0.15590169238143894,3.141592650695876,1.127027298015144e+19,6.944131862089327e-05,0.0,0.0,0.0,0.0,0.0,0.0,1.0
1779285969.522879,-6.716975860841937e+17,-0.15526239683384102,3.1415926507000993,1.1315045033024948e+19,-6.944131862089383e-05,0.0,0.0,0.0,0.0,0.0,0.0,1.0
1779285969.533004,-6.741243422836746e+17,-0.15530100809575567,3.1415926507035152,1.1356708895267973e+19,6.944131862089327e-05,0.0,0.0,0.0,0.0,0.0,0.0,1.0
1779285969.543445,-6.772853245593004e+17,-0.15504782448272292,3.1415926507073983,1.1401447291019299e+19,-6.944131862089383e-05,0.0,0.0,0.0,0.0,0.0,0.0,1.0
1779285969.5539088,-6.80381493080932e+17,-0.15484043923181398,3.141592650711253,1.1446445416374065e+19,6.944131862089327e-05,0.0,0.0,0.0,0.0,0.0,0.0,1.0
1779285969.5642245,-6.813444698897641e+17,-0.15555715133292095,3.141592650713913,1.1485741569740626e+19,-6.944131862089383e-05,0.0,0.0,0.0,0.0,0.0,0.0,1.0
1779285969.5747025,-6.844394223670326e+17,-0.15534742821575523,3.141592650717783,1.1531084473218679e+19,6.944131862089327e-05,0.0,0.0,0.0,0.0,0.0,0.0,1.0
1779285969.5852203,-6.87008763837085e+17,-0.1553803255444574,3.1415926507213747,1.1575455333641492e+19,-6.944131862089383e-05,0.0,0.0,0.0,0.0,0.0,0.0,1.0
1779285969.595743,-6.895596530104335e+17,-0.1554252309202565,3.1415926507249576,1.161994939405191e+19,6.944131862089332e-05,0.0,0.0,0.0,0.0,0.0,0.0,1.0
1779285969.6061802,-6.920647479072635e+17,-0.15548394850513259,3.141592650728496,1.1664117819943625e+19,-6.944131862089361e-05,0.0,0.0,0.0,0.0,0.0,0.0,1.0
1779285969.6162622,-6.950002030075075e+17,-0.15532134483786356,3.141592650732175,1.1707928331759819e+19,6.944131862089361e-05,0.0,0.0,0.0,0.0,0.0,0.0,1.0
1779285969.6264899,-6.967895803675316e+17,-0.15567243398844866,3.141592650735282,1.1749728371808332e+19,-6.94413186208934e-05,0.0,0.0,0.0,0.0,0.0,0.0,1.0
1779285969.6368487,-7.006078468283608e+17,-0.15516873204127685,3.1415926507394936,1.1797195761236744e+19,6.944131862089378e-05,0.0,0.0,0.0,0.0,0.0,0.0,1.0
1779285969.6470716,-7.033938480492369e+17,-0.15510533091262313,3.1415926507431164,1.1841682676177267e+19,-6.944131862089327e-05,0.0,0.0,0.0,0.0,0.0,0.0,1.0
1779285969.6574461,-7.032844853905759e+17,-0.15628600053147343,3.1415926507452765,1.1879890228005782e+19,6.944131862089387e-05,0.0,0.0,0.0,0.0,0.0,0.0,1.0
1779285969.667312,-7.095631202687876e+17,-0.15469743316865403,3.1415926507506384,1.1931676486679497e+19,-6.944131862089325e-05,0.0,0.0,0.0,0.0,0.0,0.0,1.0
1779285969.6775744,-7.120092474618171e+17,-0.15480356667292783,3.1415926507540792,1.1975922237724056e+19,6.944131862089384e-05,0.0,0.0,0.0,0.0,0.0,0.0,1.0
1779285969.6876416,-7.149230003933583e+17,-0.15469251165380732,3.1415926507577137,1.2020599339991304e+19,-6.944131862089326e-05,0.0,0.0,0.0,0.0,0.0,0.0,1.0
1779285969.6979365,-7.167343202057734e+17,-0.15507010394326867,3.14159265076084,1.2063718973639035e+19,6.944131862089383e-05,0.0,0.0,0.0,0.0,0.0,0.0,1.0
1779285969.708002,-7.203272111311936e+17,-0.15467791873650055,3.1415926507648226,1.2110352077674076e+19,-6.944131862089327e-05,0.0,0.0,0.0,0.0,0.0,0.0,1.0
1779285969.718438,-7.218255030193198e+17,-0.15520404923554143,3.141592650767831,1.2153628850224124e+19,6.944131862089383e-05,0.0,0.0,0.0,0.0,0.0,0.0,1.0
1779285969.7288136,-7.256679110894685e+17,-0.15474949866351856,3.141592650772014,1.2202543725622663e+19,-6.944131862089327e-05,0.0,0.0,0.0,0.0,0.0,0.0,1.0
1779285969.739006,-7.28120436809464e+17,-0.15486068665754144,3.1415926507754426,1.224737092345861e+19,6.944131862089383e-05,0.0,0.0,0.0,0.0,0.0,0.0,1.0
1779285969.7491426,-7.307202334725524e+17,-0.15490574089197057,3.1415926507789322,1.2292450930546012e+19,-6.944131862089327e-05,0.0,0.0,0.0,0.0,0.0,0.0,1.0
1779285969.7596462,-7.336105763778683e+17,-0.15487534822273913,3.141592650782661,1.2340069798387724e+19,6.944131862089383e-05,0.0,0.0,0.0,0.0,0.0,0.0,1.0
1779285969.7698932,-7.356928175204797e+17,-0.15514946023974174,3.1415926507859258,1.2384688410825589e+19,-6.944131862089337e-05,0.0,0.0,0.0,0.0,0.0,0.0,1.0
1779285969.7803898,-7.387590230065677e+17,-0.1550505461821896,3.141592650789744,1.2433023162316165e+19,6.944131862089359e-05,0.0,0.0,0.0,0.0,0.0,0.0,1.0
1779285969.7909777,-7.400484000424393e+17,-0.1556840397425966,3.1415926507927185,1.2477588264267516e+19,-6.944131862089364e-05,0.0,0.0,0.0,0.0,0.0,0.0,1.0
1779285969.8014553,-7.436704706980835e+17,-0.15535889802631322,3.1415926507968113,1.2527498483910285e+19,6.944131862089337e-05,0.0,0.0,0.0,0.0,0.0,0.0,1.0
1779285969.8119237,-7.452334219962764e+17,-0.15586995460393394,3.1415926507999012,1.2572503276541581e+19,-6.94413186208938e-05,0.0,0.0,0.0,0.0,0.0,0.0,1.0
1779285969.8222914,-7.488843936149499e+17,-0.155530628503597,3.141592650803977,1.2622269704821723e+19,6.944131862089326e-05,0.0,0.0,0.0,0.0,0.0,0.0,1.0
1779285969.8328118,-7.516359075141036e+17,-0.1555799114866173,3.141592650807654,1.2670741534887987e+19,-6.944131862089383e-05,0.0,0.0,0.0,0.0,0.0,0.0,1.0
1779285969.8431659,-7.545563587505194e+17,-0.15554717846058513,3.141592650811364,1.271894652190961e+19,6.944131862089327e-05,0.0,0.0,0.0,0.0,0.0,0.0,1.0
1779285969.8536766,-7.576139586352655e+17,-0.155484155629401,3.1415926508151797,1.2768423428834546e+19,-6.944131862089383e-05,0.0,0.0,0.0,0.0,0.0,0.0,1.0
1779285969.8642278,-7.600567879520214e+17,-0.1556730670615476,3.1415926508187138,1.2816742900140974e+19,6.944131862089327e-05,0.0,0.0,0.0,0.0,0.0,0.0,1.0
1779285969.8744874,-7.624975428803256e+17,-0.15583142748170192,3.141592650822174,1.2863849074411917e+19,-6.944131862089383e-05,0.0,0.0,0.0,0.0,0.0,0.0,1.0
1779285969.884584,-7.669919663814015e+17,-0.1551743006692375,3.1415926508265493,1.291536403338156e+19,6.944131862089327e-05,0.0,0.0,0.0,0.0,0.0,0.0,1.0
1779285969.8952272,-7.678054406121318e+17,-0.15602337048563927,3.1415926508293452,1.2960621660708624e+19,-6.944131862089383e-05,0.0,0.0,0.0,0.0,0.0,0.0,1.0
1779285969.905334,-7.719876450650077e+17,-0.15549638557942486,3.141592650833571,1.301170172926711e+19,6.944131862089327e-05,0.0,0.0,0.0,0.0,0.0,0.0,1.0
1779285969.9153662,-7.758699080455409e+17,-0.15509543831245817,3.141592650837623,1.3061871333730257e+19,-6.944131862089383e-05,0.0,0.0,0.0,0.0,0.0,0.0,1.0
1779285969.9255273,-7.788823352259375e+17,-0.15505473053113789,3.1415926508412966,1.3110661847066173e+19,6.944131862089327e-05,0.0,0.0,0.0,0.0,0.0,0.0,1.0
1779285969.9364169,-7.803571796849787e+17,-0.15568377034911668,3.1415926508444656,1.3159359974337362e+19,-6.944131862089379e-05,0.0,0.0,0.0,0.0,0.0,0.0,1.0
1779285969.9465842,-7.838403523557065e+17,-0.15545455799170735,3.1415926508483514,1.320941406350626e+19,6.944131862089344e-05,0.0,0.0,0.0,0.0,0.0,0.0,1.0
1779285969.9567196,-7.873873394892588e+17,-0.1552127896943434,3.1415926508522602,1.3259849599548867e+19,-6.944131862089353e-05,0.0,0.0,0.0,0.0,0.0,0.0,1.0
1779285969.966784,-7.915142403735557e+17,-0.1547545263708912,3.1415926508564,1.331151765968076e+19,6.944131862089367e-05,0.0,0.0,0.0,0.0,0.0,0.0,1.0
1779285969.977236,-7.946684689464879e+17,-0.15472006846713549,3.141592650860197,1.336290098217843e+19,-6.944131862089336e-05,0.0,0.0,0.0,0.0,0.0,0.0,1.0
1779285969.9877555,-7.972386299700352e+17,-0.1549149557929158,3.1415926508637497,1.341332206712925e+19,6.94413186208938e-05,0.0,0.0,0.0,0.0,0.0,0.0,1.0
1779285969.9978778,-7.998238718355974e+17,-0.15505893062270454,3.1415926508672065,1.3461989372149086e+19,-6.944131862089326e-05,0.0,0.0,0.0,0.0,0.0,0.0,1.0
1779285970.008034,-8.025369729587416e+17,-0.15515834110539034,3.141592650870731,1.3511294903775775e+19,6.944131862089383e-05,0.0,0.0,0.0,0.0,0.0,0.0,1.0
1779285970.0186973,-8.036251861167845e+17,-0.15591492463148232,3.141592650873685,1.3559295784952627e+19,-6.944131862089327e-05,0.0,0.0,0.0,0.0,0.0,0.0,1.0
1779285970.02905,-8.083145636736232e+17,-0.15529644419968988,3.14159265087814,1.3614777888654463e+19,6.944131862089383e-05,0.0,0.0,0.0,0.0,0.0,0.0,1.0
1779285970.0393689,-8.119656119553614e+17,-0.15507720304726044,3.1415926508821146,1.366767925725894e+19,-6.944131862089327e-05,0.0,0.0,0.0,0.0,0.0,0.0,1.0
1779285970.0496686,-8.136125807114612e+17,-0.15559951210196044,3.141592650885217,1.3715771845430024e+19,6.944131862089383e-05,0.0,0.0,0.0,0.0,0.0,0.0,1.0
1779285970.0600996,-8.176335155898929e+17,-0.15526096323701732,3.1415926508893826,1.3770511145358666e+19,-6.944131862089327e-05,0.0,0.0,0.0,0.0,0.0,0.0,1.0
1779285970.0706475,-8.203223255715924e+17,-0.15543287881005685,3.141592650893,1.3822740614557186e+19,6.944131862089383e-05,0.0,0.0,0.0,0.0,0.0,0.0,1.0
1779285970.0807974,-8.23992183998782e+17,-0.15520691047099408,3.1415926508969267,1.3875520245732966e+19,-6.944131862089327e-05,0.0,0.0,0.0,0.0,0.0,0.0,1.0
1779285970.0909407,-8.268062624793969e+17,-0.15529721655816303,3.1415926509004786,1.3926284318317623e+19,6.944131862089383e-05,0.0,0.0,0.0,0.0,0.0,0.0,1.0
1779285970.101464,-8.296210019997784e+17,-0.15543189505320182,3.1415926509041423,1.397926239392926e+19,-6.944131862089327e-05,0.0,0.0,0.0,0.0,0.0,0.0,1.0
1779285970.1120791,-8.325927814042995e+17,-0.15552072776253828,3.141592650907895,1.4033231365938934e+19,6.944131862089374e-05,0.0,0.0,0.0,0.0,0.0,0.0,1.0
1779285970.1222308,-8.360034323380529e+17,-0.1554062617455161,3.1415926509117025,1.4086071284086735e+19,-6.944131862089352e-05,0.0,0.0,0.0,0.0,0.0,0.0,1.0
1779285970.1323266,-8.398265250944795e+17,-0.15514520514062352,3.1415926509156558,1.4139745705106117e+19,6.944131862089346e-05,0.0,0.0,0.0,0.0,0.0,0.0,1.0
1779285970.1427505,-8.424060630640214e+17,-0.15537069118095867,3.141592650919181,1.4192276069229365e+19,-6.944131862089372e-05,0.0,0.0,0.0,0.0,0.0,0.0,1.0
1779285970.1530404,-8.461328777383672e+17,-0.1551753211634488,3.1415926509231404,1.4247078259811103e+19,6.944131862089332e-05,0.0,0.0,0.0,0.0,0.0,0.0,1.0
1779285970.1631682,-8.502892190844457e+17,-0.15482069602921636,3.1415926509272207,1.4302250556790835e+19,-6.944131862089383e-05,0.0,0.0,0.0,0.0,0.0,0.0,1.0
1779285970.1733959,-8.538372983977723e+17,-0.15470284070584958,3.14159265093107,1.435666028029073e+19,6.944131862089323e-05,0.0,0.0,0.0,0.0,0.0,0.0,1.0
1779285970.1836782,-8.55303101328984e+17,-0.15532170230656067,3.1415926509340917,1.4406414861232568e+19,-6.944131862089386e-05,0.0,0.0,0.0,0.0,0.0,0.0,1.0
1779285970.1937613,-8.601848375832915e+17,-0.15472062810532905,3.14159265093844,1.4463658702337935e+19,6.944131862089326e-05,0.0,0.0,0.0,0.0,0.0,0.0,1.0
1779285970.2043629,-8.592164827933206e+17,-0.15621810690156998,3.141592650940586,1.450950673645198e+19,-6.944131862089383e-05,0.0,0.0,0.0,0.0,0.0,0.0,1.0
1779285970.2150457,-8.612402169936914e+17,-0.156658901684893,3.1415926509439833,1.4563333872323967e+19,6.944131862089327e-05,0.0,0.0,0.0,0.0,0.0,0.0,1.0
1779285970.2253568,-8.679751523159478e+17,-0.15543538916929683,3.141592650949134,1.462669722185029e+19,-6.944131862089383e-05,0.0,0.0,0.0,0.0,0.0,0.0,1.0
1779285970.2356546,-8.725149678283455e+17,-0.1550039089714549,3.1415926509533865,1.4684960142098223e+19,6.944131862089327e-05,0.0,0.0,0.0,0.0,0.0,0.0,1.0
1779285970.24602,-8.759222904979587e+17,-0.154980645693526,3.1415926509572003,1.4740986978695338e+19,-6.944131862089383e-05,0.0,0.0,0.0,0.0,0.0,0.0,1.0
1779285970.2561386,-8.798721899009037e+17,-0.15474977592853364,3.14159265096115,1.4797168165942497e+19,6.944131862089327e-05,0.0,0.0,0.0,0.0,0.0,0.0,1.0
1779285970.2664022,-8.83198657560937e+17,-0.1547540224510882,3.14159265096489,1.4852779086267302e+19,-6.944131862089383e-05,0.0,0.0,0.0,0.0,0.0,0.0,1.0
1779285970.2767391,-8.838200014367078e+17,-0.1556792998100016,3.1415926509676098,1.4902337028557144e+19,6.944131862089327e-05,0.0,0.0,0.0,0.0,0.0,0.0,1.0
1779285970.2867475,-8.901183768064204e+17,-0.1546440433691122,3.14159265097243,1.4964185865810704e+19,-6.94413186208937e-05,0.0,0.0,0.0,0.0,0.0,0.0,1.0
1779285970.297169,-8.927794045196918e+17,-0.15489989329349604,3.141592650975948,1.5019535941786114e+19,6.944131862089356e-05,0.0,0.0,0.0,0.0,0.0,0.0,1.0
1779285970.3077176,-8.957386542673498e+17,-0.15506780897671274,3.1415926509796233,1.5076556868699859e+19,-6.944131862089344e-05,0.0,0.0,0.0,0.0,0.0,0.0,1.0
1779285970.3182747,-8.988305963778104e+17,-0.15519305895310012,3.1415926509833536,1.5134169532994339e+19,6.944131862089375e-05,0.0,0.0,0.0,0.0,0.0,0.0,1.0
1779285970.328883,-8.982669969852911e+17,-0.15651963708099326,3.1415926509856957,1.5182621623035836e+19,-6.944131862089329e-05,0.0,0.0,0.0,0.0,0.0,0.0,1.0
1779285970.3386726,-9.071231659012904e+17,-0.15464027840940797,3.1415926509913827,1.525041851480641e+19,6.944131862089386e-05,0.0,0.0,0.0,0.0,0.0,0.0,1.0
1779285970.3490345,-9.119694715405622e+17,-0.15419252340352138,3.1415926509956886,1.5311775927402367e+19,-6.944131862089326e-05,0.0,0.0,0.0,0.0,0.0,0.0,1.0
1779285970.3592582,-9.137728921967009e+17,-0.15473760826083063,3.141592650998817,1.5365092245244793e+19,6.944131862089383e-05,0.0,0.0,0.0,0.0,0.0,0.0,1.0
1779285970.3696954,-9.182232700149472e+17,-0.15443254067324805,3.1415926510029895,1.5426280878519276e+19,-6.944131862089327e-05,0.0,0.0,0.0,0.0,0.0,0.0,1.0
1779285970.3798232,-9.211434937054551e+17,-0.15460158330098006,3.141592651006504,1.5482181961511848e+19,6.944131862089383e-05,0.0,0.0,0.0,0.0,0.0,0.0,1.0
1779285970.3904412,-9.228703346589793e+17,-0.15520766815397458,3.141592651009727,1.5538131501800167e+19,-6.944131862089327e-05,0.0,0.0,0.0,0.0,0.0,0.0,1.0
1779285970.4009132,-9.266582785923918e+17,-0.15512345416975096,3.141592651013669,1.5598514868109066e+19,6.944131862089383e-05,0.0,0.0,0.0,0.0,0.0,0.0,1.0
1779285970.41136,-9.309389609150815e+17,-0.15488586062303383,3.141592651017774,1.5660138986161687e+19,-6.944131862089327e-05,0.0,0.0,0.0,0.0,0.0,0.0,1.0
1779285970.4215503,-9.333713740615821e+17,-0.15522157987166396,3.141592651021135,1.5715956042836068e+19,6.944131862089383e-05,0.0,0.0,0.0,0.0,0.0,0.0,1.0
1779285970.4319947,-9.374917595122464e+17,-0.15504320373498717,3.141592651025176,1.5777581814187244e+19,-6.944131862089327e-05,0.0,0.0,0.0,0.0,0.0,0.0,1.0
1779285970.4423192,-9.396782519694819e+17,-0.15547419282103653,3.141592651028489,1.5833955406342277e+19,6.944131862089383e-05,0.0,0.0,0.0,0.0,0.0,0.0,1.0
1779285970.452629,-9.429599821138632e+17,-0.15555088223331826,3.1415926510321928,1.589311715876798e+19,-6.944131862089332e-05,0.0,0.0,0.0,0.0,0.0,0.0,1.0
1779285970.4627676,-9.48557518493801e+17,-0.15488363934196445,3.141592651036656,1.595713511527803e+19,6.944131862089361e-05,0.0,0.0,0.0,0.0,0.0,0.0,1.0
1779285970.4730124,-9.519036956313874e+17,-0.15495536123929848,3.141592651040342,1.6016447072710201e+19,-6.944131862089361e-05,0.0,0.0,0.0,0.0,0.0,0.0,1.0
1779285970.4835331,-9.553083602278397e+17,-0.15504092945475073,3.141592651044128,1.6077743681406288e+19,6.94413186208934e-05,0.0,0.0,0.0,0.0,0.0,0.0,1.0
1779285970.494144,-9.568137287204431e+17,-0.15572879515084062,3.141592651047283,1.6135103719879789e+19,-6.944131862089378e-05,0.0,0.0,0.0,0.0,0.0,0.0,1.0
1779285970.5043445,-9.615069930514212e+17,-0.1553717359554359,3.141592651051429,1.6198050768321624e+19,6.944131862089327e-05,0.0,0.0,0.0,0.0,0.0,0.0,1.0
1779285970.5145724,-9.653284128019907e+17,-0.15530092058180983,3.1415926510552703,1.6259201562795555e+19,-6.944131862089387e-05,0.0,0.0,0.0,0.0,0.0,0.0,1.0
1779285970.524949,-9.677777212802403e+17,-0.15567455941278407,3.1415926510586836,1.6318085525106549e+19,6.944131862089325e-05,0.0,0.0,0.0,0.0,0.0,0.0,1.0
1779285970.5352116,-9.720528643766888e+17,-0.15547148234285574,3.1415926510626875,1.6380961779689138e+19,-6.944131862089384e-05,0.0,0.0,0.0,0.0,0.0,0.0,1.0
1779285970.5456507,-9.767108257509046e+17,-0.15518146525251444,3.1415926510668637,1.6446060128246745e+19,6.944131862089326e-05,0.0,0.0,0.0,0.0,0.0,0.0,1.0
1779285970.5559673,-9.804857479779109e+17,-0.15515880494772705,3.1415926510706944,1.6508428927215882e+19,-6.944131862089383e-05,0.0,0.0,0.0,0.0,0.0,0.0,1.0
1779285970.5666726,-9.797884583412022e+17,-0.15653783759083786,3.1415926510731467,1.6562431808446271e+19,6.944131862089327e-05,0.0,0.0,0.0,0.0,0.0,0.0,1.0
1779285970.5773406,-9.837299081501613e+17,-0.15647226520734914,3.1415926510771355,1.6627259499499497e+19,-6.944131862089383e-05,0.0,0.0,0.0,0.0,0.0,0.0,1.0
1779285970.5876095,-9.913881879325855e+17,-0.155269969725292,3.141592651082263,1.669974645969977e+19,6.944131862089327e-05,0.0,0.0,0.0,0.0,0.0,0.0,1.0
1779285970.5983036,-9.919759831982141e+17,-0.15626421286660241,3.141592651085144,1.6757442421787716e+19,-6.944131862089383e-05,0.0,0.0,0.0,0.0,0.0,0.0,1.0
1779285970.6085396,-9.97045752423096e+17,-0.1558511003649854,3.141592651089379,1.6823554973742076e+19,6.944131862089327e-05,0.0,0.0,0.0,0.0,0.0,0.0,1.0
1779285970.6185024,-1.0041468273915753e+18,-0.15481982772539482,3.1415926510941716,1.689310064512267e+19,-6.944131862089383e-05,0.0,0.0,0.0,0.0,0.0,0.0,1.0
1779285970.6291494,-1.0058900039818455e+18,-0.1554799012950576,3.1415926510974055,1.6953972068499362e+19,6.944131862089337e-05,0.0,0.0,0.0,0.0,0.0,0.0,1.0
1779285970.6393244,-1.0102498126877984e+18,-0.1553024076456167,3.1415926511013534,1.7018516918008916e+19,-6.944131862089359e-05,0.0,0.0,0.0,0.0,0.0,0.0,1.0
1779285970.649874,-1.0135707972084983e+18,-0.15547947510502838,3.1415926511050714,1.7083079969312481e+19,6.944131862089364e-05,0.0,0.0,0.0,0.0,0.0,0.0,1.0
1779285970.659919,-1.0185000331253792e+18,-0.15513030839550518,3.1415926511091516,1.7148620943520788e+19,-6.944131862089337e-05,0.0,0.0,0.0,0.0,0.0,0.0,1.0
1779285970.6704104,-1.0227936916854856e+18,-0.15502728319594025,3.1415926511131484,1.7215604390389074e+19,6.94413186208938e-05,0.0,0.0,0.0,0.0,0.0,0.0,1.0
1779285970.6806629,-1.0263135789158298e+18,-0.1551296871972665,3.1415926511168246,1.727941729228755e+19,-6.944131862089326e-05,0.0,0.0,0.0,0.0,0.0,0.0,1.0
1779285970.6908395,-1.0291424938281796e+18,-0.1554236875336789,3.141592651120261,1.734124790380165e+19,6.944131862089383e-05,0.0,0.0,0.0,0.0,0.0,0.0,1.0
1779285970.7013779,-1.0322501553022072e+18,-0.1556728752771268,3.1415926511238963,1.740631147541178e+19,-6.944131862089327e-05,0.0,0.0,0.0,0.0,0.0,0.0,1.0
1779285970.7113142,-1.0394044689944605e+18,-0.15469270535503482,3.1415926511286063,1.7477637763932627e+19,6.944131862089383e-05,0.0,0.0,0.0,0.0,0.0,0.0,1.0
1779285970.721604,-1.0404738030275988e+18,-0.15552051372695974,3.1415926511315178,1.7536503113529168e+19,-6.944131862089327e-05,0.0,0.0,0.0,0.0,0.0,0.0,1.0
1779285970.731744,-1.0454894601161887e+18,-0.1551883249562407,3.1415926511356105,1.7604277224071424e+19,6.944131862089383e-05,0.0,0.0,0.0,0.0,0.0,0.0,1.0
1779285970.7417047,-1.051598446828412e+18,-0.15453885266226636,3.1415926511399697,1.7673784590716789e+19,-6.944131862089327e-05,0.0,0.0,0.0,0.0,0.0,0.0,1.0
1779285970.7519836,-1.053728348617456e+18,-0.15506917177310647,3.1415926511431937,1.773578647409466e+19,6.944131862089383e-05,0.0,0.0,0.0,0.0,0.0,0.0,1.0
1779285970.7624834,-1.0581657446015706e+18,-0.15496190637649562,3.1415926511471906,1.780509366543078e+19,-6.944131862089327e-05,0.0,0.0,0.0,0.0,0.0,0.0,1.0
1779285970.7727766,-1.0623453223449695e+18,-0.1549123966368512,3.1415926511510417,1.787266800966578e+19,6.944131862089383e-05,0.0,0.0,0.0,0.0,0.0,0.0,1.0
1779285970.7835612,-1.0604924398176157e+18,-0.15660844212222444,3.141592651153231,1.792888820367329e+19,-6.944131862089327e-05,0.0,0.0,0.0,0.0,0.0,0.0,1.0
1779285970.7938051,-1.0698170245580316e+18,-0.15509178730727435,3.141592651158623,1.8009211451468737e+19,6.944131862089379e-05,0.0,0.0,0.0,0.0,0.0,0.0,1.0
1779285970.8041832,-1.0751438930854008e+18,-0.15474721394758867,3.141592651162828,1.8080841866034012e+19,-6.944131862089344e-05,0.0,0.0,0.0,0.0,0.0,0.0,1.0
1779285970.8149445,-1.0740476530968608e+18,-0.15623358868055442,3.1415926511652454,1.8139510398855066e+19,6.944131862089353e-05,0.0,0.0,0.0,0.0,0.0,0.0,1.0
1779285970.825148,-1.0792119203001275e+18,-0.15589988992333342,3.141592651169363,1.8210027288647094e+19,-6.944131862089367e-05,0.0,0.0,0.0,0.0,0.0,0.0,1.0
1779285970.8352172,-1.086350216711874e+18,-0.1550243251057539,3.1415926511739993,1.8284696433651587e+19,6.944131862089336e-05,0.0,0.0,0.0,0.0,0.0,0.0,1.0
1779285970.8456357,-1.0908399741393879e+18,-0.15493809793167712,3.1415926511779455,1.83554232570648e+19,-6.94413186208938e-05,0.0,0.0,0.0,0.0,0.0,0.0,1.0
1779285970.855852,-1.0939238303832927e+18,-0.15521856382500906,3.141592651181421,1.8421576598377005e+19,6.944131862089326e-05,0.0,0.0,0.0,0.0,0.0,0.0,1.0
1779285970.8659983,-1.0986117671796782e+18,-0.15505156679702298,3.141592651185336,1.849139287236075e+19,-6.944131862089383e-05,0.0,0.0,0.0,0.0,0.0,0.0,1.0
1779285970.876042,-1.1035614326857444e+18,-0.1548105430207942,3.1415926511892867,1.8561385314862408e+19,6.944131862089327e-05,0.0,0.0,0.0,0.0,0.0,0.0,1.0
1779285970.8868253,-1.10557266568638e+18,-0.15545098201141724,3.1415926511926138,1.8629443467922584e+19,-6.944131862089383e-05,0.0,0.0,0.0,0.0,0.0,0.0,1.0
1779285970.8971539,-1.1103538271518276e+18,-0.15528627663093597,3.141592651196598,1.8701401465571537e+19,6.944131862089327e-05,0.0,0.0,0.0,0.0,0.0,0.0,1.0
1779285970.907555,-1.1130722546667419e+18,-0.15568992902829637,3.1415926512000176,1.8769031774364426e+19,-6.944131862089383e-05,0.0,0.0,0.0,0.0,0.0,0.0,1.0
1779285970.9180167,-1.1178217043175951e+18,-0.15555362070455894,3.1415926512040278,1.884232059345845e+19,6.944131862089327e-05,0.0,0.0,0.0,0.0,0.0,0.0,1.0
1779285970.928054,-1.1232175738409216e+18,-0.15520883980585246,3.1415926512080814,1.891447530612331e+19,-6.944131862089383e-05,0.0,0.0,0.0,0.0,0.0,0.0,1.0
1779285970.9382486,-1.127229146549105e+18,-0.15525987808302588,3.141592651211786,1.8984553742439318e+19,6.944131862089327e-05,0.0,0.0,0.0,0.0,0.0,0.0,1.0
1779285970.9489164,-1.1306122793275366e+18,-0.1555292530701617,3.141592651215454,1.90565711189661e+19,-6.944131862089383e-05,0.0,0.0,0.0,0.0,0.0,0.0,1.0
1779285970.9593647,-1.1359620416625106e+18,-0.15525735654487188,3.1415926512195966,1.9132135864960717e+19,6.944131862089327e-05,0.0,0.0,0.0,0.0,0.0,0.0,1.0
1779285970.9697335,-1.138563081341031e+18,-0.15570760079259094,3.1415926512229575,1.9200660935687954e+19,-6.944131862089374e-05,0.0,0.0,0.0,0.0,0.0,0.0,1.0
1779285970.9801285,-1.1434220104398836e+18,-0.15556513042934747,3.1415926512269436,1.9275136153340117e+19,6.944131862089352e-05,0.0,0.0,0.0,0.0,0.0,0.0,1.0
1779285970.9908323,-1.1457063367254988e+18,-0.15613323784558575,3.1415926512303223,1.9345763666490843e+19,-6.944131862089346e-05,0.0,0.0,0.0,0.0,0.0,0.0,1.0
1779285971.001074,-1.1501676803316723e+18,-0.15607971137683435,3.141592651234152,1.9418674847099994e+19,6.944131862089372e-05,0.0,0.0,0.0,0.0,0.0,0.0,1.0
1779285971.0116997,-1.1545578318516137e+18,-0.15608891775255676,3.1415926512380636,1.9494146925991137e+19,-6.944131862089332e-05,0.0,0.0,0.0,0.0,0.0,0.0,1.0
1779285971.022162,-1.1591902764991923e+18,-0.1560290560633587,3.1415926512419965,1.9569590195347415e+19,6.944131862089383e-05,0.0,0.0,0.0,0.0,0.0,0.0,1.0
1779285971.0324795,-1.1653305750754396e+18,-0.15557444486408023,3.141592651246272,1.9647849812094226e+19,-6.944131862089323e-05,0.0,0.0,0.0,0.0,0.0,0.0,1.0
1779285971.0426311,-1.1702690309609544e+18,-0.15542388727731454,3.141592651250164,1.9722176062799237e+19,6.944131862089386e-05,0.0,0.0,0.0,0.0,0.0,0.0,1.0
1779285971.0527337,-1.175786920376678e+18,-0.15512873076114664,3.141592651254184,1.9797817221143392e+19,-6.944131862089326e-05,0.0,0.0,0.0,0.0,0.0,0.0,1.0
1779285971.063125,-1.1804985503303526e+18,-0.15507888307621986,3.141592651258069,1.987378283706431e+19,6.944131862089383e-05,0.0,0.0,0.0,0.0,0.0,0.0,1.0
1779285971.0732603,-1.1843648210927987e+18,-0.15521814684605967,3.141592651261652,1.9946064291201466e+19,-6.944131862089327e-05,0.0,0.0,0.0,0.0,0.0,0.0,1.0
1779285971.0836015,-1.1870932413261146e+18,-0.15566474372140132,3.1415926512650065,2.001734490210278e+19,6.944131862089383e-05,0.0,0.0,0.0,0.0,0.0,0.0,1.0
1779285971.0939813,-1.1938574904831148e+18,-0.1550989721483142,3.1415926512694057,2.0099000914931507e+19,-6.944131862089327e-05,0.0,0.0,0.0,0.0,0.0,0.0,1.0
1779285971.1041334,-1.1978585529059085e+18,-0.1552155647500678,3.141592651273016,2.0172469427024703e+19,6.944131862089383e-05,0.0,0.0,0.0,0.0,0.0,0.0,1.0
1779285971.1145904,-1.2020895172855603e+18,-0.15530751793062658,3.1415926512767722,2.0248946010692325e+19,-6.944131862089327e-05,0.0,0.0,0.0,0.0,0.0,0.0,1.0
1779285971.1250293,-1.2049305196776148e+18,-0.1557430722527242,3.141592651280173,2.0322185399766807e+19,6.944131862089383e-05,0.0,0.0,0.0,0.0,0.0,0.0,1.0
1779285971.1354363,-1.2115300871695905e+18,-0.15524384242057318,3.141592651284509,2.040467551161359e+19,-6.944131862089327e-05,0.0,0.0,0.0,0.0,0.0,0.0,1.0
1779285971.1457183,-1.2136133907387535e+18,-0.1558552133653012,3.1415926512876666,2.047536364593301e+19,6.94413186208937e-05,0.0,0.0,0.0,0.0,0.0,0.0,1.0
1779285971.1559994,-1.222105091053533e+18,-0.15488009528709887,3.141592651292388,2.0561322721545978e+19,-6.944131862089356e-05,0.0,0.0,0.0,0.0,0.0,0.0,1.0
1779285971.1662047,-1.2269238428418e+18,-0.15483089963044222,3.141592651296186,2.0638704250711335e+19,6.944131862089344e-05,0.0,0.0,0.0,0.0,0.0,0.0,1.0
1779285971.176606,-1.2336735039284887e+18,-0.15433817616296477,3.1415926513005035,2.0722467764425626e+19,-6.944131862089375e-05,0.0,0.0,0.0,0.0,0.0,0.0,1.0
1779285971.1868255,-1.2359894142938555e+18,-0.15491098730203648,3.1415926513036716,2.0794232547105505e+19,6.944131862089329e-05,0.0,0.0,0.0,0.0,0.0,0.0,1.0
1779285971.1970232,-1.2405168389508864e+18,-0.154937509168034,3.1415926513073797,2.087154589148666e+19,-6.944131862089386e-05,0.0,0.0,0.0,0.0,0.0,0.0,1.0
1779285971.2072196,-1.2465823256639752e+18,-0.15459733068174603,3.1415926513114494,2.0952815166736536e+19,6.944131862089326e-05,0.0,0.0,0.0,0.0,0.0,0.0,1.0
1779285971.2174685,-1.252085489191742e+18,-0.1544098554827114,3.1415926513153885,2.1033398418966585e+19,-6.944131862089383e-05,0.0,0.0,0.0,0.0,0.0,0.0,1.0
1779285971.2279932,-1.2558370956503368e+18,-0.15467705104752336,3.1415926513189856,2.111209664095334e+19,6.944131862089327e-05,0.0,0.0,0.0,0.0,0.0,0.0,1.0
1779285971.2381735,-1.259406368548314e+18,-0.1549459301291068,3.141592651322436,2.1187936161736475e+19,-6.944131862089383e-05,0.0,0.0,0.0,0.0,0.0,0.0,1.0
1779285971.2486687,-1.2641801449055442e+18,-0.15496128623062236,3.141592651326267,2.1269439341097984e+19,6.944131862089327e-05,0.0,0.0,0.0,0.0,0.0,0.0,1.0
1779285971.2587922,-1.2687988595704837e+18,-0.1549770373024346,3.1415926513299457,2.134792314442092e+19,-6.944131862089383e-05,0.0,0.0,0.0,0.0,0.0,0.0,1.0
1779285971.2693334,-1.2727946678239826e+18,-0.1551872896201649,3.1415926513335988,2.1428403103776727e+19,6.944131862089327e-05,0.0,0.0,0.0,0.0,0.0,0.0,1.0
1779285971.2794125,-1.2788956626946125e+18,-0.15485591068751817,3.141592651337601,2.1510681104303555e+19,-6.944131862089383e-05,0.0,0.0,0.0,0.0,0.0,0.0,1.0
1779285971.289595,-1.28446521031819e+18,-0.15467184014196683,3.1415926513414973,2.1592720400601383e+19,6.944131862089327e-05,0.0,0.0,0.0,0.0,0.0,0.0,1.0
1779285971.2998133,-1.2865139228033777e+18,-0.15531511812474447,3.14159265134459,2.166667213236005e+19,-6.944131862089383e-05,0.0,0.0,0.0,0.0,0.0,0.0,1.0
1779285971.3101435,-1.2919721127960013e+18,-0.1551711655661863,3.1415926513485033,2.1750152894578135e+19,6.944131862089332e-05,0.0,0.0,0.0,0.0,0.0,0.0,1.0
1779285971.3202903,-1.2982389722146908e+18,-0.1548304083184939,3.1415926513525356,2.1834409167980597e+19,-6.944131862089361e-05,0.0,0.0,0.0,0.0,0.0,0.0,1.0
1779285971.3308213,-1.3026326999110781e+18,-0.15497313581282685,3.1415926513562473,2.1917394055072027e+19,6.944131862089361e-05,0.0,0.0,0.0,0.0,0.0,0.0,1.0
1779285971.3413768,-1.3065906799696415e+18,-0.1552161283423362,3.1415926513598595,2.199959191172589e+19,-6.94413186208934e-05,0.0,0.0,0.0,0.0,0.0,0.0,1.0
1779285971.3514583,-1.3123723650018207e+18,-0.15499667577016302,3.141592651363748,2.208306599931313e+19,6.944131862089378e-05,0.0,0.0,0.0,0.0,0.0,0.0,1.0
1779285971.361723,-1.3174186927903946e+18,-0.1549713064646966,3.141592651367513,2.2166325938309353e+19,-6.944131862089327e-05,0.0,0.0,0.0,0.0,0.0,0.0,1.0
1779285971.3719058,-1.323576793761738e+18,-0.15469066716330232,3.141592651371491,2.2251883538330763e+19,6.944131862089387e-05,0.0,0.0,0.0,0.0,0.0,0.0,1.0
1779285971.3821084,-1.3263528921673702e+18,-0.15518393275856535,3.141592651374724,2.2329649036116087e+19,-6.944131862089325e-05,0.0,0.0,0.0,0.0,0.0,0.0,1.0
1779285971.3921351,-1.333373894271061e+18,-0.15469807363164526,3.1415926513788355,2.241661045985181e+19,6.944131862089384e-05,0.0,0.0,0.0,0.0,0.0,0.0,1.0
1779285971.402455,-1.3368628706866806e+18,-0.15504841455509139,3.1415926513822505,2.2497589532203827e+19,-6.944131862089326e-05,0.0,0.0,0.0,0.0,0.0,0.0,1.0
1779285971.4128025,-1.3404089002322368e+18,-0.15538391097145632,3.1415926513856913,2.2579223504037716e+19,6.944131862089383e-05,0.0,0.0,0.0,0.0,0.0,0.0,1.0
1779285971.4229305,-1.3468797587856758e+18,-0.15504386889406685,3.1415926513896952,2.2666461443274527e+19,-6.944131862089327e-05,0.0,0.0,0.0,0.0,0.0,0.0,1.0
1779285971.4333556,-1.353853888184493e+18,-0.1546386595479929,3.141592651393882,2.2757678200430952e+19,6.944131862089383e-05,0.0,0.0,0.0,0.0,0.0,0.0,1.0
1779285971.4438112,-1.3573831494001027e+18,-0.15500885273897283,3.14159265139733,2.2840972536252936e+19,-6.944131862089327e-05,0.0,0.0,0.0,0.0,0.0,0.0,1.0
1779285971.4543953,-1.3613835978021957e+18,-0.15528501499033714,3.141592651400922,2.2926844879309873e+19,6.944131862089383e-05,0.0,0.0,0.0,0.0,0.0,0.0,1.0
1779285971.4649787,-1.3647991081175823e+18,-0.15568641181157483,3.141592651404391,2.301156338117156e+19,-6.944131862089327e-05,0.0,0.0,0.0,0.0,0.0,0.0,1.0
1779285971.4752083,-1.3724858862762993e+18,-0.15511667720363725,3.141592651408649,2.310402132926236e+19,6.944131862089383e-05,0.0,0.0,0.0,0.0,0.0,0.0,1.0
1779285971.4854228,-1.3772591440859924e+18,-0.15519551293611333,3.1415926514122754,2.3189455234065814e+19,-6.944131862089337e-05,0.0,0.0,0.0,0.0,0.0,0.0,1.0
1779285971.4954998,-1.3829234966483794e+18,-0.15506965298334324,3.141592651416042,2.3276223269651223e+19,6.944131862089359e-05,0.0,0.0,0.0,0.0,0.0,0.0,1.0
1779285971.5057445,-1.3881497453097633e+18,-0.15506275282962315,3.141592651419761,2.3363593484022473e+19,-6.944131862089364e-05,0.0,0.0,0.0,0.0,0.0,0.0,1.0
1779285971.5158706,-1.3942725996738414e+18,-0.15485539403581028,3.141592651423622,2.3452441077045187e+19,6.944131862089337e-05,0.0,0.0,0.0,0.0,0.0,0.0,1.0
1779285971.5262456,-1.395093623941072e+18,-0.1558115655914612,3.1415926514264587,2.3530498957196874e+19,-6.94413186208938e-05,0.0,0.0,0.0,0.0,0.0,0.0,1.0
1779285971.5366828,-1.4037286004888707e+18,-0.15508962636365345,3.141592651430904,2.362821141678597e+19,6.944131862089326e-05,0.0,0.0,0.0,0.0,0.0,0.0,1.0
1779285971.546869,-1.4114514192503603e+18,-0.15456548403075004,3.1415926514350847,2.372233455051036e+19,-6.944131862089383e-05,0.0,0.0,0.0,0.0,0.0,0.0,1.0
1779285971.5573807,-1.4161379290641756e+18,-0.15473439613575884,3.141592651438737,2.38121444284281e+19,6.944131862089327e-05,0.0,0.0,0.0,0.0,0.0,0.0,1.0
1779285971.5676029,-1.4208401762828147e+18,-0.15486717062248598,3.141592651442302,2.3899745762469528e+19,-6.944131862089383e-05,0.0,0.0,0.0,0.0,0.0,0.0,1.0
1779285971.5779915,-1.4218587045457994e+18,-0.15578798265139718,3.141592651445184,2.3980034492578546e+19,6.944131862089327e-05,0.0,0.0,0.0,0.0,0.0,0.0,1.0
1779285971.5880456,-1.4340497191455657e+18,-0.15432490590943065,3.1415926514501855,2.4085113318470115e+19,-6.944131862089383e-05,0.0,0.0,0.0,0.0,0.0,0.0,1.0
1779285971.59821,-1.4376905350114447e+18,-0.15469117997582377,3.141592651453501,2.417042401137146e+19,6.944131862089327e-05,0.0,0.0,0.0,0.0,0.0,0.0,1.0
1779285971.608843,-1.4375238582199447e+18,-0.1558898468551977,3.1415926514562207,2.4250924465082778e+19,-6.944131862089383e-05,0.0,0.0,0.0,0.0,0.0,0.0,1.0
1779285971.618754,-1.4481510729965875e+18,-0.15475922679798365,3.1415926514608383,2.4351752855269986e+19,6.944131862089327e-05,0.0,0.0,0.0,0.0,0.0,0.0,1.0
1779285971.6288152,-1.4544032926398838e+18,-0.15457659899219844,3.141592651464623,2.4443429549230207e+19,-6.944131862089383e-05,0.0,0.0,0.0,0.0,0.0,0.0,1.0
1779285971.639078,-1.4600131630580695e+18,-0.1545552032780579,3.1415926514683363,2.453563550866268e+19,6.944131862089327e-05,0.0,0.0,0.0,0.0,0.0,0.0,1.0
1779285971.6492844,-1.4655183866153482e+18,-0.1545530330224507,3.1415926514720054,2.4627378874905166e+19,-6.944131862089379e-05,0.0,0.0,0.0,0.0,0.0,0.0,1.0
1779285971.6594148,-1.4713395703432886e+18,-0.1544816917741696,3.1415926514757064,2.471951945265851e+19,6.944131862089344e-05,0.0,0.0,0.0,0.0,0.0,0.0,1.0
1779285971.6699026,-1.4758782741759813e+18,-0.15471325055725318,3.1415926514792645,2.4812016308377485e+19,-6.944131862089353e-05,0.0,0.0,0.0,0.0,0.0,0.0,1.0
1779285971.6804385,-1.481035827447856e+18,-0.15482328565772807,3.141592651482952,2.4906786455241474e+19,6.944131862089367e-05,0.0,0.0,0.0,0.0,0.0,0.0,1.0
1779285971.690934,-1.481746600375497e+18,-0.15582342034134436,3.1415926514857944,2.4990613724325134e+19,-6.944131862089336e-05,0.0,0.0,0.0,0.0,0.0,0.0,1.0
1779285971.7013643,-1.489766825273446e+18,-0.15533400063057018,3.1415926514899946,2.5092139108528083e+19,6.94413186208938e-05,0.0,0.0,0.0,0.0,0.0,0.0,1.0
1779285971.7118866,-1.4943593711437606e+18,-0.15555744530553764,3.1415926514935713,2.5186430093899485e+19,-6.944131862089326e-05,0.0,0.0,0.0,0.0,0.0,0.0,1.0
1779285971.7225466,-1.496825504007107e+18,-0.15621729714844024,3.1415926514967953,2.5277079508955582e+19,6.944131862089383e-05,0.0,0.0,0.0,0.0,0.0,0.0,1.0
1779285971.7326362,-1.5069574379147648e+18,-0.15528913970334562,3.1415926515012575,2.5381522678286664e+19,-6.944131862089327e-05,0.0,0.0,0.0,0.0,0.0,0.0,1.0
1779285971.7434988,-1.5041193323476403e+18,-0.15702991484959836,3.1415926515035686,2.54617325434909e+19,6.944131862089383e-05,0.0,0.0,0.0,0.0,0.0,0.0,1.0
1779285971.7535558,-1.5171451362433446e+18,-0.15553103624105652,3.141592651508539,2.5573606561074455e+19,-6.944131862089327e-05,0.0,0.0,0.0,0.0,0.0,0.0,1.0
1779285971.7636514,-1.5246331116880044e+18,-0.15516440200063214,3.1415926515124815,2.5672496873825944e+19,6.944131862089383e-05,0.0,0.0,0.0,0.0,0.0,0.0,1.0
1779285971.7741566,-1.530018054893685e+18,-0.15526559914355892,3.1415926515161576,2.5770439705328894e+19,-6.944131862089327e-05,0.0,0.0,0.0,0.0,0.0,0.0,1.0
1779285971.7842875,-1.5370076253786496e+18,-0.1550155500211975,3.1415926515200017,2.5869052049259086e+19,6.944131862089383e-05,0.0,0.0,0.0,0.0,0.0,0.0,1.0
1779285971.7944043,-1.5441788522972063e+18,-0.15473830001077743,3.14159265152386,2.596826281254144e+19,-6.944131862089327e-05,0.0,0.0,0.0,0.0,0.0,0.0,1.0
1779285971.8047187,-1.5483847103829018e+18,-0.15506342799940678,3.141592651527244,2.6062386901646217e+19,6.944131862089383e-05,0.0,0.0,0.0,0.0,0.0,0.0,1.0
1779285971.8149037,-1.554615339924195e+18,-0.15498073411473112,3.141592651530945,2.6160579019010912e+19,-6.944131862089327e-05,0.0,0.0,0.0,0.0,0.0,0.0,1.0
1779285971.825526,-1.557829595383995e+18,-0.1555278039106439,3.1415926515342445,2.625590755348014e+19,6.944131862089374e-05,0.0,0.0,0.0,0.0,0.0,0.0,1.0
1779285971.8360736,-1.5620980172449027e+18,-0.15585668921635573,3.141592651537712,2.635348229311586e+19,-6.944131862089352e-05,0.0,0.0,0.0,0.0,0.0,0.0,1.0
1779285971.846392,-1.5693491512503132e+18,-0.15559080749897894,3.14159265154162,2.645634948340035e+19,6.944131862089346e-05,0.0,0.0,0.0,0.0,0.0,0.0,1.0
1779285971.856792,-1.5784102512726874e+18,-0.15500479270398312,3.141592651545852,2.656482650388535e+19,-6.944131862089372e-05,0.0,0.0,0.0,0.0,0.0,0.0,1.0
1779285971.8674564,-1.581373861394826e+18,-0.15561582704615542,3.1415926515491055,2.666128620713725e+19,6.944131862089332e-05,0.0,0.0,0.0,0.0,0.0,0.0,1.0
1779285971.8780563,-1.5819951689719703e+18,-0.1566435582793394,3.1415926515519406,2.6751385472366633e+19,-6.944131862089383e-05,0.0,0.0,0.0,0.0,0.0,0.0,1.0
1779285971.888032,-1.5946120629648102e+18,-0.15533816634518427,3.1415926515566133,2.6864751208110096e+19,6.944131862089323e-05,0.0,0.0,0.0,0.0,0.0,0.0,1.0
1779285971.8979392,-1.6058784082510031e+18,-0.1543269066907418,3.1415926515610346,2.697544850812962e+19,-6.944131862089386e-05,0.0,0.0,0.0,0.0,0.0,0.0,1.0
1779285971.9086337,-1.6045180060217413e+18,-0.15576738041365348,3.14159265156355,2.706292601945617e+19,6.944131862089326e-05,0.0,0.0,0.0,0.0,0.0,0.0,1.0
1779285971.91866,-1.614449205174624e+18,-0.15501490893878253,3.141592651567761,2.7171808645652832e+19,-6.944131862089383e-05,0.0,0.0,0.0,0.0,0.0,0.0,1.0
1779285971.9288437,-1.622898900539326e+18,-0.15457594686495332,3.1415926515717523,2.7278952043910185e+19,6.944131862089327e-05,0.0,0.0,0.0,0.0,0.0,0.0,1.0
1779285971.9395573,-1.6235544179251356e+18,-0.15563834849794894,3.1415926515746095,2.7372663181021258e+19,-6.944131862089383e-05,0.0,0.0,0.0,0.0,0.0,0.0,1.0
1779285971.9500456,-1.6327428207010424e+18,-0.15509297292770205,3.1415926515788053,2.748532625438428e+19,6.944131862089327e-05,0.0,0.0,0.0,0.0,0.0,0.0,1.0
1779285971.960267,-1.6383491435084739e+18,-0.15519040511173382,3.1415926515823225,2.7586876587870126e+19,-6.944131862089383e-05,0.0,0.0,0.0,0.0,0.0,0.0,1.0
1779285971.9709249,-1.641941679752273e+18,-0.1557010747718076,3.1415926515856416,2.768824975653407e+19,6.944131862089327e-05,0.0,0.0,0.0,0.0,0.0,0.0,1.0
1779285971.9812806,-1.6515917424419423e+18,-0.1550770075697503,3.1415926515898454,2.7801756254446068e+19,-6.944131862089383e-05,0.0,0.0,0.0,0.0,0.0,0.0,1.0
1779285971.991466,-1.656798481611725e+18,-0.15525510161167955,3.14159265159327,2.7902986029042745e+19,6.944131862089327e-05,0.0,0.0,0.0,0.0,0.0,0.0,1.0
1779285972.0019445,-1.6621742726481418e+18,-0.15543284145036293,3.141592651596805,2.800791398536021e+19,-6.94413186208937e-05,0.0,0.0,0.0,0.0,0.0,0.0,1.0
1779285972.012013,-1.6701750413779978e+18,-0.15509774099379642,3.1415926516006296,2.8115443487534404e+19,6.944131862089356e-05,0.0,0.0,0.0,0.0,0.0,0.0,1.0
1779285972.0220926,-1.6781364068099937e+18,-0.15478297323725074,3.1415926516044372,2.8223301740974326e+19,-6.944131862089344e-05,0.0,0.0,0.0,0.0,0.0,0.0,1.0
1779285972.0326915,-1.6821904387267218e+18,-0.1552281150535835,3.141592651607777,2.83272752742166e+19,6.944131862089375e-05,0.0,0.0,0.0,0.0,0.0,0.0,1.0
1779285972.043308,-1.6862382714289362e+18,-0.1556690956610073,3.141592651611125,2.843185106280797e+19,-6.944131862089329e-05,0.0,0.0,0.0,0.0,0.0,0.0,1.0
1779285972.053878,-1.6916845880632812e+18,-0.15585275392117756,3.141592651614679,2.8539731264618906e+19,6.944131862089386e-05,0.0,0.0,0.0,0.0,0.0,0.0,1.0
1779285972.0642285,-1.7011213762047636e+18,-0.15531484593987696,3.141592651618775,2.8655444010793034e+19,-6.944131862089326e-05,0.0,0.0,0.0,0.0,0.0,0.0,1.0
1779285972.0748417,-1.7054759371072466e+18,-0.15571198825886143,3.1415926516221573,2.87618420094343e+19,6.944131862089383e-05,0.0,0.0,0.0,0.0,0.0,0.0,1.0
1779285972.0851047,-1.7116077688774093e+18,-0.15575620229540182,3.141592651625704,2.8869207705000755e+19,-6.944131862089327e-05,0.0,0.0,0.0,0.0,0.0,0.0,1.0
1779285972.0951078,-1.7209098340881692e+18,-0.15522689712893256,3.1415926516296464,2.898195047725156e+19,6.944131862089383e-05,0.0,0.0,0.0,0.0,0.0,0.0,1.0
1779285972.1053116,-1.7243713100263555e+18,-0.15574365193696427,3.1415926516327533,2.9082773958824284e+19,-6.944131862089327e-05,0.0,0.0,0.0,0.0,0.0,0.0,1.0
1779285972.1157055,-1.734762781767996e+18,-0.15508088117118934,3.141592651636957,2.9203057607107936e+19,6.944131862089383e-05,0.0,0.0,0.0,0.0,0.0,0.0,1.0
1779285972.126241,-1.7381287085840323e+18,-0.15565881510057733,3.1415926516401393,2.9307975241737454e+19,-6.944131862089327e-05,0.0,0.0,0.0,0.0,0.0,0.0,1.0
1779285972.136281,-1.748338694568285e+18,-0.15500432722576685,3.1415926516441885,2.942469324401394e+19,6.944131862089383e-05,0.0,0.0,0.0,0.0,0.0,0.0,1.0
1779285972.1463716,-1.7552220330530084e+18,-0.15494098178192672,3.141592651647745,2.9534122567623025e+19,-6.944131862089327e-05,0.0,0.0,0.0,0.0,0.0,0.0,1.0
1779285972.1565847,-1.7620103472175048e+18,-0.15491135747352863,3.1415926516513153,2.9644987570853933e+19,6.944131862089383e-05,0.0,0.0,0.0,0.0,0.0,0.0,1.0
1779285972.1668215,-1.7687537053776392e+18,-0.15489554964696006,3.1415926516548787,2.97563462440382e+19,-6.944131862089332e-05,0.0,0.0,0.0,0.0,0.0,0.0,1.0
1779285972.177372,-1.774339980415185e+18,-0.15510954934714455,3.141592651658355,2.9868418703588295e+19,6.944131862089361e-05,0.0,0.0,0.0,0.0,0.0,0.0,1.0
1779285972.1876318,-1.779276902432015e+18,-0.15540156108625872,3.1415926516616572,2.99763479399891e+19,-6.944131862089361e-05,0.0,0.0,0.0,0.0,0.0,0.0,1.0
1779285972.1979017,-1.7839937876241428e+18,-0.1557276299913754,3.1415926516649293,3.008420968399263e+19,6.94413186208934e-05,0.0,0.0,0.0,0.0,0.0,0.0,1.0
1779285972.2085936,-1.791784013470766e+18,-0.1555849774486624,3.1415926516687662,3.0204700359180743e+19,-6.944131862089378e-05,0.0,0.0,0.0,0.0,0.0,0.0,1.0
1779285972.2188172,-1.801990532069265e+18,-0.15500193527717748,3.1415926516727914,3.0326240921071948e+19,6.944131862089327e-05,0.0,0.0,0.0,0.0,0.0,0.0,1.0
1779285972.2289062,-1.808594092736131e+18,-0.15501788792563873,3.1415926516762553,3.0437831160922563e+19,-6.944131862089387e-05,0.0,0.0,0.0,0.0,0.0,0.0,1.0
1779285972.239479,-1.8082633132574697e+18,-0.15622807353554855,3.141592651678886,3.0538197677756146e+19,6.944131862089325e-05,0.0,0.0,0.0,0.0,0.0,0.0,1.0
1779285972.249532,-1.82337279598558e+18,-0.154827731956334,3.141592651683524,3.067091715543453e+19,-6.944131862089384e-05,0.0,0.0,0.0,0.0,0.0,0.0,1.0
1779285972.260025,-1.8296964732240195e+18,-0.15495000098853728,3.141592651687045,3.0787444206000583e+19,6.944131862089326e-05,0.0,0.0,0.0,0.0,0.0,0.0,1.0
1779285972.2702408,-1.8352248583723558e+18,-0.1551709657507364,3.1415926516903703,3.0899240004779934e+19,-6.944131862089383e-05,0.0,0.0,0.0,0.0,0.0,0.0,1.0
1779285972.2805939,-1.8431096317457016e+18,-0.15502319055257532,3.1415926516940544,3.101875039737828e+19,6.944131862089327e-05,0.0,0.0,0.0,0.0,0.0,0.0,1.0
1779285972.2909079,-1.849726226195523e+18,-0.155083464971577,3.1415926516975468,3.113508192529951e+19,-6.944131862089383e-05,0.0,0.0,0.0,0.0,0.0,0.0,1.0
1779285972.301563,-1.8538871737242506e+18,-0.1555771321363127,3.141592651700801,3.1249672969208635e+19,6.944131862089327e-05,0.0,0.0,0.0,0.0,0.0,0.0,1.0
1779285972.3120599,-1.859568644532144e+18,-0.15580295835742336,3.141592651704217,3.1366644191087792e+19,-6.944131862089383e-05,0.0,0.0,0.0,0.0,0.0,0.0,1.0
1779285972.322616,-1.8657605098382418e+18,-0.15595321507000026,3.1415926517077164,3.148592619989209e+19,6.944131862089327e-05,0.0,0.0,0.0,0.0,0.0,0.0,1.0
1779285972.3326237,-1.8774702821118272e+18,-0.1551703592409477,3.1415926517117825,3.1612767363913298e+19,-6.944131862089383e-05,0.0,0.0,0.0,0.0,0.0,0.0,1.0
1779285972.3430872,-1.8827057805081746e+18,-0.15548552884520817,3.141592651715105,3.1729374386315616e+19,6.944131862089337e-05,0.0,0.0,0.0,0.0,0.0,0.0,1.0
1779285972.353474,-1.8910915191838272e+18,-0.15529177826480128,3.1415926517188186,3.1853201220048392e+19,-6.944131862089359e-05,0.0,0.0,0.0,0.0,0.0,0.0,1.0
1779285972.3636596,-1.895213545080587e+18,-0.1557550040476517,3.141592651721904,3.1964629673231884e+19,6.944131862089364e-05,0.0,0.0,0.0,0.0,0.0,0.0,1.0
1779285972.3736355,-1.9067975530056412e+18,-0.15501966127560737,3.141592651725899,3.209220309732213e+19,-6.944131862089337e-05,0.0,0.0,0.0,0.0,0.0,0.0,1.0
1779285972.3839018,-1.9094939719582492e+18,-0.15572417897350738,3.1415926517288133,3.2201869346759426e+19,6.94413186208938e-05,0.0,0.0,0.0,0.0,0.0,0.0,1.0
1779285972.3940492,-1.92141548533647e+18,-0.15496866886400806,3.141592651732884,3.2333095740749263e+19,-6.944131862089326e-05,0.0,0.0,0.0,0.0,0.0,0.0,1.0
1779285972.404185,-1.931395405364799e+18,-0.15453621461141176,3.14159265173668,3.2459799819932856e+19,6.944131862089383e-05,0.0,0.0,0.0,0.0,0.0,0.0,1.0
1779285972.414444,-1.9364429453707725e+18,-0.15489067473961637,3.141592651739871,3.2576240501431095e+19,-6.944131862089327e-05,0.0,0.0,0.0,0.0,0.0,0.0,1.0
1779285972.4248016,-1.9437546767379305e+18,-0.1549018562158355,3.1415926517433768,3.269982429172005e+19,6.944131862089383e-05,0.0,0.0,0.0,0.0,0.0,0.0,1.0
1779285972.4351897,-1.9484122737212278e+18,-0.15532528624537842,3.141592651746552,3.2817652803129205e+19,-6.944131862089327e-05,0.0,0.0,0.0,0.0,0.0,0.0,1.0
1779285972.4454422,-1.9550575439601664e+18,-0.15542439092756757,3.1415926517499377,3.293916157177101e+19,6.944131862089383e-05,0.0,0.0,0.0,0.0,0.0,0.0,1.0
1779285972.45557,-1.9663308707443103e+18,-0.15480913649287273,3.1415926517538564,3.307085931212365e+19,-6.944131862089327e-05,0.0,0.0,0.0,0.0,0.0,0.0,1.0
1779285972.465625,-1.9769487058090665e+18,-0.1543054003895424,3.141592651757655,3.320048181720271e+19,6.944131862089383e-05,0.0,0.0,0.0,0.0,0.0,0.0,1.0
1779285972.4758372,-1.98098167146715e+18,-0.15482606220711298,3.141592651760675,3.331626214748092e+19,-6.944131862089327e-05,0.0,0.0,0.0,0.0,0.0,0.0,1.0
1779285972.4859922,-1.9900854452328338e+18,-0.15456845229529279,3.1415926517642996,3.344416246874087e+19,6.944131862089383e-05,0.0,0.0,0.0,0.0,0.0,0.0,1.0
