time,x,y,theta,velocity,acceleration,x_gps,y_gps,theta_gps,steering,throttle,v_ref,gps_valid
1779977904.2715511,-1.2820223569869995,-0.46003758907318115,0.0,0.0,nan,0.0,0.0,0.0,0.0,0.0,0.0,1.0
1779977904.2818303,-1.2820223569869995,-0.46003758907318115,0.0,0.0,nan,0.0,0.0,0.0,0.0,0.0,0.0,1.0
1779977904.2923934,-1.2820223569869995,-0.46003758907318115,0.0,0.0,nan,0.0,0.0,0.0,0.0,0.0,0.0,1.0
1779977904.302495,-1.2820223569869995,-0.46003758907318115,0.0,0.0,nan,0.0,0.0,0.0,0.0,0.0,0.0,1.0
1779977904.312692,-1.2820223569869995,-0.46003758907318115,0.0,0.0,nan,0.0,0.0,0.0,0.0,0.0,0.0,1.0
1779977904.3230577,-1.2820223569869995,-0.46003758907318115,0.0,0.0,nan,0.0,0.0,0.0,0.0,0.0,0.0,1.0
1779977904.3334625,-1.2820223569869995,-0.46003758907318115,0.0,0.0,nan,0.0,0.0,0.0,0.0,0.0,0.0,1.0
1779977904.343625,-1.2820223569869995,-0.46003758907318115,0.0,0.0,nan,0.0,0.0,0.0,0.0,0.0,0.0,1.0
1779977904.3539367,-1.2820223569869995,-0.46003758907318115,0.0,0.0,nan,0.0,0.0,0.0,0.0,0.0,0.0,1.0
1779977904.364046,-1.2820223569869995,-0.46003758907318115,0.0,0.0,nan,0.0,0.0,0.0,0.0,0.0,0.0,1.0
1779977904.3742568,-1.2820223569869995,-0.46003758907318115,0.0,0.0,nan,0.0,0.0,0.0,0.0,0.0,0.0,1.0
1779977904.3844097,-1.2820223569869995,-0.46003758907318115,0.0,0.0,nan,0.0,0.0,0.0,0.0,0.0,0.0,1.0
1779977904.3949604,-1.2820223569869995,-0.46003758907318115,0.0,0.0,nan,0.0,0.0,0.0,0.0,0.0,0.0,1.0
1779977904.4054763,-1.2820223569869995,-0.46003758907318115,0.0,0.0,nan,0.0,0.0,0.0,0.0,0.0,0.0,1.0
1779977904.4160354,-1.2820223569869995,-0.46003758907318115,0.0,0.0,nan,0.0,0.0,0.0,0.0,0.0,0.0,1.0
1779977904.4262884,-1.2820223569869995,-0.46003758907318115,0.0,0.0,nan,0.0,0.0,0.0,0.0,0.0,0.0,1.0
1779977904.4363706,-1.2820223569869995,-0.46003758907318115,0.0,0.0,nan,0.0,0.0,0.0,0.0,0.0,0.0,1.0
1779977904.446659,-1.2820223569869995,-0.46003758907318115,0.0,0.0,nan,0.0,0.0,0.0,0.0,0.0,0.0,1.0
1779977904.4567306,-1.2820223569869995,-0.46003758907318115,0.0,0.0,nan,0.0,0.0,0.0,0.0,0.0,0.0,1.0
1779977904.4669185,-1.2820223569869995,-0.46003758907318115,0.0,0.0,nan,0.0,0.0,0.0,0.0,0.0,0.0,1.0
1779977904.4772766,-1.2820223569869995,-0.46003758907318115,0.0,0.0,nan,0.0,0.0,0.0,0.0,0.0,0.0,0.0
1779977904.4875607,-1.2820223569869995,-0.46003758907318115,0.0,0.0,nan,0.0,0.0,0.0,0.0,0.0,0.0,0.0
1779977904.4979196,-1.2820223569869995,-0.46003758907318115,0.0,0.0,nan,0.0,0.0,0.0,0.0,0.0,0.0,0.0
1779977904.5085049,-1.2820223569869995,-0.46003758907318115,0.0,0.0,nan,0.0,0.0,0.0,0.0,0.0,0.0,0.0
1779977904.5189297,-1.2820223569869995,-0.46003758907318115,0.0,0.0,nan,0.0,0.0,0.0,0.0,0.0,0.0,0.0
1779977904.529798,-1.2820223569869995,-0.46003758907318115,0.0,0.0,nan,0.0,0.0,0.0,0.0,0.0,0.0,0.0
1779977904.5398986,-1.2820223569869995,-0.46003758907318115,0.0,0.0,nan,0.0,0.0,0.0,0.0,0.0,0.0,0.0
1779977904.5501459,-1.2820223569869995,-0.46003758907318115,0.0,0.0,nan,0.0,0.0,0.0,0.0,0.0,0.0,0.0
1779977904.5602584,-1.2820223569869995,-0.46003758907318115,0.0,0.0,nan,0.0,0.0,0.0,0.0,0.0,0.0,0.0
1779977904.570299,-1.2820223569869995,-0.46003758907318115,0.0,0.0,nan,0.0,0.0,0.0,0.0,0.0,0.0,0.0
1779977904.5804367,-1.2820223569869995,-0.46003758907318115,0.0,0.0,nan,0.0,0.0,0.0,0.0,0.0,0.0,0.0
1779977904.5910156,-1.2820223569869995,-0.46003758907318115,0.0,0.0,nan,0.0,0.0,0.0,0.0,0.0,0.0,0.0
1779977904.6016405,-1.2820223569869995,-0.46003758907318115,0.0,0.0,nan,0.0,0.0,0.0,0.0,0.0,0.0,1.0
1779977904.6120808,-1.2820223569869995,-0.46003758907318115,0.0,0.0,nan,0.0,0.0,0.0,0.0,0.0,0.0,1.0
1779977904.6224658,-1.2820223569869995,-0.46003758907318115,0.0,0.0,nan,0.0,0.0,0.0,0.0,0.0,0.0,1.0
1779977904.632565,-1.2820223569869995,-0.46003758907318115,0.0,0.0,nan,0.0,0.0,0.0,0.0,0.0,0.0,1.0
1779977904.6428802,-1.2820223569869995,-0.46003758907318115,0.0,0.0,nan,0.0,0.0,0.0,0.0,0.0,0.0,1.0
1779977904.6533296,-1.2820223569869995,-0.46003758907318115,0.0,0.0,nan,0.0,0.0,0.0,0.0,0.0,0.0,1.0
1779977904.6643848,-1.2820223569869995,-0.46003758907318115,0.0,0.0,nan,0.0,0.0,0.0,0.0,0.0,0.0,1.0
1779977904.6743443,-1.2820223569869995,-0.46003758907318115,0.0,0.0,nan,0.0,0.0,0.0,0.0,0.0,0.0,1.0
1779977904.684622,-1.2820223569869995,-0.46003758907318115,0.0,0.0,nan,0.0,0.0,0.0,0.0,0.0,0.0,1.0
1779977904.694554,-1.2820223569869995,-0.46003758907318115,0.0,0.0,nan,0.0,0.0,0.0,0.0,0.0,0.0,1.0
1779977904.7048087,-1.2820223569869995,-0.46003758907318115,0.0,0.0,nan,0.0,0.0,0.0,0.0,0.0,0.0,1.0
1779977904.7149098,-1.2820223569869995,-0.46003758907318115,0.0,0.0,nan,0.0,0.0,0.0,0.0,0.0,0.0,0.0
1779977904.7256398,-1.2820223569869995,-0.46003758907318115,0.0,0.0,nan,0.0,0.0,0.0,0.0,0.0,0.0,0.0
1779977904.7359955,-1.2820223569869995,-0.46003758907318115,0.0,0.0,nan,0.0,0.0,0.0,0.0,0.0,0.0,0.0
1779977904.74644,-1.2820223569869995,-0.46003758907318115,0.0,0.0,nan,0.0,0.0,0.0,0.0,0.0,0.0,0.0
1779977904.7568748,-1.2820223569869995,-0.46003758907318115,0.0,0.0,nan,0.0,0.0,0.0,0.0,0.0,0.0,0.0
1779977904.767602,-1.2820223569869995,-0.46003758907318115,0.0,0.0,nan,0.0,0.0,0.0,0.0,0.0,0.0,0.0
1779977904.778031,-1.2820223569869995,-0.46003758907318115,0.0,0.0,nan,0.0,0.0,0.0,0.0,0.0,0.0,0.0
1779977904.788482,-1.2820223569869995,-0.46003758907318115,0.0,0.0,nan,0.0,0.0,0.0,0.0,0.0,0.0,0.0
1779977904.7985268,-1.2820223569869995,-0.46003758907318115,0.0,0.0,nan,0.0,0.0,0.0,0.0,0.0,0.0,1.0
1779977904.8087296,-1.2820223569869995,-0.46003758907318115,0.0,0.0,nan,0.0,0.0,0.0,0.0,0.0,0.0,1.0
1779977904.8190858,-1.2820223569869995,-0.46003758907318115,0.0,0.0,nan,0.0,0.0,0.0,0.0,0.0,0.0,1.0
1779977904.8297148,-1.2820223569869995,-0.46003758907318115,0.0,0.0,nan,0.0,0.0,0.0,0.0,0.0,0.0,1.0
1779977904.8401,-1.2820223569869995,-0.46003758907318115,0.0,0.0,nan,0.0,0.0,0.0,0.0,0.0,0.0,1.0
1779977904.8501265,-1.2820223569869995,-0.46003758907318115,0.0,0.0,nan,0.0,0.0,0.0,0.0,0.0,0.0,1.0
1779977904.86053,-1.2820223569869995,-0.46003758907318115,0.0,0.0,nan,0.0,0.0,0.0,0.0,0.0,0.0,1.0
1779977904.8706906,-1.2820223569869995,-0.46003758907318115,0.0,0.0,nan,0.0,0.0,0.0,0.0,0.0,0.0,1.0
1779977904.8808196,-1.2820223569869995,-0.46003758907318115,0.0,0.0,nan,0.0,0.0,0.0,0.0,0.0,0.0,1.0
1779977904.8914587,-1.2820223569869995,-0.46003758907318115,0.0,0.0,nan,0.0,0.0,0.0,0.0,0.0,0.0,1.0
1779977904.9017684,-1.2820223569869995,-0.46003758907318115,0.0,0.0,nan,0.0,0.0,0.0,0.0,0.0,0.0,1.0
1779977904.9121914,-1.2820223569869995,-0.46003758907318115,0.0,0.0,nan,0.0,0.0,0.0,0.0,0.0,0.0,1.0
1779977904.9223797,-1.2820223569869995,-0.46003758907318115,0.0,0.0,nan,0.0,0.0,0.0,0.0,0.0,0.0,1.0
1779977904.9329743,-1.2820223569869995,-0.46003758907318115,0.0,0.0,nan,0.0,0.0,0.0,0.0,0.0,0.0,0.0
1779977904.943012,-1.2820223569869995,-0.46003758907318115,0.0,0.0,nan,0.0,0.0,0.0,0.0,0.0,0.0,0.0
1779977904.9533272,-1.2820223569869995,-0.46003758907318115,0.0,0.0,nan,0.0,0.0,0.0,0.0,0.0,0.0,0.0
1779977904.9637227,-1.2820223569869995,-0.46003758907318115,0.0,0.0,nan,0.0,0.0,0.0,0.0,0.0,0.0,0.0
1779977904.974081,-1.2820223569869995,-0.46003758907318115,0.0,0.0,nan,0.0,0.0,0.0,0.0,0.0,0.0,0.0
1779977904.9843404,-1.2820223569869995,-0.46003758907318115,0.0,0.0,nan,0.0,0.0,0.0,0.0,0.0,0.0,0.0
1779977904.9945357,-1.2820223569869995,-0.46003758907318115,0.0,0.0,nan,0.0,0.0,0.0,0.0,0.0,0.0,1.0
1779977905.0051076,-1.2820223569869995,-0.46003758907318115,0.0,0.0,nan,0.0,0.0,0.0,0.0,0.0,0.0,1.0
1779977905.0155947,-1.2820223569869995,-0.46003758907318115,0.0,0.0,nan,0.0,0.0,0.0,0.0,0.0,0.0,1.0
1779977905.0261207,-1.2820223569869995,-0.46003758907318115,0.0,0.0,nan,0.0,0.0,0.0,0.0,0.0,0.0,1.0
1779977905.0366695,-1.2820223569869995,-0.46003758907318115,0.0,0.0,nan,0.0,0.0,0.0,0.0,0.0,0.0,1.0
1779977905.0470326,-1.2820223569869995,-0.46003758907318115,0.0,0.0,nan,0.0,0.0,0.0,0.0,0.0,0.0,1.0
1779977905.0574439,-1.2820223569869995,-0.46003758907318115,0.0,0.0,nan,0.0,0.0,0.0,0.0,0.0,0.0,1.0
1779977905.0675771,-1.2820223569869995,-0.46003758907318115,0.0,0.0,nan,0.0,0.0,0.0,0.0,0.0,0.0,1.0
1779977905.0779886,-1.2820223569869995,-0.46003758907318115,0.0,0.0,nan,0.0,0.0,0.0,0.0,0.0,0.0,1.0
1779977905.0886338,-1.2820223569869995,-0.46003758907318115,0.0,0.0,nan,0.0,0.0,0.0,0.0,0.0,0.0,1.0
1779977905.099182,-1.2820223569869995,-0.46003758907318115,0.0,0.0,nan,0.0,0.0,0.0,0.0,0.0,0.0,1.0
1779977905.1094413,-1.2820223569869995,-0.46003758907318115,0.0,0.0,nan,0.0,0.0,0.0,0.0,0.0,0.0,1.0
1779977905.1197999,-1.2820223569869995,-0.46003758907318115,0.0,0.0,nan,0.0,0.0,0.0,0.0,0.0,0.0,1.0
1779977905.12989,-1.2820223569869995,-0.46003758907318115,0.0,0.0,nan,0.0,0.0,0.0,0.0,0.0,0.0,1.0
1779977905.1403444,-1.2820223569869995,-0.46003758907318115,0.0,0.0,nan,0.0,0.0,0.0,0.0,0.0,0.0,1.0
1779977905.1507535,-1.2820223569869995,-0.46003758907318115,0.0,0.0,nan,0.0,0.0,0.0,0.0,0.0,0.0,0.0
1779977905.1608791,-1.2820223569869995,-0.46003758907318115,0.0,0.0,nan,0.0,0.0,0.0,0.0,0.0,0.0,0.0
1779977905.1711378,-1.2820223569869995,-0.46003758907318115,0.0,0.0,nan,0.0,0.0,0.0,0.0,0.0,0.0,0.0
1779977905.1811452,-1.2820223569869995,-0.46003758907318115,0.0,0.0,nan,0.0,0.0,0.0,0.0,0.0,0.0,0.0
1779977905.1913445,-1.2820223569869995,-0.46003758907318115,0.0,0.0,nan,0.0,0.0,0.0,0.0,0.0,0.0,0.0
1779977905.2016287,-1.2820223569869995,-0.46003758907318115,0.0,0.0,nan,0.0,0.0,0.0,0.0,0.0,0.0,1.0
1779977905.2122304,-1.2820223569869995,-0.46003758907318115,0.0,0.0,nan,0.0,0.0,0.0,0.0,0.0,0.0,1.0
1779977905.2224472,-1.2820223569869995,-0.46003758907318115,0.0,0.0,nan,0.0,0.0,0.0,0.0,0.0,0.0,1.0
1779977905.232473,-1.2820223569869995,-0.46003758907318115,0.0,0.0,nan,0.0,0.0,0.0,0.0,0.0,0.0,1.0
1779977905.2428896,-1.2820223569869995,-0.46003758907318115,0.0,0.0,nan,0.0,0.0,0.0,0.0,0.0,0.0,1.0
1779977905.253369,-1.2820223569869995,-0.46003758907318115,0.0,0.0,nan,0.0,0.0,0.0,0.0,0.0,0.0,1.0
1779977905.2636566,-1.2820223569869995,-0.46003758907318115,0.0,0.0,nan,0.0,0.0,0.0,0.0,0.0,0.0,1.0
1779977905.2741477,-1.2820223569869995,-0.46003758907318115,0.0,0.0,nan,0.0,0.0,0.0,0.0,0.0,0.0,1.0
1779977905.2846224,-1.2820223569869995,-0.46003758907318115,0.0,0.0,nan,0.0,0.0,0.0,0.0,0.0,0.0,1.0
1779977905.29501,-1.2820223569869995,-0.46003758907318115,0.0,0.0,nan,0.0,0.0,0.0,0.0,0.0,0.0,1.0
1779977905.3053522,-1.2820223569869995,-0.46003758907318115,0.0,0.0,nan,0.0,0.0,0.0,0.0,0.0,0.0,1.0
1779977905.3159196,-1.2820223569869995,-0.46003758907318115,0.0,0.0,nan,0.0,0.0,0.0,0.0,0.0,0.0,1.0
1779977905.3263395,-1.2820223569869995,-0.46003758907318115,0.0,0.0,nan,0.0,0.0,0.0,0.0,0.0,0.0,1.0
1779977905.3368948,-1.2820223569869995,-0.46003758907318115,0.0,0.0,nan,0.0,0.0,0.0,0.0,0.0,0.0,1.0
1779977905.347198,-1.2820223569869995,-0.46003758907318115,0.0,0.0,nan,0.0,0.0,0.0,0.0,0.0,0.0,1.0
1779977905.3575246,-1.2820223569869995,-0.46003758907318115,0.0,0.0,nan,0.0,0.0,0.0,0.0,0.0,0.0,1.0
1779977905.3680701,-1.2820223569869995,-0.46003758907318115,0.0,0.0,nan,0.0,0.0,0.0,0.0,0.0,0.0,1.0
1779977905.378579,-1.2820223569869995,-0.46003758907318115,0.0,0.0,nan,0.0,0.0,0.0,0.0,0.0,0.0,0.0
1779977905.3891392,-1.2820223569869995,-0.46003758907318115,0.0,0.0,nan,0.0,0.0,0.0,0.0,0.0,0.0,0.0
1779977905.3996265,-1.2820223569869995,-0.46003758907318115,0.0,0.0,nan,0.0,0.0,0.0,0.0,0.0,0.0,1.0
1779977905.4105752,-1.2820223569869995,-0.46003758907318115,0.0,0.0,nan,0.0,0.0,0.0,0.0,0.0,0.0,1.0
1779977905.4204261,-1.2820223569869995,-0.46003758907318115,0.0,0.0,nan,0.0,0.0,0.0,0.0,0.0,0.0,1.0
1779977905.4306717,-1.2820223569869995,-0.46003758907318115,0.0,0.0,nan,0.0,0.0,0.0,0.0,0.0,0.0,1.0
1779977905.4409587,-1.2820223569869995,-0.46003758907318115,0.0,0.0,nan,0.0,0.0,0.0,0.0,0.0,0.0,1.0
1779977905.4515822,-1.2820223569869995,-0.46003758907318115,0.0,0.0,nan,0.0,0.0,0.0,0.0,0.0,0.0,1.0
1779977905.4616203,-1.2820223569869995,-0.46003758907318115,0.0,0.0,nan,0.0,0.0,0.0,0.0,0.0,0.0,1.0
1779977905.4720232,-1.2820223569869995,-0.46003758907318115,0.0,0.0,nan,0.0,0.0,0.0,0.0,0.0,0.0,1.0
1779977905.4824705,-1.2820223569869995,-0.46003758907318115,0.0,0.0,nan,0.0,0.0,0.0,0.0,0.0,0.0,1.0
1779977905.492587,-1.2820223569869995,-0.46003758907318115,0.0,0.0,nan,0.0,0.0,0.0,0.0,0.0,0.0,1.0
1779977905.5031254,-1.2820223569869995,-0.46003758907318115,0.0,0.0,nan,0.0,0.0,0.0,0.0,0.0,0.0,1.0
1779977905.5131865,-1.2820223569869995,-0.46003758907318115,0.0,0.0,nan,0.0,0.0,0.0,0.0,0.0,0.0,1.0
1779977905.5234659,-1.2820223569869995,-0.46003758907318115,0.0,0.0,nan,0.0,0.0,0.0,0.0,0.0,0.0,1.0
1779977905.5337338,-1.2820223569869995,-0.46003758907318115,0.0,0.0,nan,0.0,0.0,0.0,0.0,0.0,0.0,1.0
1779977905.5438437,-1.2820223569869995,-0.46003758907318115,0.0,0.0,nan,0.0,0.0,0.0,0.0,0.0,0.0,1.0
1779977905.5544198,-1.2820223569869995,-0.46003758907318115,0.0,0.0,nan,0.0,0.0,0.0,0.0,0.0,0.0,1.0
1779977905.5644538,-1.2820223569869995,-0.46003758907318115,0.0,0.0,nan,0.0,0.0,0.0,0.0,0.0,0.0,1.0
1779977905.5751095,-1.2820223569869995,-0.46003758907318115,0.0,0.0,nan,0.0,0.0,0.0,0.0,0.0,0.0,1.0
1779977905.5850945,-1.2820223569869995,-0.46003758907318115,0.0,0.0,nan,0.0,0.0,0.0,0.0,0.0,0.0,0.0
1779977905.5954483,-1.2820223569869995,-0.46003758907318115,0.0,0.0,nan,0.0,0.0,0.0,0.0,0.0,0.0,1.0
1779977905.6054757,-1.2820223569869995,-0.46003758907318115,0.0,0.0,nan,0.0,0.0,0.0,0.0,0.0,0.0,1.0
1779977905.615525,-1.2820223569869995,-0.46003758907318115,0.0,0.0,nan,0.0,0.0,0.0,0.0,0.0,0.0,1.0
1779977905.6262586,-1.2820223569869995,-0.46003758907318115,0.0,0.0,nan,0.0,0.0,0.0,0.0,0.0,0.0,1.0
1779977905.6366203,-1.2820223569869995,-0.46003758907318115,0.0,0.0,nan,0.0,0.0,0.0,0.0,0.0,0.0,1.0
1779977905.6472898,-1.2820223569869995,-0.46003758907318115,0.0,0.0,nan,0.0,0.0,0.0,0.0,0.0,0.0,1.0
1779977905.6571548,-1.2820223569869995,-0.46003758907318115,0.0,0.0,nan,0.0,0.0,0.0,0.0,0.0,0.0,1.0
1779977905.6674345,-1.2820223569869995,-0.46003758907318115,0.0,0.0,nan,0.0,0.0,0.0,0.0,0.0,0.0,1.0
1779977905.6775491,-1.2820223569869995,-0.46003758907318115,0.0,0.0,nan,0.0,0.0,0.0,0.0,0.0,0.0,1.0
1779977905.687913,-1.2820223569869995,-0.46003758907318115,0.0,0.0,nan,0.0,0.0,0.0,0.0,0.0,0.0,1.0
1779977905.6983724,-1.2820223569869995,-0.46003758907318115,0.0,0.0,nan,0.0,0.0,0.0,0.0,0.0,0.0,1.0
1779977905.7083955,-1.2820223569869995,-0.46003758907318115,0.0,0.0,nan,0.0,0.0,0.0,0.0,0.0,0.0,1.0
1779977905.7186916,-1.2820223569869995,-0.46003758907318115,0.0,0.0,nan,0.0,0.0,0.0,0.0,0.0,0.0,1.0
1779977905.7288404,-1.2820223569869995,-0.46003758907318115,0.0,0.0,nan,0.0,0.0,0.0,0.0,0.0,0.0,1.0
1779977905.7393951,-1.2820223569869995,-0.46003758907318115,0.0,0.0,nan,0.0,0.0,0.0,0.0,0.0,0.0,1.0
1779977905.7497053,-1.2820223569869995,-0.46003758907318115,0.0,0.0,nan,0.0,0.0,0.0,0.0,0.0,0.0,1.0
1779977905.759978,-1.2820223569869995,-0.46003758907318115,0.0,0.0,nan,0.0,0.0,0.0,0.0,0.0,0.0,1.0
1779977905.7701674,-1.2820223569869995,-0.46003758907318115,0.0,0.0,nan,0.0,0.0,0.0,0.0,0.0,0.0,1.0
1779977905.7802346,-1.2820223569869995,-0.46003758907318115,0.0,0.0,nan,0.0,0.0,0.0,0.0,0.0,0.0,1.0
1779977905.7906675,-1.2820223569869995,-0.46003758907318115,0.0,0.0,nan,0.0,0.0,0.0,0.0,0.0,0.0,0.0
1779977905.8008873,-1.2820223569869995,-0.46003758907318115,0.0,0.0,nan,0.0,0.0,0.0,0.0,0.0,0.0,1.0
1779977905.8113897,-1.2820223569869995,-0.46003758907318115,0.0,0.0,nan,0.0,0.0,0.0,0.0,0.0,0.0,1.0
1779977905.821415,-1.2820223569869995,-0.46003758907318115,0.0,0.0,nan,0.0,0.0,0.0,0.0,0.0,0.0,1.0
1779977905.8315508,-1.2820223569869995,-0.46003758907318115,0.0,0.0,nan,0.0,0.0,0.0,0.0,0.0,0.0,1.0
1779977905.8421416,-1.2820223569869995,-0.46003758907318115,0.0,0.0,nan,0.0,0.0,0.0,0.0,0.0,0.0,1.0
1779977905.8526623,-1.2820223569869995,-0.46003758907318115,0.0,0.0,nan,0.0,0.0,0.0,0.0,0.0,0.0,1.0
1779977905.862579,-1.2820223569869995,-0.46003758907318115,0.0,0.0,nan,0.0,0.0,0.0,0.0,0.0,0.0,1.0
1779977905.872943,-1.2820223569869995,-0.46003758907318115,0.0,0.0,nan,0.0,0.0,0.0,0.0,0.0,0.0,1.0
1779977905.883508,-1.2820223569869995,-0.46003758907318115,0.0,0.0,nan,0.0,0.0,0.0,0.0,0.0,0.0,1.0
1779977905.89377,-1.2820223569869995,-0.46003758907318115,0.0,0.0,nan,0.0,0.0,0.0,0.0,0.0,0.0,1.0
1779977905.9038837,-1.2820223569869995,-0.46003758907318115,0.0,0.0,nan,0.0,0.0,0.0,0.0,0.0,0.0,1.0
1779977905.9144392,-1.2820223569869995,-0.46003758907318115,0.0,0.0,nan,0.0,0.0,0.0,0.0,0.0,0.0,1.0
1779977905.9249575,-1.2820223569869995,-0.46003758907318115,0.0,0.0,nan,0.0,0.0,0.0,0.0,0.0,0.0,1.0
1779977905.9351025,-1.2820223569869995,-0.46003758907318115,0.0,0.0,nan,0.0,0.0,0.0,0.0,0.0,0.0,1.0
1779977905.9454496,-1.2820223569869995,-0.46003758907318115,0.0,0.0,nan,0.0,0.0,0.0,0.0,0.0,0.0,1.0
1779977905.9560478,-1.2820223569869995,-0.46003758907318115,0.0,0.0,nan,0.0,0.0,0.0,0.0,0.0,0.0,1.0
1779977905.9668639,-1.2820223569869995,-0.46003758907318115,0.0,0.0,nan,0.0,0.0,0.0,0.0,0.0,0.0,1.0
1779977905.9776073,-1.2820223569869995,-0.46003758907318115,0.0,0.0,nan,0.0,0.0,0.0,0.0,0.0,0.0,1.0
1779977905.9875987,-1.2820223569869995,-0.46003758907318115,0.0,0.0,nan,0.0,0.0,0.0,0.0,0.0,0.0,1.0
1779977905.9978755,-1.2820223569869995,-0.46003758907318115,0.0,0.0,nan,0.0,0.0,0.0,0.0,0.0,0.0,1.0
1779977906.008245,-1.2820223569869995,-0.46003758907318115,0.0,0.0,nan,0.0,0.0,0.0,0.0,0.0,0.0,1.0
1779977906.0184941,-1.2820223569869995,-0.46003758907318115,0.0,0.0,nan,0.0,0.0,0.0,0.0,0.0,0.0,1.0
1779977906.0287316,-1.2820223569869995,-0.46003758907318115,0.0,0.0,nan,0.0,0.0,0.0,0.0,0.0,0.0,1.0
1779977906.0388196,-1.2820223569869995,-0.46003758907318115,0.0,0.0,nan,0.0,0.0,0.0,0.0,0.0,0.0,1.0
1779977906.0494707,-1.2820223569869995,-0.46003758907318115,0.0,0.0,nan,0.0,0.0,0.0,0.0,0.0,0.0,1.0
1779977906.0599484,-1.2820223569869995,-0.46003758907318115,0.0,0.0,nan,0.0,0.0,0.0,0.0,0.0,0.0,1.0
1779977906.0701323,-1.2820223569869995,-0.46003758907318115,0.0,0.0,nan,0.0,0.0,0.0,0.0,0.0,0.0,1.0
1779977906.080207,-1.2820223569869995,-0.46003758907318115,0.0,0.0,nan,0.0,0.0,0.0,0.0,0.0,0.0,1.0
1779977906.0905814,-1.2820223569869995,-0.46003758907318115,0.0,0.0,nan,0.0,0.0,0.0,0.0,0.0,0.0,1.0
1779977906.1009393,-1.2820223569869995,-0.46003758907318115,0.0,0.0,nan,0.0,0.0,0.0,0.0,0.0,0.0,1.0
1779977906.111074,-1.2820223569869995,-0.46003758907318115,0.0,0.0,nan,0.0,0.0,0.0,0.0,0.0,0.0,1.0
1779977906.1213267,-1.2820223569869995,-0.46003758907318115,0.0,0.0,nan,0.0,0.0,0.0,0.0,0.0,0.0,1.0
1779977906.1317666,-1.2820223569869995,-0.46003758907318115,0.0,0.0,nan,0.0,0.0,0.0,0.0,0.0,0.0,1.0
1779977906.1423676,-1.2820223569869995,-0.46003758907318115,0.0,0.0,nan,0.0,0.0,0.0,0.0,0.0,0.0,1.0
1779977906.152905,-1.2820223569869995,-0.46003758907318115,0.0,0.0,nan,0.0,0.0,0.0,0.0,0.0,0.0,1.0
1779977906.163261,-1.2820223569869995,-0.46003758907318115,0.0,0.0,nan,0.0,0.0,0.0,0.0,0.0,0.0,1.0
1779977906.1735332,-1.2820223569869995,-0.46003758907318115,0.0,0.0,nan,0.0,0.0,0.0,0.0,0.0,0.0,1.0
1779977906.1841662,-1.2820223569869995,-0.46003758907318115,0.0,0.0,nan,0.0,0.0,0.0,0.0,0.0,0.0,1.0
1779977906.1949284,-1.2820223569869995,-0.46003758907318115,0.0,0.0,nan,0.0,0.0,0.0,0.0,0.0,0.0,1.0
1779977906.2051437,-1.2820223569869995,-0.46003758907318115,0.0,0.0,nan,0.0,0.0,0.0,0.0,0.0,0.0,1.0
1779977906.2151845,-1.2820223569869995,-0.46003758907318115,0.0,0.0,nan,0.0,0.0,0.0,0.0,0.0,0.0,1.0
1779977906.2259243,-1.2820223569869995,-0.46003758907318115,0.0,0.0,nan,0.0,0.0,0.0,0.0,0.0,0.0,1.0
1779977906.2364469,-1.2820223569869995,-0.46003758907318115,0.0,0.0,nan,0.0,0.0,0.0,0.0,0.0,0.0,1.0
1779977906.2469375,-1.2820223569869995,-0.46003758907318115,0.0,0.0,nan,0.0,0.0,0.0,0.0,0.0,0.0,1.0
1779977906.2570884,-1.2820223569869995,-0.46003758907318115,0.0,0.0,nan,0.0,0.0,0.0,0.0,0.0,0.0,1.0
1779977906.2676966,-1.2820223569869995,-0.46003758907318115,0.0,0.0,nan,0.0,0.0,0.0,0.0,0.0,0.0,1.0
1779977906.2783759,-1.2820223569869995,-0.46003758907318115,0.0,0.0,nan,0.0,0.0,0.0,0.0,0.0,0.0,1.0
1779977906.2885947,-1.2820223569869995,-0.46003758907318115,0.0,0.0,nan,0.0,0.0,0.0,0.0,0.0,0.0,1.0
1779977906.299164,-1.2820223569869995,-0.46003758907318115,0.0,0.0,nan,0.0,0.0,0.0,0.0,0.0,0.0,1.0
1779977906.3097053,-1.2820223569869995,-0.46003758907318115,0.0,0.0,nan,0.0,0.0,0.0,0.0,0.0,0.0,1.0
1779977906.3199825,-1.2820223569869995,-0.46003758907318115,0.0,0.0,nan,0.0,0.0,0.0,0.0,0.0,0.0,1.0
1779977906.3301876,-1.2820223569869995,-0.46003758907318115,0.0,0.0,nan,0.0,0.0,0.0,0.0,0.0,0.0,1.0
1779977906.3405807,-1.2820223569869995,-0.46003758907318115,0.0,0.0,nan,0.0,0.0,0.0,0.0,0.0,0.0,1.0
1779977906.3512218,-1.2820223569869995,-0.46003758907318115,0.0,0.0,nan,0.0,0.0,0.0,0.0,0.0,0.0,1.0
1779977906.3614645,-1.2820223569869995,-0.46003758907318115,0.0,0.0,nan,0.0,0.0,0.0,0.0,0.0,0.0,1.0
1779977906.3715878,-1.2820223569869995,-0.46003758907318115,0.0,0.0,nan,0.0,0.0,0.0,0.0,0.0,0.0,1.0
1779977906.3821208,-1.2820223569869995,-0.46003758907318115,0.0,0.0,nan,0.0,0.0,0.0,0.0,0.0,0.0,1.0
1779977906.3922257,-1.2820223569869995,-0.46003758907318115,0.0,0.0,nan,0.0,0.0,0.0,0.0,0.0,0.0,1.0
1779977906.4029353,-1.2820223569869995,-0.46003758907318115,0.0,0.0,nan,0.0,0.0,0.0,0.0,0.0,0.0,1.0
1779977906.4129572,-1.2820223569869995,-0.46003758907318115,0.0,0.0,nan,0.0,0.0,0.0,0.0,0.0,0.0,1.0
1779977906.423019,-1.2820223569869995,-0.46003758907318115,0.0,0.0,nan,0.0,0.0,0.0,0.0,0.0,0.0,1.0
1779977906.4332755,-1.2820223569869995,-0.46003758907318115,0.0,0.0,nan,0.0,0.0,0.0,0.0,0.0,0.0,1.0
1779977906.4440176,-1.2820223569869995,-0.46003758907318115,0.0,0.0,nan,0.0,0.0,0.0,0.0,0.0,0.0,1.0
1779977906.454505,-1.2820223569869995,-0.46003758907318115,0.0,0.0,nan,0.0,0.0,0.0,0.0,0.0,0.0,1.0
1779977906.4645092,-1.2820223569869995,-0.46003758907318115,0.0,0.0,nan,0.0,0.0,0.0,0.0,0.0,0.0,1.0
1779977906.4747205,-1.2820223569869995,-0.46003758907318115,0.0,0.0,nan,0.0,0.0,0.0,0.0,0.0,0.0,1.0
1779977906.484752,-1.2820223569869995,-0.46003758907318115,0.0,0.0,nan,0.0,0.0,0.0,0.0,0.0,0.0,1.0
1779977906.495067,-1.2820223569869995,-0.46003758907318115,0.0,0.0,nan,0.0,0.0,0.0,0.0,0.0,0.0,1.0
1779977906.5058072,-1.2820223569869995,-0.46003758907318115,0.0,0.0,nan,0.0,0.0,0.0,0.0,0.0,0.0,1.0
1779977906.5158975,-1.2820223569869995,-0.46003758907318115,0.0,0.0,nan,0.0,0.0,0.0,0.0,0.0,0.0,1.0
1779977906.5268002,-1.2820223569869995,-0.46003758907318115,0.0,0.0,nan,0.0,0.0,0.0,0.0,0.0,0.0,1.0
1779977906.5368845,-1.2820223569869995,-0.46003758907318115,0.0,0.0,nan,0.0,0.0,0.0,0.0,0.0,0.0,1.0
1779977906.5470202,-1.2820223569869995,-0.46003758907318115,0.0,0.0,nan,0.0,0.0,0.0,0.0,0.0,0.0,1.0
1779977906.557254,-1.2820223569869995,-0.46003758907318115,0.0,0.0,nan,0.0,0.0,0.0,0.0,0.0,0.0,1.0
1779977906.56778,-1.2820223569869995,-0.46003758907318115,0.0,0.0,nan,0.0,0.0,0.0,0.0,0.0,0.0,1.0
1779977906.5779178,-1.2820223569869995,-0.46003758907318115,0.0,0.0,nan,0.0,0.0,0.0,0.0,0.0,0.0,1.0
1779977906.5884724,-1.2820223569869995,-0.46003758907318115,0.0,0.0,nan,0.0,0.0,0.0,0.0,0.0,0.0,1.0
1779977906.5991645,-1.2820223569869995,-0.46003758907318115,0.0,0.0,nan,0.0,0.0,0.0,0.0,0.0,0.0,1.0
1779977906.6098442,-1.2820223569869995,-0.46003758907318115,0.0,0.0,nan,0.0,0.0,0.0,0.0,0.0,0.0,1.0
1779977906.6201253,-1.2820223569869995,-0.46003758907318115,0.0,0.0,nan,0.0,0.0,0.0,0.0,0.0,0.0,1.0
1779977906.6304083,-1.2820223569869995,-0.46003758907318115,0.0,0.0,nan,0.0,0.0,0.0,0.0,0.0,0.0,1.0
1779977906.640609,-1.2820223569869995,-0.46003758907318115,0.0,0.0,nan,0.0,0.0,0.0,0.0,0.0,0.0,1.0
1779977906.6508152,-1.2820223569869995,-0.46003758907318115,0.0,0.0,nan,0.0,0.0,0.0,0.0,0.0,0.0,1.0
1779977906.6613953,-1.2820223569869995,-0.46003758907318115,0.0,0.0,nan,0.0,0.0,0.0,0.0,0.0,0.0,1.0
1779977906.6715798,-1.2820223569869995,-0.46003758907318115,0.0,0.0,nan,0.0,0.0,0.0,0.0,0.0,0.0,1.0
1779977906.681749,-1.2820223569869995,-0.46003758907318115,0.0,0.0,nan,0.0,0.0,0.0,0.0,0.0,0.0,1.0
1779977906.6922412,-1.2820223569869995,-0.46003758907318115,0.0,0.0,nan,0.0,0.0,0.0,0.0,0.0,0.0,1.0
1779977906.7022922,-1.2820223569869995,-0.46003758907318115,0.0,0.0,nan,0.0,0.0,0.0,0.0,0.0,0.0,1.0
1779977906.7124455,-1.2820223569869995,-0.46003758907318115,0.0,0.0,nan,0.0,0.0,0.0,0.0,0.0,0.0,1.0
1779977906.7228575,-1.2820223569869995,-0.46003758907318115,0.0,0.0,nan,0.0,0.0,0.0,0.0,0.0,0.0,1.0
1779977906.7332144,-1.2820223569869995,-0.46003758907318115,0.0,0.0,nan,0.0,0.0,0.0,0.0,0.0,0.0,1.0
1779977906.7438579,-1.2820223569869995,-0.46003758907318115,0.0,0.0,nan,0.0,0.0,0.0,0.0,0.0,0.0,1.0
1779977906.7541878,-1.2820223569869995,-0.46003758907318115,0.0,0.0,nan,0.0,0.0,0.0,0.0,0.0,0.0,1.0
1779977906.7644186,-1.2820223569869995,-0.46003758907318115,0.0,0.0,nan,0.0,0.0,0.0,0.0,0.0,0.0,1.0
1779977906.7749372,-1.2820223569869995,-0.46003758907318115,0.0,0.0,nan,0.0,0.0,0.0,0.0,0.0,0.0,1.0
1779977906.7851903,-1.2820223569869995,-0.46003758907318115,0.0,0.0,nan,0.0,0.0,0.0,0.0,0.0,0.0,1.0
1779977906.7952352,-1.2820223569869995,-0.46003758907318115,0.0,0.0,nan,0.0,0.0,0.0,0.0,0.0,0.0,1.0
1779977906.8058362,-1.2820223569869995,-0.46003758907318115,0.0,0.0,nan,0.0,0.0,0.0,0.0,0.0,0.0,1.0
1779977906.8165755,-1.2820223569869995,-0.46003758907318115,0.0,0.0,nan,0.0,0.0,0.0,0.0,0.0,0.0,1.0
1779977906.8270588,-1.2820223569869995,-0.46003758907318115,0.0,0.0,nan,0.0,0.0,0.0,0.0,0.0,0.0,1.0
1779977906.837111,-1.2820223569869995,-0.46003758907318115,0.0,0.0,nan,0.0,0.0,0.0,0.0,0.0,0.0,1.0
1779977906.847685,-1.2820223569869995,-0.46003758907318115,0.0,0.0,nan,0.0,0.0,0.0,0.0,0.0,0.0,1.0
1779977906.857928,-1.2820223569869995,-0.46003758907318115,0.0,0.0,nan,0.0,0.0,0.0,0.0,0.0,0.0,1.0
1779977906.868455,-1.2820223569869995,-0.46003758907318115,0.0,0.0,nan,0.0,0.0,0.0,0.0,0.0,0.0,1.0
1779977906.8786516,-1.2820223569869995,-0.46003758907318115,0.0,0.0,nan,0.0,0.0,0.0,0.0,0.0,0.0,1.0
1779977906.888971,-1.2820223569869995,-0.46003758907318115,0.0,0.0,nan,0.0,0.0,0.0,0.0,0.0,0.0,1.0
1779977906.899105,-1.2820223569869995,-0.46003758907318115,0.0,0.0,nan,0.0,0.0,0.0,0.0,0.0,0.0,1.0
1779977906.909529,-1.2820223569869995,-0.46003758907318115,0.0,0.0,nan,0.0,0.0,0.0,0.0,0.0,0.0,1.0
1779977906.9197145,-1.2820223569869995,-0.46003758907318115,0.0,0.0,nan,0.0,0.0,0.0,0.0,0.0,0.0,1.0
1779977906.9298658,-1.2820223569869995,-0.46003758907318115,0.0,0.0,nan,0.0,0.0,0.0,0.0,0.0,0.0,1.0
1779977906.940675,-1.2820223569869995,-0.46003758907318115,0.0,0.0,nan,0.0,0.0,0.0,0.0,0.0,0.0,1.0
1779977906.9510946,-1.2820223569869995,-0.46003758907318115,0.0,0.0,nan,0.0,0.0,0.0,0.0,0.0,0.0,1.0
1779977906.9613752,-1.2820223569869995,-0.46003758907318115,0.0,0.0,nan,0.0,0.0,0.0,0.0,0.0,0.0,1.0
1779977906.9716496,-1.2820223569869995,-0.46003758907318115,0.0,0.0,nan,0.0,0.0,0.0,0.0,0.0,0.0,1.0
1779977906.9817944,-1.2820223569869995,-0.46003758907318115,0.0,0.0,nan,0.0,0.0,0.0,0.0,0.0,0.0,1.0
1779977906.992284,-1.2820223569869995,-0.46003758907318115,0.0,0.0,nan,0.0,0.0,0.0,0.0,0.0,0.0,1.0
1779977907.002828,-1.2820223569869995,-0.46003758907318115,0.0,0.0,nan,0.0,0.0,0.0,0.0,0.0,0.0,1.0
1779977907.0129833,-1.2820223569869995,-0.46003758907318115,0.0,0.0,nan,0.0,0.0,0.0,0.0,0.0,0.0,1.0
1779977907.0232296,-1.2820223569869995,-0.46003758907318115,0.0,0.0,nan,0.0,0.0,0.0,0.0,0.0,0.0,1.0
1779977907.0333958,-1.2820223569869995,-0.46003758907318115,0.0,0.0,nan,0.0,0.0,0.0,0.0,0.0,0.0,1.0
1779977907.0435245,-1.2820223569869995,-0.46003758907318115,0.0,0.0,nan,0.0,0.0,0.0,0.0,0.0,0.0,1.0
1779977907.0537505,-1.2820223569869995,-0.46003758907318115,0.0,0.0,nan,0.0,0.0,0.0,0.0,0.0,0.0,1.0
1779977907.064227,-1.2820223569869995,-0.46003758907318115,0.0,0.0,nan,0.0,0.0,0.0,0.0,0.0,0.0,1.0
1779977907.0743608,-1.2820223569869995,-0.46003758907318115,0.0,0.0,nan,0.0,0.0,0.0,0.0,0.0,0.0,1.0
1779977907.084664,-1.2820223569869995,-0.46003758907318115,0.0,0.0,nan,0.0,0.0,0.0,0.0,0.0,0.0,1.0
1779977907.0951128,-1.2820223569869995,-0.46003758907318115,0.0,0.0,nan,0.0,0.0,0.0,0.0,0.0,0.0,1.0
1779977907.1058574,-1.2820223569869995,-0.46003758907318115,0.0,0.0,nan,0.0,0.0,0.0,0.0,0.0,0.0,1.0
1779977907.1160626,-1.2820223569869995,-0.46003758907318115,0.0,0.0,nan,0.0,0.0,0.0,0.0,0.0,0.0,1.0
1779977907.1266177,-1.2820223569869995,-0.46003758907318115,0.0,0.0,nan,0.0,0.0,0.0,0.0,0.0,0.0,1.0
1779977907.136927,-1.2820223569869995,-0.46003758907318115,0.0,0.0,nan,0.0,0.0,0.0,0.0,0.0,0.0,1.0
1779977907.1473138,-1.2820223569869995,-0.46003758907318115,0.0,0.0,nan,0.0,0.0,0.0,0.0,0.0,0.0,1.0
1779977907.1575425,-1.2820223569869995,-0.46003758907318115,0.0,0.0,nan,0.0,0.0,0.0,0.0,0.0,0.0,1.0
1779977907.16786,-1.2820223569869995,-0.46003758907318115,0.0,0.0,nan,0.0,0.0,0.0,0.0,0.0,0.0,1.0
1779977907.1782541,-1.2820223569869995,-0.46003758907318115,0.0,0.0,nan,0.0,0.0,0.0,0.0,0.0,0.0,1.0
1779977907.1885328,-1.2820223569869995,-0.46003758907318115,0.0,0.0,nan,0.0,0.0,0.0,0.0,0.0,0.0,1.0
1779977907.1988611,-1.2820223569869995,-0.46003758907318115,0.0,0.0,nan,0.0,0.0,0.0,0.0,0.0,0.0,1.0
1779977907.2089038,-1.2820223569869995,-0.46003758907318115,0.0,0.0,nan,0.0,0.0,0.0,0.0,0.0,0.0,1.0
1779977907.2193835,-1.2820223569869995,-0.46003758907318115,0.0,0.0,nan,0.0,0.0,0.0,0.0,0.0,0.0,1.0
1779977907.2296686,-1.2820223569869995,-0.46003758907318115,0.0,0.0,nan,0.0,0.0,0.0,0.0,0.0,0.0,1.0
1779977907.240029,-1.2820223569869995,-0.46003758907318115,0.0,0.0,nan,0.0,0.0,0.0,0.0,0.0,0.0,1.0
1779977907.2505434,-1.2820223569869995,-0.46003758907318115,0.0,0.0,nan,0.0,0.0,0.0,0.0,0.0,0.0,1.0
1779977907.2609575,-1.2820223569869995,-0.46003758907318115,0.0,0.0,nan,0.0,0.0,0.0,0.0,0.0,0.0,1.0
1779977907.2712803,-1.2820223569869995,-0.46003758907318115,0.0,0.0,nan,0.0,0.0,0.0,0.0,0.0,0.0,1.0
1779977907.2816024,-1.2820223569869995,-0.46003758907318115,0.0,0.0,nan,0.0,0.0,0.0,0.0,0.0,0.0,1.0
1779977907.2918048,-1.2820223569869995,-0.46003758907318115,0.0,0.0,nan,0.0,0.0,0.0,0.0,0.0,0.0,1.0
1779977907.3022842,-1.2820223569869995,-0.46003758907318115,0.0,0.0,nan,0.0,0.0,0.0,0.0,0.0,0.0,1.0
1779977907.312976,-1.2820223569869995,-0.46003758907318115,0.0,0.0,nan,0.0,0.0,0.0,0.0,0.0,0.0,1.0
1779977907.322936,-1.2820223569869995,-0.46003758907318115,0.0,0.0,nan,0.0,0.0,0.0,0.0,0.0,0.0,1.0
1779977907.3334374,-1.2820223569869995,-0.46003758907318115,0.0,0.0,nan,0.0,0.0,0.0,0.0,0.0,0.0,1.0
1779977907.3435376,-1.2820223569869995,-0.46003758907318115,0.0,0.0,nan,0.0,0.0,0.0,0.0,0.0,0.0,1.0
1779977907.3540304,-1.2820223569869995,-0.46003758907318115,0.0,0.0,nan,0.0,0.0,0.0,0.0,0.0,0.0,1.0
1779977907.3643694,-1.2820223569869995,-0.46003758907318115,0.0,0.0,nan,0.0,0.0,0.0,0.0,0.0,0.0,1.0
1779977907.3746648,-1.2820223569869995,-0.46003758907318115,0.0,0.0,nan,0.0,0.0,0.0,0.0,0.0,0.0,1.0
1779977907.3852277,-1.2820223569869995,-0.46003758907318115,0.0,0.0,nan,0.0,0.0,0.0,0.0,0.0,0.0,1.0
1779977907.3954506,-1.2820223569869995,-0.46003758907318115,0.0,0.0,nan,0.0,0.0,0.0,0.0,0.0,0.0,1.0
1779977907.4055827,-1.2820223569869995,-0.46003758907318115,0.0,0.0,nan,0.0,0.0,0.0,0.0,0.0,0.0,1.0
1779977907.4160838,-1.2820223569869995,-0.46003758907318115,0.0,0.0,nan,0.0,0.0,0.0,0.0,0.0,0.0,1.0
1779977907.4265962,-1.2820223569869995,-0.46003758907318115,0.0,0.0,nan,0.0,0.0,0.0,0.0,0.0,0.0,1.0
1779977907.437513,-1.2820223569869995,-0.46003758907318115,0.0,0.0,nan,0.0,0.0,0.0,0.0,0.0,0.0,1.0
1779977907.4477143,-1.2820223569869995,-0.46003758907318115,0.0,0.0,nan,0.0,0.0,0.0,0.0,0.0,0.0,1.0
1779977907.4581082,-1.2820223569869995,-0.46003758907318115,0.0,0.0,nan,0.0,0.0,0.0,0.0,0.0,0.0,1.0
1779977907.468221,-1.2820223569869995,-0.46003758907318115,0.0,0.0,nan,0.0,0.0,0.0,0.0,0.0,0.0,1.0
1779977907.4783885,-1.2820223569869995,-0.46003758907318115,0.0,0.0,nan,0.0,0.0,0.0,0.0,0.0,0.0,1.0
1779977907.488987,-1.2820223569869995,-0.46003758907318115,0.0,0.0,nan,0.0,0.0,0.0,0.0,0.0,0.0,1.0
1779977907.498977,-1.2820223569869995,-0.46003758907318115,0.0,0.0,nan,0.0,0.0,0.0,0.0,0.0,0.0,1.0
1779977907.5093846,-1.2820223569869995,-0.46003758907318115,0.0,0.0,nan,0.0,0.0,0.0,0.0,0.0,0.0,1.0
1779977907.5197642,-1.2820223569869995,-0.46003758907318115,0.0,0.0,nan,0.0,0.0,0.0,0.0,0.0,0.0,1.0
1779977907.5302646,-1.2820223569869995,-0.46003758907318115,0.0,0.0,nan,0.0,0.0,0.0,0.0,0.0,0.0,1.0
1779977907.5404956,-1.2820223569869995,-0.46003758907318115,0.0,0.0,nan,0.0,0.0,0.0,0.0,0.0,0.0,1.0
1779977907.5511653,-1.2820223569869995,-0.46003758907318115,0.0,0.0,nan,0.0,0.0,0.0,0.0,0.0,0.0,1.0
1779977907.5617955,-1.2820223569869995,-0.46003758907318115,0.0,0.0,nan,0.0,0.0,0.0,0.0,0.0,0.0,1.0
1779977907.5719144,-1.2820223569869995,-0.46003758907318115,0.0,0.0,nan,0.0,0.0,0.0,0.0,0.0,0.0,1.0
1779977907.5821683,-1.2820223569869995,-0.46003758907318115,0.0,0.0,nan,0.0,0.0,0.0,0.0,0.0,0.0,1.0
1779977907.592507,-1.2820223569869995,-0.46003758907318115,0.0,0.0,nan,0.0,0.0,0.0,0.0,0.0,0.0,1.0
1779977907.6030562,-1.2820223569869995,-0.46003758907318115,0.0,0.0,nan,0.0,0.0,0.0,0.0,0.0,0.0,1.0
1779977907.613447,-1.2820223569869995,-0.46003758907318115,0.0,0.0,nan,0.0,0.0,0.0,0.0,0.0,0.0,1.0
1779977907.623653,-1.2820223569869995,-0.46003758907318115,0.0,0.0,nan,0.0,0.0,0.0,0.0,0.0,0.0,1.0
1779977907.6339462,-1.2820223569869995,-0.46003758907318115,0.0,0.0,nan,0.0,0.0,0.0,0.0,0.0,0.0,1.0
1779977907.64416,-1.2820223569869995,-0.46003758907318115,0.0,0.0,nan,0.0,0.0,0.0,0.0,0.0,0.0,1.0
1779977907.6545246,-1.2820223569869995,-0.46003758907318115,0.0,0.0,nan,0.0,0.0,0.0,0.0,0.0,0.0,1.0
1779977907.664921,-1.2820223569869995,-0.46003758907318115,0.0,0.0,nan,0.0,0.0,0.0,0.0,0.0,0.0,1.0
1779977907.6754425,-1.2820223569869995,-0.46003758907318115,0.0,0.0,nan,0.0,0.0,0.0,0.0,0.0,0.0,1.0
1779977907.6861389,-1.2820223569869995,-0.46003758907318115,0.0,0.0,nan,0.0,0.0,0.0,0.0,0.0,0.0,1.0
1779977907.6964865,-1.2820223569869995,-0.46003758907318115,0.0,0.0,nan,0.0,0.0,0.0,0.0,0.0,0.0,1.0
1779977907.7068439,-1.2820223569869995,-0.46003758907318115,0.0,0.0,nan,0.0,0.0,0.0,0.0,0.0,0.0,1.0
1779977907.7170672,-1.2820223569869995,-0.46003758907318115,0.0,0.0,nan,0.0,0.0,0.0,0.0,0.0,0.0,1.0
1779977907.7273643,-1.2820223569869995,-0.46003758907318115,0.0,0.0,nan,0.0,0.0,0.0,0.0,0.0,0.0,1.0
1779977907.7378874,-1.2820223569869995,-0.46003758907318115,0.0,0.0,nan,0.0,0.0,0.0,0.0,0.0,0.0,1.0
1779977907.7482865,-1.2820223569869995,-0.46003758907318115,0.0,0.0,nan,0.0,0.0,0.0,0.0,0.0,0.0,1.0
1779977907.7592595,-1.2820223569869995,-0.46003758907318115,0.0,0.0,nan,0.0,0.0,0.0,0.0,0.0,0.0,1.0
1779977907.7697515,-1.2820223569869995,-0.46003758907318115,0.0,0.0,nan,0.0,0.0,0.0,0.0,0.0,0.0,1.0
1779977907.7802315,-1.2820223569869995,-0.46003758907318115,0.0,0.0,nan,0.0,0.0,0.0,0.0,0.0,0.0,1.0
1779977907.7906709,-1.2820223569869995,-0.46003758907318115,0.0,0.0,nan,0.0,0.0,0.0,0.0,0.0,0.0,1.0
1779977907.8012621,-1.2820223569869995,-0.46003758907318115,0.0,0.0,nan,0.0,0.0,0.0,0.0,0.0,0.0,1.0
1779977907.811784,-1.2820223569869995,-0.46003758907318115,0.0,0.0,nan,0.0,0.0,0.0,0.0,0.0,0.0,1.0
1779977907.8222702,-1.2820223569869995,-0.46003758907318115,0.0,0.0,nan,0.0,0.0,0.0,0.0,0.0,0.0,1.0
1779977907.8327801,-1.2820223569869995,-0.46003758907318115,0.0,0.0,nan,0.0,0.0,0.0,0.0,0.0,0.0,1.0
1779977907.84326,-1.2820223569869995,-0.46003758907318115,0.0,0.0,nan,0.0,0.0,0.0,0.0,0.0,0.0,1.0
1779977907.8540182,-1.2820223569869995,-0.46003758907318115,0.0,0.0,nan,0.0,0.0,0.0,0.0,0.0,0.0,1.0
1779977907.86452,-1.2820223569869995,-0.46003758907318115,0.0,0.0,nan,0.0,0.0,0.0,0.0,0.0,0.0,1.0
1779977907.8749652,-1.2820223569869995,-0.46003758907318115,0.0,0.0,nan,0.0,0.0,0.0,0.0,0.0,0.0,1.0
1779977907.8853345,-1.2820223569869995,-0.46003758907318115,0.0,0.0,nan,0.0,0.0,0.0,0.0,0.0,0.0,1.0
1779977907.895466,-1.2820223569869995,-0.46003758907318115,0.0,0.0,nan,0.0,0.0,0.0,0.0,0.0,0.0,1.0
1779977907.905523,-1.2820223569869995,-0.46003758907318115,0.0,0.0,nan,0.0,0.0,0.0,0.0,0.0,0.0,1.0
1779977907.9159994,-1.2820223569869995,-0.46003758907318115,0.0,0.0,nan,0.0,0.0,0.0,0.0,0.0,0.0,1.0
1779977907.9266484,-1.2820223569869995,-0.46003758907318115,0.0,0.0,nan,0.0,0.0,0.0,0.0,0.0,0.0,1.0
1779977907.93724,-1.2820223569869995,-0.46003758907318115,0.0,0.0,nan,0.0,0.0,0.0,0.0,0.0,0.0,1.0
1779977907.9476159,-1.2820223569869995,-0.46003758907318115,0.0,0.0,nan,0.0,0.0,0.0,0.0,0.0,0.0,1.0
1779977907.9579217,-1.2820223569869995,-0.46003758907318115,0.0,0.0,nan,0.0,0.0,0.0,0.0,0.0,0.0,1.0
1779977907.9683497,-1.2820223569869995,-0.46003758907318115,0.0,0.0,nan,0.0,0.0,0.0,0.0,0.0,0.0,1.0
1779977907.9787714,-1.2820223569869995,-0.46003758907318115,0.0,0.0,nan,0.0,0.0,0.0,0.0,0.0,0.0,1.0
1779977907.9894798,-1.2820223569869995,-0.46003758907318115,0.0,0.0,nan,0.0,0.0,0.0,0.0,0.0,0.0,1.0
1779977907.99987,-1.2820223569869995,-0.46003758907318115,0.0,0.0,nan,0.0,0.0,0.0,0.0,0.0,0.0,1.0
1779977908.0101535,-1.2820223569869995,-0.46003758907318115,0.0,0.0,nan,0.0,0.0,0.0,0.0,0.0,0.0,1.0
1779977908.0206769,-1.2820223569869995,-0.46003758907318115,0.0,0.0,nan,0.0,0.0,0.0,0.0,0.0,0.0,1.0
1779977908.031334,-1.2820223569869995,-0.46003758907318115,0.0,0.0,nan,0.0,0.0,0.0,0.0,0.0,0.0,1.0
1779977908.0418832,-1.2820223569869995,-0.46003758907318115,0.0,0.0,nan,0.0,0.0,0.0,0.0,0.0,0.0,1.0
1779977908.0523765,-1.2820223569869995,-0.46003758907318115,0.0,0.0,nan,0.0,0.0,0.0,0.0,0.0,0.0,1.0
1779977908.0628736,-1.2820223569869995,-0.46003758907318115,0.0,0.0,nan,0.0,0.0,0.0,0.0,0.0,0.0,1.0
1779977908.0729966,-1.2820223569869995,-0.46003758907318115,0.0,0.0,nan,0.0,0.0,0.0,0.0,0.0,0.0,1.0
1779977908.0830371,-1.2820223569869995,-0.46003758907318115,0.0,0.0,nan,0.0,0.0,0.0,0.0,0.0,0.0,1.0
1779977908.093753,-1.2820223569869995,-0.46003758907318115,0.0,0.0,nan,0.0,0.0,0.0,0.0,0.0,0.0,1.0
1779977908.1041658,-1.2820223569869995,-0.46003758907318115,0.0,0.0,nan,0.0,0.0,0.0,0.0,0.0,0.0,1.0
1779977908.1141717,-1.2820223569869995,-0.46003758907318115,0.0,0.0,nan,0.0,0.0,0.0,0.0,0.0,0.0,1.0
1779977908.1245954,-1.2820223569869995,-0.46003758907318115,0.0,0.0,nan,0.0,0.0,0.0,0.0,0.0,0.0,1.0
1779977908.134785,-1.2820223569869995,-0.46003758907318115,0.0,0.0,nan,0.0,0.0,0.0,0.0,0.0,0.0,1.0
1779977908.1454635,-1.2820223569869995,-0.46003758907318115,0.0,0.0,nan,0.0,0.0,0.0,0.0,0.0,0.0,1.0
1779977908.15569,-1.2820223569869995,-0.46003758907318115,0.0,0.0,nan,0.0,0.0,0.0,0.0,0.0,0.0,1.0
1779977908.1658766,-1.2820223569869995,-0.46003758907318115,0.0,0.0,nan,0.0,0.0,0.0,0.0,0.0,0.0,1.0
1779977908.1767168,-1.2820223569869995,-0.46003758907318115,0.0,0.0,nan,0.0,0.0,0.0,0.0,0.0,0.0,1.0
1779977908.1871035,-1.2820223569869995,-0.46003758907318115,0.0,0.0,nan,0.0,0.0,0.0,0.0,0.0,0.0,1.0
1779977908.1980138,-1.2820223569869995,-0.46003758907318115,0.0,0.0,nan,0.0,0.0,0.0,0.0,0.0,0.0,1.0
1779977908.208025,-1.2820223569869995,-0.46003758907318115,0.0,0.0,nan,0.0,0.0,0.0,0.0,0.0,0.0,1.0
1779977908.2185695,-1.2820223569869995,-0.46003758907318115,0.0,0.0,nan,0.0,0.0,0.0,0.0,0.0,0.0,1.0
1779977908.2289174,-1.2820223569869995,-0.46003758907318115,0.0,0.0,nan,0.0,0.0,0.0,0.0,0.0,0.0,1.0
1779977908.23934,-1.2820223569869995,-0.46003758907318115,0.0,0.0,nan,0.0,0.0,0.0,0.0,0.0,0.0,1.0
1779977908.2498922,-1.2820223569869995,-0.46003758907318115,0.0,0.0,nan,0.0,0.0,0.0,0.0,0.0,0.0,1.0
1779977908.2604446,-1.2820223569869995,-0.46003758907318115,0.0,0.0,nan,0.0,0.0,0.0,0.0,0.0,0.0,1.0
1779977908.2706742,-1.2820223569869995,-0.46003758907318115,0.0,0.0,nan,0.0,0.0,0.0,0.0,0.0,0.0,1.0
1779977908.2806115,-1.2820223569869995,-0.46003758907318115,0.0,0.0,nan,0.0,0.0,0.0,0.0,0.0,0.0,1.0
1779977908.2911716,-1.2820223569869995,-0.46003758907318115,0.0,0.0,nan,0.0,0.0,0.0,0.0,0.0,0.0,1.0
1779977908.3013744,-1.2820223569869995,-0.46003758907318115,0.0,0.0,nan,0.0,0.0,0.0,0.0,0.0,0.0,1.0
1779977908.3117898,-1.2820223569869995,-0.46003758907318115,0.0,0.0,nan,0.0,0.0,0.0,0.0,0.0,0.0,1.0
1779977908.3224132,-1.2820223569869995,-0.46003758907318115,0.0,0.0,nan,0.0,0.0,0.0,0.0,0.0,0.0,1.0
1779977908.3325398,-1.2820223569869995,-0.46003758907318115,0.0,0.0,nan,0.0,0.0,0.0,0.0,0.0,0.0,1.0
1779977908.3430998,-1.2820223569869995,-0.46003758907318115,0.0,0.0,nan,0.0,0.0,0.0,0.0,0.0,0.0,1.0
1779977908.3534417,-1.2820223569869995,-0.46003758907318115,0.0,0.0,nan,0.0,0.0,0.0,0.0,0.0,0.0,1.0
1779977908.363441,-1.2820223569869995,-0.46003758907318115,0.0,0.0,nan,0.0,0.0,0.0,0.0,0.0,0.0,1.0
1779977908.3740478,-1.2820223569869995,-0.46003758907318115,0.0,0.0,nan,0.0,0.0,0.0,0.0,0.0,0.0,1.0
1779977908.384092,-1.2820223569869995,-0.46003758907318115,0.0,0.0,nan,0.0,0.0,0.0,0.0,0.0,0.0,1.0
1779977908.39438,-1.2820223569869995,-0.46003758907318115,0.0,0.0,nan,0.0,0.0,0.0,0.0,0.0,0.0,1.0
1779977908.4047277,-1.2820223569869995,-0.46003758907318115,0.0,0.0,nan,0.0,0.0,0.0,0.0,0.0,0.0,1.0
1779977908.415183,-1.2820223569869995,-0.46003758907318115,0.0,0.0,nan,0.0,0.0,0.0,0.0,0.0,0.0,1.0
1779977908.4258037,-1.2820223569869995,-0.46003758907318115,0.0,0.0,nan,0.0,0.0,0.0,0.0,0.0,0.0,1.0
1779977908.4359124,-1.2820223569869995,-0.46003758907318115,0.0,0.0,nan,0.0,0.0,0.0,0.0,0.0,0.0,1.0
1779977908.446481,-1.2820223569869995,-0.46003758907318115,0.0,0.0,nan,0.0,0.0,0.0,0.0,0.0,0.0,1.0
1779977908.4565983,-1.2820223569869995,-0.46003758907318115,0.0,0.0,nan,0.0,0.0,0.0,0.0,0.0,0.0,1.0
1779977908.4669118,-1.2820223569869995,-0.46003758907318115,0.0,0.0,nan,0.0,0.0,0.0,0.0,0.0,0.0,1.0
1779977908.477073,-1.2820223569869995,-0.46003758907318115,0.0,0.0,nan,0.0,0.0,0.0,0.0,0.0,0.0,1.0
1779977908.487465,-1.2820223569869995,-0.46003758907318115,0.0,0.0,nan,0.0,0.0,0.0,0.0,0.0,0.0,1.0
1779977908.4977124,-1.2820223569869995,-0.46003758907318115,0.0,0.0,nan,0.0,0.0,0.0,0.0,0.0,0.0,1.0
1779977908.507849,-1.2820223569869995,-0.46003758907318115,0.0,0.0,nan,0.0,0.0,0.0,0.0,0.0,0.0,1.0
1779977908.5182261,-1.2820223569869995,-0.46003758907318115,0.0,0.0,nan,0.0,0.0,0.0,0.0,0.0,0.0,1.0
1779977908.5286455,-1.2820223569869995,-0.46003758907318115,0.0,0.0,nan,0.0,0.0,0.0,0.0,0.0,0.0,1.0
1779977908.5390384,-1.2820223569869995,-0.46003758907318115,0.0,0.0,nan,0.0,0.0,0.0,0.0,0.0,0.0,1.0
1779977908.5491633,-1.2820223569869995,-0.46003758907318115,0.0,0.0,nan,0.0,0.0,0.0,0.0,0.0,0.0,1.0
1779977908.5598912,-1.2820223569869995,-0.46003758907318115,0.0,0.0,nan,0.0,0.0,0.0,0.0,0.0,0.0,1.0
1779977908.570111,-1.2820223569869995,-0.46003758907318115,0.0,0.0,nan,0.0,0.0,0.0,0.0,0.0,0.0,1.0
1779977908.5806024,-1.2820223569869995,-0.46003758907318115,0.0,0.0,nan,0.0,0.0,0.0,0.0,0.0,0.0,1.0
1779977908.5906572,-1.2820223569869995,-0.46003758907318115,0.0,0.0,nan,0.0,0.0,0.0,0.0,0.0,0.0,1.0
1779977908.6008785,-1.2820223569869995,-0.46003758907318115,0.0,0.0,nan,0.0,0.0,0.0,0.0,0.0,0.0,1.0
1779977908.6110926,-1.2820223569869995,-0.46003758907318115,0.0,0.0,nan,0.0,0.0,0.0,0.0,0.0,0.0,1.0
1779977908.6211822,-1.2820223569869995,-0.46003758907318115,0.0,0.0,nan,0.0,0.0,0.0,0.0,0.0,0.0,1.0
1779977908.6316955,-1.2820223569869995,-0.46003758907318115,0.0,0.0,nan,0.0,0.0,0.0,0.0,0.0,0.0,1.0
1779977908.641965,-1.2820223569869995,-0.46003758907318115,0.0,0.0,nan,0.0,0.0,0.0,0.0,0.0,0.0,1.0
1779977908.6521957,-1.2820223569869995,-0.46003758907318115,0.0,0.0,nan,0.0,0.0,0.0,0.0,0.0,0.0,1.0
1779977908.6622298,-1.2820223569869995,-0.46003758907318115,0.0,0.0,nan,0.0,0.0,0.0,0.0,0.0,0.0,1.0
1779977908.6728976,-1.2820223569869995,-0.46003758907318115,0.0,0.0,nan,0.0,0.0,0.0,0.0,0.0,0.0,1.0
1779977908.683171,-1.2820223569869995,-0.46003758907318115,0.0,0.0,nan,0.0,0.0,0.0,0.0,0.0,0.0,1.0
1779977908.6936367,-1.2820223569869995,-0.46003758907318115,0.0,0.0,nan,0.0,0.0,0.0,0.0,0.0,0.0,1.0
1779977908.7038803,-1.2820223569869995,-0.46003758907318115,0.0,0.0,nan,0.0,0.0,0.0,0.0,0.0,0.0,1.0
1779977908.714103,-1.2820223569869995,-0.46003758907318115,0.0,0.0,nan,0.0,0.0,0.0,0.0,0.0,0.0,1.0
1779977908.7246482,-1.2820223569869995,-0.46003758907318115,0.0,0.0,nan,0.0,0.0,0.0,0.0,0.0,0.0,1.0
1779977908.734485,-1.2820223569869995,-0.46003758907318115,0.0,0.0,nan,0.0,0.0,0.0,0.0,0.0,0.0,1.0
1779977908.7448587,-1.2820223569869995,-0.46003758907318115,0.0,0.0,nan,0.0,0.0,0.0,0.0,0.0,0.0,1.0
1779977908.7553604,-1.2820223569869995,-0.46003758907318115,0.0,0.0,nan,0.0,0.0,0.0,0.0,0.0,0.0,1.0
1779977908.7657115,-1.2820223569869995,-0.46003758907318115,0.0,0.0,nan,0.0,0.0,0.0,0.0,0.0,0.0,1.0
1779977908.7762225,-1.2820223569869995,-0.46003758907318115,0.0,0.0,nan,0.0,0.0,0.0,0.0,0.0,0.0,1.0
1779977908.786299,-1.2820223569869995,-0.46003758907318115,0.0,0.0,nan,0.0,0.0,0.0,0.0,0.0,0.0,1.0
1779977908.7965088,-1.2820223569869995,-0.46003758907318115,0.0,0.0,nan,0.0,0.0,0.0,0.0,0.0,0.0,1.0
1779977908.806872,-1.2820223569869995,-0.46003758907318115,0.0,0.0,nan,0.0,0.0,0.0,0.0,0.0,0.0,1.0
1779977908.817589,-1.2820223569869995,-0.46003758907318115,0.0,0.0,nan,0.0,0.0,0.0,0.0,0.0,0.0,1.0
1779977908.8275595,-1.2820223569869995,-0.46003758907318115,0.0,0.0,nan,0.0,0.0,0.0,0.0,0.0,0.0,1.0
1779977908.838072,-1.2820223569869995,-0.46003758907318115,0.0,0.0,nan,0.0,0.0,0.0,0.0,0.0,0.0,1.0
1779977908.848602,-1.2820223569869995,-0.46003758907318115,0.0,0.0,nan,0.0,0.0,0.0,0.0,0.0,0.0,1.0
1779977908.8590965,-1.2820223569869995,-0.46003758907318115,0.0,0.0,nan,0.0,0.0,0.0,0.0,0.0,0.0,1.0
1779977908.8693306,-1.2820223569869995,-0.46003758907318115,0.0,0.0,nan,0.0,0.0,0.0,0.0,0.0,0.0,1.0
1779977908.8796904,-1.2820223569869995,-0.46003758907318115,0.0,0.0,nan,0.0,0.0,0.0,0.0,0.0,0.0,1.0
1779977908.89046,-1.2820223569869995,-0.46003758907318115,0.0,0.0,nan,0.0,0.0,0.0,0.0,0.0,0.0,1.0
1779977908.901095,-1.2820223569869995,-0.46003758907318115,0.0,0.0,nan,0.0,0.0,0.0,0.0,0.0,0.0,1.0
1779977908.9111855,-1.2820223569869995,-0.46003758907318115,0.0,0.0,nan,0.0,0.0,0.0,0.0,0.0,0.0,1.0
1779977908.9219131,-1.2820223569869995,-0.46003758907318115,0.0,0.0,nan,0.0,0.0,0.0,0.0,0.0,0.0,1.0
1779977908.9323158,-1.2820223569869995,-0.46003758907318115,0.0,0.0,nan,0.0,0.0,0.0,0.0,0.0,0.0,1.0
1779977908.9425085,-1.2820223569869995,-0.46003758907318115,0.0,0.0,nan,0.0,0.0,0.0,0.0,0.0,0.0,1.0
1779977908.9530563,-1.2820223569869995,-0.46003758907318115,0.0,0.0,nan,0.0,0.0,0.0,0.0,0.0,0.0,1.0
1779977908.963649,-1.2820223569869995,-0.46003758907318115,0.0,0.0,nan,0.0,0.0,0.0,0.0,0.0,0.0,1.0
1779977908.9737303,-1.2820223569869995,-0.46003758907318115,0.0,0.0,nan,0.0,0.0,0.0,0.0,0.0,0.0,1.0
1779977908.9841545,-1.2820223569869995,-0.46003758907318115,0.0,0.0,nan,0.0,0.0,0.0,0.0,0.0,0.0,1.0
1779977908.9946747,-1.2820223569869995,-0.46003758907318115,0.0,0.0,nan,0.0,0.0,0.0,0.0,0.0,0.0,1.0
1779977909.004965,-1.2820223569869995,-0.46003758907318115,0.0,0.0,nan,0.0,0.0,0.0,0.0,0.0,0.0,1.0
1779977909.0149522,-1.2820223569869995,-0.46003758907318115,0.0,0.0,nan,0.0,0.0,0.0,0.0,0.0,0.0,1.0
1779977909.025185,-1.2820223569869995,-0.46003758907318115,0.0,0.0,nan,0.0,0.0,0.0,0.0,0.0,0.0,1.0
1779977909.035395,-1.2820223569869995,-0.46003758907318115,0.0,0.0,nan,0.0,0.0,0.0,0.0,0.0,0.0,1.0
1779977909.0455406,-1.2820223569869995,-0.46003758907318115,0.0,0.0,nan,0.0,0.0,0.0,0.0,0.0,0.0,1.0
1779977909.0557923,-1.2820223569869995,-0.46003758907318115,0.0,0.0,nan,0.0,0.0,0.0,0.0,0.0,0.0,1.0
1779977909.0661411,-1.2820223569869995,-0.46003758907318115,0.0,0.0,nan,0.0,0.0,0.0,0.0,0.0,0.0,1.0
1779977909.0763493,-1.2820223569869995,-0.46003758907318115,0.0,0.0,nan,0.0,0.0,0.0,0.0,0.0,0.0,1.0
1779977909.0863593,-1.2820223569869995,-0.46003758907318115,0.0,0.0,nan,0.0,0.0,0.0,0.0,0.0,0.0,1.0
1779977909.0964448,-1.2820223569869995,-0.46003758907318115,0.0,0.0,nan,0.0,0.0,0.0,0.0,0.0,0.0,1.0
1779977909.1066053,-1.2820223569869995,-0.46003758907318115,0.0,0.0,nan,0.0,0.0,0.0,0.0,0.0,0.0,1.0
1779977909.1169012,-1.2820223569869995,-0.46003758907318115,0.0,0.0,nan,0.0,0.0,0.0,0.0,0.0,0.0,1.0
1779977909.1274006,-1.2820223569869995,-0.46003758907318115,0.0,0.0,nan,0.0,0.0,0.0,0.0,0.0,0.0,1.0
1779977909.1379564,-1.2820223569869995,-0.46003758907318115,0.0,0.0,nan,0.0,0.0,0.0,0.0,0.0,0.0,1.0
1779977909.1482599,-1.2820223569869995,-0.46003758907318115,0.0,0.0,nan,0.0,0.0,0.0,0.0,0.0,0.0,1.0
1779977909.1584525,-1.2820223569869995,-0.46003758907318115,0.0,0.0,nan,0.0,0.0,0.0,0.0,0.0,0.0,1.0
1779977909.1684697,-1.2820223569869995,-0.46003758907318115,0.0,0.0,nan,0.0,0.0,0.0,0.0,0.0,0.0,1.0
1779977909.1787329,-1.2820223569869995,-0.46003758907318115,0.0,0.0,nan,0.0,0.0,0.0,0.0,0.0,0.0,1.0
1779977909.1893601,-1.2820223569869995,-0.46003758907318115,0.0,0.0,nan,0.0,0.0,0.0,0.0,0.0,0.0,1.0
1779977909.199866,-1.2820223569869995,-0.46003758907318115,0.0,0.0,nan,0.0,0.0,0.0,0.0,0.0,0.0,1.0
1779977909.2099502,-1.2820223569869995,-0.46003758907318115,0.0,0.0,nan,0.0,0.0,0.0,0.0,0.0,0.0,1.0
1779977909.2207122,-1.2820223569869995,-0.46003758907318115,0.0,0.0,nan,0.0,0.0,0.0,0.0,0.0,0.0,1.0
1779977909.2303977,-1.2820223569869995,-0.46003758907318115,0.0,0.0,nan,0.0,0.0,0.0,0.0,0.0,0.0,1.0
1779977909.2405348,-1.2820223569869995,-0.46003758907318115,0.0,0.0,nan,0.0,0.0,0.0,0.0,0.0,0.0,1.0
1779977909.2506871,-1.2820223569869995,-0.46003758907318115,0.0,0.0,nan,0.0,0.0,0.0,0.0,0.0,0.0,1.0
1779977909.2613008,-1.2820223569869995,-0.46003758907318115,0.0,0.0,nan,0.0,0.0,0.0,0.0,0.0,0.0,1.0
1779977909.271635,-1.2820223569869995,-0.46003758907318115,0.0,0.0,nan,0.0,0.0,0.0,0.0,0.0,0.0,1.0
1779977909.282136,-1.2820223569869995,-0.46003758907318115,0.0,0.0,nan,0.0,0.0,0.0,0.0,0.0,0.0,1.0
1779977909.2922115,-1.2820223569869995,-0.46003758907318115,0.0,0.0,nan,0.0,0.0,0.0,0.0,0.0,0.0,1.0
1779977909.3026154,-1.2820223569869995,-0.46003758907318115,0.0,0.0,nan,0.0,0.0,0.0,0.0,0.0,0.0,1.0
1779977909.313033,-1.2820223569869995,-0.46003758907318115,0.0,0.0,nan,0.0,0.0,0.0,0.0,0.0,0.0,1.0
1779977909.3234756,-1.2820223569869995,-0.46003758907318115,0.0,0.0,nan,0.0,0.0,0.0,0.0,0.0,0.0,1.0
1779977909.333443,-1.2820223569869995,-0.46003758907318115,0.0,0.0,nan,0.0,0.0,0.0,0.0,0.0,0.0,1.0
1779977909.343902,-1.2820223569869995,-0.46003758907318115,0.0,0.0,nan,0.0,0.0,0.0,0.0,0.0,0.0,1.0
1779977909.3542523,-1.2820223569869995,-0.46003758907318115,0.0,0.0,nan,0.0,0.0,0.0,0.0,0.0,0.0,1.0
1779977909.3646352,-1.2820223569869995,-0.46003758907318115,0.0,0.0,nan,0.0,0.0,0.0,0.0,0.0,0.0,1.0
1779977909.3747096,-1.2820223569869995,-0.46003758907318115,0.0,0.0,nan,0.0,0.0,0.0,0.0,0.0,0.0,1.0
1779977909.3852239,-1.2820223569869995,-0.46003758907318115,0.0,0.0,nan,0.0,0.0,0.0,0.0,0.0,0.0,1.0
1779977909.3953595,-1.2820223569869995,-0.46003758907318115,0.0,0.0,nan,0.0,0.0,0.0,0.0,0.0,0.0,1.0
1779977909.4055674,-1.2820223569869995,-0.46003758907318115,0.0,0.0,nan,0.0,0.0,0.0,0.0,0.0,0.0,1.0
1779977909.4157243,-1.2820223569869995,-0.46003758907318115,0.0,0.0,nan,0.0,0.0,0.0,0.0,0.0,0.0,1.0
1779977909.4262216,-1.2820223569869995,-0.46003758907318115,0.0,0.0,nan,0.0,0.0,0.0,0.0,0.0,0.0,1.0
1779977909.4366634,-1.2820223569869995,-0.46003758907318115,0.0,0.0,nan,0.0,0.0,0.0,0.0,0.0,0.0,1.0
1779977909.4469001,-1.2820223569869995,-0.46003758907318115,0.0,0.0,nan,0.0,0.0,0.0,0.0,0.0,0.0,1.0
1779977909.4573166,-1.2820223569869995,-0.46003758907318115,0.0,0.0,nan,0.0,0.0,0.0,0.0,0.0,0.0,1.0
1779977909.467868,-1.2820223569869995,-0.46003758907318115,0.0,0.0,nan,0.0,0.0,0.0,0.0,0.0,0.0,1.0
1779977909.4783401,-1.2820223569869995,-0.46003758907318115,0.0,0.0,nan,0.0,0.0,0.0,0.0,0.0,0.0,1.0
1779977909.48887,-1.2820223569869995,-0.46003758907318115,0.0,0.0,nan,0.0,0.0,0.0,0.0,0.0,0.0,1.0
1779977909.499407,-1.2820223569869995,-0.46003758907318115,0.0,0.0,nan,0.0,0.0,0.0,0.0,0.0,0.0,1.0
1779977909.5097892,-1.2820223569869995,-0.46003758907318115,0.0,0.0,nan,0.0,0.0,0.0,0.0,0.0,0.0,1.0
1779977909.5204108,-1.2820223569869995,-0.46003758907318115,0.0,0.0,nan,0.0,0.0,0.0,0.0,0.0,0.0,1.0
1779977909.5304096,-1.2820223569869995,-0.46003758907318115,0.0,0.0,nan,0.0,0.0,0.0,0.0,0.0,0.0,1.0
1779977909.5405998,-1.2820223569869995,-0.46003758907318115,0.0,0.0,nan,0.0,0.0,0.0,0.0,0.0,0.0,1.0
1779977909.5512094,-1.2820223569869995,-0.46003758907318115,0.0,0.0,nan,0.0,0.0,0.0,0.0,0.0,0.0,1.0
1779977909.5614033,-1.2820223569869995,-0.46003758907318115,0.0,0.0,nan,0.0,0.0,0.0,0.0,0.0,0.0,1.0
1779977909.5716677,-1.2820223569869995,-0.46003758907318115,0.0,0.0,nan,0.0,0.0,0.0,0.0,0.0,0.0,1.0
1779977909.581951,-1.2820223569869995,-0.46003758907318115,0.0,0.0,nan,0.0,0.0,0.0,0.0,0.0,0.0,1.0
1779977909.5922194,-1.2820223569869995,-0.46003758907318115,0.0,0.0,nan,0.0,0.0,0.0,0.0,0.0,0.0,1.0
1779977909.6024008,-1.2820223569869995,-0.46003758907318115,0.0,0.0,nan,0.0,0.0,0.0,0.0,0.0,0.0,1.0
1779977909.6127257,-1.2820223569869995,-0.46003758907318115,0.0,0.0,nan,0.0,0.0,0.0,0.0,0.0,0.0,1.0
1779977909.6232927,-1.2820223569869995,-0.46003758907318115,0.0,0.0,nan,0.0,0.0,0.0,0.0,0.0,0.0,1.0
1779977909.633715,-1.2820223569869995,-0.46003758907318115,0.0,0.0,nan,0.0,0.0,0.0,0.0,0.0,0.0,1.0
1779977909.6444101,-1.2820223569869995,-0.46003758907318115,0.0,0.0,nan,0.0,0.0,0.0,0.0,0.0,0.0,1.0
1779977909.6549141,-1.2820223569869995,-0.46003758907318115,0.0,0.0,nan,0.0,0.0,0.0,0.0,0.0,0.0,1.0
1779977909.6649418,-1.2820223569869995,-0.46003758907318115,0.0,0.0,nan,0.0,0.0,0.0,0.0,0.0,0.0,1.0
1779977909.6755176,-1.2820223569869995,-0.46003758907318115,0.0,0.0,nan,0.0,0.0,0.0,0.0,0.0,0.0,1.0
1779977909.6859324,-1.2820223569869995,-0.46003758907318115,0.0,0.0,nan,0.0,0.0,0.0,0.0,0.0,0.0,1.0
1779977909.6962419,-1.2820223569869995,-0.46003758907318115,0.0,0.0,nan,0.0,0.0,0.0,0.0,0.0,0.0,1.0
1779977909.7063863,-1.2820223569869995,-0.46003758907318115,0.0,0.0,nan,0.0,0.0,0.0,0.0,0.0,0.0,1.0
1779977909.7166882,-1.2820223569869995,-0.46003758907318115,0.0,0.0,nan,0.0,0.0,0.0,0.0,0.0,0.0,1.0
1779977909.7269084,-1.2820223569869995,-0.46003758907318115,0.0,0.0,nan,0.0,0.0,0.0,0.0,0.0,0.0,1.0
1779977909.7371178,-1.2820223569869995,-0.46003758907318115,0.0,0.0,nan,0.0,0.0,0.0,0.0,0.0,0.0,1.0
1779977909.7473326,-1.2820223569869995,-0.46003758907318115,0.0,0.0,nan,0.0,0.0,0.0,0.0,0.0,0.0,1.0
1779977909.7579958,-1.2820223569869995,-0.46003758907318115,0.0,0.0,nan,0.0,0.0,0.0,0.0,0.0,0.0,1.0
1779977909.7683384,-1.2820223569869995,-0.46003758907318115,0.0,0.0,nan,0.0,0.0,0.0,0.0,0.0,0.0,1.0
1779977909.7786427,-1.2820223569869995,-0.46003758907318115,0.0,0.0,nan,0.0,0.0,0.0,0.0,0.0,0.0,1.0
1779977909.7892554,-1.2820223569869995,-0.46003758907318115,0.0,0.0,nan,0.0,0.0,0.0,0.0,0.0,0.0,1.0
1779977909.7996027,-1.2820223569869995,-0.46003758907318115,0.0,0.0,nan,0.0,0.0,0.0,0.0,0.0,0.0,1.0
1779977909.8096046,-1.2820223569869995,-0.46003758907318115,0.0,0.0,nan,0.0,0.0,0.0,0.0,0.0,0.0,1.0
1779977909.819854,-1.2820223569869995,-0.46003758907318115,0.0,0.0,nan,0.0,0.0,0.0,0.0,0.0,0.0,1.0
1779977909.829991,-1.2820223569869995,-0.46003758907318115,0.0,0.0,nan,0.0,0.0,0.0,0.0,0.0,0.0,1.0
1779977909.8405144,-1.2820223569869995,-0.46003758907318115,0.0,0.0,nan,0.0,0.0,0.0,0.0,0.0,0.0,1.0
1779977909.8508554,-1.2820223569869995,-0.46003758907318115,0.0,0.0,nan,0.0,0.0,0.0,0.0,0.0,0.0,1.0
1779977909.8613994,-1.2820223569869995,-0.46003758907318115,0.0,0.0,nan,0.0,0.0,0.0,0.0,0.0,0.0,1.0
1779977909.8714364,-1.2820223569869995,-0.46003758907318115,0.0,0.0,nan,0.0,0.0,0.0,0.0,0.0,0.0,1.0
1779977909.8820405,-1.2820223569869995,-0.46003758907318115,0.0,0.0,nan,0.0,0.0,0.0,0.0,0.0,0.0,1.0
1779977909.892729,-1.2820223569869995,-0.46003758907318115,0.0,0.0,nan,0.0,0.0,0.0,0.0,0.0,0.0,1.0
1779977909.9031591,-1.2820223569869995,-0.46003758907318115,0.0,0.0,nan,0.0,0.0,0.0,0.0,0.0,0.0,1.0
1779977909.9131687,-1.2820223569869995,-0.46003758907318115,0.0,0.0,nan,0.0,0.0,0.0,0.0,0.0,0.0,1.0
1779977909.9234881,-1.2820223569869995,-0.46003758907318115,0.0,0.0,nan,0.0,0.0,0.0,0.0,0.0,0.0,1.0
1779977909.933621,-1.2820223569869995,-0.46003758907318115,0.0,0.0,nan,0.0,0.0,0.0,0.0,0.0,0.0,1.0
1779977909.9440796,-1.2820223569869995,-0.46003758907318115,0.0,0.0,nan,0.0,0.0,0.0,0.0,0.0,0.0,1.0
1779977909.954441,-1.2820223569869995,-0.46003758907318115,0.0,0.0,nan,0.0,0.0,0.0,0.0,0.0,0.0,1.0
1779977909.964534,-1.2820223569869995,-0.46003758907318115,0.0,0.0,nan,0.0,0.0,0.0,0.0,0.0,0.0,1.0
1779977909.974653,-1.2820223569869995,-0.46003758907318115,0.0,0.0,nan,0.0,0.0,0.0,0.0,0.0,0.0,1.0
1779977909.9849427,-1.2820223569869995,-0.46003758907318115,0.0,0.0,nan,0.0,0.0,0.0,0.0,0.0,0.0,1.0
1779977909.9950294,-1.2820223569869995,-0.46003758907318115,0.0,0.0,nan,0.0,0.0,0.0,0.0,0.0,0.0,1.0
1779977910.0055497,-1.2820223569869995,-0.46003758907318115,0.0,0.0,nan,0.0,0.0,0.0,0.0,0.0,0.0,1.0
1779977910.016153,-1.2820223569869995,-0.46003758907318115,0.0,0.0,nan,0.0,0.0,0.0,0.0,0.0,0.0,1.0
1779977910.0262988,-1.2820223569869995,-0.46003758907318115,0.0,0.0,nan,0.0,0.0,0.0,0.0,0.0,0.0,1.0
1779977910.036448,-1.2820223569869995,-0.46003758907318115,0.0,0.0,nan,0.0,0.0,0.0,0.0,0.0,0.0,1.0
1779977910.046601,-1.2820223569869995,-0.46003758907318115,0.0,0.0,nan,0.0,0.0,0.0,0.0,0.0,0.0,1.0
1779977910.0569754,-1.2820223569869995,-0.46003758907318115,0.0,0.0,nan,0.0,0.0,0.0,0.0,0.0,0.0,1.0
1779977910.0671134,-1.2820223569869995,-0.46003758907318115,0.0,0.0,nan,0.0,0.0,0.0,0.0,0.0,0.0,1.0
1779977910.0772133,-1.2820223569869995,-0.46003758907318115,0.0,0.0,nan,0.0,0.0,0.0,0.0,0.0,0.0,1.0
1779977910.087509,-1.2820223569869995,-0.46003758907318115,0.0,0.0,nan,0.0,0.0,0.0,0.0,0.0,0.0,1.0
1779977910.0975597,-1.2820223569869995,-0.46003758907318115,0.0,0.0,nan,0.0,0.0,0.0,0.0,0.0,0.0,1.0
1779977910.1076355,-1.2820223569869995,-0.46003758907318115,0.0,0.0,nan,0.0,0.0,0.0,0.0,0.0,0.0,1.0
1779977910.1180363,-1.2820223569869995,-0.46003758907318115,0.0,0.0,nan,0.0,0.0,0.0,0.0,0.0,0.0,1.0
1779977910.1284587,-1.2820223569869995,-0.46003758907318115,0.0,0.0,nan,0.0,0.0,0.0,0.0,0.0,0.0,1.0
1779977910.1390438,-1.2820223569869995,-0.46003758907318115,0.0,0.0,nan,0.0,0.0,0.0,0.0,0.0,0.0,1.0
1779977910.1494212,-1.2820223569869995,-0.46003758907318115,0.0,0.0,nan,0.0,0.0,0.0,0.0,0.0,0.0,1.0
1779977910.1595044,-1.2820223569869995,-0.46003758907318115,0.0,0.0,nan,0.0,0.0,0.0,0.0,0.0,0.0,1.0
1779977910.1700804,-1.2820223569869995,-0.46003758907318115,0.0,0.0,nan,0.0,0.0,0.0,0.0,0.0,0.0,1.0
1779977910.1801426,-1.2820223569869995,-0.46003758907318115,0.0,0.0,nan,0.0,0.0,0.0,0.0,0.0,0.0,1.0
1779977910.1907215,-1.2820223569869995,-0.46003758907318115,0.0,0.0,nan,0.0,0.0,0.0,0.0,0.0,0.0,1.0
1779977910.201136,-1.2820223569869995,-0.46003758907318115,0.0,0.0,nan,0.0,0.0,0.0,0.0,0.0,0.0,1.0
1779977910.211322,-1.2820223569869995,-0.46003758907318115,0.0,0.0,nan,0.0,0.0,0.0,0.0,0.0,0.0,1.0
1779977910.221485,-1.2820223569869995,-0.46003758907318115,0.0,0.0,nan,0.0,0.0,0.0,0.0,0.0,0.0,1.0
1779977910.23151,-1.2820223569869995,-0.46003758907318115,0.0,0.0,nan,0.0,0.0,0.0,0.0,0.0,0.0,1.0
1779977910.242003,-1.2820223569869995,-0.46003758907318115,0.0,0.0,nan,0.0,0.0,0.0,0.0,0.0,0.0,1.0
1779977910.252477,-1.2820223569869995,-0.46003758907318115,0.0,0.0,nan,0.0,0.0,0.0,0.0,0.0,0.0,1.0
1779977910.26266,-1.2820223569869995,-0.46003758907318115,0.0,0.0,nan,0.0,0.0,0.0,0.0,0.0,0.0,1.0
1779977910.2727828,-1.2820223569869995,-0.46003758907318115,0.0,0.0,nan,0.0,0.0,0.0,0.0,0.0,0.0,1.0
1779977910.2833295,-1.2820223569869995,-0.46003758907318115,0.0,0.0,nan,0.0,0.0,0.0,0.0,0.0,0.0,1.0
1779977910.2938688,-1.2820223569869995,-0.46003758907318115,0.0,0.0,nan,0.0,0.0,0.0,0.0,0.0,0.0,1.0
1779977910.3039882,-1.2820223569869995,-0.46003758907318115,0.0,0.0,nan,0.0,0.0,0.0,0.0,0.0,0.0,1.0
1779977910.3145523,-1.2820223569869995,-0.46003758907318115,0.0,0.0,nan,0.0,0.0,0.0,0.0,0.0,0.0,1.0
1779977910.3247492,-1.2820223569869995,-0.46003758907318115,0.0,0.0,nan,0.0,0.0,0.0,0.0,0.0,0.0,1.0
1779977910.3348684,-1.2820223569869995,-0.46003758907318115,0.0,0.0,nan,0.0,0.0,0.0,0.0,0.0,0.0,1.0
1779977910.3454564,-1.2820223569869995,-0.46003758907318115,0.0,0.0,nan,0.0,0.0,0.0,0.0,0.0,0.0,1.0
1779977910.356181,-1.2820223569869995,-0.46003758907318115,0.0,0.0,nan,0.0,0.0,0.0,0.0,0.0,0.0,1.0
1779977910.366154,-1.2820223569869995,-0.46003758907318115,0.0,0.0,nan,0.0,0.0,0.0,0.0,0.0,0.0,1.0
1779977910.376331,-1.2820223569869995,-0.46003758907318115,0.0,0.0,nan,0.0,0.0,0.0,0.0,0.0,0.0,1.0
1779977910.3864856,-1.2820223569869995,-0.46003758907318115,0.0,0.0,nan,0.0,0.0,0.0,0.0,0.0,0.0,1.0
1779977910.396954,-1.2820223569869995,-0.46003758907318115,0.0,0.0,nan,0.0,0.0,0.0,0.0,0.0,0.0,1.0
1779977910.407009,-1.2820223569869995,-0.46003758907318115,0.0,0.0,nan,0.0,0.0,0.0,0.0,0.0,0.0,1.0
1779977910.4174545,-1.2820223569869995,-0.46003758907318115,0.0,0.0,nan,0.0,0.0,0.0,0.0,0.0,0.0,1.0
1779977910.4279592,-1.2820223569869995,-0.46003758907318115,0.0,0.0,nan,0.0,0.0,0.0,0.0,0.0,0.0,1.0
1779977910.4385283,-1.2820223569869995,-0.46003758907318115,0.0,0.0,nan,0.0,0.0,0.0,0.0,0.0,0.0,1.0
1779977910.4487858,-1.2820223569869995,-0.46003758907318115,0.0,0.0,nan,0.0,0.0,0.0,0.0,0.0,0.0,1.0
1779977910.4592507,-1.2820223569869995,-0.46003758907318115,0.0,0.0,nan,0.0,0.0,0.0,0.0,0.0,0.0,1.0
1779977910.4697812,-1.2820223569869995,-0.46003758907318115,0.0,0.0,nan,0.0,0.0,0.0,0.0,0.0,0.0,1.0
1779977910.4800484,-1.2820223569869995,-0.46003758907318115,0.0,0.0,nan,0.0,0.0,0.0,0.0,0.0,0.0,1.0
1779977910.4901829,-1.2820223569869995,-0.46003758907318115,0.0,0.0,nan,0.0,0.0,0.0,0.0,0.0,0.0,1.0
1779977910.500491,-1.2820223569869995,-0.46003758907318115,0.0,0.0,nan,0.0,0.0,0.0,0.0,0.0,0.0,1.0
1779977910.5106807,-1.2820223569869995,-0.46003758907318115,0.0,0.0,nan,0.0,0.0,0.0,0.0,0.0,0.0,1.0
1779977910.5207798,-1.2820223569869995,-0.46003758907318115,0.0,0.0,nan,0.0,0.0,0.0,0.0,0.0,0.0,1.0
1779977910.5312476,-1.2820223569869995,-0.46003758907318115,0.0,0.0,nan,0.0,0.0,0.0,0.0,0.0,0.0,1.0
1779977910.541345,-1.2820223569869995,-0.46003758907318115,0.0,0.0,nan,0.0,0.0,0.0,0.0,0.0,0.0,1.0
1779977910.551901,-1.2820223569869995,-0.46003758907318115,0.0,0.0,nan,0.0,0.0,0.0,0.0,0.0,0.0,1.0
1779977910.562115,-1.2820223569869995,-0.46003758907318115,0.0,0.0,nan,0.0,0.0,0.0,0.0,0.0,0.0,1.0
1779977910.5724373,-1.2820223569869995,-0.46003758907318115,0.0,0.0,nan,0.0,0.0,0.0,0.0,0.0,0.0,1.0
1779977910.5824902,-1.2820223569869995,-0.46003758907318115,0.0,0.0,nan,0.0,0.0,0.0,0.0,0.0,0.0,1.0
1779977910.5926938,-1.2820223569869995,-0.46003758907318115,0.0,0.0,nan,0.0,0.0,0.0,0.0,0.0,0.0,1.0
1779977910.6028094,-1.2820223569869995,-0.46003758907318115,0.0,0.0,nan,0.0,0.0,0.0,0.0,0.0,0.0,1.0
1779977910.6133285,-1.2820223569869995,-0.46003758907318115,0.0,0.0,nan,0.0,0.0,0.0,0.0,0.0,0.0,1.0
1779977910.6238682,-1.2820223569869995,-0.46003758907318115,0.0,0.0,nan,0.0,0.0,0.0,0.0,0.0,0.0,1.0
1779977910.6343834,-1.2820223569869995,-0.46003758907318115,0.0,0.0,nan,0.0,0.0,0.0,0.0,0.0,0.0,1.0
1779977910.6444287,-1.2820223569869995,-0.46003758907318115,0.0,0.0,nan,0.0,0.0,0.0,0.0,0.0,0.0,1.0
1779977910.6548007,-1.2820223569869995,-0.46003758907318115,0.0,0.0,nan,0.0,0.0,0.0,0.0,0.0,0.0,1.0
1779977910.6649928,-1.2820223569869995,-0.46003758907318115,0.0,0.0,nan,0.0,0.0,0.0,0.0,0.0,0.0,1.0
1779977910.6751873,-1.2820223569869995,-0.46003758907318115,0.0,0.0,nan,0.0,0.0,0.0,0.0,0.0,0.0,1.0
1779977910.685876,-1.2820223569869995,-0.46003758907318115,0.0,0.0,nan,0.0,0.0,0.0,0.0,0.0,0.0,1.0
1779977910.6964746,-1.2820223569869995,-0.46003758907318115,0.0,0.0,nan,0.0,0.0,0.0,0.0,0.0,0.0,1.0
1779977910.7066119,-1.2820223569869995,-0.46003758907318115,0.0,0.0,nan,0.0,0.0,0.0,0.0,0.0,0.0,1.0
1779977910.716827,-1.2820223569869995,-0.46003758907318115,0.0,0.0,nan,0.0,0.0,0.0,0.0,0.0,0.0,1.0
1779977910.7271094,-1.2820223569869995,-0.46003758907318115,0.0,0.0,nan,0.0,0.0,0.0,0.0,0.0,0.0,1.0
1779977910.7373297,-1.2820223569869995,-0.46003758907318115,0.0,0.0,nan,0.0,0.0,0.0,0.0,0.0,0.0,1.0
1779977910.7477717,-1.2820223569869995,-0.46003758907318115,0.0,0.0,nan,0.0,0.0,0.0,0.0,0.0,0.0,1.0
1779977910.758343,-1.2820223569869995,-0.46003758907318115,0.0,0.0,nan,0.0,0.0,0.0,0.0,0.0,0.0,1.0
1779977910.768465,-1.2820223569869995,-0.46003758907318115,0.0,0.0,nan,0.0,0.0,0.0,0.0,0.0,0.0,1.0
1779977910.7787616,-1.2820223569869995,-0.46003758907318115,0.0,0.0,nan,0.0,0.0,0.0,0.0,0.0,0.0,1.0
1779977910.789014,-1.2820223569869995,-0.46003758907318115,0.0,0.0,nan,0.0,0.0,0.0,0.0,0.0,0.0,1.0
1779977910.7990677,-1.2820223569869995,-0.46003758907318115,0.0,0.0,nan,0.0,0.0,0.0,0.0,0.0,0.0,1.0
1779977910.8091311,-1.2820223569869995,-0.46003758907318115,0.0,0.0,nan,0.0,0.0,0.0,0.0,0.0,0.0,1.0
1779977910.8193357,-1.2820223569869995,-0.46003758907318115,0.0,0.0,nan,0.0,0.0,0.0,0.0,0.0,0.0,1.0
1779977910.829788,-1.2820223569869995,-0.46003758907318115,0.0,0.0,nan,0.0,0.0,0.0,0.0,0.0,0.0,1.0
1779977910.8402324,-1.2820223569869995,-0.46003758907318115,0.0,0.0,nan,0.0,0.0,0.0,0.0,0.0,0.0,1.0
1779977910.850428,-1.2820223569869995,-0.46003758907318115,0.0,0.0,nan,0.0,0.0,0.0,0.0,0.0,0.0,1.0
1779977910.8605819,-1.2820223569869995,-0.46003758907318115,0.0,0.0,nan,0.0,0.0,0.0,0.0,0.0,0.0,1.0
1779977910.8707144,-1.2820223569869995,-0.46003758907318115,0.0,0.0,nan,0.0,0.0,0.0,0.0,0.0,0.0,1.0
1779977910.881304,-1.2820223569869995,-0.46003758907318115,0.0,0.0,nan,0.0,0.0,0.0,0.0,0.0,0.0,1.0
1779977910.8915894,-1.2820223569869995,-0.46003758907318115,0.0,0.0,nan,0.0,0.0,0.0,0.0,0.0,0.0,1.0
1779977910.9020486,-1.2820223569869995,-0.46003758907318115,0.0,0.0,nan,0.0,0.0,0.0,0.0,0.0,0.0,1.0
1779977910.912301,-1.2820223569869995,-0.46003758907318115,0.0,0.0,nan,0.0,0.0,0.0,0.0,0.0,0.0,1.0
1779977910.9224706,-1.2820223569869995,-0.46003758907318115,0.0,0.0,nan,0.0,0.0,0.0,0.0,0.0,0.0,1.0
1779977910.9325924,-1.2820223569869995,-0.46003758907318115,0.0,0.0,nan,0.0,0.0,0.0,0.0,0.0,0.0,1.0
1779977910.9427955,-1.2820223569869995,-0.46003758907318115,0.0,0.0,nan,0.0,0.0,0.0,0.0,0.0,0.0,1.0
1779977910.9537776,-1.2820223569869995,-0.46003758907318115,0.0,0.0,nan,0.0,0.0,0.0,0.0,0.0,0.0,1.0
1779977910.9638295,-1.2820223569869995,-0.46003758907318115,0.0,0.0,nan,0.0,0.0,0.0,0.0,0.0,0.0,1.0
1779977910.9738774,-1.2820223569869995,-0.46003758907318115,0.0,0.0,nan,0.0,0.0,0.0,0.0,0.0,0.0,1.0
1779977910.984319,-1.2820223569869995,-0.46003758907318115,0.0,0.0,nan,0.0,0.0,0.0,0.0,0.0,0.0,1.0
1779977910.9943795,-1.2820223569869995,-0.46003758907318115,0.0,0.0,nan,0.0,0.0,0.0,0.0,0.0,0.0,1.0
1779977911.0050468,-1.2820223569869995,-0.46003758907318115,0.0,0.0,nan,0.0,0.0,0.0,0.0,0.0,0.0,1.0
1779977911.0151758,-1.2820223569869995,-0.46003758907318115,0.0,0.0,nan,0.0,0.0,0.0,0.0,0.0,0.0,1.0
1779977911.02535,-1.2820223569869995,-0.46003758907318115,0.0,0.0,nan,0.0,0.0,0.0,0.0,0.0,0.0,1.0
1779977911.0358965,-1.2820223569869995,-0.46003758907318115,0.0,0.0,nan,0.0,0.0,0.0,0.0,0.0,0.0,1.0
1779977911.0464187,-1.2820223569869995,-0.46003758907318115,0.0,0.0,nan,0.0,0.0,0.0,0.0,0.0,0.0,1.0
1779977911.0569131,-1.2820223569869995,-0.46003758907318115,0.0,0.0,nan,0.0,0.0,0.0,0.0,0.0,0.0,1.0
1779977911.0671039,-1.2820223569869995,-0.46003758907318115,0.0,0.0,nan,0.0,0.0,0.0,0.0,0.0,0.0,1.0
1779977911.0774558,-1.2820223569869995,-0.46003758907318115,0.0,0.0,nan,0.0,0.0,0.0,0.0,0.0,0.0,1.0
1779977911.0876212,-1.2820223569869995,-0.46003758907318115,0.0,0.0,nan,0.0,0.0,0.0,0.0,0.0,0.0,1.0
1779977911.0976942,-1.2820223569869995,-0.46003758907318115,0.0,0.0,nan,0.0,0.0,0.0,0.0,0.0,0.0,1.0
1779977911.107969,-1.2820223569869995,-0.46003758907318115,0.0,0.0,nan,0.0,0.0,0.0,0.0,0.0,0.0,1.0
1779977911.1184945,-1.2820223569869995,-0.46003758907318115,0.0,0.0,nan,0.0,0.0,0.0,0.0,0.0,0.0,1.0
1779977911.1285346,-1.2820223569869995,-0.46003758907318115,0.0,0.0,nan,0.0,0.0,0.0,0.0,0.0,0.0,1.0
1779977911.1390653,-1.2820223569869995,-0.46003758907318115,0.0,0.0,nan,0.0,0.0,0.0,0.0,0.0,0.0,1.0
1779977911.1493912,-1.2820223569869995,-0.46003758907318115,0.0,0.0,nan,0.0,0.0,0.0,0.0,0.0,0.0,1.0
1779977911.1595876,-1.2820223569869995,-0.46003758907318115,0.0,0.0,nan,0.0,0.0,0.0,0.0,0.0,0.0,1.0
1779977911.169976,-1.2820223569869995,-0.46003758907318115,0.0,0.0,nan,0.0,0.0,0.0,0.0,0.0,0.0,1.0
1779977911.180164,-1.2820223569869995,-0.46003758907318115,0.0,0.0,nan,0.0,0.0,0.0,0.0,0.0,0.0,1.0
1779977911.1904516,-1.2820223569869995,-0.46003758907318115,0.0,0.0,nan,0.0,0.0,0.0,0.0,0.0,0.0,1.0
1779977911.200914,-1.2820223569869995,-0.46003758907318115,0.0,0.0,nan,0.0,0.0,0.0,0.0,0.0,0.0,1.0
1779977911.2110026,-1.2820223569869995,-0.46003758907318115,0.0,0.0,nan,0.0,0.0,0.0,0.0,0.0,0.0,1.0
1779977911.2211056,-1.2820223569869995,-0.46003758907318115,0.0,0.0,nan,0.0,0.0,0.0,0.0,0.0,0.0,1.0
1779977911.2312782,-1.2820223569869995,-0.46003758907318115,0.0,0.0,nan,0.0,0.0,0.0,0.0,0.0,0.0,1.0
1779977911.24175,-1.2820223569869995,-0.46003758907318115,0.0,0.0,nan,0.0,0.0,0.0,0.0,0.0,0.0,1.0
1779977911.2524567,-1.2820223569869995,-0.46003758907318115,0.0,0.0,nan,0.0,0.0,0.0,0.0,0.0,0.0,1.0
1779977911.2629237,-1.2820223569869995,-0.46003758907318115,0.0,0.0,nan,0.0,0.0,0.0,0.0,0.0,0.0,1.0
1779977911.2734203,-1.2820223569869995,-0.46003758907318115,0.0,0.0,nan,0.0,0.0,0.0,0.0,0.0,0.0,1.0
1779977911.283168,-1.2820223569869995,-0.46003758907318115,0.0,0.0,nan,0.0,0.0,0.0,0.0,0.0,0.0,1.0
1779977911.2936985,-1.2820223569869995,-0.46003758907318115,0.0,0.0,nan,0.0,0.0,0.0,0.0,0.0,0.0,1.0
1779977911.3043492,-1.2820223569869995,-0.46003758907318115,0.0,0.0,nan,0.0,0.0,0.0,0.0,0.0,0.0,1.0
1779977911.3141255,-1.2820223569869995,-0.46003758907318115,0.0,0.0,nan,0.0,0.0,0.0,0.0,0.0,0.0,1.0
1779977911.3248084,-1.2820223569869995,-0.46003758907318115,0.0,0.0,nan,0.0,0.0,0.0,0.0,0.0,0.0,1.0
1779977911.335217,-1.2820223569869995,-0.46003758907318115,0.0,0.0,nan,0.0,0.0,0.0,0.0,0.0,0.0,1.0
1779977911.3455768,-1.2820223569869995,-0.46003758907318115,0.0,0.0,nan,0.0,0.0,0.0,0.0,0.0,0.0,1.0
1779977911.3560266,-1.2820223569869995,-0.46003758907318115,0.0,0.0,nan,0.0,0.0,0.0,0.0,0.0,0.0,1.0
1779977911.3664908,-1.2820223569869995,-0.46003758907318115,0.0,0.0,nan,0.0,0.0,0.0,0.0,0.0,0.0,1.0
1779977911.376596,-1.2820223569869995,-0.46003758907318115,0.0,0.0,nan,0.0,0.0,0.0,0.0,0.0,0.0,1.0
1779977911.386716,-1.2820223569869995,-0.46003758907318115,0.0,0.0,nan,0.0,0.0,0.0,0.0,0.0,0.0,1.0
1779977911.3968287,-1.2820223569869995,-0.46003758907318115,0.0,0.0,nan,0.0,0.0,0.0,0.0,0.0,0.0,1.0
1779977911.4070134,-1.2820223569869995,-0.46003758907318115,0.0,0.0,nan,0.0,0.0,0.0,0.0,0.0,0.0,1.0
1779977911.417584,-1.2820223569869995,-0.46003758907318115,0.0,0.0,nan,0.0,0.0,0.0,0.0,0.0,0.0,1.0
1779977911.4276865,-1.2820223569869995,-0.46003758907318115,0.0,0.0,nan,0.0,0.0,0.0,0.0,0.0,0.0,1.0
1779977911.4379833,-1.2820223569869995,-0.46003758907318115,0.0,0.0,nan,0.0,0.0,0.0,0.0,0.0,0.0,1.0
1779977911.4485078,-1.2820223569869995,-0.46003758907318115,0.0,0.0,nan,0.0,0.0,0.0,0.0,0.0,0.0,1.0
1779977911.4587138,-1.2820223569869995,-0.46003758907318115,0.0,0.0,nan,0.0,0.0,0.0,0.0,0.0,0.0,1.0
1779977911.4690356,-1.2820223569869995,-0.46003758907318115,0.0,0.0,nan,0.0,0.0,0.0,0.0,0.0,0.0,1.0
1779977911.4790816,-1.2820223569869995,-0.46003758907318115,0.0,0.0,nan,0.0,0.0,0.0,0.0,0.0,0.0,1.0
1779977911.4897037,-1.2820223569869995,-0.46003758907318115,0.0,0.0,nan,0.0,0.0,0.0,0.0,0.0,0.0,1.0
1779977911.499704,-1.2820223569869995,-0.46003758907318115,0.0,0.0,nan,0.0,0.0,0.0,0.0,0.0,0.0,1.0
1779977911.5098321,-1.2820223569869995,-0.46003758907318115,0.0,0.0,nan,0.0,0.0,0.0,0.0,0.0,0.0,1.0
1779977911.5203862,-1.2820223569869995,-0.46003758907318115,0.0,0.0,nan,0.0,0.0,0.0,0.0,0.0,0.0,1.0
1779977911.5308607,-1.2820223569869995,-0.46003758907318115,0.0,0.0,nan,0.0,0.0,0.0,0.0,0.0,0.0,1.0
1779977911.541459,-1.2820223569869995,-0.46003758907318115,0.0,0.0,nan,0.0,0.0,0.0,0.0,0.0,0.0,1.0
1779977911.5521126,-1.2820223569869995,-0.46003758907318115,0.0,0.0,nan,0.0,0.0,0.0,0.0,0.0,0.0,1.0
1779977911.5624611,-1.2820223569869995,-0.46003758907318115,0.0,0.0,nan,0.0,0.0,0.0,0.0,0.0,0.0,1.0
1779977911.572779,-1.2820223569869995,-0.46003758907318115,0.0,0.0,nan,0.0,0.0,0.0,0.0,0.0,0.0,1.0
1779977911.5828695,-1.2820223569869995,-0.46003758907318115,0.0,0.0,nan,0.0,0.0,0.0,0.0,0.0,0.0,1.0
1779977911.593035,-1.2820223569869995,-0.46003758907318115,0.0,0.0,nan,0.0,0.0,0.0,0.0,0.0,0.0,1.0
1779977911.603324,-1.2820223569869995,-0.46003758907318115,0.0,0.0,nan,0.0,0.0,0.0,0.0,0.0,0.0,1.0
1779977911.6142018,-1.2820223569869995,-0.46003758907318115,0.0,0.0,nan,0.0,0.0,0.0,0.0,0.0,0.0,1.0
1779977911.6244726,-1.2820223569869995,-0.46003758907318115,0.0,0.0,nan,0.0,0.0,0.0,0.0,0.0,0.0,1.0
1779977911.6350505,-1.2820223569869995,-0.46003758907318115,0.0,0.0,nan,0.0,0.0,0.0,0.0,0.0,0.0,1.0
1779977911.6457374,-1.2820223569869995,-0.46003758907318115,0.0,0.0,nan,0.0,0.0,0.0,0.0,0.0,0.0,1.0
1779977911.6562898,-1.2820223569869995,-0.46003758907318115,0.0,0.0,nan,0.0,0.0,0.0,0.0,0.0,0.0,1.0
1779977911.6668332,-1.2820223569869995,-0.46003758907318115,0.0,0.0,nan,0.0,0.0,0.0,0.0,0.0,0.0,1.0
1779977911.6771853,-1.2820223569869995,-0.46003758907318115,0.0,0.0,nan,0.0,0.0,0.0,0.0,0.0,0.0,1.0
1779977911.6880765,-1.2820223569869995,-0.46003758907318115,0.0,0.0,nan,0.0,0.0,0.0,0.0,0.0,0.0,1.0
1779977911.6979027,-1.2820223569869995,-0.46003758907318115,0.0,0.0,nan,0.0,0.0,0.0,0.0,0.0,0.0,1.0
1779977911.7080243,-1.2820223569869995,-0.46003758907318115,0.0,0.0,nan,0.0,0.0,0.0,0.0,0.0,0.0,1.0
1779977911.718611,-1.2820223569869995,-0.46003758907318115,0.0,0.0,nan,0.0,0.0,0.0,0.0,0.0,0.0,1.0
1779977911.7287555,-1.2820223569869995,-0.46003758907318115,0.0,0.0,nan,0.0,0.0,0.0,0.0,0.0,0.0,1.0
1779977911.738801,-1.2820223569869995,-0.46003758907318115,0.0,0.0,nan,0.0,0.0,0.0,0.0,0.0,0.0,1.0
1779977911.7491713,-1.2820223569869995,-0.46003758907318115,0.0,0.0,nan,0.0,0.0,0.0,0.0,0.0,0.0,1.0
1779977911.7593307,-1.2820223569869995,-0.46003758907318115,0.0,0.0,nan,0.0,0.0,0.0,0.0,0.0,0.0,1.0
1779977911.7696497,-1.2820223569869995,-0.46003758907318115,0.0,0.0,nan,0.0,0.0,0.0,0.0,0.0,0.0,1.0
1779977911.7802455,-1.2820223569869995,-0.46003758907318115,0.0,0.0,nan,0.0,0.0,0.0,0.0,0.0,0.0,1.0
1779977911.7903857,-1.2820223569869995,-0.46003758907318115,0.0,0.0,nan,0.0,0.0,0.0,0.0,0.0,0.0,1.0
1779977911.800573,-1.2820223569869995,-0.46003758907318115,0.0,0.0,nan,0.0,0.0,0.0,0.0,0.0,0.0,1.0
1779977911.8106868,-1.2820223569869995,-0.46003758907318115,0.0,0.0,nan,0.0,0.0,0.0,0.0,0.0,0.0,1.0
1779977911.8210025,-1.2820223569869995,-0.46003758907318115,0.0,0.0,nan,0.0,0.0,0.0,0.0,0.0,0.0,1.0
1779977911.8309968,-1.2820223569869995,-0.46003758907318115,0.0,0.0,nan,0.0,0.0,0.0,0.0,0.0,0.0,1.0
1779977911.8414667,-1.2820223569869995,-0.46003758907318115,0.0,0.0,nan,0.0,0.0,0.0,0.0,0.0,0.0,1.0
1779977911.851742,-1.2820223569869995,-0.46003758907318115,0.0,0.0,nan,0.0,0.0,0.0,0.0,0.0,0.0,1.0
1779977911.86193,-1.2820223569869995,-0.46003758907318115,0.0,0.0,nan,0.0,0.0,0.0,0.0,0.0,0.0,1.0
1779977911.8725073,-1.2820223569869995,-0.46003758907318115,0.0,0.0,nan,0.0,0.0,0.0,0.0,0.0,0.0,1.0
1779977911.8825645,-1.2820223569869995,-0.46003758907318115,0.0,0.0,nan,0.0,0.0,0.0,0.0,0.0,0.0,1.0
1779977911.8927355,-1.2820223569869995,-0.46003758907318115,0.0,0.0,nan,0.0,0.0,0.0,0.0,0.0,0.0,1.0
1779977911.9032927,-1.2820223569869995,-0.46003758907318115,0.0,0.0,nan,0.0,0.0,0.0,0.0,0.0,0.0,1.0
1779977911.9135137,-1.2820223569869995,-0.46003758907318115,0.0,0.0,nan,0.0,0.0,0.0,0.0,0.0,0.0,1.0
1779977911.923866,-1.2820223569869995,-0.46003758907318115,0.0,0.0,nan,0.0,0.0,0.0,0.0,0.0,0.0,1.0
1779977911.9340272,-1.2820223569869995,-0.46003758907318115,0.0,0.0,nan,0.0,0.0,0.0,0.0,0.0,0.0,1.0
1779977911.9442775,-1.2820223569869995,-0.46003758907318115,0.0,0.0,nan,0.0,0.0,0.0,0.0,0.0,0.0,1.0
1779977911.9549932,-1.2820223569869995,-0.46003758907318115,0.0,0.0,nan,0.0,0.0,0.0,0.0,0.0,0.0,1.0
1779977911.9652586,-1.2820223569869995,-0.46003758907318115,0.0,0.0,nan,0.0,0.0,0.0,0.0,0.0,0.0,1.0
1779977911.9751434,-1.2820223569869995,-0.46003758907318115,0.0,0.0,nan,0.0,0.0,0.0,0.0,0.0,0.0,1.0
1779977911.985368,-1.2820223569869995,-0.46003758907318115,0.0,0.0,nan,0.0,0.0,0.0,0.0,0.0,0.0,1.0
1779977911.9954164,-1.2820223569869995,-0.46003758907318115,0.0,0.0,nan,0.0,0.0,0.0,0.0,0.0,0.0,1.0
1779977912.0057676,-1.2820223569869995,-0.46003758907318115,0.0,0.0,nan,0.0,0.0,0.0,0.0,0.0,0.0,1.0
1779977912.015966,-1.2820223569869995,-0.46003758907318115,0.0,0.0,nan,0.0,0.0,0.0,0.0,0.0,0.0,1.0
1779977912.0261207,-1.2820223569869995,-0.46003758907318115,0.0,0.0,nan,0.0,0.0,0.0,0.0,0.0,0.0,1.0
1779977912.0361392,-1.2820223569869995,-0.46003758907318115,0.0,0.0,nan,0.0,0.0,0.0,0.0,0.0,0.0,1.0
1779977912.0463667,-1.2820223569869995,-0.46003758907318115,0.0,0.0,nan,0.0,0.0,0.0,0.0,0.0,0.0,1.0
1779977912.0567412,-1.2820223569869995,-0.46003758907318115,0.0,0.0,nan,0.0,0.0,0.0,0.0,0.0,0.0,1.0
1779977912.0669067,-1.2820223569869995,-0.46003758907318115,0.0,0.0,nan,0.0,0.0,0.0,0.0,0.0,0.0,1.0
1779977912.0771542,-1.2820223569869995,-0.46003758907318115,0.0,0.0,nan,0.0,0.0,0.0,0.0,0.0,0.0,1.0
1779977912.0875447,-1.2820223569869995,-0.46003758907318115,0.0,0.0,nan,0.0,0.0,0.0,0.0,0.0,0.0,1.0
1779977912.0976384,-1.2820223569869995,-0.46003758907318115,0.0,0.0,nan,0.0,0.0,0.0,0.0,0.0,0.0,1.0
1779977912.1076846,-1.2820223569869995,-0.46003758907318115,0.0,0.0,nan,0.0,0.0,0.0,0.0,0.0,0.0,1.0
1779977912.1183016,-1.2820223569869995,-0.46003758907318115,0.0,0.0,nan,0.0,0.0,0.0,0.0,0.0,0.0,1.0
1779977912.1287994,-1.2820223569869995,-0.46003758907318115,0.0,0.0,nan,0.0,0.0,0.0,0.0,0.0,0.0,1.0
1779977912.1385436,-1.2820223569869995,-0.46003758907318115,0.0,0.0,nan,0.0,0.0,0.0,0.0,0.0,0.0,1.0
1779977912.1490092,-1.2820223569869995,-0.46003758907318115,0.0,0.0,nan,0.0,0.0,0.0,0.0,0.0,0.0,1.0
1779977912.1593115,-1.2820223569869995,-0.46003758907318115,0.0,0.0,nan,0.0,0.0,0.0,0.0,0.0,0.0,1.0
1779977912.1693678,-1.2820223569869995,-0.46003758907318115,0.0,0.0,nan,0.0,0.0,0.0,0.0,0.0,0.0,1.0
1779977912.17975,-1.2820223569869995,-0.46003758907318115,0.0,0.0,nan,0.0,0.0,0.0,0.0,0.0,0.0,1.0
1779977912.190016,-1.2820223569869995,-0.46003758907318115,0.0,0.0,nan,0.0,0.0,0.0,0.0,0.0,0.0,1.0
1779977912.2001114,-1.2820223569869995,-0.46003758907318115,0.0,0.0,nan,0.0,0.0,0.0,0.0,0.0,0.0,1.0
1779977912.210458,-1.2820223569869995,-0.46003758907318115,0.0,0.0,nan,0.0,0.0,0.0,0.0,0.0,0.0,1.0
1779977912.2205975,-1.2820223569869995,-0.46003758907318115,0.0,0.0,nan,0.0,0.0,0.0,0.0,0.0,0.0,1.0
1779977912.230627,-1.2820223569869995,-0.46003758907318115,0.0,0.0,nan,0.0,0.0,0.0,0.0,0.0,0.0,1.0
1779977912.2408216,-1.2820223569869995,-0.46003758907318115,0.0,0.0,nan,0.0,0.0,0.0,0.0,0.0,0.0,1.0
1779977912.2537777,-1.2820223569869995,-0.46003758907318115,0.0,0.0,nan,0.0,0.0,0.0,0.0,0.0,0.0,1.0
1779977912.2640834,-1.2820223569869995,-0.46003758907318115,0.0,0.0,nan,0.0,0.0,0.0,0.0,0.0,0.0,1.0
1779977912.274542,-1.2820223569869995,-0.46003758907318115,0.0,0.0,nan,0.0,0.0,0.0,0.0,0.0,0.0,1.0
1779977912.2851336,-1.2820223569869995,-0.46003758907318115,0.0,0.0,nan,0.0,0.0,0.0,0.0,0.0,0.0,1.0
1779977912.2954624,-1.2820223569869995,-0.46003758907318115,0.0,0.0,nan,0.0,0.0,0.0,0.0,0.0,0.0,1.0
1779977912.3062437,-1.2820223569869995,-0.46003758907318115,0.0,0.0,nan,0.0,0.0,0.0,0.0,0.0,0.0,1.0
1779977912.316656,-1.2820223569869995,-0.46003758907318115,0.0,0.0,nan,0.0,0.0,0.0,0.0,0.0,0.0,1.0
1779977912.3269348,-1.2820223569869995,-0.46003758907318115,0.0,0.0,nan,0.0,0.0,0.0,0.0,0.0,0.0,1.0
1779977912.3373632,-1.2820223569869995,-0.46003758907318115,0.0,0.0,nan,0.0,0.0,0.0,0.0,0.0,0.0,1.0
1779977912.3477705,-1.2820223569869995,-0.46003758907318115,0.0,0.0,nan,0.0,0.0,0.0,0.0,0.0,0.0,1.0
1779977912.3582692,-1.2820223569869995,-0.46003758907318115,0.0,0.0,nan,0.0,0.0,0.0,0.0,0.0,0.0,1.0
1779977912.3685997,-1.2820223569869995,-0.46003758907318115,0.0,0.0,nan,0.0,0.0,0.0,0.0,0.0,0.0,1.0
1779977912.3791811,-1.2820223569869995,-0.46003758907318115,0.0,0.0,nan,0.0,0.0,0.0,0.0,0.0,0.0,1.0
1779977912.3893948,-1.2820223569869995,-0.46003758907318115,0.0,0.0,nan,0.0,0.0,0.0,0.0,0.0,0.0,1.0
1779977912.3994017,-1.2820223569869995,-0.46003758907318115,0.0,0.0,nan,0.0,0.0,0.0,0.0,0.0,0.0,1.0
1779977912.410078,-1.2820223569869995,-0.46003758907318115,0.0,0.0,nan,0.0,0.0,0.0,0.0,0.0,0.0,1.0
1779977912.4201825,-1.2820223569869995,-0.46003758907318115,0.0,0.0,nan,0.0,0.0,0.0,0.0,0.0,0.0,1.0
1779977912.4305248,-1.2820223569869995,-0.46003758907318115,0.0,0.0,nan,0.0,0.0,0.0,0.0,0.0,0.0,1.0
1779977912.4410763,-1.2820223569869995,-0.46003758907318115,0.0,0.0,nan,0.0,0.0,0.0,0.0,0.0,0.0,1.0
1779977912.4511216,-1.2820223569869995,-0.46003758907318115,0.0,0.0,nan,0.0,0.0,0.0,0.0,0.0,0.0,1.0
1779977912.4616778,-1.2820223569869995,-0.46003758907318115,0.0,0.0,nan,0.0,0.0,0.0,0.0,0.0,0.0,1.0
1779977912.4717898,-1.2820223569869995,-0.46003758907318115,0.0,0.0,nan,0.0,0.0,0.0,0.0,0.0,0.0,1.0
1779977912.48184,-1.2820223569869995,-0.46003758907318115,0.0,0.0,nan,0.0,0.0,0.0,0.0,0.0,0.0,1.0
1779977912.4922092,-1.2820223569869995,-0.46003758907318115,0.0,0.0,nan,0.0,0.0,0.0,0.0,0.0,0.0,1.0
1779977912.5025523,-1.2820223569869995,-0.46003758907318115,0.0,0.0,nan,0.0,0.0,0.0,0.0,0.0,0.0,1.0
1779977912.5126307,-1.2820223569869995,-0.46003758907318115,0.0,0.0,nan,0.0,0.0,0.0,0.0,0.0,0.0,1.0
1779977912.522892,-1.2820223569869995,-0.46003758907318115,0.0,0.0,nan,0.0,0.0,0.0,0.0,0.0,0.0,1.0
1779977912.533483,-1.2820223569869995,-0.46003758907318115,0.0,0.0,nan,0.0,0.0,0.0,0.0,0.0,0.0,1.0
1779977912.543698,-1.2820223569869995,-0.46003758907318115,0.0,0.0,nan,0.0,0.0,0.0,0.0,0.0,0.0,1.0
1779977912.5539227,-1.2820223569869995,-0.46003758907318115,0.0,0.0,nan,0.0,0.0,0.0,0.0,0.0,0.0,1.0
1779977912.5643141,-1.2820223569869995,-0.46003758907318115,0.0,0.0,nan,0.0,0.0,0.0,0.0,0.0,0.0,1.0
1779977912.5749295,-1.2820223569869995,-0.46003758907318115,0.0,0.0,nan,0.0,0.0,0.0,0.0,0.0,0.0,1.0
1779977912.5854547,-1.2820223569869995,-0.46003758907318115,0.0,0.0,nan,0.0,0.0,0.0,0.0,0.0,0.0,1.0
1779977912.5961325,-1.2820223569869995,-0.46003758907318115,0.0,0.0,nan,0.0,0.0,0.0,0.0,0.0,0.0,1.0
1779977912.6066499,-1.2820223569869995,-0.46003758907318115,0.0,0.0,nan,0.0,0.0,0.0,0.0,0.0,0.0,1.0
1779977912.6167836,-1.2820223569869995,-0.46003758907318115,0.0,0.0,nan,0.0,0.0,0.0,0.0,0.0,0.0,1.0
1779977912.6270413,-1.2820223569869995,-0.46003758907318115,0.0,0.0,nan,0.0,0.0,0.0,0.0,0.0,0.0,1.0
1779977912.6374023,-1.2820223569869995,-0.46003758907318115,0.0,0.0,nan,0.0,0.0,0.0,0.0,0.0,0.0,1.0
1779977912.647447,-1.2820223569869995,-0.46003758907318115,0.0,0.0,nan,0.0,0.0,0.0,0.0,0.0,0.0,1.0
1779977912.6576314,-1.2820223569869995,-0.46003758907318115,0.0,0.0,nan,0.0,0.0,0.0,0.0,0.0,0.0,1.0
1779977912.6681657,-1.2820223569869995,-0.46003758907318115,0.0,0.0,nan,0.0,0.0,0.0,0.0,0.0,0.0,1.0
1779977912.6787882,-1.2820223569869995,-0.46003758907318115,0.0,0.0,nan,0.0,0.0,0.0,0.0,0.0,0.0,1.0
1779977912.688838,-1.2820223569869995,-0.46003758907318115,0.0,0.0,nan,0.0,0.0,0.0,0.0,0.0,0.0,1.0
1779977912.698971,-1.2820223569869995,-0.46003758907318115,0.0,0.0,nan,0.0,0.0,0.0,0.0,0.0,0.0,1.0
1779977912.709396,-1.2820223569869995,-0.46003758907318115,0.0,0.0,nan,0.0,0.0,0.0,0.0,0.0,0.0,1.0
1779977912.719924,-1.2820223569869995,-0.46003758907318115,0.0,0.0,nan,0.0,0.0,0.0,0.0,0.0,0.0,1.0
1779977912.7304633,-1.2820223569869995,-0.46003758907318115,0.0,0.0,nan,0.0,0.0,0.0,0.0,0.0,0.0,1.0
1779977912.740883,-1.2820223569869995,-0.46003758907318115,0.0,0.0,nan,0.0,0.0,0.0,0.0,0.0,0.0,1.0
1779977912.7511861,-1.2820223569869995,-0.46003758907318115,0.0,0.0,nan,0.0,0.0,0.0,0.0,0.0,0.0,1.0
1779977912.761689,-1.2820223569869995,-0.46003758907318115,0.0,0.0,nan,0.0,0.0,0.0,0.0,0.0,0.0,1.0
1779977912.7717617,-1.2820223569869995,-0.46003758907318115,0.0,0.0,nan,0.0,0.0,0.0,0.0,0.0,0.0,1.0
1779977912.7819624,-1.2820223569869995,-0.46003758907318115,0.0,0.0,nan,0.0,0.0,0.0,0.0,0.0,0.0,1.0
1779977912.7920833,-1.2820223569869995,-0.46003758907318115,0.0,0.0,nan,0.0,0.0,0.0,0.0,0.0,0.0,1.0
1779977912.8025007,-1.2820223569869995,-0.46003758907318115,0.0,0.0,nan,0.0,0.0,0.0,0.0,0.0,0.0,1.0
1779977912.8130972,-1.2820223569869995,-0.46003758907318115,0.0,0.0,nan,0.0,0.0,0.0,0.0,0.0,0.0,1.0
1779977912.8230953,-1.2820223569869995,-0.46003758907318115,0.0,0.0,nan,0.0,0.0,0.0,0.0,0.0,0.0,1.0
1779977912.8337822,-1.2820223569869995,-0.46003758907318115,0.0,0.0,nan,0.0,0.0,0.0,0.0,0.0,0.0,1.0
1779977912.844229,-1.2820223569869995,-0.46003758907318115,0.0,0.0,nan,0.0,0.0,0.0,0.0,0.0,0.0,1.0
1779977912.854791,-1.2820223569869995,-0.46003758907318115,0.0,0.0,nan,0.0,0.0,0.0,0.0,0.0,0.0,1.0
1779977912.8651814,-1.2820223569869995,-0.46003758907318115,0.0,0.0,nan,0.0,0.0,0.0,0.0,0.0,0.0,1.0
1779977912.875738,-1.2820223569869995,-0.46003758907318115,0.0,0.0,nan,0.0,0.0,0.0,0.0,0.0,0.0,1.0
1779977912.8859055,-1.2820223569869995,-0.46003758907318115,0.0,0.0,nan,0.0,0.0,0.0,0.0,0.0,0.0,1.0
1779977912.896254,-1.2820223569869995,-0.46003758907318115,0.0,0.0,nan,0.0,0.0,0.0,0.0,0.0,0.0,1.0
1779977912.906634,-1.2820223569869995,-0.46003758907318115,0.0,0.0,nan,0.0,0.0,0.0,0.0,0.0,0.0,1.0
1779977912.9168782,-1.2820223569869995,-0.46003758907318115,0.0,0.0,nan,0.0,0.0,0.0,0.0,0.0,0.0,1.0
1779977912.9270687,-1.2820223569869995,-0.46003758907318115,0.0,0.0,nan,0.0,0.0,0.0,0.0,0.0,0.0,1.0
1779977912.937514,-1.2820223569869995,-0.46003758907318115,0.0,0.0,nan,0.0,0.0,0.0,0.0,0.0,0.0,1.0
1779977912.9474437,-1.2820223569869995,-0.46003758907318115,0.0,0.0,nan,0.0,0.0,0.0,0.0,0.0,0.0,1.0
1779977912.957814,-1.2820223569869995,-0.46003758907318115,0.0,0.0,nan,0.0,0.0,0.0,0.0,0.0,0.0,1.0
1779977912.9682136,-1.2820223569869995,-0.46003758907318115,0.0,0.0,nan,0.0,0.0,0.0,0.0,0.0,0.0,1.0
1779977912.9784315,-1.2820223569869995,-0.46003758907318115,0.0,0.0,nan,0.0,0.0,0.0,0.0,0.0,0.0,1.0
1779977912.988626,-1.2820223569869995,-0.46003758907318115,0.0,0.0,nan,0.0,0.0,0.0,0.0,0.0,0.0,1.0
1779977912.9988887,-1.2820223569869995,-0.46003758907318115,0.0,0.0,nan,0.0,0.0,0.0,0.0,0.0,0.0,1.0
1779977913.009019,-1.2820223569869995,-0.46003758907318115,0.0,0.0,nan,0.0,0.0,0.0,0.0,0.0,0.0,1.0
1779977913.0192769,-1.2820223569869995,-0.46003758907318115,0.0,0.0,nan,0.0,0.0,0.0,0.0,0.0,0.0,1.0
1779977913.0298703,-1.2820223569869995,-0.46003758907318115,0.0,0.0,nan,0.0,0.0,0.0,0.0,0.0,0.0,1.0
1779977913.0403347,-1.2820223569869995,-0.46003758907318115,0.0,0.0,nan,0.0,0.0,0.0,0.0,0.0,0.0,1.0
1779977913.050621,-1.2820223569869995,-0.46003758907318115,0.0,0.0,nan,0.0,0.0,0.0,0.0,0.0,0.0,1.0
1779977913.0608623,-1.2820223569869995,-0.46003758907318115,0.0,0.0,nan,0.0,0.0,0.0,0.0,0.0,0.0,1.0
1779977913.0711944,-1.2820223569869995,-0.46003758907318115,0.0,0.0,nan,0.0,0.0,0.0,0.0,0.0,0.0,1.0
1779977913.08137,-1.2820223569869995,-0.46003758907318115,0.0,0.0,nan,0.0,0.0,0.0,0.0,0.0,0.0,1.0
1779977913.091854,-1.2820223569869995,-0.46003758907318115,0.0,0.0,nan,0.0,0.0,0.0,0.0,0.0,0.0,1.0
1779977913.1018248,-1.2820223569869995,-0.46003758907318115,0.0,0.0,nan,0.0,0.0,0.0,0.0,0.0,0.0,1.0
1779977913.1119442,-1.2820223569869995,-0.46003758907318115,0.0,0.0,nan,0.0,0.0,0.0,0.0,0.0,0.0,1.0
1779977913.1225042,-1.2820223569869995,-0.46003758907318115,0.0,0.0,nan,0.0,0.0,0.0,0.0,0.0,0.0,1.0
1779977913.1327286,-1.2820223569869995,-0.46003758907318115,0.0,0.0,nan,0.0,0.0,0.0,0.0,0.0,0.0,1.0
1779977913.1430175,-1.2820223569869995,-0.46003758907318115,0.0,0.0,nan,0.0,0.0,0.0,0.0,0.0,0.0,1.0
1779977913.1535716,-1.2820223569869995,-0.46003758907318115,0.0,0.0,nan,0.0,0.0,0.0,0.0,0.0,0.0,1.0
1779977913.1642044,-1.2820223569869995,-0.46003758907318115,0.0,0.0,nan,0.0,0.0,0.0,0.0,0.0,0.0,1.0
1779977913.174384,-1.2820223569869995,-0.46003758907318115,0.0,0.0,nan,0.0,0.0,0.0,0.0,0.0,0.0,1.0
1779977913.1846957,-1.2820223569869995,-0.46003758907318115,0.0,0.0,nan,0.0,0.0,0.0,0.0,0.0,0.0,1.0
1779977913.1948924,-1.2820223569869995,-0.46003758907318115,0.0,0.0,nan,0.0,0.0,0.0,0.0,0.0,0.0,1.0
1779977913.2051187,-1.2820223569869995,-0.46003758907318115,0.0,0.0,nan,0.0,0.0,0.0,0.0,0.0,0.0,1.0
1779977913.2154443,-1.2820223569869995,-0.46003758907318115,0.0,0.0,nan,0.0,0.0,0.0,0.0,0.0,0.0,1.0
1779977913.22562,-1.2820223569869995,-0.46003758907318115,0.0,0.0,nan,0.0,0.0,0.0,0.0,0.0,0.0,1.0
1779977913.2360814,-1.2820223569869995,-0.46003758907318115,0.0,0.0,nan,0.0,0.0,0.0,0.0,0.0,0.0,1.0
1779977913.246307,-1.2820223569869995,-0.46003758907318115,0.0,0.0,nan,0.0,0.0,0.0,0.0,0.0,0.0,1.0
1779977913.256828,-1.2820223569869995,-0.46003758907318115,0.0,0.0,nan,0.0,0.0,0.0,0.0,0.0,0.0,1.0
1779977913.2669315,-1.2820223569869995,-0.46003758907318115,0.0,0.0,nan,0.0,0.0,0.0,0.0,0.0,0.0,1.0
1779977913.2770877,-1.2820223569869995,-0.46003758907318115,0.0,0.0,nan,0.0,0.0,0.0,0.0,0.0,0.0,1.0
1779977913.2871099,-1.2820223569869995,-0.46003758907318115,0.0,0.0,nan,0.0,0.0,0.0,0.0,0.0,0.0,1.0
1779977913.2974403,-1.2820223569869995,-0.46003758907318115,0.0,0.0,nan,0.0,0.0,0.0,0.0,0.0,0.0,1.0
1779977913.3084104,-1.2820223569869995,-0.46003758907318115,0.0,0.0,nan,0.0,0.0,0.0,0.0,0.0,0.0,1.0
1779977913.3184793,-1.2820223569869995,-0.46003758907318115,0.0,0.0,nan,0.0,0.0,0.0,0.0,0.0,0.0,1.0
1779977913.3286452,-1.2820223569869995,-0.46003758907318115,0.0,0.0,nan,0.0,0.0,0.0,0.0,0.0,0.0,1.0
1779977913.3389814,-1.2820223569869995,-0.46003758907318115,0.0,0.0,nan,0.0,0.0,0.0,0.0,0.0,0.0,1.0
1779977913.3491743,-1.2820223569869995,-0.46003758907318115,0.0,0.0,nan,0.0,0.0,0.0,0.0,0.0,0.0,1.0
1779977913.359702,-1.2820223569869995,-0.46003758907318115,0.0,0.0,nan,0.0,0.0,0.0,0.0,0.0,0.0,1.0
1779977913.3701289,-1.2820223569869995,-0.46003758907318115,0.0,0.0,nan,0.0,0.0,0.0,0.0,0.0,0.0,1.0
1779977913.3804343,-1.2820223569869995,-0.46003758907318115,0.0,0.0,nan,0.0,0.0,0.0,0.0,0.0,0.0,1.0
1779977913.390453,-1.2820223569869995,-0.46003758907318115,0.0,0.0,nan,0.0,0.0,0.0,0.0,0.0,0.0,1.0
1779977913.4005876,-1.2820223569869995,-0.46003758907318115,0.0,0.0,nan,0.0,0.0,0.0,0.0,0.0,0.0,1.0
1779977913.4109993,-1.2820223569869995,-0.46003758907318115,0.0,0.0,nan,0.0,0.0,0.0,0.0,0.0,0.0,1.0
1779977913.4215896,-1.2820223569869995,-0.46003758907318115,0.0,0.0,nan,0.0,0.0,0.0,0.0,0.0,0.0,1.0
1779977913.431735,-1.2820223569869995,-0.46003758907318115,0.0,0.0,nan,0.0,0.0,0.0,0.0,0.0,0.0,1.0
1779977913.441758,-1.2820223569869995,-0.46003758907318115,0.0,0.0,nan,0.0,0.0,0.0,0.0,0.0,0.0,1.0
1779977913.452241,-1.2820223569869995,-0.46003758907318115,0.0,0.0,nan,0.0,0.0,0.0,0.0,0.0,0.0,1.0
1779977913.4623036,-1.2820223569869995,-0.46003758907318115,0.0,0.0,nan,0.0,0.0,0.0,0.0,0.0,0.0,1.0
1779977913.4724934,-1.2820223569869995,-0.46003758907318115,0.0,0.0,nan,0.0,0.0,0.0,0.0,0.0,0.0,1.0
1779977913.4826536,-1.2820223569869995,-0.46003758907318115,0.0,0.0,nan,0.0,0.0,0.0,0.0,0.0,0.0,1.0
1779977913.4931843,-1.2820223569869995,-0.46003758907318115,0.0,0.0,nan,0.0,0.0,0.0,0.0,0.0,0.0,1.0
1779977913.5034125,-1.2820223569869995,-0.46003758907318115,0.0,0.0,nan,0.0,0.0,0.0,0.0,0.0,0.0,1.0
1779977913.5137334,-1.2820223569869995,-0.46003758907318115,0.0,0.0,nan,0.0,0.0,0.0,0.0,0.0,0.0,1.0
1779977913.5240626,-1.2820223569869995,-0.46003758907318115,0.0,0.0,nan,0.0,0.0,0.0,0.0,0.0,0.0,1.0
1779977913.5343,-1.2820223569869995,-0.46003758907318115,0.0,0.0,nan,0.0,0.0,0.0,0.0,0.0,0.0,1.0
1779977913.5444672,-1.2820223569869995,-0.46003758907318115,0.0,0.0,nan,0.0,0.0,0.0,0.0,0.0,0.0,1.0
1779977913.554637,-1.2820223569869995,-0.46003758907318115,0.0,0.0,nan,0.0,0.0,0.0,0.0,0.0,0.0,1.0
1779977913.5649889,-1.2820223569869995,-0.46003758907318115,0.0,0.0,nan,0.0,0.0,0.0,0.0,0.0,0.0,1.0
1779977913.5755026,-1.2820223569869995,-0.46003758907318115,0.0,0.0,nan,0.0,0.0,0.0,0.0,0.0,0.0,1.0
1779977913.5858421,-1.2820223569869995,-0.46003758907318115,0.0,0.0,nan,0.0,0.0,0.0,0.0,0.0,0.0,1.0
1779977913.5962949,-1.2820223569869995,-0.46003758907318115,0.0,0.0,nan,0.0,0.0,0.0,0.0,0.0,0.0,1.0
1779977913.6064692,-1.2820223569869995,-0.46003758907318115,0.0,0.0,nan,0.0,0.0,0.0,0.0,0.0,0.0,1.0
1779977913.6164057,-1.2820223569869995,-0.46003758907318115,0.0,0.0,nan,0.0,0.0,0.0,0.0,0.0,0.0,1.0
1779977913.6266048,-1.2820223569869995,-0.46003758907318115,0.0,0.0,nan,0.0,0.0,0.0,0.0,0.0,0.0,1.0
1779977913.6366582,-1.2820223569869995,-0.46003758907318115,0.0,0.0,nan,0.0,0.0,0.0,0.0,0.0,0.0,1.0
1779977913.6467085,-1.2820223569869995,-0.46003758907318115,0.0,0.0,nan,0.0,0.0,0.0,0.0,0.0,0.0,1.0
1779977913.6568294,-1.2820223569869995,-0.46003758907318115,0.0,0.0,nan,0.0,0.0,0.0,0.0,0.0,0.0,1.0
1779977913.667316,-1.2820223569869995,-0.46003758907318115,0.0,0.0,nan,0.0,0.0,0.0,0.0,0.0,0.0,1.0
1779977913.6777544,-1.2820223569869995,-0.46003758907318115,0.0,0.0,nan,0.0,0.0,0.0,0.0,0.0,0.0,1.0
1779977913.6878452,-1.2820223569869995,-0.46003758907318115,0.0,0.0,nan,0.0,0.0,0.0,0.0,0.0,0.0,1.0
1779977913.6983526,-1.2820223569869995,-0.46003758907318115,0.0,0.0,nan,0.0,0.0,0.0,0.0,0.0,0.0,1.0
1779977913.7090585,-1.2820223569869995,-0.46003758907318115,0.0,0.0,nan,0.0,0.0,0.0,0.0,0.0,0.0,1.0
1779977913.7193701,-1.2820223569869995,-0.46003758907318115,0.0,0.0,nan,0.0,0.0,0.0,0.0,0.0,0.0,1.0
1779977913.7295303,-1.2820223569869995,-0.46003758907318115,0.0,0.0,nan,0.0,0.0,0.0,0.0,0.0,0.0,1.0
1779977913.7398655,-1.2820223569869995,-0.46003758907318115,0.0,0.0,nan,0.0,0.0,0.0,0.0,0.0,0.0,1.0
1779977913.7499452,-1.2820223569869995,-0.46003758907318115,0.0,0.0,nan,0.0,0.0,0.0,0.0,0.0,0.0,1.0
1779977913.7604868,-1.2820223569869995,-0.46003758907318115,0.0,0.0,nan,0.0,0.0,0.0,0.0,0.0,0.0,1.0
1779977913.770832,-1.2820223569869995,-0.46003758907318115,0.0,0.0,nan,0.0,0.0,0.0,0.0,0.0,0.0,1.0
1779977913.7813175,-1.2820223569869995,-0.46003758907318115,0.0,0.0,nan,0.0,0.0,0.0,0.0,0.0,0.0,1.0
1779977913.7912898,-1.2820223569869995,-0.46003758907318115,0.0,0.0,nan,0.0,0.0,0.0,0.0,0.0,0.0,1.0
1779977913.8020296,-1.2820223569869995,-0.46003758907318115,0.0,0.0,nan,0.0,0.0,0.0,0.0,0.0,0.0,1.0
1779977913.8122895,-1.2820223569869995,-0.46003758907318115,0.0,0.0,nan,0.0,0.0,0.0,0.0,0.0,0.0,1.0
1779977913.8224146,-1.2820223569869995,-0.46003758907318115,0.0,0.0,nan,0.0,0.0,0.0,0.0,0.0,0.0,1.0
1779977913.8325877,-1.2820223569869995,-0.46003758907318115,0.0,0.0,nan,0.0,0.0,0.0,0.0,0.0,0.0,1.0
1779977913.8427088,-1.2820223569869995,-0.46003758907318115,0.0,0.0,nan,0.0,0.0,0.0,0.0,0.0,0.0,1.0
1779977913.8530777,-1.2820223569869995,-0.46003758907318115,0.0,0.0,nan,0.0,0.0,0.0,0.0,0.0,0.0,1.0
1779977913.863311,-1.2820223569869995,-0.46003758907318115,0.0,0.0,nan,0.0,0.0,0.0,0.0,0.0,0.0,1.0
1779977913.8734968,-1.2820223569869995,-0.46003758907318115,0.0,0.0,nan,0.0,0.0,0.0,0.0,0.0,0.0,1.0
1779977913.8838136,-1.2820223569869995,-0.46003758907318115,0.0,0.0,nan,0.0,0.0,0.0,0.0,0.0,0.0,1.0
1779977913.8941426,-1.2820223569869995,-0.46003758907318115,0.0,0.0,nan,0.0,0.0,0.0,0.0,0.0,0.0,1.0
1779977913.9044836,-1.2820223569869995,-0.46003758907318115,0.0,0.0,nan,0.0,0.0,0.0,0.0,0.0,0.0,1.0
1779977913.91493,-1.2820223569869995,-0.46003758907318115,0.0,0.0,nan,0.0,0.0,0.0,0.0,0.0,0.0,1.0
1779977913.9250443,-1.2820223569869995,-0.46003758907318115,0.0,0.0,nan,0.0,0.0,0.0,0.0,0.0,0.0,1.0
1779977913.9353757,-1.2820223569869995,-0.46003758907318115,0.0,0.0,nan,0.0,0.0,0.0,0.0,0.0,0.0,1.0
1779977913.9455435,-1.2820223569869995,-0.46003758907318115,0.0,0.0,nan,0.0,0.0,0.0,0.0,0.0,0.0,1.0
1779977913.9558346,-1.2820223569869995,-0.46003758907318115,0.0,0.0,nan,0.0,0.0,0.0,0.0,0.0,0.0,1.0
1779977913.9663453,-1.2820223569869995,-0.46003758907318115,0.0,0.0,nan,0.0,0.0,0.0,0.0,0.0,0.0,1.0
1779977913.97618,-1.2820223569869995,-0.46003758907318115,0.0,0.0,nan,0.0,0.0,0.0,0.0,0.0,0.0,1.0
1779977913.9864442,-1.2820223569869995,-0.46003758907318115,0.0,0.0,nan,0.0,0.0,0.0,0.0,0.0,0.0,1.0
1779977913.9968884,-1.2820223569869995,-0.46003758907318115,0.0,0.0,nan,0.0,0.0,0.0,0.0,0.0,0.0,1.0
1779977914.007215,-1.2820223569869995,-0.46003758907318115,0.0,0.0,nan,0.0,0.0,0.0,0.0,0.0,0.0,1.0
1779977914.0173585,-1.2820223569869995,-0.46003758907318115,0.0,0.0,nan,0.0,0.0,0.0,0.0,0.0,0.0,1.0
1779977914.027901,-1.2820223569869995,-0.46003758907318115,0.0,0.0,nan,0.0,0.0,0.0,0.0,0.0,0.0,1.0
1779977914.0385756,-1.2820223569869995,-0.46003758907318115,0.0,0.0,nan,0.0,0.0,0.0,0.0,0.0,0.0,1.0
1779977914.049059,-1.2820223569869995,-0.46003758907318115,0.0,0.0,nan,0.0,0.0,0.0,0.0,0.0,0.0,1.0
1779977914.0591674,-1.2820223569869995,-0.46003758907318115,0.0,0.0,nan,0.0,0.0,0.0,0.0,0.0,0.0,1.0
1779977914.0695636,-1.2820223569869995,-0.46003758907318115,0.0,0.0,nan,0.0,0.0,0.0,0.0,0.0,0.0,1.0
1779977914.0801113,-1.2820223569869995,-0.46003758907318115,0.0,0.0,nan,0.0,0.0,0.0,0.0,0.0,0.0,1.0
1779977914.090431,-1.2820223569869995,-0.46003758907318115,0.0,0.0,nan,0.0,0.0,0.0,0.0,0.0,0.0,1.0
1779977914.1005769,-1.2820223569869995,-0.46003758907318115,0.0,0.0,nan,0.0,0.0,0.0,0.0,0.0,0.0,1.0
1779977914.111048,-1.2820223569869995,-0.46003758907318115,0.0,0.0,nan,0.0,0.0,0.0,0.0,0.0,0.0,1.0
1779977914.1216676,-1.2820223569869995,-0.46003758907318115,0.0,0.0,nan,0.0,0.0,0.0,0.0,0.0,0.0,1.0
1779977914.1317434,-1.2820223569869995,-0.46003758907318115,0.0,0.0,nan,0.0,0.0,0.0,0.0,0.0,0.0,1.0
1779977914.1422565,-1.2820223569869995,-0.46003758907318115,0.0,0.0,nan,0.0,0.0,0.0,0.0,0.0,0.0,1.0
1779977914.1525924,-1.2820223569869995,-0.46003758907318115,0.0,0.0,nan,0.0,0.0,0.0,0.0,0.0,0.0,1.0
1779977914.1629827,-1.2820223569869995,-0.46003758907318115,0.0,0.0,nan,0.0,0.0,0.0,0.0,0.0,0.0,1.0
1779977914.1733563,-1.2820223569869995,-0.46003758907318115,0.0,0.0,nan,0.0,0.0,0.0,0.0,0.0,0.0,1.0
1779977914.1834748,-1.2820223569869995,-0.46003758907318115,0.0,0.0,nan,0.0,0.0,0.0,0.0,0.0,0.0,1.0
1779977914.193633,-1.2820223569869995,-0.46003758907318115,0.0,0.0,nan,0.0,0.0,0.0,0.0,0.0,0.0,1.0
1779977914.2040808,-1.2820223569869995,-0.46003758907318115,0.0,0.0,nan,0.0,0.0,0.0,0.0,0.0,0.0,1.0
1779977914.21431,-1.2820223569869995,-0.46003758907318115,0.0,0.0,nan,0.0,0.0,0.0,0.0,0.0,0.0,1.0
1779977914.2253776,-1.2820223569869995,-0.46003758907318115,0.0,0.0,nan,0.0,0.0,0.0,0.0,0.0,0.0,1.0
1779977914.2354894,-1.2820223569869995,-0.46003758907318115,0.0,0.0,nan,0.0,0.0,0.0,0.0,0.0,0.0,1.0
1779977914.2455952,-1.2820223569869995,-0.46003758907318115,0.0,0.0,nan,0.0,0.0,0.0,0.0,0.0,0.0,1.0
1779977914.255826,-1.2820223569869995,-0.46003758907318115,0.0,0.0,nan,0.0,0.0,0.0,0.0,0.0,0.0,1.0
1779977914.2660124,-1.2820223569869995,-0.46003758907318115,0.0,0.0,nan,0.0,0.0,0.0,0.0,0.0,0.0,1.0
1779977914.2762814,-1.2820223569869995,-0.46003758907318115,0.0,0.0,nan,0.0,0.0,0.0,0.0,0.0,0.0,1.0
1779977914.2866333,-1.2820223569869995,-0.46003758907318115,0.0,0.0,nan,0.0,0.0,0.0,0.0,0.0,0.0,1.0
1779977914.2968965,-1.2820223569869995,-0.46003758907318115,0.0,0.0,nan,0.0,0.0,0.0,0.0,0.0,0.0,1.0
1779977914.3071215,-1.2820223569869995,-0.46003758907318115,0.0,0.0,nan,0.0,0.0,0.0,0.0,0.0,0.0,1.0
1779977914.3176653,-1.2820223569869995,-0.46003758907318115,0.0,0.0,nan,0.0,0.0,0.0,0.0,0.0,0.0,1.0
1779977914.3276641,-1.2820223569869995,-0.46003758907318115,0.0,0.0,nan,0.0,0.0,0.0,0.0,0.0,0.0,1.0
1779977914.3379788,-1.2820223569869995,-0.46003758907318115,0.0,0.0,nan,0.0,0.0,0.0,0.0,0.0,0.0,1.0
1779977914.3479357,-1.2820223569869995,-0.46003758907318115,0.0,0.0,nan,0.0,0.0,0.0,0.0,0.0,0.0,1.0
1779977914.3584778,-1.2820223569869995,-0.46003758907318115,0.0,0.0,nan,0.0,0.0,0.0,0.0,0.0,0.0,1.0
1779977914.368688,-1.2820223569869995,-0.46003758907318115,0.0,0.0,nan,0.0,0.0,0.0,0.0,0.0,0.0,1.0
1779977914.3789673,-1.2820223569869995,-0.46003758907318115,0.0,0.0,nan,0.0,0.0,0.0,0.0,0.0,0.0,1.0
1779977914.3890252,-1.2820223569869995,-0.46003758907318115,0.0,0.0,nan,0.0,0.0,0.0,0.0,0.0,0.0,1.0
1779977914.399289,-1.2820223569869995,-0.46003758907318115,0.0,0.0,nan,0.0,0.0,0.0,0.0,0.0,0.0,1.0
1779977914.4097834,-1.2820223569869995,-0.46003758907318115,0.0,0.0,nan,0.0,0.0,0.0,0.0,0.0,0.0,1.0
1779977914.4203339,-1.2820223569869995,-0.46003758907318115,0.0,0.0,nan,0.0,0.0,0.0,0.0,0.0,0.0,1.0
1779977914.4306579,-1.2820223569869995,-0.46003758907318115,0.0,0.0,nan,0.0,0.0,0.0,0.0,0.0,0.0,1.0
1779977914.4412344,-1.2820223569869995,-0.46003758907318115,0.0,0.0,nan,0.0,0.0,0.0,0.0,0.0,0.0,1.0
1779977914.4516313,-1.2820223569869995,-0.46003758907318115,0.0,0.0,nan,0.0,0.0,0.0,0.0,0.0,0.0,1.0
1779977914.4620965,-1.2820223569869995,-0.46003758907318115,0.0,0.0,nan,0.0,0.0,0.0,0.0,0.0,0.0,1.0
1779977914.4726088,-1.2820223569869995,-0.46003758907318115,0.0,0.0,nan,0.0,0.0,0.0,0.0,0.0,0.0,1.0
1779977914.4828346,-1.2820223569869995,-0.46003758907318115,0.0,0.0,nan,0.0,0.0,0.0,0.0,0.0,0.0,1.0
1779977914.4933934,-1.2820223569869995,-0.46003758907318115,0.0,0.0,nan,0.0,0.0,0.0,0.0,0.0,0.0,1.0
1779977914.5037243,-1.2820223569869995,-0.46003758907318115,0.0,0.0,nan,0.0,0.0,0.0,0.0,0.0,0.0,1.0
1779977914.5138555,-1.2820223569869995,-0.46003758907318115,0.0,0.0,nan,0.0,0.0,0.0,0.0,0.0,0.0,1.0
1779977914.52396,-1.2820223569869995,-0.46003758907318115,0.0,0.0,nan,0.0,0.0,0.0,0.0,0.0,0.0,1.0
1779977914.5344238,-1.2820223569869995,-0.46003758907318115,0.0,0.0,nan,0.0,0.0,0.0,0.0,0.0,0.0,1.0
1779977914.5449693,-1.2820223569869995,-0.46003758907318115,0.0,0.0,nan,0.0,0.0,0.0,0.0,0.0,0.0,1.0
1779977914.5556285,-1.2820223569869995,-0.46003758907318115,0.0,0.0,nan,0.0,0.0,0.0,0.0,0.0,0.0,1.0
1779977914.565863,-1.2820223569869995,-0.46003758907318115,0.0,0.0,nan,0.0,0.0,0.0,0.0,0.0,0.0,1.0
1779977914.5760615,-1.2820223569869995,-0.46003758907318115,0.0,0.0,nan,0.0,0.0,0.0,0.0,0.0,0.0,1.0
1779977914.586189,-1.2820223569869995,-0.46003758907318115,0.0,0.0,nan,0.0,0.0,0.0,0.0,0.0,0.0,1.0
1779977914.5963569,-1.2820223569869995,-0.46003758907318115,0.0,0.0,nan,0.0,0.0,0.0,0.0,0.0,0.0,1.0
1779977914.6065385,-1.2820223569869995,-0.46003758907318115,0.0,0.0,nan,0.0,0.0,0.0,0.0,0.0,0.0,1.0
1779977914.6171548,-1.2820223569869995,-0.46003758907318115,0.0,0.0,nan,0.0,0.0,0.0,0.0,0.0,0.0,1.0
1779977914.6272202,-1.2820223569869995,-0.46003758907318115,0.0,0.0,nan,0.0,0.0,0.0,0.0,0.0,0.0,1.0
1779977914.6377542,-1.2820223569869995,-0.46003758907318115,0.0,0.0,nan,0.0,0.0,0.0,0.0,0.0,0.0,1.0
1779977914.6477723,-1.2820223569869995,-0.46003758907318115,0.0,0.0,nan,0.0,0.0,0.0,0.0,0.0,0.0,1.0
1779977914.6584344,-1.2820223569869995,-0.46003758907318115,0.0,0.0,nan,0.0,0.0,0.0,0.0,0.0,0.0,1.0
1779977914.6686685,-1.2820223569869995,-0.46003758907318115,0.0,0.0,nan,0.0,0.0,0.0,0.0,0.0,0.0,1.0
1779977914.6787977,-1.2820223569869995,-0.46003758907318115,0.0,0.0,nan,0.0,0.0,0.0,0.0,0.0,0.0,1.0
1779977914.6889858,-1.2820223569869995,-0.46003758907318115,0.0,0.0,nan,0.0,0.0,0.0,0.0,0.0,0.0,1.0
1779977914.6990488,-1.2820223569869995,-0.46003758907318115,0.0,0.0,nan,0.0,0.0,0.0,0.0,0.0,0.0,1.0
1779977914.7091408,-1.2820223569869995,-0.46003758907318115,0.0,0.0,nan,0.0,0.0,0.0,0.0,0.0,0.0,1.0
1779977914.719461,-1.2820223569869995,-0.46003758907318115,0.0,0.0,nan,0.0,0.0,0.0,0.0,0.0,0.0,1.0
1779977914.7301948,-1.2820223569869995,-0.46003758907318115,0.0,0.0,nan,0.0,0.0,0.0,0.0,0.0,0.0,1.0
1779977914.7401679,-1.2820223569869995,-0.46003758907318115,0.0,0.0,nan,0.0,0.0,0.0,0.0,0.0,0.0,1.0
1779977914.750848,-1.2820223569869995,-0.46003758907318115,0.0,0.0,nan,0.0,0.0,0.0,0.0,0.0,0.0,1.0
1779977914.7608547,-1.2820223569869995,-0.46003758907318115,0.0,0.0,nan,0.0,0.0,0.0,0.0,0.0,0.0,1.0
1779977914.7710874,-1.2820223569869995,-0.46003758907318115,0.0,0.0,nan,0.0,0.0,0.0,0.0,0.0,0.0,1.0
1779977914.781511,-1.2820223569869995,-0.46003758907318115,0.0,0.0,nan,0.0,0.0,0.0,0.0,0.0,0.0,1.0
1779977914.7916474,-1.2820223569869995,-0.46003758907318115,0.0,0.0,nan,0.0,0.0,0.0,0.0,0.0,0.0,1.0
1779977914.801953,-1.2820223569869995,-0.46003758907318115,0.0,0.0,nan,0.0,0.0,0.0,0.0,0.0,0.0,1.0
1779977914.8122447,-1.2820223569869995,-0.46003758907318115,0.0,0.0,nan,0.0,0.0,0.0,0.0,0.0,0.0,1.0
1779977914.8234031,-1.2820223569869995,-0.46003758907318115,0.0,0.0,nan,0.0,0.0,0.0,0.0,0.0,0.0,1.0
1779977914.8334017,-1.2820223569869995,-0.46003758907318115,0.0,0.0,nan,0.0,0.0,0.0,0.0,0.0,0.0,1.0
1779977914.843665,-1.2820223569869995,-0.46003758907318115,0.0,0.0,nan,0.0,0.0,0.0,0.0,0.0,0.0,1.0
1779977914.8541949,-1.2820223569869995,-0.46003758907318115,0.0,0.0,nan,0.0,0.0,0.0,0.0,0.0,0.0,1.0
1779977914.8642921,-1.2820223569869995,-0.46003758907318115,0.0,0.0,nan,0.0,0.0,0.0,0.0,0.0,0.0,1.0
1779977914.874643,-1.2820223569869995,-0.46003758907318115,0.0,0.0,nan,0.0,0.0,0.0,0.0,0.0,0.0,1.0
1779977914.8846912,-1.2820223569869995,-0.46003758907318115,0.0,0.0,nan,0.0,0.0,0.0,0.0,0.0,0.0,1.0
1779977914.894863,-1.2820223569869995,-0.46003758907318115,0.0,0.0,nan,0.0,0.0,0.0,0.0,0.0,0.0,1.0
1779977914.9050963,-1.2820223569869995,-0.46003758907318115,0.0,0.0,nan,0.0,0.0,0.0,0.0,0.0,0.0,1.0
1779977914.9153035,-1.2820223569869995,-0.46003758907318115,0.0,0.0,nan,0.0,0.0,0.0,0.0,0.0,0.0,1.0
1779977914.9255004,-1.2820223569869995,-0.46003758907318115,0.0,0.0,nan,0.0,0.0,0.0,0.0,0.0,0.0,1.0
1779977914.9356205,-1.2820223569869995,-0.46003758907318115,0.0,0.0,nan,0.0,0.0,0.0,0.0,0.0,0.0,1.0
1779977914.946176,-1.2820223569869995,-0.46003758907318115,0.0,0.0,nan,0.0,0.0,0.0,0.0,0.0,0.0,1.0
1779977914.9563143,-1.2820223569869995,-0.46003758907318115,0.0,0.0,nan,0.0,0.0,0.0,0.0,0.0,0.0,1.0
1779977914.9666252,-1.2820223569869995,-0.46003758907318115,0.0,0.0,nan,0.0,0.0,0.0,0.0,0.0,0.0,1.0
1779977914.9770343,-1.2820223569869995,-0.46003758907318115,0.0,0.0,nan,0.0,0.0,0.0,0.0,0.0,0.0,1.0
1779977914.987063,-1.2820223569869995,-0.46003758907318115,0.0,0.0,nan,0.0,0.0,0.0,0.0,0.0,0.0,1.0
1779977914.997674,-1.2820223569869995,-0.46003758907318115,0.0,0.0,nan,0.0,0.0,0.0,0.0,0.0,0.0,1.0
1779977915.0079858,-1.2820223569869995,-0.46003758907318115,0.0,0.0,nan,0.0,0.0,0.0,0.0,0.0,0.0,1.0
1779977915.018107,-1.2820223569869995,-0.46003758907318115,0.0,0.0,nan,0.0,0.0,0.0,0.0,0.0,0.0,1.0
1779977915.0281053,-1.2820223569869995,-0.46003758907318115,0.0,0.0,nan,0.0,0.0,0.0,0.0,0.0,0.0,1.0
1779977915.0382428,-1.2820223569869995,-0.46003758907318115,0.0,0.0,nan,0.0,0.0,0.0,0.0,0.0,0.0,1.0
1779977915.04845,-1.2820223569869995,-0.46003758907318115,0.0,0.0,nan,0.0,0.0,0.0,0.0,0.0,0.0,1.0
1779977915.058698,-1.2820223569869995,-0.46003758907318115,0.0,0.0,nan,0.0,0.0,0.0,0.0,0.0,0.0,1.0
1779977915.0691144,-1.2820223569869995,-0.46003758907318115,0.0,0.0,nan,0.0,0.0,0.0,0.0,0.0,0.0,1.0
1779977915.0792356,-1.2820223569869995,-0.46003758907318115,0.0,0.0,nan,0.0,0.0,0.0,0.0,0.0,0.0,1.0
1779977915.0897443,-1.2820223569869995,-0.46003758907318115,0.0,0.0,nan,0.0,0.0,0.0,0.0,0.0,0.0,1.0
1779977915.10001,-1.2820223569869995,-0.46003758907318115,0.0,0.0,nan,0.0,0.0,0.0,0.0,0.0,0.0,1.0
1779977915.1103277,-1.2820223569869995,-0.46003758907318115,0.0,0.0,nan,0.0,0.0,0.0,0.0,0.0,0.0,1.0
1779977915.1204882,-1.2820223569869995,-0.46003758907318115,0.0,0.0,nan,0.0,0.0,0.0,0.0,0.0,0.0,1.0
1779977915.1310875,-1.2820223569869995,-0.46003758907318115,0.0,0.0,nan,0.0,0.0,0.0,0.0,0.0,0.0,1.0
1779977915.1416981,-1.2820223569869995,-0.46003758907318115,0.0,0.0,nan,0.0,0.0,0.0,0.0,0.0,0.0,1.0
1779977915.1530118,-1.2820223569869995,-0.46003758907318115,0.0,0.0,nan,0.0,0.0,0.0,0.0,0.0,0.0,1.0
1779977915.1632626,-1.2820223569869995,-0.46003758907318115,0.0,0.0,nan,0.0,0.0,0.0,0.0,0.0,0.0,1.0
1779977915.1740322,-1.2820223569869995,-0.46003758907318115,0.0,0.0,nan,0.0,0.0,0.0,0.0,0.0,0.0,1.0
1779977915.184107,-1.2820223569869995,-0.46003758907318115,0.0,0.0,nan,0.0,0.0,0.0,0.0,0.0,0.0,1.0
1779977915.1943736,-1.2820223569869995,-0.46003758907318115,0.0,0.0,nan,0.0,0.0,0.0,0.0,0.0,0.0,1.0
1779977915.204537,-1.2820223569869995,-0.46003758907318115,0.0,0.0,nan,0.0,0.0,0.0,0.0,0.0,0.0,1.0
1779977915.2147682,-1.2820223569869995,-0.46003758907318115,0.0,0.0,nan,0.0,0.0,0.0,0.0,0.0,0.0,1.0
1779977915.22498,-1.2820223569869995,-0.46003758907318115,0.0,0.0,nan,0.0,0.0,0.0,0.0,0.0,0.0,1.0
1779977915.2351122,-1.2820223569869995,-0.46003758907318115,0.0,0.0,nan,0.0,0.0,0.0,0.0,0.0,0.0,1.0
1779977915.2457192,-1.2820223569869995,-0.46003758907318115,0.0,0.0,nan,0.0,0.0,0.0,0.0,0.0,0.0,1.0
1779977915.2559698,-1.2820223569869995,-0.46003758907318115,0.0,0.0,nan,0.0,0.0,0.0,0.0,0.0,0.0,1.0
1779977915.2664225,-1.2820223569869995,-0.46003758907318115,0.0,0.0,nan,0.0,0.0,0.0,0.0,0.0,0.0,1.0
1779977915.2769005,-1.2820223569869995,-0.46003758907318115,0.0,0.0,nan,0.0,0.0,0.0,0.0,0.0,0.0,1.0
1779977915.287601,-1.2820223569869995,-0.46003758907318115,0.0,0.0,nan,0.0,0.0,0.0,0.0,0.0,0.0,1.0
1779977915.2979023,-1.2820223569869995,-0.46003758907318115,0.0,0.0,nan,0.0,0.0,0.0,0.0,0.0,0.0,1.0
1779977915.308125,-1.2820223569869995,-0.46003758907318115,0.0,0.0,nan,0.0,0.0,0.0,0.0,0.0,0.0,1.0
1779977915.3183532,-1.2820223569869995,-0.46003758907318115,0.0,0.0,nan,0.0,0.0,0.0,0.0,0.0,0.0,1.0
1779977915.3284872,-1.2820223569869995,-0.46003758907318115,0.0,0.0,nan,0.0,0.0,0.0,0.0,0.0,0.0,1.0
1779977915.3390305,-1.2820223569869995,-0.46003758907318115,0.0,0.0,nan,0.0,0.0,0.0,0.0,0.0,0.0,1.0
1779977915.3494806,-1.2820223569869995,-0.46003758907318115,0.0,0.0,nan,0.0,0.0,0.0,0.0,0.0,0.0,1.0
1779977915.3599653,-1.2820223569869995,-0.46003758907318115,0.0,0.0,nan,0.0,0.0,0.0,0.0,0.0,0.0,1.0
1779977915.3702638,-1.2820223569869995,-0.46003758907318115,0.0,0.0,nan,0.0,0.0,0.0,0.0,0.0,0.0,1.0
1779977915.380995,-1.2820223569869995,-0.46003758907318115,0.0,0.0,nan,0.0,0.0,0.0,0.0,0.0,0.0,1.0
1779977915.3913155,-1.2820223569869995,-0.46003758907318115,0.0,0.0,nan,0.0,0.0,0.0,0.0,0.0,0.0,1.0
1779977915.4019067,-1.2820223569869995,-0.46003758907318115,0.0,0.0,nan,0.0,0.0,0.0,0.0,0.0,0.0,1.0
1779977915.4121115,-1.2820223569869995,-0.46003758907318115,0.0,0.0,nan,0.0,0.0,0.0,0.0,0.0,0.0,1.0
1779977915.422314,-1.2820223569869995,-0.46003758907318115,0.0,0.0,nan,0.0,0.0,0.0,0.0,0.0,0.0,1.0
1779977915.4327,-1.2820223569869995,-0.46003758907318115,0.0,0.0,nan,0.0,0.0,0.0,0.0,0.0,0.0,1.0
1779977915.4431634,-1.2820223569869995,-0.46003758907318115,0.0,0.0,nan,0.0,0.0,0.0,0.0,0.0,0.0,1.0
1779977915.4536095,-1.2820223569869995,-0.46003758907318115,0.0,0.0,nan,0.0,0.0,0.0,0.0,0.0,0.0,1.0
1779977915.464039,-1.2820223569869995,-0.46003758907318115,0.0,0.0,nan,0.0,0.0,0.0,0.0,0.0,0.0,1.0
1779977915.4745867,-1.2820223569869995,-0.46003758907318115,0.0,0.0,nan,0.0,0.0,0.0,0.0,0.0,0.0,1.0
1779977915.4851124,-1.2820223569869995,-0.46003758907318115,0.0,0.0,nan,0.0,0.0,0.0,0.0,0.0,0.0,1.0
1779977915.4952712,-1.2820223569869995,-0.46003758907318115,0.0,0.0,nan,0.0,0.0,0.0,0.0,0.0,0.0,1.0
1779977915.5058496,-1.2820223569869995,-0.46003758907318115,0.0,0.0,nan,0.0,0.0,0.0,0.0,0.0,0.0,1.0
1779977915.5159926,-1.2820223569869995,-0.46003758907318115,0.0,0.0,nan,0.0,0.0,0.0,0.0,0.0,0.0,1.0
1779977915.526219,-1.2820223569869995,-0.46003758907318115,0.0,0.0,nan,0.0,0.0,0.0,0.0,0.0,0.0,1.0
1779977915.5367277,-1.2820223569869995,-0.46003758907318115,0.0,0.0,nan,0.0,0.0,0.0,0.0,0.0,0.0,1.0
1779977915.546929,-1.2820223569869995,-0.46003758907318115,0.0,0.0,nan,0.0,0.0,0.0,0.0,0.0,0.0,1.0
1779977915.557517,-1.2820223569869995,-0.46003758907318115,0.0,0.0,nan,0.0,0.0,0.0,0.0,0.0,0.0,1.0
1779977915.5677745,-1.2820223569869995,-0.46003758907318115,0.0,0.0,nan,0.0,0.0,0.0,0.0,0.0,0.0,1.0
1779977915.5779715,-1.2820223569869995,-0.46003758907318115,0.0,0.0,nan,0.0,0.0,0.0,0.0,0.0,0.0,1.0
1779977915.588062,-1.2820223569869995,-0.46003758907318115,0.0,0.0,nan,0.0,0.0,0.0,0.0,0.0,0.0,1.0
1779977915.598314,-1.2820223569869995,-0.46003758907318115,0.0,0.0,nan,0.0,0.0,0.0,0.0,0.0,0.0,1.0
1779977915.6081843,-1.2820223569869995,-0.46003758907318115,0.0,0.0,nan,0.0,0.0,0.0,0.0,0.0,0.0,1.0
1779977915.618652,-1.2820223569869995,-0.46003758907318115,0.0,0.0,nan,0.0,0.0,0.0,0.0,0.0,0.0,1.0
1779977915.6292474,-1.2820223569869995,-0.46003758907318115,0.0,0.0,nan,0.0,0.0,0.0,0.0,0.0,0.0,1.0
1779977915.639401,-1.2820223569869995,-0.46003758907318115,0.0,0.0,nan,0.0,0.0,0.0,0.0,0.0,0.0,1.0
1779977915.6495051,-1.2820223569869995,-0.46003758907318115,0.0,0.0,nan,0.0,0.0,0.0,0.0,0.0,0.0,1.0
1779977915.6596036,-1.2820223569869995,-0.46003758907318115,0.0,0.0,nan,0.0,0.0,0.0,0.0,0.0,0.0,1.0
1779977915.6700027,-1.2820223569869995,-0.46003758907318115,0.0,0.0,nan,0.0,0.0,0.0,0.0,0.0,0.0,1.0
1779977915.6805487,-1.2820223569869995,-0.46003758907318115,0.0,0.0,nan,0.0,0.0,0.0,0.0,0.0,0.0,1.0
1779977915.6908023,-1.2820223569869995,-0.46003758907318115,0.0,0.0,nan,0.0,0.0,0.0,0.0,0.0,0.0,1.0
1779977915.7011333,-1.2820223569869995,-0.46003758907318115,0.0,0.0,nan,0.0,0.0,0.0,0.0,0.0,0.0,1.0
1779977915.7111652,-1.2820223569869995,-0.46003758907318115,0.0,0.0,nan,0.0,0.0,0.0,0.0,0.0,0.0,1.0
1779977915.7218292,-1.2820223569869995,-0.46003758907318115,0.0,0.0,nan,0.0,0.0,0.0,0.0,0.0,0.0,1.0
1779977915.7321877,-1.2820223569869995,-0.46003758907318115,0.0,0.0,nan,0.0,0.0,0.0,0.0,0.0,0.0,1.0
1779977915.7427173,-1.2820223569869995,-0.46003758907318115,0.0,0.0,nan,0.0,0.0,0.0,0.0,0.0,0.0,1.0
1779977915.7529893,-1.2820223569869995,-0.46003758907318115,0.0,0.0,nan,0.0,0.0,0.0,0.0,0.0,0.0,1.0
1779977915.763466,-1.2820223569869995,-0.46003758907318115,0.0,0.0,nan,0.0,0.0,0.0,0.0,0.0,0.0,1.0
1779977915.7740738,-1.2820223569869995,-0.46003758907318115,0.0,0.0,nan,0.0,0.0,0.0,0.0,0.0,0.0,1.0
1779977915.784544,-1.2820223569869995,-0.46003758907318115,0.0,0.0,nan,0.0,0.0,0.0,0.0,0.0,0.0,1.0
1779977915.794677,-1.2820223569869995,-0.46003758907318115,0.0,0.0,nan,0.0,0.0,0.0,0.0,0.0,0.0,1.0
1779977915.8048341,-1.2820223569869995,-0.46003758907318115,0.0,0.0,nan,0.0,0.0,0.0,0.0,0.0,0.0,1.0
1779977915.8149743,-1.2820223569869995,-0.46003758907318115,0.0,0.0,nan,0.0,0.0,0.0,0.0,0.0,0.0,1.0
1779977915.825562,-1.2820223569869995,-0.46003758907318115,0.0,0.0,nan,0.0,0.0,0.0,0.0,0.0,0.0,1.0
1779977915.8356955,-1.2820223569869995,-0.46003758907318115,0.0,0.0,nan,0.0,0.0,0.0,0.0,0.0,0.0,1.0
1779977915.846028,-1.2820223569869995,-0.46003758907318115,0.0,0.0,nan,0.0,0.0,0.0,0.0,0.0,0.0,1.0
1779977915.8562605,-1.2820223569869995,-0.46003758907318115,0.0,0.0,nan,0.0,0.0,0.0,0.0,0.0,0.0,1.0
1779977915.8664577,-1.2820223569869995,-0.46003758907318115,0.0,0.0,nan,0.0,0.0,0.0,0.0,0.0,0.0,1.0
1779977915.876957,-1.2820223569869995,-0.46003758907318115,0.0,0.0,nan,0.0,0.0,0.0,0.0,0.0,0.0,1.0
1779977915.8871942,-1.2820223569869995,-0.46003758907318115,0.0,0.0,nan,0.0,0.0,0.0,0.0,0.0,0.0,1.0
1779977915.8973773,-1.2820223569869995,-0.46003758907318115,0.0,0.0,nan,0.0,0.0,0.0,0.0,0.0,0.0,1.0
1779977915.90736,-1.2820223569869995,-0.46003758907318115,0.0,0.0,nan,0.0,0.0,0.0,0.0,0.0,0.0,1.0
1779977915.9177885,-1.2820223569869995,-0.46003758907318115,0.0,0.0,nan,0.0,0.0,0.0,0.0,0.0,0.0,1.0
1779977915.9279788,-1.2820223569869995,-0.46003758907318115,0.0,0.0,nan,0.0,0.0,0.0,0.0,0.0,0.0,1.0
1779977915.9384649,-1.2820223569869995,-0.46003758907318115,0.0,0.0,nan,0.0,0.0,0.0,0.0,0.0,0.0,1.0
1779977915.9485855,-1.2820223569869995,-0.46003758907318115,0.0,0.0,nan,0.0,0.0,0.0,0.0,0.0,0.0,1.0
1779977915.959129,-1.2820223569869995,-0.46003758907318115,0.0,0.0,nan,0.0,0.0,0.0,0.0,0.0,0.0,1.0
1779977915.9692407,-1.2820223569869995,-0.46003758907318115,0.0,0.0,nan,0.0,0.0,0.0,0.0,0.0,0.0,1.0
1779977915.9798357,-1.2820223569869995,-0.46003758907318115,0.0,0.0,nan,0.0,0.0,0.0,0.0,0.0,0.0,1.0
1779977915.990457,-1.2820223569869995,-0.46003758907318115,0.0,0.0,nan,0.0,0.0,0.0,0.0,0.0,0.0,1.0
1779977916.00057,-1.2820223569869995,-0.46003758907318115,0.0,0.0,nan,0.0,0.0,0.0,0.0,0.0,0.0,1.0
1779977916.0106912,-1.2820223569869995,-0.46003758907318115,0.0,0.0,nan,0.0,0.0,0.0,0.0,0.0,0.0,1.0
1779977916.020992,-1.2820223569869995,-0.46003758907318115,0.0,0.0,nan,0.0,0.0,0.0,0.0,0.0,0.0,1.0
1779977916.0311306,-1.2820223569869995,-0.46003758907318115,0.0,0.0,nan,0.0,0.0,0.0,0.0,0.0,0.0,1.0
1779977916.0414283,-1.2820223569869995,-0.46003758907318115,0.0,0.0,nan,0.0,0.0,0.0,0.0,0.0,0.0,1.0
1779977916.0520117,-1.2820223569869995,-0.46003758907318115,0.0,0.0,nan,0.0,0.0,0.0,0.0,0.0,0.0,1.0
1779977916.0623257,-1.2820223569869995,-0.46003758907318115,0.0,0.0,nan,0.0,0.0,0.0,0.0,0.0,0.0,1.0
1779977916.072317,-1.2820223569869995,-0.46003758907318115,0.0,0.0,nan,0.0,0.0,0.0,0.0,0.0,0.0,1.0
1779977916.0825477,-1.2820223569869995,-0.46003758907318115,0.0,0.0,nan,0.0,0.0,0.0,0.0,0.0,0.0,1.0
1779977916.0926538,-1.2820223569869995,-0.46003758907318115,0.0,0.0,nan,0.0,0.0,0.0,0.0,0.0,0.0,1.0
1779977916.1028647,-1.2820223569869995,-0.46003758907318115,0.0,0.0,nan,0.0,0.0,0.0,0.0,0.0,0.0,1.0
1779977916.1133585,-1.2820223569869995,-0.46003758907318115,0.0,0.0,nan,0.0,0.0,0.0,0.0,0.0,0.0,1.0
1779977916.1243944,-1.2820223569869995,-0.46003758907318115,0.0,0.0,nan,0.0,0.0,0.0,0.0,0.0,0.0,1.0
1779977916.134498,-1.2820223569869995,-0.46003758907318115,0.0,0.0,nan,0.0,0.0,0.0,0.0,0.0,0.0,1.0
1779977916.1447227,-1.2820223569869995,-0.46003758907318115,0.0,0.0,nan,0.0,0.0,0.0,0.0,0.0,0.0,1.0
1779977916.1552432,-1.2820223569869995,-0.46003758907318115,0.0,0.0,nan,0.0,0.0,0.0,0.0,0.0,0.0,1.0
1779977916.1655655,-1.2820223569869995,-0.46003758907318115,0.0,0.0,nan,0.0,0.0,0.0,0.0,0.0,0.0,1.0
1779977916.1756394,-1.2820223569869995,-0.46003758907318115,0.0,0.0,nan,0.0,0.0,0.0,0.0,0.0,0.0,1.0
1779977916.1859543,-1.2820223569869995,-0.46003758907318115,0.0,0.0,nan,0.0,0.0,0.0,0.0,0.0,0.0,1.0
1779977916.196031,-1.2820223569869995,-0.46003758907318115,0.0,0.0,nan,0.0,0.0,0.0,0.0,0.0,0.0,1.0
1779977916.2065656,-1.2820223569869995,-0.46003758907318115,0.0,0.0,nan,0.0,0.0,0.0,0.0,0.0,0.0,1.0
1779977916.2170432,-1.2820223569869995,-0.46003758907318115,0.0,0.0,nan,0.0,0.0,0.0,0.0,0.0,0.0,1.0
1779977916.2271838,-1.2820223569869995,-0.46003758907318115,0.0,0.0,nan,0.0,0.0,0.0,0.0,0.0,0.0,1.0
1779977916.2375708,-1.2820223569869995,-0.46003758907318115,0.0,0.0,nan,0.0,0.0,0.0,0.0,0.0,0.0,1.0
1779977916.2477405,-1.2820223569869995,-0.46003758907318115,0.0,0.0,nan,0.0,0.0,0.0,0.0,0.0,0.0,1.0
1779977916.258222,-1.2820223569869995,-0.46003758907318115,0.0,0.0,nan,0.0,0.0,0.0,0.0,0.0,0.0,1.0
1779977916.2680435,-1.2820223569869995,-0.46003758907318115,0.0,0.0,nan,0.0,0.0,0.0,0.0,0.0,0.0,1.0
1779977916.278188,-1.2820223569869995,-0.46003758907318115,0.0,0.0,nan,0.0,0.0,0.0,0.0,0.0,0.0,1.0
1779977916.2882695,-1.2820223569869995,-0.46003758907318115,0.0,0.0,nan,0.0,0.0,0.0,0.0,0.0,0.0,1.0
1779977916.2985077,-1.2820223569869995,-0.46003758907318115,0.0,0.0,nan,0.0,0.0,0.0,0.0,0.0,0.0,1.0
1779977916.3091033,-1.2820223569869995,-0.46003758907318115,0.0,0.0,nan,0.0,0.0,0.0,0.0,0.0,0.0,1.0
1779977916.3193474,-1.2820223569869995,-0.46003758907318115,0.0,0.0,nan,0.0,0.0,0.0,0.0,0.0,0.0,1.0
1779977916.3298106,-1.2820223569869995,-0.46003758907318115,0.0,0.0,nan,0.0,0.0,0.0,0.0,0.0,0.0,1.0
1779977916.3401704,-1.2820223569869995,-0.46003758907318115,0.0,0.0,nan,0.0,0.0,0.0,0.0,0.0,0.0,1.0
1779977916.350608,-1.2820223569869995,-0.46003758907318115,0.0,0.0,nan,0.0,0.0,0.0,0.0,0.0,0.0,1.0
1779977916.360793,-1.2820223569869995,-0.46003758907318115,0.0,0.0,nan,0.0,0.0,0.0,0.0,0.0,0.0,1.0
1779977916.3709788,-1.2820223569869995,-0.46003758907318115,0.0,0.0,nan,0.0,0.0,0.0,0.0,0.0,0.0,1.0
1779977916.3812737,-1.2820223569869995,-0.46003758907318115,0.0,0.0,nan,0.0,0.0,0.0,0.0,0.0,0.0,1.0
1779977916.3917937,-1.2820223569869995,-0.46003758907318115,0.0,0.0,nan,0.0,0.0,0.0,0.0,0.0,0.0,1.0
1779977916.402096,-1.2820223569869995,-0.46003758907318115,0.0,0.0,nan,0.0,0.0,0.0,0.0,0.0,0.0,1.0
1779977916.4126098,-1.2820223569869995,-0.46003758907318115,0.0,0.0,nan,0.0,0.0,0.0,0.0,0.0,0.0,1.0
1779977916.4230077,-1.2820223569869995,-0.46003758907318115,0.0,0.0,nan,0.0,0.0,0.0,0.0,0.0,0.0,1.0
1779977916.4333484,-1.2820223569869995,-0.46003758907318115,0.0,0.0,nan,0.0,0.0,0.0,0.0,0.0,0.0,1.0
1779977916.4435272,-1.2820223569869995,-0.46003758907318115,0.0,0.0,nan,0.0,0.0,0.0,0.0,0.0,0.0,1.0
1779977916.4541605,-1.2820223569869995,-0.46003758907318115,0.0,0.0,nan,0.0,0.0,0.0,0.0,0.0,0.0,1.0
1779977916.464178,-1.2820223569869995,-0.46003758907318115,0.0,0.0,nan,0.0,0.0,0.0,0.0,0.0,0.0,1.0
1779977916.4746344,-1.2820223569869995,-0.46003758907318115,0.0,0.0,nan,0.0,0.0,0.0,0.0,0.0,0.0,1.0
1779977916.4847603,-1.2820223569869995,-0.46003758907318115,0.0,0.0,nan,0.0,0.0,0.0,0.0,0.0,0.0,1.0
1779977916.4949386,-1.2820223569869995,-0.46003758907318115,0.0,0.0,nan,0.0,0.0,0.0,0.0,0.0,0.0,1.0
1779977916.5053453,-1.2820223569869995,-0.46003758907318115,0.0,0.0,nan,0.0,0.0,0.0,0.0,0.0,0.0,1.0
1779977916.516154,-1.2820223569869995,-0.46003758907318115,0.0,0.0,nan,0.0,0.0,0.0,0.0,0.0,0.0,1.0
1779977916.526609,-1.2820223569869995,-0.46003758907318115,0.0,0.0,nan,0.0,0.0,0.0,0.0,0.0,0.0,1.0
1779977916.536693,-1.2820223569869995,-0.46003758907318115,0.0,0.0,nan,0.0,0.0,0.0,0.0,0.0,0.0,1.0
1779977916.5471263,-1.2820223569869995,-0.46003758907318115,0.0,0.0,nan,0.0,0.0,0.0,0.0,0.0,0.0,1.0
1779977916.5576348,-1.2820223569869995,-0.46003758907318115,0.0,0.0,nan,0.0,0.0,0.0,0.0,0.0,0.0,1.0
1779977916.5673227,-1.2820223569869995,-0.46003758907318115,0.0,0.0,nan,0.0,0.0,0.0,0.0,0.0,0.0,1.0
1779977916.5774603,-1.2820223569869995,-0.46003758907318115,0.0,0.0,nan,0.0,0.0,0.0,0.0,0.0,0.0,1.0
1779977916.5877256,-1.2820223569869995,-0.46003758907318115,0.0,0.0,nan,0.0,0.0,0.0,0.0,0.0,0.0,1.0
1779977916.5978496,-1.2820223569869995,-0.46003758907318115,0.0,0.0,nan,0.0,0.0,0.0,0.0,0.0,0.0,1.0
1779977916.6085887,-1.2820223569869995,-0.46003758907318115,0.0,0.0,nan,0.0,0.0,0.0,0.0,0.0,0.0,1.0
1779977916.61859,-1.2820223569869995,-0.46003758907318115,0.0,0.0,nan,0.0,0.0,0.0,0.0,0.0,0.0,1.0
1779977916.628755,-1.2820223569869995,-0.46003758907318115,0.0,0.0,nan,0.0,0.0,0.0,0.0,0.0,0.0,1.0
1779977916.6397345,-1.2820223569869995,-0.46003758907318115,0.0,0.0,nan,0.0,0.0,0.0,0.0,0.0,0.0,1.0
1779977916.6505508,-1.2820223569869995,-0.46003758907318115,0.0,0.0,nan,0.0,0.0,0.0,0.0,0.0,0.0,1.0
1779977916.6607957,-1.2820223569869995,-0.46003758907318115,0.0,0.0,nan,0.0,0.0,0.0,0.0,0.0,0.0,1.0
1779977916.671292,-1.2820223569869995,-0.46003758907318115,0.0,0.0,nan,0.0,0.0,0.0,0.0,0.0,0.0,1.0
1779977916.6819189,-1.2820223569869995,-0.46003758907318115,0.0,0.0,nan,0.0,0.0,0.0,0.0,0.0,0.0,1.0
1779977916.692385,-1.2820223569869995,-0.46003758907318115,0.0,0.0,nan,0.0,0.0,0.0,0.0,0.0,0.0,1.0
1779977916.7026029,-1.2820223569869995,-0.46003758907318115,0.0,0.0,nan,0.0,0.0,0.0,0.0,0.0,0.0,1.0
1779977916.7128484,-1.2820223569869995,-0.46003758907318115,0.0,0.0,nan,0.0,0.0,0.0,0.0,0.0,0.0,1.0
1779977916.7230601,-1.2820223569869995,-0.46003758907318115,0.0,0.0,nan,0.0,0.0,0.0,0.0,0.0,0.0,1.0
1779977916.73367,-1.2820223569869995,-0.46003758907318115,0.0,0.0,nan,0.0,0.0,0.0,0.0,0.0,0.0,1.0
1779977916.7438846,-1.2820223569869995,-0.46003758907318115,0.0,0.0,nan,0.0,0.0,0.0,0.0,0.0,0.0,1.0
1779977916.7540212,-1.2820223569869995,-0.46003758907318115,0.0,0.0,nan,0.0,0.0,0.0,0.0,0.0,0.0,1.0
1779977916.7644467,-1.2820223569869995,-0.46003758907318115,0.0,0.0,nan,0.0,0.0,0.0,0.0,0.0,0.0,1.0
1779977916.775012,-1.2820223569869995,-0.46003758907318115,0.0,0.0,nan,0.0,0.0,0.0,0.0,0.0,0.0,1.0
1779977916.7855067,-1.2820223569869995,-0.46003758907318115,0.0,0.0,nan,0.0,0.0,0.0,0.0,0.0,0.0,1.0
1779977916.7960842,-1.2820223569869995,-0.46003758907318115,0.0,0.0,nan,0.0,0.0,0.0,0.0,0.0,0.0,1.0
1779977916.8068483,-1.2820223569869995,-0.46003758907318115,0.0,0.0,nan,0.0,0.0,0.0,0.0,0.0,0.0,1.0
1779977916.817176,-1.2820223569869995,-0.46003758907318115,0.0,0.0,nan,0.0,0.0,0.0,0.0,0.0,0.0,1.0
1779977916.8275363,-1.2820223569869995,-0.46003758907318115,0.0,0.0,nan,0.0,0.0,0.0,0.0,0.0,0.0,1.0
1779977916.8376148,-1.2820223569869995,-0.46003758907318115,0.0,0.0,nan,0.0,0.0,0.0,0.0,0.0,0.0,1.0
1779977916.8480575,-1.2820223569869995,-0.46003758907318115,0.0,0.0,nan,0.0,0.0,0.0,0.0,0.0,0.0,1.0
1779977916.858778,-1.2820223569869995,-0.46003758907318115,0.0,0.0,nan,0.0,0.0,0.0,0.0,0.0,0.0,1.0
1779977916.868964,-1.2820223569869995,-0.46003758907318115,0.0,0.0,nan,0.0,0.0,0.0,0.0,0.0,0.0,1.0
1779977916.8794541,-1.2820223569869995,-0.46003758907318115,0.0,0.0,nan,0.0,0.0,0.0,0.0,0.0,0.0,1.0
1779977916.8900127,-1.2820223569869995,-0.46003758907318115,0.0,0.0,nan,0.0,0.0,0.0,0.0,0.0,0.0,1.0
1779977916.9002595,-1.2820223569869995,-0.46003758907318115,0.0,0.0,nan,0.0,0.0,0.0,0.0,0.0,0.0,1.0
1779977916.9103947,-1.2820223569869995,-0.46003758907318115,0.0,0.0,nan,0.0,0.0,0.0,0.0,0.0,0.0,1.0
1779977916.920591,-1.2820223569869995,-0.46003758907318115,0.0,0.0,nan,0.0,0.0,0.0,0.0,0.0,0.0,1.0
1779977916.9312024,-1.2820223569869995,-0.46003758907318115,0.0,0.0,nan,0.0,0.0,0.0,0.0,0.0,0.0,1.0
1779977916.9414701,-1.2820223569869995,-0.46003758907318115,0.0,0.0,nan,0.0,0.0,0.0,0.0,0.0,0.0,1.0
1779977916.951859,-1.2820223569869995,-0.46003758907318115,0.0,0.0,nan,0.0,0.0,0.0,0.0,0.0,0.0,1.0
1779977916.962235,-1.2820223569869995,-0.46003758907318115,0.0,0.0,nan,0.0,0.0,0.0,0.0,0.0,0.0,1.0
1779977916.9729111,-1.2820223569869995,-0.46003758907318115,0.0,0.0,nan,0.0,0.0,0.0,0.0,0.0,0.0,1.0
1779977916.983438,-1.2820223569869995,-0.46003758907318115,0.0,0.0,nan,0.0,0.0,0.0,0.0,0.0,0.0,1.0
1779977916.9937263,-1.2820223569869995,-0.46003758907318115,0.0,0.0,nan,0.0,0.0,0.0,0.0,0.0,0.0,1.0
1779977917.0036945,-1.2820223569869995,-0.46003758907318115,0.0,0.0,nan,0.0,0.0,0.0,0.0,0.0,0.0,1.0
1779977917.0143251,-1.2820223569869995,-0.46003758907318115,0.0,0.0,nan,0.0,0.0,0.0,0.0,0.0,0.0,1.0
1779977917.0244322,-1.2820223569869995,-0.46003758907318115,0.0,0.0,nan,0.0,0.0,0.0,0.0,0.0,0.0,1.0
1779977917.0344992,-1.2820223569869995,-0.46003758907318115,0.0,0.0,nan,0.0,0.0,0.0,0.0,0.0,0.0,1.0
1779977917.0447233,-1.2820223569869995,-0.46003758907318115,0.0,0.0,nan,0.0,0.0,0.0,0.0,0.0,0.0,1.0
1779977917.055383,-1.2820223569869995,-0.46003758907318115,0.0,0.0,nan,0.0,0.0,0.0,0.0,0.0,0.0,1.0
1779977917.0659282,-1.2820223569869995,-0.46003758907318115,0.0,0.0,nan,0.0,0.0,0.0,0.0,0.0,0.0,1.0
1779977917.0762992,-1.2820223569869995,-0.46003758907318115,0.0,0.0,nan,0.0,0.0,0.0,0.0,0.0,0.0,1.0
1779977917.086933,-1.2820223569869995,-0.46003758907318115,0.0,0.0,nan,0.0,0.0,0.0,0.0,0.0,0.0,1.0
1779977917.0968697,-1.2820223569869995,-0.46003758907318115,0.0,0.0,nan,0.0,0.0,0.0,0.0,0.0,0.0,1.0
1779977917.1071775,-1.2820223569869995,-0.46003758907318115,0.0,0.0,nan,0.0,0.0,0.0,0.0,0.0,0.0,1.0
1779977917.1175323,-1.2820223569869995,-0.46003758907318115,0.0,0.0,nan,0.0,0.0,0.0,0.0,0.0,0.0,1.0
1779977917.1277578,-1.2820223569869995,-0.46003758907318115,0.0,0.0,nan,0.0,0.0,0.0,0.0,0.0,0.0,1.0
1779977917.1383653,-1.2820223569869995,-0.46003758907318115,0.0,0.0,nan,0.0,0.0,0.0,0.0,0.0,0.0,1.0
1779977917.1486192,-1.2820223569869995,-0.46003758907318115,0.0,0.0,nan,0.0,0.0,0.0,0.0,0.0,0.0,1.0
1779977917.1593182,-1.2820223569869995,-0.46003758907318115,0.0,0.0,nan,0.0,0.0,0.0,0.0,0.0,0.0,1.0
1779977917.1694565,-1.2820223569869995,-0.46003758907318115,0.0,0.0,nan,0.0,0.0,0.0,0.0,0.0,0.0,1.0
1779977917.1794543,-1.2820223569869995,-0.46003758907318115,0.0,0.0,nan,0.0,0.0,0.0,0.0,0.0,0.0,1.0
1779977917.1900203,-1.2820223569869995,-0.46003758907318115,0.0,0.0,nan,0.0,0.0,0.0,0.0,0.0,0.0,1.0
1779977917.2003317,-1.2820223569869995,-0.46003758907318115,0.0,0.0,nan,0.0,0.0,0.0,0.0,0.0,0.0,1.0
1779977917.2105258,-1.2820223569869995,-0.46003758907318115,0.0,0.0,nan,0.0,0.0,0.0,0.0,0.0,0.0,1.0
1779977917.2208505,-1.2820223569869995,-0.46003758907318115,0.0,0.0,nan,0.0,0.0,0.0,0.0,0.0,0.0,1.0
1779977917.2314105,-1.2820223569869995,-0.46003758907318115,0.0,0.0,nan,0.0,0.0,0.0,0.0,0.0,0.0,1.0
1779977917.2417397,-1.2820223569869995,-0.46003758907318115,0.0,0.0,nan,0.0,0.0,0.0,0.0,0.0,0.0,1.0
1779977917.2521966,-1.2820223569869995,-0.46003758907318115,0.0,0.0,nan,0.0,0.0,0.0,0.0,0.0,0.0,1.0
1779977917.262469,-1.2820223569869995,-0.46003758907318115,0.0,0.0,nan,0.0,0.0,0.0,0.0,0.0,0.0,1.0
1779977917.2726622,-1.2820223569869995,-0.46003758907318115,0.0,0.0,nan,0.0,0.0,0.0,0.0,0.0,0.0,1.0
1779977917.2827415,-1.2820223569869995,-0.46003758907318115,0.0,0.0,nan,0.0,0.0,0.0,0.0,0.0,0.0,1.0
1779977917.2931106,-1.2820223569869995,-0.46003758907318115,0.0,0.0,nan,0.0,0.0,0.0,0.0,0.0,0.0,1.0
1779977917.3033776,-1.2820223569869995,-0.46003758907318115,0.0,0.0,nan,0.0,0.0,0.0,0.0,0.0,0.0,1.0
1779977917.3137805,-1.2820223569869995,-0.46003758907318115,0.0,0.0,nan,0.0,0.0,0.0,0.0,0.0,0.0,1.0
1779977917.3288844,-1.2820223569869995,-0.46003758907318115,0.0,0.0,nan,0.0,0.0,0.0,0.0,0.0,0.0,1.0
1779977917.3395438,-1.2820223569869995,-0.46003758907318115,0.0,0.0,nan,0.0,0.0,0.0,-0.419785978386789,0.1,0.0,1.0
1779977917.349952,-1.2820223569869995,-0.46003758907318115,0.0,0.0,nan,0.0,0.0,0.0,-0.419785978386789,0.1,0.0,1.0
1779977917.359948,-1.2820223569869995,-0.46003758907318115,0.0,0.0,nan,0.0,0.0,0.0,-0.419785978386789,0.1,0.0,1.0
1779977917.3700318,-1.2820223569869995,-0.46003758907318115,0.0,0.0,nan,0.0,0.0,0.0,-0.419785978386789,0.1,0.0,1.0
1779977917.3805566,-1.2820223569869995,-0.46003758907318115,0.0,0.0,nan,0.0,0.0,0.0,-0.419785978386789,0.1,0.0,1.0
1779977917.391148,-1.2820223569869995,-0.46003758907318115,0.0,0.0,nan,0.0,0.0,0.0,-0.419785978386789,0.1,0.0,1.0
1779977917.4013946,-1.2820223569869995,-0.46003758907318115,0.0,0.0,nan,0.0,0.0,0.0,-0.419785978386789,0.1,0.0,1.0
1779977917.4117239,-1.2820223569869995,-0.46003758907318115,0.0,0.0,nan,0.0,0.0,0.0,-0.419785978386789,0.1,0.0,1.0
1779977917.422024,-1.2820223569869995,-0.46003758907318115,0.0,0.0,nan,0.0,0.0,0.0,-0.419785978386789,0.1,0.0,1.0
1779977917.4320886,-1.2820223569869995,-0.46003758907318115,0.0,0.0,nan,0.0,0.0,0.0,-0.419785978386789,0.1,0.0,1.0
1779977917.4425724,-1.2820223569869995,-0.46003758907318115,0.0,0.0,nan,0.0,0.0,0.0,-0.419785978386789,0.1,0.0,1.0
1779977917.4526386,-1.2820223569869995,-0.46003758907318115,0.0,0.0,nan,0.0,0.0,0.0,-0.419785978386789,0.1,0.0,1.0
1779977917.463157,-1.2820223569869995,-0.46003758907318115,0.0,0.0,nan,0.0,0.0,0.0,-0.419785978386789,0.1,0.0,1.0
1779977917.473713,-1.2820223569869995,-0.46003758907318115,0.0,0.0,nan,0.0,0.0,0.0,-0.419785978386789,0.1,0.0,1.0
1779977917.4839098,-1.2820223569869995,-0.46003758907318115,0.0,0.0,nan,0.0,0.0,0.0,-0.419785978386789,0.1,0.0,1.0
1779977917.494176,-1.2820223569869995,-0.46003758907318115,0.0,0.0,nan,0.0,0.0,0.0,-0.419785978386789,0.1,0.0,1.0
1779977917.5048401,-1.2820223569869995,-0.46003758907318115,0.0,0.0,nan,0.0,0.0,0.0,-0.419785978386789,0.1,0.0,1.0
1779977917.5153131,-1.2820223569869995,-0.46003758907318115,0.0,0.0,nan,0.0,0.0,0.0,-0.419785978386789,0.1,0.0,1.0
1779977917.5256767,-1.2820223569869995,-0.46003758907318115,0.0,0.0,nan,0.0,0.0,0.0,-0.419785978386789,0.1,0.0,1.0
1779977917.5361762,-1.2820223569869995,-0.46003758907318115,0.0,0.0,nan,0.0,0.0,0.0,-0.419785978386789,0.1,0.0,1.0
1779977917.5462499,-1.2820223569869995,-0.46003758907318115,0.0,0.0,nan,0.0,0.0,0.0,-0.419785978386789,0.1,0.0,1.0
1779977917.5562606,-1.2820223569869995,-0.46003758907318115,0.0,0.0,nan,0.0,0.0,0.0,-0.419785978386789,0.1,0.0,1.0
1779977917.5668247,-1.2820223569869995,-0.46003758907318115,0.0,0.0,nan,0.0,0.0,0.0,-0.419785978386789,0.1,0.0,1.0
1779977917.577041,-1.2820223569869995,-0.46003758907318115,0.0,0.0,nan,0.0,0.0,0.0,-0.419785978386789,0.1,0.0,1.0
1779977917.5872152,-1.2820223569869995,-0.46003758907318115,0.0,0.0,nan,0.0,0.0,0.0,-0.419785978386789,0.1,0.0,1.0
1779977917.597725,-1.2820223569869995,-0.46003758907318115,0.0,0.0,nan,0.0,0.0,0.0,-0.419785978386789,0.1,0.0,1.0
1779977917.608264,-1.2820223569869995,-0.46003758907318115,0.0,0.0,nan,0.0,0.0,0.0,-0.419785978386789,0.1,0.0,1.0
1779977917.6185565,-1.2820223569869995,-0.46003758907318115,0.0,0.0,nan,0.0,0.0,0.0,-0.419785978386789,0.1,0.0,1.0
1779977917.6286752,-1.2820223569869995,-0.46003758907318115,0.0,0.0,nan,0.0,0.0,0.0,-0.419785978386789,0.1,0.0,1.0
1779977917.6389682,-1.2820223569869995,-0.46003758907318115,0.0,0.0,nan,0.0,0.0,0.0,-0.419785978386789,0.1,0.0,1.0
1779977917.6489828,-1.2820223569869995,-0.46003758907318115,0.0,0.0,nan,0.0,0.0,0.0,-0.419785978386789,0.1,0.0,1.0
1779977917.6591048,-1.2820223569869995,-0.46003758907318115,0.0,0.0,nan,0.0,0.0,0.0,-0.419785978386789,0.1,0.0,1.0
1779977917.669315,-1.2820223569869995,-0.46003758907318115,0.0,0.0,nan,0.0,0.0,0.0,-0.419785978386789,0.1,0.0,1.0
1779977917.6797132,-1.2820223569869995,-0.46003758907318115,0.0,0.0,nan,0.0,0.0,0.0,-0.419785978386789,0.1,0.0,1.0
1779977917.6898112,-1.2820223569869995,-0.46003758907318115,0.0,0.0,nan,0.0,0.0,0.0,-0.419785978386789,0.1,0.0,1.0
1779977917.700026,-1.2820223569869995,-0.46003758907318115,0.0,0.0,nan,0.0,0.0,0.0,-0.419785978386789,0.1,0.0,1.0
1779977917.7102687,-1.2820223569869995,-0.46003758907318115,0.0,0.0,nan,0.0,0.0,0.0,-0.419785978386789,0.1,0.0,1.0
1779977917.7205586,-1.2820223569869995,-0.46003758907318115,0.0,0.0,nan,0.0,0.0,0.0,-0.419785978386789,0.1,0.0,1.0
1779977917.7310925,-1.2820223569869995,-0.46003758907318115,0.0,0.0,nan,0.0,0.0,0.0,-0.419785978386789,0.1,0.0,1.0
1779977917.7412324,-1.2820223569869995,-0.46003758907318115,0.0,0.0,nan,0.0,0.0,0.0,-0.419785978386789,0.1,0.0,1.0
1779977917.75147,-1.2820223569869995,-0.46003758907318115,0.0,0.0,nan,0.0,0.0,0.0,-0.419785978386789,0.1,0.0,1.0
1779977917.7617502,-1.2820223569869995,-0.46003758907318115,0.0,0.0,nan,0.0,0.0,0.0,-0.419785978386789,0.1,0.0,1.0
1779977917.7718751,-1.2820223569869995,-0.46003758907318115,0.0,0.0,nan,0.0,0.0,0.0,-0.419785978386789,0.1,0.0,1.0
1779977917.7819998,-1.2820223569869995,-0.46003758907318115,0.0,0.0,nan,0.0,0.0,0.0,-0.419785978386789,0.1,0.0,1.0
1779977917.7924602,-1.2820223569869995,-0.46003758907318115,0.0,0.0,nan,0.0,0.0,0.0,-0.419785978386789,0.1,0.0,1.0
1779977917.8025928,-1.2820223569869995,-0.46003758907318115,0.0,0.0,nan,0.0,0.0,0.0,-0.419785978386789,0.1,0.0,1.0
1779977917.8127613,-1.2820223569869995,-0.46003758907318115,0.0,0.0,nan,0.0,0.0,0.0,-0.419785978386789,0.1,0.0,1.0
1779977917.8233178,-1.2820223569869995,-0.46003758907318115,0.0,0.0,nan,0.0,0.0,0.0,-0.419785978386789,0.1,0.0,1.0
1779977917.8338597,-1.2820223569869995,-0.46003758907318115,0.0,0.0,nan,0.0,0.0,0.0,-0.419785978386789,0.1,0.0,1.0
1779977917.8443418,-1.2820223569869995,-0.46003758907318115,0.0,0.0,nan,0.0,0.0,0.0,-0.419785978386789,0.1,0.0,1.0
1779977917.8546486,-1.2820223569869995,-0.46003758907318115,0.0,0.0,nan,0.0,0.0,0.0,-0.419785978386789,0.1,0.0,1.0
1779977917.8648381,-1.2820223569869995,-0.46003758907318115,0.0,0.0,nan,0.0,0.0,0.0,-0.419785978386789,0.1,0.0,1.0
1779977917.8751056,-1.2820223569869995,-0.46003758907318115,0.0,0.0,nan,0.0,0.0,0.0,-0.419785978386789,0.1,0.0,1.0
1779977917.8857582,-1.2820223569869995,-0.46003758907318115,0.0,0.0,nan,0.0,0.0,0.0,-0.419785978386789,0.1,0.0,1.0
1779977917.8956475,-1.2820223569869995,-0.46003758907318115,0.0,0.0,nan,0.0,0.0,0.0,-0.419785978386789,0.1,0.0,1.0
1779977917.906329,-1.2820223569869995,-0.46003758907318115,0.0,0.0,nan,0.0,0.0,0.0,-0.419785978386789,0.1,0.0,1.0
1779977917.9165285,-1.2820223569869995,-0.46003758907318115,0.0,0.0,nan,0.0,0.0,0.0,-0.419785978386789,0.1,0.0,1.0
1779977917.9266515,-1.2820223569869995,-0.46003758907318115,0.0,0.0,nan,0.0,0.0,0.0,-0.419785978386789,0.1,0.0,1.0
1779977917.9368074,-1.2820223569869995,-0.46003758907318115,0.0,0.0,nan,0.0,0.0,0.0,-0.419785978386789,0.1,0.0,1.0
1779977917.9470646,-1.2820223569869995,-0.46003758907318115,0.0,0.0,nan,0.0,0.0,0.0,-0.419785978386789,0.1,0.0,1.0
1779977917.9576912,-1.2820223569869995,-0.46003758907318115,0.0,0.0,nan,0.0,0.0,0.0,-0.419785978386789,0.1,0.0,1.0
1779977917.9678125,-1.2820223569869995,-0.46003758907318115,0.0,0.0,nan,0.0,0.0,0.0,-0.419785978386789,0.1,0.0,1.0
1779977917.9783945,-1.2820223569869995,-0.46003758907318115,0.0,0.0,nan,0.0,0.0,0.0,-0.419785978386789,0.1,0.0,1.0
1779977917.9885106,-1.2820223569869995,-0.46003758907318115,0.0,0.0,nan,0.0,0.0,0.0,-0.419785978386789,0.1,0.0,1.0
1779977917.999335,-1.2820223569869995,-0.46003758907318115,0.0,0.0,nan,0.0,0.0,0.0,-0.419785978386789,0.1,0.0,1.0
1779977918.0098896,-1.2820223569869995,-0.46003758907318115,0.0,0.0,nan,0.0,0.0,0.0,-0.419785978386789,0.1,0.0,1.0
1779977918.0201416,-1.2820223569869995,-0.46003758907318115,0.0,0.0,nan,0.0,0.0,0.0,-0.419785978386789,0.1,0.0,1.0
1779977918.0302048,-1.2820223569869995,-0.46003758907318115,0.0,0.0,nan,0.0,0.0,0.0,-0.419785978386789,0.1,0.0,1.0
1779977918.0405004,-1.2820223569869995,-0.46003758907318115,0.0,0.0,nan,0.0,0.0,0.0,-0.419785978386789,0.1,0.0,1.0
1779977918.050811,-1.2820223569869995,-0.46003758907318115,0.0,0.0,nan,0.0,0.0,0.0,-0.419785978386789,0.1,0.0,1.0
1779977918.0610561,-1.2820223569869995,-0.46003758907318115,0.0,0.0,nan,0.0,0.0,0.0,-0.419785978386789,0.1,0.0,1.0
1779977918.0713665,-1.2820223569869995,-0.46003758907318115,0.0,0.0,nan,0.0,0.0,0.0,-0.419785978386789,0.1,0.0,1.0
1779977918.0818596,-1.2820223569869995,-0.46003758907318115,0.0,0.0,nan,0.0,0.0,0.0,-0.419785978386789,0.1,0.0,1.0
1779977918.092351,-1.2820223569869995,-0.46003758907318115,0.0,0.0,nan,0.0,0.0,0.0,-0.419785978386789,0.1,0.0,1.0
1779977918.102321,-1.2820223569869995,-0.46003758907318115,0.0,0.0,nan,0.0,0.0,0.0,-0.419785978386789,0.1,0.0,1.0
1779977918.112371,-1.2820223569869995,-0.46003758907318115,0.0,0.0,nan,0.0,0.0,0.0,-0.419785978386789,0.1,0.0,1.0
1779977918.122972,-1.2820223569869995,-0.46003758907318115,0.0,0.0,nan,0.0,0.0,0.0,-0.419785978386789,0.1,0.0,1.0
1779977918.1334453,-1.2820223569869995,-0.46003758907318115,0.0,0.0,nan,0.0,0.0,0.0,-0.419785978386789,0.1,0.0,1.0
1779977918.143629,-1.2820223569869995,-0.46003758907318115,0.0,0.0,nan,0.0,0.0,0.0,-0.419785978386789,0.1,0.0,1.0
1779977918.15416,-1.2820223569869995,-0.46003758907318115,0.0,0.0,nan,0.0,0.0,0.0,-0.419785978386789,0.1,0.0,1.0
1779977918.1646795,-1.2820223569869995,-0.46003758907318115,0.0,0.0,nan,0.0,0.0,0.0,-0.419785978386789,0.1,0.0,1.0
1779977918.1748989,-1.2820223569869995,-0.46003758907318115,0.0,0.0,nan,0.0,0.0,0.0,-0.419785978386789,0.1,0.0,1.0
1779977918.18496,-1.2820223569869995,-0.46003758907318115,0.0,0.0,nan,0.0,0.0,0.0,-0.419785978386789,0.1,0.0,1.0
1779977918.1953437,-1.2820223569869995,-0.46003758907318115,0.0,0.0,nan,0.0,0.0,0.0,-0.419785978386789,0.1,0.0,1.0
1779977918.2055593,-1.2820223569869995,-0.46003758907318115,0.0,0.0,nan,0.0,0.0,0.0,-0.419785978386789,0.1,0.0,1.0
1779977918.215539,-1.2820223569869995,-0.46003758907318115,0.0,0.0,nan,0.0,0.0,0.0,-0.419785978386789,0.1,0.0,1.0
1779977918.2261696,-1.2820223569869995,-0.46003758907318115,0.0,0.0,nan,0.0,0.0,0.0,-0.419785978386789,0.1,0.0,1.0
1779977918.2364242,-1.2820223569869995,-0.46003758907318115,0.0,0.0,nan,0.0,0.0,0.0,-0.419785978386789,0.1,0.0,1.0
1779977918.246713,-1.2820223569869995,-0.46003758907318115,0.0,0.0,nan,0.0,0.0,0.0,-0.419785978386789,0.1,0.0,1.0
1779977918.2571073,-1.2820223569869995,-0.46003758907318115,0.0,0.0,nan,0.0,0.0,0.0,-0.419785978386789,0.1,0.0,1.0
1779977918.2674196,-1.2820223569869995,-0.46003758907318115,0.0,0.0,nan,0.0,0.0,0.0,-0.419785978386789,0.1,0.0,1.0
1779977918.2780077,-1.2820223569869995,-0.46003758907318115,0.0,0.0,nan,0.0,0.0,0.0,-0.419785978386789,0.1,0.0,1.0
1779977918.2886064,-1.2820223569869995,-0.46003758907318115,0.0,0.0,nan,0.0,0.0,0.0,-0.419785978386789,0.1,0.0,1.0
1779977918.2986968,-1.2820223569869995,-0.46003758907318115,0.0,0.0,nan,0.0,0.0,0.0,-0.419785978386789,0.1,0.0,1.0
1779977918.309077,-1.2820223569869995,-0.46003758907318115,0.0,0.0,nan,0.0,0.0,0.0,-0.419785978386789,0.1,0.0,1.0
1779977918.3191905,-1.2820223569869995,-0.46003758907318115,0.0,0.0,nan,0.0,0.0,0.0,-0.419785978386789,0.1,0.0,1.0
1779977918.3297982,-1.2820223569869995,-0.46003758907318115,0.0,0.0,nan,0.0,0.0,0.0,-0.419785978386789,0.1,0.0,1.0
1779977918.3400848,-1.2820223569869995,-0.46003758907318115,0.0,0.0,nan,0.0,0.0,0.0,-0.419785978386789,0.1,0.0,1.0
1779977918.3501976,-1.2820223569869995,-0.46003758907318115,0.0,0.0,nan,0.0,0.0,0.0,-0.419785978386789,0.1,0.0,1.0
1779977918.3603494,-1.2820223569869995,-0.46003758907318115,0.0,0.0,nan,0.0,0.0,0.0,-0.419785978386789,0.1,0.0,1.0
1779977918.3706548,-1.2820223569869995,-0.46003758907318115,0.0,0.0,nan,0.0,0.0,0.0,-0.419785978386789,0.1,0.0,1.0
1779977918.381121,-1.2820223569869995,-0.46003758907318115,0.0,0.0,nan,0.0,0.0,0.0,-0.419785978386789,0.1,0.0,1.0
1779977918.3918984,-1.2820223569869995,-0.46003758907318115,0.0,0.0,nan,0.0,0.0,0.0,-0.419785978386789,0.1,0.0,1.0
1779977918.4017036,-1.2820223569869995,-0.46003758907318115,0.0,0.0,nan,0.0,0.0,0.0,-0.419785978386789,0.1,0.0,1.0
1779977918.4123094,-1.2820223569869995,-0.46003758907318115,0.0,0.0,nan,0.0,0.0,0.0,-0.419785978386789,0.1,0.0,1.0
1779977918.4225101,-1.2820223569869995,-0.46003758907318115,0.0,0.0,nan,0.0,0.0,0.0,-0.419785978386789,0.1,0.0,1.0
1779977918.432961,-1.2820223569869995,-0.46003758907318115,0.0,0.0,nan,0.0,0.0,0.0,-0.419785978386789,0.1,0.0,1.0
1779977918.4430068,-1.2820223569869995,-0.46003758907318115,0.0,0.0,nan,0.0,0.0,0.0,-0.419785978386789,0.1,0.0,1.0
1779977918.4536452,-1.2820223569869995,-0.46003758907318115,0.0,0.0,nan,0.0,0.0,0.0,-0.419785978386789,0.1,0.0,1.0
1779977918.4639478,-1.2820223569869995,-0.46003758907318115,0.0,0.0,nan,0.0,0.0,0.0,-0.419785978386789,0.1,0.0,1.0
1779977918.4743493,-1.2820223569869995,-0.46003758907318115,0.0,0.0,nan,0.0,0.0,0.0,-0.419785978386789,0.1,0.0,1.0
1779977918.484571,-1.2820223569869995,-0.46003758907318115,0.0,0.0,nan,0.0,0.0,0.0,-0.419785978386789,0.1,0.0,1.0
1779977918.4950368,-1.2820223569869995,-0.46003758907318115,0.0,0.0,nan,0.0,0.0,0.0,-0.419785978386789,0.1,0.0,1.0
1779977918.5055385,-1.2820223569869995,-0.46003758907318115,0.0,0.0,nan,0.0,0.0,0.0,-0.419785978386789,0.1,0.0,1.0
1779977918.5161572,-1.2820223569869995,-0.46003758907318115,0.0,0.0,nan,0.0,0.0,0.0,-0.419785978386789,0.1,0.0,1.0
1779977918.5263946,-1.2820223569869995,-0.46003758907318115,0.0,0.0,nan,0.0,0.0,0.0,-0.419785978386789,0.1,0.0,1.0
1779977918.536683,-1.2820223569869995,-0.46003758907318115,0.0,0.0,nan,0.0,0.0,0.0,-0.419785978386789,0.1,0.0,1.0
1779977918.5467894,-1.2820223569869995,-0.46003758907318115,0.0,0.0,nan,0.0,0.0,0.0,-0.419785978386789,0.1,0.0,1.0
1779977918.5574565,-1.2820223569869995,-0.46003758907318115,0.0,0.0,nan,0.0,0.0,0.0,-0.419785978386789,0.1,0.0,1.0
1779977918.5679884,-1.2820223569869995,-0.46003758907318115,0.0,0.0,nan,0.0,0.0,0.0,-0.419785978386789,0.1,0.0,1.0
1779977918.5782368,-1.2820223569869995,-0.46003758907318115,0.0,0.0,nan,0.0,0.0,0.0,-0.419785978386789,0.1,0.0,1.0
1779977918.5884316,-1.2820223569869995,-0.46003758907318115,0.0,0.0,nan,0.0,0.0,0.0,-0.419785978386789,0.1,0.0,1.0
1779977918.598468,-1.2820223569869995,-0.46003758907318115,0.0,0.0,nan,0.0,0.0,0.0,-0.419785978386789,0.1,0.0,1.0
1779977918.609163,-1.2820223569869995,-0.46003758907318115,0.0,0.0,nan,0.0,0.0,0.0,-0.419785978386789,0.1,0.0,1.0
1779977918.6193106,-1.2820223569869995,-0.46003758907318115,0.0,0.0,nan,0.0,0.0,0.0,-0.419785978386789,0.1,0.0,1.0
1779977918.6300843,-1.2820223569869995,-0.46003758907318115,0.0,0.0,nan,0.0,0.0,0.0,-0.419785978386789,0.1,0.0,1.0
1779977918.6402507,-1.2820223569869995,-0.46003758907318115,0.0,0.0,nan,0.0,0.0,0.0,-0.419785978386789,0.1,0.0,1.0
1779977918.6505947,-1.2820223569869995,-0.46003758907318115,0.0,0.0,nan,0.0,0.0,0.0,-0.419785978386789,0.1,0.0,1.0
1779977918.6611316,-1.2820223569869995,-0.46003758907318115,0.0,0.0,nan,0.0,0.0,0.0,-0.419785978386789,0.1,0.0,1.0
1779977918.6717625,-1.2820223569869995,-0.46003758907318115,0.0,0.0,nan,0.0,0.0,0.0,-0.419785978386789,0.1,0.0,1.0
1779977918.6818416,-1.2820223569869995,-0.46003758907318115,0.0,0.0,nan,0.0,0.0,0.0,-0.419785978386789,0.1,0.0,1.0
1779977918.69246,-1.2820223569869995,-0.46003758907318115,0.0,0.0,nan,0.0,0.0,0.0,-0.419785978386789,0.1,0.0,1.0
1779977918.7027748,-1.2820223569869995,-0.46003758907318115,0.0,0.0,nan,0.0,0.0,0.0,-0.419785978386789,0.1,0.0,1.0
1779977918.7132905,-1.2820223569869995,-0.46003758907318115,0.0,0.0,nan,0.0,0.0,0.0,-0.419785978386789,0.1,0.0,1.0
1779977918.7235699,-1.2820223569869995,-0.46003758907318115,0.0,0.0,nan,0.0,0.0,0.0,-0.419785978386789,0.1,0.0,1.0
1779977918.7340574,-1.2820223569869995,-0.46003758907318115,0.0,0.0,nan,0.0,0.0,0.0,-0.419785978386789,0.1,0.0,1.0
1779977918.7442203,-1.2820223569869995,-0.46003758907318115,0.0,0.0,nan,0.0,0.0,0.0,-0.419785978386789,0.1,0.0,1.0
1779977918.754505,-1.2820223569869995,-0.46003758907318115,0.0,0.0,nan,0.0,0.0,0.0,-0.419785978386789,0.1,0.0,1.0
1779977918.7646375,-1.2820223569869995,-0.46003758907318115,0.0,0.0,nan,0.0,0.0,0.0,-0.419785978386789,0.1,0.0,1.0
1779977918.7746422,-1.2820223569869995,-0.46003758907318115,0.0,0.0,nan,0.0,0.0,0.0,-0.419785978386789,0.1,0.0,1.0
1779977918.785146,-1.2820223569869995,-0.46003758907318115,0.0,0.0,nan,0.0,0.0,0.0,-0.419785978386789,0.1,0.0,1.0
1779977918.7949553,-1.2820223569869995,-0.46003758907318115,0.0,0.0,nan,0.0,0.0,0.0,-0.419785978386789,0.1,0.0,1.0
1779977918.8052504,-1.2820223569869995,-0.46003758907318115,0.0,0.0,nan,0.0,0.0,0.0,-0.419785978386789,0.1,0.0,1.0
1779977918.8156524,-1.2820223569869995,-0.46003758907318115,0.0,0.0,nan,0.0,0.0,0.0,-0.419785978386789,0.1,0.0,1.0
1779977918.8263,-1.2820223569869995,-0.46003758907318115,0.0,0.0,nan,0.0,0.0,0.0,-0.419785978386789,0.1,0.0,1.0
1779977918.836277,-1.2820223569869995,-0.46003758907318115,0.0,0.0,nan,0.0,0.0,0.0,-0.419785978386789,0.1,0.0,1.0
1779977918.846497,-1.2820223569869995,-0.46003758907318115,0.0,0.0,nan,0.0,0.0,0.0,-0.419785978386789,0.1,0.0,1.0
1779977918.857199,-1.2820223569869995,-0.46003758907318115,0.0,0.0,nan,0.0,0.0,0.0,-0.419785978386789,0.1,0.0,1.0
1779977918.8675733,-1.2820223569869995,-0.46003758907318115,0.0,0.0,nan,0.0,0.0,0.0,-0.419785978386789,0.1,0.0,1.0
1779977918.87817,-1.2820223569869995,-0.46003758907318115,0.0,0.0,nan,0.0,0.0,0.0,-0.419785978386789,0.1,0.0,1.0
1779977918.8883758,-1.2820223569869995,-0.46003758907318115,0.0,0.0,nan,0.0,0.0,0.0,-0.419785978386789,0.1,0.0,1.0
1779977918.8984675,-1.2820223569869995,-0.46003758907318115,0.0,0.0,nan,0.0,0.0,0.0,-0.419785978386789,0.1,0.0,1.0
1779977918.9085453,-1.2820223569869995,-0.46003758907318115,0.0,0.0,nan,0.0,0.0,0.0,-0.419785978386789,0.1,0.0,1.0
1779977918.9198446,-1.2820223569869995,-0.46003758907318115,0.0,0.0,nan,0.0,0.0,0.0,-0.419785978386789,0.1,0.0,1.0
1779977918.930204,-1.2820223569869995,-0.46003758907318115,0.0,0.0,nan,0.0,0.0,0.0,-0.419785978386789,0.1,0.0,1.0
1779977918.940186,-1.2820223569869995,-0.46003758907318115,0.0,0.0,nan,0.0,0.0,0.0,-0.419785978386789,0.1,0.0,1.0
1779977918.9505374,-1.2820223569869995,-0.46003758907318115,0.0,0.0,nan,0.0,0.0,0.0,-0.419785978386789,0.1,0.0,1.0
1779977918.9607825,-1.2820223569869995,-0.46003758907318115,0.0,0.0,nan,0.0,0.0,0.0,-0.419785978386789,0.1,0.0,1.0
1779977918.9713576,-1.2820223569869995,-0.46003758907318115,0.0,0.0,nan,0.0,0.0,0.0,-0.419785978386789,0.1,0.0,1.0
1779977918.9818034,-1.2820223569869995,-0.46003758907318115,0.0,0.0,nan,0.0,0.0,0.0,-0.419785978386789,0.1,0.0,1.0
1779977918.9923627,-1.2820223569869995,-0.46003758907318115,0.0,0.0,nan,0.0,0.0,0.0,-0.419785978386789,0.1,0.0,1.0
1779977919.002783,-1.2820223569869995,-0.46003758907318115,0.0,0.0,nan,0.0,0.0,0.0,-0.419785978386789,0.1,0.0,1.0
1779977919.0133457,-1.2820223569869995,-0.46003758907318115,0.0,0.0,nan,0.0,0.0,0.0,-0.419785978386789,0.1,0.0,1.0
1779977919.0235913,-1.2820223569869995,-0.46003758907318115,0.0,0.0,nan,0.0,0.0,0.0,-0.419785978386789,0.1,0.0,1.0
1779977919.0338082,-1.2820223569869995,-0.46003758907318115,0.0,0.0,nan,0.0,0.0,0.0,-0.419785978386789,0.1,0.0,1.0
1779977919.044024,-1.2820223569869995,-0.46003758907318115,0.0,0.0,nan,0.0,0.0,0.0,-0.419785978386789,0.1,0.0,1.0
1779977919.0541437,-1.2820223569869995,-0.46003758907318115,0.0,0.0,nan,0.0,0.0,0.0,-0.419785978386789,0.1,0.0,1.0
1779977919.064357,-1.2820223569869995,-0.46003758907318115,0.0,0.0,nan,0.0,0.0,0.0,-0.419785978386789,0.1,0.0,1.0
1779977919.074954,-1.2820223569869995,-0.46003758907318115,0.0,0.0,nan,0.0,0.0,0.0,-0.419785978386789,0.1,0.0,1.0
1779977919.085373,-1.2820223569869995,-0.46003758907318115,0.0,0.0,nan,0.0,0.0,0.0,-0.419785978386789,0.1,0.0,1.0
1779977919.0957732,-1.2820223569869995,-0.46003758907318115,0.0,0.0,nan,0.0,0.0,0.0,-0.419785978386789,0.1,0.0,1.0
1779977919.1064155,-1.2820223569869995,-0.46003758907318115,0.0,0.0,nan,0.0,0.0,0.0,-0.419785978386789,0.1,0.0,1.0
1779977919.1168203,-1.2820223569869995,-0.46003758907318115,0.0,0.0,nan,0.0,0.0,0.0,-0.419785978386789,0.1,0.0,1.0
1779977919.1273227,-1.2820223569869995,-0.46003758907318115,0.0,0.0,nan,0.0,0.0,0.0,-0.419785978386789,0.1,0.0,1.0
1779977919.1380813,-1.2820223569869995,-0.46003758907318115,0.0,0.0,nan,0.0,0.0,0.0,-0.419785978386789,0.1,0.0,1.0
1779977919.1485777,-1.2820223569869995,-0.46003758907318115,0.0,0.0,nan,0.0,0.0,0.0,-0.419785978386789,0.1,0.0,1.0
1779977919.1590183,-1.2820223569869995,-0.46003758907318115,0.0,0.0,nan,0.0,0.0,0.0,-0.419785978386789,0.1,0.0,1.0
1779977919.1694503,-1.2820223569869995,-0.46003758907318115,0.0,0.0,nan,0.0,0.0,0.0,-0.419785978386789,0.1,0.0,1.0
1779977919.1795797,-1.2820223569869995,-0.46003758907318115,0.0,0.0,nan,0.0,0.0,0.0,-0.419785978386789,0.1,0.0,1.0
1779977919.1900847,-1.2820223569869995,-0.46003758907318115,0.0,0.0,nan,0.0,0.0,0.0,-0.419785978386789,0.1,0.0,1.0
1779977919.200079,-1.2820223569869995,-0.46003758907318115,0.0,0.0,nan,0.0,0.0,0.0,-0.419785978386789,0.1,0.0,1.0
1779977919.210158,-1.2820223569869995,-0.46003758907318115,0.0,0.0,nan,0.0,0.0,0.0,-0.419785978386789,0.1,0.0,1.0
1779977919.220387,-1.2820223569869995,-0.46003758907318115,0.0,0.0,nan,0.0,0.0,0.0,-0.419785978386789,0.1,0.0,1.0
1779977919.230654,-1.2820223569869995,-0.46003758907318115,0.0,0.0,nan,0.0,0.0,0.0,-0.419785978386789,0.1,0.0,1.0
1779977919.2411387,-1.2820223569869995,-0.46003758907318115,0.0,0.0,nan,0.0,0.0,0.0,-0.419785978386789,0.1,0.0,1.0
1779977919.2512004,-1.2820223569869995,-0.46003758907318115,0.0,0.0,nan,0.0,0.0,0.0,-0.419785978386789,0.1,0.0,1.0
1779977919.2615535,-1.2820223569869995,-0.46003758907318115,0.0,0.0,nan,0.0,0.0,0.0,-0.419785978386789,0.1,0.0,1.0
1779977919.2721572,-1.2820223569869995,-0.46003758907318115,0.0,0.0,nan,0.0,0.0,0.0,-0.419785978386789,0.1,0.0,1.0
1779977919.2825,-1.2820223569869995,-0.46003758907318115,0.0,0.0,nan,0.0,0.0,0.0,-0.419785978386789,0.1,0.0,1.0
1779977919.2931285,-1.2820223569869995,-0.46003758907318115,0.0,0.0,nan,0.0,0.0,0.0,-0.419785978386789,0.1,0.0,1.0
1779977919.3031166,-1.2820223569869995,-0.46003758907318115,0.0,0.0,nan,0.0,0.0,0.0,-0.419785978386789,0.1,0.0,1.0
1779977919.3137193,-1.2820223569869995,-0.46003758907318115,0.0,0.0,nan,0.0,0.0,0.0,-0.419785978386789,0.1,0.0,1.0
1779977919.324251,-1.2820223569869995,-0.46003758907318115,0.0,0.0,nan,0.0,0.0,0.0,-0.419785978386789,0.1,0.0,1.0
1779977919.3345,-1.2820223569869995,-0.46003758907318115,0.0,0.0,nan,0.0,0.0,0.0,-0.419785978386789,0.1,0.0,1.0
1779977919.3448997,-1.2820223569869995,-0.46003758907318115,0.0,0.0,nan,0.0,0.0,0.0,-0.419785978386789,0.1,0.0,1.0
1779977919.355726,-1.2820223569869995,-0.46003758907318115,0.0,0.0,nan,0.0,0.0,0.0,-0.419785978386789,0.1,0.0,1.0
1779977919.3660853,-1.2820223569869995,-0.46003758907318115,0.0,0.0,nan,0.0,0.0,0.0,-0.419785978386789,0.1,0.0,1.0
1779977919.3767753,-1.2820223569869995,-0.46003758907318115,0.0,0.0,nan,0.0,0.0,0.0,-0.419785978386789,0.1,0.0,1.0
1779977919.38715,-1.2820223569869995,-0.46003758907318115,0.0,0.0,nan,0.0,0.0,0.0,-0.419785978386789,0.1,0.0,1.0
1779977919.3975918,-1.2820223569869995,-0.46003758907318115,0.0,0.0,nan,0.0,0.0,0.0,-0.419785978386789,0.1,0.0,1.0
1779977919.4076622,-1.2820223569869995,-0.46003758907318115,0.0,0.0,nan,0.0,0.0,0.0,-0.419785978386789,0.1,0.0,1.0
1779977919.4181657,-1.2820223569869995,-0.46003758907318115,0.0,0.0,nan,0.0,0.0,0.0,-0.419785978386789,0.1,0.0,1.0
1779977919.4284878,-1.2820223569869995,-0.46003758907318115,0.0,0.0,nan,0.0,0.0,0.0,-0.419785978386789,0.1,0.0,1.0
1779977919.439109,-1.2820223569869995,-0.46003758907318115,0.0,0.0,nan,0.0,0.0,0.0,-0.419785978386789,0.1,0.0,1.0
1779977919.4495978,-1.2820223569869995,-0.46003758907318115,0.0,0.0,nan,0.0,0.0,0.0,-0.419785978386789,0.1,0.0,1.0
1779977919.4599671,-1.2820223569869995,-0.46003758907318115,0.0,0.0,nan,0.0,0.0,0.0,-0.419785978386789,0.1,0.0,1.0
1779977919.4702592,-1.2820223569869995,-0.46003758907318115,0.0,0.0,nan,0.0,0.0,0.0,-0.419785978386789,0.1,0.0,1.0
1779977919.4805884,-1.2820223569869995,-0.46003758907318115,0.0,0.0,nan,0.0,0.0,0.0,-0.419785978386789,0.1,0.0,1.0
1779977919.4907572,-1.2820223569869995,-0.46003758907318115,0.0,0.0,nan,0.0,0.0,0.0,-0.419785978386789,0.1,0.0,1.0
1779977919.5008297,-1.2820223569869995,-0.46003758907318115,0.0,0.0,nan,0.0,0.0,0.0,-0.419785978386789,0.1,0.0,1.0
1779977919.5109527,-1.2820223569869995,-0.46003758907318115,0.0,0.0,nan,0.0,0.0,0.0,-0.419785978386789,0.1,0.0,1.0
1779977919.521169,-1.2820223569869995,-0.46003758907318115,0.0,0.0,nan,0.0,0.0,0.0,-0.419785978386789,0.1,0.0,1.0
1779977919.5323658,-1.2820223569869995,-0.46003758907318115,0.0,0.0,nan,0.0,0.0,0.0,-0.419785978386789,0.1,0.0,1.0
1779977919.542693,-1.2820223569869995,-0.46003758907318115,0.0,0.0,nan,0.0,0.0,0.0,-0.419785978386789,0.1,0.0,1.0
1779977919.5528865,-1.2820223569869995,-0.46003758907318115,0.0,0.0,nan,0.0,0.0,0.0,-0.419785978386789,0.1,0.0,1.0
1779977919.5630674,-1.2820223569869995,-0.46003758907318115,0.0,0.0,nan,0.0,0.0,0.0,-0.419785978386789,0.1,0.0,1.0
1779977919.573162,-1.2820223569869995,-0.46003758907318115,0.0,0.0,nan,0.0,0.0,0.0,-0.419785978386789,0.1,0.0,1.0
1779977919.5834496,-1.2820223569869995,-0.46003758907318115,0.0,0.0,nan,0.0,0.0,0.0,-0.419785978386789,0.1,0.0,1.0
1779977919.593418,-1.2820223569869995,-0.46003758907318115,0.0,0.0,nan,0.0,0.0,0.0,-0.419785978386789,0.1,0.0,1.0
1779977919.6043336,-1.2820223569869995,-0.46003758907318115,0.0,0.0,nan,0.0,0.0,0.0,-0.419785978386789,0.1,0.0,1.0
1779977919.6142168,-1.2820223569869995,-0.46003758907318115,0.0,0.0,nan,0.0,0.0,0.0,-0.419785978386789,0.1,0.0,1.0
1779977919.6249177,-1.2820223569869995,-0.46003758907318115,0.0,0.0,nan,0.0,0.0,0.0,-0.419785978386789,0.1,0.0,1.0
1779977919.6353493,-1.2820223569869995,-0.46003758907318115,0.0,0.0,nan,0.0,0.0,0.0,-0.419785978386789,0.1,0.0,1.0
1779977919.6459684,-1.2820223569869995,-0.46003758907318115,0.0,0.0,nan,0.0,0.0,0.0,-0.419785978386789,0.1,0.0,1.0
1779977919.6564686,-1.2820223569869995,-0.46003758907318115,0.0,0.0,nan,0.0,0.0,0.0,-0.419785978386789,0.1,0.0,1.0
1779977919.6670148,-1.2820223569869995,-0.46003758907318115,0.0,0.0,nan,0.0,0.0,0.0,-0.419785978386789,0.1,0.0,1.0
1779977919.6772068,-1.2820223569869995,-0.46003758907318115,0.0,0.0,nan,0.0,0.0,0.0,-0.419785978386789,0.1,0.0,1.0
1779977919.6879606,-1.2820223569869995,-0.46003758907318115,0.0,0.0,nan,0.0,0.0,0.0,-0.419785978386789,0.1,0.0,1.0
1779977919.6983318,-1.2820223569869995,-0.46003758907318115,0.0,0.0,nan,0.0,0.0,0.0,-0.419785978386789,0.1,0.0,1.0
1779977919.7084548,-1.2820223569869995,-0.46003758907318115,0.0,0.0,nan,0.0,0.0,0.0,-0.419785978386789,0.1,0.0,1.0
1779977919.7191384,-1.2820223569869995,-0.46003758907318115,0.0,0.0,nan,0.0,0.0,0.0,-0.419785978386789,0.1,0.0,1.0
1779977919.7296078,-1.2820223569869995,-0.46003758907318115,0.0,0.0,nan,0.0,0.0,0.0,-0.419785978386789,0.1,0.0,1.0
1779977919.739754,-1.2820223569869995,-0.46003758907318115,0.0,0.0,nan,0.0,0.0,0.0,-0.419785978386789,0.1,0.0,1.0
1779977919.750653,-1.2820223569869995,-0.46003758907318115,0.0,0.0,nan,0.0,0.0,0.0,-0.419785978386789,0.1,0.0,1.0
1779977919.7609344,-1.2820223569869995,-0.46003758907318115,0.0,0.0,nan,0.0,0.0,0.0,-0.419785978386789,0.1,0.0,1.0
1779977919.7712388,-1.2820223569869995,-0.46003758907318115,0.0,0.0,nan,0.0,0.0,0.0,-0.419785978386789,0.1,0.0,1.0
1779977919.781252,-1.2820223569869995,-0.46003758907318115,0.0,0.0,nan,0.0,0.0,0.0,-0.419785978386789,0.1,0.0,1.0
1779977919.7913396,-1.2820223569869995,-0.46003758907318115,0.0,0.0,nan,0.0,0.0,0.0,-0.419785978386789,0.1,0.0,1.0
1779977919.8014734,-1.2820223569869995,-0.46003758907318115,0.0,0.0,nan,0.0,0.0,0.0,-0.419785978386789,0.1,0.0,1.0
1779977919.8118505,-1.2820223569869995,-0.46003758907318115,0.0,0.0,nan,0.0,0.0,0.0,-0.419785978386789,0.1,0.0,1.0
1779977919.8220065,-1.2820223569869995,-0.46003758907318115,0.0,0.0,nan,0.0,0.0,0.0,-0.419785978386789,0.1,0.0,1.0
1779977919.832401,-1.2820223569869995,-0.46003758907318115,0.0,0.0,nan,0.0,0.0,0.0,-0.419785978386789,0.1,0.0,1.0
1779977919.8426797,-1.2820223569869995,-0.46003758907318115,0.0,0.0,nan,0.0,0.0,0.0,-0.419785978386789,0.1,0.0,1.0
1779977919.853142,-1.2820223569869995,-0.46003758907318115,0.0,0.0,nan,0.0,0.0,0.0,-0.419785978386789,0.1,0.0,1.0
1779977919.8634434,-1.2820223569869995,-0.46003758907318115,0.0,0.0,nan,0.0,0.0,0.0,-0.419785978386789,0.1,0.0,1.0
1779977919.8739107,-1.2820223569869995,-0.46003758907318115,0.0,0.0,nan,0.0,0.0,0.0,-0.419785978386789,0.1,0.0,1.0
1779977919.8841572,-1.2820223569869995,-0.46003758907318115,0.0,0.0,nan,0.0,0.0,0.0,-0.419785978386789,0.1,0.0,1.0
1779977919.8941913,-1.2820223569869995,-0.46003758907318115,0.0,0.0,nan,0.0,0.0,0.0,-0.419785978386789,0.1,0.0,1.0
1779977919.9042616,-1.2820223569869995,-0.46003758907318115,0.0,0.0,nan,0.0,0.0,0.0,-0.419785978386789,0.1,0.0,1.0
1779977919.9147005,-1.2820223569869995,-0.46003758907318115,0.0,0.0,nan,0.0,0.0,0.0,-0.419785978386789,0.1,0.0,1.0
1779977919.9250815,-1.2820223569869995,-0.46003758907318115,0.0,0.0,nan,0.0,0.0,0.0,-0.419785978386789,0.1,0.0,1.0
1779977919.935202,-1.2820223569869995,-0.46003758907318115,0.0,0.0,nan,0.0,0.0,0.0,-0.419785978386789,0.1,0.0,1.0
1779977919.9462519,-1.2820223569869995,-0.46003758907318115,0.0,0.0,nan,0.0,0.0,0.0,-0.419785978386789,0.1,0.0,1.0
1779977919.9563692,-1.2820223569869995,-0.46003758907318115,0.0,0.0,nan,0.0,0.0,0.0,-0.419785978386789,0.1,0.0,1.0
1779977919.966362,-1.2820223569869995,-0.46003758907318115,0.0,0.0,nan,0.0,0.0,0.0,-0.419785978386789,0.1,0.0,1.0
1779977919.9768176,-1.2820223569869995,-0.46003758907318115,0.0,0.0,nan,0.0,0.0,0.0,-0.419785978386789,0.1,0.0,1.0
1779977919.9871757,-1.2820223569869995,-0.46003758907318115,0.0,0.0,nan,0.0,0.0,0.0,-0.419785978386789,0.1,0.0,1.0
1779977919.9973829,-1.2820223569869995,-0.46003758907318115,0.0,0.0,nan,0.0,0.0,0.0,-0.419785978386789,0.1,0.0,1.0
1779977920.0077314,-1.2820223569869995,-0.46003758907318115,0.0,0.0,nan,0.0,0.0,0.0,-0.419785978386789,0.1,0.0,1.0
1779977920.0178611,-1.2820223569869995,-0.46003758907318115,0.0,0.0,nan,0.0,0.0,0.0,-0.419785978386789,0.1,0.0,1.0
1779977920.0282886,-1.2820223569869995,-0.46003758907318115,0.0,0.0,nan,0.0,0.0,0.0,-0.419785978386789,0.1,0.0,1.0
1779977920.0385752,-1.2820223569869995,-0.46003758907318115,0.0,0.0,nan,0.0,0.0,0.0,-0.419785978386789,0.1,0.0,1.0
1779977920.048758,-1.2820223569869995,-0.46003758907318115,0.0,0.0,nan,0.0,0.0,0.0,-0.419785978386789,0.1,0.0,1.0
1779977920.0592344,-1.2820223569869995,-0.46003758907318115,0.0,0.0,nan,0.0,0.0,0.0,-0.419785978386789,0.1,0.0,1.0
1779977920.0694628,-1.2820223569869995,-0.46003758907318115,0.0,0.0,nan,0.0,0.0,0.0,-0.419785978386789,0.1,0.0,1.0
1779977920.0795698,-1.2820223569869995,-0.46003758907318115,0.0,0.0,nan,0.0,0.0,0.0,-0.419785978386789,0.1,0.0,1.0
1779977920.0902061,-1.2820223569869995,-0.46003758907318115,0.0,0.0,nan,0.0,0.0,0.0,-0.419785978386789,0.1,0.0,1.0
1779977920.1005285,-1.2820223569869995,-0.46003758907318115,0.0,0.0,nan,0.0,0.0,0.0,-0.419785978386789,0.1,0.0,1.0
1779977920.1107697,-1.2820223569869995,-0.46003758907318115,0.0,0.0,nan,0.0,0.0,0.0,-0.419785978386789,0.1,0.0,1.0
1779977920.1211002,-1.2820223569869995,-0.46003758907318115,0.0,0.0,nan,0.0,0.0,0.0,-0.419785978386789,0.1,0.0,1.0
1779977920.1314833,-1.2820223569869995,-0.46003758907318115,0.0,0.0,nan,0.0,0.0,0.0,-0.419785978386789,0.1,0.0,1.0
1779977920.1420357,-1.2820223569869995,-0.46003758907318115,0.0,0.0,nan,0.0,0.0,0.0,-0.419785978386789,0.1,0.0,1.0
1779977920.1525037,-1.2820223569869995,-0.46003758907318115,0.0,0.0,nan,0.0,0.0,0.0,-0.419785978386789,0.1,0.0,1.0
1779977920.1630096,-1.2820223569869995,-0.46003758907318115,0.0,0.0,nan,0.0,0.0,0.0,-0.419785978386789,0.1,0.0,1.0
1779977920.173189,-1.2820223569869995,-0.46003758907318115,0.0,0.0,nan,0.0,0.0,0.0,-0.419785978386789,0.1,0.0,1.0
1779977920.183447,-1.2820223569869995,-0.46003758907318115,0.0,0.0,nan,0.0,0.0,0.0,-0.419785978386789,0.1,0.0,1.0
1779977920.1936967,-1.2820223569869995,-0.46003758907318115,0.0,0.0,nan,0.0,0.0,0.0,-0.419785978386789,0.1,0.0,1.0
1779977920.2040493,-1.2820223569869995,-0.46003758907318115,0.0,0.0,nan,0.0,0.0,0.0,-0.419785978386789,0.1,0.0,1.0
1779977920.2143466,-1.2820223569869995,-0.46003758907318115,0.0,0.0,nan,0.0,0.0,0.0,-0.419785978386789,0.1,0.0,1.0
1779977920.224903,-1.2820223569869995,-0.46003758907318115,0.0,0.0,nan,0.0,0.0,0.0,-0.419785978386789,0.1,0.0,1.0
1779977920.2350955,-1.2820223569869995,-0.46003758907318115,0.0,0.0,nan,0.0,0.0,0.0,-0.419785978386789,0.1,0.0,1.0
1779977920.2454615,-1.2820223569869995,-0.46003758907318115,0.0,0.0,nan,0.0,0.0,0.0,-0.419785978386789,0.1,0.0,1.0
1779977920.2557824,-1.2820223569869995,-0.46003758907318115,0.0,0.0,nan,0.0,0.0,0.0,-0.419785978386789,0.1,0.0,1.0
1779977920.2661927,-1.2820223569869995,-0.46003758907318115,0.0,0.0,nan,0.0,0.0,0.0,-0.419785978386789,0.1,0.0,1.0
1779977920.2763724,-1.2820223569869995,-0.46003758907318115,0.0,0.0,nan,0.0,0.0,0.0,-0.419785978386789,0.1,0.0,1.0
1779977920.287198,-1.2820223569869995,-0.46003758907318115,0.0,0.0,nan,0.0,0.0,0.0,-0.419785978386789,0.1,0.0,1.0
1779977920.297714,-1.2820223569869995,-0.46003758907318115,0.0,0.0,nan,0.0,0.0,0.0,-0.419785978386789,0.1,0.0,1.0
1779977920.30812,-1.2820223569869995,-0.46003758907318115,0.0,0.0,nan,0.0,0.0,0.0,-0.419785978386789,0.1,0.0,1.0
1779977920.3184745,-1.2820223569869995,-0.46003758907318115,0.0,0.0,nan,0.0,0.0,0.0,-0.419785978386789,0.1,0.0,1.0
1779977920.328987,-1.2820223569869995,-0.46003758907318115,0.0,0.0,nan,0.0,0.0,0.0,-0.419785978386789,0.1,0.0,1.0
1779977920.3394876,-1.2820223569869995,-0.46003758907318115,0.0,0.0,nan,0.0,0.0,0.0,-0.419785978386789,0.1,0.0,1.0
1779977920.3501625,-1.2820223569869995,-0.46003758907318115,0.0,0.0,nan,0.0,0.0,0.0,-0.419785978386789,0.1,0.0,1.0
1779977920.3602927,-1.2820223569869995,-0.46003758907318115,0.0,0.0,nan,0.0,0.0,0.0,-0.419785978386789,0.1,0.0,1.0
1779977920.370726,-1.2820223569869995,-0.46003758907318115,0.0,0.0,nan,0.0,0.0,0.0,-0.419785978386789,0.1,0.0,1.0
1779977920.3808029,-1.2820223569869995,-0.46003758907318115,0.0,0.0,nan,0.0,0.0,0.0,-0.419785978386789,0.1,0.0,1.0
1779977920.3910286,-1.2820223569869995,-0.46003758907318115,0.0,0.0,nan,0.0,0.0,0.0,-0.419785978386789,0.1,0.0,1.0
1779977920.4012976,-1.2820223569869995,-0.46003758907318115,0.0,0.0,nan,0.0,0.0,0.0,-0.419785978386789,0.1,0.0,1.0
1779977920.4117825,-1.2820223569869995,-0.46003758907318115,0.0,0.0,nan,0.0,0.0,0.0,-0.419785978386789,0.1,0.0,1.0
1779977920.4222353,-1.2820223569869995,-0.46003758907318115,0.0,0.0,nan,0.0,0.0,0.0,-0.419785978386789,0.1,0.0,1.0
1779977920.4325488,-1.2820223569869995,-0.46003758907318115,0.0,0.0,nan,0.0,0.0,0.0,-0.419785978386789,0.1,0.0,1.0
1779977920.442915,-1.2820223569869995,-0.46003758907318115,0.0,0.0,nan,0.0,0.0,0.0,-0.419785978386789,0.1,0.0,1.0
1779977920.4535131,-1.2820223569869995,-0.46003758907318115,0.0,0.0,nan,0.0,0.0,0.0,-0.419785978386789,0.1,0.0,1.0
1779977920.4639833,-1.2820223569869995,-0.46003758907318115,0.0,0.0,nan,0.0,0.0,0.0,-0.419785978386789,0.1,0.0,1.0
1779977920.4745882,-1.2820223569869995,-0.46003758907318115,0.0,0.0,nan,0.0,0.0,0.0,-0.419785978386789,0.1,0.0,1.0
1779977920.4847634,-1.2820223569869995,-0.46003758907318115,0.0,0.0,nan,0.0,0.0,0.0,-0.419785978386789,0.1,0.0,1.0
1779977920.495136,-1.2820223569869995,-0.46003758907318115,0.0,0.0,nan,0.0,0.0,0.0,-0.419785978386789,0.1,0.0,1.0
1779977920.5055785,-1.2820223569869995,-0.46003758907318115,0.0,0.0,nan,0.0,0.0,0.0,-0.419785978386789,0.1,0.0,1.0
1779977920.5160475,-1.2820223569869995,-0.46003758907318115,0.0,0.0,nan,0.0,0.0,0.0,-0.419785978386789,0.1,0.0,1.0
1779977920.5264475,-1.2820223569869995,-0.46003758907318115,0.0,0.0,nan,0.0,0.0,0.0,-0.419785978386789,0.1,0.0,1.0
1779977920.5367987,-1.2820223569869995,-0.46003758907318115,0.0,0.0,nan,0.0,0.0,0.0,-0.419785978386789,0.1,0.0,1.0
1779977920.54733,-1.2820223569869995,-0.46003758907318115,0.0,0.0,nan,0.0,0.0,0.0,-0.419785978386789,0.1,0.0,1.0
1779977920.5575457,-1.2820223569869995,-0.46003758907318115,0.0,0.0,nan,0.0,0.0,0.0,-0.419785978386789,0.1,0.0,1.0
1779977920.5677326,-1.2820223569869995,-0.46003758907318115,0.0,0.0,nan,0.0,0.0,0.0,-0.419785978386789,0.1,0.0,1.0
1779977920.578329,-1.2820223569869995,-0.46003758907318115,0.0,0.0,nan,0.0,0.0,0.0,-0.419785978386789,0.1,0.0,1.0
1779977920.5889163,-1.2820223569869995,-0.46003758907318115,0.0,0.0,nan,0.0,0.0,0.0,-0.419785978386789,0.1,0.0,1.0
1779977920.599543,-1.2820223569869995,-0.46003758907318115,0.0,0.0,nan,0.0,0.0,0.0,-0.419785978386789,0.1,0.0,1.0
1779977920.6094756,-1.2820223569869995,-0.46003758907318115,0.0,0.0,nan,0.0,0.0,0.0,-0.419785978386789,0.1,0.0,1.0
1779977920.6201138,-1.2820223569869995,-0.46003758907318115,0.0,0.0,nan,0.0,0.0,0.0,-0.419785978386789,0.1,0.0,1.0
1779977920.6305819,-1.2820223569869995,-0.46003758907318115,0.0,0.0,nan,0.0,0.0,0.0,-0.419785978386789,0.1,0.0,1.0
1779977920.640731,-1.2820223569869995,-0.46003758907318115,0.0,0.0,nan,0.0,0.0,0.0,-0.419785978386789,0.1,0.0,1.0
1779977920.6510732,-1.2820223569869995,-0.46003758907318115,0.0,0.0,nan,0.0,0.0,0.0,-0.419785978386789,0.1,0.0,1.0
1779977920.6613247,-1.2820223569869995,-0.46003758907318115,0.0,0.0,nan,0.0,0.0,0.0,-0.419785978386789,0.1,0.0,1.0
1779977920.6720679,-1.2820223569869995,-0.46003758907318115,0.0,0.0,nan,0.0,0.0,0.0,-0.419785978386789,0.1,0.0,1.0
1779977920.6824963,-1.2820223569869995,-0.46003758907318115,0.0,0.0,nan,0.0,0.0,0.0,-0.419785978386789,0.1,0.0,1.0
1779977920.692406,-1.2820223569869995,-0.46003758907318115,0.0,0.0,nan,0.0,0.0,0.0,-0.419785978386789,0.1,0.0,1.0
1779977920.7031446,-1.2820223569869995,-0.46003758907318115,0.0,0.0,nan,0.0,0.0,0.0,-0.419785978386789,0.1,0.0,1.0
1779977920.713247,-1.2820223569869995,-0.46003758907318115,0.0,0.0,nan,0.0,0.0,0.0,-0.419785978386789,0.1,0.0,1.0
1779977920.723464,-1.2820223569869995,-0.46003758907318115,0.0,0.0,nan,0.0,0.0,0.0,-0.419785978386789,0.1,0.0,1.0
1779977920.7335198,-1.2820223569869995,-0.46003758907318115,0.0,0.0,nan,0.0,0.0,0.0,-0.419785978386789,0.1,0.0,1.0
1779977920.744071,-1.2820223569869995,-0.46003758907318115,0.0,0.0,nan,0.0,0.0,0.0,-0.419785978386789,0.1,0.0,1.0
1779977920.754415,-1.2820223569869995,-0.46003758907318115,0.0,0.0,nan,0.0,0.0,0.0,-0.419785978386789,0.1,0.0,1.0
1779977920.7644978,-1.2820223569869995,-0.46003758907318115,0.0,0.0,nan,0.0,0.0,0.0,-0.419785978386789,0.1,0.0,1.0
1779977920.7747273,-1.2820223569869995,-0.46003758907318115,0.0,0.0,nan,0.0,0.0,0.0,-0.419785978386789,0.1,0.0,1.0
1779977920.7851536,-1.2820223569869995,-0.46003758907318115,0.0,0.0,nan,0.0,0.0,0.0,-0.419785978386789,0.1,0.0,1.0
1779977920.7958424,-1.2820223569869995,-0.46003758907318115,0.0,0.0,nan,0.0,0.0,0.0,-0.419785978386789,0.1,0.0,1.0
1779977920.8062022,-1.2820223569869995,-0.46003758907318115,0.0,0.0,nan,0.0,0.0,0.0,-0.419785978386789,0.1,0.0,1.0
1779977920.8163726,-1.2820223569869995,-0.46003758907318115,0.0,0.0,nan,0.0,0.0,0.0,-0.419785978386789,0.1,0.0,1.0
1779977920.8264647,-1.2820223569869995,-0.46003758907318115,0.0,0.0,nan,0.0,0.0,0.0,-0.419785978386789,0.1,0.0,1.0
1779977920.837228,-1.2820223569869995,-0.46003758907318115,0.0,0.0,nan,0.0,0.0,0.0,-0.419785978386789,0.1,0.0,1.0
1779977920.8472917,-1.2820223569869995,-0.46003758907318115,0.0,0.0,nan,0.0,0.0,0.0,-0.419785978386789,0.1,0.0,1.0
1779977920.8573818,-1.2820223569869995,-0.46003758907318115,0.0,0.0,nan,0.0,0.0,0.0,-0.419785978386789,0.1,0.0,1.0
1779977920.867468,-1.2820223569869995,-0.46003758907318115,0.0,0.0,nan,0.0,0.0,0.0,-0.419785978386789,0.1,0.0,1.0
1779977920.8779652,-1.2820223569869995,-0.46003758907318115,0.0,0.0,nan,0.0,0.0,0.0,-0.419785978386789,0.1,0.0,1.0
1779977920.8885279,-1.2820223569869995,-0.46003758907318115,0.0,0.0,nan,0.0,0.0,0.0,-0.419785978386789,0.1,0.0,1.0
1779977920.8987834,-1.2820223569869995,-0.46003758907318115,0.0,0.0,nan,0.0,0.0,0.0,-0.419785978386789,0.1,0.0,1.0
1779977920.9089918,-1.2820223569869995,-0.46003758907318115,0.0,0.0,nan,0.0,0.0,0.0,-0.419785978386789,0.1,0.0,1.0
1779977920.9195147,-1.2820223569869995,-0.46003758907318115,0.0,0.0,nan,0.0,0.0,0.0,-0.419785978386789,0.1,0.0,1.0
1779977920.9295332,-1.2820223569869995,-0.46003758907318115,0.0,0.0,nan,0.0,0.0,0.0,-0.419785978386789,0.1,0.0,1.0
1779977920.9397666,-1.2820223569869995,-0.46003758907318115,0.0,0.0,nan,0.0,0.0,0.0,-0.419785978386789,0.1,0.0,1.0
1779977920.9498365,-1.2820223569869995,-0.46003758907318115,0.0,0.0,nan,0.0,0.0,0.0,-0.419785978386789,0.1,0.0,1.0
1779977920.9604766,-1.2820223569869995,-0.46003758907318115,0.0,0.0,nan,0.0,0.0,0.0,-0.419785978386789,0.1,0.0,1.0
1779977920.9706492,-1.2820223569869995,-0.46003758907318115,0.0,0.0,nan,0.0,0.0,0.0,-0.419785978386789,0.1,0.0,1.0
1779977920.9810963,-1.2820223569869995,-0.46003758907318115,0.0,0.0,nan,0.0,0.0,0.0,-0.419785978386789,0.1,0.0,1.0
1779977920.9915078,-1.2820223569869995,-0.46003758907318115,0.0,0.0,nan,0.0,0.0,0.0,-0.419785978386789,0.1,0.0,1.0
1779977921.0016642,-1.2820223569869995,-0.46003758907318115,0.0,0.0,nan,0.0,0.0,0.0,-0.419785978386789,0.1,0.0,1.0
1779977921.0118701,-1.2820223569869995,-0.46003758907318115,0.0,0.0,nan,0.0,0.0,0.0,-0.419785978386789,0.1,0.0,1.0
1779977921.0222156,-1.2820223569869995,-0.46003758907318115,0.0,0.0,nan,0.0,0.0,0.0,-0.419785978386789,0.1,0.0,1.0
1779977921.0324154,-1.2820223569869995,-0.46003758907318115,0.0,0.0,nan,0.0,0.0,0.0,-0.419785978386789,0.1,0.0,1.0
1779977921.042988,-1.2820223569869995,-0.46003758907318115,0.0,0.0,nan,0.0,0.0,0.0,-0.419785978386789,0.1,0.0,1.0
1779977921.0535173,-1.2820223569869995,-0.46003758907318115,0.0,0.0,nan,0.0,0.0,0.0,-0.419785978386789,0.1,0.0,1.0
1779977921.063563,-1.2820223569869995,-0.46003758907318115,0.0,0.0,nan,0.0,0.0,0.0,-0.419785978386789,0.1,0.0,1.0
1779977921.0739121,-1.2820223569869995,-0.46003758907318115,0.0,0.0,nan,0.0,0.0,0.0,-0.419785978386789,0.1,0.0,1.0
1779977921.0841534,-1.2820223569869995,-0.46003758907318115,0.0,0.0,nan,0.0,0.0,0.0,-0.419785978386789,0.1,0.0,1.0
1779977921.0943165,-1.2820223569869995,-0.46003758907318115,0.0,0.0,nan,0.0,0.0,0.0,-0.419785978386789,0.1,0.0,1.0
1779977921.104828,-1.2820223569869995,-0.46003758907318115,0.0,0.0,nan,0.0,0.0,0.0,-0.419785978386789,0.1,0.0,1.0
1779977921.1152349,-1.2820223569869995,-0.46003758907318115,0.0,0.0,nan,0.0,0.0,0.0,-0.419785978386789,0.1,0.0,1.0
1779977921.125225,-1.2820223569869995,-0.46003758907318115,0.0,0.0,nan,0.0,0.0,0.0,-0.419785978386789,0.1,0.0,1.0
1779977921.1358366,-1.2820223569869995,-0.46003758907318115,0.0,0.0,nan,0.0,0.0,0.0,-0.419785978386789,0.1,0.0,1.0
1779977921.1460829,-1.2820223569869995,-0.46003758907318115,0.0,0.0,nan,0.0,0.0,0.0,-0.419785978386789,0.1,0.0,1.0
1779977921.1562862,-1.2820223569869995,-0.46003758907318115,0.0,0.0,nan,0.0,0.0,0.0,-0.419785978386789,0.1,0.0,1.0
1779977921.1665473,-1.2820223569869995,-0.46003758907318115,0.0,0.0,nan,0.0,0.0,0.0,-0.419785978386789,0.1,0.0,1.0
1779977921.1766868,-1.2820223569869995,-0.46003758907318115,0.0,0.0,nan,0.0,0.0,0.0,-0.419785978386789,0.1,0.0,1.0
1779977921.1867516,-1.2820223569869995,-0.46003758907318115,0.0,0.0,nan,0.0,0.0,0.0,-0.419785978386789,0.1,0.0,1.0
1779977921.1970565,-1.2820223569869995,-0.46003758907318115,0.0,0.0,nan,0.0,0.0,0.0,-0.419785978386789,0.1,0.0,1.0
1779977921.2074373,-1.2820223569869995,-0.46003758907318115,0.0,0.0,nan,0.0,0.0,0.0,-0.419785978386789,0.1,0.0,1.0
1779977921.21777,-1.2820223569869995,-0.46003758907318115,0.0,0.0,nan,0.0,0.0,0.0,-0.419785978386789,0.1,0.0,1.0
1779977921.2280865,-1.2820223569869995,-0.46003758907318115,0.0,0.0,nan,0.0,0.0,0.0,-0.419785978386789,0.1,0.0,1.0
1779977921.2380779,-1.2820223569869995,-0.46003758907318115,0.0,0.0,nan,0.0,0.0,0.0,-0.419785978386789,0.1,0.0,1.0
1779977921.2483003,-1.2820223569869995,-0.46003758907318115,0.0,0.0,nan,0.0,0.0,0.0,-0.419785978386789,0.1,0.0,1.0
1779977921.2588968,-1.2820223569869995,-0.46003758907318115,0.0,0.0,nan,0.0,0.0,0.0,-0.419785978386789,0.1,0.0,1.0
1779977921.2694376,-1.2820223569869995,-0.46003758907318115,0.0,0.0,nan,0.0,0.0,0.0,-0.419785978386789,0.1,0.0,1.0
1779977921.2795663,-1.2820223569869995,-0.46003758907318115,0.0,0.0,nan,0.0,0.0,0.0,-0.419785978386789,0.1,0.0,1.0
1779977921.2902038,-1.2820223569869995,-0.46003758907318115,0.0,0.0,nan,0.0,0.0,0.0,-0.419785978386789,0.1,0.0,1.0
1779977921.3003376,-1.2820223569869995,-0.46003758907318115,0.0,0.0,nan,0.0,0.0,0.0,-0.419785978386789,0.1,0.0,1.0
1779977921.3105242,-1.2820223569869995,-0.46003758907318115,0.0,0.0,nan,0.0,0.0,0.0,-0.419785978386789,0.1,0.0,1.0
1779977921.3208127,-1.2820223569869995,-0.46003758907318115,0.0,0.0,nan,0.0,0.0,0.0,-0.419785978386789,0.1,0.0,1.0
1779977921.3310397,-1.2820223569869995,-0.46003758907318115,0.0,0.0,nan,0.0,0.0,0.0,-0.419785978386789,0.1,0.0,1.0
1779977921.3411648,-1.2820223569869995,-0.46003758907318115,0.0,0.0,nan,0.0,0.0,0.0,-0.419785978386789,0.1,0.0,1.0
1779977921.3515372,-1.2820223569869995,-0.46003758907318115,0.0,0.0,nan,0.0,0.0,0.0,-0.419785978386789,0.1,0.0,1.0
1779977921.3616757,-1.2820223569869995,-0.46003758907318115,0.0,0.0,nan,0.0,0.0,0.0,-0.419785978386789,0.1,0.0,1.0
1779977921.372384,-1.2820223569869995,-0.46003758907318115,0.0,0.0,nan,0.0,0.0,0.0,-0.419785978386789,0.1,0.0,1.0
1779977921.3828266,-1.2820223569869995,-0.46003758907318115,0.0,0.0,nan,0.0,0.0,0.0,-0.419785978386789,0.1,0.0,1.0
1779977921.3929877,-1.2820223569869995,-0.46003758907318115,0.0,0.0,nan,0.0,0.0,0.0,-0.419785978386789,0.1,0.0,1.0
1779977921.4030418,-1.2820223569869995,-0.46003758907318115,0.0,0.0,nan,0.0,0.0,0.0,-0.419785978386789,0.1,0.0,1.0
1779977921.4135253,-1.2820223569869995,-0.46003758907318115,0.0,0.0,nan,0.0,0.0,0.0,-0.419785978386789,0.1,0.0,1.0
1779977921.423831,-1.2820223569869995,-0.46003758907318115,0.0,0.0,nan,0.0,0.0,0.0,-0.419785978386789,0.1,0.0,1.0
1779977921.4339938,-1.2820223569869995,-0.46003758907318115,0.0,0.0,nan,0.0,0.0,0.0,-0.419785978386789,0.1,0.0,1.0
1779977921.4444168,-1.2820223569869995,-0.46003758907318115,0.0,0.0,nan,0.0,0.0,0.0,-0.419785978386789,0.1,0.0,1.0
1779977921.454798,-1.2820223569869995,-0.46003758907318115,0.0,0.0,nan,0.0,0.0,0.0,-0.419785978386789,0.1,0.0,1.0
1779977921.4647882,-1.2820223569869995,-0.46003758907318115,0.0,0.0,nan,0.0,0.0,0.0,-0.419785978386789,0.1,0.0,1.0
1779977921.4752707,-1.2820223569869995,-0.46003758907318115,0.0,0.0,nan,0.0,0.0,0.0,-0.419785978386789,0.1,0.0,1.0
1779977921.4858105,-1.2820223569869995,-0.46003758907318115,0.0,0.0,nan,0.0,0.0,0.0,-0.419785978386789,0.1,0.0,1.0
1779977921.4963098,-1.2820223569869995,-0.46003758907318115,0.0,0.0,nan,0.0,0.0,0.0,-0.419785978386789,0.1,0.0,1.0
1779977921.5064464,-1.2820223569869995,-0.46003758907318115,0.0,0.0,nan,0.0,0.0,0.0,-0.419785978386789,0.1,0.0,1.0
1779977921.5167422,-1.2820223569869995,-0.46003758907318115,0.0,0.0,nan,0.0,0.0,0.0,-0.419785978386789,0.1,0.0,1.0
1779977921.5272455,-1.2820223569869995,-0.46003758907318115,0.0,0.0,nan,0.0,0.0,0.0,-0.419785978386789,0.1,0.0,1.0
1779977921.5373793,-1.2820223569869995,-0.46003758907318115,0.0,0.0,nan,0.0,0.0,0.0,-0.419785978386789,0.1,0.0,1.0
1779977921.547453,-1.2820223569869995,-0.46003758907318115,0.0,0.0,nan,0.0,0.0,0.0,-0.419785978386789,0.1,0.0,1.0
1779977921.5576198,-1.2820223569869995,-0.46003758907318115,0.0,0.0,nan,0.0,0.0,0.0,-0.419785978386789,0.1,0.0,1.0
1779977921.5682125,-1.2820223569869995,-0.46003758907318115,0.0,0.0,nan,0.0,0.0,0.0,-0.419785978386789,0.1,0.0,1.0
1779977921.578717,-1.2820223569869995,-0.46003758907318115,0.0,0.0,nan,0.0,0.0,0.0,-0.419785978386789,0.1,0.0,1.0
1779977921.588702,-1.2820223569869995,-0.46003758907318115,0.0,0.0,nan,0.0,0.0,0.0,-0.419785978386789,0.1,0.0,1.0
1779977921.599152,-1.2820223569869995,-0.46003758907318115,0.0,0.0,nan,0.0,0.0,0.0,-0.419785978386789,0.1,0.0,1.0
1779977921.6091843,-1.2820223569869995,-0.46003758907318115,0.0,0.0,nan,0.0,0.0,0.0,-0.419785978386789,0.1,0.0,1.0
1779977921.6195962,-1.2820223569869995,-0.46003758907318115,0.0,0.0,nan,0.0,0.0,0.0,-0.419785978386789,0.1,0.0,1.0
1779977921.6300356,-1.2820223569869995,-0.46003758907318115,0.0,0.0,nan,0.0,0.0,0.0,-0.419785978386789,0.1,0.0,1.0
1779977921.6401062,-1.2820223569869995,-0.46003758907318115,0.0,0.0,nan,0.0,0.0,0.0,-0.419785978386789,0.1,0.0,1.0
1779977921.6506236,-1.2820223569869995,-0.46003758907318115,0.0,0.0,nan,0.0,0.0,0.0,-0.419785978386789,0.1,0.0,1.0
1779977921.661285,-1.2820223569869995,-0.46003758907318115,0.0,0.0,nan,0.0,0.0,0.0,-0.419785978386789,0.1,0.0,1.0
1779977921.6718304,-1.2820223569869995,-0.46003758907318115,0.0,0.0,nan,0.0,0.0,0.0,-0.419785978386789,0.1,0.0,1.0
1779977921.681894,-1.2820223569869995,-0.46003758907318115,0.0,0.0,nan,0.0,0.0,0.0,-0.419785978386789,0.1,0.0,1.0
1779977921.6923153,-1.2820223569869995,-0.46003758907318115,0.0,0.0,nan,0.0,0.0,0.0,-0.419785978386789,0.1,0.0,1.0
1779977921.702408,-1.2820223569869995,-0.46003758907318115,0.0,0.0,nan,0.0,0.0,0.0,-0.419785978386789,0.1,0.0,1.0
1779977921.7127733,-1.2820223569869995,-0.46003758907318115,0.0,0.0,nan,0.0,0.0,0.0,-0.419785978386789,0.1,0.0,1.0
1779977921.72293,-1.2820223569869995,-0.46003758907318115,0.0,0.0,nan,0.0,0.0,0.0,-0.419785978386789,0.1,0.0,1.0
1779977921.7331843,-1.2820223569869995,-0.46003758907318115,0.0,0.0,nan,0.0,0.0,0.0,-0.419785978386789,0.1,0.0,1.0
1779977921.743087,-1.2820223569869995,-0.46003758907318115,0.0,0.0,nan,0.0,0.0,0.0,-0.419785978386789,0.1,0.0,1.0
1779977921.7536542,-1.2820223569869995,-0.46003758907318115,0.0,0.0,nan,0.0,0.0,0.0,-0.419785978386789,0.1,0.0,1.0
1779977921.7638762,-1.2820223569869995,-0.46003758907318115,0.0,0.0,nan,0.0,0.0,0.0,-0.419785978386789,0.1,0.0,1.0
1779977921.7739432,-1.2820223569869995,-0.46003758907318115,0.0,0.0,nan,0.0,0.0,0.0,-0.419785978386789,0.1,0.0,1.0
1779977921.784203,-1.2820223569869995,-0.46003758907318115,0.0,0.0,nan,0.0,0.0,0.0,-0.419785978386789,0.1,0.0,1.0
1779977921.794392,-1.2820223569869995,-0.46003758907318115,0.0,0.0,nan,0.0,0.0,0.0,-0.419785978386789,0.1,0.0,1.0
1779977921.804758,-1.2820223569869995,-0.46003758907318115,0.0,0.0,nan,0.0,0.0,0.0,-0.419785978386789,0.1,0.0,1.0
1779977921.8146956,-1.2820223569869995,-0.46003758907318115,0.0,0.0,nan,0.0,0.0,0.0,-0.419785978386789,0.1,0.0,1.0
1779977921.8249953,-1.2820223569869995,-0.46003758907318115,0.0,0.0,nan,0.0,0.0,0.0,-0.419785978386789,0.1,0.0,1.0
1779977921.835141,-1.2820223569869995,-0.46003758907318115,0.0,0.0,nan,0.0,0.0,0.0,-0.419785978386789,0.1,0.0,1.0
1779977921.8451116,-1.2820223569869995,-0.46003758907318115,0.0,0.0,nan,0.0,0.0,0.0,-0.419785978386789,0.1,0.0,1.0
1779977921.8554597,-1.2820223569869995,-0.46003758907318115,0.0,0.0,nan,0.0,0.0,0.0,-0.419785978386789,0.1,0.0,1.0
1779977921.8658922,-1.2820223569869995,-0.46003758907318115,0.0,0.0,nan,0.0,0.0,0.0,-0.419785978386789,0.1,0.0,1.0
1779977921.8765557,-1.2820223569869995,-0.46003758907318115,0.0,0.0,nan,0.0,0.0,0.0,-0.419785978386789,0.1,0.0,1.0
1779977921.8869784,-1.2820223569869995,-0.46003758907318115,0.0,0.0,nan,0.0,0.0,0.0,-0.419785978386789,0.1,0.0,1.0
1779977921.897252,-1.2820223569869995,-0.46003758907318115,0.0,0.0,nan,0.0,0.0,0.0,-0.419785978386789,0.1,0.0,1.0
1779977921.9074466,-1.2820223569869995,-0.46003758907318115,0.0,0.0,nan,0.0,0.0,0.0,-0.419785978386789,0.1,0.0,1.0
1779977921.9175813,-1.2820223569869995,-0.46003758907318115,0.0,0.0,nan,0.0,0.0,0.0,-0.419785978386789,0.1,0.0,1.0
1779977921.9281652,-1.2820223569869995,-0.46003758907318115,0.0,0.0,nan,0.0,0.0,0.0,-0.419785978386789,0.1,0.0,1.0
1779977921.9386752,-1.2820223569869995,-0.46003758907318115,0.0,0.0,nan,0.0,0.0,0.0,-0.419785978386789,0.1,0.0,1.0
1779977921.9487252,-1.2820223569869995,-0.46003758907318115,0.0,0.0,nan,0.0,0.0,0.0,-0.419785978386789,0.1,0.0,1.0
1779977921.9588485,-1.2820223569869995,-0.46003758907318115,0.0,0.0,nan,0.0,0.0,0.0,-0.419785978386789,0.1,0.0,1.0
1779977921.9691787,-1.2820223569869995,-0.46003758907318115,0.0,0.0,nan,0.0,0.0,0.0,-0.419785978386789,0.1,0.0,1.0
1779977921.9793663,-1.2820223569869995,-0.46003758907318115,0.0,0.0,nan,0.0,0.0,0.0,-0.419785978386789,0.1,0.0,1.0
1779977921.989565,-1.2820223569869995,-0.46003758907318115,0.0,0.0,nan,0.0,0.0,0.0,-0.419785978386789,0.1,0.0,1.0
1779977922.0001144,-1.2820223569869995,-0.46003758907318115,0.0,0.0,nan,0.0,0.0,0.0,-0.419785978386789,0.1,0.0,1.0
1779977922.0102632,-1.2820223569869995,-0.46003758907318115,0.0,0.0,nan,0.0,0.0,0.0,-0.419785978386789,0.1,0.0,1.0
1779977922.0206406,-1.2820223569869995,-0.46003758907318115,0.0,0.0,nan,0.0,0.0,0.0,-0.419785978386789,0.1,0.0,1.0
1779977922.0309293,-1.2820223569869995,-0.46003758907318115,0.0,0.0,nan,0.0,0.0,0.0,-0.419785978386789,0.1,0.0,1.0
1779977922.0415535,-1.2820223569869995,-0.46003758907318115,0.0,0.0,nan,0.0,0.0,0.0,-0.419785978386789,0.1,0.0,1.0
1779977922.0516894,-1.2820223569869995,-0.46003758907318115,0.0,0.0,nan,0.0,0.0,0.0,-0.419785978386789,0.1,0.0,1.0
1779977922.062049,-1.2820223569869995,-0.46003758907318115,0.0,0.0,nan,0.0,0.0,0.0,-0.419785978386789,0.1,0.0,1.0
1779977922.0721717,-1.2820223569869995,-0.46003758907318115,0.0,0.0,nan,0.0,0.0,0.0,-0.419785978386789,0.1,0.0,1.0
1779977922.0827096,-1.2820223569869995,-0.46003758907318115,0.0,0.0,nan,0.0,0.0,0.0,-0.419785978386789,0.1,0.0,1.0
1779977922.0931087,-1.2820223569869995,-0.46003758907318115,0.0,0.0,nan,0.0,0.0,0.0,-0.419785978386789,0.1,0.0,1.0
1779977922.1033275,-1.2820223569869995,-0.46003758907318115,0.0,0.0,nan,0.0,0.0,0.0,-0.419785978386789,0.1,0.0,1.0
1779977922.113254,-1.2820223569869995,-0.46003758907318115,0.0,0.0,nan,0.0,0.0,0.0,-0.419785978386789,0.1,0.0,1.0
1779977922.1237068,-1.2820223569869995,-0.46003758907318115,0.0,0.0,nan,0.0,0.0,0.0,-0.419785978386789,0.1,0.0,1.0
1779977922.133823,-1.2820223569869995,-0.46003758907318115,0.0,0.0,nan,0.0,0.0,0.0,-0.419785978386789,0.1,0.0,1.0
1779977922.1439686,-1.2820223569869995,-0.46003758907318115,0.0,0.0,nan,0.0,0.0,0.0,-0.419785978386789,0.1,0.0,1.0
1779977922.1540625,-1.2820223569869995,-0.46003758907318115,0.0,0.0,nan,0.0,0.0,0.0,-0.419785978386789,0.1,0.0,1.0
1779977922.1646433,-1.2820223569869995,-0.46003758907318115,0.0,0.0,nan,0.0,0.0,0.0,-0.419785978386789,0.1,0.0,1.0
1779977922.1748142,-1.2820223569869995,-0.46003758907318115,0.0,0.0,nan,0.0,0.0,0.0,-0.419785978386789,0.1,0.0,1.0
1779977922.1851664,-1.2820223569869995,-0.46003758907318115,0.0,0.0,nan,0.0,0.0,0.0,-0.419785978386789,0.1,0.0,1.0
1779977922.195164,-1.2820223569869995,-0.46003758907318115,0.0,0.0,nan,0.0,0.0,0.0,-0.419785978386789,0.1,0.0,1.0
1779977922.2064586,-1.2820223569869995,-0.46003758907318115,0.0,0.0,nan,0.0,0.0,0.0,-0.419785978386789,0.1,0.0,1.0
1779977922.2167156,-1.2820223569869995,-0.46003758907318115,0.0,0.0,nan,0.0,0.0,0.0,-0.419785978386789,0.1,0.0,1.0
1779977922.2270231,-1.2820223569869995,-0.46003758907318115,0.0,0.0,nan,0.0,0.0,0.0,-0.419785978386789,0.1,0.0,1.0
1779977922.237251,-1.2820223569869995,-0.46003758907318115,0.0,0.0,nan,0.0,0.0,0.0,-0.419785978386789,0.1,0.0,1.0
1779977922.2475946,-1.2820223569869995,-0.46003758907318115,0.0,0.0,nan,0.0,0.0,0.0,-0.419785978386789,0.1,0.0,1.0
1779977922.2578096,-1.2820223569869995,-0.46003758907318115,0.0,0.0,nan,0.0,0.0,0.0,-0.419785978386789,0.1,0.0,1.0
1779977922.268457,-1.2820223569869995,-0.46003758907318115,0.0,0.0,nan,0.0,0.0,0.0,-0.419785978386789,0.1,0.0,1.0
1779977922.2786958,-1.2820223569869995,-0.46003758907318115,0.0,0.0,nan,0.0,0.0,0.0,-0.419785978386789,0.1,0.0,1.0
1779977922.288882,-1.2820223569869995,-0.46003758907318115,0.0,0.0,nan,0.0,0.0,0.0,-0.419785978386789,0.1,0.0,1.0
1779977922.299518,-1.2820223569869995,-0.46003758907318115,0.0,0.0,nan,0.0,0.0,0.0,-0.419785978386789,0.1,0.0,1.0
1779977922.3100085,-1.2820223569869995,-0.46003758907318115,0.0,0.0,nan,0.0,0.0,0.0,-0.419785978386789,0.1,0.0,1.0
1779977922.3206398,-1.2820223569869995,-0.46003758907318115,0.0,0.0,nan,0.0,0.0,0.0,-0.419785978386789,0.1,0.0,1.0
1779977922.3314738,-1.2820223569869995,-0.46003758907318115,0.0,0.0,nan,0.0,0.0,0.0,-0.419785978386789,0.1,0.0,1.0
1779977922.3420293,-1.2820223569869995,-0.46003758907318115,0.0,0.0,nan,0.0,0.0,0.0,-0.419785978386789,0.1,0.0,1.0
1779977922.3521173,-1.2820223569869995,-0.46003758907318115,0.0,0.0,nan,0.0,0.0,0.0,-0.419785978386789,0.1,0.0,1.0
1779977922.3625386,-1.2820223569869995,-0.46003758907318115,0.0,0.0,nan,0.0,0.0,0.0,-0.419785978386789,0.1,0.0,1.0
1779977922.372544,-1.2820223569869995,-0.46003758907318115,0.0,0.0,nan,0.0,0.0,0.0,-0.419785978386789,0.1,0.0,1.0
1779977922.3827138,-1.2820223569869995,-0.46003758907318115,0.0,0.0,nan,0.0,0.0,0.0,-0.419785978386789,0.1,0.0,1.0
1779977922.393042,-1.2820223569869995,-0.46003758907318115,0.0,0.0,nan,0.0,0.0,0.0,-0.419785978386789,0.1,0.0,1.0
1779977922.4031754,-1.2820223569869995,-0.46003758907318115,0.0,0.0,nan,0.0,0.0,0.0,-0.419785978386789,0.1,0.0,1.0
1779977922.4135094,-1.2820223569869995,-0.46003758907318115,0.0,0.0,nan,0.0,0.0,0.0,-0.419785978386789,0.1,0.0,1.0
1779977922.4242444,-1.2820223569869995,-0.46003758907318115,0.0,0.0,nan,0.0,0.0,0.0,-0.419785978386789,0.1,0.0,1.0
1779977922.4341407,-1.2820223569869995,-0.46003758907318115,0.0,0.0,nan,0.0,0.0,0.0,-0.419785978386789,0.1,0.0,1.0
1779977922.4444153,-1.2820223569869995,-0.46003758907318115,0.0,0.0,nan,0.0,0.0,0.0,-0.419785978386789,0.1,0.0,1.0
1779977922.455229,-1.2820223569869995,-0.46003758907318115,0.0,0.0,nan,0.0,0.0,0.0,-0.419785978386789,0.1,0.0,1.0
1779977922.4657164,-1.2820223569869995,-0.46003758907318115,0.0,0.0,nan,0.0,0.0,0.0,-0.419785978386789,0.1,0.0,1.0
1779977922.4763246,-1.2820223569869995,-0.46003758907318115,0.0,0.0,nan,0.0,0.0,0.0,-0.419785978386789,0.1,0.0,1.0
1779977922.4866343,-1.2820223569869995,-0.46003758907318115,0.0,0.0,nan,0.0,0.0,0.0,-0.419785978386789,0.1,0.0,1.0
1779977922.497205,-1.2820223569869995,-0.46003758907318115,0.0,0.0,nan,0.0,0.0,0.0,-0.419785978386789,0.1,0.0,1.0
1779977922.5073366,-1.2820223569869995,-0.46003758907318115,0.0,0.0,nan,0.0,0.0,0.0,-0.419785978386789,0.1,0.0,1.0
1779977922.5178013,-1.2820223569869995,-0.46003758907318115,0.0,0.0,nan,0.0,0.0,0.0,-0.419785978386789,0.1,0.0,1.0
1779977922.5279105,-1.2820223569869995,-0.46003758907318115,0.0,0.0,nan,0.0,0.0,0.0,-0.419785978386789,0.1,0.0,1.0
1779977922.5380406,-1.2820223569869995,-0.46003758907318115,0.0,0.0,nan,0.0,0.0,0.0,-0.419785978386789,0.1,0.0,1.0
1779977922.5484455,-1.2820223569869995,-0.46003758907318115,0.0,0.0,nan,0.0,0.0,0.0,-0.419785978386789,0.1,0.0,1.0
1779977922.5585659,-1.2820223569869995,-0.46003758907318115,0.0,0.0,nan,0.0,0.0,0.0,-0.419785978386789,0.1,0.0,1.0
1779977922.56917,-1.2820223569869995,-0.46003758907318115,0.0,0.0,nan,0.0,0.0,0.0,-0.419785978386789,0.1,0.0,1.0
1779977922.5792897,-1.2820223569869995,-0.46003758907318115,0.0,0.0,nan,0.0,0.0,0.0,-0.419785978386789,0.1,0.0,1.0
1779977922.5900967,-1.2820223569869995,-0.46003758907318115,0.0,0.0,nan,0.0,0.0,0.0,-0.419785978386789,0.1,0.0,1.0
1779977922.600411,-1.2820223569869995,-0.46003758907318115,0.0,0.0,nan,0.0,0.0,0.0,-0.419785978386789,0.1,0.0,1.0
1779977922.6105542,-1.2820223569869995,-0.46003758907318115,0.0,0.0,nan,0.0,0.0,0.0,-0.419785978386789,0.1,0.0,1.0
1779977922.6209867,-1.2820223569869995,-0.46003758907318115,0.0,0.0,nan,0.0,0.0,0.0,-0.419785978386789,0.1,0.0,1.0
1779977922.6310353,-1.2820223569869995,-0.46003758907318115,0.0,0.0,nan,0.0,0.0,0.0,-0.419785978386789,0.1,0.0,1.0
1779977922.6410582,-1.2820223569869995,-0.46003758907318115,0.0,0.0,nan,0.0,0.0,0.0,-0.419785978386789,0.1,0.0,1.0
1779977922.6520064,-1.2820223569869995,-0.46003758907318115,0.0,0.0,nan,0.0,0.0,0.0,-0.419785978386789,0.1,0.0,1.0
1779977922.6623604,-1.2820223569869995,-0.46003758907318115,0.0,0.0,nan,0.0,0.0,0.0,-0.419785978386789,0.1,0.0,1.0
1779977922.6729546,-1.2820223569869995,-0.46003758907318115,0.0,0.0,nan,0.0,0.0,0.0,-0.419785978386789,0.1,0.0,1.0
1779977922.6834235,-1.2820223569869995,-0.46003758907318115,0.0,0.0,nan,0.0,0.0,0.0,-0.419785978386789,0.1,0.0,1.0
1779977922.693847,-1.2820223569869995,-0.46003758907318115,0.0,0.0,nan,0.0,0.0,0.0,-0.419785978386789,0.1,0.0,1.0
1779977922.7041717,-1.2820223569869995,-0.46003758907318115,0.0,0.0,nan,0.0,0.0,0.0,-0.419785978386789,0.1,0.0,1.0
1779977922.7148514,-1.2820223569869995,-0.46003758907318115,0.0,0.0,nan,0.0,0.0,0.0,-0.419785978386789,0.1,0.0,1.0
1779977922.7249799,-1.2820223569869995,-0.46003758907318115,0.0,0.0,nan,0.0,0.0,0.0,-0.419785978386789,0.1,0.0,1.0
1779977922.7351015,-1.2820223569869995,-0.46003758907318115,0.0,0.0,nan,0.0,0.0,0.0,-0.419785978386789,0.1,0.0,1.0
1779977922.7456553,-1.2820223569869995,-0.46003758907318115,0.0,0.0,nan,0.0,0.0,0.0,-0.419785978386789,0.1,0.0,1.0
1779977922.756328,-1.2820223569869995,-0.46003758907318115,0.0,0.0,nan,0.0,0.0,0.0,-0.419785978386789,0.1,0.0,1.0
1779977922.766352,-1.2820223569869995,-0.46003758907318115,0.0,0.0,nan,0.0,0.0,0.0,-0.419785978386789,0.1,0.0,1.0
1779977922.776935,-1.2820223569869995,-0.46003758907318115,0.0,0.0,nan,0.0,0.0,0.0,-0.419785978386789,0.1,0.0,1.0
1779977922.7873528,-1.2820223569869995,-0.46003758907318115,0.0,0.0,nan,0.0,0.0,0.0,-0.419785978386789,0.1,0.0,1.0
1779977922.797522,-1.2820223569869995,-0.46003758907318115,0.0,0.0,nan,0.0,0.0,0.0,-0.419785978386789,0.1,0.0,1.0
1779977922.8078282,-1.2820223569869995,-0.46003758907318115,0.0,0.0,nan,0.0,0.0,0.0,-0.419785978386789,0.1,0.0,1.0
1779977922.8180044,-1.2820223569869995,-0.46003758907318115,0.0,0.0,nan,0.0,0.0,0.0,-0.419785978386789,0.1,0.0,1.0
1779977922.8284252,-1.2820223569869995,-0.46003758907318115,0.0,0.0,nan,0.0,0.0,0.0,-0.419785978386789,0.1,0.0,1.0
1779977922.8389897,-1.2820223569869995,-0.46003758907318115,0.0,0.0,nan,0.0,0.0,0.0,-0.419785978386789,0.1,0.0,1.0
1779977922.8495967,-1.2820223569869995,-0.46003758907318115,0.0,0.0,nan,0.0,0.0,0.0,-0.419785978386789,0.1,0.0,1.0
1779977922.8600018,-1.2820223569869995,-0.46003758907318115,0.0,0.0,nan,0.0,0.0,0.0,-0.419785978386789,0.1,0.0,1.0
1779977922.8705869,-1.2820223569869995,-0.46003758907318115,0.0,0.0,nan,0.0,0.0,0.0,-0.419785978386789,0.1,0.0,1.0
1779977922.8807213,-1.2820223569869995,-0.46003758907318115,0.0,0.0,nan,0.0,0.0,0.0,-0.419785978386789,0.1,0.0,1.0
1779977922.8912902,-1.2820223569869995,-0.46003758907318115,0.0,0.0,nan,0.0,0.0,0.0,-0.419785978386789,0.1,0.0,1.0
1779977922.9019346,-1.2820223569869995,-0.46003758907318115,0.0,0.0,nan,0.0,0.0,0.0,-0.419785978386789,0.1,0.0,1.0
1779977922.9124231,-1.2820223569869995,-0.46003758907318115,0.0,0.0,nan,0.0,0.0,0.0,-0.419785978386789,0.1,0.0,1.0
1779977922.922731,-1.2820223569869995,-0.46003758907318115,0.0,0.0,nan,0.0,0.0,0.0,-0.419785978386789,0.1,0.0,1.0
1779977922.9332335,-1.2820223569869995,-0.46003758907318115,0.0,0.0,nan,0.0,0.0,0.0,-0.419785978386789,0.1,0.0,1.0
1779977922.9430788,-1.2820223569869995,-0.46003758907318115,0.0,0.0,nan,0.0,0.0,0.0,-0.419785978386789,0.1,0.0,1.0
1779977922.9532702,-1.2820223569869995,-0.46003758907318115,0.0,0.0,nan,0.0,0.0,0.0,-0.419785978386789,0.1,0.0,1.0
1779977922.963673,-1.2820223569869995,-0.46003758907318115,0.0,0.0,nan,0.0,0.0,0.0,-0.419785978386789,0.1,0.0,1.0
1779977922.9738185,-1.2820223569869995,-0.46003758907318115,0.0,0.0,nan,0.0,0.0,0.0,-0.419785978386789,0.1,0.0,1.0
1779977922.983842,-1.2820223569869995,-0.46003758907318115,0.0,0.0,nan,0.0,0.0,0.0,-0.419785978386789,0.1,0.0,1.0
1779977922.994177,-1.2820223569869995,-0.46003758907318115,0.0,0.0,nan,0.0,0.0,0.0,-0.419785978386789,0.1,0.0,1.0
1779977923.0045347,-1.2820223569869995,-0.46003758907318115,0.0,0.0,nan,0.0,0.0,0.0,-0.419785978386789,0.1,0.0,1.0
1779977923.0145397,-1.2820223569869995,-0.46003758907318115,0.0,0.0,nan,0.0,0.0,0.0,-0.419785978386789,0.1,0.0,1.0
1779977923.0251493,-1.2820223569869995,-0.46003758907318115,0.0,0.0,nan,0.0,0.0,0.0,-0.419785978386789,0.1,0.0,1.0
1779977923.0357525,-1.2820223569869995,-0.46003758907318115,0.0,0.0,nan,0.0,0.0,0.0,-0.419785978386789,0.1,0.0,1.0
1779977923.04613,-1.2820223569869995,-0.46003758907318115,0.0,0.0,nan,0.0,0.0,0.0,-0.419785978386789,0.1,0.0,1.0
1779977923.0568469,-1.2820223569869995,-0.46003758907318115,0.0,0.0,nan,0.0,0.0,0.0,-0.419785978386789,0.1,0.0,1.0
1779977923.0669923,-1.2820223569869995,-0.46003758907318115,0.0,0.0,nan,0.0,0.0,0.0,-0.419785978386789,0.1,0.0,1.0
1779977923.0772688,-1.2820223569869995,-0.46003758907318115,0.0,0.0,nan,0.0,0.0,0.0,-0.419785978386789,0.1,0.0,1.0
1779977923.0876307,-1.2820223569869995,-0.46003758907318115,0.0,0.0,nan,0.0,0.0,0.0,-0.419785978386789,0.1,0.0,1.0
1779977923.0980308,-1.2820223569869995,-0.46003758907318115,0.0,0.0,nan,0.0,0.0,0.0,-0.419785978386789,0.1,0.0,1.0
1779977923.1084874,-1.2820223569869995,-0.46003758907318115,0.0,0.0,nan,0.0,0.0,0.0,-0.419785978386789,0.1,0.0,1.0
1779977923.1189816,-1.2820223569869995,-0.46003758907318115,0.0,0.0,nan,0.0,0.0,0.0,-0.419785978386789,0.1,0.0,1.0
1779977923.129428,-1.2820223569869995,-0.46003758907318115,0.0,0.0,nan,0.0,0.0,0.0,-0.419785978386789,0.1,0.0,1.0
1779977923.1396854,-1.2820223569869995,-0.46003758907318115,0.0,0.0,nan,0.0,0.0,0.0,-0.419785978386789,0.1,0.0,1.0
1779977923.1499636,-1.2820223569869995,-0.46003758907318115,0.0,0.0,nan,0.0,0.0,0.0,-0.419785978386789,0.1,0.0,1.0
1779977923.160221,-1.2820223569869995,-0.46003758907318115,0.0,0.0,nan,0.0,0.0,0.0,-0.419785978386789,0.1,0.0,1.0
1779977923.1702907,-1.2820223569869995,-0.46003758907318115,0.0,0.0,nan,0.0,0.0,0.0,-0.419785978386789,0.1,0.0,1.0
1779977923.18055,-1.2820223569869995,-0.46003758907318115,0.0,0.0,nan,0.0,0.0,0.0,-0.419785978386789,0.1,0.0,1.0
1779977923.1909556,-1.2820223569869995,-0.46003758907318115,0.0,0.0,nan,0.0,0.0,0.0,-0.419785978386789,0.1,0.0,1.0
1779977923.20184,-1.2820223569869995,-0.46003758907318115,0.0,0.0,nan,0.0,0.0,0.0,-0.419785978386789,0.1,0.0,1.0
1779977923.2116468,-1.2820223569869995,-0.46003758907318115,0.0,0.0,nan,0.0,0.0,0.0,-0.419785978386789,0.1,0.0,1.0
1779977923.2224536,-1.2820223569869995,-0.46003758907318115,0.0,0.0,nan,0.0,0.0,0.0,-0.419785978386789,0.1,0.0,1.0
1779977923.232377,-1.2820223569869995,-0.46003758907318115,0.0,0.0,nan,0.0,0.0,0.0,-0.419785978386789,0.1,0.0,1.0
1779977923.242897,-1.2820223569869995,-0.46003758907318115,0.0,0.0,nan,0.0,0.0,0.0,-0.419785978386789,0.1,0.0,1.0
1779977923.25392,-1.2820223569869995,-0.46003758907318115,0.0,0.0,nan,0.0,0.0,0.0,-0.419785978386789,0.1,0.0,1.0
1779977923.2641969,-1.2820223569869995,-0.46003758907318115,0.0,0.0,nan,0.0,0.0,0.0,-0.419785978386789,0.1,0.0,1.0
1779977923.2741857,-1.2820223569869995,-0.46003758907318115,0.0,0.0,nan,0.0,0.0,0.0,-0.419785978386789,0.1,0.0,1.0
1779977923.2845585,-1.2820223569869995,-0.46003758907318115,0.0,0.0,nan,0.0,0.0,0.0,-0.419785978386789,0.1,0.0,1.0
1779977923.295013,-1.2820223569869995,-0.46003758907318115,0.0,0.0,nan,0.0,0.0,0.0,-0.419785978386789,0.1,0.0,1.0
1779977923.3054872,-1.2820223569869995,-0.46003758907318115,0.0,0.0,nan,0.0,0.0,0.0,-0.419785978386789,0.1,0.0,1.0
1779977923.3156633,-1.2820223569869995,-0.46003758907318115,0.0,0.0,nan,0.0,0.0,0.0,-0.419785978386789,0.1,0.0,1.0
1779977923.3258042,-1.2820223569869995,-0.46003758907318115,0.0,0.0,nan,0.0,0.0,0.0,-0.419785978386789,0.1,0.0,1.0
1779977923.3362505,-1.2820223569869995,-0.46003758907318115,0.0,0.0,nan,0.0,0.0,0.0,-0.419785978386789,0.1,0.0,1.0
1779977923.3468025,-1.2820223569869995,-0.46003758907318115,0.0,0.0,nan,0.0,0.0,0.0,-0.419785978386789,0.1,0.0,1.0
1779977923.357233,-1.2820223569869995,-0.46003758907318115,0.0,0.0,nan,0.0,0.0,0.0,-0.419785978386789,0.1,0.0,1.0
1779977923.3674705,-1.2820223569869995,-0.46003758907318115,0.0,0.0,nan,0.0,0.0,0.0,-0.419785978386789,0.1,0.0,1.0
1779977923.3777208,-1.2820223569869995,-0.46003758907318115,0.0,0.0,nan,0.0,0.0,0.0,-0.419785978386789,0.1,0.0,1.0
1779977923.3880787,-1.2820223569869995,-0.46003758907318115,0.0,0.0,nan,0.0,0.0,0.0,-0.419785978386789,0.1,0.0,1.0
1779977923.3981206,-1.2820223569869995,-0.46003758907318115,0.0,0.0,nan,0.0,0.0,0.0,-0.419785978386789,0.1,0.0,1.0
1779977923.4087245,-1.2820223569869995,-0.46003758907318115,0.0,0.0,nan,0.0,0.0,0.0,-0.419785978386789,0.1,0.0,1.0
1779977923.4187455,-1.2820223569869995,-0.46003758907318115,0.0,0.0,nan,0.0,0.0,0.0,-0.419785978386789,0.1,0.0,1.0
1779977923.4290974,-1.2820223569869995,-0.46003758907318115,0.0,0.0,nan,0.0,0.0,0.0,-0.419785978386789,0.1,0.0,1.0
1779977923.4394822,-1.2820223569869995,-0.46003758907318115,0.0,0.0,nan,0.0,0.0,0.0,-0.419785978386789,0.1,0.0,1.0
1779977923.4498312,-1.2820223569869995,-0.46003758907318115,0.0,0.0,nan,0.0,0.0,0.0,-0.419785978386789,0.1,0.0,1.0
1779977923.4599583,-1.2820223569869995,-0.46003758907318115,0.0,0.0,nan,0.0,0.0,0.0,-0.419785978386789,0.1,0.0,1.0
1779977923.4702995,-1.2820223569869995,-0.46003758907318115,0.0,0.0,nan,0.0,0.0,0.0,-0.419785978386789,0.1,0.0,1.0
1779977923.4803042,-1.2820223569869995,-0.46003758907318115,0.0,0.0,nan,0.0,0.0,0.0,-0.419785978386789,0.1,0.0,1.0
1779977923.4906101,-1.2820223569869995,-0.46003758907318115,0.0,0.0,nan,0.0,0.0,0.0,-0.419785978386789,0.1,0.0,1.0
1779977923.5008368,-1.2820223569869995,-0.46003758907318115,0.0,0.0,nan,0.0,0.0,0.0,-0.419785978386789,0.1,0.0,1.0
1779977923.5113974,-1.2820223569869995,-0.46003758907318115,0.0,0.0,nan,0.0,0.0,0.0,-0.419785978386789,0.1,0.0,1.0
1779977923.5221307,-1.2820223569869995,-0.46003758907318115,0.0,0.0,nan,0.0,0.0,0.0,-0.419785978386789,0.1,0.0,1.0
1779977923.5322938,-1.2820223569869995,-0.46003758907318115,0.0,0.0,nan,0.0,0.0,0.0,-0.419785978386789,0.1,0.0,1.0
1779977923.5424585,-1.2820223569869995,-0.46003758907318115,0.0,0.0,nan,0.0,0.0,0.0,-0.419785978386789,0.1,0.0,1.0
1779977923.5527194,-1.2820223569869995,-0.46003758907318115,0.0,0.0,nan,0.0,0.0,0.0,-0.419785978386789,0.1,0.0,1.0
1779977923.5629277,-1.2820223569869995,-0.46003758907318115,0.0,0.0,nan,0.0,0.0,0.0,-0.419785978386789,0.1,0.0,1.0
1779977923.5732598,-1.2820223569869995,-0.46003758907318115,0.0,0.0,nan,0.0,0.0,0.0,-0.419785978386789,0.1,0.0,1.0
1779977923.5834293,-1.2820223569869995,-0.46003758907318115,0.0,0.0,nan,0.0,0.0,0.0,-0.419785978386789,0.1,0.0,1.0
1779977923.593778,-1.2820223569869995,-0.46003758907318115,0.0,0.0,nan,0.0,0.0,0.0,-0.419785978386789,0.1,0.0,1.0
1779977923.6039486,-1.2820223569869995,-0.46003758907318115,0.0,0.0,nan,0.0,0.0,0.0,-0.419785978386789,0.1,0.0,1.0
1779977923.6140475,-1.2820223569869995,-0.46003758907318115,0.0,0.0,nan,0.0,0.0,0.0,-0.419785978386789,0.1,0.0,1.0
1779977923.6242855,-1.2820223569869995,-0.46003758907318115,0.0,0.0,nan,0.0,0.0,0.0,-0.419785978386789,0.1,0.0,1.0
1779977923.6349976,-1.2820223569869995,-0.46003758907318115,0.0,0.0,nan,0.0,0.0,0.0,-0.419785978386789,0.1,0.0,1.0
1779977923.6450772,-1.2820223569869995,-0.46003758907318115,0.0,0.0,nan,0.0,0.0,0.0,-0.419785978386789,0.1,0.0,1.0
1779977923.6552935,-1.2820223569869995,-0.46003758907318115,0.0,0.0,nan,0.0,0.0,0.0,-0.419785978386789,0.1,0.0,1.0
1779977923.6658635,-1.2820223569869995,-0.46003758907318115,0.0,0.0,nan,0.0,0.0,0.0,-0.419785978386789,0.1,0.0,1.0
1779977923.676311,-1.2820223569869995,-0.46003758907318115,0.0,0.0,nan,0.0,0.0,0.0,-0.419785978386789,0.1,0.0,1.0
1779977923.686717,-1.2820223569869995,-0.46003758907318115,0.0,0.0,nan,0.0,0.0,0.0,-0.419785978386789,0.1,0.0,1.0
1779977923.6969383,-1.2820223569869995,-0.46003758907318115,0.0,0.0,nan,0.0,0.0,0.0,-0.419785978386789,0.1,0.0,1.0
1779977923.7072918,-1.2820223569869995,-0.46003758907318115,0.0,0.0,nan,0.0,0.0,0.0,-0.419785978386789,0.1,0.0,1.0
1779977923.7178583,-1.2820223569869995,-0.46003758907318115,0.0,0.0,nan,0.0,0.0,0.0,-0.419785978386789,0.1,0.0,1.0
1779977923.7278273,-1.2820223569869995,-0.46003758907318115,0.0,0.0,nan,0.0,0.0,0.0,-0.419785978386789,0.1,0.0,1.0
1779977923.738604,-1.2820223569869995,-0.46003758907318115,0.0,0.0,nan,0.0,0.0,0.0,-0.419785978386789,0.1,0.0,1.0
1779977923.7486165,-1.2820223569869995,-0.46003758907318115,0.0,0.0,nan,0.0,0.0,0.0,-0.419785978386789,0.1,0.0,1.0
1779977923.7586575,-1.2820223569869995,-0.46003758907318115,0.0,0.0,nan,0.0,0.0,0.0,-0.419785978386789,0.1,0.0,1.0
1779977923.7693267,-1.2820223569869995,-0.46003758907318115,0.0,0.0,nan,0.0,0.0,0.0,-0.419785978386789,0.1,0.0,1.0
1779977923.7793634,-1.2820223569869995,-0.46003758907318115,0.0,0.0,nan,0.0,0.0,0.0,-0.419785978386789,0.1,0.0,1.0
1779977923.7900434,-1.2820223569869995,-0.46003758907318115,0.0,0.0,nan,0.0,0.0,0.0,-0.419785978386789,0.1,0.0,1.0
1779977923.8002846,-1.2820223569869995,-0.46003758907318115,0.0,0.0,nan,0.0,0.0,0.0,-0.419785978386789,0.1,0.0,1.0
1779977923.810486,-1.2820223569869995,-0.46003758907318115,0.0,0.0,nan,0.0,0.0,0.0,-0.419785978386789,0.1,0.0,1.0
1779977923.8210936,-1.2820223569869995,-0.46003758907318115,0.0,0.0,nan,0.0,0.0,0.0,-0.419785978386789,0.1,0.0,1.0
1779977923.8315475,-1.2820223569869995,-0.46003758907318115,0.0,0.0,nan,0.0,0.0,0.0,-0.419785978386789,0.1,0.0,1.0
1779977923.8419037,-1.2820223569869995,-0.46003758907318115,0.0,0.0,nan,0.0,0.0,0.0,-0.419785978386789,0.1,0.0,1.0
1779977923.8538773,-1.2820223569869995,-0.46003758907318115,0.0,0.0,nan,0.0,0.0,0.0,-0.419785978386789,0.1,0.0,1.0
1779977923.8639407,-1.2820223569869995,-0.46003758907318115,0.0,0.0,nan,0.0,0.0,0.0,-0.419785978386789,0.1,0.0,1.0
1779977923.87429,-1.2820223569869995,-0.46003758907318115,0.0,0.0,nan,0.0,0.0,0.0,-0.419785978386789,0.1,0.0,1.0
1779977923.8844945,-1.2820223569869995,-0.46003758907318115,0.0,0.0,nan,0.0,0.0,0.0,-0.419785978386789,0.1,0.0,1.0
1779977923.894467,-1.2820223569869995,-0.46003758907318115,0.0,0.0,nan,0.0,0.0,0.0,-0.419785978386789,0.1,0.0,1.0
1779977923.9048617,-1.2820223569869995,-0.46003758907318115,0.0,0.0,nan,0.0,0.0,0.0,-0.419785978386789,0.1,0.0,1.0
1779977923.9152007,-1.2820223569869995,-0.46003758907318115,0.0,0.0,nan,0.0,0.0,0.0,-0.419785978386789,0.1,0.0,1.0
1779977923.9260268,-1.2820223569869995,-0.46003758907318115,0.0,0.0,nan,0.0,0.0,0.0,-0.419785978386789,0.1,0.0,1.0
1779977923.936612,-1.2820223569869995,-0.46003758907318115,0.0,0.0,nan,0.0,0.0,0.0,-0.419785978386789,0.1,0.0,1.0
1779977923.9468782,-1.2820223569869995,-0.46003758907318115,0.0,0.0,nan,0.0,0.0,0.0,-0.419785978386789,0.1,0.0,1.0
1779977923.95715,-1.2820223569869995,-0.46003758907318115,0.0,0.0,nan,0.0,0.0,0.0,-0.419785978386789,0.1,0.0,1.0
1779977923.9671617,-1.2820223569869995,-0.46003758907318115,0.0,0.0,nan,0.0,0.0,0.0,-0.419785978386789,0.1,0.0,1.0
1779977923.9773717,-1.2820223569869995,-0.46003758907318115,0.0,0.0,nan,0.0,0.0,0.0,-0.419785978386789,0.1,0.0,1.0
1779977923.987762,-1.2820223569869995,-0.46003758907318115,0.0,0.0,nan,0.0,0.0,0.0,-0.419785978386789,0.1,0.0,1.0
1779977923.9980202,-1.2820223569869995,-0.46003758907318115,0.0,0.0,nan,0.0,0.0,0.0,-0.419785978386789,0.1,0.0,1.0
1779977924.0080137,-1.2820223569869995,-0.46003758907318115,0.0,0.0,nan,0.0,0.0,0.0,-0.419785978386789,0.1,0.0,1.0
1779977924.018539,-1.2820223569869995,-0.46003758907318115,0.0,0.0,nan,0.0,0.0,0.0,-0.419785978386789,0.1,0.0,1.0
1779977924.0287735,-1.2820223569869995,-0.46003758907318115,0.0,0.0,nan,0.0,0.0,0.0,-0.419785978386789,0.1,0.0,1.0
1779977924.0390954,-1.2820223569869995,-0.46003758907318115,0.0,0.0,nan,0.0,0.0,0.0,-0.419785978386789,0.1,0.0,1.0
1779977924.0490978,-1.2820223569869995,-0.46003758907318115,0.0,0.0,nan,0.0,0.0,0.0,-0.419785978386789,0.1,0.0,1.0
1779977924.0596435,-1.2820223569869995,-0.46003758907318115,0.0,0.0,nan,0.0,0.0,0.0,-0.419785978386789,0.1,0.0,1.0
1779977924.0701342,-1.2820223569869995,-0.46003758907318115,0.0,0.0,nan,0.0,0.0,0.0,-0.419785978386789,0.1,0.0,1.0
1779977924.0804532,-1.2820223569869995,-0.46003758907318115,0.0,0.0,nan,0.0,0.0,0.0,-0.419785978386789,0.1,0.0,1.0
1779977924.0912538,-1.2820223569869995,-0.46003758907318115,0.0,0.0,nan,0.0,0.0,0.0,-0.419785978386789,0.1,0.0,1.0
1779977924.101345,-1.2820223569869995,-0.46003758907318115,0.0,0.0,nan,0.0,0.0,0.0,-0.419785978386789,0.1,0.0,1.0
1779977924.111378,-1.2820223569869995,-0.46003758907318115,0.0,0.0,nan,0.0,0.0,0.0,-0.419785978386789,0.1,0.0,1.0
1779977924.1224983,-1.2820223569869995,-0.46003758907318115,0.0,0.0,nan,0.0,0.0,0.0,-0.419785978386789,0.1,0.0,1.0
1779977924.1326234,-1.2820223569869995,-0.46003758907318115,0.0,0.0,nan,0.0,0.0,0.0,-0.419785978386789,0.1,0.0,1.0
1779977924.1433337,-1.2820223569869995,-0.46003758907318115,0.0,0.0,nan,0.0,0.0,0.0,-0.419785978386789,0.1,0.0,1.0
1779977924.1531038,-1.2820223569869995,-0.46003758907318115,0.0,0.0,nan,0.0,0.0,0.0,-0.419785978386789,0.1,0.0,1.0
1779977924.16373,-1.2820223569869995,-0.46003758907318115,0.0,0.0,nan,0.0,0.0,0.0,-0.419785978386789,0.1,0.0,1.0
1779977924.1738992,-1.2820223569869995,-0.46003758907318115,0.0,0.0,nan,0.0,0.0,0.0,-0.419785978386789,0.1,0.0,1.0
1779977924.1841931,-1.2820223569869995,-0.46003758907318115,0.0,0.0,nan,0.0,0.0,0.0,-0.419785978386789,0.1,0.0,1.0
1779977924.194788,-1.2820223569869995,-0.46003758907318115,0.0,0.0,nan,0.0,0.0,0.0,-0.419785978386789,0.1,0.0,1.0
1779977924.205221,-1.2820223569869995,-0.46003758907318115,0.0,0.0,nan,0.0,0.0,0.0,-0.419785978386789,0.1,0.0,1.0
1779977924.215363,-1.2820223569869995,-0.46003758907318115,0.0,0.0,nan,0.0,0.0,0.0,-0.419785978386789,0.1,0.0,1.0
1779977924.2260962,-1.2820223569869995,-0.46003758907318115,0.0,0.0,nan,0.0,0.0,0.0,-0.419785978386789,0.1,0.0,1.0
1779977924.2363343,-1.2820223569869995,-0.46003758907318115,0.0,0.0,nan,0.0,0.0,0.0,-0.419785978386789,0.1,0.0,1.0
1779977924.2465591,-1.2820223569869995,-0.46003758907318115,0.0,0.0,nan,0.0,0.0,0.0,-0.419785978386789,0.1,0.0,1.0
1779977924.25686,-1.2820223569869995,-0.46003758907318115,0.0,0.0,nan,0.0,0.0,0.0,-0.419785978386789,0.1,0.0,1.0
1779977924.2668033,-1.2820223569869995,-0.46003758907318115,0.0,0.0,nan,0.0,0.0,0.0,-0.419785978386789,0.1,0.0,1.0
1779977924.277459,-1.2820223569869995,-0.46003758907318115,0.0,0.0,nan,0.0,0.0,0.0,-0.419785978386789,0.1,0.0,1.0
1779977924.2875502,-1.2820223569869995,-0.46003758907318115,0.0,0.0,nan,0.0,0.0,0.0,-0.419785978386789,0.1,0.0,1.0
1779977924.297922,-1.2820223569869995,-0.46003758907318115,0.0,0.0,nan,0.0,0.0,0.0,-0.419785978386789,0.1,0.0,1.0
1779977924.3083482,-1.2820223569869995,-0.46003758907318115,0.0,0.0,nan,0.0,0.0,0.0,-0.419785978386789,0.1,0.0,1.0
1779977924.3184743,-1.2820223569869995,-0.46003758907318115,0.0,0.0,nan,0.0,0.0,0.0,-0.419785978386789,0.1,0.0,1.0
1779977924.3287287,-1.2820223569869995,-0.46003758907318115,0.0,0.0,nan,0.0,0.0,0.0,-0.419785978386789,0.1,0.0,1.0
1779977924.3389628,-1.2820223569869995,-0.46003758907318115,0.0,0.0,nan,0.0,0.0,0.0,-0.419785978386789,0.1,0.0,1.0
1779977924.3495352,-1.2820223569869995,-0.46003758907318115,0.0,0.0,nan,0.0,0.0,0.0,-0.419785978386789,0.1,0.0,1.0
1779977924.3599489,-1.2820223569869995,-0.46003758907318115,0.0,0.0,nan,0.0,0.0,0.0,-0.419785978386789,0.1,0.0,1.0
1779977924.3701072,-1.2820223569869995,-0.46003758907318115,0.0,0.0,nan,0.0,0.0,0.0,-0.419785978386789,0.1,0.0,1.0
1779977924.3806813,-1.2820223569869995,-0.46003758907318115,0.0,0.0,nan,0.0,0.0,0.0,-0.419785978386789,0.1,0.0,1.0
1779977924.3906972,-1.2820223569869995,-0.46003758907318115,0.0,0.0,nan,0.0,0.0,0.0,-0.419785978386789,0.1,0.0,1.0
1779977924.401487,-1.2820223569869995,-0.46003758907318115,0.0,0.0,nan,0.0,0.0,0.0,-0.419785978386789,0.1,0.0,1.0
1779977924.411867,-1.2820223569869995,-0.46003758907318115,0.0,0.0,nan,0.0,0.0,0.0,-0.419785978386789,0.1,0.0,1.0
1779977924.4223082,-1.2820223569869995,-0.46003758907318115,0.0,0.0,nan,0.0,0.0,0.0,-0.419785978386789,0.1,0.0,1.0
1779977924.4323306,-1.2820223569869995,-0.46003758907318115,0.0,0.0,nan,0.0,0.0,0.0,-0.419785978386789,0.1,0.0,1.0
1779977924.4427683,-1.2820223569869995,-0.46003758907318115,0.0,0.0,nan,0.0,0.0,0.0,-0.419785978386789,0.1,0.0,1.0
1779977924.4530642,-1.2820223569869995,-0.46003758907318115,0.0,0.0,nan,0.0,0.0,0.0,-0.419785978386789,0.1,0.0,1.0
1779977924.4630232,-1.2820223569869995,-0.46003758907318115,0.0,0.0,nan,0.0,0.0,0.0,-0.419785978386789,0.1,0.0,1.0
1779977924.4734058,-1.2820223569869995,-0.46003758907318115,0.0,0.0,nan,0.0,0.0,0.0,-0.419785978386789,0.1,0.0,1.0
1779977924.4834368,-1.2820223569869995,-0.46003758907318115,0.0,0.0,nan,0.0,0.0,0.0,-0.419785978386789,0.1,0.0,1.0
1779977924.4937828,-1.2820223569869995,-0.46003758907318115,0.0,0.0,nan,0.0,0.0,0.0,-0.419785978386789,0.1,0.0,1.0
1779977924.5044005,-1.2820223569869995,-0.46003758907318115,0.0,0.0,nan,0.0,0.0,0.0,-0.419785978386789,0.1,0.0,1.0
1779977924.5146234,-1.2820223569869995,-0.46003758907318115,0.0,0.0,nan,0.0,0.0,0.0,-0.419785978386789,0.1,0.0,1.0
1779977924.525057,-1.2820223569869995,-0.46003758907318115,0.0,0.0,nan,0.0,0.0,0.0,-0.419785978386789,0.1,0.0,1.0
1779977924.535533,-1.2820223569869995,-0.46003758907318115,0.0,0.0,nan,0.0,0.0,0.0,-0.419785978386789,0.1,0.0,1.0
1779977924.5461555,-1.2820223569869995,-0.46003758907318115,0.0,0.0,nan,0.0,0.0,0.0,-0.419785978386789,0.1,0.0,1.0
1779977924.5566258,-1.2820223569869995,-0.46003758907318115,0.0,0.0,nan,0.0,0.0,0.0,-0.419785978386789,0.1,0.0,1.0
1779977924.5667484,-1.2820223569869995,-0.46003758907318115,0.0,0.0,nan,0.0,0.0,0.0,-0.419785978386789,0.1,0.0,1.0
1779977924.576927,-1.2820223569869995,-0.46003758907318115,0.0,0.0,nan,0.0,0.0,0.0,-0.419785978386789,0.1,0.0,1.0
1779977924.5874908,-1.2820223569869995,-0.46003758907318115,0.0,0.0,nan,0.0,0.0,0.0,-0.419785978386789,0.1,0.0,1.0
1779977924.5976162,-1.2820223569869995,-0.46003758907318115,0.0,0.0,nan,0.0,0.0,0.0,-0.419785978386789,0.1,0.0,1.0
1779977924.6081414,-1.2820223569869995,-0.46003758907318115,0.0,0.0,nan,0.0,0.0,0.0,-0.419785978386789,0.1,0.0,1.0
1779977924.6183686,-1.2820223569869995,-0.46003758907318115,0.0,0.0,nan,0.0,0.0,0.0,-0.419785978386789,0.1,0.0,1.0
1779977924.6283705,-1.2820223569869995,-0.46003758907318115,0.0,0.0,nan,0.0,0.0,0.0,-0.419785978386789,0.1,0.0,1.0
1779977924.638535,-1.2820223569869995,-0.46003758907318115,0.0,0.0,nan,0.0,0.0,0.0,-0.419785978386789,0.1,0.0,1.0
1779977924.6487854,-1.2820223569869995,-0.46003758907318115,0.0,0.0,nan,0.0,0.0,0.0,-0.419785978386789,0.1,0.0,1.0
1779977924.6593633,-1.2820223569869995,-0.46003758907318115,0.0,0.0,nan,0.0,0.0,0.0,-0.419785978386789,0.1,0.0,1.0
1779977924.669764,-1.2820223569869995,-0.46003758907318115,0.0,0.0,nan,0.0,0.0,0.0,-0.419785978386789,0.1,0.0,1.0
1779977924.6803424,-1.2820223569869995,-0.46003758907318115,0.0,0.0,nan,0.0,0.0,0.0,-0.419785978386789,0.1,0.0,1.0
1779977924.6904364,-1.2820223569869995,-0.46003758907318115,0.0,0.0,nan,0.0,0.0,0.0,-0.419785978386789,0.1,0.0,1.0
1779977924.7010276,-1.2820223569869995,-0.46003758907318115,0.0,0.0,nan,0.0,0.0,0.0,-0.419785978386789,0.1,0.0,1.0
1779977924.7114387,-1.2820223569869995,-0.46003758907318115,0.0,0.0,nan,0.0,0.0,0.0,-0.419785978386789,0.1,0.0,1.0
1779977924.7217185,-1.2820223569869995,-0.46003758907318115,0.0,0.0,nan,0.0,0.0,0.0,-0.419785978386789,0.1,0.0,1.0
1779977924.7323096,-1.2820223569869995,-0.46003758907318115,0.0,0.0,nan,0.0,0.0,0.0,-0.419785978386789,0.1,0.0,1.0
1779977924.7425833,-1.2820223569869995,-0.46003758907318115,0.0,0.0,nan,0.0,0.0,0.0,-0.419785978386789,0.1,0.0,1.0
1779977924.7527518,-1.2820223569869995,-0.46003758907318115,0.0,0.0,nan,0.0,0.0,0.0,-0.419785978386789,0.1,0.0,1.0
1779977924.7634025,-1.2820223569869995,-0.46003758907318115,0.0,0.0,nan,0.0,0.0,0.0,-0.419785978386789,0.1,0.0,1.0
1779977924.773981,-1.2820223569869995,-0.46003758907318115,0.0,0.0,nan,0.0,0.0,0.0,-0.419785978386789,0.1,0.0,1.0
1779977924.7840984,-1.2820223569869995,-0.46003758907318115,0.0,0.0,nan,0.0,0.0,0.0,-0.419785978386789,0.1,0.0,1.0
1779977924.7942953,-1.2820223569869995,-0.46003758907318115,0.0,0.0,nan,0.0,0.0,0.0,-0.419785978386789,0.1,0.0,1.0
1779977924.804565,-1.2820223569869995,-0.46003758907318115,0.0,0.0,nan,0.0,0.0,0.0,-0.419785978386789,0.1,0.0,1.0
1779977924.8149667,-1.2820223569869995,-0.46003758907318115,0.0,0.0,nan,0.0,0.0,0.0,-0.419785978386789,0.1,0.0,1.0
1779977924.824964,-1.2820223569869995,-0.46003758907318115,0.0,0.0,nan,0.0,0.0,0.0,-0.419785978386789,0.1,0.0,1.0
1779977924.8352807,-1.2820223569869995,-0.46003758907318115,0.0,0.0,nan,0.0,0.0,0.0,-0.419785978386789,0.1,0.0,1.0
1779977924.8458567,-1.2820223569869995,-0.46003758907318115,0.0,0.0,nan,0.0,0.0,0.0,-0.419785978386789,0.1,0.0,1.0
1779977924.8562436,-1.2820223569869995,-0.46003758907318115,0.0,0.0,nan,0.0,0.0,0.0,-0.419785978386789,0.1,0.0,1.0
1779977924.866351,-1.2820223569869995,-0.46003758907318115,0.0,0.0,nan,0.0,0.0,0.0,-0.419785978386789,0.1,0.0,1.0
1779977924.8763752,-1.2820223569869995,-0.46003758907318115,0.0,0.0,nan,0.0,0.0,0.0,-0.419785978386789,0.1,0.0,1.0
1779977924.8868957,-1.2820223569869995,-0.46003758907318115,0.0,0.0,nan,0.0,0.0,0.0,-0.419785978386789,0.1,0.0,1.0
1779977924.8970203,-1.2820223569869995,-0.46003758907318115,0.0,0.0,nan,0.0,0.0,0.0,-0.419785978386789,0.1,0.0,1.0
1779977924.9075282,-1.2820223569869995,-0.46003758907318115,0.0,0.0,nan,0.0,0.0,0.0,-0.419785978386789,0.1,0.0,1.0
1779977924.9178777,-1.2820223569869995,-0.46003758907318115,0.0,0.0,nan,0.0,0.0,0.0,-0.419785978386789,0.1,0.0,1.0
1779977924.927979,-1.2820223569869995,-0.46003758907318115,0.0,0.0,nan,0.0,0.0,0.0,-0.419785978386789,0.1,0.0,1.0
1779977924.9381952,-1.2820223569869995,-0.46003758907318115,0.0,0.0,nan,0.0,0.0,0.0,-0.419785978386789,0.1,0.0,1.0
1779977924.9486403,-1.2820223569869995,-0.46003758907318115,0.0,0.0,nan,0.0,0.0,0.0,-0.419785978386789,0.1,0.0,1.0
1779977924.9592123,-1.2820223569869995,-0.46003758907318115,0.0,0.0,nan,0.0,0.0,0.0,-0.419785978386789,0.1,0.0,1.0
1779977924.969743,-1.2820223569869995,-0.46003758907318115,0.0,0.0,nan,0.0,0.0,0.0,-0.419785978386789,0.1,0.0,1.0
1779977924.979798,-1.2820223569869995,-0.46003758907318115,0.0,0.0,nan,0.0,0.0,0.0,-0.419785978386789,0.1,0.0,1.0
1779977924.99006,-1.2820223569869995,-0.46003758907318115,0.0,0.0,nan,0.0,0.0,0.0,-0.419785978386789,0.1,0.0,1.0
1779977925.0004365,-1.2820223569869995,-0.46003758907318115,0.0,0.0,nan,0.0,0.0,0.0,-0.419785978386789,0.1,0.0,1.0
1779977925.010776,-1.2820223569869995,-0.46003758907318115,0.0,0.0,nan,0.0,0.0,0.0,-0.419785978386789,0.1,0.0,1.0
1779977925.0210035,-1.2820223569869995,-0.46003758907318115,0.0,0.0,nan,0.0,0.0,0.0,-0.419785978386789,0.1,0.0,1.0
1779977925.031532,-1.2820223569869995,-0.46003758907318115,0.0,0.0,nan,0.0,0.0,0.0,-0.419785978386789,0.1,0.0,1.0
1779977925.0415869,-1.2820223569869995,-0.46003758907318115,0.0,0.0,nan,0.0,0.0,0.0,-0.419785978386789,0.1,0.0,1.0
1779977925.0521557,-1.2820223569869995,-0.46003758907318115,0.0,0.0,nan,0.0,0.0,0.0,-0.419785978386789,0.1,0.0,1.0
1779977925.0622525,-1.2820223569869995,-0.46003758907318115,0.0,0.0,nan,0.0,0.0,0.0,-0.419785978386789,0.1,0.0,1.0
1779977925.0730739,-1.2820223569869995,-0.46003758907318115,0.0,0.0,nan,0.0,0.0,0.0,-0.419785978386789,0.1,0.0,1.0
1779977925.083134,-1.2820223569869995,-0.46003758907318115,0.0,0.0,nan,0.0,0.0,0.0,-0.419785978386789,0.1,0.0,1.0
1779977925.0931594,-1.2820223569869995,-0.46003758907318115,0.0,0.0,nan,0.0,0.0,0.0,-0.419785978386789,0.1,0.0,1.0
1779977925.1037848,-1.2820223569869995,-0.46003758907318115,0.0,0.0,nan,0.0,0.0,0.0,-0.419785978386789,0.1,0.0,1.0
1779977925.114496,-1.2820223569869995,-0.46003758907318115,0.0,0.0,nan,0.0,0.0,0.0,-0.419785978386789,0.1,0.0,1.0
1779977925.1245608,-1.2820223569869995,-0.46003758907318115,0.0,0.0,nan,0.0,0.0,0.0,-0.419785978386789,0.1,0.0,1.0
1779977925.1346323,-1.2820223569869995,-0.46003758907318115,0.0,0.0,nan,0.0,0.0,0.0,-0.419785978386789,0.1,0.0,1.0
1779977925.1453297,-1.2820223569869995,-0.46003758907318115,0.0,0.0,nan,0.0,0.0,0.0,-0.419785978386789,0.1,0.0,1.0
1779977925.1555343,-1.2820223569869995,-0.46003758907318115,0.0,0.0,nan,0.0,0.0,0.0,-0.419785978386789,0.1,0.0,1.0
1779977925.166013,-1.2820223569869995,-0.46003758907318115,0.0,0.0,nan,0.0,0.0,0.0,-0.419785978386789,0.1,0.0,1.0
1779977925.1762173,-1.2820223569869995,-0.46003758907318115,0.0,0.0,nan,0.0,0.0,0.0,-0.419785978386789,0.1,0.0,1.0
1779977925.1866376,-1.2820223569869995,-0.46003758907318115,0.0,0.0,nan,0.0,0.0,0.0,-0.419785978386789,0.1,0.0,1.0
1779977925.1966045,-1.2820223569869995,-0.46003758907318115,0.0,0.0,nan,0.0,0.0,0.0,-0.419785978386789,0.1,0.0,1.0
1779977925.2069445,-1.2820223569869995,-0.46003758907318115,0.0,0.0,nan,0.0,0.0,0.0,-0.419785978386789,0.1,0.0,1.0
1779977925.217493,-1.2820223569869995,-0.46003758907318115,0.0,0.0,nan,0.0,0.0,0.0,-0.419785978386789,0.1,0.0,1.0
1779977925.2279494,-1.2820223569869995,-0.46003758907318115,0.0,0.0,nan,0.0,0.0,0.0,-0.419785978386789,0.1,0.0,1.0
1779977925.2385175,-1.2820223569869995,-0.46003758907318115,0.0,0.0,nan,0.0,0.0,0.0,-0.419785978386789,0.1,0.0,1.0
1779977925.2486243,-1.2820223569869995,-0.46003758907318115,0.0,0.0,nan,0.0,0.0,0.0,-0.419785978386789,0.1,0.0,1.0
1779977925.2591965,-1.2820223569869995,-0.46003758907318115,0.0,0.0,nan,0.0,0.0,0.0,-0.419785978386789,0.1,0.0,1.0
1779977925.2695098,-1.2820223569869995,-0.46003758907318115,0.0,0.0,nan,0.0,0.0,0.0,-0.419785978386789,0.1,0.0,1.0
1779977925.2802267,-1.2820223569869995,-0.46003758907318115,0.0,0.0,nan,0.0,0.0,0.0,-0.419785978386789,0.1,0.0,1.0
1779977925.290389,-1.2820223569869995,-0.46003758907318115,0.0,0.0,nan,0.0,0.0,0.0,-0.419785978386789,0.1,0.0,1.0
1779977925.3005235,-1.2820223569869995,-0.46003758907318115,0.0,0.0,nan,0.0,0.0,0.0,-0.419785978386789,0.1,0.0,1.0
1779977925.3105006,-1.2820223569869995,-0.46003758907318115,0.0,0.0,nan,0.0,0.0,0.0,-0.419785978386789,0.1,0.0,1.0
1779977925.3205564,-1.2820223569869995,-0.46003758907318115,0.0,0.0,nan,0.0,0.0,0.0,-0.419785978386789,0.1,0.0,1.0
1779977925.330874,-1.2820223569869995,-0.46003758907318115,0.0,0.0,nan,0.0,0.0,0.0,-0.419785978386789,0.1,0.0,1.0
1779977925.3410106,-1.2820223569869995,-0.46003758907318115,0.0,0.0,nan,0.0,0.0,0.0,-0.419785978386789,0.1,0.0,1.0
1779977925.3512864,-1.2820223569869995,-0.46003758907318115,0.0,0.0,nan,0.0,0.0,0.0,-0.419785978386789,0.1,0.0,1.0
1779977925.3617995,-1.2820223569869995,-0.46003758907318115,0.0,0.0,nan,0.0,0.0,0.0,-0.419785978386789,0.1,0.0,1.0
1779977925.371858,-1.2820223569869995,-0.46003758907318115,0.0,0.0,nan,0.0,0.0,0.0,-0.419785978386789,0.1,0.0,1.0
1779977925.382065,-1.2820223569869995,-0.46003758907318115,0.0,0.0,nan,0.0,0.0,0.0,-0.419785978386789,0.1,0.0,1.0
1779977925.3926742,-1.2820223569869995,-0.46003758907318115,0.0,0.0,nan,0.0,0.0,0.0,-0.419785978386789,0.1,0.0,1.0
1779977925.4029253,-1.2820223569869995,-0.46003758907318115,0.0,0.0,nan,0.0,0.0,0.0,-0.419785978386789,0.1,0.0,1.0
1779977925.4134676,-1.2820223569869995,-0.46003758907318115,0.0,0.0,nan,0.0,0.0,0.0,-0.419785978386789,0.1,0.0,1.0
1779977925.4240625,-1.2820223569869995,-0.46003758907318115,0.0,0.0,nan,0.0,0.0,0.0,-0.419785978386789,0.1,0.0,1.0
1779977925.4343932,-1.2820223569869995,-0.46003758907318115,0.0,0.0,nan,0.0,0.0,0.0,-0.419785978386789,0.1,0.0,1.0
1779977925.4448822,-1.2820223569869995,-0.46003758907318115,0.0,0.0,nan,0.0,0.0,0.0,-0.419785978386789,0.1,0.0,1.0
1779977925.455596,-1.2820223569869995,-0.46003758907318115,0.0,0.0,nan,0.0,0.0,0.0,-0.419785978386789,0.1,0.0,1.0
1779977925.4658093,-1.2820223569869995,-0.46003758907318115,0.0,0.0,nan,0.0,0.0,0.0,-0.419785978386789,0.1,0.0,1.0
1779977925.4763892,-1.2820223569869995,-0.46003758907318115,0.0,0.0,nan,0.0,0.0,0.0,-0.419785978386789,0.1,0.0,1.0
1779977925.4869304,-1.2820223569869995,-0.46003758907318115,0.0,0.0,nan,0.0,0.0,0.0,-0.419785978386789,0.1,0.0,1.0
1779977925.497336,-1.2820223569869995,-0.46003758907318115,0.0,0.0,nan,0.0,0.0,0.0,-0.419785978386789,0.1,0.0,1.0
1779977925.5076263,-1.2820223569869995,-0.46003758907318115,0.0,0.0,nan,0.0,0.0,0.0,-0.419785978386789,0.1,0.0,1.0
1779977925.517775,-1.2820223569869995,-0.46003758907318115,0.0,0.0,nan,0.0,0.0,0.0,-0.419785978386789,0.1,0.0,1.0
1779977925.5283968,-1.2820223569869995,-0.46003758907318115,0.0,0.0,nan,0.0,0.0,0.0,-0.419785978386789,0.1,0.0,1.0
1779977925.5387242,-1.2820223569869995,-0.46003758907318115,0.0,0.0,nan,0.0,0.0,0.0,-0.419785978386789,0.1,0.0,1.0
1779977925.5491443,-1.2820223569869995,-0.46003758907318115,0.0,0.0,nan,0.0,0.0,0.0,-0.419785978386789,0.1,0.0,1.0
1779977925.5597217,-1.2820223569869995,-0.46003758907318115,0.0,0.0,nan,0.0,0.0,0.0,-0.419785978386789,0.1,0.0,1.0
1779977925.5699193,-1.2820223569869995,-0.46003758907318115,0.0,0.0,nan,0.0,0.0,0.0,-0.419785978386789,0.1,0.0,1.0
1779977925.5799782,-1.2820223569869995,-0.46003758907318115,0.0,0.0,nan,0.0,0.0,0.0,-0.419785978386789,0.1,0.0,1.0
1779977925.5903115,-1.2820223569869995,-0.46003758907318115,0.0,0.0,nan,0.0,0.0,0.0,-0.419785978386789,0.1,0.0,1.0
1779977925.6008742,-1.2820223569869995,-0.46003758907318115,0.0,0.0,nan,0.0,0.0,0.0,-0.419785978386789,0.1,0.0,1.0
1779977925.611281,-1.2820223569869995,-0.46003758907318115,0.0,0.0,nan,0.0,0.0,0.0,-0.419785978386789,0.1,0.0,1.0
1779977925.6219575,-1.2820223569869995,-0.46003758907318115,0.0,0.0,nan,0.0,0.0,0.0,-0.419785978386789,0.1,0.0,1.0
1779977925.6320176,-1.2820223569869995,-0.46003758907318115,0.0,0.0,nan,0.0,0.0,0.0,-0.419785978386789,0.1,0.0,1.0
1779977925.6421986,-1.2820223569869995,-0.46003758907318115,0.0,0.0,nan,0.0,0.0,0.0,-0.419785978386789,0.1,0.0,1.0
1779977925.6529694,-1.2820223569869995,-0.46003758907318115,0.0,0.0,nan,0.0,0.0,0.0,-0.419785978386789,0.1,0.0,1.0
1779977925.6631546,-1.2820223569869995,-0.46003758907318115,0.0,0.0,nan,0.0,0.0,0.0,-0.419785978386789,0.1,0.0,1.0
1779977925.6736443,-1.2820223569869995,-0.46003758907318115,0.0,0.0,nan,0.0,0.0,0.0,-0.419785978386789,0.1,0.0,1.0
1779977925.6839561,-1.2820223569869995,-0.46003758907318115,0.0,0.0,nan,0.0,0.0,0.0,-0.419785978386789,0.1,0.0,1.0
1779977925.6940327,-1.2820223569869995,-0.46003758907318115,0.0,0.0,nan,0.0,0.0,0.0,-0.419785978386789,0.1,0.0,1.0
1779977925.7044723,-1.2820223569869995,-0.46003758907318115,0.0,0.0,nan,0.0,0.0,0.0,-0.419785978386789,0.1,0.0,1.0
1779977925.7149005,-1.2820223569869995,-0.46003758907318115,0.0,0.0,nan,0.0,0.0,0.0,-0.419785978386789,0.1,0.0,1.0
1779977925.725278,-1.2820223569869995,-0.46003758907318115,0.0,0.0,nan,0.0,0.0,0.0,-0.419785978386789,0.1,0.0,1.0
1779977925.735375,-1.2820223569869995,-0.46003758907318115,0.0,0.0,nan,0.0,0.0,0.0,-0.419785978386789,0.1,0.0,1.0
1779977925.7457588,-1.2820223569869995,-0.46003758907318115,0.0,0.0,nan,0.0,0.0,0.0,-0.419785978386789,0.1,0.0,1.0
1779977925.7563555,-1.2820223569869995,-0.46003758907318115,0.0,0.0,nan,0.0,0.0,0.0,-0.419785978386789,0.1,0.0,1.0
1779977925.7664175,-1.2820223569869995,-0.46003758907318115,0.0,0.0,nan,0.0,0.0,0.0,-0.419785978386789,0.1,0.0,1.0
1779977925.7769456,-1.2820223569869995,-0.46003758907318115,0.0,0.0,nan,0.0,0.0,0.0,-0.419785978386789,0.1,0.0,1.0
1779977925.7872941,-1.2820223569869995,-0.46003758907318115,0.0,0.0,nan,0.0,0.0,0.0,-0.419785978386789,0.1,0.0,1.0
1779977925.7975872,-1.2820223569869995,-0.46003758907318115,0.0,0.0,nan,0.0,0.0,0.0,-0.419785978386789,0.1,0.0,1.0
1779977925.8081377,-1.2820223569869995,-0.46003758907318115,0.0,0.0,nan,0.0,0.0,0.0,-0.419785978386789,0.1,0.0,1.0
1779977925.8180702,-1.2820223569869995,-0.46003758907318115,0.0,0.0,nan,0.0,0.0,0.0,-0.419785978386789,0.1,0.0,1.0
1779977925.8284204,-1.2820223569869995,-0.46003758907318115,0.0,0.0,nan,0.0,0.0,0.0,-0.419785978386789,0.1,0.0,1.0
1779977925.8385139,-1.2820223569869995,-0.46003758907318115,0.0,0.0,nan,0.0,0.0,0.0,-0.419785978386789,0.1,0.0,1.0
1779977925.8488462,-1.2820223569869995,-0.46003758907318115,0.0,0.0,nan,0.0,0.0,0.0,-0.419785978386789,0.1,0.0,1.0
1779977925.8590126,-1.2820223569869995,-0.46003758907318115,0.0,0.0,nan,0.0,0.0,0.0,-0.419785978386789,0.1,0.0,1.0
1779977925.8693223,-1.2820223569869995,-0.46003758907318115,0.0,0.0,nan,0.0,0.0,0.0,-0.419785978386789,0.1,0.0,1.0
1779977925.879374,-1.2820223569869995,-0.46003758907318115,0.0,0.0,nan,0.0,0.0,0.0,-0.419785978386789,0.1,0.0,1.0
1779977925.8901467,-1.2820223569869995,-0.46003758907318115,0.0,0.0,nan,0.0,0.0,0.0,-0.419785978386789,0.1,0.0,1.0
1779977925.9001331,-1.2820223569869995,-0.46003758907318115,0.0,0.0,nan,0.0,0.0,0.0,-0.419785978386789,0.1,0.0,1.0
1779977925.9107678,-1.2820223569869995,-0.46003758907318115,0.0,0.0,nan,0.0,0.0,0.0,-0.419785978386789,0.1,0.0,1.0
1779977925.9213142,-1.2820223569869995,-0.46003758907318115,0.0,0.0,nan,0.0,0.0,0.0,-0.419785978386789,0.1,0.0,1.0
1779977925.931932,-1.2820223569869995,-0.46003758907318115,0.0,0.0,nan,0.0,0.0,0.0,-0.419785978386789,0.1,0.0,1.0
1779977925.9418736,-1.2820223569869995,-0.46003758907318115,0.0,0.0,nan,0.0,0.0,0.0,-0.419785978386789,0.1,0.0,1.0
1779977925.9520369,-1.2820223569869995,-0.46003758907318115,0.0,0.0,nan,0.0,0.0,0.0,-0.419785978386789,0.1,0.0,1.0
1779977925.9623342,-1.2820223569869995,-0.46003758907318115,0.0,0.0,nan,0.0,0.0,0.0,-0.419785978386789,0.1,0.0,1.0
1779977925.972356,-1.2820223569869995,-0.46003758907318115,0.0,0.0,nan,0.0,0.0,0.0,-0.419785978386789,0.1,0.0,1.0
1779977925.982492,-1.2820223569869995,-0.46003758907318115,0.0,0.0,nan,0.0,0.0,0.0,-0.419785978386789,0.1,0.0,1.0
1779977925.9931958,-1.2820223569869995,-0.46003758907318115,0.0,0.0,nan,0.0,0.0,0.0,-0.419785978386789,0.1,0.0,1.0
1779977926.003315,-1.2820223569869995,-0.46003758907318115,0.0,0.0,nan,0.0,0.0,0.0,-0.419785978386789,0.1,0.0,1.0
1779977926.0134363,-1.2820223569869995,-0.46003758907318115,0.0,0.0,nan,0.0,0.0,0.0,-0.419785978386789,0.1,0.0,1.0
1779977926.0237072,-1.2820223569869995,-0.46003758907318115,0.0,0.0,nan,0.0,0.0,0.0,-0.419785978386789,0.1,0.0,1.0
1779977926.034014,-1.2820223569869995,-0.46003758907318115,0.0,0.0,nan,0.0,0.0,0.0,-0.419785978386789,0.1,0.0,1.0
1779977926.0440586,-1.2820223569869995,-0.46003758907318115,0.0,0.0,nan,0.0,0.0,0.0,-0.419785978386789,0.1,0.0,1.0
1779977926.054354,-1.2820223569869995,-0.46003758907318115,0.0,0.0,nan,0.0,0.0,0.0,-0.419785978386789,0.1,0.0,1.0
1779977926.064494,-1.2820223569869995,-0.46003758907318115,0.0,0.0,nan,0.0,0.0,0.0,-0.419785978386789,0.1,0.0,1.0
1779977926.0750246,-1.2820223569869995,-0.46003758907318115,0.0,0.0,nan,0.0,0.0,0.0,-0.419785978386789,0.1,0.0,1.0
1779977926.0857754,-1.2820223569869995,-0.46003758907318115,0.0,0.0,nan,0.0,0.0,0.0,-0.419785978386789,0.1,0.0,1.0
1779977926.0958335,-1.2820223569869995,-0.46003758907318115,0.0,0.0,nan,0.0,0.0,0.0,-0.419785978386789,0.1,0.0,1.0
1779977926.106087,-1.2820223569869995,-0.46003758907318115,0.0,0.0,nan,0.0,0.0,0.0,-0.419785978386789,0.1,0.0,1.0
1779977926.1165228,-1.2820223569869995,-0.46003758907318115,0.0,0.0,nan,0.0,0.0,0.0,-0.419785978386789,0.1,0.0,1.0
1779977926.1265485,-1.2820223569869995,-0.46003758907318115,0.0,0.0,nan,0.0,0.0,0.0,-0.419785978386789,0.1,0.0,1.0
1779977926.1367183,-1.2820223569869995,-0.46003758907318115,0.0,0.0,nan,0.0,0.0,0.0,-0.419785978386789,0.1,0.0,1.0
1779977926.1471622,-1.2820223569869995,-0.46003758907318115,0.0,0.0,nan,0.0,0.0,0.0,-0.419785978386789,0.1,0.0,1.0
1779977926.1572905,-1.2820223569869995,-0.46003758907318115,0.0,0.0,nan,0.0,0.0,0.0,-0.419785978386789,0.1,0.0,1.0
1779977926.1677895,-1.2820223569869995,-0.46003758907318115,0.0,0.0,nan,0.0,0.0,0.0,-0.419785978386789,0.1,0.0,1.0
1779977926.178119,-1.2820223569869995,-0.46003758907318115,0.0,0.0,nan,0.0,0.0,0.0,-0.419785978386789,0.1,0.0,1.0
1779977926.1881397,-1.2820223569869995,-0.46003758907318115,0.0,0.0,nan,0.0,0.0,0.0,-0.419785978386789,0.1,0.0,1.0
1779977926.1987846,-1.2820223569869995,-0.46003758907318115,0.0,0.0,nan,0.0,0.0,0.0,-0.419785978386789,0.1,0.0,1.0
1779977926.2091625,-1.2820223569869995,-0.46003758907318115,0.0,0.0,nan,0.0,0.0,0.0,-0.419785978386789,0.1,0.0,1.0
1779977926.2196453,-1.2820223569869995,-0.46003758907318115,0.0,0.0,nan,0.0,0.0,0.0,-0.419785978386789,0.1,0.0,1.0
1779977926.22978,-1.2820223569869995,-0.46003758907318115,0.0,0.0,nan,0.0,0.0,0.0,-0.419785978386789,0.1,0.0,1.0
1779977926.2398295,-1.2820223569869995,-0.46003758907318115,0.0,0.0,nan,0.0,0.0,0.0,-0.419785978386789,0.1,0.0,1.0
1779977926.2499158,-1.2820223569869995,-0.46003758907318115,0.0,0.0,nan,0.0,0.0,0.0,-0.419785978386789,0.1,0.0,1.0
1779977926.26025,-1.2820223569869995,-0.46003758907318115,0.0,0.0,nan,0.0,0.0,0.0,-0.419785978386789,0.1,0.0,1.0
1779977926.270509,-1.2820223569869995,-0.46003758907318115,0.0,0.0,nan,0.0,0.0,0.0,-0.419785978386789,0.1,0.0,1.0
1779977926.2807562,-1.2820223569869995,-0.46003758907318115,0.0,0.0,nan,0.0,0.0,0.0,-0.419785978386789,0.1,0.0,1.0
1779977926.2912104,-1.2820223569869995,-0.46003758907318115,0.0,0.0,nan,0.0,0.0,0.0,-0.419785978386789,0.1,0.0,1.0
1779977926.3012574,-1.2820223569869995,-0.46003758907318115,0.0,0.0,nan,0.0,0.0,0.0,-0.419785978386789,0.1,0.0,1.0
1779977926.312001,-1.2820223569869995,-0.46003758907318115,0.0,0.0,nan,0.0,0.0,0.0,-0.419785978386789,0.1,0.0,1.0
1779977926.322258,-1.2820223569869995,-0.46003758907318115,0.0,0.0,nan,0.0,0.0,0.0,-0.419785978386789,0.1,0.0,1.0
1779977926.332438,-1.2820223569869995,-0.46003758907318115,0.0,0.0,nan,0.0,0.0,0.0,-0.419785978386789,0.1,0.0,1.0
1779977926.3426445,-1.2820223569869995,-0.46003758907318115,0.0,0.0,nan,0.0,0.0,0.0,-0.419785978386789,0.1,0.0,1.0
1779977926.3529403,-1.2820223569869995,-0.46003758907318115,0.0,0.0,nan,0.0,0.0,0.0,-0.419785978386789,0.1,0.0,1.0
1779977926.363109,-1.2820223569869995,-0.46003758907318115,0.0,0.0,nan,0.0,0.0,0.0,-0.419785978386789,0.1,0.0,1.0
1779977926.3734539,-1.2820223569869995,-0.46003758907318115,0.0,0.0,nan,0.0,0.0,0.0,-0.419785978386789,0.1,0.0,1.0
1779977926.3835485,-1.2820223569869995,-0.46003758907318115,0.0,0.0,nan,0.0,0.0,0.0,-0.419785978386789,0.1,0.0,1.0
1779977926.3939407,-1.2820223569869995,-0.46003758907318115,0.0,0.0,nan,0.0,0.0,0.0,-0.419785978386789,0.1,0.0,1.0
1779977926.4042323,-1.2820223569869995,-0.46003758907318115,0.0,0.0,nan,0.0,0.0,0.0,-0.419785978386789,0.1,0.0,1.0
1779977926.4146264,-1.2820223569869995,-0.46003758907318115,0.0,0.0,nan,0.0,0.0,0.0,-0.419785978386789,0.1,0.0,1.0
1779977926.4249353,-1.2820223569869995,-0.46003758907318115,0.0,0.0,nan,0.0,0.0,0.0,-0.419785978386789,0.1,0.0,1.0
1779977926.4350598,-1.2820223569869995,-0.46003758907318115,0.0,0.0,nan,0.0,0.0,0.0,-0.419785978386789,0.1,0.0,1.0
1779977926.4451342,-1.2820223569869995,-0.46003758907318115,0.0,0.0,nan,0.0,0.0,0.0,-0.419785978386789,0.1,0.0,1.0
1779977926.4557788,-1.2820223569869995,-0.46003758907318115,0.0,0.0,nan,0.0,0.0,0.0,-0.419785978386789,0.1,0.0,1.0
1779977926.4662917,-1.2820223569869995,-0.46003758907318115,0.0,0.0,nan,0.0,0.0,0.0,-0.419785978386789,0.1,0.0,1.0
1779977926.4765794,-1.2820223569869995,-0.46003758907318115,0.0,0.0,nan,0.0,0.0,0.0,-0.419785978386789,0.1,0.0,1.0
1779977926.4873593,-1.2820223569869995,-0.46003758907318115,0.0,0.0,nan,0.0,0.0,0.0,-0.419785978386789,0.1,0.0,1.0
1779977926.497262,-1.2820223569869995,-0.46003758907318115,0.0,0.0,nan,0.0,0.0,0.0,-0.419785978386789,0.1,0.0,1.0
1779977926.5074694,-1.2820223569869995,-0.46003758907318115,0.0,0.0,nan,0.0,0.0,0.0,-0.419785978386789,0.1,0.0,1.0
1779977926.5178244,-1.2820223569869995,-0.46003758907318115,0.0,0.0,nan,0.0,0.0,0.0,-0.419785978386789,0.1,0.0,1.0
1779977926.528394,-1.2820223569869995,-0.46003758907318115,0.0,0.0,nan,0.0,0.0,0.0,-0.419785978386789,0.1,0.0,1.0
1779977926.5382779,-1.2820223569869995,-0.46003758907318115,0.0,0.0,nan,0.0,0.0,0.0,-0.419785978386789,0.1,0.0,1.0
1779977926.5485685,-1.2820223569869995,-0.46003758907318115,0.0,0.0,nan,0.0,0.0,0.0,-0.419785978386789,0.1,0.0,1.0
1779977926.5588772,-1.2820223569869995,-0.46003758907318115,0.0,0.0,nan,0.0,0.0,0.0,-0.419785978386789,0.1,0.0,1.0
1779977926.5693066,-1.2820223569869995,-0.46003758907318115,0.0,0.0,nan,0.0,0.0,0.0,-0.419785978386789,0.1,0.0,1.0
1779977926.57954,-1.2820223569869995,-0.46003758907318115,0.0,0.0,nan,0.0,0.0,0.0,-0.419785978386789,0.1,0.0,1.0
1779977926.5902154,-1.2820223569869995,-0.46003758907318115,0.0,0.0,nan,0.0,0.0,0.0,-0.419785978386789,0.1,0.0,1.0
1779977926.600286,-1.2820223569869995,-0.46003758907318115,0.0,0.0,nan,0.0,0.0,0.0,-0.419785978386789,0.1,0.0,1.0
1779977926.610753,-1.2820223569869995,-0.46003758907318115,0.0,0.0,nan,0.0,0.0,0.0,-0.419785978386789,0.1,0.0,1.0
1779977926.6209996,-1.2820223569869995,-0.46003758907318115,0.0,0.0,nan,0.0,0.0,0.0,-0.419785978386789,0.1,0.0,1.0
1779977926.6315374,-1.2820223569869995,-0.46003758907318115,0.0,0.0,nan,0.0,0.0,0.0,-0.419785978386789,0.1,0.0,1.0
1779977926.6420588,-1.2820223569869995,-0.46003758907318115,0.0,0.0,nan,0.0,0.0,0.0,-0.419785978386789,0.1,0.0,1.0
1779977926.6524324,-1.2820223569869995,-0.46003758907318115,0.0,0.0,nan,0.0,0.0,0.0,-0.419785978386789,0.1,0.0,1.0
1779977926.6627572,-1.2820223569869995,-0.46003758907318115,0.0,0.0,nan,0.0,0.0,0.0,-0.419785978386789,0.1,0.0,1.0
1779977926.6733704,-1.2820223569869995,-0.46003758907318115,0.0,0.0,nan,0.0,0.0,0.0,-0.419785978386789,0.1,0.0,1.0
1779977926.683372,-1.2820223569869995,-0.46003758907318115,0.0,0.0,nan,0.0,0.0,0.0,-0.419785978386789,0.1,0.0,1.0
1779977926.694015,-1.2820223569869995,-0.46003758907318115,0.0,0.0,nan,0.0,0.0,0.0,-0.419785978386789,0.1,0.0,1.0
1779977926.704064,-1.2820223569869995,-0.46003758907318115,0.0,0.0,nan,0.0,0.0,0.0,-0.419785978386789,0.1,0.0,1.0
1779977926.7142062,-1.2820223569869995,-0.46003758907318115,0.0,0.0,nan,0.0,0.0,0.0,-0.419785978386789,0.1,0.0,1.0
1779977926.7249045,-1.2820223569869995,-0.46003758907318115,0.0,0.0,nan,0.0,0.0,0.0,-0.419785978386789,0.1,0.0,1.0
1779977926.7350657,-1.2820223569869995,-0.46003758907318115,0.0,0.0,nan,0.0,0.0,0.0,-0.419785978386789,0.1,0.0,1.0
1779977926.74568,-1.2820223569869995,-0.46003758907318115,0.0,0.0,nan,0.0,0.0,0.0,-0.419785978386789,0.1,0.0,1.0
1779977926.7561648,-1.2820223569869995,-0.46003758907318115,0.0,0.0,nan,0.0,0.0,0.0,-0.419785978386789,0.1,0.0,1.0
1779977926.7662792,-1.2820223569869995,-0.46003758907318115,0.0,0.0,nan,0.0,0.0,0.0,-0.419785978386789,0.1,0.0,1.0
1779977926.7766125,-1.2820223569869995,-0.46003758907318115,0.0,0.0,nan,0.0,0.0,0.0,-0.419785978386789,0.1,0.0,1.0
1779977926.786737,-1.2820223569869995,-0.46003758907318115,0.0,0.0,nan,0.0,0.0,0.0,-0.419785978386789,0.1,0.0,1.0
1779977926.7969403,-1.2820223569869995,-0.46003758907318115,0.0,0.0,nan,0.0,0.0,0.0,-0.419785978386789,0.1,0.0,1.0
1779977926.8072886,-1.2820223569869995,-0.46003758907318115,0.0,0.0,nan,0.0,0.0,0.0,-0.419785978386789,0.1,0.0,1.0
1779977926.81767,-1.2820223569869995,-0.46003758907318115,0.0,0.0,nan,0.0,0.0,0.0,-0.419785978386789,0.1,0.0,1.0
1779977926.8278575,-1.2820223569869995,-0.46003758907318115,0.0,0.0,nan,0.0,0.0,0.0,-0.419785978386789,0.1,0.0,1.0
1779977926.8380995,-1.2820223569869995,-0.46003758907318115,0.0,0.0,nan,0.0,0.0,0.0,-0.419785978386789,0.1,0.0,1.0
1779977926.8481646,-1.2820223569869995,-0.46003758907318115,0.0,0.0,nan,0.0,0.0,0.0,-0.419785978386789,0.1,0.0,1.0
1779977926.8586607,-1.2820223569869995,-0.46003758907318115,0.0,0.0,nan,0.0,0.0,0.0,-0.419785978386789,0.1,0.0,1.0
1779977926.86889,-1.2820223569869995,-0.46003758907318115,0.0,0.0,nan,0.0,0.0,0.0,-0.419785978386789,0.1,0.0,1.0
1779977926.879217,-1.2820223569869995,-0.46003758907318115,0.0,0.0,nan,0.0,0.0,0.0,-0.419785978386789,0.1,0.0,1.0
1779977926.8892796,-1.2820223569869995,-0.46003758907318115,0.0,0.0,nan,0.0,0.0,0.0,-0.419785978386789,0.1,0.0,1.0
1779977926.8994226,-1.2820223569869995,-0.46003758907318115,0.0,0.0,nan,0.0,0.0,0.0,-0.419785978386789,0.1,0.0,1.0
1779977926.9098325,-1.2820223569869995,-0.46003758907318115,0.0,0.0,nan,0.0,0.0,0.0,-0.419785978386789,0.1,0.0,1.0
1779977926.9208555,-1.2820223569869995,-0.46003758907318115,0.0,0.0,nan,0.0,0.0,0.0,-0.419785978386789,0.1,0.0,1.0
1779977926.9310906,-1.2820223569869995,-0.46003758907318115,0.0,0.0,nan,0.0,0.0,0.0,-0.419785978386789,0.1,0.0,1.0
1779977926.9411192,-1.2820223569869995,-0.46003758907318115,0.0,0.0,nan,0.0,0.0,0.0,-0.419785978386789,0.1,0.0,1.0
1779977926.9513435,-1.2820223569869995,-0.46003758907318115,0.0,0.0,nan,0.0,0.0,0.0,-0.419785978386789,0.1,0.0,1.0
1779977926.9616802,-1.2820223569869995,-0.46003758907318115,0.0,0.0,nan,0.0,0.0,0.0,-0.419785978386789,0.1,0.0,1.0
1779977926.9718065,-1.2820223569869995,-0.46003758907318115,0.0,0.0,nan,0.0,0.0,0.0,-0.419785978386789,0.1,0.0,1.0
1779977926.9820628,-1.2820223569869995,-0.46003758907318115,0.0,0.0,nan,0.0,0.0,0.0,-0.419785978386789,0.1,0.0,1.0
1779977926.9922132,-1.2820223569869995,-0.46003758907318115,0.0,0.0,nan,0.0,0.0,0.0,-0.419785978386789,0.1,0.0,1.0
1779977927.0027688,-1.2820223569869995,-0.46003758907318115,0.0,0.0,nan,0.0,0.0,0.0,-0.419785978386789,0.1,0.0,1.0
1779977927.0129206,-1.2820223569869995,-0.46003758907318115,0.0,0.0,nan,0.0,0.0,0.0,-0.419785978386789,0.1,0.0,1.0
1779977927.0233665,-1.2820223569869995,-0.46003758907318115,0.0,0.0,nan,0.0,0.0,0.0,-0.419785978386789,0.1,0.0,1.0
1779977927.033081,-1.2820223569869995,-0.46003758907318115,0.0,0.0,nan,0.0,0.0,0.0,-0.419785978386789,0.1,0.0,1.0
1779977927.0431957,-1.2820223569869995,-0.46003758907318115,0.0,0.0,nan,0.0,0.0,0.0,-0.419785978386789,0.1,0.0,1.0
1779977927.0535808,-1.2820223569869995,-0.46003758907318115,0.0,0.0,nan,0.0,0.0,0.0,-0.419785978386789,0.1,0.0,1.0
1779977927.0639596,-1.2820223569869995,-0.46003758907318115,0.0,0.0,nan,0.0,0.0,0.0,-0.419785978386789,0.1,0.0,1.0
1779977927.0745354,-1.2820223569869995,-0.46003758907318115,0.0,0.0,nan,0.0,0.0,0.0,-0.419785978386789,0.1,0.0,1.0
1779977927.084949,-1.2820223569869995,-0.46003758907318115,0.0,0.0,nan,0.0,0.0,0.0,-0.419785978386789,0.1,0.0,1.0
1779977927.0954635,-1.2820223569869995,-0.46003758907318115,0.0,0.0,nan,0.0,0.0,0.0,-0.419785978386789,0.1,0.0,1.0
1779977927.1057477,-1.2820223569869995,-0.46003758907318115,0.0,0.0,nan,0.0,0.0,0.0,-0.419785978386789,0.1,0.0,1.0
1779977927.1161804,-1.2820223569869995,-0.46003758907318115,0.0,0.0,nan,0.0,0.0,0.0,-0.419785978386789,0.1,0.0,1.0
1779977927.1260703,-1.2820223569869995,-0.46003758907318115,0.0,0.0,nan,0.0,0.0,0.0,-0.419785978386789,0.1,0.0,1.0
1779977927.1365964,-1.2820223569869995,-0.46003758907318115,0.0,0.0,nan,0.0,0.0,0.0,-0.419785978386789,0.1,0.0,1.0
1779977927.147094,-1.2820223569869995,-0.46003758907318115,0.0,0.0,nan,0.0,0.0,0.0,-0.419785978386789,0.1,0.0,1.0
1779977927.1573832,-1.2820223569869995,-0.46003758907318115,0.0,0.0,nan,0.0,0.0,0.0,-0.419785978386789,0.1,0.0,1.0
1779977927.1674879,-1.2820223569869995,-0.46003758907318115,0.0,0.0,nan,0.0,0.0,0.0,-0.419785978386789,0.1,0.0,1.0
1779977927.1780858,-1.2820223569869995,-0.46003758907318115,0.0,0.0,nan,0.0,0.0,0.0,-0.419785978386789,0.1,0.0,1.0
1779977927.188305,-1.2820223569869995,-0.46003758907318115,0.0,0.0,nan,0.0,0.0,0.0,-0.419785978386789,0.1,0.0,1.0
1779977927.1984448,-1.2820223569869995,-0.46003758907318115,0.0,0.0,nan,0.0,0.0,0.0,-0.419785978386789,0.1,0.0,1.0
1779977927.208636,-1.2820223569869995,-0.46003758907318115,0.0,0.0,nan,0.0,0.0,0.0,-0.419785978386789,0.1,0.0,1.0
1779977927.2191827,-1.2820223569869995,-0.46003758907318115,0.0,0.0,nan,0.0,0.0,0.0,-0.419785978386789,0.1,0.0,1.0
1779977927.229337,-1.2820223569869995,-0.46003758907318115,0.0,0.0,nan,0.0,0.0,0.0,-0.419785978386789,0.1,0.0,1.0
1779977927.2396238,-1.2820223569869995,-0.46003758907318115,0.0,0.0,nan,0.0,0.0,0.0,-0.419785978386789,0.1,0.0,1.0
1779977927.2500057,-1.2820223569869995,-0.46003758907318115,0.0,0.0,nan,0.0,0.0,0.0,-0.419785978386789,0.1,0.0,1.0
1779977927.2600956,-1.2820223569869995,-0.46003758907318115,0.0,0.0,nan,0.0,0.0,0.0,-0.419785978386789,0.1,0.0,1.0
1779977927.2703874,-1.2820223569869995,-0.46003758907318115,0.0,0.0,nan,0.0,0.0,0.0,-0.419785978386789,0.1,0.0,1.0
1779977927.2810426,-1.2820223569869995,-0.46003758907318115,0.0,0.0,nan,0.0,0.0,0.0,-0.419785978386789,0.1,0.0,1.0
1779977927.2917814,-1.2820223569869995,-0.46003758907318115,0.0,0.0,nan,0.0,0.0,0.0,-0.419785978386789,0.1,0.0,1.0
1779977927.3022408,-1.2820223569869995,-0.46003758907318115,0.0,0.0,nan,0.0,0.0,0.0,-0.419785978386789,0.1,0.0,1.0
1779977927.312625,-1.2820223569869995,-0.46003758907318115,0.0,0.0,nan,0.0,0.0,0.0,-0.419785978386789,0.1,0.0,1.0
1779977927.3228455,-1.2820223569869995,-0.46003758907318115,0.0,0.0,nan,0.0,0.0,0.0,-0.419785978386789,0.1,0.0,1.0
1779977927.3331697,-1.2820223569869995,-0.46003758907318115,0.0,0.0,nan,0.0,0.0,0.0,-0.419785978386789,0.1,0.0,1.0
1779977927.3433487,-1.2820223569869995,-0.46003758907318115,0.0,0.0,nan,0.0,0.0,0.0,-0.419785978386789,0.1,0.0,1.0
1779977927.3538554,-1.2820223569869995,-0.46003758907318115,0.0,0.0,nan,0.0,0.0,0.0,-0.419785978386789,0.1,0.0,1.0
1779977927.3641465,-1.2820223569869995,-0.46003758907318115,0.0,0.0,nan,0.0,0.0,0.0,-0.419785978386789,0.1,0.0,1.0
1779977927.374095,-1.2820223569869995,-0.46003758907318115,0.0,0.0,nan,0.0,0.0,0.0,-0.419785978386789,0.1,0.0,1.0
1779977927.3845103,-1.2820223569869995,-0.46003758907318115,0.0,0.0,nan,0.0,0.0,0.0,-0.419785978386789,0.1,0.0,1.0
1779977927.394828,-1.2820223569869995,-0.46003758907318115,0.0,0.0,nan,0.0,0.0,0.0,-0.419785978386789,0.1,0.0,1.0
1779977927.4059427,-1.2820223569869995,-0.46003758907318115,0.0,0.0,nan,0.0,0.0,0.0,-0.419785978386789,0.1,0.0,1.0
1779977927.4157372,-1.2820223569869995,-0.46003758907318115,0.0,0.0,nan,0.0,0.0,0.0,-0.419785978386789,0.1,0.0,1.0
1779977927.426248,-1.2820223569869995,-0.46003758907318115,0.0,0.0,nan,0.0,0.0,0.0,-0.419785978386789,0.1,0.0,1.0
1779977927.436984,-1.2820223569869995,-0.46003758907318115,0.0,0.0,nan,0.0,0.0,0.0,-0.419785978386789,0.1,0.0,1.0
1779977927.4474483,-1.2820223569869995,-0.46003758907318115,0.0,0.0,nan,0.0,0.0,0.0,-0.419785978386789,0.1,0.0,1.0
1779977927.457682,-1.2820223569869995,-0.46003758907318115,0.0,0.0,nan,0.0,0.0,0.0,-0.419785978386789,0.1,0.0,1.0
1779977927.468111,-1.2820223569869995,-0.46003758907318115,0.0,0.0,nan,0.0,0.0,0.0,-0.419785978386789,0.1,0.0,1.0
1779977927.4786417,-1.2820223569869995,-0.46003758907318115,0.0,0.0,nan,0.0,0.0,0.0,-0.419785978386789,0.1,0.0,1.0
1779977927.4892085,-1.2820223569869995,-0.46003758907318115,0.0,0.0,nan,0.0,0.0,0.0,-0.419785978386789,0.1,0.0,1.0
1779977927.4994447,-1.2820223569869995,-0.46003758907318115,0.0,0.0,nan,0.0,0.0,0.0,-0.419785978386789,0.1,0.0,1.0
1779977927.5095737,-1.2820223569869995,-0.46003758907318115,0.0,0.0,nan,0.0,0.0,0.0,-0.419785978386789,0.1,0.0,1.0
1779977927.5198336,-1.2820223569869995,-0.46003758907318115,0.0,0.0,nan,0.0,0.0,0.0,-0.419785978386789,0.1,0.0,1.0
1779977927.529952,-1.2820223569869995,-0.46003758907318115,0.0,0.0,nan,0.0,0.0,0.0,-0.419785978386789,0.1,0.0,1.0
1779977927.54038,-1.2820223569869995,-0.46003758907318115,0.0,0.0,nan,0.0,0.0,0.0,-0.419785978386789,0.1,0.0,1.0
1779977927.5503328,-1.2820223569869995,-0.46003758907318115,0.0,0.0,nan,0.0,0.0,0.0,-0.419785978386789,0.1,0.0,1.0
1779977927.5605993,-1.2820223569869995,-0.46003758907318115,0.0,0.0,nan,0.0,0.0,0.0,-0.419785978386789,0.1,0.0,1.0
1779977927.5714304,-1.2820223569869995,-0.46003758907318115,0.0,0.0,nan,0.0,0.0,0.0,-0.419785978386789,0.1,0.0,1.0
1779977927.5816693,-1.2820223569869995,-0.46003758907318115,0.0,0.0,nan,0.0,0.0,0.0,-0.419785978386789,0.1,0.0,1.0
1779977927.5919137,-1.2820223569869995,-0.46003758907318115,0.0,0.0,nan,0.0,0.0,0.0,-0.419785978386789,0.1,0.0,1.0
1779977927.602314,-1.2820223569869995,-0.46003758907318115,0.0,0.0,nan,0.0,0.0,0.0,-0.419785978386789,0.1,0.0,1.0
1779977927.6125128,-1.2820223569869995,-0.46003758907318115,0.0,0.0,nan,0.0,0.0,0.0,-0.419785978386789,0.1,0.0,1.0
1779977927.6228783,-1.2820223569869995,-0.46003758907318115,0.0,0.0,nan,0.0,0.0,0.0,-0.419785978386789,0.1,0.0,1.0
1779977927.6332047,-1.2820223569869995,-0.46003758907318115,0.0,0.0,nan,0.0,0.0,0.0,-0.419785978386789,0.1,0.0,1.0
1779977927.643669,-1.2820223569869995,-0.46003758907318115,0.0,0.0,nan,0.0,0.0,0.0,-0.419785978386789,0.1,0.0,1.0
1779977927.6547792,-1.2820223569869995,-0.46003758907318115,0.0,0.0,nan,0.0,0.0,0.0,-0.419785978386789,0.1,0.0,1.0
1779977927.6643379,-1.2820223569869995,-0.46003758907318115,0.0,0.0,nan,0.0,0.0,0.0,-0.419785978386789,0.1,0.0,1.0
1779977927.674591,-1.2820223569869995,-0.46003758907318115,0.0,0.0,nan,0.0,0.0,0.0,-0.419785978386789,0.1,0.0,1.0
1779977927.6851287,-1.2820223569869995,-0.46003758907318115,0.0,0.0,nan,0.0,0.0,0.0,-0.419785978386789,0.1,0.0,1.0
1779977927.6951244,-1.2820223569869995,-0.46003758907318115,0.0,0.0,nan,0.0,0.0,0.0,-0.419785978386789,0.1,0.0,1.0
1779977927.7054968,-1.2820223569869995,-0.46003758907318115,0.0,0.0,nan,0.0,0.0,0.0,-0.419785978386789,0.1,0.0,1.0
1779977927.7158222,-1.2820223569869995,-0.46003758907318115,0.0,0.0,nan,0.0,0.0,0.0,-0.419785978386789,0.1,0.0,1.0
1779977927.7267818,-1.2820223569869995,-0.46003758907318115,0.0,0.0,nan,0.0,0.0,0.0,-0.419785978386789,0.1,0.0,1.0
1779977927.7369857,-1.2820223569869995,-0.46003758907318115,0.0,0.0,nan,0.0,0.0,0.0,-0.419785978386789,0.1,0.0,1.0
1779977927.7470677,-1.2820223569869995,-0.46003758907318115,0.0,0.0,nan,0.0,0.0,0.0,-0.419785978386789,0.1,0.0,1.0
1779977927.7572346,-1.2820223569869995,-0.46003758907318115,0.0,0.0,nan,0.0,0.0,0.0,-0.419785978386789,0.1,0.0,1.0
1779977927.7678323,-1.2820223569869995,-0.46003758907318115,0.0,0.0,nan,0.0,0.0,0.0,-0.419785978386789,0.1,0.0,1.0
1779977927.7780507,-1.2820223569869995,-0.46003758907318115,0.0,0.0,nan,0.0,0.0,0.0,-0.419785978386789,0.1,0.0,1.0
1779977927.7888522,-1.2820223569869995,-0.46003758907318115,0.0,0.0,nan,0.0,0.0,0.0,-0.419785978386789,0.1,0.0,1.0
1779977927.7990596,-1.2820223569869995,-0.46003758907318115,0.0,0.0,nan,0.0,0.0,0.0,-0.419785978386789,0.1,0.0,1.0
1779977927.8098888,-1.2820223569869995,-0.46003758907318115,0.0,0.0,nan,0.0,0.0,0.0,-0.419785978386789,0.1,0.0,1.0
1779977927.8202167,-1.2820223569869995,-0.46003758907318115,0.0,0.0,nan,0.0,0.0,0.0,-0.419785978386789,0.1,0.0,1.0
1779977927.830524,-1.2820223569869995,-0.46003758907318115,0.0,0.0,nan,0.0,0.0,0.0,-0.419785978386789,0.1,0.0,1.0
1779977927.840867,-1.2820223569869995,-0.46003758907318115,0.0,0.0,nan,0.0,0.0,0.0,-0.419785978386789,0.1,0.0,1.0
1779977927.851464,-1.2820223569869995,-0.46003758907318115,0.0,0.0,nan,0.0,0.0,0.0,-0.419785978386789,0.1,0.0,1.0
1779977927.861428,-1.2820223569869995,-0.46003758907318115,0.0,0.0,nan,0.0,0.0,0.0,-0.419785978386789,0.1,0.0,1.0
1779977927.8714778,-1.2820223569869995,-0.46003758907318115,0.0,0.0,nan,0.0,0.0,0.0,-0.419785978386789,0.1,0.0,1.0
1779977927.8815994,-1.2820223569869995,-0.46003758907318115,0.0,0.0,nan,0.0,0.0,0.0,-0.419785978386789,0.1,0.0,1.0
1779977927.892031,-1.2820223569869995,-0.46003758907318115,0.0,0.0,nan,0.0,0.0,0.0,-0.419785978386789,0.1,0.0,1.0
1779977927.902334,-1.2820223569869995,-0.46003758907318115,0.0,0.0,nan,0.0,0.0,0.0,-0.419785978386789,0.1,0.0,1.0
1779977927.9127674,-1.2820223569869995,-0.46003758907318115,0.0,0.0,nan,0.0,0.0,0.0,-0.419785978386789,0.1,0.0,1.0
1779977927.9233615,-1.2820223569869995,-0.46003758907318115,0.0,0.0,nan,0.0,0.0,0.0,-0.419785978386789,0.1,0.0,1.0
1779977927.9337008,-1.2820223569869995,-0.46003758907318115,0.0,0.0,nan,0.0,0.0,0.0,-0.419785978386789,0.1,0.0,1.0
1779977927.9443917,-1.2820223569869995,-0.46003758907318115,0.0,0.0,nan,0.0,0.0,0.0,-0.419785978386789,0.1,0.0,1.0
1779977927.9546375,-1.2820223569869995,-0.46003758907318115,0.0,0.0,nan,0.0,0.0,0.0,-0.419785978386789,0.1,0.0,1.0
1779977927.9650445,-1.2820223569869995,-0.46003758907318115,0.0,0.0,nan,0.0,0.0,0.0,-0.419785978386789,0.1,0.0,1.0
1779977927.975373,-1.2820223569869995,-0.46003758907318115,0.0,0.0,nan,0.0,0.0,0.0,-0.419785978386789,0.1,0.0,1.0
1779977927.9858937,-1.2820223569869995,-0.46003758907318115,0.0,0.0,nan,0.0,0.0,0.0,-0.419785978386789,0.1,0.0,1.0
1779977927.996141,-1.2820223569869995,-0.46003758907318115,0.0,0.0,nan,0.0,0.0,0.0,-0.419785978386789,0.1,0.0,1.0
1779977928.0063446,-1.2820223569869995,-0.46003758907318115,0.0,0.0,nan,0.0,0.0,0.0,-0.419785978386789,0.1,0.0,1.0
1779977928.0168037,-1.2820223569869995,-0.46003758907318115,0.0,0.0,nan,0.0,0.0,0.0,-0.419785978386789,0.1,0.0,1.0
1779977928.0268495,-1.2820223569869995,-0.46003758907318115,0.0,0.0,nan,0.0,0.0,0.0,-0.419785978386789,0.1,0.0,1.0
1779977928.0369985,-1.2820223569869995,-0.46003758907318115,0.0,0.0,nan,0.0,0.0,0.0,-0.419785978386789,0.1,0.0,1.0
1779977928.0472372,-1.2820223569869995,-0.46003758907318115,0.0,0.0,nan,0.0,0.0,0.0,-0.419785978386789,0.1,0.0,1.0
1779977928.057617,-1.2820223569869995,-0.46003758907318115,0.0,0.0,nan,0.0,0.0,0.0,-0.419785978386789,0.1,0.0,1.0
1779977928.067865,-1.2820223569869995,-0.46003758907318115,0.0,0.0,nan,0.0,0.0,0.0,-0.419785978386789,0.1,0.0,1.0
1779977928.0782216,-1.2820223569869995,-0.46003758907318115,0.0,0.0,nan,0.0,0.0,0.0,-0.419785978386789,0.1,0.0,1.0
1779977928.088585,-1.2820223569869995,-0.46003758907318115,0.0,0.0,nan,0.0,0.0,0.0,-0.419785978386789,0.1,0.0,1.0
1779977928.0986676,-1.2820223569869995,-0.46003758907318115,0.0,0.0,nan,0.0,0.0,0.0,-0.419785978386789,0.1,0.0,1.0
1779977928.1088533,-1.2820223569869995,-0.46003758907318115,0.0,0.0,nan,0.0,0.0,0.0,-0.419785978386789,0.1,0.0,1.0
1779977928.119358,-1.2820223569869995,-0.46003758907318115,0.0,0.0,nan,0.0,0.0,0.0,-0.419785978386789,0.1,0.0,1.0
1779977928.1298282,-1.2820223569869995,-0.46003758907318115,0.0,0.0,nan,0.0,0.0,0.0,-0.419785978386789,0.1,0.0,1.0
1779977928.1403399,-1.2820223569869995,-0.46003758907318115,0.0,0.0,nan,0.0,0.0,0.0,-0.419785978386789,0.1,0.0,1.0
1779977928.150803,-1.2820223569869995,-0.46003758907318115,0.0,0.0,nan,0.0,0.0,0.0,-0.419785978386789,0.1,0.0,1.0
1779977928.161209,-1.2820223569869995,-0.46003758907318115,0.0,0.0,nan,0.0,0.0,0.0,-0.419785978386789,0.1,0.0,1.0
1779977928.1716008,-1.2820223569869995,-0.46003758907318115,0.0,0.0,nan,0.0,0.0,0.0,-0.419785978386789,0.1,0.0,1.0
1779977928.1820178,-1.2820223569869995,-0.46003758907318115,0.0,0.0,nan,0.0,0.0,0.0,-0.419785978386789,0.1,0.0,1.0
1779977928.1921089,-1.2820223569869995,-0.46003758907318115,0.0,0.0,nan,0.0,0.0,0.0,-0.419785978386789,0.1,0.0,1.0
1779977928.2027287,-1.2820223569869995,-0.46003758907318115,0.0,0.0,nan,0.0,0.0,0.0,-0.419785978386789,0.1,0.0,1.0
1779977928.213004,-1.2820223569869995,-0.46003758907318115,0.0,0.0,nan,0.0,0.0,0.0,-0.419785978386789,0.1,0.0,1.0
1779977928.2233517,-1.2820223569869995,-0.46003758907318115,0.0,0.0,nan,0.0,0.0,0.0,-0.419785978386789,0.1,0.0,1.0
1779977928.234191,-1.2820223569869995,-0.46003758907318115,0.0,0.0,nan,0.0,0.0,0.0,-0.419785978386789,0.1,0.0,1.0
1779977928.2443702,-1.2820223569869995,-0.46003758907318115,0.0,0.0,nan,0.0,0.0,0.0,-0.419785978386789,0.1,0.0,1.0
1779977928.2546663,-1.2820223569869995,-0.46003758907318115,0.0,0.0,nan,0.0,0.0,0.0,-0.419785978386789,0.1,0.0,1.0
1779977928.2650373,-1.2820223569869995,-0.46003758907318115,0.0,0.0,nan,0.0,0.0,0.0,-0.419785978386789,0.1,0.0,1.0
1779977928.2753308,-1.2820223569869995,-0.46003758907318115,0.0,0.0,nan,0.0,0.0,0.0,-0.419785978386789,0.1,0.0,1.0
1779977928.2859101,-1.2820223569869995,-0.46003758907318115,0.0,0.0,nan,0.0,0.0,0.0,-0.419785978386789,0.1,0.0,1.0
1779977928.296336,-1.2820223569869995,-0.46003758907318115,0.0,0.0,nan,0.0,0.0,0.0,-0.419785978386789,0.1,0.0,1.0
1779977928.30679,-1.2820223569869995,-0.46003758907318115,0.0,0.0,nan,0.0,0.0,0.0,-0.419785978386789,0.1,0.0,1.0
1779977928.3171499,-1.2820223569869995,-0.46003758907318115,0.0,0.0,nan,0.0,0.0,0.0,-0.419785978386789,0.1,0.0,1.0
1779977928.3278155,-1.2820223569869995,-0.46003758907318115,0.0,0.0,nan,0.0,0.0,0.0,-0.419785978386789,0.1,0.0,1.0
1779977928.3381565,-1.2820223569869995,-0.46003758907318115,0.0,0.0,nan,0.0,0.0,0.0,-0.419785978386789,0.1,0.0,1.0
1779977928.3480315,-1.2820223569869995,-0.46003758907318115,0.0,0.0,nan,0.0,0.0,0.0,-0.419785978386789,0.1,0.0,1.0
1779977928.358283,-1.2820223569869995,-0.46003758907318115,0.0,0.0,nan,0.0,0.0,0.0,-0.419785978386789,0.1,0.0,1.0
1779977928.3685446,-1.2820223569869995,-0.46003758907318115,0.0,0.0,nan,0.0,0.0,0.0,-0.419785978386789,0.1,0.0,1.0
1779977928.3792946,-1.2820223569869995,-0.46003758907318115,0.0,0.0,nan,0.0,0.0,0.0,-0.419785978386789,0.1,0.0,1.0
1779977928.3896055,-1.2820223569869995,-0.46003758907318115,0.0,0.0,nan,0.0,0.0,0.0,-0.419785978386789,0.1,0.0,1.0
1779977928.3997753,-1.2820223569869995,-0.46003758907318115,0.0,0.0,nan,0.0,0.0,0.0,-0.419785978386789,0.1,0.0,1.0
1779977928.4103374,-1.2820223569869995,-0.46003758907318115,0.0,0.0,nan,0.0,0.0,0.0,-0.419785978386789,0.1,0.0,1.0
1779977928.4206269,-1.2820223569869995,-0.46003758907318115,0.0,0.0,nan,0.0,0.0,0.0,-0.419785978386789,0.1,0.0,1.0
1779977928.4307086,-1.2820223569869995,-0.46003758907318115,0.0,0.0,nan,0.0,0.0,0.0,-0.419785978386789,0.1,0.0,1.0
1779977928.4408832,-1.2820223569869995,-0.46003758907318115,0.0,0.0,nan,0.0,0.0,0.0,-0.419785978386789,0.1,0.0,1.0
1779977928.450894,-1.2820223569869995,-0.46003758907318115,0.0,0.0,nan,0.0,0.0,0.0,-0.419785978386789,0.1,0.0,1.0
1779977928.4612753,-1.2820223569869995,-0.46003758907318115,0.0,0.0,nan,0.0,0.0,0.0,-0.419785978386789,0.1,0.0,1.0
1779977928.4717193,-1.2820223569869995,-0.46003758907318115,0.0,0.0,nan,0.0,0.0,0.0,-0.419785978386789,0.1,0.0,1.0
1779977928.4815946,-1.2820223569869995,-0.46003758907318115,0.0,0.0,nan,0.0,0.0,0.0,-0.419785978386789,0.1,0.0,1.0
1779977928.4923484,-1.2820223569869995,-0.46003758907318115,0.0,0.0,nan,0.0,0.0,0.0,-0.419785978386789,0.1,0.0,1.0
1779977928.5023983,-1.2820223569869995,-0.46003758907318115,0.0,0.0,nan,0.0,0.0,0.0,-0.419785978386789,0.1,0.0,1.0
1779977928.5129335,-1.2820223569869995,-0.46003758907318115,0.0,0.0,nan,0.0,0.0,0.0,-0.419785978386789,0.1,0.0,1.0
1779977928.5234988,-1.2820223569869995,-0.46003758907318115,0.0,0.0,nan,0.0,0.0,0.0,-0.419785978386789,0.1,0.0,1.0
1779977928.533611,-1.2820223569869995,-0.46003758907318115,0.0,0.0,nan,0.0,0.0,0.0,-0.419785978386789,0.1,0.0,1.0
1779977928.5441027,-1.2820223569869995,-0.46003758907318115,0.0,0.0,nan,0.0,0.0,0.0,-0.419785978386789,0.1,0.0,1.0
1779977928.5543091,-1.2820223569869995,-0.46003758907318115,0.0,0.0,nan,0.0,0.0,0.0,-0.419785978386789,0.1,0.0,1.0
1779977928.5644786,-1.2820223569869995,-0.46003758907318115,0.0,0.0,nan,0.0,0.0,0.0,-0.419785978386789,0.1,0.0,1.0
1779977928.5745623,-1.2820223569869995,-0.46003758907318115,0.0,0.0,nan,0.0,0.0,0.0,-0.419785978386789,0.1,0.0,1.0
1779977928.5852067,-1.2820223569869995,-0.46003758907318115,0.0,0.0,nan,0.0,0.0,0.0,-0.419785978386789,0.1,0.0,1.0
1779977928.5953004,-1.2820223569869995,-0.46003758907318115,0.0,0.0,nan,0.0,0.0,0.0,-0.419785978386789,0.1,0.0,1.0
1779977928.6062343,-1.2820223569869995,-0.46003758907318115,0.0,0.0,nan,0.0,0.0,0.0,-0.419785978386789,0.1,0.0,1.0
1779977928.6162019,-1.2820223569869995,-0.46003758907318115,0.0,0.0,nan,0.0,0.0,0.0,-0.419785978386789,0.1,0.0,1.0
1779977928.6264415,-1.2820223569869995,-0.46003758907318115,0.0,0.0,nan,0.0,0.0,0.0,-0.419785978386789,0.1,0.0,1.0
1779977928.6368675,-1.2820223569869995,-0.46003758907318115,0.0,0.0,nan,0.0,0.0,0.0,-0.419785978386789,0.1,0.0,1.0
1779977928.6472516,-1.2820223569869995,-0.46003758907318115,0.0,0.0,nan,0.0,0.0,0.0,-0.419785978386789,0.1,0.0,1.0
1779977928.6577172,-1.2820223569869995,-0.46003758907318115,0.0,0.0,nan,0.0,0.0,0.0,-0.419785978386789,0.1,0.0,1.0
1779977928.6680925,-1.2820223569869995,-0.46003758907318115,0.0,0.0,nan,0.0,0.0,0.0,-0.419785978386789,0.1,0.0,1.0
1779977928.6785128,-1.2820223569869995,-0.46003758907318115,0.0,0.0,nan,0.0,0.0,0.0,-0.419785978386789,0.1,0.0,1.0
1779977928.6885936,-1.2820223569869995,-0.46003758907318115,0.0,0.0,nan,0.0,0.0,0.0,-0.419785978386789,0.1,0.0,1.0
1779977928.699317,-1.2820223569869995,-0.46003758907318115,0.0,0.0,nan,0.0,0.0,0.0,-0.419785978386789,0.1,0.0,1.0
1779977928.7098243,-1.2820223569869995,-0.46003758907318115,0.0,0.0,nan,0.0,0.0,0.0,-0.419785978386789,0.1,0.0,1.0
1779977928.7205515,-1.2820223569869995,-0.46003758907318115,0.0,0.0,nan,0.0,0.0,0.0,-0.419785978386789,0.1,0.0,1.0
1779977928.7306223,-1.2820223569869995,-0.46003758907318115,0.0,0.0,nan,0.0,0.0,0.0,-0.419785978386789,0.1,0.0,1.0
1779977928.7416081,-1.2820223569869995,-0.46003758907318115,0.0,0.0,nan,0.0,0.0,0.0,-0.419785978386789,0.1,0.0,1.0
1779977928.7517464,-1.2820223569869995,-0.46003758907318115,0.0,0.0,nan,0.0,0.0,0.0,-0.419785978386789,0.1,0.0,1.0
1779977928.7619011,-1.2820223569869995,-0.46003758907318115,0.0,0.0,nan,0.0,0.0,0.0,-0.419785978386789,0.1,0.0,1.0
1779977928.773927,-1.2820223569869995,-0.46003758907318115,0.0,0.0,nan,0.0,0.0,0.0,-0.419785978386789,0.1,0.0,1.0
1779977928.784419,-1.2820223569869995,-0.46003758907318115,0.0,0.0,nan,0.0,0.0,0.0,-0.419785978386789,0.1,0.0,1.0
1779977928.7952037,-1.2820223569869995,-0.46003758907318115,0.0,0.0,nan,0.0,0.0,0.0,-0.419785978386789,0.1,0.0,1.0
1779977928.8053317,-1.2820223569869995,-0.46003758907318115,0.0,0.0,nan,0.0,0.0,0.0,-0.419785978386789,0.1,0.0,1.0
1779977928.8159285,-1.2820223569869995,-0.46003758907318115,0.0,0.0,nan,0.0,0.0,0.0,-0.419785978386789,0.1,0.0,1.0
1779977928.8259845,-1.2820223569869995,-0.46003758907318115,0.0,0.0,nan,0.0,0.0,0.0,-0.419785978386789,0.1,0.0,1.0
1779977928.836344,-1.2820223569869995,-0.46003758907318115,0.0,0.0,nan,0.0,0.0,0.0,-0.419785978386789,0.1,0.0,1.0
1779977928.8467765,-1.2820223569869995,-0.46003758907318115,0.0,0.0,nan,0.0,0.0,0.0,-0.419785978386789,0.1,0.0,1.0
1779977928.856993,-1.2820223569869995,-0.46003758907318115,0.0,0.0,nan,0.0,0.0,0.0,-0.419785978386789,0.1,0.0,1.0
1779977928.8673017,-1.2820223569869995,-0.46003758907318115,0.0,0.0,nan,0.0,0.0,0.0,-0.419785978386789,0.1,0.0,1.0
1779977928.8775349,-1.2820223569869995,-0.46003758907318115,0.0,0.0,nan,0.0,0.0,0.0,-0.419785978386789,0.1,0.0,1.0
1779977928.8880901,-1.2820223569869995,-0.46003758907318115,0.0,0.0,nan,0.0,0.0,0.0,-0.419785978386789,0.1,0.0,1.0
1779977928.8984127,-1.2820223569869995,-0.46003758907318115,0.0,0.0,nan,0.0,0.0,0.0,-0.419785978386789,0.1,0.0,1.0
1779977928.9087398,-1.2820223569869995,-0.46003758907318115,0.0,0.0,nan,0.0,0.0,0.0,-0.419785978386789,0.1,0.0,1.0
1779977928.9190626,-1.2820223569869995,-0.46003758907318115,0.0,0.0,nan,0.0,0.0,0.0,-0.419785978386789,0.1,0.0,1.0
1779977928.9291215,-1.2820223569869995,-0.46003758907318115,0.0,0.0,nan,0.0,0.0,0.0,-0.419785978386789,0.1,0.0,1.0
1779977928.9394665,-1.2820223569869995,-0.46003758907318115,0.0,0.0,nan,0.0,0.0,0.0,-0.419785978386789,0.1,0.0,1.0
1779977928.9494014,-1.2820223569869995,-0.46003758907318115,0.0,0.0,nan,0.0,0.0,0.0,-0.419785978386789,0.1,0.0,1.0
1779977928.9600854,-1.2820223569869995,-0.46003758907318115,0.0,0.0,nan,0.0,0.0,0.0,-0.419785978386789,0.1,0.0,1.0
1779977928.9706764,-1.2820223569869995,-0.46003758907318115,0.0,0.0,nan,0.0,0.0,0.0,-0.419785978386789,0.1,0.0,1.0
1779977928.9811804,-1.2820223569869995,-0.46003758907318115,0.0,0.0,nan,0.0,0.0,0.0,-0.419785978386789,0.1,0.0,1.0
1779977928.9914808,-1.2820223569869995,-0.46003758907318115,0.0,0.0,nan,0.0,0.0,0.0,-0.419785978386789,0.1,0.0,1.0
1779977929.0017395,-1.2820223569869995,-0.46003758907318115,0.0,0.0,nan,0.0,0.0,0.0,-0.419785978386789,0.1,0.0,1.0
1779977929.0121338,-1.2820223569869995,-0.46003758907318115,0.0,0.0,nan,0.0,0.0,0.0,-0.419785978386789,0.1,0.0,1.0
1779977929.0223885,-1.2820223569869995,-0.46003758907318115,0.0,0.0,nan,0.0,0.0,0.0,-0.419785978386789,0.1,0.0,1.0
1779977929.0331662,-1.2820223569869995,-0.46003758907318115,0.0,0.0,nan,0.0,0.0,0.0,-0.419785978386789,0.1,0.0,1.0
1779977929.0433135,-1.2820223569869995,-0.46003758907318115,0.0,0.0,nan,0.0,0.0,0.0,-0.419785978386789,0.1,0.0,1.0
1779977929.0540318,-1.2820223569869995,-0.46003758907318115,0.0,0.0,nan,0.0,0.0,0.0,-0.419785978386789,0.1,0.0,1.0
1779977929.0644462,-1.2820223569869995,-0.46003758907318115,0.0,0.0,nan,0.0,0.0,0.0,-0.419785978386789,0.1,0.0,1.0
1779977929.0751462,-1.2820223569869995,-0.46003758907318115,0.0,0.0,nan,0.0,0.0,0.0,-0.419785978386789,0.1,0.0,1.0
1779977929.0859764,-1.2820223569869995,-0.46003758907318115,0.0,0.0,nan,0.0,0.0,0.0,-0.419785978386789,0.1,0.0,1.0
1779977929.0961633,-1.2820223569869995,-0.46003758907318115,0.0,0.0,nan,0.0,0.0,0.0,-0.419785978386789,0.1,0.0,1.0
1779977929.1065247,-1.2820223569869995,-0.46003758907318115,0.0,0.0,nan,0.0,0.0,0.0,-0.419785978386789,0.1,0.0,1.0
1779977929.1168337,-1.2820223569869995,-0.46003758907318115,0.0,0.0,nan,0.0,0.0,0.0,-0.419785978386789,0.1,0.0,1.0
1779977929.1269724,-1.2820223569869995,-0.46003758907318115,0.0,0.0,nan,0.0,0.0,0.0,-0.419785978386789,0.1,0.0,1.0
1779977929.137799,-1.2820223569869995,-0.46003758907318115,0.0,0.0,nan,0.0,0.0,0.0,-0.419785978386789,0.1,0.0,1.0
1779977929.1477787,-1.2820223569869995,-0.46003758907318115,0.0,0.0,nan,0.0,0.0,0.0,-0.419785978386789,0.1,0.0,1.0
1779977929.1582766,-1.2820223569869995,-0.46003758907318115,0.0,0.0,nan,0.0,0.0,0.0,-0.419785978386789,0.1,0.0,1.0
1779977929.1684058,-1.2820223569869995,-0.46003758907318115,0.0,0.0,nan,0.0,0.0,0.0,-0.419785978386789,0.1,0.0,1.0
1779977929.1792727,-1.2820223569869995,-0.46003758907318115,0.0,0.0,nan,0.0,0.0,0.0,-0.419785978386789,0.1,0.0,1.0
1779977929.189377,-1.2820223569869995,-0.46003758907318115,0.0,0.0,nan,0.0,0.0,0.0,-0.419785978386789,0.1,0.0,1.0
1779977929.2000244,-1.2820223569869995,-0.46003758907318115,0.0,0.0,nan,0.0,0.0,0.0,-0.419785978386789,0.1,0.0,1.0
1779977929.2100859,-1.2820223569869995,-0.46003758907318115,0.0,0.0,nan,0.0,0.0,0.0,-0.419785978386789,0.1,0.0,1.0
1779977929.2207406,-1.2820223569869995,-0.46003758907318115,0.0,0.0,nan,0.0,0.0,0.0,-0.419785978386789,0.1,0.0,1.0
1779977929.23097,-1.2820223569869995,-0.46003758907318115,0.0,0.0,nan,0.0,0.0,0.0,-0.419785978386789,0.1,0.0,1.0
1779977929.2414415,-1.2820223569869995,-0.46003758907318115,0.0,0.0,nan,0.0,0.0,0.0,-0.419785978386789,0.1,0.0,1.0
1779977929.251968,-1.2820223569869995,-0.46003758907318115,0.0,0.0,nan,0.0,0.0,0.0,-0.419785978386789,0.1,0.0,1.0
1779977929.2619975,-1.2820223569869995,-0.46003758907318115,0.0,0.0,nan,0.0,0.0,0.0,-0.419785978386789,0.1,0.0,1.0
1779977929.272249,-1.2820223569869995,-0.46003758907318115,0.0,0.0,nan,0.0,0.0,0.0,-0.419785978386789,0.1,0.0,1.0
1779977929.282781,-1.2820223569869995,-0.46003758907318115,0.0,0.0,nan,0.0,0.0,0.0,-0.419785978386789,0.1,0.0,1.0
1779977929.2933176,-1.2820223569869995,-0.46003758907318115,0.0,0.0,nan,0.0,0.0,0.0,-0.419785978386789,0.1,0.0,1.0
1779977929.3033898,-1.2820223569869995,-0.46003758907318115,0.0,0.0,nan,0.0,0.0,0.0,-0.419785978386789,0.1,0.0,1.0
1779977929.3140686,-1.2820223569869995,-0.46003758907318115,0.0,0.0,nan,0.0,0.0,0.0,-0.419785978386789,0.1,0.0,1.0
1779977929.323958,-1.2820223569869995,-0.46003758907318115,0.0,0.0,nan,0.0,0.0,0.0,-0.419785978386789,0.1,0.0,1.0
1779977929.3346303,-1.2820223569869995,-0.46003758907318115,0.0,0.0,nan,0.0,0.0,0.0,-0.419785978386789,0.1,0.0,1.0
1779977929.345082,-1.2820223569869995,-0.46003758907318115,0.0,0.0,nan,0.0,0.0,0.0,-0.419785978386789,0.1,0.0,1.0
1779977929.3556082,-1.2820223569869995,-0.46003758907318115,0.0,0.0,nan,0.0,0.0,0.0,-0.419785978386789,0.1,0.0,1.0
1779977929.3659084,-1.2820223569869995,-0.46003758907318115,0.0,0.0,nan,0.0,0.0,0.0,-0.419785978386789,0.1,0.0,1.0
1779977929.376036,-1.2820223569869995,-0.46003758907318115,0.0,0.0,nan,0.0,0.0,0.0,-0.419785978386789,0.1,0.0,1.0
1779977929.386661,-1.2820223569869995,-0.46003758907318115,0.0,0.0,nan,0.0,0.0,0.0,-0.419785978386789,0.1,0.0,1.0
1779977929.397122,-1.2820223569869995,-0.46003758907318115,0.0,0.0,nan,0.0,0.0,0.0,-0.419785978386789,0.1,0.0,1.0
1779977929.4073954,-1.2820223569869995,-0.46003758907318115,0.0,0.0,nan,0.0,0.0,0.0,-0.419785978386789,0.1,0.0,1.0
1779977929.4176443,-1.2820223569869995,-0.46003758907318115,0.0,0.0,nan,0.0,0.0,0.0,-0.419785978386789,0.1,0.0,1.0
1779977929.4282382,-1.2820223569869995,-0.46003758907318115,0.0,0.0,nan,0.0,0.0,0.0,-0.419785978386789,0.1,0.0,1.0
1779977929.4383285,-1.2820223569869995,-0.46003758907318115,0.0,0.0,nan,0.0,0.0,0.0,-0.419785978386789,0.1,0.0,1.0
1779977929.448847,-1.2820223569869995,-0.46003758907318115,0.0,0.0,nan,0.0,0.0,0.0,-0.419785978386789,0.1,0.0,1.0
1779977929.4592783,-1.2820223569869995,-0.46003758907318115,0.0,0.0,nan,0.0,0.0,0.0,-0.419785978386789,0.1,0.0,1.0
1779977929.4695523,-1.2820223569869995,-0.46003758907318115,0.0,0.0,nan,0.0,0.0,0.0,-0.419785978386789,0.1,0.0,1.0
1779977929.479852,-1.2820223569869995,-0.46003758907318115,0.0,0.0,nan,0.0,0.0,0.0,-0.419785978386789,0.1,0.0,1.0
1779977929.490239,-1.2820223569869995,-0.46003758907318115,0.0,0.0,nan,0.0,0.0,0.0,-0.419785978386789,0.1,0.0,1.0
1779977929.500658,-1.2820223569869995,-0.46003758907318115,0.0,0.0,nan,0.0,0.0,0.0,-0.419785978386789,0.1,0.0,1.0
1779977929.5112677,-1.2820223569869995,-0.46003758907318115,0.0,0.0,nan,0.0,0.0,0.0,-0.419785978386789,0.1,0.0,1.0
1779977929.521806,-1.2820223569869995,-0.46003758907318115,0.0,0.0,nan,0.0,0.0,0.0,-0.419785978386789,0.1,0.0,1.0
1779977929.5320697,-1.2820223569869995,-0.46003758907318115,0.0,0.0,nan,0.0,0.0,0.0,-0.419785978386789,0.1,0.0,1.0
1779977929.542321,-1.2820223569869995,-0.46003758907318115,0.0,0.0,nan,0.0,0.0,0.0,-0.419785978386789,0.1,0.0,1.0
1779977929.552625,-1.2820223569869995,-0.46003758907318115,0.0,0.0,nan,0.0,0.0,0.0,-0.419785978386789,0.1,0.0,1.0
1779977929.5628972,-1.2820223569869995,-0.46003758907318115,0.0,0.0,nan,0.0,0.0,0.0,-0.419785978386789,0.1,0.0,1.0
1779977929.5735962,-1.2820223569869995,-0.46003758907318115,0.0,0.0,nan,0.0,0.0,0.0,-0.419785978386789,0.1,0.0,1.0
1779977929.5837045,-1.2820223569869995,-0.46003758907318115,0.0,0.0,nan,0.0,0.0,0.0,-0.419785978386789,0.1,0.0,1.0
1779977929.5939605,-1.2820223569869995,-0.46003758907318115,0.0,0.0,nan,0.0,0.0,0.0,-0.419785978386789,0.1,0.0,1.0
1779977929.6043284,-1.2820223569869995,-0.46003758907318115,0.0,0.0,nan,0.0,0.0,0.0,-0.419785978386789,0.1,0.0,1.0
1779977929.6145663,-1.2820223569869995,-0.46003758907318115,0.0,0.0,nan,0.0,0.0,0.0,-0.419785978386789,0.1,0.0,1.0
1779977929.6251066,-1.2820223569869995,-0.46003758907318115,0.0,0.0,nan,0.0,0.0,0.0,-0.419785978386789,0.1,0.0,1.0
1779977929.6353898,-1.2820223569869995,-0.46003758907318115,0.0,0.0,nan,0.0,0.0,0.0,-0.419785978386789,0.1,0.0,1.0
1779977929.6459177,-1.2820223569869995,-0.46003758907318115,0.0,0.0,nan,0.0,0.0,0.0,-0.419785978386789,0.1,0.0,1.0
1779977929.6561837,-1.2820223569869995,-0.46003758907318115,0.0,0.0,nan,0.0,0.0,0.0,-0.419785978386789,0.1,0.0,1.0
1779977929.6669993,-1.2820223569869995,-0.46003758907318115,0.0,0.0,nan,0.0,0.0,0.0,-0.419785978386789,0.1,0.0,1.0
1779977929.6775198,-1.2820223569869995,-0.46003758907318115,0.0,0.0,nan,0.0,0.0,0.0,-0.419785978386789,0.1,0.0,1.0
1779977929.688091,-1.2820223569869995,-0.46003758907318115,0.0,0.0,nan,0.0,0.0,0.0,-0.419785978386789,0.1,0.0,1.0
1779977929.69851,-1.2820223569869995,-0.46003758907318115,0.0,0.0,nan,0.0,0.0,0.0,-0.419785978386789,0.1,0.0,1.0
1779977929.7088919,-1.2820223569869995,-0.46003758907318115,0.0,0.0,nan,0.0,0.0,0.0,-0.419785978386789,0.1,0.0,1.0
1779977929.719521,-1.2820223569869995,-0.46003758907318115,0.0,0.0,nan,0.0,0.0,0.0,-0.419785978386789,0.1,0.0,1.0
1779977929.7300699,-1.2820223569869995,-0.46003758907318115,0.0,0.0,nan,0.0,0.0,0.0,-0.419785978386789,0.1,0.0,1.0
1779977929.7404673,-1.2820223569869995,-0.46003758907318115,0.0,0.0,nan,0.0,0.0,0.0,-0.419785978386789,0.1,0.0,1.0
1779977929.7506454,-1.2820223569869995,-0.46003758907318115,0.0,0.0,nan,0.0,0.0,0.0,-0.419785978386789,0.1,0.0,1.0
1779977929.761294,-1.2820223569869995,-0.46003758907318115,0.0,0.0,nan,0.0,0.0,0.0,-0.419785978386789,0.1,0.0,1.0
1779977929.7713041,-1.2820223569869995,-0.46003758907318115,0.0,0.0,nan,0.0,0.0,0.0,-0.419785978386789,0.1,0.0,1.0
1779977929.7817192,-1.2820223569869995,-0.46003758907318115,0.0,0.0,nan,0.0,0.0,0.0,-0.419785978386789,0.1,0.0,1.0
1779977929.7920775,-1.2820223569869995,-0.46003758907318115,0.0,0.0,nan,0.0,0.0,0.0,-0.419785978386789,0.1,0.0,1.0
1779977929.802606,-1.2820223569869995,-0.46003758907318115,0.0,0.0,nan,0.0,0.0,0.0,-0.419785978386789,0.1,0.0,1.0
1779977929.8130665,-1.2820223569869995,-0.46003758907318115,0.0,0.0,nan,0.0,0.0,0.0,-0.419785978386789,0.1,0.0,1.0
1779977929.823463,-1.2820223569869995,-0.46003758907318115,0.0,0.0,nan,0.0,0.0,0.0,-0.419785978386789,0.1,0.0,1.0
1779977929.8337207,-1.2820223569869995,-0.46003758907318115,0.0,0.0,nan,0.0,0.0,0.0,-0.419785978386789,0.1,0.0,1.0
1779977929.8442478,-1.2820223569869995,-0.46003758907318115,0.0,0.0,nan,0.0,0.0,0.0,-0.419785978386789,0.1,0.0,1.0
1779977929.8549736,-1.2820223569869995,-0.46003758907318115,0.0,0.0,nan,0.0,0.0,0.0,-0.419785978386789,0.1,0.0,1.0
1779977929.8652937,-1.2820223569869995,-0.46003758907318115,0.0,0.0,nan,0.0,0.0,0.0,-0.419785978386789,0.1,0.0,1.0
1779977929.8756454,-1.2820223569869995,-0.46003758907318115,0.0,0.0,nan,0.0,0.0,0.0,-0.419785978386789,0.1,0.0,1.0
1779977929.8863761,-1.2820223569869995,-0.46003758907318115,0.0,0.0,nan,0.0,0.0,0.0,-0.419785978386789,0.1,0.0,1.0
1779977929.8967342,-1.2820223569869995,-0.46003758907318115,0.0,0.0,nan,0.0,0.0,0.0,-0.419785978386789,0.1,0.0,1.0
1779977929.9069173,-1.2820223569869995,-0.46003758907318115,0.0,0.0,nan,0.0,0.0,0.0,-0.419785978386789,0.1,0.0,1.0
1779977929.9173486,-1.2820223569869995,-0.46003758907318115,0.0,0.0,nan,0.0,0.0,0.0,-0.419785978386789,0.1,0.0,1.0
1779977929.928103,-1.2820223569869995,-0.46003758907318115,0.0,0.0,nan,0.0,0.0,0.0,-0.419785978386789,0.1,0.0,1.0
1779977929.9383008,-1.2820223569869995,-0.46003758907318115,0.0,0.0,nan,0.0,0.0,0.0,-0.419785978386789,0.1,0.0,1.0
1779977929.9483192,-1.2820223569869995,-0.46003758907318115,0.0,0.0,nan,0.0,0.0,0.0,-0.419785978386789,0.1,0.0,1.0
1779977929.9588838,-1.2820223569869995,-0.46003758907318115,0.0,0.0,nan,0.0,0.0,0.0,-0.419785978386789,0.1,0.0,1.0
1779977929.969057,-1.2820223569869995,-0.46003758907318115,0.0,0.0,nan,0.0,0.0,0.0,-0.419785978386789,0.1,0.0,1.0
1779977929.9792252,-1.2820223569869995,-0.46003758907318115,0.0,0.0,nan,0.0,0.0,0.0,-0.419785978386789,0.1,0.0,1.0
1779977929.9893618,-1.2820223569869995,-0.46003758907318115,0.0,0.0,nan,0.0,0.0,0.0,-0.419785978386789,0.1,0.0,1.0
1779977929.9993932,-1.2820223569869995,-0.46003758907318115,0.0,0.0,nan,0.0,0.0,0.0,-0.419785978386789,0.1,0.0,1.0
1779977930.0099611,-1.2820223569869995,-0.46003758907318115,0.0,0.0,nan,0.0,0.0,0.0,-0.419785978386789,0.1,0.0,1.0
1779977930.0204694,-1.2820223569869995,-0.46003758907318115,0.0,0.0,nan,0.0,0.0,0.0,-0.419785978386789,0.1,0.0,1.0
1779977930.030727,-1.2820223569869995,-0.46003758907318115,0.0,0.0,nan,0.0,0.0,0.0,-0.419785978386789,0.1,0.0,1.0
1779977930.0409098,-1.2820223569869995,-0.46003758907318115,0.0,0.0,nan,0.0,0.0,0.0,-0.419785978386789,0.1,0.0,1.0
1779977930.051129,-1.2820223569869995,-0.46003758907318115,0.0,0.0,nan,0.0,0.0,0.0,-0.419785978386789,0.1,0.0,1.0
1779977930.0612667,-1.2820223569869995,-0.46003758907318115,0.0,0.0,nan,0.0,0.0,0.0,-0.419785978386789,0.1,0.0,1.0
1779977930.071729,-1.2820223569869995,-0.46003758907318115,0.0,0.0,nan,0.0,0.0,0.0,-0.419785978386789,0.1,0.0,1.0
1779977930.0821068,-1.2820223569869995,-0.46003758907318115,0.0,0.0,nan,0.0,0.0,0.0,-0.419785978386789,0.1,0.0,1.0
1779977930.0924973,-1.2820223569869995,-0.46003758907318115,0.0,0.0,nan,0.0,0.0,0.0,-0.419785978386789,0.1,0.0,1.0
1779977930.1031914,-1.2820223569869995,-0.46003758907318115,0.0,0.0,nan,0.0,0.0,0.0,-0.419785978386789,0.1,0.0,1.0
1779977930.1135592,-1.2820223569869995,-0.46003758907318115,0.0,0.0,nan,0.0,0.0,0.0,-0.419785978386789,0.1,0.0,1.0
1779977930.1242418,-1.2820223569869995,-0.46003758907318115,0.0,0.0,nan,0.0,0.0,0.0,-0.419785978386789,0.1,0.0,1.0
1779977930.1343071,-1.2820223569869995,-0.46003758907318115,0.0,0.0,nan,0.0,0.0,0.0,-0.419785978386789,0.1,0.0,1.0
1779977930.144891,-1.2820223569869995,-0.46003758907318115,0.0,0.0,nan,0.0,0.0,0.0,-0.419785978386789,0.1,0.0,1.0
1779977930.155421,-1.2820223569869995,-0.46003758907318115,0.0,0.0,nan,0.0,0.0,0.0,-0.419785978386789,0.1,0.0,1.0
1779977930.166074,-1.2820223569869995,-0.46003758907318115,0.0,0.0,nan,0.0,0.0,0.0,-0.419785978386789,0.1,0.0,1.0
1779977930.1763988,-1.2820223569869995,-0.46003758907318115,0.0,0.0,nan,0.0,0.0,0.0,-0.419785978386789,0.1,0.0,1.0
1779977930.1872118,-1.2820223569869995,-0.46003758907318115,0.0,0.0,nan,0.0,0.0,0.0,-0.419785978386789,0.1,0.0,1.0
1779977930.1972237,-1.2820223569869995,-0.46003758907318115,0.0,0.0,nan,0.0,0.0,0.0,-0.419785978386789,0.1,0.0,1.0
1779977930.2078643,-1.2820223569869995,-0.46003758907318115,0.0,0.0,nan,0.0,0.0,0.0,-0.419785978386789,0.1,0.0,1.0
1779977930.2180612,-1.2820223569869995,-0.46003758907318115,0.0,0.0,nan,0.0,0.0,0.0,-0.419785978386789,0.1,0.0,1.0
1779977930.228762,-1.2820223569869995,-0.46003758907318115,0.0,0.0,nan,0.0,0.0,0.0,-0.419785978386789,0.1,0.0,1.0
1779977930.2389133,-1.2820223569869995,-0.46003758907318115,0.0,0.0,nan,0.0,0.0,0.0,-0.419785978386789,0.1,0.0,1.0
1779977930.249393,-1.2820223569869995,-0.46003758907318115,0.0,0.0,nan,0.0,0.0,0.0,-0.419785978386789,0.1,0.0,1.0
1779977930.259985,-1.2820223569869995,-0.46003758907318115,0.0,0.0,nan,0.0,0.0,0.0,-0.419785978386789,0.1,0.0,1.0
1779977930.269755,-1.2820223569869995,-0.46003758907318115,0.0,0.0,nan,0.0,0.0,0.0,-0.419785978386789,0.1,0.0,1.0
1779977930.2802856,-1.2820223569869995,-0.46003758907318115,0.0,0.0,nan,0.0,0.0,0.0,-0.419785978386789,0.1,0.0,1.0
1779977930.290375,-1.2820223569869995,-0.46003758907318115,0.0,0.0,nan,0.0,0.0,0.0,-0.419785978386789,0.1,0.0,1.0
1779977930.3009849,-1.2820223569869995,-0.46003758907318115,0.0,0.0,nan,0.0,0.0,0.0,-0.419785978386789,0.1,0.0,1.0
1779977930.3111231,-1.2820223569869995,-0.46003758907318115,0.0,0.0,nan,0.0,0.0,0.0,-0.419785978386789,0.1,0.0,1.0
1779977930.3214548,-1.2820223569869995,-0.46003758907318115,0.0,0.0,nan,0.0,0.0,0.0,-0.419785978386789,0.1,0.0,1.0
1779977930.3314042,-1.2820223569869995,-0.46003758907318115,0.0,0.0,nan,0.0,0.0,0.0,-0.419785978386789,0.1,0.0,1.0
1779977930.3420682,-1.2820223569869995,-0.46003758907318115,0.0,0.0,nan,0.0,0.0,0.0,-0.419785978386789,0.1,0.0,1.0
1779977930.3521628,-1.2820223569869995,-0.46003758907318115,0.0,0.0,nan,0.0,0.0,0.0,-0.419785978386789,0.1,0.0,1.0
1779977930.362787,-1.2820223569869995,-0.46003758907318115,0.0,0.0,nan,0.0,0.0,0.0,-0.419785978386789,0.1,0.0,1.0
1779977930.372782,-1.2820223569869995,-0.46003758907318115,0.0,0.0,nan,0.0,0.0,0.0,-0.419785978386789,0.1,0.0,1.0
1779977930.3834236,-1.2820223569869995,-0.46003758907318115,0.0,0.0,nan,0.0,0.0,0.0,-0.419785978386789,0.1,0.0,1.0
1779977930.394021,-1.2820223569869995,-0.46003758907318115,0.0,0.0,nan,0.0,0.0,0.0,-0.419785978386789,0.1,0.0,1.0
1779977930.4043624,-1.2820223569869995,-0.46003758907318115,0.0,0.0,nan,0.0,0.0,0.0,-0.419785978386789,0.1,0.0,1.0
1779977930.4147933,-1.2820223569869995,-0.46003758907318115,0.0,0.0,nan,0.0,0.0,0.0,-0.419785978386789,0.1,0.0,1.0
1779977930.4252849,-1.2820223569869995,-0.46003758907318115,0.0,0.0,nan,0.0,0.0,0.0,-0.419785978386789,0.1,0.0,1.0
1779977930.435733,-1.2820223569869995,-0.46003758907318115,0.0,0.0,nan,0.0,0.0,0.0,-0.419785978386789,0.1,0.0,1.0
1779977930.4465578,-1.2820223569869995,-0.46003758907318115,0.0,0.0,nan,0.0,0.0,0.0,-0.419785978386789,0.1,0.0,1.0
1779977930.4565594,-1.2820223569869995,-0.46003758907318115,0.0,0.0,nan,0.0,0.0,0.0,-0.419785978386789,0.1,0.0,1.0
1779977930.4668386,-1.2820223569869995,-0.46003758907318115,0.0,0.0,nan,0.0,0.0,0.0,-0.419785978386789,0.1,0.0,1.0
1779977930.477498,-1.2820223569869995,-0.46003758907318115,0.0,0.0,nan,0.0,0.0,0.0,-0.419785978386789,0.1,0.0,1.0
1779977930.4880002,-1.2820223569869995,-0.46003758907318115,0.0,0.0,nan,0.0,0.0,0.0,-0.419785978386789,0.1,0.0,1.0
1779977930.4984658,-1.2820223569869995,-0.46003758907318115,0.0,0.0,nan,0.0,0.0,0.0,-0.419785978386789,0.1,0.0,1.0
1779977930.50875,-1.2820223569869995,-0.46003758907318115,0.0,0.0,nan,0.0,0.0,0.0,-0.419785978386789,0.1,0.0,1.0
1779977930.5194485,-1.2820223569869995,-0.46003758907318115,0.0,0.0,nan,0.0,0.0,0.0,-0.419785978386789,0.1,0.0,1.0
1779977930.5300498,-1.2820223569869995,-0.46003758907318115,0.0,0.0,nan,0.0,0.0,0.0,-0.419785978386789,0.1,0.0,1.0
1779977930.5403554,-1.2820223569869995,-0.46003758907318115,0.0,0.0,nan,0.0,0.0,0.0,-0.419785978386789,0.1,0.0,1.0
1779977930.5503283,-1.2820223569869995,-0.46003758907318115,0.0,0.0,nan,0.0,0.0,0.0,-0.419785978386789,0.1,0.0,1.0
1779977930.5608666,-1.2820223569869995,-0.46003758907318115,0.0,0.0,nan,0.0,0.0,0.0,-0.419785978386789,0.1,0.0,1.0
1779977930.5715678,-1.2820223569869995,-0.46003758907318115,0.0,0.0,nan,0.0,0.0,0.0,-0.419785978386789,0.1,0.0,1.0
1779977930.581964,-1.2820223569869995,-0.46003758907318115,0.0,0.0,nan,0.0,0.0,0.0,-0.419785978386789,0.1,0.0,1.0
1779977930.592487,-1.2820223569869995,-0.46003758907318115,0.0,0.0,nan,0.0,0.0,0.0,-0.419785978386789,0.1,0.0,1.0
1779977930.602605,-1.2820223569869995,-0.46003758907318115,0.0,0.0,nan,0.0,0.0,0.0,-0.419785978386789,0.1,0.0,1.0
1779977930.6132557,-1.2820223569869995,-0.46003758907318115,0.0,0.0,nan,0.0,0.0,0.0,-0.419785978386789,0.1,0.0,1.0
1779977930.6238296,-1.2820223569869995,-0.46003758907318115,0.0,0.0,nan,0.0,0.0,0.0,-0.419785978386789,0.1,0.0,1.0
1779977930.6342342,-1.2820223569869995,-0.46003758907318115,0.0,0.0,nan,0.0,0.0,0.0,-0.419785978386789,0.1,0.0,1.0
1779977930.6443818,-1.2820223569869995,-0.46003758907318115,0.0,0.0,nan,0.0,0.0,0.0,-0.419785978386789,0.1,0.0,1.0
1779977930.6552494,-1.2820223569869995,-0.46003758907318115,0.0,0.0,nan,0.0,0.0,0.0,-0.419785978386789,0.1,0.0,1.0
1779977930.665163,-1.2820223569869995,-0.46003758907318115,0.0,0.0,nan,0.0,0.0,0.0,-0.419785978386789,0.1,0.0,1.0
1779977930.6756968,-1.2820223569869995,-0.46003758907318115,0.0,0.0,nan,0.0,0.0,0.0,-0.419785978386789,0.1,0.0,1.0
1779977930.6862135,-1.2820223569869995,-0.46003758907318115,0.0,0.0,nan,0.0,0.0,0.0,-0.419785978386789,0.1,0.0,1.0
1779977930.6969962,-1.2820223569869995,-0.46003758907318115,0.0,0.0,nan,0.0,0.0,0.0,-0.419785978386789,0.1,0.0,1.0
1779977930.706975,-1.2820223569869995,-0.46003758907318115,0.0,0.0,nan,0.0,0.0,0.0,-0.419785978386789,0.1,0.0,1.0
1779977930.7169285,-1.2820223569869995,-0.46003758907318115,0.0,0.0,nan,0.0,0.0,0.0,-0.419785978386789,0.1,0.0,1.0
1779977930.727375,-1.2820223569869995,-0.46003758907318115,0.0,0.0,nan,0.0,0.0,0.0,-0.419785978386789,0.1,0.0,1.0
1779977930.73766,-1.2820223569869995,-0.46003758907318115,0.0,0.0,nan,0.0,0.0,0.0,-0.419785978386789,0.1,0.0,1.0
1779977930.7480202,-1.2820223569869995,-0.46003758907318115,0.0,0.0,nan,0.0,0.0,0.0,-0.419785978386789,0.1,0.0,1.0
1779977930.7581482,-1.2820223569869995,-0.46003758907318115,0.0,0.0,nan,0.0,0.0,0.0,-0.419785978386789,0.1,0.0,1.0
1779977930.7683842,-1.2820223569869995,-0.46003758907318115,0.0,0.0,nan,0.0,0.0,0.0,-0.419785978386789,0.1,0.0,1.0
1779977930.7789137,-1.2820223569869995,-0.46003758907318115,0.0,0.0,nan,0.0,0.0,0.0,-0.419785978386789,0.1,0.0,1.0
1779977930.7894933,-1.2820223569869995,-0.46003758907318115,0.0,0.0,nan,0.0,0.0,0.0,-0.419785978386789,0.1,0.0,1.0
1779977930.7997828,-1.2820223569869995,-0.46003758907318115,0.0,0.0,nan,0.0,0.0,0.0,-0.419785978386789,0.1,0.0,1.0
1779977930.8100696,-1.2820223569869995,-0.46003758907318115,0.0,0.0,nan,0.0,0.0,0.0,-0.419785978386789,0.1,0.0,1.0
1779977930.8206172,-1.2820223569869995,-0.46003758907318115,0.0,0.0,nan,0.0,0.0,0.0,-0.419785978386789,0.1,0.0,1.0
1779977930.8310478,-1.2820223569869995,-0.46003758907318115,0.0,0.0,nan,0.0,0.0,0.0,-0.419785978386789,0.1,0.0,1.0
1779977930.8415117,-1.2820223569869995,-0.46003758907318115,0.0,0.0,nan,0.0,0.0,0.0,-0.419785978386789,0.1,0.0,1.0
1779977930.8521502,-1.2820223569869995,-0.46003758907318115,0.0,0.0,nan,0.0,0.0,0.0,-0.419785978386789,0.1,0.0,1.0
1779977930.8624868,-1.2820223569869995,-0.46003758907318115,0.0,0.0,nan,0.0,0.0,0.0,-0.419785978386789,0.1,0.0,1.0
1779977930.8729885,-1.2820223569869995,-0.46003758907318115,0.0,0.0,nan,0.0,0.0,0.0,-0.419785978386789,0.1,0.0,1.0
1779977930.8834896,-1.2820223569869995,-0.46003758907318115,0.0,0.0,nan,0.0,0.0,0.0,-0.419785978386789,0.1,0.0,1.0
1779977930.8939474,-1.2820223569869995,-0.46003758907318115,0.0,0.0,nan,0.0,0.0,0.0,-0.419785978386789,0.1,0.0,1.0
1779977930.9045124,-1.2820223569869995,-0.46003758907318115,0.0,0.0,nan,0.0,0.0,0.0,-0.419785978386789,0.1,0.0,1.0
1779977930.9150085,-1.2820223569869995,-0.46003758907318115,0.0,0.0,nan,0.0,0.0,0.0,-0.419785978386789,0.1,0.0,1.0
1779977930.9255533,-1.2820223569869995,-0.46003758907318115,0.0,0.0,nan,0.0,0.0,0.0,-0.419785978386789,0.1,0.0,1.0
1779977930.9361014,-1.2820223569869995,-0.46003758907318115,0.0,0.0,nan,0.0,0.0,0.0,-0.419785978386789,0.1,0.0,1.0
1779977930.9467847,-1.2820223569869995,-0.46003758907318115,0.0,0.0,nan,0.0,0.0,0.0,-0.419785978386789,0.1,0.0,1.0
1779977930.9571996,-1.2820223569869995,-0.46003758907318115,0.0,0.0,nan,0.0,0.0,0.0,-0.419785978386789,0.1,0.0,1.0
1779977930.9675756,-1.2820223569869995,-0.46003758907318115,0.0,0.0,nan,0.0,0.0,0.0,-0.419785978386789,0.1,0.0,1.0
1779977930.9780593,-1.2820223569869995,-0.46003758907318115,0.0,0.0,nan,0.0,0.0,0.0,-0.419785978386789,0.1,0.0,1.0
1779977930.988318,-1.2820223569869995,-0.46003758907318115,0.0,0.0,nan,0.0,0.0,0.0,-0.419785978386789,0.1,0.0,1.0
1779977930.998839,-1.2820223569869995,-0.46003758907318115,0.0,0.0,nan,0.0,0.0,0.0,-0.419785978386789,0.1,0.0,1.0
1779977931.009267,-1.2820223569869995,-0.46003758907318115,0.0,0.0,nan,0.0,0.0,0.0,-0.419785978386789,0.1,0.0,1.0
1779977931.019369,-1.2820223569869995,-0.46003758907318115,0.0,0.0,nan,0.0,0.0,0.0,-0.419785978386789,0.1,0.0,1.0
1779977931.0300074,-1.2820223569869995,-0.46003758907318115,0.0,0.0,nan,0.0,0.0,0.0,-0.419785978386789,0.1,0.0,1.0
1779977931.0404992,-1.2820223569869995,-0.46003758907318115,0.0,0.0,nan,0.0,0.0,0.0,-0.419785978386789,0.1,0.0,1.0
1779977931.0510192,-1.2820223569869995,-0.46003758907318115,0.0,0.0,nan,0.0,0.0,0.0,-0.419785978386789,0.1,0.0,1.0
1779977931.0610454,-1.2820223569869995,-0.46003758907318115,0.0,0.0,nan,0.0,0.0,0.0,-0.419785978386789,0.1,0.0,1.0
1779977931.0712352,-1.2820223569869995,-0.46003758907318115,0.0,0.0,nan,0.0,0.0,0.0,-0.419785978386789,0.1,0.0,1.0
1779977931.081749,-1.2820223569869995,-0.46003758907318115,0.0,0.0,nan,0.0,0.0,0.0,-0.419785978386789,0.1,0.0,1.0
1779977931.0924141,-1.2820223569869995,-0.46003758907318115,0.0,0.0,nan,0.0,0.0,0.0,-0.419785978386789,0.1,0.0,1.0
1779977931.1026652,-1.2820223569869995,-0.46003758907318115,0.0,0.0,nan,0.0,0.0,0.0,-0.419785978386789,0.1,0.0,1.0
1779977931.1131637,-1.2820223569869995,-0.46003758907318115,0.0,0.0,nan,0.0,0.0,0.0,-0.419785978386789,0.1,0.0,1.0
1779977931.1236737,-1.2820223569869995,-0.46003758907318115,0.0,0.0,nan,0.0,0.0,0.0,-0.419785978386789,0.1,0.0,1.0
1779977931.1334484,-1.2820223569869995,-0.46003758907318115,0.0,0.0,nan,0.0,0.0,0.0,-0.419785978386789,0.1,0.0,1.0
1779977931.1440878,-1.2820223569869995,-0.46003758907318115,0.0,0.0,nan,0.0,0.0,0.0,-0.419785978386789,0.1,0.0,1.0
1779977931.1546075,-1.2820223569869995,-0.46003758907318115,0.0,0.0,nan,0.0,0.0,0.0,-0.419785978386789,0.1,0.0,1.0
1779977931.1651525,-1.2820223569869995,-0.46003758907318115,0.0,0.0,nan,0.0,0.0,0.0,-0.419785978386789,0.1,0.0,1.0
1779977931.1757061,-1.2820223569869995,-0.46003758907318115,0.0,0.0,nan,0.0,0.0,0.0,-0.419785978386789,0.1,0.0,1.0
1779977931.1861103,-1.2820223569869995,-0.46003758907318115,0.0,0.0,nan,0.0,0.0,0.0,-0.419785978386789,0.1,0.0,1.0
1779977931.1962397,-1.2820223569869995,-0.46003758907318115,0.0,0.0,nan,0.0,0.0,0.0,-0.419785978386789,0.1,0.0,1.0
1779977931.206474,-1.2820223569869995,-0.46003758907318115,0.0,0.0,nan,0.0,0.0,0.0,-0.419785978386789,0.1,0.0,1.0
1779977931.2174413,-1.2820223569869995,-0.46003758907318115,0.0,0.0,nan,0.0,0.0,0.0,-0.419785978386789,0.1,0.0,1.0
1779977931.2272398,-1.2820223569869995,-0.46003758907318115,0.0,0.0,nan,0.0,0.0,0.0,-0.419785978386789,0.1,0.0,1.0
1779977931.2376902,-1.2820223569869995,-0.46003758907318115,0.0,0.0,nan,0.0,0.0,0.0,-0.419785978386789,0.1,0.0,1.0
1779977931.248097,-1.2820223569869995,-0.46003758907318115,0.0,0.0,nan,0.0,0.0,0.0,-0.419785978386789,0.1,0.0,1.0
1779977931.2582104,-1.2820223569869995,-0.46003758907318115,0.0,0.0,nan,0.0,0.0,0.0,-0.419785978386789,0.1,0.0,1.0
1779977931.2682252,-1.2820223569869995,-0.46003758907318115,0.0,0.0,nan,0.0,0.0,0.0,-0.419785978386789,0.1,0.0,1.0
1779977931.2784297,-1.2820223569869995,-0.46003758907318115,0.0,0.0,nan,0.0,0.0,0.0,-0.419785978386789,0.1,0.0,1.0
1779977931.288853,-1.2820223569869995,-0.46003758907318115,0.0,0.0,nan,0.0,0.0,0.0,-0.419785978386789,0.1,0.0,1.0
1779977931.2992654,-1.2820223569869995,-0.46003758907318115,0.0,0.0,nan,0.0,0.0,0.0,-0.419785978386789,0.1,0.0,1.0
1779977931.3099372,-1.2820223569869995,-0.46003758907318115,0.0,0.0,nan,0.0,0.0,0.0,-0.419785978386789,0.1,0.0,1.0
1779977931.3211882,-1.2820223569869995,-0.46003758907318115,0.0,0.0,nan,0.0,0.0,0.0,-0.419785978386789,0.1,0.0,1.0
1779977931.3312645,-1.2820223569869995,-0.46003758907318115,0.0,0.0,nan,0.0,0.0,0.0,-0.419785978386789,0.1,0.0,1.0
1779977931.3418636,-1.2820223569869995,-0.46003758907318115,0.0,0.0,nan,0.0,0.0,0.0,-0.419785978386789,0.1,0.0,1.0
1779977931.3518858,-1.2820223569869995,-0.46003758907318115,0.0,0.0,nan,0.0,0.0,0.0,-0.419785978386789,0.1,0.0,1.0
1779977931.3623462,-1.2820223569869995,-0.46003758907318115,0.0,0.0,nan,0.0,0.0,0.0,-0.419785978386789,0.1,0.0,1.0
1779977931.3727882,-1.2820223569869995,-0.46003758907318115,0.0,0.0,nan,0.0,0.0,0.0,-0.419785978386789,0.1,0.0,1.0
1779977931.3829696,-1.2820223569869995,-0.46003758907318115,0.0,0.0,nan,0.0,0.0,0.0,-0.419785978386789,0.1,0.0,1.0
1779977931.3936539,-1.2820223569869995,-0.46003758907318115,0.0,0.0,nan,0.0,0.0,0.0,-0.419785978386789,0.1,0.0,1.0
1779977931.4037704,-1.2820223569869995,-0.46003758907318115,0.0,0.0,nan,0.0,0.0,0.0,-0.419785978386789,0.1,0.0,1.0
1779977931.4139295,-1.2820223569869995,-0.46003758907318115,0.0,0.0,nan,0.0,0.0,0.0,-0.419785978386789,0.1,0.0,1.0
1779977931.4241781,-1.2820223569869995,-0.46003758907318115,0.0,0.0,nan,0.0,0.0,0.0,-0.419785978386789,0.1,0.0,1.0
1779977931.4340503,-1.2820223569869995,-0.46003758907318115,0.0,0.0,nan,0.0,0.0,0.0,-0.419785978386789,0.1,0.0,1.0
1779977931.444364,-1.2820223569869995,-0.46003758907318115,0.0,0.0,nan,0.0,0.0,0.0,-0.419785978386789,0.1,0.0,1.0
1779977931.4552238,-1.2820223569869995,-0.46003758907318115,0.0,0.0,nan,0.0,0.0,0.0,-0.419785978386789,0.1,0.0,1.0
1779977931.4654305,-1.2820223569869995,-0.46003758907318115,0.0,0.0,nan,0.0,0.0,0.0,-0.419785978386789,0.1,0.0,1.0
1779977931.476035,-1.2820223569869995,-0.46003758907318115,0.0,0.0,nan,0.0,0.0,0.0,-0.419785978386789,0.1,0.0,1.0
1779977931.4863753,-1.2820223569869995,-0.46003758907318115,0.0,0.0,nan,0.0,0.0,0.0,-0.419785978386789,0.1,0.0,1.0
1779977931.4964888,-1.2820223569869995,-0.46003758907318115,0.0,0.0,nan,0.0,0.0,0.0,-0.419785978386789,0.1,0.0,1.0
1779977931.5068784,-1.2820223569869995,-0.46003758907318115,0.0,0.0,nan,0.0,0.0,0.0,-0.419785978386789,0.1,0.0,1.0
1779977931.5203447,-1.2820223569869995,-0.46003758907318115,0.0,0.0,nan,0.0,0.0,0.0,-0.419785978386789,0.1,0.0,1.0
1779977931.5305943,-1.2820223569869995,-0.46003758907318115,0.0,0.0,nan,0.0,0.0,0.0,-0.419785978386789,0.1,0.0,1.0
1779977931.5410304,-1.2820223569869995,-0.46003758907318115,0.0,0.0,nan,0.0,0.0,0.0,-0.419785978386789,0.1,0.0,1.0
1779977931.5516584,-1.2820223569869995,-0.46003758907318115,0.0,0.0,nan,0.0,0.0,0.0,-0.419785978386789,0.1,0.0,1.0
1779977931.5619462,-1.2820223569869995,-0.46003758907318115,0.0,0.0,nan,0.0,0.0,0.0,-0.419785978386789,0.1,0.0,1.0
1779977931.572077,-1.2820223569869995,-0.46003758907318115,0.0,0.0,nan,0.0,0.0,0.0,-0.419785978386789,0.1,0.0,1.0
1779977931.5826387,-1.2820223569869995,-0.46003758907318115,0.0,0.0,nan,0.0,0.0,0.0,-0.419785978386789,0.1,0.0,1.0
1779977931.593177,-1.2820223569869995,-0.46003758907318115,0.0,0.0,nan,0.0,0.0,0.0,-0.419785978386789,0.1,0.0,1.0
1779977931.6038077,-1.2820223569869995,-0.46003758907318115,0.0,0.0,nan,0.0,0.0,0.0,-0.419785978386789,0.1,0.0,1.0
1779977931.6140418,-1.2820223569869995,-0.46003758907318115,0.0,0.0,nan,0.0,0.0,0.0,-0.419785978386789,0.1,0.0,1.0
1779977931.624674,-1.2820223569869995,-0.46003758907318115,0.0,0.0,nan,0.0,0.0,0.0,-0.419785978386789,0.1,0.0,1.0
1779977931.6348882,-1.2820223569869995,-0.46003758907318115,0.0,0.0,nan,0.0,0.0,0.0,-0.419785978386789,0.1,0.0,1.0
1779977931.6451325,-1.2820223569869995,-0.46003758907318115,0.0,0.0,nan,0.0,0.0,0.0,-0.419785978386789,0.1,0.0,1.0
1779977931.6556304,-1.2820223569869995,-0.46003758907318115,0.0,0.0,nan,0.0,0.0,0.0,-0.419785978386789,0.1,0.0,1.0
1779977931.6659882,-1.2820223569869995,-0.46003758907318115,0.0,0.0,nan,0.0,0.0,0.0,-0.419785978386789,0.1,0.0,1.0
1779977931.676534,-1.2820223569869995,-0.46003758907318115,0.0,0.0,nan,0.0,0.0,0.0,-0.419785978386789,0.1,0.0,1.0
1779977931.6871884,-1.2820223569869995,-0.46003758907318115,0.0,0.0,nan,0.0,0.0,0.0,-0.419785978386789,0.1,0.0,1.0
1779977931.6977804,-1.2820223569869995,-0.46003758907318115,0.0,0.0,nan,0.0,0.0,0.0,-0.419785978386789,0.1,0.0,1.0
1779977931.708132,-1.2820223569869995,-0.46003758907318115,0.0,0.0,nan,0.0,0.0,0.0,-0.419785978386789,0.1,0.0,1.0
1779977931.7181742,-1.2820223569869995,-0.46003758907318115,0.0,0.0,nan,0.0,0.0,0.0,-0.419785978386789,0.1,0.0,1.0
1779977931.7282271,-1.2820223569869995,-0.46003758907318115,0.0,0.0,nan,0.0,0.0,0.0,-0.419785978386789,0.1,0.0,1.0
1779977931.7387898,-1.2820223569869995,-0.46003758907318115,0.0,0.0,nan,0.0,0.0,0.0,-0.419785978386789,0.1,0.0,1.0
1779977931.7491536,-1.2820223569869995,-0.46003758907318115,0.0,0.0,nan,0.0,0.0,0.0,-0.419785978386789,0.1,0.0,1.0
1779977931.759406,-1.2820223569869995,-0.46003758907318115,0.0,0.0,nan,0.0,0.0,0.0,-0.419785978386789,0.1,0.0,1.0
1779977931.7696786,-1.2820223569869995,-0.46003758907318115,0.0,0.0,nan,0.0,0.0,0.0,-0.419785978386789,0.1,0.0,1.0
1779977931.7801967,-1.2820223569869995,-0.46003758907318115,0.0,0.0,nan,0.0,0.0,0.0,-0.419785978386789,0.1,0.0,1.0
1779977931.7905989,-1.2820223569869995,-0.46003758907318115,0.0,0.0,nan,0.0,0.0,0.0,-0.419785978386789,0.1,0.0,1.0
1779977931.8008752,-1.2820223569869995,-0.46003758907318115,0.0,0.0,nan,0.0,0.0,0.0,-0.419785978386789,0.1,0.0,1.0
1779977931.811044,-1.2820223569869995,-0.46003758907318115,0.0,0.0,nan,0.0,0.0,0.0,-0.419785978386789,0.1,0.0,1.0
1779977931.8212044,-1.2820223569869995,-0.46003758907318115,0.0,0.0,nan,0.0,0.0,0.0,-0.419785978386789,0.1,0.0,1.0
1779977931.831677,-1.2820223569869995,-0.46003758907318115,0.0,0.0,nan,0.0,0.0,0.0,-0.419785978386789,0.1,0.0,1.0
1779977931.842156,-1.2820223569869995,-0.46003758907318115,0.0,0.0,nan,0.0,0.0,0.0,-0.419785978386789,0.1,0.0,1.0
1779977931.852326,-1.2820223569869995,-0.46003758907318115,0.0,0.0,nan,0.0,0.0,0.0,-0.419785978386789,0.1,0.0,1.0
1779977931.862927,-1.2820223569869995,-0.46003758907318115,0.0,0.0,nan,0.0,0.0,0.0,-0.419785978386789,0.1,0.0,1.0
1779977931.8731632,-1.2820223569869995,-0.46003758907318115,0.0,0.0,nan,0.0,0.0,0.0,-0.419785978386789,0.1,0.0,1.0
1779977931.8832314,-1.2820223569869995,-0.46003758907318115,0.0,0.0,nan,0.0,0.0,0.0,-0.419785978386789,0.1,0.0,1.0
1779977931.8938751,-1.2820223569869995,-0.46003758907318115,0.0,0.0,nan,0.0,0.0,0.0,-0.419785978386789,0.1,0.0,1.0
1779977931.9038756,-1.2820223569869995,-0.46003758907318115,0.0,0.0,nan,0.0,0.0,0.0,-0.419785978386789,0.1,0.0,1.0
1779977931.9140923,-1.2820223569869995,-0.46003758907318115,0.0,0.0,nan,0.0,0.0,0.0,-0.419785978386789,0.1,0.0,1.0
1779977931.9249737,-1.2820223569869995,-0.46003758907318115,0.0,0.0,nan,0.0,0.0,0.0,-0.419785978386789,0.1,0.0,1.0
1779977931.9348316,-1.2820223569869995,-0.46003758907318115,0.0,0.0,nan,0.0,0.0,0.0,-0.419785978386789,0.1,0.0,1.0
1779977931.9449542,-1.2820223569869995,-0.46003758907318115,0.0,0.0,nan,0.0,0.0,0.0,-0.419785978386789,0.1,0.0,1.0
1779977931.955144,-1.2820223569869995,-0.46003758907318115,0.0,0.0,nan,0.0,0.0,0.0,-0.419785978386789,0.1,0.0,1.0
1779977931.965756,-1.2820223569869995,-0.46003758907318115,0.0,0.0,nan,0.0,0.0,0.0,-0.419785978386789,0.1,0.0,1.0
1779977931.9761574,-1.2820223569869995,-0.46003758907318115,0.0,0.0,nan,0.0,0.0,0.0,-0.419785978386789,0.1,0.0,1.0
1779977931.9866462,-1.2820223569869995,-0.46003758907318115,0.0,0.0,nan,0.0,0.0,0.0,-0.419785978386789,0.1,0.0,1.0
1779977931.9967792,-1.2820223569869995,-0.46003758907318115,0.0,0.0,nan,0.0,0.0,0.0,-0.419785978386789,0.1,0.0,1.0
1779977932.006933,-1.2820223569869995,-0.46003758907318115,0.0,0.0,nan,0.0,0.0,0.0,-0.419785978386789,0.1,0.0,1.0
1779977932.0170221,-1.2820223569869995,-0.46003758907318115,0.0,0.0,nan,0.0,0.0,0.0,-0.419785978386789,0.1,0.0,1.0
1779977932.0273938,-1.2820223569869995,-0.46003758907318115,0.0,0.0,nan,0.0,0.0,0.0,-0.419785978386789,0.1,0.0,1.0
1779977932.0377266,-1.2820223569869995,-0.46003758907318115,0.0,0.0,nan,0.0,0.0,0.0,-0.419785978386789,0.1,0.0,1.0
1779977932.0483391,-1.2820223569869995,-0.46003758907318115,0.0,0.0,nan,0.0,0.0,0.0,-0.419785978386789,0.1,0.0,1.0
1779977932.0587864,-1.2820223569869995,-0.46003758907318115,0.0,0.0,nan,0.0,0.0,0.0,-0.419785978386789,0.1,0.0,1.0
1779977932.0691495,-1.2820223569869995,-0.46003758907318115,0.0,0.0,nan,0.0,0.0,0.0,-0.419785978386789,0.1,0.0,1.0
1779977932.0792146,-1.2820223569869995,-0.46003758907318115,0.0,0.0,nan,0.0,0.0,0.0,-0.419785978386789,0.1,0.0,1.0
1779977932.0897014,-1.2820223569869995,-0.46003758907318115,0.0,0.0,nan,0.0,0.0,0.0,-0.419785978386789,0.1,0.0,1.0
1779977932.099776,-1.2820223569869995,-0.46003758907318115,0.0,0.0,nan,0.0,0.0,0.0,-0.419785978386789,0.1,0.0,1.0
1779977932.1100647,-1.2820223569869995,-0.46003758907318115,0.0,0.0,nan,0.0,0.0,0.0,-0.419785978386789,0.1,0.0,1.0
1779977932.1201124,-1.2820223569869995,-0.46003758907318115,0.0,0.0,nan,0.0,0.0,0.0,-0.419785978386789,0.1,0.0,1.0
1779977932.1305962,-1.2820223569869995,-0.46003758907318115,0.0,0.0,nan,0.0,0.0,0.0,-0.419785978386789,0.1,0.0,1.0
1779977932.1411607,-1.2820223569869995,-0.46003758907318115,0.0,0.0,nan,0.0,0.0,0.0,-0.419785978386789,0.1,0.0,1.0
1779977932.1517572,-1.2820223569869995,-0.46003758907318115,0.0,0.0,nan,0.0,0.0,0.0,-0.419785978386789,0.1,0.0,1.0
1779977932.1618614,-1.2820223569869995,-0.46003758907318115,0.0,0.0,nan,0.0,0.0,0.0,-0.419785978386789,0.1,0.0,1.0
1779977932.1724691,-1.2820223569869995,-0.46003758907318115,0.0,0.0,nan,0.0,0.0,0.0,-0.419785978386789,0.1,0.0,1.0
1779977932.1827865,-1.2820223569869995,-0.46003758907318115,0.0,0.0,nan,0.0,0.0,0.0,-0.419785978386789,0.1,0.0,1.0
1779977932.1934073,-1.2820223569869995,-0.46003758907318115,0.0,0.0,nan,0.0,0.0,0.0,-0.419785978386789,0.1,0.0,1.0
1779977932.2034402,-1.2820223569869995,-0.46003758907318115,0.0,0.0,nan,0.0,0.0,0.0,-0.419785978386789,0.1,0.0,1.0
1779977932.2137284,-1.2820223569869995,-0.46003758907318115,0.0,0.0,nan,0.0,0.0,0.0,-0.419785978386789,0.1,0.0,1.0
1779977932.2240539,-1.2820223569869995,-0.46003758907318115,0.0,0.0,nan,0.0,0.0,0.0,-0.419785978386789,0.1,0.0,1.0
1779977932.2343073,-1.2820223569869995,-0.46003758907318115,0.0,0.0,nan,0.0,0.0,0.0,-0.419785978386789,0.1,0.0,1.0
1779977932.2453287,-1.2820223569869995,-0.46003758907318115,0.0,0.0,nan,0.0,0.0,0.0,-0.419785978386789,0.1,0.0,1.0
1779977932.2554193,-1.2820223569869995,-0.46003758907318115,0.0,0.0,nan,0.0,0.0,0.0,-0.419785978386789,0.1,0.0,1.0
1779977932.265859,-1.2820223569869995,-0.46003758907318115,0.0,0.0,nan,0.0,0.0,0.0,-0.419785978386789,0.1,0.0,1.0
1779977932.276374,-1.2820223569869995,-0.46003758907318115,0.0,0.0,nan,0.0,0.0,0.0,-0.419785978386789,0.1,0.0,1.0
1779977932.2871044,-1.2820223569869995,-0.46003758907318115,0.0,0.0,nan,0.0,0.0,0.0,-0.419785978386789,0.1,0.0,1.0
1779977932.297193,-1.2820223569869995,-0.46003758907318115,0.0,0.0,nan,0.0,0.0,0.0,-0.419785978386789,0.1,0.0,1.0
1779977932.3075337,-1.2820223569869995,-0.46003758907318115,0.0,0.0,nan,0.0,0.0,0.0,-0.419785978386789,0.1,0.0,1.0
1779977932.317642,-1.2820223569869995,-0.46003758907318115,0.0,0.0,nan,0.0,0.0,0.0,-0.419785978386789,0.1,0.0,1.0
1779977932.3281095,-1.2820223569869995,-0.46003758907318115,0.0,0.0,nan,0.0,0.0,0.0,-0.419785978386789,0.1,0.0,1.0
1779977932.3386862,-1.2820223569869995,-0.46003758907318115,0.0,0.0,nan,0.0,0.0,0.0,-0.419785978386789,0.1,0.0,1.0
1779977932.3487527,-1.2820223569869995,-0.46003758907318115,0.0,0.0,nan,0.0,0.0,0.0,-0.419785978386789,0.1,0.0,1.0
1779977932.3592887,-1.2820223569869995,-0.46003758907318115,0.0,0.0,nan,0.0,0.0,0.0,-0.419785978386789,0.1,0.0,1.0
1779977932.369789,-1.2820223569869995,-0.46003758907318115,0.0,0.0,nan,0.0,0.0,0.0,-0.419785978386789,0.1,0.0,1.0
1779977932.3799036,-1.2820223569869995,-0.46003758907318115,0.0,0.0,nan,0.0,0.0,0.0,-0.419785978386789,0.1,0.0,1.0
1779977932.3900833,-1.2820223569869995,-0.46003758907318115,0.0,0.0,nan,0.0,0.0,0.0,-0.419785978386789,0.1,0.0,1.0
1779977932.4005382,-1.2820223569869995,-0.46003758907318115,0.0,0.0,nan,0.0,0.0,0.0,-0.419785978386789,0.1,0.0,1.0
1779977932.4110053,-1.2820223569869995,-0.46003758907318115,0.0,0.0,nan,0.0,0.0,0.0,-0.419785978386789,0.1,0.0,1.0
1779977932.421248,-1.2820223569869995,-0.46003758907318115,0.0,0.0,nan,0.0,0.0,0.0,-0.419785978386789,0.1,0.0,1.0
1779977932.4312634,-1.2820223569869995,-0.46003758907318115,0.0,0.0,nan,0.0,0.0,0.0,-0.419785978386789,0.1,0.0,1.0
1779977932.4420483,-1.2820223569869995,-0.46003758907318115,0.0,0.0,nan,0.0,0.0,0.0,-0.419785978386789,0.1,0.0,1.0
1779977932.4521255,-1.2820223569869995,-0.46003758907318115,0.0,0.0,nan,0.0,0.0,0.0,-0.419785978386789,0.1,0.0,1.0
1779977932.4621985,-1.2820223569869995,-0.46003758907318115,0.0,0.0,nan,0.0,0.0,0.0,-0.419785978386789,0.1,0.0,1.0
1779977932.4728203,-1.2820223569869995,-0.46003758907318115,0.0,0.0,nan,0.0,0.0,0.0,-0.419785978386789,0.1,0.0,1.0
1779977932.483378,-1.2820223569869995,-0.46003758907318115,0.0,0.0,nan,0.0,0.0,0.0,-0.419785978386789,0.1,0.0,1.0
1779977932.4939237,-1.2820223569869995,-0.46003758907318115,0.0,0.0,nan,0.0,0.0,0.0,-0.419785978386789,0.1,0.0,1.0
1779977932.5047085,-1.2820223569869995,-0.46003758907318115,0.0,0.0,nan,0.0,0.0,0.0,-0.419785978386789,0.1,0.0,1.0
1779977932.515009,-1.2820223569869995,-0.46003758907318115,0.0,0.0,nan,0.0,0.0,0.0,-0.419785978386789,0.1,0.0,1.0
1779977932.5256026,-1.2820223569869995,-0.46003758907318115,0.0,0.0,nan,0.0,0.0,0.0,-0.419785978386789,0.1,0.0,1.0
1779977932.536306,-1.2820223569869995,-0.46003758907318115,0.0,0.0,nan,0.0,0.0,0.0,-0.419785978386789,0.1,0.0,1.0
1779977932.5463748,-1.2820223569869995,-0.46003758907318115,0.0,0.0,nan,0.0,0.0,0.0,-0.419785978386789,0.1,0.0,1.0
1779977932.556671,-1.2820223569869995,-0.46003758907318115,0.0,0.0,nan,0.0,0.0,0.0,-0.419785978386789,0.1,0.0,1.0
1779977932.5672977,-1.2820223569869995,-0.46003758907318115,0.0,0.0,nan,0.0,0.0,0.0,-0.419785978386789,0.1,0.0,1.0
1779977932.5776842,-1.2820223569869995,-0.46003758907318115,0.0,0.0,nan,0.0,0.0,0.0,-0.419785978386789,0.1,0.0,1.0
1779977932.5884082,-1.2820223569869995,-0.46003758907318115,0.0,0.0,nan,0.0,0.0,0.0,-0.419785978386789,0.1,0.0,1.0
1779977932.5986612,-1.2820223569869995,-0.46003758907318115,0.0,0.0,nan,0.0,0.0,0.0,-0.419785978386789,0.1,0.0,1.0
1779977932.6091845,-1.2820223569869995,-0.46003758907318115,0.0,0.0,nan,0.0,0.0,0.0,-0.419785978386789,0.1,0.0,1.0
1779977932.6192358,-1.2820223569869995,-0.46003758907318115,0.0,0.0,nan,0.0,0.0,0.0,-0.419785978386789,0.1,0.0,1.0
1779977932.6297998,-1.2820223569869995,-0.46003758907318115,0.0,0.0,nan,0.0,0.0,0.0,-0.419785978386789,0.1,0.0,1.0
1779977932.6399162,-1.2820223569869995,-0.46003758907318115,0.0,0.0,nan,0.0,0.0,0.0,-0.419785978386789,0.1,0.0,1.0
1779977932.6506758,-1.2820223569869995,-0.46003758907318115,0.0,0.0,nan,0.0,0.0,0.0,-0.419785978386789,0.1,0.0,1.0
1779977932.6610293,-1.2820223569869995,-0.46003758907318115,0.0,0.0,nan,0.0,0.0,0.0,-0.419785978386789,0.1,0.0,1.0
1779977932.6715856,-1.2820223569869995,-0.46003758907318115,0.0,0.0,nan,0.0,0.0,0.0,-0.419785978386789,0.1,0.0,1.0
1779977932.6822,-1.2820223569869995,-0.46003758907318115,0.0,0.0,nan,0.0,0.0,0.0,-0.419785978386789,0.1,0.0,1.0
1779977932.6924577,-1.2820223569869995,-0.46003758907318115,0.0,0.0,nan,0.0,0.0,0.0,-0.419785978386789,0.1,0.0,1.0
1779977932.7028325,-1.2820223569869995,-0.46003758907318115,0.0,0.0,nan,0.0,0.0,0.0,-0.419785978386789,0.1,0.0,1.0
1779977932.7130096,-1.2820223569869995,-0.46003758907318115,0.0,0.0,nan,0.0,0.0,0.0,-0.419785978386789,0.1,0.0,1.0
1779977932.7236562,-1.2820223569869995,-0.46003758907318115,0.0,0.0,nan,0.0,0.0,0.0,-0.419785978386789,0.1,0.0,1.0
1779977932.7336395,-1.2820223569869995,-0.46003758907318115,0.0,0.0,nan,0.0,0.0,0.0,-0.419785978386789,0.1,0.0,1.0
1779977932.7439044,-1.2820223569869995,-0.46003758907318115,0.0,0.0,nan,0.0,0.0,0.0,-0.419785978386789,0.1,0.0,1.0
1779977932.754223,-1.2820223569869995,-0.46003758907318115,0.0,0.0,nan,0.0,0.0,0.0,-0.419785978386789,0.1,0.0,1.0
1779977932.764208,-1.2820223569869995,-0.46003758907318115,0.0,0.0,nan,0.0,0.0,0.0,-0.419785978386789,0.1,0.0,1.0
1779977932.7743914,-1.2820223569869995,-0.46003758907318115,0.0,0.0,nan,0.0,0.0,0.0,-0.419785978386789,0.1,0.0,1.0
1779977932.7845984,-1.2820223569869995,-0.46003758907318115,0.0,0.0,nan,0.0,0.0,0.0,-0.419785978386789,0.1,0.0,1.0
1779977932.7949333,-1.2820223569869995,-0.46003758907318115,0.0,0.0,nan,0.0,0.0,0.0,-0.419785978386789,0.1,0.0,1.0
1779977932.804826,-1.2820223569869995,-0.46003758907318115,0.0,0.0,nan,0.0,0.0,0.0,-0.419785978386789,0.1,0.0,1.0
1779977932.8155951,-1.2820223569869995,-0.46003758907318115,0.0,0.0,nan,0.0,0.0,0.0,-0.419785978386789,0.1,0.0,1.0
1779977932.8259609,-1.2820223569869995,-0.46003758907318115,0.0,0.0,nan,0.0,0.0,0.0,-0.419785978386789,0.1,0.0,1.0
1779977932.8364017,-1.2820223569869995,-0.46003758907318115,0.0,0.0,nan,0.0,0.0,0.0,-0.419785978386789,0.1,0.0,1.0
1779977932.8464596,-1.2820223569869995,-0.46003758907318115,0.0,0.0,nan,0.0,0.0,0.0,-0.419785978386789,0.1,0.0,1.0
1779977932.856598,-1.2820223569869995,-0.46003758907318115,0.0,0.0,nan,0.0,0.0,0.0,-0.419785978386789,0.1,0.0,1.0
1779977932.8670409,-1.2820223569869995,-0.46003758907318115,0.0,0.0,nan,0.0,0.0,0.0,-0.419785978386789,0.1,0.0,1.0
1779977932.8774662,-1.2820223569869995,-0.46003758907318115,0.0,0.0,nan,0.0,0.0,0.0,-0.419785978386789,0.1,0.0,1.0
1779977932.8875527,-1.2820223569869995,-0.46003758907318115,0.0,0.0,nan,0.0,0.0,0.0,-0.419785978386789,0.1,0.0,1.0
1779977932.897786,-1.2820223569869995,-0.46003758907318115,0.0,0.0,nan,0.0,0.0,0.0,-0.419785978386789,0.1,0.0,1.0
1779977932.9083412,-1.2820223569869995,-0.46003758907318115,0.0,0.0,nan,0.0,0.0,0.0,-0.419785978386789,0.1,0.0,1.0
1779977932.9182215,-1.2820223569869995,-0.46003758907318115,0.0,0.0,nan,0.0,0.0,0.0,-0.419785978386789,0.1,0.0,1.0
1779977932.9286265,-1.2820223569869995,-0.46003758907318115,0.0,0.0,nan,0.0,0.0,0.0,-0.419785978386789,0.1,0.0,1.0
1779977932.938803,-1.2820223569869995,-0.46003758907318115,0.0,0.0,nan,0.0,0.0,0.0,-0.419785978386789,0.1,0.0,1.0
1779977932.9491134,-1.2820223569869995,-0.46003758907318115,0.0,0.0,nan,0.0,0.0,0.0,-0.419785978386789,0.1,0.0,1.0
1779977932.9594357,-1.2820223569869995,-0.46003758907318115,0.0,0.0,nan,0.0,0.0,0.0,-0.419785978386789,0.1,0.0,1.0
1779977932.96974,-1.2820223569869995,-0.46003758907318115,0.0,0.0,nan,0.0,0.0,0.0,-0.419785978386789,0.1,0.0,1.0
1779977932.9802048,-1.2820223569869995,-0.46003758907318115,0.0,0.0,nan,0.0,0.0,0.0,-0.419785978386789,0.1,0.0,1.0
1779977932.9904137,-1.2820223569869995,-0.46003758907318115,0.0,0.0,nan,0.0,0.0,0.0,-0.419785978386789,0.1,0.0,1.0
1779977933.0004468,-1.2820223569869995,-0.46003758907318115,0.0,0.0,nan,0.0,0.0,0.0,-0.419785978386789,0.1,0.0,1.0
1779977933.0109715,-1.2820223569869995,-0.46003758907318115,0.0,0.0,nan,0.0,0.0,0.0,-0.419785978386789,0.1,0.0,1.0
1779977933.0210254,-1.2820223569869995,-0.46003758907318115,0.0,0.0,nan,0.0,0.0,0.0,-0.419785978386789,0.1,0.0,1.0
1779977933.0315042,-1.2820223569869995,-0.46003758907318115,0.0,0.0,nan,0.0,0.0,0.0,-0.419785978386789,0.1,0.0,1.0
1779977933.041891,-1.2820223569869995,-0.46003758907318115,0.0,0.0,nan,0.0,0.0,0.0,-0.419785978386789,0.1,0.0,1.0
1779977933.0518816,-1.2820223569869995,-0.46003758907318115,0.0,0.0,nan,0.0,0.0,0.0,-0.419785978386789,0.1,0.0,1.0
1779977933.0619218,-1.2820223569869995,-0.46003758907318115,0.0,0.0,nan,0.0,0.0,0.0,-0.419785978386789,0.1,0.0,1.0
1779977933.0726266,-1.2820223569869995,-0.46003758907318115,0.0,0.0,nan,0.0,0.0,0.0,-0.419785978386789,0.1,0.0,1.0
1779977933.0834217,-1.2820223569869995,-0.46003758907318115,0.0,0.0,nan,0.0,0.0,0.0,-0.419785978386789,0.1,0.0,1.0
1779977933.0932791,-1.2820223569869995,-0.46003758907318115,0.0,0.0,nan,0.0,0.0,0.0,-0.419785978386789,0.1,0.0,1.0
1779977933.103341,-1.2820223569869995,-0.46003758907318115,0.0,0.0,nan,0.0,0.0,0.0,-0.419785978386789,0.1,0.0,1.0
1779977933.113549,-1.2820223569869995,-0.46003758907318115,0.0,0.0,nan,0.0,0.0,0.0,-0.419785978386789,0.1,0.0,1.0
1779977933.1241355,-1.2820223569869995,-0.46003758907318115,0.0,0.0,nan,0.0,0.0,0.0,-0.419785978386789,0.1,0.0,1.0
1779977933.1342216,-1.2820223569869995,-0.46003758907318115,0.0,0.0,nan,0.0,0.0,0.0,-0.419785978386789,0.1,0.0,1.0
1779977933.1444979,-1.2820223569869995,-0.46003758907318115,0.0,0.0,nan,0.0,0.0,0.0,-0.419785978386789,0.1,0.0,1.0
1779977933.1546335,-1.2820223569869995,-0.46003758907318115,0.0,0.0,nan,0.0,0.0,0.0,-0.419785978386789,0.1,0.0,1.0
1779977933.1652474,-1.2820223569869995,-0.46003758907318115,0.0,0.0,nan,0.0,0.0,0.0,-0.419785978386789,0.1,0.0,1.0
1779977933.1756518,-1.2820223569869995,-0.46003758907318115,0.0,0.0,nan,0.0,0.0,0.0,-0.419785978386789,0.1,0.0,1.0
1779977933.186283,-1.2820223569869995,-0.46003758907318115,0.0,0.0,nan,0.0,0.0,0.0,-0.419785978386789,0.1,0.0,1.0
1779977933.1964552,-1.2820223569869995,-0.46003758907318115,0.0,0.0,nan,0.0,0.0,0.0,-0.419785978386789,0.1,0.0,1.0
1779977933.2066357,-1.2820223569869995,-0.46003758907318115,0.0,0.0,nan,0.0,0.0,0.0,-0.419785978386789,0.1,0.0,1.0
1779977933.2168977,-1.2820223569869995,-0.46003758907318115,0.0,0.0,nan,0.0,0.0,0.0,-0.419785978386789,0.1,0.0,1.0
1779977933.226885,-1.2820223569869995,-0.46003758907318115,0.0,0.0,nan,0.0,0.0,0.0,-0.419785978386789,0.1,0.0,1.0
1779977933.2371166,-1.2820223569869995,-0.46003758907318115,0.0,0.0,nan,0.0,0.0,0.0,-0.419785978386789,0.1,0.0,1.0
1779977933.2471657,-1.2820223569869995,-0.46003758907318115,0.0,0.0,nan,0.0,0.0,0.0,-0.419785978386789,0.1,0.0,1.0
1779977933.2574432,-1.2820223569869995,-0.46003758907318115,0.0,0.0,nan,0.0,0.0,0.0,-0.419785978386789,0.1,0.0,1.0
1779977933.2675824,-1.2820223569869995,-0.46003758907318115,0.0,0.0,nan,0.0,0.0,0.0,-0.419785978386789,0.1,0.0,1.0
1779977933.2781465,-1.2820223569869995,-0.46003758907318115,0.0,0.0,nan,0.0,0.0,0.0,-0.419785978386789,0.1,0.0,1.0
1779977933.2888315,-1.2820223569869995,-0.46003758907318115,0.0,0.0,nan,0.0,0.0,0.0,-0.419785978386789,0.1,0.0,1.0
1779977933.2990124,-1.2820223569869995,-0.46003758907318115,0.0,0.0,nan,0.0,0.0,0.0,-0.419785978386789,0.1,0.0,1.0
1779977933.3096635,-1.2820223569869995,-0.46003758907318115,0.0,0.0,nan,0.0,0.0,0.0,-0.419785978386789,0.1,0.0,1.0
1779977933.3197901,-1.2820223569869995,-0.46003758907318115,0.0,0.0,nan,0.0,0.0,0.0,-0.419785978386789,0.1,0.0,1.0
1779977933.329791,-1.2820223569869995,-0.46003758907318115,0.0,0.0,nan,0.0,0.0,0.0,-0.419785978386789,0.1,0.0,1.0
1779977933.3404057,-1.2820223569869995,-0.46003758907318115,0.0,0.0,nan,0.0,0.0,0.0,-0.419785978386789,0.1,0.0,1.0
1779977933.350955,-1.2820223569869995,-0.46003758907318115,0.0,0.0,nan,0.0,0.0,0.0,-0.419785978386789,0.1,0.0,1.0
1779977933.361418,-1.2820223569869995,-0.46003758907318115,0.0,0.0,nan,0.0,0.0,0.0,-0.419785978386789,0.1,0.0,1.0
1779977933.3720706,-1.2820223569869995,-0.46003758907318115,0.0,0.0,nan,0.0,0.0,0.0,-0.419785978386789,0.1,0.0,1.0
1779977933.3822918,-1.2820223569869995,-0.46003758907318115,0.0,0.0,nan,0.0,0.0,0.0,-0.419785978386789,0.1,0.0,1.0
1779977933.3927584,-1.2820223569869995,-0.46003758907318115,0.0,0.0,nan,0.0,0.0,0.0,-0.419785978386789,0.1,0.0,1.0
1779977933.4027748,-1.2820223569869995,-0.46003758907318115,0.0,0.0,nan,0.0,0.0,0.0,-0.419785978386789,0.1,0.0,1.0
1779977933.4129252,-1.2820223569869995,-0.46003758907318115,0.0,0.0,nan,0.0,0.0,0.0,-0.419785978386789,0.1,0.0,1.0
1779977933.4232717,-1.2820223569869995,-0.46003758907318115,0.0,0.0,nan,0.0,0.0,0.0,-0.419785978386789,0.1,0.0,1.0
1779977933.4336817,-1.2820223569869995,-0.46003758907318115,0.0,0.0,nan,0.0,0.0,0.0,-0.419785978386789,0.1,0.0,1.0
1779977933.4440646,-1.2820223569869995,-0.46003758907318115,0.0,0.0,nan,0.0,0.0,0.0,-0.419785978386789,0.1,0.0,1.0
1779977933.4544668,-1.2820223569869995,-0.46003758907318115,0.0,0.0,nan,0.0,0.0,0.0,-0.419785978386789,0.1,0.0,1.0
1779977933.4648895,-1.2820223569869995,-0.46003758907318115,0.0,0.0,nan,0.0,0.0,0.0,-0.419785978386789,0.1,0.0,1.0
1779977933.475334,-1.2820223569869995,-0.46003758907318115,0.0,0.0,nan,0.0,0.0,0.0,-0.419785978386789,0.1,0.0,1.0
1779977933.4856703,-1.2820223569869995,-0.46003758907318115,0.0,0.0,nan,0.0,0.0,0.0,-0.419785978386789,0.1,0.0,1.0
1779977933.496196,-1.2820223569869995,-0.46003758907318115,0.0,0.0,nan,0.0,0.0,0.0,-0.419785978386789,0.1,0.0,1.0
1779977933.5062313,-1.2820223569869995,-0.46003758907318115,0.0,0.0,nan,0.0,0.0,0.0,-0.419785978386789,0.1,0.0,1.0
1779977933.5163481,-1.2820223569869995,-0.46003758907318115,0.0,0.0,nan,0.0,0.0,0.0,-0.419785978386789,0.1,0.0,1.0
1779977933.5268412,-1.2820223569869995,-0.46003758907318115,0.0,0.0,nan,0.0,0.0,0.0,-0.419785978386789,0.1,0.0,1.0
1779977933.537477,-1.2820223569869995,-0.46003758907318115,0.0,0.0,nan,0.0,0.0,0.0,-0.419785978386789,0.1,0.0,1.0
1779977933.5476623,-1.2820223569869995,-0.46003758907318115,0.0,0.0,nan,0.0,0.0,0.0,-0.419785978386789,0.1,0.0,1.0
1779977933.5580645,-1.2820223569869995,-0.46003758907318115,0.0,0.0,nan,0.0,0.0,0.0,-0.419785978386789,0.1,0.0,1.0
1779977933.5679305,-1.2820223569869995,-0.46003758907318115,0.0,0.0,nan,0.0,0.0,0.0,-0.419785978386789,0.1,0.0,1.0
1779977933.578751,-1.2820223569869995,-0.46003758907318115,0.0,0.0,nan,0.0,0.0,0.0,-0.419785978386789,0.1,0.0,1.0
1779977933.5892534,-1.2820223569869995,-0.46003758907318115,0.0,0.0,nan,0.0,0.0,0.0,-0.419785978386789,0.1,0.0,1.0
1779977933.5992303,-1.2820223569869995,-0.46003758907318115,0.0,0.0,nan,0.0,0.0,0.0,-0.419785978386789,0.1,0.0,1.0
1779977933.609446,-1.2820223569869995,-0.46003758907318115,0.0,0.0,nan,0.0,0.0,0.0,-0.419785978386789,0.1,0.0,1.0
1779977933.6200674,-1.2820223569869995,-0.46003758907318115,0.0,0.0,nan,0.0,0.0,0.0,-0.419785978386789,0.1,0.0,1.0
1779977933.6304042,-1.2820223569869995,-0.46003758907318115,0.0,0.0,nan,0.0,0.0,0.0,-0.419785978386789,0.1,0.0,1.0
1779977933.6406379,-1.2820223569869995,-0.46003758907318115,0.0,0.0,nan,0.0,0.0,0.0,-0.419785978386789,0.1,0.0,1.0
1779977933.6507075,-1.2820223569869995,-0.46003758907318115,0.0,0.0,nan,0.0,0.0,0.0,-0.419785978386789,0.1,0.0,1.0
1779977933.6607852,-1.2820223569869995,-0.46003758907318115,0.0,0.0,nan,0.0,0.0,0.0,-0.419785978386789,0.1,0.0,1.0
1779977933.6713996,-1.2820223569869995,-0.46003758907318115,0.0,0.0,nan,0.0,0.0,0.0,-0.419785978386789,0.1,0.0,1.0
1779977933.6818857,-1.2820223569869995,-0.46003758907318115,0.0,0.0,nan,0.0,0.0,0.0,-0.419785978386789,0.1,0.0,1.0
1779977933.69247,-1.2820223569869995,-0.46003758907318115,0.0,0.0,nan,0.0,0.0,0.0,-0.419785978386789,0.1,0.0,1.0
1779977933.702385,-1.2820223569869995,-0.46003758907318115,0.0,0.0,nan,0.0,0.0,0.0,-0.419785978386789,0.1,0.0,1.0
1779977933.7132955,-1.2820223569869995,-0.46003758907318115,0.0,0.0,nan,0.0,0.0,0.0,-0.419785978386789,0.1,0.0,1.0
1779977933.7235887,-1.2820223569869995,-0.46003758907318115,0.0,0.0,nan,0.0,0.0,0.0,-0.419785978386789,0.1,0.0,1.0
1779977933.7341938,-1.2820223569869995,-0.46003758907318115,0.0,0.0,nan,0.0,0.0,0.0,-0.419785978386789,0.1,0.0,1.0
1779977933.7443273,-1.2820223569869995,-0.46003758907318115,0.0,0.0,nan,0.0,0.0,0.0,-0.419785978386789,0.1,0.0,1.0
1779977933.754899,-1.2820223569869995,-0.46003758907318115,0.0,0.0,nan,0.0,0.0,0.0,-0.419785978386789,0.1,0.0,1.0
1779977933.7652242,-1.2820223569869995,-0.46003758907318115,0.0,0.0,nan,0.0,0.0,0.0,-0.419785978386789,0.1,0.0,1.0
1779977933.7754488,-1.2820223569869995,-0.46003758907318115,0.0,0.0,nan,0.0,0.0,0.0,-0.419785978386789,0.1,0.0,1.0
1779977933.7860887,-1.2820223569869995,-0.46003758907318115,0.0,0.0,nan,0.0,0.0,0.0,-0.419785978386789,0.1,0.0,1.0
1779977933.7966383,-1.2820223569869995,-0.46003758907318115,0.0,0.0,nan,0.0,0.0,0.0,-0.419785978386789,0.1,0.0,1.0
1779977933.8067112,-1.2820223569869995,-0.46003758907318115,0.0,0.0,nan,0.0,0.0,0.0,-0.419785978386789,0.1,0.0,1.0
1779977933.8169036,-1.2820223569869995,-0.46003758907318115,0.0,0.0,nan,0.0,0.0,0.0,-0.419785978386789,0.1,0.0,1.0
1779977933.827188,-1.2820223569869995,-0.46003758907318115,0.0,0.0,nan,0.0,0.0,0.0,-0.419785978386789,0.1,0.0,1.0
1779977933.8373544,-1.2820223569869995,-0.46003758907318115,0.0,0.0,nan,0.0,0.0,0.0,-0.419785978386789,0.1,0.0,1.0
1779977933.8476405,-1.2820223569869995,-0.46003758907318115,0.0,0.0,nan,0.0,0.0,0.0,-0.419785978386789,0.1,0.0,1.0
1779977933.8577693,-1.2820223569869995,-0.46003758907318115,0.0,0.0,nan,0.0,0.0,0.0,-0.419785978386789,0.1,0.0,1.0
1779977933.868305,-1.2820223569869995,-0.46003758907318115,0.0,0.0,nan,0.0,0.0,0.0,-0.419785978386789,0.1,0.0,1.0
1779977933.8783734,-1.2820223569869995,-0.46003758907318115,0.0,0.0,nan,0.0,0.0,0.0,-0.419785978386789,0.1,0.0,1.0
1779977933.8888717,-1.2820223569869995,-0.46003758907318115,0.0,0.0,nan,0.0,0.0,0.0,-0.419785978386789,0.1,0.0,1.0
1779977933.8990707,-1.2820223569869995,-0.46003758907318115,0.0,0.0,nan,0.0,0.0,0.0,-0.419785978386789,0.1,0.0,1.0
1779977933.9091082,-1.2820223569869995,-0.46003758907318115,0.0,0.0,nan,0.0,0.0,0.0,-0.419785978386789,0.1,0.0,1.0
1779977933.9193072,-1.2820223569869995,-0.46003758907318115,0.0,0.0,nan,0.0,0.0,0.0,-0.419785978386789,0.1,0.0,1.0
1779977933.9293125,-1.2820223569869995,-0.46003758907318115,0.0,0.0,nan,0.0,0.0,0.0,-0.419785978386789,0.1,0.0,1.0
1779977933.9400482,-1.2820223569869995,-0.46003758907318115,0.0,0.0,nan,0.0,0.0,0.0,-0.419785978386789,0.1,0.0,1.0
1779977933.9499307,-1.2820223569869995,-0.46003758907318115,0.0,0.0,nan,0.0,0.0,0.0,-0.419785978386789,0.1,0.0,1.0
1779977933.9601774,-1.2820223569869995,-0.46003758907318115,0.0,0.0,nan,0.0,0.0,0.0,-0.419785978386789,0.1,0.0,1.0
1779977933.9706662,-1.2820223569869995,-0.46003758907318115,0.0,0.0,nan,0.0,0.0,0.0,-0.419785978386789,0.1,0.0,1.0
1779977933.981062,-1.2820223569869995,-0.46003758907318115,0.0,0.0,nan,0.0,0.0,0.0,-0.419785978386789,0.1,0.0,1.0
1779977933.991638,-1.2820223569869995,-0.46003758907318115,0.0,0.0,nan,0.0,0.0,0.0,-0.419785978386789,0.1,0.0,1.0
1779977934.001934,-1.2820223569869995,-0.46003758907318115,0.0,0.0,nan,0.0,0.0,0.0,-0.419785978386789,0.1,0.0,1.0
1779977934.0123518,-1.2820223569869995,-0.46003758907318115,0.0,0.0,nan,0.0,0.0,0.0,-0.419785978386789,0.1,0.0,1.0
1779977934.0227354,-1.2820223569869995,-0.46003758907318115,0.0,0.0,nan,0.0,0.0,0.0,-0.419785978386789,0.1,0.0,1.0
1779977934.0328157,-1.2820223569869995,-0.46003758907318115,0.0,0.0,nan,0.0,0.0,0.0,-0.419785978386789,0.1,0.0,1.0
1779977934.0433693,-1.2820223569869995,-0.46003758907318115,0.0,0.0,nan,0.0,0.0,0.0,-0.419785978386789,0.1,0.0,1.0
1779977934.0537894,-1.2820223569869995,-0.46003758907318115,0.0,0.0,nan,0.0,0.0,0.0,-0.419785978386789,0.1,0.0,1.0
1779977934.0643117,-1.2820223569869995,-0.46003758907318115,0.0,0.0,nan,0.0,0.0,0.0,-0.419785978386789,0.1,0.0,1.0
1779977934.074407,-1.2820223569869995,-0.46003758907318115,0.0,0.0,nan,0.0,0.0,0.0,-0.419785978386789,0.1,0.0,1.0
1779977934.085021,-1.2820223569869995,-0.46003758907318115,0.0,0.0,nan,0.0,0.0,0.0,-0.419785978386789,0.1,0.0,1.0
1779977934.0950835,-1.2820223569869995,-0.46003758907318115,0.0,0.0,nan,0.0,0.0,0.0,-0.419785978386789,0.1,0.0,1.0
1779977934.1051018,-1.2820223569869995,-0.46003758907318115,0.0,0.0,nan,0.0,0.0,0.0,-0.419785978386789,0.1,0.0,1.0
1779977934.1156182,-1.2820223569869995,-0.46003758907318115,0.0,0.0,nan,0.0,0.0,0.0,-0.419785978386789,0.1,0.0,1.0
1779977934.1262949,-1.2820223569869995,-0.46003758907318115,0.0,0.0,nan,0.0,0.0,0.0,-0.419785978386789,0.1,0.0,1.0
1779977934.13681,-1.2820223569869995,-0.46003758907318115,0.0,0.0,nan,0.0,0.0,0.0,-0.419785978386789,0.1,0.0,1.0
1779977934.1470554,-1.2820223569869995,-0.46003758907318115,0.0,0.0,nan,0.0,0.0,0.0,-0.419785978386789,0.1,0.0,1.0
1779977934.157217,-1.2820223569869995,-0.46003758907318115,0.0,0.0,nan,0.0,0.0,0.0,-0.419785978386789,0.1,0.0,1.0
1779977934.1674569,-1.2820223569869995,-0.46003758907318115,0.0,0.0,nan,0.0,0.0,0.0,-0.419785978386789,0.1,0.0,1.0
1779977934.177815,-1.2820223569869995,-0.46003758907318115,0.0,0.0,nan,0.0,0.0,0.0,-0.419785978386789,0.1,0.0,1.0
1779977934.1881394,-1.2820223569869995,-0.46003758907318115,0.0,0.0,nan,0.0,0.0,0.0,-0.419785978386789,0.1,0.0,1.0
1779977934.1984031,-1.2820223569869995,-0.46003758907318115,0.0,0.0,nan,0.0,0.0,0.0,-0.419785978386789,0.1,0.0,1.0
1779977934.208633,-1.2820223569869995,-0.46003758907318115,0.0,0.0,nan,0.0,0.0,0.0,-0.419785978386789,0.1,0.0,1.0
1779977934.2194607,-1.2820223569869995,-0.46003758907318115,0.0,0.0,nan,0.0,0.0,0.0,-0.419785978386789,0.1,0.0,1.0
1779977934.2300353,-1.2820223569869995,-0.46003758907318115,0.0,0.0,nan,0.0,0.0,0.0,-0.419785978386789,0.1,0.0,1.0
1779977934.2403057,-1.2820223569869995,-0.46003758907318115,0.0,0.0,nan,0.0,0.0,0.0,-0.419785978386789,0.1,0.0,1.0
1779977934.2504256,-1.2820223569869995,-0.46003758907318115,0.0,0.0,nan,0.0,0.0,0.0,-0.419785978386789,0.1,0.0,1.0
1779977934.2605004,-1.2820223569869995,-0.46003758907318115,0.0,0.0,nan,0.0,0.0,0.0,-0.419785978386789,0.1,0.0,1.0
1779977934.2707722,-1.2820223569869995,-0.46003758907318115,0.0,0.0,nan,0.0,0.0,0.0,-0.419785978386789,0.1,0.0,1.0
1779977934.2808576,-1.2820223569869995,-0.46003758907318115,0.0,0.0,nan,0.0,0.0,0.0,-0.419785978386789,0.1,0.0,1.0
1779977934.2914624,-1.2820223569869995,-0.46003758907318115,0.0,0.0,nan,0.0,0.0,0.0,-0.419785978386789,0.1,0.0,1.0
1779977934.3020027,-1.2820223569869995,-0.46003758907318115,0.0,0.0,nan,0.0,0.0,0.0,-0.419785978386789,0.1,0.0,1.0
1779977934.312598,-1.2820223569869995,-0.46003758907318115,0.0,0.0,nan,0.0,0.0,0.0,-0.419785978386789,0.1,0.0,1.0
1779977934.3228202,-1.2820223569869995,-0.46003758907318115,0.0,0.0,nan,0.0,0.0,0.0,-0.419785978386789,0.1,0.0,1.0
1779977934.3330564,-1.2820223569869995,-0.46003758907318115,0.0,0.0,nan,0.0,0.0,0.0,-0.419785978386789,0.1,0.0,1.0
1779977934.34329,-1.2820223569869995,-0.46003758907318115,0.0,0.0,nan,0.0,0.0,0.0,-0.419785978386789,0.1,0.0,1.0
1779977934.3533263,-1.2820223569869995,-0.46003758907318115,0.0,0.0,nan,0.0,0.0,0.0,-0.419785978386789,0.1,0.0,1.0
1779977934.3634589,-1.2820223569869995,-0.46003758907318115,0.0,0.0,nan,0.0,0.0,0.0,-0.419785978386789,0.1,0.0,1.0
1779977934.3742108,-1.2820223569869995,-0.46003758907318115,0.0,0.0,nan,0.0,0.0,0.0,-0.419785978386789,0.1,0.0,1.0
1779977934.38434,-1.2820223569869995,-0.46003758907318115,0.0,0.0,nan,0.0,0.0,0.0,-0.419785978386789,0.1,0.0,1.0
1779977934.3943908,-1.2820223569869995,-0.46003758907318115,0.0,0.0,nan,0.0,0.0,0.0,-0.419785978386789,0.1,0.0,1.0
1779977934.4046195,-1.2820223569869995,-0.46003758907318115,0.0,0.0,nan,0.0,0.0,0.0,-0.419785978386789,0.1,0.0,1.0
1779977934.4150102,-1.2820223569869995,-0.46003758907318115,0.0,0.0,nan,0.0,0.0,0.0,-0.419785978386789,0.1,0.0,1.0
1779977934.4256263,-1.2820223569869995,-0.46003758907318115,0.0,0.0,nan,0.0,0.0,0.0,-0.419785978386789,0.1,0.0,1.0
1779977934.4358559,-1.2820223569869995,-0.46003758907318115,0.0,0.0,nan,0.0,0.0,0.0,-0.419785978386789,0.1,0.0,1.0
1779977934.446325,-1.2820223569869995,-0.46003758907318115,0.0,0.0,nan,0.0,0.0,0.0,-0.419785978386789,0.1,0.0,1.0
1779977934.4569614,-1.2820223569869995,-0.46003758907318115,0.0,0.0,nan,0.0,0.0,0.0,-0.419785978386789,0.1,0.0,1.0
1779977934.4670587,-1.2820223569869995,-0.46003758907318115,0.0,0.0,nan,0.0,0.0,0.0,-0.419785978386789,0.1,0.0,1.0
1779977934.477511,-1.2820223569869995,-0.46003758907318115,0.0,0.0,nan,0.0,0.0,0.0,-0.419785978386789,0.1,0.0,1.0
1779977934.487559,-1.2820223569869995,-0.46003758907318115,0.0,0.0,nan,0.0,0.0,0.0,-0.419785978386789,0.1,0.0,1.0
1779977934.498051,-1.2820223569869995,-0.46003758907318115,0.0,0.0,nan,0.0,0.0,0.0,-0.419785978386789,0.1,0.0,1.0
1779977934.5080316,-1.2820223569869995,-0.46003758907318115,0.0,0.0,nan,0.0,0.0,0.0,-0.419785978386789,0.1,0.0,1.0
1779977934.5186825,-1.2820223569869995,-0.46003758907318115,0.0,0.0,nan,0.0,0.0,0.0,-0.419785978386789,0.1,0.0,1.0
1779977934.5290527,-1.2820223569869995,-0.46003758907318115,0.0,0.0,nan,0.0,0.0,0.0,-0.419785978386789,0.1,0.0,1.0
1779977934.5392735,-1.2820223569869995,-0.46003758907318115,0.0,0.0,nan,0.0,0.0,0.0,-0.419785978386789,0.1,0.0,1.0
1779977934.5498898,-1.2820223569869995,-0.46003758907318115,0.0,0.0,nan,0.0,0.0,0.0,-0.419785978386789,0.1,0.0,1.0
1779977934.5602913,-1.2820223569869995,-0.46003758907318115,0.0,0.0,nan,0.0,0.0,0.0,-0.419785978386789,0.1,0.0,1.0
1779977934.5704823,-1.2820223569869995,-0.46003758907318115,0.0,0.0,nan,0.0,0.0,0.0,-0.419785978386789,0.1,0.0,1.0
1779977934.5809958,-1.2820223569869995,-0.46003758907318115,0.0,0.0,nan,0.0,0.0,0.0,-0.419785978386789,0.1,0.0,1.0
1779977934.5912445,-1.2820223569869995,-0.46003758907318115,0.0,0.0,nan,0.0,0.0,0.0,-0.419785978386789,0.1,0.0,1.0
1779977934.6014278,-1.2820223569869995,-0.46003758907318115,0.0,0.0,nan,0.0,0.0,0.0,-0.419785978386789,0.1,0.0,1.0
1779977934.611653,-1.2820223569869995,-0.46003758907318115,0.0,0.0,nan,0.0,0.0,0.0,-0.419785978386789,0.1,0.0,1.0
1779977934.6219351,-1.2820223569869995,-0.46003758907318115,0.0,0.0,nan,0.0,0.0,0.0,-0.419785978386789,0.1,0.0,1.0
1779977934.6320055,-1.2820223569869995,-0.46003758907318115,0.0,0.0,nan,0.0,0.0,0.0,-0.419785978386789,0.1,0.0,1.0
1779977934.6422825,-1.2820223569869995,-0.46003758907318115,0.0,0.0,nan,0.0,0.0,0.0,-0.419785978386789,0.1,0.0,1.0
1779977934.652712,-1.2820223569869995,-0.46003758907318115,0.0,0.0,nan,0.0,0.0,0.0,-0.419785978386789,0.1,0.0,1.0
1779977934.6633434,-1.2820223569869995,-0.46003758907318115,0.0,0.0,nan,0.0,0.0,0.0,-0.419785978386789,0.1,0.0,1.0
1779977934.6738598,-1.2820223569869995,-0.46003758907318115,0.0,0.0,nan,0.0,0.0,0.0,-0.419785978386789,0.1,0.0,1.0
1779977934.6840663,-1.2820223569869995,-0.46003758907318115,0.0,0.0,nan,0.0,0.0,0.0,-0.419785978386789,0.1,0.0,1.0
1779977934.69445,-1.2820223569869995,-0.46003758907318115,0.0,0.0,nan,0.0,0.0,0.0,-0.419785978386789,0.1,0.0,1.0
1779977934.7046013,-1.2820223569869995,-0.46003758907318115,0.0,0.0,nan,0.0,0.0,0.0,-0.419785978386789,0.1,0.0,1.0
1779977934.714947,-1.2820223569869995,-0.46003758907318115,0.0,0.0,nan,0.0,0.0,0.0,-0.419785978386789,0.1,0.0,1.0
1779977934.725485,-1.2820223569869995,-0.46003758907318115,0.0,0.0,nan,0.0,0.0,0.0,-0.419785978386789,0.1,0.0,1.0
1779977934.7361007,-1.2820223569869995,-0.46003758907318115,0.0,0.0,nan,0.0,0.0,0.0,-0.419785978386789,0.1,0.0,1.0
1779977934.7465744,-1.2820223569869995,-0.46003758907318115,0.0,0.0,nan,0.0,0.0,0.0,-0.419785978386789,0.1,0.0,1.0
1779977934.756705,-1.2820223569869995,-0.46003758907318115,0.0,0.0,nan,0.0,0.0,0.0,-0.419785978386789,0.1,0.0,1.0
1779977934.7672265,-1.2820223569869995,-0.46003758907318115,0.0,0.0,nan,0.0,0.0,0.0,-0.419785978386789,0.1,0.0,1.0
1779977934.777427,-1.2820223569869995,-0.46003758907318115,0.0,0.0,nan,0.0,0.0,0.0,-0.419785978386789,0.1,0.0,1.0
1779977934.787777,-1.2820223569869995,-0.46003758907318115,0.0,0.0,nan,0.0,0.0,0.0,-0.419785978386789,0.1,0.0,1.0
1779977934.7984197,-1.2820223569869995,-0.46003758907318115,0.0,0.0,nan,0.0,0.0,0.0,-0.419785978386789,0.1,0.0,1.0
1779977934.8087955,-1.2820223569869995,-0.46003758907318115,0.0,0.0,nan,0.0,0.0,0.0,-0.419785978386789,0.1,0.0,1.0
1779977934.8188882,-1.2820223569869995,-0.46003758907318115,0.0,0.0,nan,0.0,0.0,0.0,-0.419785978386789,0.1,0.0,1.0
1779977934.8293927,-1.2820223569869995,-0.46003758907318115,0.0,0.0,nan,0.0,0.0,0.0,-0.419785978386789,0.1,0.0,1.0
1779977934.839965,-1.2820223569869995,-0.46003758907318115,0.0,0.0,nan,0.0,0.0,0.0,-0.419785978386789,0.1,0.0,1.0
1779977934.8502543,-1.2820223569869995,-0.46003758907318115,0.0,0.0,nan,0.0,0.0,0.0,-0.419785978386789,0.1,0.0,1.0
1779977934.8608074,-1.2820223569869995,-0.46003758907318115,0.0,0.0,nan,0.0,0.0,0.0,-0.419785978386789,0.1,0.0,1.0
1779977934.8711033,-1.2820223569869995,-0.46003758907318115,0.0,0.0,nan,0.0,0.0,0.0,-0.419785978386789,0.1,0.0,1.0
1779977934.881223,-1.2820223569869995,-0.46003758907318115,0.0,0.0,nan,0.0,0.0,0.0,-0.419785978386789,0.1,0.0,1.0
1779977934.891892,-1.2820223569869995,-0.46003758907318115,0.0,0.0,nan,0.0,0.0,0.0,-0.419785978386789,0.1,0.0,1.0
1779977934.90196,-1.2820223569869995,-0.46003758907318115,0.0,0.0,nan,0.0,0.0,0.0,-0.419785978386789,0.1,0.0,1.0
1779977934.9123676,-1.2820223569869995,-0.46003758907318115,0.0,0.0,nan,0.0,0.0,0.0,-0.419785978386789,0.1,0.0,1.0
1779977934.923029,-1.2820223569869995,-0.46003758907318115,0.0,0.0,nan,0.0,0.0,0.0,-0.419785978386789,0.1,0.0,1.0
1779977934.9331226,-1.2820223569869995,-0.46003758907318115,0.0,0.0,nan,0.0,0.0,0.0,-0.419785978386789,0.1,0.0,1.0
1779977934.9437208,-1.2820223569869995,-0.46003758907318115,0.0,0.0,nan,0.0,0.0,0.0,-0.419785978386789,0.1,0.0,1.0
1779977934.9539664,-1.2820223569869995,-0.46003758907318115,0.0,0.0,nan,0.0,0.0,0.0,-0.419785978386789,0.1,0.0,1.0
1779977934.964349,-1.2820223569869995,-0.46003758907318115,0.0,0.0,nan,0.0,0.0,0.0,-0.419785978386789,0.1,0.0,1.0
1779977934.9750848,-1.2820223569869995,-0.46003758907318115,0.0,0.0,nan,0.0,0.0,0.0,-0.419785978386789,0.1,0.0,1.0
1779977934.9856024,-1.2820223569869995,-0.46003758907318115,0.0,0.0,nan,0.0,0.0,0.0,-0.419785978386789,0.1,0.0,1.0
1779977934.996235,-1.2820223569869995,-0.46003758907318115,0.0,0.0,nan,0.0,0.0,0.0,-0.419785978386789,0.1,0.0,1.0
1779977935.0062132,-1.2820223569869995,-0.46003758907318115,0.0,0.0,nan,0.0,0.0,0.0,-0.419785978386789,0.1,0.0,1.0
1779977935.0163643,-1.2820223569869995,-0.46003758907318115,0.0,0.0,nan,0.0,0.0,0.0,-0.419785978386789,0.1,0.0,1.0
1779977935.0270305,-1.2820223569869995,-0.46003758907318115,0.0,0.0,nan,0.0,0.0,0.0,-0.419785978386789,0.1,0.0,1.0
1779977935.0369937,-1.2820223569869995,-0.46003758907318115,0.0,0.0,nan,0.0,0.0,0.0,-0.419785978386789,0.1,0.0,1.0
1779977935.0471601,-1.2820223569869995,-0.46003758907318115,0.0,0.0,nan,0.0,0.0,0.0,-0.419785978386789,0.1,0.0,1.0
1779977935.0578372,-1.2820223569869995,-0.46003758907318115,0.0,0.0,nan,0.0,0.0,0.0,-0.419785978386789,0.1,0.0,1.0
1779977935.067786,-1.2820223569869995,-0.46003758907318115,0.0,0.0,nan,0.0,0.0,0.0,-0.419785978386789,0.1,0.0,1.0
1779977935.078027,-1.2820223569869995,-0.46003758907318115,0.0,0.0,nan,0.0,0.0,0.0,-0.419785978386789,0.1,0.0,1.0
1779977935.088705,-1.2820223569869995,-0.46003758907318115,0.0,0.0,nan,0.0,0.0,0.0,-0.419785978386789,0.1,0.0,1.0
1779977935.0990834,-1.2820223569869995,-0.46003758907318115,0.0,0.0,nan,0.0,0.0,0.0,-0.419785978386789,0.1,0.0,1.0
1779977935.1097615,-1.2820223569869995,-0.46003758907318115,0.0,0.0,nan,0.0,0.0,0.0,-0.419785978386789,0.1,0.0,1.0
1779977935.1200602,-1.2820223569869995,-0.46003758907318115,0.0,0.0,nan,0.0,0.0,0.0,-0.419785978386789,0.1,0.0,1.0
1779977935.1305876,-1.2820223569869995,-0.46003758907318115,0.0,0.0,nan,0.0,0.0,0.0,-0.419785978386789,0.1,0.0,1.0
1779977935.1407895,-1.2820223569869995,-0.46003758907318115,0.0,0.0,nan,0.0,0.0,0.0,-0.419785978386789,0.1,0.0,1.0
1779977935.1510217,-1.2820223569869995,-0.46003758907318115,0.0,0.0,nan,0.0,0.0,0.0,-0.419785978386789,0.1,0.0,1.0
1779977935.1614015,-1.2820223569869995,-0.46003758907318115,0.0,0.0,nan,0.0,0.0,0.0,-0.419785978386789,0.1,0.0,1.0
1779977935.1721163,-1.2820223569869995,-0.46003758907318115,0.0,0.0,nan,0.0,0.0,0.0,-0.419785978386789,0.1,0.0,1.0
1779977935.1823764,-1.2820223569869995,-0.46003758907318115,0.0,0.0,nan,0.0,0.0,0.0,-0.419785978386789,0.1,0.0,1.0
1779977935.1926224,-1.2820223569869995,-0.46003758907318115,0.0,0.0,nan,0.0,0.0,0.0,-0.419785978386789,0.1,0.0,1.0
1779977935.202648,-1.2820223569869995,-0.46003758907318115,0.0,0.0,nan,0.0,0.0,0.0,-0.419785978386789,0.1,0.0,1.0
1779977935.212786,-1.2820223569869995,-0.46003758907318115,0.0,0.0,nan,0.0,0.0,0.0,-0.419785978386789,0.1,0.0,1.0
1779977935.2235556,-1.2820223569869995,-0.46003758907318115,0.0,0.0,nan,0.0,0.0,0.0,-0.419785978386789,0.1,0.0,1.0
1779977935.233495,-1.2820223569869995,-0.46003758907318115,0.0,0.0,nan,0.0,0.0,0.0,-0.419785978386789,0.1,0.0,1.0
1779977935.2439764,-1.2820223569869995,-0.46003758907318115,0.0,0.0,nan,0.0,0.0,0.0,-0.419785978386789,0.1,0.0,1.0
1779977935.254805,-1.2820223569869995,-0.46003758907318115,0.0,0.0,nan,0.0,0.0,0.0,-0.419785978386789,0.1,0.0,1.0
1779977935.2647772,-1.2820223569869995,-0.46003758907318115,0.0,0.0,nan,0.0,0.0,0.0,-0.419785978386789,0.1,0.0,1.0
1779977935.2751207,-1.2820223569869995,-0.46003758907318115,0.0,0.0,nan,0.0,0.0,0.0,-0.419785978386789,0.1,0.0,1.0
1779977935.2856512,-1.2820223569869995,-0.46003758907318115,0.0,0.0,nan,0.0,0.0,0.0,-0.419785978386789,0.1,0.0,1.0
1779977935.296235,-1.2820223569869995,-0.46003758907318115,0.0,0.0,nan,0.0,0.0,0.0,-0.419785978386789,0.1,0.0,1.0
1779977935.306255,-1.2820223569869995,-0.46003758907318115,0.0,0.0,nan,0.0,0.0,0.0,-0.419785978386789,0.1,0.0,1.0
1779977935.316461,-1.2820223569869995,-0.46003758907318115,0.0,0.0,nan,0.0,0.0,0.0,-0.419785978386789,0.1,0.0,1.0
1779977935.3265202,-1.2820223569869995,-0.46003758907318115,0.0,0.0,nan,0.0,0.0,0.0,-0.419785978386789,0.1,0.0,1.0
1779977935.3366628,-1.2820223569869995,-0.46003758907318115,0.0,0.0,nan,0.0,0.0,0.0,-0.419785978386789,0.1,0.0,1.0
1779977935.34678,-1.2820223569869995,-0.46003758907318115,0.0,0.0,nan,0.0,0.0,0.0,-0.419785978386789,0.1,0.0,1.0
1779977935.3568711,-1.2820223569869995,-0.46003758907318115,0.0,0.0,nan,0.0,0.0,0.0,-0.419785978386789,0.1,0.0,1.0
1779977935.3673434,-1.2820223569869995,-0.46003758907318115,0.0,0.0,nan,0.0,0.0,0.0,-0.419785978386789,0.1,0.0,1.0
1779977935.3779109,-1.2820223569869995,-0.46003758907318115,0.0,0.0,nan,0.0,0.0,0.0,-0.419785978386789,0.1,0.0,1.0
1779977935.388042,-1.2820223569869995,-0.46003758907318115,0.0,0.0,nan,0.0,0.0,0.0,-0.419785978386789,0.1,0.0,1.0
1779977935.3985891,-1.2820223569869995,-0.46003758907318115,0.0,0.0,nan,0.0,0.0,0.0,-0.419785978386789,0.1,0.0,1.0
1779977935.4092805,-1.2820223569869995,-0.46003758907318115,0.0,0.0,nan,0.0,0.0,0.0,-0.419785978386789,0.1,0.0,1.0
1779977935.4195364,-1.2820223569869995,-0.46003758907318115,0.0,0.0,nan,0.0,0.0,0.0,-0.419785978386789,0.1,0.0,1.0
1779977935.4300206,-1.2820223569869995,-0.46003758907318115,0.0,0.0,nan,0.0,0.0,0.0,-0.419785978386789,0.1,0.0,1.0
1779977935.4405718,-1.2820223569869995,-0.46003758907318115,0.0,0.0,nan,0.0,0.0,0.0,-0.419785978386789,0.1,0.0,1.0
1779977935.4509735,-1.2820223569869995,-0.46003758907318115,0.0,0.0,nan,0.0,0.0,0.0,-0.419785978386789,0.1,0.0,1.0
1779977935.4614675,-1.2820223569869995,-0.46003758907318115,0.0,0.0,nan,0.0,0.0,0.0,-0.419785978386789,0.1,0.0,1.0
1779977935.4718175,-1.2820223569869995,-0.46003758907318115,0.0,0.0,nan,0.0,0.0,0.0,-0.419785978386789,0.1,0.0,1.0
1779977935.4820929,-1.2820223569869995,-0.46003758907318115,0.0,0.0,nan,0.0,0.0,0.0,-0.419785978386789,0.1,0.0,1.0
1779977935.4923565,-1.2820223569869995,-0.46003758907318115,0.0,0.0,nan,0.0,0.0,0.0,-0.419785978386789,0.1,0.0,1.0
1779977935.5028462,-1.2820223569869995,-0.46003758907318115,0.0,0.0,nan,0.0,0.0,0.0,-0.419785978386789,0.1,0.0,1.0
1779977935.5133502,-1.2820223569869995,-0.46003758907318115,0.0,0.0,nan,0.0,0.0,0.0,-0.419785978386789,0.1,0.0,1.0
1779977935.5237055,-1.2820223569869995,-0.46003758907318115,0.0,0.0,nan,0.0,0.0,0.0,-0.419785978386789,0.1,0.0,1.0
1779977935.5337925,-1.2820223569869995,-0.46003758907318115,0.0,0.0,nan,0.0,0.0,0.0,-0.419785978386789,0.1,0.0,1.0
1779977935.5440443,-1.2820223569869995,-0.46003758907318115,0.0,0.0,nan,0.0,0.0,0.0,-0.419785978386789,0.1,0.0,1.0
1779977935.5548172,-1.2820223569869995,-0.46003758907318115,0.0,0.0,nan,0.0,0.0,0.0,-0.419785978386789,0.1,0.0,1.0
1779977935.5648284,-1.2820223569869995,-0.46003758907318115,0.0,0.0,nan,0.0,0.0,0.0,-0.419785978386789,0.1,0.0,1.0
1779977935.5753717,-1.2820223569869995,-0.46003758907318115,0.0,0.0,nan,0.0,0.0,0.0,-0.419785978386789,0.1,0.0,1.0
1779977935.5858612,-1.2820223569869995,-0.46003758907318115,0.0,0.0,nan,0.0,0.0,0.0,-0.419785978386789,0.1,0.0,1.0
1779977935.5962949,-1.2820223569869995,-0.46003758907318115,0.0,0.0,nan,0.0,0.0,0.0,-0.419785978386789,0.1,0.0,1.0
1779977935.6064663,-1.2820223569869995,-0.46003758907318115,0.0,0.0,nan,0.0,0.0,0.0,-0.419785978386789,0.1,0.0,1.0
1779977935.6169665,-1.2820223569869995,-0.46003758907318115,0.0,0.0,nan,0.0,0.0,0.0,-0.419785978386789,0.1,0.0,1.0
1779977935.6270344,-1.2820223569869995,-0.46003758907318115,0.0,0.0,nan,0.0,0.0,0.0,-0.419785978386789,0.1,0.0,1.0
1779977935.6376212,-1.2820223569869995,-0.46003758907318115,0.0,0.0,nan,0.0,0.0,0.0,-0.419785978386789,0.1,0.0,1.0
1779977935.6481035,-1.2820223569869995,-0.46003758907318115,0.0,0.0,nan,0.0,0.0,0.0,-0.419785978386789,0.1,0.0,1.0
1779977935.6589632,-1.2820223569869995,-0.46003758907318115,0.0,0.0,nan,0.0,0.0,0.0,-0.419785978386789,0.1,0.0,1.0
1779977935.6689832,-1.2820223569869995,-0.46003758907318115,0.0,0.0,nan,0.0,0.0,0.0,-0.419785978386789,0.1,0.0,1.0
1779977935.6795616,-1.2820223569869995,-0.46003758907318115,0.0,0.0,nan,0.0,0.0,0.0,-0.419785978386789,0.1,0.0,1.0
1779977935.6898189,-1.2820223569869995,-0.46003758907318115,0.0,0.0,nan,0.0,0.0,0.0,-0.419785978386789,0.1,0.0,1.0
1779977935.7001338,-1.2820223569869995,-0.46003758907318115,0.0,0.0,nan,0.0,0.0,0.0,-0.419785978386789,0.1,0.0,1.0
1779977935.7105255,-1.2820223569869995,-0.46003758907318115,0.0,0.0,nan,0.0,0.0,0.0,-0.419785978386789,0.1,0.0,1.0
1779977935.7205586,-1.2820223569869995,-0.46003758907318115,0.0,0.0,nan,0.0,0.0,0.0,-0.419785978386789,0.1,0.0,1.0
1779977935.730923,-1.2820223569869995,-0.46003758907318115,0.0,0.0,nan,0.0,0.0,0.0,-0.419785978386789,0.1,0.0,1.0
1779977935.7411554,-1.2820223569869995,-0.46003758907318115,0.0,0.0,nan,0.0,0.0,0.0,-0.419785978386789,0.1,0.0,1.0
1779977935.751381,-1.2820223569869995,-0.46003758907318115,0.0,0.0,nan,0.0,0.0,0.0,-0.419785978386789,0.1,0.0,1.0
1779977935.7616231,-1.2820223569869995,-0.46003758907318115,0.0,0.0,nan,0.0,0.0,0.0,-0.419785978386789,0.1,0.0,1.0
1779977935.7721024,-1.2820223569869995,-0.46003758907318115,0.0,0.0,nan,0.0,0.0,0.0,-0.419785978386789,0.1,0.0,1.0
1779977935.782776,-1.2820223569869995,-0.46003758907318115,0.0,0.0,nan,0.0,0.0,0.0,-0.419785978386789,0.1,0.0,1.0
1779977935.7933378,-1.2820223569869995,-0.46003758907318115,0.0,0.0,nan,0.0,0.0,0.0,-0.419785978386789,0.1,0.0,1.0
1779977935.8033385,-1.2820223569869995,-0.46003758907318115,0.0,0.0,nan,0.0,0.0,0.0,-0.419785978386789,0.1,0.0,1.0
1779977935.8135765,-1.2820223569869995,-0.46003758907318115,0.0,0.0,nan,0.0,0.0,0.0,-0.419785978386789,0.1,0.0,1.0
1779977935.8237765,-1.2820223569869995,-0.46003758907318115,0.0,0.0,nan,0.0,0.0,0.0,-0.419785978386789,0.1,0.0,1.0
1779977935.8338265,-1.2820223569869995,-0.46003758907318115,0.0,0.0,nan,0.0,0.0,0.0,-0.419785978386789,0.1,0.0,1.0
1779977935.8440337,-1.2820223569869995,-0.46003758907318115,0.0,0.0,nan,0.0,0.0,0.0,-0.419785978386789,0.1,0.0,1.0
1779977935.854237,-1.2820223569869995,-0.46003758907318115,0.0,0.0,nan,0.0,0.0,0.0,-0.419785978386789,0.1,0.0,1.0
1779977935.8645365,-1.2820223569869995,-0.46003758907318115,0.0,0.0,nan,0.0,0.0,0.0,-0.419785978386789,0.1,0.0,1.0
1779977935.875213,-1.2820223569869995,-0.46003758907318115,0.0,0.0,nan,0.0,0.0,0.0,-0.419785978386789,0.1,0.0,1.0
1779977935.8857694,-1.2820223569869995,-0.46003758907318115,0.0,0.0,nan,0.0,0.0,0.0,-0.419785978386789,0.1,0.0,1.0
1779977935.8962588,-1.2820223569869995,-0.46003758907318115,0.0,0.0,nan,0.0,0.0,0.0,-0.419785978386789,0.1,0.0,1.0
1779977935.906534,-1.2820223569869995,-0.46003758907318115,0.0,0.0,nan,0.0,0.0,0.0,-0.419785978386789,0.1,0.0,1.0
1779977935.917068,-1.2820223569869995,-0.46003758907318115,0.0,0.0,nan,0.0,0.0,0.0,-0.419785978386789,0.1,0.0,1.0
1779977935.927458,-1.2820223569869995,-0.46003758907318115,0.0,0.0,nan,0.0,0.0,0.0,-0.419785978386789,0.1,0.0,1.0
1779977935.9380777,-1.2820223569869995,-0.46003758907318115,0.0,0.0,nan,0.0,0.0,0.0,-0.419785978386789,0.1,0.0,1.0
1779977935.9485416,-1.2820223569869995,-0.46003758907318115,0.0,0.0,nan,0.0,0.0,0.0,-0.419785978386789,0.1,0.0,1.0
1779977935.959092,-1.2820223569869995,-0.46003758907318115,0.0,0.0,nan,0.0,0.0,0.0,-0.419785978386789,0.1,0.0,1.0
1779977935.969248,-1.2820223569869995,-0.46003758907318115,0.0,0.0,nan,0.0,0.0,0.0,-0.419785978386789,0.1,0.0,1.0
1779977935.9796252,-1.2820223569869995,-0.46003758907318115,0.0,0.0,nan,0.0,0.0,0.0,-0.419785978386789,0.1,0.0,1.0
1779977935.9899397,-1.2820223569869995,-0.46003758907318115,0.0,0.0,nan,0.0,0.0,0.0,-0.419785978386789,0.1,0.0,1.0
1779977936.0003927,-1.2820223569869995,-0.46003758907318115,0.0,0.0,nan,0.0,0.0,0.0,-0.419785978386789,0.1,0.0,1.0
1779977936.0107055,-1.2820223569869995,-0.46003758907318115,0.0,0.0,nan,0.0,0.0,0.0,-0.419785978386789,0.1,0.0,1.0
1779977936.0228076,-1.2820223569869995,-0.46003758907318115,0.0,0.0,nan,0.0,0.0,0.0,-0.419785978386789,0.1,0.0,1.0
1779977936.032994,-1.2820223569869995,-0.46003758907318115,0.0,0.0,nan,0.0,0.0,0.0,-0.419785978386789,0.1,0.0,1.0
1779977936.0431433,-1.2820223569869995,-0.46003758907318115,0.0,0.0,nan,0.0,0.0,0.0,-0.419785978386789,0.1,0.0,1.0
1779977936.054227,-1.2820223569869995,-0.46003758907318115,0.0,0.0,nan,0.0,0.0,0.0,-0.419785978386789,0.1,0.0,1.0
1779977936.064428,-1.2820223569869995,-0.46003758907318115,0.0,0.0,nan,0.0,0.0,0.0,-0.419785978386789,0.1,0.0,1.0
1779977936.074791,-1.2820223569869995,-0.46003758907318115,0.0,0.0,nan,0.0,0.0,0.0,-0.419785978386789,0.1,0.0,1.0
1779977936.0850208,-1.2820223569869995,-0.46003758907318115,0.0,0.0,nan,0.0,0.0,0.0,-0.419785978386789,0.1,0.0,1.0
1779977936.0952644,-1.2820223569869995,-0.46003758907318115,0.0,0.0,nan,0.0,0.0,0.0,-0.419785978386789,0.1,0.0,1.0
1779977936.1063201,-1.2820223569869995,-0.46003758907318115,0.0,0.0,nan,0.0,0.0,0.0,-0.419785978386789,0.1,0.0,1.0
1779977936.116671,-1.2820223569869995,-0.46003758907318115,0.0,0.0,nan,0.0,0.0,0.0,-0.419785978386789,0.1,0.0,1.0
1779977936.1271048,-1.2820223569869995,-0.46003758907318115,0.0,0.0,nan,0.0,0.0,0.0,-0.419785978386789,0.1,0.0,1.0
1779977936.1374888,-1.2820223569869995,-0.46003758907318115,0.0,0.0,nan,0.0,0.0,0.0,-0.419785978386789,0.1,0.0,1.0
1779977936.1481354,-1.2820223569869995,-0.46003758907318115,0.0,0.0,nan,0.0,0.0,0.0,-0.419785978386789,0.1,0.0,1.0
1779977936.1581604,-1.2820223569869995,-0.46003758907318115,0.0,0.0,nan,0.0,0.0,0.0,-0.419785978386789,0.1,0.0,1.0
1779977936.1685493,-1.2820223569869995,-0.46003758907318115,0.0,0.0,nan,0.0,0.0,0.0,-0.419785978386789,0.1,0.0,1.0
1779977936.1791794,-1.2820223569869995,-0.46003758907318115,0.0,0.0,nan,0.0,0.0,0.0,-0.419785978386789,0.1,0.0,1.0
1779977936.1896596,-1.2820223569869995,-0.46003758907318115,0.0,0.0,nan,0.0,0.0,0.0,-0.419785978386789,0.1,0.0,1.0
1779977936.1999452,-1.2820223569869995,-0.46003758907318115,0.0,0.0,nan,0.0,0.0,0.0,-0.419785978386789,0.1,0.0,1.0
1779977936.210078,-1.2820223569869995,-0.46003758907318115,0.0,0.0,nan,0.0,0.0,0.0,-0.419785978386789,0.1,0.0,1.0
1779977936.2206268,-1.2820223569869995,-0.46003758907318115,0.0,0.0,nan,0.0,0.0,0.0,-0.419785978386789,0.1,0.0,1.0
1779977936.230882,-1.2820223569869995,-0.46003758907318115,0.0,0.0,nan,0.0,0.0,0.0,-0.419785978386789,0.1,0.0,1.0
1779977936.241567,-1.2820223569869995,-0.46003758907318115,0.0,0.0,nan,0.0,0.0,0.0,-0.419785978386789,0.1,0.0,1.0
1779977936.251629,-1.2820223569869995,-0.46003758907318115,0.0,0.0,nan,0.0,0.0,0.0,-0.419785978386789,0.1,0.0,1.0
1779977936.2620697,-1.2820223569869995,-0.46003758907318115,0.0,0.0,nan,0.0,0.0,0.0,-0.419785978386789,0.1,0.0,1.0
1779977936.27247,-1.2820223569869995,-0.46003758907318115,0.0,0.0,nan,0.0,0.0,0.0,-0.419785978386789,0.1,0.0,1.0
1779977936.2825625,-1.2820223569869995,-0.46003758907318115,0.0,0.0,nan,0.0,0.0,0.0,-0.419785978386789,0.1,0.0,1.0
1779977936.293253,-1.2820223569869995,-0.46003758907318115,0.0,0.0,nan,0.0,0.0,0.0,-0.419785978386789,0.1,0.0,1.0
1779977936.3033051,-1.2820223569869995,-0.46003758907318115,0.0,0.0,nan,0.0,0.0,0.0,-0.419785978386789,0.1,0.0,1.0
1779977936.3138046,-1.2820223569869995,-0.46003758907318115,0.0,0.0,nan,0.0,0.0,0.0,-0.419785978386789,0.1,0.0,1.0
1779977936.3242548,-1.2820223569869995,-0.46003758907318115,0.0,0.0,nan,0.0,0.0,0.0,-0.419785978386789,0.1,0.0,1.0
1779977936.3344884,-1.2820223569869995,-0.46003758907318115,0.0,0.0,nan,0.0,0.0,0.0,-0.419785978386789,0.1,0.0,1.0
1779977936.34539,-1.2820223569869995,-0.46003758907318115,0.0,0.0,nan,0.0,0.0,0.0,-0.419785978386789,0.1,0.0,1.0
1779977936.3557184,-1.2820223569869995,-0.46003758907318115,0.0,0.0,nan,0.0,0.0,0.0,-0.419785978386789,0.1,0.0,1.0
1779977936.3661878,-1.2820223569869995,-0.46003758907318115,0.0,0.0,nan,0.0,0.0,0.0,-0.419785978386789,0.1,0.0,1.0
1779977936.3763103,-1.2820223569869995,-0.46003758907318115,0.0,0.0,nan,0.0,0.0,0.0,-0.419785978386789,0.1,0.0,1.0
1779977936.3867893,-1.2820223569869995,-0.46003758907318115,0.0,0.0,nan,0.0,0.0,0.0,-0.419785978386789,0.1,0.0,1.0
1779977936.3970785,-1.2820223569869995,-0.46003758907318115,0.0,0.0,nan,0.0,0.0,0.0,-0.419785978386789,0.1,0.0,1.0
1779977936.4072063,-1.2820223569869995,-0.46003758907318115,0.0,0.0,nan,0.0,0.0,0.0,-0.419785978386789,0.1,0.0,1.0
1779977936.4176998,-1.2820223569869995,-0.46003758907318115,0.0,0.0,nan,0.0,0.0,0.0,-0.419785978386789,0.1,0.0,1.0
1779977936.427808,-1.2820223569869995,-0.46003758907318115,0.0,0.0,nan,0.0,0.0,0.0,-0.419785978386789,0.1,0.0,1.0
1779977936.4383323,-1.2820223569869995,-0.46003758907318115,0.0,0.0,nan,0.0,0.0,0.0,-0.419785978386789,0.1,0.0,1.0
1779977936.4489467,-1.2820223569869995,-0.46003758907318115,0.0,0.0,nan,0.0,0.0,0.0,-0.419785978386789,0.1,0.0,1.0
1779977936.4592829,-1.2820223569869995,-0.46003758907318115,0.0,0.0,nan,0.0,0.0,0.0,-0.419785978386789,0.1,0.0,1.0
1779977936.4696653,-1.2820223569869995,-0.46003758907318115,0.0,0.0,nan,0.0,0.0,0.0,-0.419785978386789,0.1,0.0,1.0
1779977936.4799578,-1.2820223569869995,-0.46003758907318115,0.0,0.0,nan,0.0,0.0,0.0,-0.419785978386789,0.1,0.0,1.0
1779977936.4908485,-1.2820223569869995,-0.46003758907318115,0.0,0.0,nan,0.0,0.0,0.0,-0.419785978386789,0.1,0.0,1.0
1779977936.5010533,-1.2820223569869995,-0.46003758907318115,0.0,0.0,nan,0.0,0.0,0.0,-0.419785978386789,0.1,0.0,1.0
1779977936.5116353,-1.2820223569869995,-0.46003758907318115,0.0,0.0,nan,0.0,0.0,0.0,-0.419785978386789,0.1,0.0,1.0
1779977936.521923,-1.2820223569869995,-0.46003758907318115,0.0,0.0,nan,0.0,0.0,0.0,-0.419785978386789,0.1,0.0,1.0
1779977936.5321271,-1.2820223569869995,-0.46003758907318115,0.0,0.0,nan,0.0,0.0,0.0,-0.419785978386789,0.1,0.0,1.0
1779977936.5424461,-1.2820223569869995,-0.46003758907318115,0.0,0.0,nan,0.0,0.0,0.0,-0.419785978386789,0.1,0.0,1.0
1779977936.5526185,-1.2820223569869995,-0.46003758907318115,0.0,0.0,nan,0.0,0.0,0.0,-0.419785978386789,0.1,0.0,1.0
1779977936.5630195,-1.2820223569869995,-0.46003758907318115,0.0,0.0,nan,0.0,0.0,0.0,-0.419785978386789,0.1,0.0,1.0
1779977936.5737803,-1.2820223569869995,-0.46003758907318115,0.0,0.0,nan,0.0,0.0,0.0,-0.419785978386789,0.1,0.0,1.0
1779977936.584146,-1.2820223569869995,-0.46003758907318115,0.0,0.0,nan,0.0,0.0,0.0,-0.419785978386789,0.1,0.0,1.0
1779977936.5945463,-1.2820223569869995,-0.46003758907318115,0.0,0.0,nan,0.0,0.0,0.0,-0.419785978386789,0.1,0.0,1.0
1779977936.6051474,-1.2820223569869995,-0.46003758907318115,0.0,0.0,nan,0.0,0.0,0.0,-0.419785978386789,0.1,0.0,1.0
1779977936.6153939,-1.2820223569869995,-0.46003758907318115,0.0,0.0,nan,0.0,0.0,0.0,-0.419785978386789,0.1,0.0,1.0
1779977936.6260102,-1.2820223569869995,-0.46003758907318115,0.0,0.0,nan,0.0,0.0,0.0,-0.419785978386789,0.1,0.0,1.0
1779977936.6364784,-1.2820223569869995,-0.46003758907318115,0.0,0.0,nan,0.0,0.0,0.0,-0.419785978386789,0.1,0.0,1.0
1779977936.6472907,-1.2820223569869995,-0.46003758907318115,0.0,0.0,nan,0.0,0.0,0.0,-0.419785978386789,0.1,0.0,1.0
1779977936.6571987,-1.2820223569869995,-0.46003758907318115,0.0,0.0,nan,0.0,0.0,0.0,-0.419785978386789,0.1,0.0,1.0
1779977936.667483,-1.2820223569869995,-0.46003758907318115,0.0,0.0,nan,0.0,0.0,0.0,-0.419785978386789,0.1,0.0,1.0
1779977936.6774294,-1.2820223569869995,-0.46003758907318115,0.0,0.0,nan,0.0,0.0,0.0,-0.419785978386789,0.1,0.0,1.0
1779977936.6881204,-1.2820223569869995,-0.46003758907318115,0.0,0.0,nan,0.0,0.0,0.0,-0.419785978386789,0.1,0.0,1.0
1779977936.6985226,-1.2820223569869995,-0.46003758907318115,0.0,0.0,nan,0.0,0.0,0.0,-0.419785978386789,0.1,0.0,1.0
1779977936.7091038,-1.2820223569869995,-0.46003758907318115,0.0,0.0,nan,0.0,0.0,0.0,-0.419785978386789,0.1,0.0,1.0
1779977936.7198322,-1.2820223569869995,-0.46003758907318115,0.0,0.0,nan,0.0,0.0,0.0,-0.419785978386789,0.1,0.0,1.0
1779977936.7303963,-1.2820223569869995,-0.46003758907318115,0.0,0.0,nan,0.0,0.0,0.0,-0.419785978386789,0.1,0.0,1.0
1779977936.7410595,-1.2820223569869995,-0.46003758907318115,0.0,0.0,nan,0.0,0.0,0.0,-0.419785978386789,0.1,0.0,1.0
1779977936.7515318,-1.2820223569869995,-0.46003758907318115,0.0,0.0,nan,0.0,0.0,0.0,-0.419785978386789,0.1,0.0,1.0
1779977936.7621434,-1.2820223569869995,-0.46003758907318115,0.0,0.0,nan,0.0,0.0,0.0,-0.419785978386789,0.1,0.0,1.0
1779977936.772748,-1.2820223569869995,-0.46003758907318115,0.0,0.0,nan,0.0,0.0,0.0,-0.419785978386789,0.1,0.0,1.0
1779977936.7831528,-1.2820223569869995,-0.46003758907318115,0.0,0.0,nan,0.0,0.0,0.0,-0.419785978386789,0.1,0.0,1.0
1779977936.793508,-1.2820223569869995,-0.46003758907318115,0.0,0.0,nan,0.0,0.0,0.0,-0.419785978386789,0.1,0.0,1.0
1779977936.8038518,-1.2820223569869995,-0.46003758907318115,0.0,0.0,nan,0.0,0.0,0.0,-0.419785978386789,0.1,0.0,1.0
1779977936.814507,-1.2820223569869995,-0.46003758907318115,0.0,0.0,nan,0.0,0.0,0.0,-0.419785978386789,0.1,0.0,1.0
1779977936.8246772,-1.2820223569869995,-0.46003758907318115,0.0,0.0,nan,0.0,0.0,0.0,-0.419785978386789,0.1,0.0,1.0
1779977936.834885,-1.2820223569869995,-0.46003758907318115,0.0,0.0,nan,0.0,0.0,0.0,-0.419785978386789,0.1,0.0,1.0
1779977936.8452768,-1.2820223569869995,-0.46003758907318115,0.0,0.0,nan,0.0,0.0,0.0,-0.419785978386789,0.1,0.0,1.0
1779977936.8555698,-1.2820223569869995,-0.46003758907318115,0.0,0.0,nan,0.0,0.0,0.0,-0.419785978386789,0.1,0.0,1.0
1779977936.8658745,-1.2820223569869995,-0.46003758907318115,0.0,0.0,nan,0.0,0.0,0.0,-0.419785978386789,0.1,0.0,1.0
1779977936.876147,-1.2820223569869995,-0.46003758907318115,0.0,0.0,nan,0.0,0.0,0.0,-0.419785978386789,0.1,0.0,1.0
1779977936.886973,-1.2820223569869995,-0.46003758907318115,0.0,0.0,nan,0.0,0.0,0.0,-0.419785978386789,0.1,0.0,1.0
1779977936.8970022,-1.2820223569869995,-0.46003758907318115,0.0,0.0,nan,0.0,0.0,0.0,-0.419785978386789,0.1,0.0,1.0
1779977936.9072773,-1.2820223569869995,-0.46003758907318115,0.0,0.0,nan,0.0,0.0,0.0,-0.419785978386789,0.1,0.0,1.0
1779977936.9178395,-1.2820223569869995,-0.46003758907318115,0.0,0.0,nan,0.0,0.0,0.0,-0.419785978386789,0.1,0.0,1.0
1779977936.927749,-1.2820223569869995,-0.46003758907318115,0.0,0.0,nan,0.0,0.0,0.0,-0.419785978386789,0.1,0.0,1.0
1779977936.9379907,-1.2820223569869995,-0.46003758907318115,0.0,0.0,nan,0.0,0.0,0.0,-0.419785978386789,0.1,0.0,1.0
1779977936.9482536,-1.2820223569869995,-0.46003758907318115,0.0,0.0,nan,0.0,0.0,0.0,-0.419785978386789,0.1,0.0,1.0
1779977936.9586213,-1.2820223569869995,-0.46003758907318115,0.0,0.0,nan,0.0,0.0,0.0,-0.419785978386789,0.1,0.0,1.0
1779977936.968666,-1.2820223569869995,-0.46003758907318115,0.0,0.0,nan,0.0,0.0,0.0,-0.419785978386789,0.1,0.0,1.0
1779977936.9791927,-1.2820223569869995,-0.46003758907318115,0.0,0.0,nan,0.0,0.0,0.0,-0.419785978386789,0.1,0.0,1.0
1779977936.9892461,-1.2820223569869995,-0.46003758907318115,0.0,0.0,nan,0.0,0.0,0.0,-0.419785978386789,0.1,0.0,1.0
1779977936.999965,-1.2820223569869995,-0.46003758907318115,0.0,0.0,nan,0.0,0.0,0.0,-0.419785978386789,0.1,0.0,1.0
1779977937.009988,-1.2820223569869995,-0.46003758907318115,0.0,0.0,nan,0.0,0.0,0.0,-0.419785978386789,0.1,0.0,1.0
1779977937.020917,-1.2820223569869995,-0.46003758907318115,0.0,0.0,nan,0.0,0.0,0.0,-0.419785978386789,0.1,0.0,1.0
1779977937.0302835,-1.2820223569869995,-0.46003758907318115,0.0,0.0,nan,0.0,0.0,0.0,-0.419785978386789,0.1,0.0,1.0
1779977937.0407262,-1.2820223569869995,-0.46003758907318115,0.0,0.0,nan,0.0,0.0,0.0,-0.419785978386789,0.1,0.0,1.0
1779977937.051153,-1.2820223569869995,-0.46003758907318115,0.0,0.0,nan,0.0,0.0,0.0,-0.419785978386789,0.1,0.0,1.0
1779977937.0618114,-1.2820223569869995,-0.46003758907318115,0.0,0.0,nan,0.0,0.0,0.0,-0.419785978386789,0.1,0.0,1.0
1779977937.0721471,-1.2820223569869995,-0.46003758907318115,0.0,0.0,nan,0.0,0.0,0.0,-0.419785978386789,0.1,0.0,1.0
1779977937.082434,-1.2820223569869995,-0.46003758907318115,0.0,0.0,nan,0.0,0.0,0.0,-0.419785978386789,0.1,0.0,1.0
1779977937.0930176,-1.2820223569869995,-0.46003758907318115,0.0,0.0,nan,0.0,0.0,0.0,-0.419785978386789,0.1,0.0,1.0
1779977937.1034698,-1.2820223569869995,-0.46003758907318115,0.0,0.0,nan,0.0,0.0,0.0,-0.419785978386789,0.1,0.0,1.0
1779977937.1141195,-1.2820223569869995,-0.46003758907318115,0.0,0.0,nan,0.0,0.0,0.0,-0.419785978386789,0.1,0.0,1.0
1779977937.1241393,-1.2820223569869995,-0.46003758907318115,0.0,0.0,nan,0.0,0.0,0.0,-0.419785978386789,0.1,0.0,1.0
1779977937.1344936,-1.2820223569869995,-0.46003758907318115,0.0,0.0,nan,0.0,0.0,0.0,-0.419785978386789,0.1,0.0,1.0
1779977937.1449172,-1.2820223569869995,-0.46003758907318115,0.0,0.0,nan,0.0,0.0,0.0,-0.419785978386789,0.1,0.0,1.0
1779977937.1554527,-1.2820223569869995,-0.46003758907318115,0.0,0.0,nan,0.0,0.0,0.0,-0.419785978386789,0.1,0.0,1.0
1779977937.1656952,-1.2820223569869995,-0.46003758907318115,0.0,0.0,nan,0.0,0.0,0.0,-0.419785978386789,0.1,0.0,1.0
1779977937.1760077,-1.2820223569869995,-0.46003758907318115,0.0,0.0,nan,0.0,0.0,0.0,-0.419785978386789,0.1,0.0,1.0
1779977937.1862488,-1.2820223569869995,-0.46003758907318115,0.0,0.0,nan,0.0,0.0,0.0,-0.419785978386789,0.1,0.0,1.0
1779977937.1966007,-1.2820223569869995,-0.46003758907318115,0.0,0.0,nan,0.0,0.0,0.0,-0.419785978386789,0.1,0.0,1.0
1779977937.2072933,-1.2820223569869995,-0.46003758907318115,0.0,0.0,nan,0.0,0.0,0.0,-0.419785978386789,0.1,0.0,1.0
1779977937.217288,-1.2820223569869995,-0.46003758907318115,0.0,0.0,nan,0.0,0.0,0.0,-0.419785978386789,0.1,0.0,1.0
1779977937.2277918,-1.2820223569869995,-0.46003758907318115,0.0,0.0,nan,0.0,0.0,0.0,-0.419785978386789,0.1,0.0,1.0
1779977937.2380948,-1.2820223569869995,-0.46003758907318115,0.0,0.0,nan,0.0,0.0,0.0,-0.419785978386789,0.1,0.0,1.0
1779977937.248294,-1.2820223569869995,-0.46003758907318115,0.0,0.0,nan,0.0,0.0,0.0,-0.419785978386789,0.1,0.0,1.0
1779977937.258298,-1.2820223569869995,-0.46003758907318115,0.0,0.0,nan,0.0,0.0,0.0,-0.419785978386789,0.1,0.0,1.0
1779977937.2684252,-1.2820223569869995,-0.46003758907318115,0.0,0.0,nan,0.0,0.0,0.0,-0.419785978386789,0.1,0.0,1.0
1779977937.2784758,-1.2820223569869995,-0.46003758907318115,0.0,0.0,nan,0.0,0.0,0.0,-0.419785978386789,0.1,0.0,1.0
1779977937.2889392,-1.2820223569869995,-0.46003758907318115,0.0,0.0,nan,0.0,0.0,0.0,-0.419785978386789,0.1,0.0,1.0
1779977937.2994516,-1.2820223569869995,-0.46003758907318115,0.0,0.0,nan,0.0,0.0,0.0,-0.419785978386789,0.1,0.0,1.0
1779977937.3100555,-1.2820223569869995,-0.46003758907318115,0.0,0.0,nan,0.0,0.0,0.0,-0.419785978386789,0.1,0.0,1.0
1779977937.3211184,-1.2820223569869995,-0.46003758907318115,0.0,0.0,nan,0.0,0.0,0.0,-0.419785978386789,0.1,0.0,1.0
1779977937.3308933,-1.2820223569869995,-0.46003758907318115,0.0,0.0,nan,0.0,0.0,0.0,-0.419785978386789,0.1,0.0,1.0
1779977937.3415694,-1.2820223569869995,-0.46003758907318115,0.0,0.0,nan,0.0,0.0,0.0,-0.419785978386789,0.1,0.0,1.0
1779977937.3514783,-1.2820223569869995,-0.46003758907318115,0.0,0.0,nan,0.0,0.0,0.0,-0.419785978386789,0.1,0.0,1.0
1779977937.3617744,-1.2820223569869995,-0.46003758907318115,0.0,0.0,nan,0.0,0.0,0.0,-0.419785978386789,0.1,0.0,1.0
1779977937.3719473,-1.2820223569869995,-0.46003758907318115,0.0,0.0,nan,0.0,0.0,0.0,-0.419785978386789,0.1,0.0,1.0
1779977937.3820457,-1.2820223569869995,-0.46003758907318115,0.0,0.0,nan,0.0,0.0,0.0,-0.419785978386789,0.1,0.0,1.0
1779977937.3921466,-1.2820223569869995,-0.46003758907318115,0.0,0.0,nan,0.0,0.0,0.0,-0.419785978386789,0.1,0.0,1.0
1779977937.4023242,-1.2820223569869995,-0.46003758907318115,0.0,0.0,nan,0.0,0.0,0.0,-0.419785978386789,0.1,0.0,1.0
1779977937.4130054,-1.2820223569869995,-0.46003758907318115,0.0,0.0,nan,0.0,0.0,0.0,-0.419785978386789,0.1,0.0,1.0
1779977937.4230907,-1.2820223569869995,-0.46003758907318115,0.0,0.0,nan,0.0,0.0,0.0,-0.419785978386789,0.1,0.0,1.0
1779977937.433834,-1.2820223569869995,-0.46003758907318115,0.0,0.0,nan,0.0,0.0,0.0,-0.419785978386789,0.1,0.0,1.0
1779977937.4443219,-1.2820223569869995,-0.46003758907318115,0.0,0.0,nan,0.0,0.0,0.0,-0.419785978386789,0.1,0.0,1.0
1779977937.4547508,-1.2820223569869995,-0.46003758907318115,0.0,0.0,nan,0.0,0.0,0.0,-0.419785978386789,0.1,0.0,1.0
1779977937.464945,-1.2820223569869995,-0.46003758907318115,0.0,0.0,nan,0.0,0.0,0.0,-0.419785978386789,0.1,0.0,1.0
1779977937.4751563,-1.2820223569869995,-0.46003758907318115,0.0,0.0,nan,0.0,0.0,0.0,-0.419785978386789,0.1,0.0,1.0
1779977937.4856248,-1.2820223569869995,-0.46003758907318115,0.0,0.0,nan,0.0,0.0,0.0,-0.419785978386789,0.1,0.0,1.0
1779977937.4963934,-1.2820223569869995,-0.46003758907318115,0.0,0.0,nan,0.0,0.0,0.0,-0.419785978386789,0.1,0.0,1.0
1779977937.5070817,-1.2820223569869995,-0.46003758907318115,0.0,0.0,nan,0.0,0.0,0.0,-0.419785978386789,0.1,0.0,1.0
1779977937.5175972,-1.2820223569869995,-0.46003758907318115,0.0,0.0,nan,0.0,0.0,0.0,-0.419785978386789,0.1,0.0,1.0
1779977937.528025,-1.2820223569869995,-0.46003758907318115,0.0,0.0,nan,0.0,0.0,0.0,-0.419785978386789,0.1,0.0,1.0
1779977937.5383987,-1.2820223569869995,-0.46003758907318115,0.0,0.0,nan,0.0,0.0,0.0,-0.419785978386789,0.1,0.0,1.0
1779977937.548964,-1.2820223569869995,-0.46003758907318115,0.0,0.0,nan,0.0,0.0,0.0,-0.419785978386789,0.1,0.0,1.0
1779977937.5595367,-1.2820223569869995,-0.46003758907318115,0.0,0.0,nan,0.0,0.0,0.0,-0.419785978386789,0.1,0.0,1.0
1779977937.5697694,-1.2820223569869995,-0.46003758907318115,0.0,0.0,nan,0.0,0.0,0.0,-0.419785978386789,0.1,0.0,1.0
1779977937.579715,-1.2820223569869995,-0.46003758907318115,0.0,0.0,nan,0.0,0.0,0.0,-0.419785978386789,0.1,0.0,1.0
1779977937.590002,-1.2820223569869995,-0.46003758907318115,0.0,0.0,nan,0.0,0.0,0.0,-0.419785978386789,0.1,0.0,1.0
1779977937.6005158,-1.2820223569869995,-0.46003758907318115,0.0,0.0,nan,0.0,0.0,0.0,-0.419785978386789,0.1,0.0,1.0
1779977937.6108174,-1.2820223569869995,-0.46003758907318115,0.0,0.0,nan,0.0,0.0,0.0,-0.419785978386789,0.1,0.0,1.0
1779977937.6211054,-1.2820223569869995,-0.46003758907318115,0.0,0.0,nan,0.0,0.0,0.0,-0.419785978386789,0.1,0.0,1.0
1779977937.6317008,-1.2820223569869995,-0.46003758907318115,0.0,0.0,nan,0.0,0.0,0.0,-0.419785978386789,0.1,0.0,1.0
1779977937.6422331,-1.2820223569869995,-0.46003758907318115,0.0,0.0,nan,0.0,0.0,0.0,-0.419785978386789,0.1,0.0,1.0
1779977937.6522782,-1.2820223569869995,-0.46003758907318115,0.0,0.0,nan,0.0,0.0,0.0,-0.419785978386789,0.1,0.0,1.0
1779977937.6628456,-1.2820223569869995,-0.46003758907318115,0.0,0.0,nan,0.0,0.0,0.0,-0.419785978386789,0.1,0.0,1.0
1779977937.6732986,-1.2820223569869995,-0.46003758907318115,0.0,0.0,nan,0.0,0.0,0.0,-0.419785978386789,0.1,0.0,1.0
1779977937.6835504,-1.2820223569869995,-0.46003758907318115,0.0,0.0,nan,0.0,0.0,0.0,-0.419785978386789,0.1,0.0,1.0
1779977937.6939788,-1.2820223569869995,-0.46003758907318115,0.0,0.0,nan,0.0,0.0,0.0,-0.419785978386789,0.1,0.0,1.0
1779977937.7042618,-1.2820223569869995,-0.46003758907318115,0.0,0.0,nan,0.0,0.0,0.0,-0.419785978386789,0.1,0.0,1.0
1779977937.7143345,-1.2820223569869995,-0.46003758907318115,0.0,0.0,nan,0.0,0.0,0.0,-0.419785978386789,0.1,0.0,1.0
1779977937.7246041,-1.2820223569869995,-0.46003758907318115,0.0,0.0,nan,0.0,0.0,0.0,-0.419785978386789,0.1,0.0,1.0
1779977937.734668,-1.2820223569869995,-0.46003758907318115,0.0,0.0,nan,0.0,0.0,0.0,-0.419785978386789,0.1,0.0,1.0
1779977937.7451162,-1.2820223569869995,-0.46003758907318115,0.0,0.0,nan,0.0,0.0,0.0,-0.419785978386789,0.1,0.0,1.0
1779977937.7554035,-1.2820223569869995,-0.46003758907318115,0.0,0.0,nan,0.0,0.0,0.0,-0.419785978386789,0.1,0.0,1.0
1779977937.765944,-1.2820223569869995,-0.46003758907318115,0.0,0.0,nan,0.0,0.0,0.0,-0.419785978386789,0.1,0.0,1.0
1779977937.7765222,-1.2820223569869995,-0.46003758907318115,0.0,0.0,nan,0.0,0.0,0.0,-0.419785978386789,0.1,0.0,1.0
1779977937.7866855,-1.2820223569869995,-0.46003758907318115,0.0,0.0,nan,0.0,0.0,0.0,-0.419785978386789,0.1,0.0,1.0
1779977937.7966573,-1.2820223569869995,-0.46003758907318115,0.0,0.0,nan,0.0,0.0,0.0,-0.419785978386789,0.1,0.0,1.0
1779977937.8071444,-1.2820223569869995,-0.46003758907318115,0.0,0.0,nan,0.0,0.0,0.0,-0.419785978386789,0.1,0.0,1.0
1779977937.817518,-1.2820223569869995,-0.46003758907318115,0.0,0.0,nan,0.0,0.0,0.0,-0.419785978386789,0.1,0.0,1.0
1779977937.827679,-1.2820223569869995,-0.46003758907318115,0.0,0.0,nan,0.0,0.0,0.0,-0.419785978386789,0.1,0.0,1.0
1779977937.8380387,-1.2820223569869995,-0.46003758907318115,0.0,0.0,nan,0.0,0.0,0.0,-0.419785978386789,0.1,0.0,1.0
1779977937.8481786,-1.2820223569869995,-0.46003758907318115,0.0,0.0,nan,0.0,0.0,0.0,-0.419785978386789,0.1,0.0,1.0
1779977937.8584325,-1.2820223569869995,-0.46003758907318115,0.0,0.0,nan,0.0,0.0,0.0,-0.419785978386789,0.1,0.0,1.0
1779977937.8686464,-1.2820223569869995,-0.46003758907318115,0.0,0.0,nan,0.0,0.0,0.0,-0.419785978386789,0.1,0.0,1.0
1779977937.8788602,-1.2820223569869995,-0.46003758907318115,0.0,0.0,nan,0.0,0.0,0.0,-0.419785978386789,0.1,0.0,1.0
1779977937.8893008,-1.2820223569869995,-0.46003758907318115,0.0,0.0,nan,0.0,0.0,0.0,-0.419785978386789,0.1,0.0,1.0
1779977937.899536,-1.2820223569869995,-0.46003758907318115,0.0,0.0,nan,0.0,0.0,0.0,-0.419785978386789,0.1,0.0,1.0
1779977937.9100351,-1.2820223569869995,-0.46003758907318115,0.0,0.0,nan,0.0,0.0,0.0,-0.419785978386789,0.1,0.0,1.0
1779977937.9223974,-1.2820223569869995,-0.46003758907318115,0.0,0.0,nan,0.0,0.0,0.0,-0.419785978386789,0.1,0.0,1.0
1779977937.932839,-1.2820223569869995,-0.46003758907318115,0.0,0.0,nan,0.0,0.0,0.0,-0.419785978386789,0.1,0.0,1.0
1779977937.9433398,-1.2820223569869995,-0.46003758907318115,0.0,0.0,nan,0.0,0.0,0.0,-0.419785978386789,0.1,0.0,1.0
1779977937.953878,-1.2820223569869995,-0.46003758907318115,0.0,0.0,nan,0.0,0.0,0.0,-0.419785978386789,0.1,0.0,1.0
1779977937.9634552,-1.2820223569869995,-0.46003758907318115,0.0,0.0,nan,0.0,0.0,0.0,-0.419785978386789,0.1,0.0,1.0
1779977937.9736938,-1.2820223569869995,-0.46003758907318115,0.0,0.0,nan,0.0,0.0,0.0,-0.419785978386789,0.1,0.0,1.0
1779977937.9841018,-1.2820223569869995,-0.46003758907318115,0.0,0.0,nan,0.0,0.0,0.0,-0.419785978386789,0.1,0.0,1.0
1779977937.994235,-1.2820223569869995,-0.46003758907318115,0.0,0.0,nan,0.0,0.0,0.0,-0.419785978386789,0.1,0.0,1.0
1779977938.005119,-1.2820223569869995,-0.46003758907318115,0.0,0.0,nan,0.0,0.0,0.0,-0.419785978386789,0.1,0.0,1.0
1779977938.014869,-1.2820223569869995,-0.46003758907318115,0.0,0.0,nan,0.0,0.0,0.0,-0.419785978386789,0.1,0.0,1.0
1779977938.0255313,-1.2820223569869995,-0.46003758907318115,0.0,0.0,nan,0.0,0.0,0.0,-0.419785978386789,0.1,0.0,1.0
1779977938.0359848,-1.2820223569869995,-0.46003758907318115,0.0,0.0,nan,0.0,0.0,0.0,-0.419785978386789,0.1,0.0,1.0
1779977938.0465133,-1.2820223569869995,-0.46003758907318115,0.0,0.0,nan,0.0,0.0,0.0,-0.419785978386789,0.1,0.0,1.0
1779977938.057052,-1.2820223569869995,-0.46003758907318115,0.0,0.0,nan,0.0,0.0,0.0,-0.419785978386789,0.1,0.0,1.0
1779977938.067294,-1.2820223569869995,-0.46003758907318115,0.0,0.0,nan,0.0,0.0,0.0,-0.419785978386789,0.1,0.0,1.0
1779977938.0779805,-1.2820223569869995,-0.46003758907318115,0.0,0.0,nan,0.0,0.0,0.0,-0.419785978386789,0.1,0.0,1.0
1779977938.0884027,-1.2820223569869995,-0.46003758907318115,0.0,0.0,nan,0.0,0.0,0.0,-0.419785978386789,0.1,0.0,1.0
1779977938.0985107,-1.2820223569869995,-0.46003758907318115,0.0,0.0,nan,0.0,0.0,0.0,-0.419785978386789,0.1,0.0,1.0
1779977938.1090608,-1.2820223569869995,-0.46003758907318115,0.0,0.0,nan,0.0,0.0,0.0,-0.419785978386789,0.1,0.0,1.0
1779977938.1197116,-1.2820223569869995,-0.46003758907318115,0.0,0.0,nan,0.0,0.0,0.0,-0.419785978386789,0.1,0.0,1.0
1779977938.1302197,-1.2820223569869995,-0.46003758907318115,0.0,0.0,nan,0.0,0.0,0.0,-0.419785978386789,0.1,0.0,1.0
1779977938.1403909,-1.2820223569869995,-0.46003758907318115,0.0,0.0,nan,0.0,0.0,0.0,-0.419785978386789,0.1,0.0,1.0
1779977938.1509233,-1.2820223569869995,-0.46003758907318115,0.0,0.0,nan,0.0,0.0,0.0,-0.419785978386789,0.1,0.0,1.0
1779977938.1615267,-1.2820223569869995,-0.46003758907318115,0.0,0.0,nan,0.0,0.0,0.0,-0.419785978386789,0.1,0.0,1.0
1779977938.171712,-1.2820223569869995,-0.46003758907318115,0.0,0.0,nan,0.0,0.0,0.0,-0.419785978386789,0.1,0.0,1.0
1779977938.1821659,-1.2820223569869995,-0.46003758907318115,0.0,0.0,nan,0.0,0.0,0.0,-0.419785978386789,0.1,0.0,1.0
1779977938.1922975,-1.2820223569869995,-0.46003758907318115,0.0,0.0,nan,0.0,0.0,0.0,-0.419785978386789,0.1,0.0,1.0
1779977938.2028263,-1.2820223569869995,-0.46003758907318115,0.0,0.0,nan,0.0,0.0,0.0,-0.419785978386789,0.1,0.0,1.0
1779977938.2132092,-1.2820223569869995,-0.46003758907318115,0.0,0.0,nan,0.0,0.0,0.0,-0.419785978386789,0.1,0.0,1.0
1779977938.2239692,-1.2820223569869995,-0.46003758907318115,0.0,0.0,nan,0.0,0.0,0.0,-0.419785978386789,0.1,0.0,1.0
1779977938.234398,-1.2820223569869995,-0.46003758907318115,0.0,0.0,nan,0.0,0.0,0.0,-0.419785978386789,0.1,0.0,1.0
1779977938.2449658,-1.2820223569869995,-0.46003758907318115,0.0,0.0,nan,0.0,0.0,0.0,-0.419785978386789,0.1,0.0,1.0
1779977938.2554028,-1.2820223569869995,-0.46003758907318115,0.0,0.0,nan,0.0,0.0,0.0,-0.419785978386789,0.1,0.0,1.0
1779977938.2658205,-1.2820223569869995,-0.46003758907318115,0.0,0.0,nan,0.0,0.0,0.0,-0.419785978386789,0.1,0.0,1.0
1779977938.2762055,-1.2820223569869995,-0.46003758907318115,0.0,0.0,nan,0.0,0.0,0.0,-0.419785978386789,0.1,0.0,1.0
1779977938.2869813,-1.2820223569869995,-0.46003758907318115,0.0,0.0,nan,0.0,0.0,0.0,-0.419785978386789,0.1,0.0,1.0
1779977938.2972057,-1.2820223569869995,-0.46003758907318115,0.0,0.0,nan,0.0,0.0,0.0,-0.419785978386789,0.1,0.0,1.0
1779977938.3074281,-1.2820223569869995,-0.46003758907318115,0.0,0.0,nan,0.0,0.0,0.0,-0.419785978386789,0.1,0.0,1.0
1779977938.3176565,-1.2820223569869995,-0.46003758907318115,0.0,0.0,nan,0.0,0.0,0.0,-0.419785978386789,0.1,0.0,1.0
1779977938.3276482,-1.2820223569869995,-0.46003758907318115,0.0,0.0,nan,0.0,0.0,0.0,-0.419785978386789,0.1,0.0,1.0
1779977938.33786,-1.2820223569869995,-0.46003758907318115,0.0,0.0,nan,0.0,0.0,0.0,-0.419785978386789,0.1,0.0,1.0
1779977938.3479383,-1.2820223569869995,-0.46003758907318115,0.0,0.0,nan,0.0,0.0,0.0,-0.419785978386789,0.1,0.0,1.0
1779977938.3582907,-1.2820223569869995,-0.46003758907318115,0.0,0.0,nan,0.0,0.0,0.0,-0.419785978386789,0.1,0.0,1.0
1779977938.3682053,-1.2820223569869995,-0.46003758907318115,0.0,0.0,nan,0.0,0.0,0.0,-0.419785978386789,0.1,0.0,1.0
1779977938.3784714,-1.2820223569869995,-0.46003758907318115,0.0,0.0,nan,0.0,0.0,0.0,-0.419785978386789,0.1,0.0,1.0
1779977938.3889315,-1.2820223569869995,-0.46003758907318115,0.0,0.0,nan,0.0,0.0,0.0,-0.419785978386789,0.1,0.0,1.0
1779977938.3992593,-1.2820223569869995,-0.46003758907318115,0.0,0.0,nan,0.0,0.0,0.0,-0.419785978386789,0.1,0.0,1.0
1779977938.409721,-1.2820223569869995,-0.46003758907318115,0.0,0.0,nan,0.0,0.0,0.0,-0.419785978386789,0.1,0.0,1.0
1779977938.4199529,-1.2820223569869995,-0.46003758907318115,0.0,0.0,nan,0.0,0.0,0.0,-0.419785978386789,0.1,0.0,1.0
1779977938.4304857,-1.2820223569869995,-0.46003758907318115,0.0,0.0,nan,0.0,0.0,0.0,-0.419785978386789,0.1,0.0,1.0
1779977938.4408028,-1.2820223569869995,-0.46003758907318115,0.0,0.0,nan,0.0,0.0,0.0,-0.419785978386789,0.1,0.0,1.0
1779977938.451287,-1.2820223569869995,-0.46003758907318115,0.0,0.0,nan,0.0,0.0,0.0,-0.419785978386789,0.1,0.0,1.0
1779977938.4613788,-1.2820223569869995,-0.46003758907318115,0.0,0.0,nan,0.0,0.0,0.0,-0.419785978386789,0.1,0.0,1.0
1779977938.4721336,-1.2820223569869995,-0.46003758907318115,0.0,0.0,nan,0.0,0.0,0.0,-0.419785978386789,0.1,0.0,1.0
1779977938.4826167,-1.2820223569869995,-0.46003758907318115,0.0,0.0,nan,0.0,0.0,0.0,-0.419785978386789,0.1,0.0,1.0
1779977938.493269,-1.2820223569869995,-0.46003758907318115,0.0,0.0,nan,0.0,0.0,0.0,-0.419785978386789,0.1,0.0,1.0
1779977938.5036798,-1.2820223569869995,-0.46003758907318115,0.0,0.0,nan,0.0,0.0,0.0,-0.419785978386789,0.1,0.0,1.0
1779977938.5144207,-1.2820223569869995,-0.46003758907318115,0.0,0.0,nan,0.0,0.0,0.0,-0.419785978386789,0.1,0.0,1.0
1779977938.5244431,-1.2820223569869995,-0.46003758907318115,0.0,0.0,nan,0.0,0.0,0.0,-0.419785978386789,0.1,0.0,1.0
1779977938.535251,-1.2820223569869995,-0.46003758907318115,0.0,0.0,nan,0.0,0.0,0.0,-0.419785978386789,0.1,0.0,1.0
1779977938.545511,-1.2820223569869995,-0.46003758907318115,0.0,0.0,nan,0.0,0.0,0.0,-0.419785978386789,0.1,0.0,1.0
1779977938.5560737,-1.2820223569869995,-0.46003758907318115,0.0,0.0,nan,0.0,0.0,0.0,-0.419785978386789,0.1,0.0,1.0
1779977938.566636,-1.2820223569869995,-0.46003758907318115,0.0,0.0,nan,0.0,0.0,0.0,-0.419785978386789,0.1,0.0,1.0
1779977938.5770714,-1.2820223569869995,-0.46003758907318115,0.0,0.0,nan,0.0,0.0,0.0,-0.419785978386789,0.1,0.0,1.0
1779977938.586821,-1.2820223569869995,-0.46003758907318115,0.0,0.0,nan,0.0,0.0,0.0,-0.419785978386789,0.1,0.0,1.0
1779977938.5972097,-1.2820223569869995,-0.46003758907318115,0.0,0.0,nan,0.0,0.0,0.0,-0.419785978386789,0.1,0.0,1.0
1779977938.6074824,-1.2820223569869995,-0.46003758907318115,0.0,0.0,nan,0.0,0.0,0.0,-0.419785978386789,0.1,0.0,1.0
1779977938.617425,-1.2820223569869995,-0.46003758907318115,0.0,0.0,nan,0.0,0.0,0.0,-0.419785978386789,0.1,0.0,1.0
1779977938.6278362,-1.2820223569869995,-0.46003758907318115,0.0,0.0,nan,0.0,0.0,0.0,-0.419785978386789,0.1,0.0,1.0
1779977938.638398,-1.2820223569869995,-0.46003758907318115,0.0,0.0,nan,0.0,0.0,0.0,-0.419785978386789,0.1,0.0,1.0
1779977938.6485138,-1.2820223569869995,-0.46003758907318115,0.0,0.0,nan,0.0,0.0,0.0,-0.419785978386789,0.1,0.0,1.0
1779977938.6587572,-1.2820223569869995,-0.46003758907318115,0.0,0.0,nan,0.0,0.0,0.0,-0.419785978386789,0.1,0.0,1.0
1779977938.6689296,-1.2820223569869995,-0.46003758907318115,0.0,0.0,nan,0.0,0.0,0.0,-0.419785978386789,0.1,0.0,1.0
1779977938.6795287,-1.2820223569869995,-0.46003758907318115,0.0,0.0,nan,0.0,0.0,0.0,-0.419785978386789,0.1,0.0,1.0
1779977938.6900215,-1.2820223569869995,-0.46003758907318115,0.0,0.0,nan,0.0,0.0,0.0,-0.419785978386789,0.1,0.0,1.0
1779977938.700667,-1.2820223569869995,-0.46003758907318115,0.0,0.0,nan,0.0,0.0,0.0,-0.419785978386789,0.1,0.0,1.0
1779977938.7106779,-1.2820223569869995,-0.46003758907318115,0.0,0.0,nan,0.0,0.0,0.0,-0.419785978386789,0.1,0.0,1.0
1779977938.7208862,-1.2820223569869995,-0.46003758907318115,0.0,0.0,nan,0.0,0.0,0.0,-0.419785978386789,0.1,0.0,1.0
1779977938.7311435,-1.2820223569869995,-0.46003758907318115,0.0,0.0,nan,0.0,0.0,0.0,-0.419785978386789,0.1,0.0,1.0
1779977938.741757,-1.2820223569869995,-0.46003758907318115,0.0,0.0,nan,0.0,0.0,0.0,-0.419785978386789,0.1,0.0,1.0
1779977938.7519925,-1.2820223569869995,-0.46003758907318115,0.0,0.0,nan,0.0,0.0,0.0,-0.419785978386789,0.1,0.0,1.0
1779977938.7623198,-1.2820223569869995,-0.46003758907318115,0.0,0.0,nan,0.0,0.0,0.0,-0.419785978386789,0.1,0.0,1.0
1779977938.7727866,-1.2820223569869995,-0.46003758907318115,0.0,0.0,nan,0.0,0.0,0.0,-0.419785978386789,0.1,0.0,1.0
1779977938.7828078,-1.2820223569869995,-0.46003758907318115,0.0,0.0,nan,0.0,0.0,0.0,-0.419785978386789,0.1,0.0,1.0
1779977938.7932258,-1.2820223569869995,-0.46003758907318115,0.0,0.0,nan,0.0,0.0,0.0,-0.419785978386789,0.1,0.0,1.0
1779977938.8038154,-1.2820223569869995,-0.46003758907318115,0.0,0.0,nan,0.0,0.0,0.0,-0.419785978386789,0.1,0.0,1.0
1779977938.8140092,-1.2820223569869995,-0.46003758907318115,0.0,0.0,nan,0.0,0.0,0.0,-0.419785978386789,0.1,0.0,1.0
1779977938.8242438,-1.2820223569869995,-0.46003758907318115,0.0,0.0,nan,0.0,0.0,0.0,-0.419785978386789,0.1,0.0,1.0
1779977938.8346734,-1.2820223569869995,-0.46003758907318115,0.0,0.0,nan,0.0,0.0,0.0,-0.419785978386789,0.1,0.0,1.0
1779977938.8452396,-1.2820223569869995,-0.46003758907318115,0.0,0.0,nan,0.0,0.0,0.0,-0.419785978386789,0.1,0.0,1.0
1779977938.8558922,-1.2820223569869995,-0.46003758907318115,0.0,0.0,nan,0.0,0.0,0.0,-0.419785978386789,0.1,0.0,1.0
1779977938.8663354,-1.2820223569869995,-0.46003758907318115,0.0,0.0,nan,0.0,0.0,0.0,-0.419785978386789,0.1,0.0,1.0
1779977938.8768327,-1.2820223569869995,-0.46003758907318115,0.0,0.0,nan,0.0,0.0,0.0,-0.419785978386789,0.1,0.0,1.0
1779977938.887229,-1.2820223569869995,-0.46003758907318115,0.0,0.0,nan,0.0,0.0,0.0,-0.419785978386789,0.1,0.0,1.0
1779977938.8975217,-1.2820223569869995,-0.46003758907318115,0.0,0.0,nan,0.0,0.0,0.0,-0.419785978386789,0.1,0.0,1.0
1779977938.9076703,-1.2820223569869995,-0.46003758907318115,0.0,0.0,nan,0.0,0.0,0.0,-0.419785978386789,0.1,0.0,1.0
1779977938.9179027,-1.2820223569869995,-0.46003758907318115,0.0,0.0,nan,0.0,0.0,0.0,-0.419785978386789,0.1,0.0,1.0
1779977938.927952,-1.2820223569869995,-0.46003758907318115,0.0,0.0,nan,0.0,0.0,0.0,-0.419785978386789,0.1,0.0,1.0
1779977938.9382339,-1.2820223569869995,-0.46003758907318115,0.0,0.0,nan,0.0,0.0,0.0,-0.419785978386789,0.1,0.0,1.0
1779977938.9484432,-1.2820223569869995,-0.46003758907318115,0.0,0.0,nan,0.0,0.0,0.0,-0.419785978386789,0.1,0.0,1.0
1779977938.9588652,-1.2820223569869995,-0.46003758907318115,0.0,0.0,nan,0.0,0.0,0.0,-0.419785978386789,0.1,0.0,1.0
1779977938.969015,-1.2820223569869995,-0.46003758907318115,0.0,0.0,nan,0.0,0.0,0.0,-0.419785978386789,0.1,0.0,1.0
1779977938.9790666,-1.2820223569869995,-0.46003758907318115,0.0,0.0,nan,0.0,0.0,0.0,-0.419785978386789,0.1,0.0,1.0
1779977938.9899333,-1.2820223569869995,-0.46003758907318115,0.0,0.0,nan,0.0,0.0,0.0,-0.419785978386789,0.1,0.0,1.0
1779977939.0003397,-1.2820223569869995,-0.46003758907318115,0.0,0.0,nan,0.0,0.0,0.0,-0.419785978386789,0.1,0.0,1.0
1779977939.0107455,-1.2820223569869995,-0.46003758907318115,0.0,0.0,nan,0.0,0.0,0.0,-0.419785978386789,0.1,0.0,1.0
1779977939.0210655,-1.2820223569869995,-0.46003758907318115,0.0,0.0,nan,0.0,0.0,0.0,-0.419785978386789,0.1,0.0,1.0
1779977939.0311863,-1.2820223569869995,-0.46003758907318115,0.0,0.0,nan,0.0,0.0,0.0,-0.419785978386789,0.1,0.0,1.0
1779977939.0418003,-1.2820223569869995,-0.46003758907318115,0.0,0.0,nan,0.0,0.0,0.0,-0.419785978386789,0.1,0.0,1.0
1779977939.0524101,-1.2820223569869995,-0.46003758907318115,0.0,0.0,nan,0.0,0.0,0.0,-0.419785978386789,0.1,0.0,1.0
1779977939.062759,-1.2820223569869995,-0.46003758907318115,0.0,0.0,nan,0.0,0.0,0.0,-0.419785978386789,0.1,0.0,1.0
1779977939.073273,-1.2820223569869995,-0.46003758907318115,0.0,0.0,nan,0.0,0.0,0.0,-0.419785978386789,0.1,0.0,1.0
1779977939.083411,-1.2820223569869995,-0.46003758907318115,0.0,0.0,nan,0.0,0.0,0.0,-0.419785978386789,0.1,0.0,1.0
1779977939.0935137,-1.2820223569869995,-0.46003758907318115,0.0,0.0,nan,0.0,0.0,0.0,-0.419785978386789,0.1,0.0,1.0
1779977939.1041028,-1.2820223569869995,-0.46003758907318115,0.0,0.0,nan,0.0,0.0,0.0,-0.419785978386789,0.1,0.0,1.0
1779977939.1146033,-1.2820223569869995,-0.46003758907318115,0.0,0.0,nan,0.0,0.0,0.0,-0.419785978386789,0.1,0.0,1.0
1779977939.1246095,-1.2820223569869995,-0.46003758907318115,0.0,0.0,nan,0.0,0.0,0.0,-0.419785978386789,0.1,0.0,1.0
1779977939.135003,-1.2820223569869995,-0.46003758907318115,0.0,0.0,nan,0.0,0.0,0.0,-0.419785978386789,0.1,0.0,1.0
1779977939.1453116,-1.2820223569869995,-0.46003758907318115,0.0,0.0,nan,0.0,0.0,0.0,-0.419785978386789,0.1,0.0,1.0
1779977939.155963,-1.2820223569869995,-0.46003758907318115,0.0,0.0,nan,0.0,0.0,0.0,-0.419785978386789,0.1,0.0,1.0
1779977939.1661534,-1.2820223569869995,-0.46003758907318115,0.0,0.0,nan,0.0,0.0,0.0,-0.419785978386789,0.1,0.0,1.0
1779977939.1765394,-1.2820223569869995,-0.46003758907318115,0.0,0.0,nan,0.0,0.0,0.0,-0.419785978386789,0.1,0.0,1.0
1779977939.187286,-1.2820223569869995,-0.46003758907318115,0.0,0.0,nan,0.0,0.0,0.0,-0.419785978386789,0.1,0.0,1.0
1779977939.1973064,-1.2820223569869995,-0.46003758907318115,0.0,0.0,nan,0.0,0.0,0.0,-0.419785978386789,0.1,0.0,1.0
1779977939.207396,-1.2820223569869995,-0.46003758907318115,0.0,0.0,nan,0.0,0.0,0.0,-0.419785978386789,0.1,0.0,1.0
1779977939.2177339,-1.2820223569869995,-0.46003758907318115,0.0,0.0,nan,0.0,0.0,0.0,-0.419785978386789,0.1,0.0,1.0
1779977939.2282224,-1.2820223569869995,-0.46003758907318115,0.0,0.0,nan,0.0,0.0,0.0,-0.419785978386789,0.1,0.0,1.0
1779977939.2383332,-1.2820223569869995,-0.46003758907318115,0.0,0.0,nan,0.0,0.0,0.0,-0.419785978386789,0.1,0.0,1.0
1779977939.2483804,-1.2820223569869995,-0.46003758907318115,0.0,0.0,nan,0.0,0.0,0.0,-0.419785978386789,0.1,0.0,1.0
1779977939.2588708,-1.2820223569869995,-0.46003758907318115,0.0,0.0,nan,0.0,0.0,0.0,-0.419785978386789,0.1,0.0,1.0
1779977939.2694173,-1.2820223569869995,-0.46003758907318115,0.0,0.0,nan,0.0,0.0,0.0,-0.419785978386789,0.1,0.0,1.0
1779977939.2794793,-1.2820223569869995,-0.46003758907318115,0.0,0.0,nan,0.0,0.0,0.0,-0.419785978386789,0.1,0.0,1.0
1779977939.2900586,-1.2820223569869995,-0.46003758907318115,0.0,0.0,nan,0.0,0.0,0.0,-0.419785978386789,0.1,0.0,1.0
1779977939.3005285,-1.2820223569869995,-0.46003758907318115,0.0,0.0,nan,0.0,0.0,0.0,-0.419785978386789,0.1,0.0,1.0
1779977939.3108625,-1.2820223569869995,-0.46003758907318115,0.0,0.0,nan,0.0,0.0,0.0,-0.419785978386789,0.1,0.0,1.0
1779977939.3210835,-1.2820223569869995,-0.46003758907318115,0.0,0.0,nan,0.0,0.0,0.0,-0.419785978386789,0.1,0.0,1.0
1779977939.3320096,-1.2820223569869995,-0.46003758907318115,0.0,0.0,nan,0.0,0.0,0.0,-0.419785978386789,0.1,0.0,1.0
1779977939.3429215,-1.2820223569869995,-0.46003758907318115,0.0,0.0,nan,0.0,0.0,0.0,-0.419785978386789,0.1,0.0,1.0
1779977939.353197,-1.2820223569869995,-0.46003758907318115,0.0,0.0,nan,0.0,0.0,0.0,-0.419785978386789,0.1,0.0,1.0
1779977939.3635998,-1.2820223569869995,-0.46003758907318115,0.0,0.0,nan,0.0,0.0,0.0,-0.419785978386789,0.1,0.0,1.0
1779977939.3738637,-1.2820223569869995,-0.46003758907318115,0.0,0.0,nan,0.0,0.0,0.0,-0.419785978386789,0.1,0.0,1.0
1779977939.384065,-1.2820223569869995,-0.46003758907318115,0.0,0.0,nan,0.0,0.0,0.0,-0.419785978386789,0.1,0.0,1.0
1779977939.3941648,-1.2820223569869995,-0.46003758907318115,0.0,0.0,nan,0.0,0.0,0.0,-0.419785978386789,0.1,0.0,1.0
1779977939.4047446,-1.2820223569869995,-0.46003758907318115,0.0,0.0,nan,0.0,0.0,0.0,-0.419785978386789,0.1,0.0,1.0
1779977939.4152894,-1.2820223569869995,-0.46003758907318115,0.0,0.0,nan,0.0,0.0,0.0,-0.419785978386789,0.1,0.0,1.0
1779977939.4252086,-1.2820223569869995,-0.46003758907318115,0.0,0.0,nan,0.0,0.0,0.0,-0.419785978386789,0.1,0.0,1.0
1779977939.4357295,-1.2820223569869995,-0.46003758907318115,0.0,0.0,nan,0.0,0.0,0.0,-0.419785978386789,0.1,0.0,1.0
1779977939.4461899,-1.2820223569869995,-0.46003758907318115,0.0,0.0,nan,0.0,0.0,0.0,-0.419785978386789,0.1,0.0,1.0
1779977939.456508,-1.2820223569869995,-0.46003758907318115,0.0,0.0,nan,0.0,0.0,0.0,-0.419785978386789,0.1,0.0,1.0
1779977939.4665172,-1.2820223569869995,-0.46003758907318115,0.0,0.0,nan,0.0,0.0,0.0,-0.419785978386789,0.1,0.0,1.0
1779977939.476434,-1.2820223569869995,-0.46003758907318115,0.0,0.0,nan,0.0,0.0,0.0,-0.419785978386789,0.1,0.0,1.0
1779977939.4868243,-1.2820223569869995,-0.46003758907318115,0.0,0.0,nan,0.0,0.0,0.0,-0.419785978386789,0.1,0.0,1.0
1779977939.4969482,-1.2820223569869995,-0.46003758907318115,0.0,0.0,nan,0.0,0.0,0.0,-0.419785978386789,0.1,0.0,1.0
1779977939.507146,-1.2820223569869995,-0.46003758907318115,0.0,0.0,nan,0.0,0.0,0.0,-0.419785978386789,0.1,0.0,1.0
1779977939.5174332,-1.2820223569869995,-0.46003758907318115,0.0,0.0,nan,0.0,0.0,0.0,-0.419785978386789,0.1,0.0,1.0
1779977939.5279918,-1.2820223569869995,-0.46003758907318115,0.0,0.0,nan,0.0,0.0,0.0,-0.419785978386789,0.1,0.0,1.0
1779977939.5383167,-1.2820223569869995,-0.46003758907318115,0.0,0.0,nan,0.0,0.0,0.0,-0.419785978386789,0.1,0.0,1.0
1779977939.5489385,-1.2820223569869995,-0.46003758907318115,0.0,0.0,nan,0.0,0.0,0.0,-0.419785978386789,0.1,0.0,1.0
1779977939.5590758,-1.2820223569869995,-0.46003758907318115,0.0,0.0,nan,0.0,0.0,0.0,-0.419785978386789,0.1,0.0,1.0
1779977939.5696564,-1.2820223569869995,-0.46003758907318115,0.0,0.0,nan,0.0,0.0,0.0,-0.419785978386789,0.1,0.0,1.0
1779977939.5799742,-1.2820223569869995,-0.46003758907318115,0.0,0.0,nan,0.0,0.0,0.0,-0.419785978386789,0.1,0.0,1.0
1779977939.590522,-1.2820223569869995,-0.46003758907318115,0.0,0.0,nan,0.0,0.0,0.0,-0.419785978386789,0.1,0.0,1.0
1779977939.6008618,-1.2820223569869995,-0.46003758907318115,0.0,0.0,nan,0.0,0.0,0.0,-0.419785978386789,0.1,0.0,1.0
1779977939.6114135,-1.2820223569869995,-0.46003758907318115,0.0,0.0,nan,0.0,0.0,0.0,-0.419785978386789,0.1,0.0,1.0
1779977939.622166,-1.2820223569869995,-0.46003758907318115,0.0,0.0,nan,0.0,0.0,0.0,-0.419785978386789,0.1,0.0,1.0
1779977939.632792,-1.2820223569869995,-0.46003758907318115,0.0,0.0,nan,0.0,0.0,0.0,-0.419785978386789,0.1,0.0,1.0
1779977939.642586,-1.2820223569869995,-0.46003758907318115,0.0,0.0,nan,0.0,0.0,0.0,-0.419785978386789,0.1,0.0,1.0
1779977939.6533248,-1.2820223569869995,-0.46003758907318115,0.0,0.0,nan,0.0,0.0,0.0,-0.419785978386789,0.1,0.0,1.0
1779977939.6635258,-1.2820223569869995,-0.46003758907318115,0.0,0.0,nan,0.0,0.0,0.0,-0.419785978386789,0.1,0.0,1.0
1779977939.6738281,-1.2820223569869995,-0.46003758907318115,0.0,0.0,nan,0.0,0.0,0.0,-0.419785978386789,0.1,0.0,1.0
1779977939.6838963,-1.2820223569869995,-0.46003758907318115,0.0,0.0,nan,0.0,0.0,0.0,-0.419785978386789,0.1,0.0,1.0
1779977939.6939611,-1.2820223569869995,-0.46003758907318115,0.0,0.0,nan,0.0,0.0,0.0,-0.419785978386789,0.1,0.0,1.0
1779977939.7043548,-1.2820223569869995,-0.46003758907318115,0.0,0.0,nan,0.0,0.0,0.0,-0.419785978386789,0.1,0.0,1.0
1779977939.7145975,-1.2820223569869995,-0.46003758907318115,0.0,0.0,nan,0.0,0.0,0.0,-0.419785978386789,0.1,0.0,1.0
1779977939.7251415,-1.2820223569869995,-0.46003758907318115,0.0,0.0,nan,0.0,0.0,0.0,-0.419785978386789,0.1,0.0,1.0
1779977939.7353647,-1.2820223569869995,-0.46003758907318115,0.0,0.0,nan,0.0,0.0,0.0,-0.419785978386789,0.1,0.0,1.0
1779977939.7454789,-1.2820223569869995,-0.46003758907318115,0.0,0.0,nan,0.0,0.0,0.0,-0.419785978386789,0.1,0.0,1.0
1779977939.756063,-1.2820223569869995,-0.46003758907318115,0.0,0.0,nan,0.0,0.0,0.0,-0.419785978386789,0.1,0.0,1.0
1779977939.7663224,-1.2820223569869995,-0.46003758907318115,0.0,0.0,nan,0.0,0.0,0.0,-0.419785978386789,0.1,0.0,1.0
1779977939.7768154,-1.2820223569869995,-0.46003758907318115,0.0,0.0,nan,0.0,0.0,0.0,-0.419785978386789,0.1,0.0,1.0
1779977939.7870793,-1.2820223569869995,-0.46003758907318115,0.0,0.0,nan,0.0,0.0,0.0,-0.419785978386789,0.1,0.0,1.0
1779977939.7972417,-1.2820223569869995,-0.46003758907318115,0.0,0.0,nan,0.0,0.0,0.0,-0.419785978386789,0.1,0.0,1.0
1779977939.8072429,-1.2820223569869995,-0.46003758907318115,0.0,0.0,nan,0.0,0.0,0.0,-0.419785978386789,0.1,0.0,1.0
1779977939.817659,-1.2820223569869995,-0.46003758907318115,0.0,0.0,nan,0.0,0.0,0.0,-0.419785978386789,0.1,0.0,1.0
1779977939.8280954,-1.2820223569869995,-0.46003758907318115,0.0,0.0,nan,0.0,0.0,0.0,-0.419785978386789,0.1,0.0,1.0
1779977939.8382978,-1.2820223569869995,-0.46003758907318115,0.0,0.0,nan,0.0,0.0,0.0,-0.419785978386789,0.1,0.0,1.0
1779977939.848892,-1.2820223569869995,-0.46003758907318115,0.0,0.0,nan,0.0,0.0,0.0,-0.419785978386789,0.1,0.0,1.0
1779977939.8593984,-1.2820223569869995,-0.46003758907318115,0.0,0.0,nan,0.0,0.0,0.0,-0.419785978386789,0.1,0.0,1.0
1779977939.8698783,-1.2820223569869995,-0.46003758907318115,0.0,0.0,nan,0.0,0.0,0.0,-0.419785978386789,0.1,0.0,1.0
1779977939.8802197,-1.2820223569869995,-0.46003758907318115,0.0,0.0,nan,0.0,0.0,0.0,-0.419785978386789,0.1,0.0,1.0
1779977939.8904967,-1.2820223569869995,-0.46003758907318115,0.0,0.0,nan,0.0,0.0,0.0,-0.419785978386789,0.1,0.0,1.0
1779977939.900575,-1.2820223569869995,-0.46003758907318115,0.0,0.0,nan,0.0,0.0,0.0,-0.419785978386789,0.1,0.0,1.0
1779977939.9107125,-1.2820223569869995,-0.46003758907318115,0.0,0.0,nan,0.0,0.0,0.0,-0.419785978386789,0.1,0.0,1.0
1779977939.9207895,-1.2820223569869995,-0.46003758907318115,0.0,0.0,nan,0.0,0.0,0.0,-0.419785978386789,0.1,0.0,1.0
1779977939.9309814,-1.2820223569869995,-0.46003758907318115,0.0,0.0,nan,0.0,0.0,0.0,-0.419785978386789,0.1,0.0,1.0
1779977939.9413652,-1.2820223569869995,-0.46003758907318115,0.0,0.0,nan,0.0,0.0,0.0,-0.419785978386789,0.1,0.0,1.0
1779977939.9519637,-1.2820223569869995,-0.46003758907318115,0.0,0.0,nan,0.0,0.0,0.0,-0.419785978386789,0.1,0.0,1.0
1779977939.9625688,-1.2820223569869995,-0.46003758907318115,0.0,0.0,nan,0.0,0.0,0.0,-0.419785978386789,0.1,0.0,1.0
1779977939.9727924,-1.2820223569869995,-0.46003758907318115,0.0,0.0,nan,0.0,0.0,0.0,-0.419785978386789,0.1,0.0,1.0
1779977939.9827578,-1.2820223569869995,-0.46003758907318115,0.0,0.0,nan,0.0,0.0,0.0,-0.419785978386789,0.1,0.0,1.0
1779977939.9929652,-1.2820223569869995,-0.46003758907318115,0.0,0.0,nan,0.0,0.0,0.0,-0.419785978386789,0.1,0.0,1.0
1779977940.0034761,-1.2820223569869995,-0.46003758907318115,0.0,0.0,nan,0.0,0.0,0.0,-0.419785978386789,0.1,0.0,1.0
1779977940.0137124,-1.2820223569869995,-0.46003758907318115,0.0,0.0,nan,0.0,0.0,0.0,-0.419785978386789,0.1,0.0,1.0
1779977940.0241914,-1.2820223569869995,-0.46003758907318115,0.0,0.0,nan,0.0,0.0,0.0,-0.419785978386789,0.1,0.0,1.0
1779977940.0344708,-1.2820223569869995,-0.46003758907318115,0.0,0.0,nan,0.0,0.0,0.0,-0.419785978386789,0.1,0.0,1.0
1779977940.0445883,-1.2820223569869995,-0.46003758907318115,0.0,0.0,nan,0.0,0.0,0.0,-0.419785978386789,0.1,0.0,1.0
1779977940.0552225,-1.2820223569869995,-0.46003758907318115,0.0,0.0,nan,0.0,0.0,0.0,-0.419785978386789,0.1,0.0,1.0
1779977940.0657814,-1.2820223569869995,-0.46003758907318115,0.0,0.0,nan,0.0,0.0,0.0,-0.419785978386789,0.1,0.0,1.0
1779977940.0763588,-1.2820223569869995,-0.46003758907318115,0.0,0.0,nan,0.0,0.0,0.0,-0.419785978386789,0.1,0.0,1.0
1779977940.0865889,-1.2820223569869995,-0.46003758907318115,0.0,0.0,nan,0.0,0.0,0.0,-0.419785978386789,0.1,0.0,1.0
1779977940.0970592,-1.2820223569869995,-0.46003758907318115,0.0,0.0,nan,0.0,0.0,0.0,-0.419785978386789,0.1,0.0,1.0
1779977940.1077328,-1.2820223569869995,-0.46003758907318115,0.0,0.0,nan,0.0,0.0,0.0,-0.419785978386789,0.1,0.0,1.0
1779977940.1178799,-1.2820223569869995,-0.46003758907318115,0.0,0.0,nan,0.0,0.0,0.0,-0.419785978386789,0.1,0.0,1.0
1779977940.128288,-1.2820223569869995,-0.46003758907318115,0.0,0.0,nan,0.0,0.0,0.0,-0.419785978386789,0.1,0.0,1.0
1779977940.1387641,-1.2820223569869995,-0.46003758907318115,0.0,0.0,nan,0.0,0.0,0.0,-0.419785978386789,0.1,0.0,1.0
1779977940.1486506,-1.2820223569869995,-0.46003758907318115,0.0,0.0,nan,0.0,0.0,0.0,-0.419785978386789,0.1,0.0,1.0
1779977940.159324,-1.2820223569869995,-0.46003758907318115,0.0,0.0,nan,0.0,0.0,0.0,-0.419785978386789,0.1,0.0,1.0
1779977940.1697068,-1.2820223569869995,-0.46003758907318115,0.0,0.0,nan,0.0,0.0,0.0,-0.419785978386789,0.1,0.0,1.0
1779977940.1800544,-1.2820223569869995,-0.46003758907318115,0.0,0.0,nan,0.0,0.0,0.0,-0.419785978386789,0.1,0.0,1.0
1779977940.1903176,-1.2820223569869995,-0.46003758907318115,0.0,0.0,nan,0.0,0.0,0.0,-0.419785978386789,0.1,0.0,1.0
1779977940.2007928,-1.2820223569869995,-0.46003758907318115,0.0,0.0,nan,0.0,0.0,0.0,-0.419785978386789,0.1,0.0,1.0
1779977940.2113228,-1.2820223569869995,-0.46003758907318115,0.0,0.0,nan,0.0,0.0,0.0,-0.419785978386789,0.1,0.0,1.0
1779977940.22148,-1.2820223569869995,-0.46003758907318115,0.0,0.0,nan,0.0,0.0,0.0,-0.419785978386789,0.1,0.0,1.0
1779977940.2320144,-1.2820223569869995,-0.46003758907318115,0.0,0.0,nan,0.0,0.0,0.0,-0.419785978386789,0.1,0.0,1.0
1779977940.2423434,-1.2820223569869995,-0.46003758907318115,0.0,0.0,nan,0.0,0.0,0.0,-0.419785978386789,0.1,0.0,1.0
1779977940.2524385,-1.2820223569869995,-0.46003758907318115,0.0,0.0,nan,0.0,0.0,0.0,-0.419785978386789,0.1,0.0,1.0
1779977940.2628906,-1.2820223569869995,-0.46003758907318115,0.0,0.0,nan,0.0,0.0,0.0,-0.419785978386789,0.1,0.0,1.0
1779977940.2733476,-1.2820223569869995,-0.46003758907318115,0.0,0.0,nan,0.0,0.0,0.0,-0.419785978386789,0.1,0.0,1.0
1779977940.2836363,-1.2820223569869995,-0.46003758907318115,0.0,0.0,nan,0.0,0.0,0.0,-0.419785978386789,0.1,0.0,1.0
1779977940.2944567,-1.2820223569869995,-0.46003758907318115,0.0,0.0,nan,0.0,0.0,0.0,-0.419785978386789,0.1,0.0,1.0
1779977940.3049943,-1.2820223569869995,-0.46003758907318115,0.0,0.0,nan,0.0,0.0,0.0,-0.419785978386789,0.1,0.0,1.0
1779977940.3151011,-1.2820223569869995,-0.46003758907318115,0.0,0.0,nan,0.0,0.0,0.0,-0.419785978386789,0.1,0.0,1.0
1779977940.325099,-1.2820223569869995,-0.46003758907318115,0.0,0.0,nan,0.0,0.0,0.0,-0.419785978386789,0.1,0.0,1.0
1779977940.3356946,-1.2820223569869995,-0.46003758907318115,0.0,0.0,nan,0.0,0.0,0.0,-0.419785978386789,0.1,0.0,1.0
1779977940.3457751,-1.2820223569869995,-0.46003758907318115,0.0,0.0,nan,0.0,0.0,0.0,-0.419785978386789,0.1,0.0,1.0
1779977940.3564324,-1.2820223569869995,-0.46003758907318115,0.0,0.0,nan,0.0,0.0,0.0,-0.419785978386789,0.1,0.0,1.0
1779977940.3668644,-1.2820223569869995,-0.46003758907318115,0.0,0.0,nan,0.0,0.0,0.0,-0.419785978386789,0.1,0.0,1.0
1779977940.3770466,-1.2820223569869995,-0.46003758907318115,0.0,0.0,nan,0.0,0.0,0.0,-0.419785978386789,0.1,0.0,1.0
1779977940.3876345,-1.2820223569869995,-0.46003758907318115,0.0,0.0,nan,0.0,0.0,0.0,-0.419785978386789,0.1,0.0,1.0
1779977940.3981848,-1.2820223569869995,-0.46003758907318115,0.0,0.0,nan,0.0,0.0,0.0,-0.419785978386789,0.1,0.0,1.0
1779977940.4087026,-1.2820223569869995,-0.46003758907318115,0.0,0.0,nan,0.0,0.0,0.0,-0.419785978386789,0.1,0.0,1.0
1779977940.4190824,-1.2820223569869995,-0.46003758907318115,0.0,0.0,nan,0.0,0.0,0.0,-0.419785978386789,0.1,0.0,1.0
1779977940.429454,-1.2820223569869995,-0.46003758907318115,0.0,0.0,nan,0.0,0.0,0.0,-0.419785978386789,0.1,0.0,1.0
1779977940.4394693,-1.2820223569869995,-0.46003758907318115,0.0,0.0,nan,0.0,0.0,0.0,-0.419785978386789,0.1,0.0,1.0
1779977940.4500315,-1.2820223569869995,-0.46003758907318115,0.0,0.0,nan,0.0,0.0,0.0,-0.419785978386789,0.1,0.0,1.0
1779977940.4605224,-1.2820223569869995,-0.46003758907318115,0.0,0.0,nan,0.0,0.0,0.0,-0.419785978386789,0.1,0.0,1.0
1779977940.4709833,-1.2820223569869995,-0.46003758907318115,0.0,0.0,nan,0.0,0.0,0.0,-0.419785978386789,0.1,0.0,1.0
1779977940.4810665,-1.2820223569869995,-0.46003758907318115,0.0,0.0,nan,0.0,0.0,0.0,-0.419785978386789,0.1,0.0,1.0
1779977940.4913301,-1.2820223569869995,-0.46003758907318115,0.0,0.0,nan,0.0,0.0,0.0,-0.419785978386789,0.1,0.0,1.0
1779977940.501508,-1.2820223569869995,-0.46003758907318115,0.0,0.0,nan,0.0,0.0,0.0,-0.419785978386789,0.1,0.0,1.0
1779977940.5115917,-1.2820223569869995,-0.46003758907318115,0.0,0.0,nan,0.0,0.0,0.0,-0.419785978386789,0.1,0.0,1.0
1779977940.5218854,-1.2820223569869995,-0.46003758907318115,0.0,0.0,nan,0.0,0.0,0.0,-0.419785978386789,0.1,0.0,1.0
1779977940.5321949,-1.2820223569869995,-0.46003758907318115,0.0,0.0,nan,0.0,0.0,0.0,-0.419785978386789,0.1,0.0,1.0
1779977940.542481,-1.2820223569869995,-0.46003758907318115,0.0,0.0,nan,0.0,0.0,0.0,-0.419785978386789,0.1,0.0,1.0
1779977940.5524971,-1.2820223569869995,-0.46003758907318115,0.0,0.0,nan,0.0,0.0,0.0,-0.419785978386789,0.1,0.0,1.0
1779977940.5628042,-1.2820223569869995,-0.46003758907318115,0.0,0.0,nan,0.0,0.0,0.0,-0.419785978386789,0.1,0.0,1.0
1779977940.5730326,-1.2820223569869995,-0.46003758907318115,0.0,0.0,nan,0.0,0.0,0.0,-0.419785978386789,0.1,0.0,1.0
1779977940.5835338,-1.2820223569869995,-0.46003758907318115,0.0,0.0,nan,0.0,0.0,0.0,-0.419785978386789,0.1,0.0,1.0
1779977940.5940504,-1.2820223569869995,-0.46003758907318115,0.0,0.0,nan,0.0,0.0,0.0,-0.419785978386789,0.1,0.0,1.0
1779977940.6045902,-1.2820223569869995,-0.46003758907318115,0.0,0.0,nan,0.0,0.0,0.0,-0.419785978386789,0.1,0.0,1.0
1779977940.614576,-1.2820223569869995,-0.46003758907318115,0.0,0.0,nan,0.0,0.0,0.0,-0.419785978386789,0.1,0.0,1.0
1779977940.6246998,-1.2820223569869995,-0.46003758907318115,0.0,0.0,nan,0.0,0.0,0.0,-0.419785978386789,0.1,0.0,1.0
1779977940.6348507,-1.2820223569869995,-0.46003758907318115,0.0,0.0,nan,0.0,0.0,0.0,-0.419785978386789,0.1,0.0,1.0
1779977940.6454947,-1.2820223569869995,-0.46003758907318115,0.0,0.0,nan,0.0,0.0,0.0,-0.419785978386789,0.1,0.0,1.0
1779977940.6560357,-1.2820223569869995,-0.46003758907318115,0.0,0.0,nan,0.0,0.0,0.0,-0.419785978386789,0.1,0.0,1.0
1779977940.6660674,-1.2820223569869995,-0.46003758907318115,0.0,0.0,nan,0.0,0.0,0.0,-0.419785978386789,0.1,0.0,1.0
1779977940.6762788,-1.2820223569869995,-0.46003758907318115,0.0,0.0,nan,0.0,0.0,0.0,-0.419785978386789,0.1,0.0,1.0
1779977940.6868656,-1.2820223569869995,-0.46003758907318115,0.0,0.0,nan,0.0,0.0,0.0,-0.419785978386789,0.1,0.0,1.0
1779977940.6973114,-1.2820223569869995,-0.46003758907318115,0.0,0.0,nan,0.0,0.0,0.0,-0.419785978386789,0.1,0.0,1.0
1779977940.7074175,-1.2820223569869995,-0.46003758907318115,0.0,0.0,nan,0.0,0.0,0.0,-0.419785978386789,0.1,0.0,1.0
1779977940.7174354,-1.2820223569869995,-0.46003758907318115,0.0,0.0,nan,0.0,0.0,0.0,-0.419785978386789,0.1,0.0,1.0
1779977940.7278597,-1.2820223569869995,-0.46003758907318115,0.0,0.0,nan,0.0,0.0,0.0,-0.419785978386789,0.1,0.0,1.0
1779977940.7387514,-1.2820223569869995,-0.46003758907318115,0.0,0.0,nan,0.0,0.0,0.0,-0.419785978386789,0.1,0.0,1.0
1779977940.7489533,-1.2820223569869995,-0.46003758907318115,0.0,0.0,nan,0.0,0.0,0.0,-0.419785978386789,0.1,0.0,1.0
1779977940.7591727,-1.2820223569869995,-0.46003758907318115,0.0,0.0,nan,0.0,0.0,0.0,-0.419785978386789,0.1,0.0,1.0
1779977940.7696152,-1.2820223569869995,-0.46003758907318115,0.0,0.0,nan,0.0,0.0,0.0,-0.419785978386789,0.1,0.0,1.0
1779977940.7801385,-1.2820223569869995,-0.46003758907318115,0.0,0.0,nan,0.0,0.0,0.0,-0.419785978386789,0.1,0.0,1.0
1779977940.790354,-1.2820223569869995,-0.46003758907318115,0.0,0.0,nan,0.0,0.0,0.0,-0.419785978386789,0.1,0.0,1.0
1779977940.8008265,-1.2820223569869995,-0.46003758907318115,0.0,0.0,nan,0.0,0.0,0.0,-0.419785978386789,0.1,0.0,1.0
1779977940.8113303,-1.2820223569869995,-0.46003758907318115,0.0,0.0,nan,0.0,0.0,0.0,-0.419785978386789,0.1,0.0,1.0
1779977940.821734,-1.2820223569869995,-0.46003758907318115,0.0,0.0,nan,0.0,0.0,0.0,-0.419785978386789,0.1,0.0,1.0
1779977940.8317842,-1.2820223569869995,-0.46003758907318115,0.0,0.0,nan,0.0,0.0,0.0,-0.419785978386789,0.1,0.0,1.0
1779977940.842255,-1.2820223569869995,-0.46003758907318115,0.0,0.0,nan,0.0,0.0,0.0,-0.419785978386789,0.1,0.0,1.0
1779977940.8526535,-1.2820223569869995,-0.46003758907318115,0.0,0.0,nan,0.0,0.0,0.0,-0.419785978386789,0.1,0.0,1.0
1779977940.8630998,-1.2820223569869995,-0.46003758907318115,0.0,0.0,nan,0.0,0.0,0.0,-0.419785978386789,0.1,0.0,1.0
1779977940.8732555,-1.2820223569869995,-0.46003758907318115,0.0,0.0,nan,0.0,0.0,0.0,-0.419785978386789,0.1,0.0,1.0
1779977940.8834352,-1.2820223569869995,-0.46003758907318115,0.0,0.0,nan,0.0,0.0,0.0,-0.419785978386789,0.1,0.0,1.0
1779977940.8936005,-1.2820223569869995,-0.46003758907318115,0.0,0.0,nan,0.0,0.0,0.0,-0.419785978386789,0.1,0.0,1.0
1779977940.904096,-1.2820223569869995,-0.46003758907318115,0.0,0.0,nan,0.0,0.0,0.0,-0.419785978386789,0.1,0.0,1.0
1779977940.9142966,-1.2820223569869995,-0.46003758907318115,0.0,0.0,nan,0.0,0.0,0.0,-0.419785978386789,0.1,0.0,1.0
1779977940.924735,-1.2820223569869995,-0.46003758907318115,0.0,0.0,nan,0.0,0.0,0.0,-0.419785978386789,0.1,0.0,1.0
1779977940.935242,-1.2820223569869995,-0.46003758907318115,0.0,0.0,nan,0.0,0.0,0.0,-0.419785978386789,0.1,0.0,1.0
1779977940.9458098,-1.2820223569869995,-0.46003758907318115,0.0,0.0,nan,0.0,0.0,0.0,-0.419785978386789,0.1,0.0,1.0
1779977940.956347,-1.2820223569869995,-0.46003758907318115,0.0,0.0,nan,0.0,0.0,0.0,-0.419785978386789,0.1,0.0,1.0
1779977940.967008,-1.2820223569869995,-0.46003758907318115,0.0,0.0,nan,0.0,0.0,0.0,-0.419785978386789,0.1,0.0,1.0
1779977940.9774644,-1.2820223569869995,-0.46003758907318115,0.0,0.0,nan,0.0,0.0,0.0,-0.419785978386789,0.1,0.0,1.0
1779977940.987838,-1.2820223569869995,-0.46003758907318115,0.0,0.0,nan,0.0,0.0,0.0,-0.419785978386789,0.1,0.0,1.0
1779977940.9979541,-1.2820223569869995,-0.46003758907318115,0.0,0.0,nan,0.0,0.0,0.0,-0.419785978386789,0.1,0.0,1.0
1779977941.0083108,-1.2820223569869995,-0.46003758907318115,0.0,0.0,nan,0.0,0.0,0.0,-0.419785978386789,0.1,0.0,1.0
1779977941.0185058,-1.2820223569869995,-0.46003758907318115,0.0,0.0,nan,0.0,0.0,0.0,-0.419785978386789,0.1,0.0,1.0
1779977941.029422,-1.2820223569869995,-0.46003758907318115,0.0,0.0,nan,0.0,0.0,0.0,-0.419785978386789,0.1,0.0,1.0
1779977941.0393395,-1.2820223569869995,-0.46003758907318115,0.0,0.0,nan,0.0,0.0,0.0,-0.419785978386789,0.1,0.0,1.0
1779977941.0498734,-1.2820223569869995,-0.46003758907318115,0.0,0.0,nan,0.0,0.0,0.0,-0.419785978386789,0.1,0.0,1.0
1779977941.0605137,-1.2820223569869995,-0.46003758907318115,0.0,0.0,nan,0.0,0.0,0.0,-0.419785978386789,0.1,0.0,1.0
1779977941.071293,-1.2820223569869995,-0.46003758907318115,0.0,0.0,nan,0.0,0.0,0.0,-0.419785978386789,0.1,0.0,1.0
1779977941.0815365,-1.2820223569869995,-0.46003758907318115,0.0,0.0,nan,0.0,0.0,0.0,-0.419785978386789,0.1,0.0,1.0
1779977941.0917175,-1.2820223569869995,-0.46003758907318115,0.0,0.0,nan,0.0,0.0,0.0,-0.419785978386789,0.1,0.0,1.0
1779977941.1020648,-1.2820223569869995,-0.46003758907318115,0.0,0.0,nan,0.0,0.0,0.0,-0.419785978386789,0.1,0.0,1.0
1779977941.112089,-1.2820223569869995,-0.46003758907318115,0.0,0.0,nan,0.0,0.0,0.0,-0.419785978386789,0.1,0.0,1.0
1779977941.1223724,-1.2820223569869995,-0.46003758907318115,0.0,0.0,nan,0.0,0.0,0.0,-0.419785978386789,0.1,0.0,1.0
1779977941.1327765,-1.2820223569869995,-0.46003758907318115,0.0,0.0,nan,0.0,0.0,0.0,-0.419785978386789,0.1,0.0,1.0
1779977941.1430283,-1.2820223569869995,-0.46003758907318115,0.0,0.0,nan,0.0,0.0,0.0,-0.419785978386789,0.1,0.0,1.0
1779977941.153621,-1.2820223569869995,-0.46003758907318115,0.0,0.0,nan,0.0,0.0,0.0,-0.419785978386789,0.1,0.0,1.0
1779977941.1636229,-1.2820223569869995,-0.46003758907318115,0.0,0.0,nan,0.0,0.0,0.0,-0.419785978386789,0.1,0.0,1.0
1779977941.1740794,-1.2820223569869995,-0.46003758907318115,0.0,0.0,nan,0.0,0.0,0.0,-0.419785978386789,0.1,0.0,1.0
1779977941.1848278,-1.2820223569869995,-0.46003758907318115,0.0,0.0,nan,0.0,0.0,0.0,-0.419785978386789,0.1,0.0,1.0
1779977941.1949785,-1.2820223569869995,-0.46003758907318115,0.0,0.0,nan,0.0,0.0,0.0,-0.419785978386789,0.1,0.0,1.0
1779977941.2056634,-1.2820223569869995,-0.46003758907318115,0.0,0.0,nan,0.0,0.0,0.0,-0.419785978386789,0.1,0.0,1.0
1779977941.215775,-1.2820223569869995,-0.46003758907318115,0.0,0.0,nan,0.0,0.0,0.0,-0.419785978386789,0.1,0.0,1.0
1779977941.2262242,-1.2820223569869995,-0.46003758907318115,0.0,0.0,nan,0.0,0.0,0.0,-0.419785978386789,0.1,0.0,1.0
1779977941.236327,-1.2820223569869995,-0.46003758907318115,0.0,0.0,nan,0.0,0.0,0.0,-0.419785978386789,0.1,0.0,1.0
1779977941.2467387,-1.2820223569869995,-0.46003758907318115,0.0,0.0,nan,0.0,0.0,0.0,-0.419785978386789,0.1,0.0,1.0
1779977941.2574067,-1.2820223569869995,-0.46003758907318115,0.0,0.0,nan,0.0,0.0,0.0,-0.419785978386789,0.1,0.0,1.0
1779977941.2673235,-1.2820223569869995,-0.46003758907318115,0.0,0.0,nan,0.0,0.0,0.0,-0.419785978386789,0.1,0.0,1.0
1779977941.277559,-1.2820223569869995,-0.46003758907318115,0.0,0.0,nan,0.0,0.0,0.0,-0.419785978386789,0.1,0.0,1.0
1779977941.2880957,-1.2820223569869995,-0.46003758907318115,0.0,0.0,nan,0.0,0.0,0.0,-0.419785978386789,0.1,0.0,1.0
1779977941.29834,-1.2820223569869995,-0.46003758907318115,0.0,0.0,nan,0.0,0.0,0.0,-0.419785978386789,0.1,0.0,1.0
1779977941.3088925,-1.2820223569869995,-0.46003758907318115,0.0,0.0,nan,0.0,0.0,0.0,-0.419785978386789,0.1,0.0,1.0
1779977941.3193955,-1.2820223569869995,-0.46003758907318115,0.0,0.0,nan,0.0,0.0,0.0,-0.419785978386789,0.1,0.0,1.0
1779977941.3299813,-1.2820223569869995,-0.46003758907318115,0.0,0.0,nan,0.0,0.0,0.0,-0.419785978386789,0.1,0.0,1.0
1779977941.3401906,-1.2820223569869995,-0.46003758907318115,0.0,0.0,nan,0.0,0.0,0.0,-0.419785978386789,0.1,0.0,1.0
1779977941.350332,-1.2820223569869995,-0.46003758907318115,0.0,0.0,nan,0.0,0.0,0.0,-0.419785978386789,0.1,0.0,1.0
1779977941.3607879,-1.2820223569869995,-0.46003758907318115,0.0,0.0,nan,0.0,0.0,0.0,-0.419785978386789,0.1,0.0,1.0
1779977941.3711658,-1.2820223569869995,-0.46003758907318115,0.0,0.0,nan,0.0,0.0,0.0,-0.419785978386789,0.1,0.0,1.0
1779977941.3817105,-1.2820223569869995,-0.46003758907318115,0.0,0.0,nan,0.0,0.0,0.0,-0.419785978386789,0.1,0.0,1.0
1779977941.3915184,-1.2820223569869995,-0.46003758907318115,0.0,0.0,nan,0.0,0.0,0.0,-0.419785978386789,0.1,0.0,1.0
1779977941.4019682,-1.2820223569869995,-0.46003758907318115,0.0,0.0,nan,0.0,0.0,0.0,-0.419785978386789,0.1,0.0,1.0
1779977941.4121394,-1.2820223569869995,-0.46003758907318115,0.0,0.0,nan,0.0,0.0,0.0,-0.419785978386789,0.1,0.0,1.0
1779977941.4228501,-1.2820223569869995,-0.46003758907318115,0.0,0.0,nan,0.0,0.0,0.0,-0.419785978386789,0.1,0.0,1.0
1779977941.4329112,-1.2820223569869995,-0.46003758907318115,0.0,0.0,nan,0.0,0.0,0.0,-0.419785978386789,0.1,0.0,1.0
1779977941.4433851,-1.2820223569869995,-0.46003758907318115,0.0,0.0,nan,0.0,0.0,0.0,-0.419785978386789,0.1,0.0,1.0
1779977941.4535437,-1.2820223569869995,-0.46003758907318115,0.0,0.0,nan,0.0,0.0,0.0,-0.419785978386789,0.1,0.0,1.0
1779977941.4639688,-1.2820223569869995,-0.46003758907318115,0.0,0.0,nan,0.0,0.0,0.0,-0.419785978386789,0.1,0.0,1.0
1779977941.474189,-1.2820223569869995,-0.46003758907318115,0.0,0.0,nan,0.0,0.0,0.0,-0.419785978386789,0.1,0.0,1.0
1779977941.484904,-1.2820223569869995,-0.46003758907318115,0.0,0.0,nan,0.0,0.0,0.0,-0.419785978386789,0.1,0.0,1.0
1779977941.4949937,-1.2820223569869995,-0.46003758907318115,0.0,0.0,nan,0.0,0.0,0.0,-0.419785978386789,0.1,0.0,1.0
1779977941.505309,-1.2820223569869995,-0.46003758907318115,0.0,0.0,nan,0.0,0.0,0.0,-0.419785978386789,0.1,0.0,1.0
1779977941.5156093,-1.2820223569869995,-0.46003758907318115,0.0,0.0,nan,0.0,0.0,0.0,-0.419785978386789,0.1,0.0,1.0
1779977941.5261736,-1.2820223569869995,-0.46003758907318115,0.0,0.0,nan,0.0,0.0,0.0,-0.419785978386789,0.1,0.0,1.0
1779977941.5367045,-1.2820223569869995,-0.46003758907318115,0.0,0.0,nan,0.0,0.0,0.0,-0.419785978386789,0.1,0.0,1.0
1779977941.5468822,-1.2820223569869995,-0.46003758907318115,0.0,0.0,nan,0.0,0.0,0.0,-0.419785978386789,0.1,0.0,1.0
1779977941.557079,-1.2820223569869995,-0.46003758907318115,0.0,0.0,nan,0.0,0.0,0.0,-0.419785978386789,0.1,0.0,1.0
1779977941.56721,-1.2820223569869995,-0.46003758907318115,0.0,0.0,nan,0.0,0.0,0.0,-0.419785978386789,0.1,0.0,1.0
1779977941.577755,-1.2820223569869995,-0.46003758907318115,0.0,0.0,nan,0.0,0.0,0.0,-0.419785978386789,0.1,0.0,1.0
1779977941.5881486,-1.2820223569869995,-0.46003758907318115,0.0,0.0,nan,0.0,0.0,0.0,-0.419785978386789,0.1,0.0,1.0
1779977941.5985746,-1.2820223569869995,-0.46003758907318115,0.0,0.0,nan,0.0,0.0,0.0,-0.419785978386789,0.1,0.0,1.0
1779977941.6091647,-1.2820223569869995,-0.46003758907318115,0.0,0.0,nan,0.0,0.0,0.0,-0.419785978386789,0.1,0.0,1.0
1779977941.619465,-1.2820223569869995,-0.46003758907318115,0.0,0.0,nan,0.0,0.0,0.0,-0.419785978386789,0.1,0.0,1.0
1779977941.629704,-1.2820223569869995,-0.46003758907318115,0.0,0.0,nan,0.0,0.0,0.0,-0.419785978386789,0.1,0.0,1.0
1779977941.6401067,-1.2820223569869995,-0.46003758907318115,0.0,0.0,nan,0.0,0.0,0.0,-0.419785978386789,0.1,0.0,1.0
1779977941.6502995,-1.2820223569869995,-0.46003758907318115,0.0,0.0,nan,0.0,0.0,0.0,-0.419785978386789,0.1,0.0,1.0
1779977941.6604946,-1.2820223569869995,-0.46003758907318115,0.0,0.0,nan,0.0,0.0,0.0,-0.419785978386789,0.1,0.0,1.0
1779977941.6707988,-1.2820223569869995,-0.46003758907318115,0.0,0.0,nan,0.0,0.0,0.0,-0.419785978386789,0.1,0.0,1.0
1779977941.6811574,-1.2820223569869995,-0.46003758907318115,0.0,0.0,nan,0.0,0.0,0.0,-0.419785978386789,0.1,0.0,1.0
1779977941.6914065,-1.2820223569869995,-0.46003758907318115,0.0,0.0,nan,0.0,0.0,0.0,-0.419785978386789,0.1,0.0,1.0
1779977941.7016559,-1.2820223569869995,-0.46003758907318115,0.0,0.0,nan,0.0,0.0,0.0,-0.419785978386789,0.1,0.0,1.0
1779977941.7116952,-1.2820223569869995,-0.46003758907318115,0.0,0.0,nan,0.0,0.0,0.0,-0.419785978386789,0.1,0.0,1.0
1779977941.722223,-1.2820223569869995,-0.46003758907318115,0.0,0.0,nan,0.0,0.0,0.0,-0.419785978386789,0.1,0.0,1.0
1779977941.7324197,-1.2820223569869995,-0.46003758907318115,0.0,0.0,nan,0.0,0.0,0.0,-0.419785978386789,0.1,0.0,1.0
1779977941.7427537,-1.2820223569869995,-0.46003758907318115,0.0,0.0,nan,0.0,0.0,0.0,-0.419785978386789,0.1,0.0,1.0
1779977941.7533123,-1.2820223569869995,-0.46003758907318115,0.0,0.0,nan,0.0,0.0,0.0,-0.419785978386789,0.1,0.0,1.0
1779977941.76361,-1.2820223569869995,-0.46003758907318115,0.0,0.0,nan,0.0,0.0,0.0,-0.419785978386789,0.1,0.0,1.0
1779977941.7741942,-1.2820223569869995,-0.46003758907318115,0.0,0.0,nan,0.0,0.0,0.0,-0.419785978386789,0.1,0.0,1.0
1779977941.7842205,-1.2820223569869995,-0.46003758907318115,0.0,0.0,nan,0.0,0.0,0.0,-0.419785978386789,0.1,0.0,1.0
1779977941.794802,-1.2820223569869995,-0.46003758907318115,0.0,0.0,nan,0.0,0.0,0.0,-0.419785978386789,0.1,0.0,1.0
1779977941.804725,-1.2820223569869995,-0.46003758907318115,0.0,0.0,nan,0.0,0.0,0.0,-0.419785978386789,0.1,0.0,1.0
1779977941.8153052,-1.2820223569869995,-0.46003758907318115,0.0,0.0,nan,0.0,0.0,0.0,-0.419785978386789,0.1,0.0,1.0
1779977941.8260543,-1.2820223569869995,-0.46003758907318115,0.0,0.0,nan,0.0,0.0,0.0,-0.419785978386789,0.1,0.0,1.0
1779977941.836417,-1.2820223569869995,-0.46003758907318115,0.0,0.0,nan,0.0,0.0,0.0,-0.419785978386789,0.1,0.0,1.0
1779977941.8465276,-1.2820223569869995,-0.46003758907318115,0.0,0.0,nan,0.0,0.0,0.0,-0.419785978386789,0.1,0.0,1.0
1779977941.8569927,-1.2820223569869995,-0.46003758907318115,0.0,0.0,nan,0.0,0.0,0.0,-0.419785978386789,0.1,0.0,1.0
1779977941.8676677,-1.2820223569869995,-0.46003758907318115,0.0,0.0,nan,0.0,0.0,0.0,-0.419785978386789,0.1,0.0,1.0
1779977941.8778043,-1.2820223569869995,-0.46003758907318115,0.0,0.0,nan,0.0,0.0,0.0,-0.419785978386789,0.1,0.0,1.0
1779977941.8880303,-1.2820223569869995,-0.46003758907318115,0.0,0.0,nan,0.0,0.0,0.0,-0.419785978386789,0.1,0.0,1.0
1779977941.8980832,-1.2820223569869995,-0.46003758907318115,0.0,0.0,nan,0.0,0.0,0.0,-0.419785978386789,0.1,0.0,1.0
1779977941.9082868,-1.2820223569869995,-0.46003758907318115,0.0,0.0,nan,0.0,0.0,0.0,-0.419785978386789,0.1,0.0,1.0
1779977941.9186718,-1.2820223569869995,-0.46003758907318115,0.0,0.0,nan,0.0,0.0,0.0,-0.419785978386789,0.1,0.0,1.0
1779977941.9288282,-1.2820223569869995,-0.46003758907318115,0.0,0.0,nan,0.0,0.0,0.0,-0.419785978386789,0.1,0.0,1.0
1779977941.9392529,-1.2820223569869995,-0.46003758907318115,0.0,0.0,nan,0.0,0.0,0.0,-0.419785978386789,0.1,0.0,1.0
1779977941.949816,-1.2820223569869995,-0.46003758907318115,0.0,0.0,nan,0.0,0.0,0.0,-0.419785978386789,0.1,0.0,1.0
1779977941.960422,-1.2820223569869995,-0.46003758907318115,0.0,0.0,nan,0.0,0.0,0.0,-0.419785978386789,0.1,0.0,1.0
1779977941.9707253,-1.2820223569869995,-0.46003758907318115,0.0,0.0,nan,0.0,0.0,0.0,-0.419785978386789,0.1,0.0,1.0
1779977941.980815,-1.2820223569869995,-0.46003758907318115,0.0,0.0,nan,0.0,0.0,0.0,-0.419785978386789,0.1,0.0,1.0
1779977941.9916947,-1.2820223569869995,-0.46003758907318115,0.0,0.0,nan,0.0,0.0,0.0,-0.419785978386789,0.1,0.0,1.0
1779977942.0021014,-1.2820223569869995,-0.46003758907318115,0.0,0.0,nan,0.0,0.0,0.0,-0.419785978386789,0.1,0.0,1.0
1779977942.012343,-1.2820223569869995,-0.46003758907318115,0.0,0.0,nan,0.0,0.0,0.0,-0.419785978386789,0.1,0.0,1.0
1779977942.0227132,-1.2820223569869995,-0.46003758907318115,0.0,0.0,nan,0.0,0.0,0.0,-0.419785978386789,0.1,0.0,1.0
1779977942.0330398,-1.2820223569869995,-0.46003758907318115,0.0,0.0,nan,0.0,0.0,0.0,-0.419785978386789,0.1,0.0,1.0
1779977942.0432909,-1.2820223569869995,-0.46003758907318115,0.0,0.0,nan,0.0,0.0,0.0,-0.419785978386789,0.1,0.0,1.0
1779977942.0535347,-1.2820223569869995,-0.46003758907318115,0.0,0.0,nan,0.0,0.0,0.0,-0.419785978386789,0.1,0.0,1.0
1779977942.0637658,-1.2820223569869995,-0.46003758907318115,0.0,0.0,nan,0.0,0.0,0.0,-0.419785978386789,0.1,0.0,1.0
1779977942.0739841,-1.2820223569869995,-0.46003758907318115,0.0,0.0,nan,0.0,0.0,0.0,-0.419785978386789,0.1,0.0,1.0
1779977942.0842814,-1.2820223569869995,-0.46003758907318115,0.0,0.0,nan,0.0,0.0,0.0,-0.419785978386789,0.1,0.0,1.0
1779977942.0946972,-1.2820223569869995,-0.46003758907318115,0.0,0.0,nan,0.0,0.0,0.0,-0.419785978386789,0.1,0.0,1.0
1779977942.1049767,-1.2820223569869995,-0.46003758907318115,0.0,0.0,nan,0.0,0.0,0.0,-0.419785978386789,0.1,0.0,1.0
1779977942.1152596,-1.2820223569869995,-0.46003758907318115,0.0,0.0,nan,0.0,0.0,0.0,-0.419785978386789,0.1,0.0,1.0
1779977942.125743,-1.2820223569869995,-0.46003758907318115,0.0,0.0,nan,0.0,0.0,0.0,-0.419785978386789,0.1,0.0,1.0
1779977942.1358514,-1.2820223569869995,-0.46003758907318115,0.0,0.0,nan,0.0,0.0,0.0,-0.419785978386789,0.1,0.0,1.0
1779977942.1464024,-1.2820223569869995,-0.46003758907318115,0.0,0.0,nan,0.0,0.0,0.0,-0.419785978386789,0.1,0.0,1.0
1779977942.156424,-1.2820223569869995,-0.46003758907318115,0.0,0.0,nan,0.0,0.0,0.0,-0.419785978386789,0.1,0.0,1.0
1779977942.1667871,-1.2820223569869995,-0.46003758907318115,0.0,0.0,nan,0.0,0.0,0.0,-0.419785978386789,0.1,0.0,1.0
1779977942.1768248,-1.2820223569869995,-0.46003758907318115,0.0,0.0,nan,0.0,0.0,0.0,-0.419785978386789,0.1,0.0,1.0
1779977942.1872094,-1.2820223569869995,-0.46003758907318115,0.0,0.0,nan,0.0,0.0,0.0,-0.419785978386789,0.1,0.0,1.0
1779977942.1974487,-1.2820223569869995,-0.46003758907318115,0.0,0.0,nan,0.0,0.0,0.0,-0.419785978386789,0.1,0.0,1.0
1779977942.207865,-1.2820223569869995,-0.46003758907318115,0.0,0.0,nan,0.0,0.0,0.0,-0.419785978386789,0.1,0.0,1.0
1779977942.2182071,-1.2820223569869995,-0.46003758907318115,0.0,0.0,nan,0.0,0.0,0.0,-0.419785978386789,0.1,0.0,1.0
1779977942.2284672,-1.2820223569869995,-0.46003758907318115,0.0,0.0,nan,0.0,0.0,0.0,-0.419785978386789,0.1,0.0,1.0
1779977942.2385209,-1.2820223569869995,-0.46003758907318115,0.0,0.0,nan,0.0,0.0,0.0,-0.419785978386789,0.1,0.0,1.0
1779977942.2489018,-1.2820223569869995,-0.46003758907318115,0.0,0.0,nan,0.0,0.0,0.0,-0.419785978386789,0.1,0.0,1.0
1779977942.2595134,-1.2820223569869995,-0.46003758907318115,0.0,0.0,nan,0.0,0.0,0.0,-0.419785978386789,0.1,0.0,1.0
1779977942.2695498,-1.2820223569869995,-0.46003758907318115,0.0,0.0,nan,0.0,0.0,0.0,-0.419785978386789,0.1,0.0,1.0
1779977942.2798264,-1.2820223569869995,-0.46003758907318115,0.0,0.0,nan,0.0,0.0,0.0,-0.419785978386789,0.1,0.0,1.0
1779977942.2900078,-1.2820223569869995,-0.46003758907318115,0.0,0.0,nan,0.0,0.0,0.0,-0.419785978386789,0.1,0.0,1.0
1779977942.300422,-1.2820223569869995,-0.46003758907318115,0.0,0.0,nan,0.0,0.0,0.0,-0.419785978386789,0.1,0.0,1.0
1779977942.310615,-1.2820223569869995,-0.46003758907318115,0.0,0.0,nan,0.0,0.0,0.0,-0.419785978386789,0.1,0.0,1.0
1779977942.3211503,-1.2820223569869995,-0.46003758907318115,0.0,0.0,nan,0.0,0.0,0.0,-0.419785978386789,0.1,0.0,1.0
1779977942.3315563,-1.2820223569869995,-0.46003758907318115,0.0,0.0,nan,0.0,0.0,0.0,-0.419785978386789,0.1,0.0,1.0
1779977942.342282,-1.2820223569869995,-0.46003758907318115,0.0,0.0,nan,0.0,0.0,0.0,-0.419785978386789,0.1,0.0,1.0
1779977942.352321,-1.2820223569869995,-0.46003758907318115,0.0,0.0,nan,0.0,0.0,0.0,-0.419785978386789,0.1,0.0,1.0
1779977942.362373,-1.2820223569869995,-0.46003758907318115,0.0,0.0,nan,0.0,0.0,0.0,-0.419785978386789,0.1,0.0,1.0
1779977942.3725061,-1.2820223569869995,-0.46003758907318115,0.0,0.0,nan,0.0,0.0,0.0,-0.419785978386789,0.1,0.0,1.0
1779977942.3826427,-1.2820223569869995,-0.46003758907318115,0.0,0.0,nan,0.0,0.0,0.0,-0.419785978386789,0.1,0.0,1.0
1779977942.3928425,-1.2820223569869995,-0.46003758907318115,0.0,0.0,nan,0.0,0.0,0.0,-0.419785978386789,0.1,0.0,1.0
1779977942.402955,-1.2820223569869995,-0.46003758907318115,0.0,0.0,nan,0.0,0.0,0.0,-0.419785978386789,0.1,0.0,1.0
1779977942.4134438,-1.2820223569869995,-0.46003758907318115,0.0,0.0,nan,0.0,0.0,0.0,-0.419785978386789,0.1,0.0,1.0
1779977942.423509,-1.2820223569869995,-0.46003758907318115,0.0,0.0,nan,0.0,0.0,0.0,-0.419785978386789,0.1,0.0,1.0
1779977942.4341588,-1.2820223569869995,-0.46003758907318115,0.0,0.0,nan,0.0,0.0,0.0,-0.419785978386789,0.1,0.0,1.0
1779977942.4446435,-1.2820223569869995,-0.46003758907318115,0.0,0.0,nan,0.0,0.0,0.0,-0.419785978386789,0.1,0.0,1.0
1779977942.455071,-1.2820223569869995,-0.46003758907318115,0.0,0.0,nan,0.0,0.0,0.0,-0.419785978386789,0.1,0.0,1.0
1779977942.4652615,-1.2820223569869995,-0.46003758907318115,0.0,0.0,nan,0.0,0.0,0.0,-0.419785978386789,0.1,0.0,1.0
1779977942.4759007,-1.2820223569869995,-0.46003758907318115,0.0,0.0,nan,0.0,0.0,0.0,-0.419785978386789,0.1,0.0,1.0
1779977942.4861624,-1.2820223569869995,-0.46003758907318115,0.0,0.0,nan,0.0,0.0,0.0,-0.419785978386789,0.1,0.0,1.0
1779977942.4962642,-1.2820223569869995,-0.46003758907318115,0.0,0.0,nan,0.0,0.0,0.0,-0.419785978386789,0.1,0.0,1.0
1779977942.5069318,-1.2820223569869995,-0.46003758907318115,0.0,0.0,nan,0.0,0.0,0.0,-0.419785978386789,0.1,0.0,1.0
1779977942.5172865,-1.2820223569869995,-0.46003758907318115,0.0,0.0,nan,0.0,0.0,0.0,-0.419785978386789,0.1,0.0,1.0
1779977942.5274014,-1.2820223569869995,-0.46003758907318115,0.0,0.0,nan,0.0,0.0,0.0,-0.419785978386789,0.1,0.0,1.0
1779977942.540137,-1.2820223569869995,-0.46003758907318115,0.0,0.0,nan,0.0,0.0,0.0,-0.419785978386789,0.1,0.0,1.0
1779977942.5503728,-1.2820223569869995,-0.46003758907318115,0.0,0.0,nan,0.0,0.0,0.0,-0.419785978386789,0.1,0.0,1.0
1779977942.560538,-1.2820223569869995,-0.46003758907318115,0.0,0.0,nan,0.0,0.0,0.0,-0.419785978386789,0.1,0.0,1.0
1779977942.5709934,-1.2820223569869995,-0.46003758907318115,0.0,0.0,nan,0.0,0.0,0.0,-0.419785978386789,0.1,0.0,1.0
1779977942.5810251,-1.2820223569869995,-0.46003758907318115,0.0,0.0,nan,0.0,0.0,0.0,-0.419785978386789,0.1,0.0,1.0
1779977942.591448,-1.2820223569869995,-0.46003758907318115,0.0,0.0,nan,0.0,0.0,0.0,-0.419785978386789,0.1,0.0,1.0
1779977942.601635,-1.2820223569869995,-0.46003758907318115,0.0,0.0,nan,0.0,0.0,0.0,-0.419785978386789,0.1,0.0,1.0
1779977942.6117194,-1.2820223569869995,-0.46003758907318115,0.0,0.0,nan,0.0,0.0,0.0,-0.419785978386789,0.1,0.0,1.0
1779977942.6220481,-1.2820223569869995,-0.46003758907318115,0.0,0.0,nan,0.0,0.0,0.0,-0.419785978386789,0.1,0.0,1.0
1779977942.6324582,-1.2820223569869995,-0.46003758907318115,0.0,0.0,nan,0.0,0.0,0.0,-0.419785978386789,0.1,0.0,1.0
1779977942.643233,-1.2820223569869995,-0.46003758907318115,0.0,0.0,nan,0.0,0.0,0.0,-0.419785978386789,0.1,0.0,1.0
1779977942.6533399,-1.2820223569869995,-0.46003758907318115,0.0,0.0,nan,0.0,0.0,0.0,-0.419785978386789,0.1,0.0,1.0
1779977942.663443,-1.2820223569869995,-0.46003758907318115,0.0,0.0,nan,0.0,0.0,0.0,-0.419785978386789,0.1,0.0,1.0
1779977942.6739733,-1.2820223569869995,-0.46003758907318115,0.0,0.0,nan,0.0,0.0,0.0,-0.419785978386789,0.1,0.0,1.0
1779977942.684077,-1.2820223569869995,-0.46003758907318115,0.0,0.0,nan,0.0,0.0,0.0,-0.419785978386789,0.1,0.0,1.0
1779977942.6944592,-1.2820223569869995,-0.46003758907318115,0.0,0.0,nan,0.0,0.0,0.0,-0.419785978386789,0.1,0.0,1.0
1779977942.7049031,-1.2820223569869995,-0.46003758907318115,0.0,0.0,nan,0.0,0.0,0.0,-0.419785978386789,0.1,0.0,1.0
1779977942.7150316,-1.2820223569869995,-0.46003758907318115,0.0,0.0,nan,0.0,0.0,0.0,-0.419785978386789,0.1,0.0,1.0
1779977942.7251573,-1.2820223569869995,-0.46003758907318115,0.0,0.0,nan,0.0,0.0,0.0,-0.419785978386789,0.1,0.0,1.0
1779977942.7353852,-1.2820223569869995,-0.46003758907318115,0.0,0.0,nan,0.0,0.0,0.0,-0.419785978386789,0.1,0.0,1.0
1779977942.7460208,-1.2820223569869995,-0.46003758907318115,0.0,0.0,nan,0.0,0.0,0.0,-0.419785978386789,0.1,0.0,1.0
1779977942.7564292,-1.2820223569869995,-0.46003758907318115,0.0,0.0,nan,0.0,0.0,0.0,-0.419785978386789,0.1,0.0,1.0
1779977942.7665792,-1.2820223569869995,-0.46003758907318115,0.0,0.0,nan,0.0,0.0,0.0,-0.419785978386789,0.1,0.0,1.0
1779977942.7765827,-1.2820223569869995,-0.46003758907318115,0.0,0.0,nan,0.0,0.0,0.0,-0.419785978386789,0.1,0.0,1.0
1779977942.7866445,-1.2820223569869995,-0.46003758907318115,0.0,0.0,nan,0.0,0.0,0.0,-0.419785978386789,0.1,0.0,1.0
1779977942.7972245,-1.2820223569869995,-0.46003758907318115,0.0,0.0,nan,0.0,0.0,0.0,-0.419785978386789,0.1,0.0,1.0
1779977942.8077483,-1.2820223569869995,-0.46003758907318115,0.0,0.0,nan,0.0,0.0,0.0,-0.419785978386789,0.1,0.0,1.0
1779977942.8182325,-1.2820223569869995,-0.46003758907318115,0.0,0.0,nan,0.0,0.0,0.0,-0.419785978386789,0.1,0.0,1.0
1779977942.8282888,-1.2820223569869995,-0.46003758907318115,0.0,0.0,nan,0.0,0.0,0.0,-0.419785978386789,0.1,0.0,1.0
1779977942.838382,-1.2820223569869995,-0.46003758907318115,0.0,0.0,nan,0.0,0.0,0.0,-0.419785978386789,0.1,0.0,1.0
1779977942.8488588,-1.2820223569869995,-0.46003758907318115,0.0,0.0,nan,0.0,0.0,0.0,-0.419785978386789,0.1,0.0,1.0
1779977942.8593988,-1.2820223569869995,-0.46003758907318115,0.0,0.0,nan,0.0,0.0,0.0,-0.419785978386789,0.1,0.0,1.0
1779977942.8699386,-1.2820223569869995,-0.46003758907318115,0.0,0.0,nan,0.0,0.0,0.0,-0.419785978386789,0.1,0.0,1.0
1779977942.8800445,-1.2820223569869995,-0.46003758907318115,0.0,0.0,nan,0.0,0.0,0.0,-0.419785978386789,0.1,0.0,1.0
1779977942.8902316,-1.2820223569869995,-0.46003758907318115,0.0,0.0,nan,0.0,0.0,0.0,-0.419785978386789,0.1,0.0,1.0
1779977942.900439,-1.2820223569869995,-0.46003758907318115,0.0,0.0,nan,0.0,0.0,0.0,-0.419785978386789,0.1,0.0,1.0
1779977942.9105418,-1.2820223569869995,-0.46003758907318115,0.0,0.0,nan,0.0,0.0,0.0,-0.419785978386789,0.1,0.0,1.0
1779977942.9206774,-1.2820223569869995,-0.46003758907318115,0.0,0.0,nan,0.0,0.0,0.0,-0.419785978386789,0.1,0.0,1.0
1779977942.931172,-1.2820223569869995,-0.46003758907318115,0.0,0.0,nan,0.0,0.0,0.0,-0.419785978386789,0.1,0.0,1.0
1779977942.9415634,-1.2820223569869995,-0.46003758907318115,0.0,0.0,nan,0.0,0.0,0.0,-0.419785978386789,0.1,0.0,1.0
1779977942.951633,-1.2820223569869995,-0.46003758907318115,0.0,0.0,nan,0.0,0.0,0.0,-0.419785978386789,0.1,0.0,1.0
1779977942.9621882,-1.2820223569869995,-0.46003758907318115,0.0,0.0,nan,0.0,0.0,0.0,-0.419785978386789,0.1,0.0,1.0
1779977942.9726496,-1.2820223569869995,-0.46003758907318115,0.0,0.0,nan,0.0,0.0,0.0,-0.419785978386789,0.1,0.0,1.0
1779977942.9827616,-1.2820223569869995,-0.46003758907318115,0.0,0.0,nan,0.0,0.0,0.0,-0.419785978386789,0.1,0.0,1.0
1779977942.9933872,-1.2820223569869995,-0.46003758907318115,0.0,0.0,nan,0.0,0.0,0.0,-0.419785978386789,0.1,0.0,1.0
1779977943.0036335,-1.2820223569869995,-0.46003758907318115,0.0,0.0,nan,0.0,0.0,0.0,-0.419785978386789,0.1,0.0,1.0
1779977943.0140538,-1.2820223569869995,-0.46003758907318115,0.0,0.0,nan,0.0,0.0,0.0,-0.419785978386789,0.1,0.0,1.0
1779977943.0246303,-1.2820223569869995,-0.46003758907318115,0.0,0.0,nan,0.0,0.0,0.0,-0.419785978386789,0.1,0.0,1.0
1779977943.0350099,-1.2820223569869995,-0.46003758907318115,0.0,0.0,nan,0.0,0.0,0.0,-0.419785978386789,0.1,0.0,1.0
1779977943.0452578,-1.2820223569869995,-0.46003758907318115,0.0,0.0,nan,0.0,0.0,0.0,-0.419785978386789,0.1,0.0,1.0
1779977943.0554307,-1.2820223569869995,-0.46003758907318115,0.0,0.0,nan,0.0,0.0,0.0,-0.419785978386789,0.1,0.0,1.0
1779977943.0656776,-1.2820223569869995,-0.46003758907318115,0.0,0.0,nan,0.0,0.0,0.0,-0.419785978386789,0.1,0.0,1.0
1779977943.0762665,-1.2820223569869995,-0.46003758907318115,0.0,0.0,nan,0.0,0.0,0.0,-0.419785978386789,0.1,0.0,1.0
1779977943.086219,-1.2820223569869995,-0.46003758907318115,0.0,0.0,nan,0.0,0.0,0.0,-0.419785978386789,0.1,0.0,1.0
1779977943.0965354,-1.2820223569869995,-0.46003758907318115,0.0,0.0,nan,0.0,0.0,0.0,-0.419785978386789,0.1,0.0,1.0
1779977943.106742,-1.2820223569869995,-0.46003758907318115,0.0,0.0,nan,0.0,0.0,0.0,-0.419785978386789,0.1,0.0,1.0
1779977943.1172137,-1.2820223569869995,-0.46003758907318115,0.0,0.0,nan,0.0,0.0,0.0,-0.419785978386789,0.1,0.0,1.0
1779977943.1272526,-1.2820223569869995,-0.46003758907318115,0.0,0.0,nan,0.0,0.0,0.0,-0.419785978386789,0.1,0.0,1.0
1779977943.137387,-1.2820223569869995,-0.46003758907318115,0.0,0.0,nan,0.0,0.0,0.0,-0.419785978386789,0.1,0.0,1.0
1779977943.1478918,-1.2820223569869995,-0.46003758907318115,0.0,0.0,nan,0.0,0.0,0.0,-0.419785978386789,0.1,0.0,1.0
1779977943.1584778,-1.2820223569869995,-0.46003758907318115,0.0,0.0,nan,0.0,0.0,0.0,-0.419785978386789,0.1,0.0,1.0
1779977943.1687922,-1.2820223569869995,-0.46003758907318115,0.0,0.0,nan,0.0,0.0,0.0,-0.419785978386789,0.1,0.0,1.0
1779977943.179243,-1.2820223569869995,-0.46003758907318115,0.0,0.0,nan,0.0,0.0,0.0,-0.419785978386789,0.1,0.0,1.0
1779977943.1894743,-1.2820223569869995,-0.46003758907318115,0.0,0.0,nan,0.0,0.0,0.0,-0.419785978386789,0.1,0.0,1.0
1779977943.1996703,-1.2820223569869995,-0.46003758907318115,0.0,0.0,nan,0.0,0.0,0.0,-0.419785978386789,0.1,0.0,1.0
1779977943.2097504,-1.2820223569869995,-0.46003758907318115,0.0,0.0,nan,0.0,0.0,0.0,-0.419785978386789,0.1,0.0,1.0
1779977943.2200165,-1.2820223569869995,-0.46003758907318115,0.0,0.0,nan,0.0,0.0,0.0,-0.419785978386789,0.1,0.0,1.0
1779977943.2306173,-1.2820223569869995,-0.46003758907318115,0.0,0.0,nan,0.0,0.0,0.0,-0.419785978386789,0.1,0.0,1.0
1779977943.2408502,-1.2820223569869995,-0.46003758907318115,0.0,0.0,nan,0.0,0.0,0.0,-0.419785978386789,0.1,0.0,1.0
1779977943.2511077,-1.2820223569869995,-0.46003758907318115,0.0,0.0,nan,0.0,0.0,0.0,-0.419785978386789,0.1,0.0,1.0
1779977943.2612572,-1.2820223569869995,-0.46003758907318115,0.0,0.0,nan,0.0,0.0,0.0,-0.419785978386789,0.1,0.0,1.0
1779977943.2711966,-1.2820223569869995,-0.46003758907318115,0.0,0.0,nan,0.0,0.0,0.0,-0.419785978386789,0.1,0.0,1.0
1779977943.2818675,-1.2820223569869995,-0.46003758907318115,0.0,0.0,nan,0.0,0.0,0.0,-0.419785978386789,0.1,0.0,1.0
1779977943.2919667,-1.2820223569869995,-0.46003758907318115,0.0,0.0,nan,0.0,0.0,0.0,-0.419785978386789,0.1,0.0,1.0
1779977943.3022647,-1.2820223569869995,-0.46003758907318115,0.0,0.0,nan,0.0,0.0,0.0,-0.419785978386789,0.1,0.0,1.0
1779977943.3125505,-1.2820223569869995,-0.46003758907318115,0.0,0.0,nan,0.0,0.0,0.0,-0.419785978386789,0.1,0.0,1.0
1779977943.3226798,-1.2820223569869995,-0.46003758907318115,0.0,0.0,nan,0.0,0.0,0.0,-0.419785978386789,0.1,0.0,1.0
1779977943.3328705,-1.2820223569869995,-0.46003758907318115,0.0,0.0,nan,0.0,0.0,0.0,-0.419785978386789,0.1,0.0,1.0
1779977943.3433886,-1.2820223569869995,-0.46003758907318115,0.0,0.0,nan,0.0,0.0,0.0,-0.419785978386789,0.1,0.0,1.0
1779977943.353848,-1.2820223569869995,-0.46003758907318115,0.0,0.0,nan,0.0,0.0,0.0,-0.419785978386789,0.1,0.0,1.0
1779977943.3644428,-1.2820223569869995,-0.46003758907318115,0.0,0.0,nan,0.0,0.0,0.0,-0.419785978386789,0.1,0.0,1.0
1779977943.374983,-1.2820223569869995,-0.46003758907318115,0.0,0.0,nan,0.0,0.0,0.0,-0.419785978386789,0.1,0.0,1.0
1779977943.3856485,-1.2820223569869995,-0.46003758907318115,0.0,0.0,nan,0.0,0.0,0.0,-0.419785978386789,0.1,0.0,1.0
1779977943.396166,-1.2820223569869995,-0.46003758907318115,0.0,0.0,nan,0.0,0.0,0.0,-0.419785978386789,0.1,0.0,1.0
1779977943.406403,-1.2820223569869995,-0.46003758907318115,0.0,0.0,nan,0.0,0.0,0.0,-0.419785978386789,0.1,0.0,1.0
1779977943.4163132,-1.2820223569869995,-0.46003758907318115,0.0,0.0,nan,0.0,0.0,0.0,-0.419785978386789,0.1,0.0,1.0
1779977943.426476,-1.2820223569869995,-0.46003758907318115,0.0,0.0,nan,0.0,0.0,0.0,-0.419785978386789,0.1,0.0,1.0
1779977943.4367268,-1.2820223569869995,-0.46003758907318115,0.0,0.0,nan,0.0,0.0,0.0,-0.419785978386789,0.1,0.0,1.0
1779977943.4471226,-1.2820223569869995,-0.46003758907318115,0.0,0.0,nan,0.0,0.0,0.0,-0.419785978386789,0.1,0.0,1.0
1779977943.4577732,-1.2820223569869995,-0.46003758907318115,0.0,0.0,nan,0.0,0.0,0.0,-0.419785978386789,0.1,0.0,1.0
1779977943.467813,-1.2820223569869995,-0.46003758907318115,0.0,0.0,nan,0.0,0.0,0.0,-0.419785978386789,0.1,0.0,1.0
1779977943.4781005,-1.2820223569869995,-0.46003758907318115,0.0,0.0,nan,0.0,0.0,0.0,-0.419785978386789,0.1,0.0,1.0
1779977943.488207,-1.2820223569869995,-0.46003758907318115,0.0,0.0,nan,0.0,0.0,0.0,-0.419785978386789,0.1,0.0,1.0
1779977943.498794,-1.2820223569869995,-0.46003758907318115,0.0,0.0,nan,0.0,0.0,0.0,-0.419785978386789,0.1,0.0,1.0
1779977943.5088124,-1.2820223569869995,-0.46003758907318115,0.0,0.0,nan,0.0,0.0,0.0,-0.419785978386789,0.1,0.0,1.0
1779977943.5194747,-1.2820223569869995,-0.46003758907318115,0.0,0.0,nan,0.0,0.0,0.0,-0.419785978386789,0.1,0.0,1.0
1779977943.5296943,-1.2820223569869995,-0.46003758907318115,0.0,0.0,nan,0.0,0.0,0.0,-0.419785978386789,0.1,0.0,1.0
1779977943.5401487,-1.2820223569869995,-0.46003758907318115,0.0,0.0,nan,0.0,0.0,0.0,-0.419785978386789,0.1,0.0,1.0
1779977943.5507903,-1.2820223569869995,-0.46003758907318115,0.0,0.0,nan,0.0,0.0,0.0,-0.419785978386789,0.1,0.0,1.0
1779977943.5612583,-1.2820223569869995,-0.46003758907318115,0.0,0.0,nan,0.0,0.0,0.0,-0.419785978386789,0.1,0.0,1.0
1779977943.571499,-1.2820223569869995,-0.46003758907318115,0.0,0.0,nan,0.0,0.0,0.0,-0.419785978386789,0.1,0.0,1.0
1779977943.582091,-1.2820223569869995,-0.46003758907318115,0.0,0.0,nan,0.0,0.0,0.0,-0.419785978386789,0.1,0.0,1.0
1779977943.5922437,-1.2820223569869995,-0.46003758907318115,0.0,0.0,nan,0.0,0.0,0.0,-0.419785978386789,0.1,0.0,1.0
1779977943.6026921,-1.2820223569869995,-0.46003758907318115,0.0,0.0,nan,0.0,0.0,0.0,-0.419785978386789,0.1,0.0,1.0
1779977943.6128004,-1.2820223569869995,-0.46003758907318115,0.0,0.0,nan,0.0,0.0,0.0,-0.419785978386789,0.1,0.0,1.0
1779977943.6231787,-1.2820223569869995,-0.46003758907318115,0.0,0.0,nan,0.0,0.0,0.0,-0.419785978386789,0.1,0.0,1.0
1779977943.633467,-1.2820223569869995,-0.46003758907318115,0.0,0.0,nan,0.0,0.0,0.0,-0.419785978386789,0.1,0.0,1.0
1779977943.6438725,-1.2820223569869995,-0.46003758907318115,0.0,0.0,nan,0.0,0.0,0.0,-0.419785978386789,0.1,0.0,1.0
1779977943.6543224,-1.2820223569869995,-0.46003758907318115,0.0,0.0,nan,0.0,0.0,0.0,-0.419785978386789,0.1,0.0,1.0
1779977943.6647847,-1.2820223569869995,-0.46003758907318115,0.0,0.0,nan,0.0,0.0,0.0,-0.419785978386789,0.1,0.0,1.0
1779977943.675157,-1.2820223569869995,-0.46003758907318115,0.0,0.0,nan,0.0,0.0,0.0,-0.419785978386789,0.1,0.0,1.0
1779977943.6856942,-1.2820223569869995,-0.46003758907318115,0.0,0.0,nan,0.0,0.0,0.0,-0.419785978386789,0.1,0.0,1.0
1779977943.6962485,-1.2820223569869995,-0.46003758907318115,0.0,0.0,nan,0.0,0.0,0.0,-0.419785978386789,0.1,0.0,1.0
1779977943.7067776,-1.2820223569869995,-0.46003758907318115,0.0,0.0,nan,0.0,0.0,0.0,-0.419785978386789,0.1,0.0,1.0
1779977943.7171981,-1.2820223569869995,-0.46003758907318115,0.0,0.0,nan,0.0,0.0,0.0,-0.419785978386789,0.1,0.0,1.0
1779977943.727574,-1.2820223569869995,-0.46003758907318115,0.0,0.0,nan,0.0,0.0,0.0,-0.419785978386789,0.1,0.0,1.0
1779977943.73797,-1.2820223569869995,-0.46003758907318115,0.0,0.0,nan,0.0,0.0,0.0,-0.419785978386789,0.1,0.0,1.0
1779977943.748296,-1.2820223569869995,-0.46003758907318115,0.0,0.0,nan,0.0,0.0,0.0,-0.419785978386789,0.1,0.0,1.0
1779977943.7583976,-1.2820223569869995,-0.46003758907318115,0.0,0.0,nan,0.0,0.0,0.0,-0.419785978386789,0.1,0.0,1.0
1779977943.7689493,-1.2820223569869995,-0.46003758907318115,0.0,0.0,nan,0.0,0.0,0.0,-0.419785978386789,0.1,0.0,1.0
1779977943.7789965,-1.2820223569869995,-0.46003758907318115,0.0,0.0,nan,0.0,0.0,0.0,-0.419785978386789,0.1,0.0,1.0
1779977943.7892375,-1.2820223569869995,-0.46003758907318115,0.0,0.0,nan,0.0,0.0,0.0,-0.419785978386789,0.1,0.0,1.0
1779977943.7994137,-1.2820223569869995,-0.46003758907318115,0.0,0.0,nan,0.0,0.0,0.0,-0.419785978386789,0.1,0.0,1.0
1779977943.8096323,-1.2820223569869995,-0.46003758907318115,0.0,0.0,nan,0.0,0.0,0.0,-0.419785978386789,0.1,0.0,1.0
1779977943.819767,-1.2820223569869995,-0.46003758907318115,0.0,0.0,nan,0.0,0.0,0.0,-0.419785978386789,0.1,0.0,1.0
1779977943.8303394,-1.2820223569869995,-0.46003758907318115,0.0,0.0,nan,0.0,0.0,0.0,-0.419785978386789,0.1,0.0,1.0
1779977943.8409317,-1.2820223569869995,-0.46003758907318115,0.0,0.0,nan,0.0,0.0,0.0,-0.419785978386789,0.1,0.0,1.0
1779977943.851096,-1.2820223569869995,-0.46003758907318115,0.0,0.0,nan,0.0,0.0,0.0,-0.419785978386789,0.1,0.0,1.0
1779977943.8612802,-1.2820223569869995,-0.46003758907318115,0.0,0.0,nan,0.0,0.0,0.0,-0.419785978386789,0.1,0.0,1.0
1779977943.871517,-1.2820223569869995,-0.46003758907318115,0.0,0.0,nan,0.0,0.0,0.0,-0.419785978386789,0.1,0.0,1.0
1779977943.881788,-1.2820223569869995,-0.46003758907318115,0.0,0.0,nan,0.0,0.0,0.0,-0.419785978386789,0.1,0.0,1.0
1779977943.8921282,-1.2820223569869995,-0.46003758907318115,0.0,0.0,nan,0.0,0.0,0.0,-0.419785978386789,0.1,0.0,1.0
1779977943.9021049,-1.2820223569869995,-0.46003758907318115,0.0,0.0,nan,0.0,0.0,0.0,-0.419785978386789,0.1,0.0,1.0
1779977943.9126983,-1.2820223569869995,-0.46003758907318115,0.0,0.0,nan,0.0,0.0,0.0,-0.419785978386789,0.1,0.0,1.0
1779977943.9227192,-1.2820223569869995,-0.46003758907318115,0.0,0.0,nan,0.0,0.0,0.0,-0.419785978386789,0.1,0.0,1.0
1779977943.9336295,-1.2820223569869995,-0.46003758907318115,0.0,0.0,nan,0.0,0.0,0.0,-0.419785978386789,0.1,0.0,1.0
1779977943.9439197,-1.2820223569869995,-0.46003758907318115,0.0,0.0,nan,0.0,0.0,0.0,-0.419785978386789,0.1,0.0,1.0
1779977943.953997,-1.2820223569869995,-0.46003758907318115,0.0,0.0,nan,0.0,0.0,0.0,-0.419785978386789,0.1,0.0,1.0
1779977943.9641893,-1.2820223569869995,-0.46003758907318115,0.0,0.0,nan,0.0,0.0,0.0,-0.419785978386789,0.1,0.0,1.0
1779977943.9744897,-1.2820223569869995,-0.46003758907318115,0.0,0.0,nan,0.0,0.0,0.0,-0.419785978386789,0.1,0.0,1.0
1779977943.984618,-1.2820223569869995,-0.46003758907318115,0.0,0.0,nan,0.0,0.0,0.0,-0.419785978386789,0.1,0.0,1.0
1779977943.9951165,-1.2820223569869995,-0.46003758907318115,0.0,0.0,nan,0.0,0.0,0.0,-0.419785978386789,0.1,0.0,1.0
1779977944.0052102,-1.2820223569869995,-0.46003758907318115,0.0,0.0,nan,0.0,0.0,0.0,-0.419785978386789,0.1,0.0,1.0
1779977944.0158098,-1.2820223569869995,-0.46003758907318115,0.0,0.0,nan,0.0,0.0,0.0,-0.419785978386789,0.1,0.0,1.0
1779977944.0260055,-1.2820223569869995,-0.46003758907318115,0.0,0.0,nan,0.0,0.0,0.0,-0.419785978386789,0.1,0.0,1.0
1779977944.0368297,-1.2820223569869995,-0.46003758907318115,0.0,0.0,nan,0.0,0.0,0.0,-0.419785978386789,0.1,0.0,1.0
1779977944.0473416,-1.2820223569869995,-0.46003758907318115,0.0,0.0,nan,0.0,0.0,0.0,-0.419785978386789,0.1,0.0,1.0
1779977944.057618,-1.2820223569869995,-0.46003758907318115,0.0,0.0,nan,0.0,0.0,0.0,-0.419785978386789,0.1,0.0,1.0
1779977944.068164,-1.2820223569869995,-0.46003758907318115,0.0,0.0,nan,0.0,0.0,0.0,-0.419785978386789,0.1,0.0,1.0
1779977944.0787363,-1.2820223569869995,-0.46003758907318115,0.0,0.0,nan,0.0,0.0,0.0,-0.419785978386789,0.1,0.0,1.0
1779977944.0888836,-1.2820223569869995,-0.46003758907318115,0.0,0.0,nan,0.0,0.0,0.0,-0.419785978386789,0.1,0.0,1.0
1779977944.099055,-1.2820223569869995,-0.46003758907318115,0.0,0.0,nan,0.0,0.0,0.0,-0.419785978386789,0.1,0.0,1.0
1779977944.1094239,-1.2820223569869995,-0.46003758907318115,0.0,0.0,nan,0.0,0.0,0.0,-0.419785978386789,0.1,0.0,1.0
1779977944.119679,-1.2820223569869995,-0.46003758907318115,0.0,0.0,nan,0.0,0.0,0.0,-0.419785978386789,0.1,0.0,1.0
1779977944.1298654,-1.2820223569869995,-0.46003758907318115,0.0,0.0,nan,0.0,0.0,0.0,-0.419785978386789,0.1,0.0,1.0
1779977944.1401753,-1.2820223569869995,-0.46003758907318115,0.0,0.0,nan,0.0,0.0,0.0,-0.419785978386789,0.1,0.0,1.0
1779977944.1507015,-1.2820223569869995,-0.46003758907318115,0.0,0.0,nan,0.0,0.0,0.0,-0.419785978386789,0.1,0.0,1.0
1779977944.1609733,-1.2820223569869995,-0.46003758907318115,0.0,0.0,nan,0.0,0.0,0.0,-0.419785978386789,0.1,0.0,1.0
1779977944.1714149,-1.2820223569869995,-0.46003758907318115,0.0,0.0,nan,0.0,0.0,0.0,-0.419785978386789,0.1,0.0,1.0
1779977944.1824682,-1.2820223569869995,-0.46003758907318115,0.0,0.0,nan,0.0,0.0,0.0,-0.419785978386789,0.1,0.0,1.0
1779977944.1924942,-1.2820223569869995,-0.46003758907318115,0.0,0.0,nan,0.0,0.0,0.0,-0.419785978386789,0.1,0.0,1.0
1779977944.202639,-1.2820223569869995,-0.46003758907318115,0.0,0.0,nan,0.0,0.0,0.0,-0.419785978386789,0.1,0.0,1.0
1779977944.2129605,-1.2820223569869995,-0.46003758907318115,0.0,0.0,nan,0.0,0.0,0.0,-0.419785978386789,0.1,0.0,1.0
1779977944.2234185,-1.2820223569869995,-0.46003758907318115,0.0,0.0,nan,0.0,0.0,0.0,-0.419785978386789,0.1,0.0,1.0
1779977944.2335858,-1.2820223569869995,-0.46003758907318115,0.0,0.0,nan,0.0,0.0,0.0,-0.419785978386789,0.1,0.0,1.0
1779977944.2448704,-1.2820223569869995,-0.46003758907318115,0.0,0.0,nan,0.0,0.0,0.0,-0.419785978386789,0.1,0.0,1.0
1779977944.2541912,-1.2820223569869995,-0.46003758907318115,0.0,0.0,nan,0.0,0.0,0.0,-0.419785978386789,0.1,0.0,1.0
1779977944.264718,-1.2820223569869995,-0.46003758907318115,0.0,0.0,nan,0.0,0.0,0.0,-0.419785978386789,0.1,0.0,1.0
1779977944.27525,-1.2820223569869995,-0.46003758907318115,0.0,0.0,nan,0.0,0.0,0.0,-0.419785978386789,0.1,0.0,1.0
1779977944.2856033,-1.2820223569869995,-0.46003758907318115,0.0,0.0,nan,0.0,0.0,0.0,-0.419785978386789,0.1,0.0,1.0
1779977944.2959733,-1.2820223569869995,-0.46003758907318115,0.0,0.0,nan,0.0,0.0,0.0,-0.419785978386789,0.1,0.0,1.0
1779977944.3066416,-1.2820223569869995,-0.46003758907318115,0.0,0.0,nan,0.0,0.0,0.0,-0.419785978386789,0.1,0.0,1.0
1779977944.3170092,-1.2820223569869995,-0.46003758907318115,0.0,0.0,nan,0.0,0.0,0.0,-0.419785978386789,0.1,0.0,1.0
1779977944.3274493,-1.2820223569869995,-0.46003758907318115,0.0,0.0,nan,0.0,0.0,0.0,-0.419785978386789,0.1,0.0,1.0
1779977944.337604,-1.2820223569869995,-0.46003758907318115,0.0,0.0,nan,0.0,0.0,0.0,-0.419785978386789,0.1,0.0,1.0
1779977944.3476706,-1.2820223569869995,-0.46003758907318115,0.0,0.0,nan,0.0,0.0,0.0,-0.419785978386789,0.1,0.0,1.0
1779977944.357738,-1.2820223569869995,-0.46003758907318115,0.0,0.0,nan,0.0,0.0,0.0,-0.419785978386789,0.1,0.0,1.0
1779977944.3679414,-1.2820223569869995,-0.46003758907318115,0.0,0.0,nan,0.0,0.0,0.0,-0.419785978386789,0.1,0.0,1.0
1779977944.3783395,-1.2820223569869995,-0.46003758907318115,0.0,0.0,nan,0.0,0.0,0.0,-0.419785978386789,0.1,0.0,1.0
1779977944.3890522,-1.2820223569869995,-0.46003758907318115,0.0,0.0,nan,0.0,0.0,0.0,-0.419785978386789,0.1,0.0,1.0
1779977944.3990223,-1.2820223569869995,-0.46003758907318115,0.0,0.0,nan,0.0,0.0,0.0,-0.419785978386789,0.1,0.0,1.0
1779977944.409593,-1.2820223569869995,-0.46003758907318115,0.0,0.0,nan,0.0,0.0,0.0,-0.419785978386789,0.1,0.0,1.0
1779977944.4199982,-1.2820223569869995,-0.46003758907318115,0.0,0.0,nan,0.0,0.0,0.0,-0.419785978386789,0.1,0.0,1.0
1779977944.4305353,-1.2820223569869995,-0.46003758907318115,0.0,0.0,nan,0.0,0.0,0.0,-0.419785978386789,0.1,0.0,1.0
1779977944.4411278,-1.2820223569869995,-0.46003758907318115,0.0,0.0,nan,0.0,0.0,0.0,-0.419785978386789,0.1,0.0,1.0
1779977944.4511886,-1.2820223569869995,-0.46003758907318115,0.0,0.0,nan,0.0,0.0,0.0,-0.419785978386789,0.1,0.0,1.0
1779977944.4616787,-1.2820223569869995,-0.46003758907318115,0.0,0.0,nan,0.0,0.0,0.0,-0.419785978386789,0.1,0.0,1.0
1779977944.4718258,-1.2820223569869995,-0.46003758907318115,0.0,0.0,nan,0.0,0.0,0.0,-0.419785978386789,0.1,0.0,1.0
1779977944.4822612,-1.2820223569869995,-0.46003758907318115,0.0,0.0,nan,0.0,0.0,0.0,-0.419785978386789,0.1,0.0,1.0
1779977944.4927437,-1.2820223569869995,-0.46003758907318115,0.0,0.0,nan,0.0,0.0,0.0,-0.419785978386789,0.1,0.0,1.0
1779977944.5029826,-1.2820223569869995,-0.46003758907318115,0.0,0.0,nan,0.0,0.0,0.0,-0.419785978386789,0.1,0.0,1.0
1779977944.513214,-1.2820223569869995,-0.46003758907318115,0.0,0.0,nan,0.0,0.0,0.0,-0.419785978386789,0.1,0.0,1.0
1779977944.5234632,-1.2820223569869995,-0.46003758907318115,0.0,0.0,nan,0.0,0.0,0.0,-0.419785978386789,0.1,0.0,1.0
1779977944.5338917,-1.2820223569869995,-0.46003758907318115,0.0,0.0,nan,0.0,0.0,0.0,-0.419785978386789,0.1,0.0,1.0
1779977944.5439181,-1.2820223569869995,-0.46003758907318115,0.0,0.0,nan,0.0,0.0,0.0,-0.419785978386789,0.1,0.0,1.0
1779977944.5541115,-1.2820223569869995,-0.46003758907318115,0.0,0.0,nan,0.0,0.0,0.0,-0.419785978386789,0.1,0.0,1.0
1779977944.5645912,-1.2820223569869995,-0.46003758907318115,0.0,0.0,nan,0.0,0.0,0.0,-0.419785978386789,0.1,0.0,1.0
1779977944.574765,-1.2820223569869995,-0.46003758907318115,0.0,0.0,nan,0.0,0.0,0.0,-0.419785978386789,0.1,0.0,1.0
1779977944.5849051,-1.2820223569869995,-0.46003758907318115,0.0,0.0,nan,0.0,0.0,0.0,-0.419785978386789,0.1,0.0,1.0
1779977944.595194,-1.2820223569869995,-0.46003758907318115,0.0,0.0,nan,0.0,0.0,0.0,-0.419785978386789,0.1,0.0,1.0
1779977944.605437,-1.2820223569869995,-0.46003758907318115,0.0,0.0,nan,0.0,0.0,0.0,-0.419785978386789,0.1,0.0,1.0
1779977944.615868,-1.2820223569869995,-0.46003758907318115,0.0,0.0,nan,0.0,0.0,0.0,-0.419785978386789,0.1,0.0,1.0
1779977944.6264384,-1.2820223569869995,-0.46003758907318115,0.0,0.0,nan,0.0,0.0,0.0,-0.419785978386789,0.1,0.0,1.0
1779977944.6366303,-1.2820223569869995,-0.46003758907318115,0.0,0.0,nan,0.0,0.0,0.0,-0.419785978386789,0.1,0.0,1.0
1779977944.6470072,-1.2820223569869995,-0.46003758907318115,0.0,0.0,nan,0.0,0.0,0.0,-0.419785978386789,0.1,0.0,1.0
1779977944.657516,-1.2820223569869995,-0.46003758907318115,0.0,0.0,nan,0.0,0.0,0.0,-0.419785978386789,0.1,0.0,1.0
1779977944.667969,-1.2820223569869995,-0.46003758907318115,0.0,0.0,nan,0.0,0.0,0.0,-0.419785978386789,0.1,0.0,1.0
1779977944.678725,-1.2820223569869995,-0.46003758907318115,0.0,0.0,nan,0.0,0.0,0.0,-0.419785978386789,0.1,0.0,1.0
1779977944.6890726,-1.2820223569869995,-0.46003758907318115,0.0,0.0,nan,0.0,0.0,0.0,-0.419785978386789,0.1,0.0,1.0
1779977944.699458,-1.2820223569869995,-0.46003758907318115,0.0,0.0,nan,0.0,0.0,0.0,-0.419785978386789,0.1,0.0,1.0
1779977944.7099428,-1.2820223569869995,-0.46003758907318115,0.0,0.0,nan,0.0,0.0,0.0,-0.419785978386789,0.1,0.0,1.0
1779977944.7201211,-1.2820223569869995,-0.46003758907318115,0.0,0.0,nan,0.0,0.0,0.0,-0.419785978386789,0.1,0.0,1.0
1779977944.7306933,-1.2820223569869995,-0.46003758907318115,0.0,0.0,nan,0.0,0.0,0.0,-0.419785978386789,0.1,0.0,1.0
1779977944.7411246,-1.2820223569869995,-0.46003758907318115,0.0,0.0,nan,0.0,0.0,0.0,-0.419785978386789,0.1,0.0,1.0
1779977944.7511787,-1.2820223569869995,-0.46003758907318115,0.0,0.0,nan,0.0,0.0,0.0,-0.419785978386789,0.1,0.0,1.0
1779977944.761742,-1.2820223569869995,-0.46003758907318115,0.0,0.0,nan,0.0,0.0,0.0,-0.419785978386789,0.1,0.0,1.0
1779977944.771933,-1.2820223569869995,-0.46003758907318115,0.0,0.0,nan,0.0,0.0,0.0,-0.419785978386789,0.1,0.0,1.0
1779977944.7825453,-1.2820223569869995,-0.46003758907318115,0.0,0.0,nan,0.0,0.0,0.0,-0.419785978386789,0.1,0.0,1.0
1779977944.792874,-1.2820223569869995,-0.46003758907318115,0.0,0.0,nan,0.0,0.0,0.0,-0.419785978386789,0.1,0.0,1.0
1779977944.8034003,-1.2820223569869995,-0.46003758907318115,0.0,0.0,nan,0.0,0.0,0.0,-0.419785978386789,0.1,0.0,1.0
1779977944.8139808,-1.2820223569869995,-0.46003758907318115,0.0,0.0,nan,0.0,0.0,0.0,-0.419785978386789,0.1,0.0,1.0
1779977944.8245482,-1.2820223569869995,-0.46003758907318115,0.0,0.0,nan,0.0,0.0,0.0,-0.419785978386789,0.1,0.0,1.0
1779977944.835083,-1.2820223569869995,-0.46003758907318115,0.0,0.0,nan,0.0,0.0,0.0,-0.419785978386789,0.1,0.0,1.0
1779977944.8455217,-1.2820223569869995,-0.46003758907318115,0.0,0.0,nan,0.0,0.0,0.0,-0.419785978386789,0.1,0.0,1.0
1779977944.8560736,-1.2820223569869995,-0.46003758907318115,0.0,0.0,nan,0.0,0.0,0.0,-0.419785978386789,0.1,0.0,1.0
1779977944.8665113,-1.2820223569869995,-0.46003758907318115,0.0,0.0,nan,0.0,0.0,0.0,-0.419785978386789,0.1,0.0,1.0
1779977944.8768141,-1.2820223569869995,-0.46003758907318115,0.0,0.0,nan,0.0,0.0,0.0,-0.419785978386789,0.1,0.0,1.0
1779977944.8874156,-1.2820223569869995,-0.46003758907318115,0.0,0.0,nan,0.0,0.0,0.0,-0.419785978386789,0.1,0.0,1.0
1779977944.8976848,-1.2820223569869995,-0.46003758907318115,0.0,0.0,nan,0.0,0.0,0.0,-0.419785978386789,0.1,0.0,1.0
1779977944.9077685,-1.2820223569869995,-0.46003758907318115,0.0,0.0,nan,0.0,0.0,0.0,-0.419785978386789,0.1,0.0,1.0
1779977944.9184153,-1.2820223569869995,-0.46003758907318115,0.0,0.0,nan,0.0,0.0,0.0,-0.419785978386789,0.1,0.0,1.0
1779977944.928836,-1.2820223569869995,-0.46003758907318115,0.0,0.0,nan,0.0,0.0,0.0,-0.419785978386789,0.1,0.0,1.0
1779977944.9389591,-1.2820223569869995,-0.46003758907318115,0.0,0.0,nan,0.0,0.0,0.0,-0.419785978386789,0.1,0.0,1.0
1779977944.948902,-1.2820223569869995,-0.46003758907318115,0.0,0.0,nan,0.0,0.0,0.0,-0.419785978386789,0.1,0.0,1.0
1779977944.9597604,-1.2820223569869995,-0.46003758907318115,0.0,0.0,nan,0.0,0.0,0.0,-0.419785978386789,0.1,0.0,1.0
1779977944.9701867,-1.2820223569869995,-0.46003758907318115,0.0,0.0,nan,0.0,0.0,0.0,-0.419785978386789,0.1,0.0,1.0
1779977944.9806151,-1.2820223569869995,-0.46003758907318115,0.0,0.0,nan,0.0,0.0,0.0,-0.419785978386789,0.1,0.0,1.0
1779977944.9909098,-1.2820223569869995,-0.46003758907318115,0.0,0.0,nan,0.0,0.0,0.0,-0.419785978386789,0.1,0.0,1.0
1779977945.001147,-1.2820223569869995,-0.46003758907318115,0.0,0.0,nan,0.0,0.0,0.0,-0.419785978386789,0.1,0.0,1.0
1779977945.011238,-1.2820223569869995,-0.46003758907318115,0.0,0.0,nan,0.0,0.0,0.0,-0.419785978386789,0.1,0.0,1.0
1779977945.0214093,-1.2820223569869995,-0.46003758907318115,0.0,0.0,nan,0.0,0.0,0.0,-0.419785978386789,0.1,0.0,1.0
1779977945.0319743,-1.2820223569869995,-0.46003758907318115,0.0,0.0,nan,0.0,0.0,0.0,-0.419785978386789,0.1,0.0,1.0
1779977945.0425804,-1.2820223569869995,-0.46003758907318115,0.0,0.0,nan,0.0,0.0,0.0,-0.419785978386789,0.1,0.0,1.0
1779977945.052907,-1.2820223569869995,-0.46003758907318115,0.0,0.0,nan,0.0,0.0,0.0,-0.419785978386789,0.1,0.0,1.0
1779977945.063168,-1.2820223569869995,-0.46003758907318115,0.0,0.0,nan,0.0,0.0,0.0,-0.419785978386789,0.1,0.0,1.0
1779977945.0737035,-1.2820223569869995,-0.46003758907318115,0.0,0.0,nan,0.0,0.0,0.0,-0.419785978386789,0.1,0.0,1.0
1779977945.0839584,-1.2820223569869995,-0.46003758907318115,0.0,0.0,nan,0.0,0.0,0.0,-0.419785978386789,0.1,0.0,1.0
1779977945.0943332,-1.2820223569869995,-0.46003758907318115,0.0,0.0,nan,0.0,0.0,0.0,-0.419785978386789,0.1,0.0,1.0
1779977945.1044302,-1.2820223569869995,-0.46003758907318115,0.0,0.0,nan,0.0,0.0,0.0,-0.419785978386789,0.1,0.0,1.0
1779977945.1148422,-1.2820223569869995,-0.46003758907318115,0.0,0.0,nan,0.0,0.0,0.0,-0.419785978386789,0.1,0.0,1.0
1779977945.1256564,-1.2820223569869995,-0.46003758907318115,0.0,0.0,nan,0.0,0.0,0.0,-0.419785978386789,0.1,0.0,1.0
1779977945.1362872,-1.2820223569869995,-0.46003758907318115,0.0,0.0,nan,0.0,0.0,0.0,-0.419785978386789,0.1,0.0,1.0
1779977945.1467452,-1.2820223569869995,-0.46003758907318115,0.0,0.0,nan,0.0,0.0,0.0,-0.419785978386789,0.1,0.0,1.0
1779977945.1568394,-1.2820223569869995,-0.46003758907318115,0.0,0.0,nan,0.0,0.0,0.0,-0.419785978386789,0.1,0.0,1.0
1779977945.1673503,-1.2820223569869995,-0.46003758907318115,0.0,0.0,nan,0.0,0.0,0.0,-0.419785978386789,0.1,0.0,1.0
1779977945.177541,-1.2820223569869995,-0.46003758907318115,0.0,0.0,nan,0.0,0.0,0.0,-0.419785978386789,0.1,0.0,1.0
1779977945.187844,-1.2820223569869995,-0.46003758907318115,0.0,0.0,nan,0.0,0.0,0.0,-0.419785978386789,0.1,0.0,1.0
1779977945.1978896,-1.2820223569869995,-0.46003758907318115,0.0,0.0,nan,0.0,0.0,0.0,-0.419785978386789,0.1,0.0,1.0
1779977945.20843,-1.2820223569869995,-0.46003758907318115,0.0,0.0,nan,0.0,0.0,0.0,-0.419785978386789,0.1,0.0,1.0
1779977945.218574,-1.2820223569869995,-0.46003758907318115,0.0,0.0,nan,0.0,0.0,0.0,-0.419785978386789,0.1,0.0,1.0
1779977945.2290542,-1.2820223569869995,-0.46003758907318115,0.0,0.0,nan,0.0,0.0,0.0,-0.419785978386789,0.1,0.0,1.0
1779977945.2393122,-1.2820223569869995,-0.46003758907318115,0.0,0.0,nan,0.0,0.0,0.0,-0.419785978386789,0.1,0.0,1.0
1779977945.2496648,-1.2820223569869995,-0.46003758907318115,0.0,0.0,nan,0.0,0.0,0.0,-0.419785978386789,0.1,0.0,1.0
1779977945.2601256,-1.2820223569869995,-0.46003758907318115,0.0,0.0,nan,0.0,0.0,0.0,-0.419785978386789,0.1,0.0,1.0
1779977945.2706642,-1.2820223569869995,-0.46003758907318115,0.0,0.0,nan,0.0,0.0,0.0,-0.419785978386789,0.1,0.0,1.0
1779977945.2808392,-1.2820223569869995,-0.46003758907318115,0.0,0.0,nan,0.0,0.0,0.0,-0.419785978386789,0.1,0.0,1.0
1779977945.291415,-1.2820223569869995,-0.46003758907318115,0.0,0.0,nan,0.0,0.0,0.0,-0.419785978386789,0.1,0.0,1.0
1779977945.3015878,-1.2820223569869995,-0.46003758907318115,0.0,0.0,nan,0.0,0.0,0.0,-0.419785978386789,0.1,0.0,1.0
1779977945.3116572,-1.2820223569869995,-0.46003758907318115,0.0,0.0,nan,0.0,0.0,0.0,-0.419785978386789,0.1,0.0,1.0
1779977945.321947,-1.2820223569869995,-0.46003758907318115,0.0,0.0,nan,0.0,0.0,0.0,-0.419785978386789,0.1,0.0,1.0
1779977945.3325212,-1.2820223569869995,-0.46003758907318115,0.0,0.0,nan,0.0,0.0,0.0,-0.419785978386789,0.1,0.0,1.0
1779977945.342831,-1.2820223569869995,-0.46003758907318115,0.0,0.0,nan,0.0,0.0,0.0,-0.419785978386789,0.1,0.0,1.0
1779977945.3529372,-1.2820223569869995,-0.46003758907318115,0.0,0.0,nan,0.0,0.0,0.0,-0.419785978386789,0.1,0.0,1.0
1779977945.3632007,-1.2820223569869995,-0.46003758907318115,0.0,0.0,nan,0.0,0.0,0.0,-0.419785978386789,0.1,0.0,1.0
1779977945.3734632,-1.2820223569869995,-0.46003758907318115,0.0,0.0,nan,0.0,0.0,0.0,-0.419785978386789,0.1,0.0,1.0
1779977945.3838947,-1.2820223569869995,-0.46003758907318115,0.0,0.0,nan,0.0,0.0,0.0,-0.419785978386789,0.1,0.0,1.0
1779977945.3942173,-1.2820223569869995,-0.46003758907318115,0.0,0.0,nan,0.0,0.0,0.0,-0.419785978386789,0.1,0.0,1.0
1779977945.4047232,-1.2820223569869995,-0.46003758907318115,0.0,0.0,nan,0.0,0.0,0.0,-0.419785978386789,0.1,0.0,1.0
1779977945.4147737,-1.2820223569869995,-0.46003758907318115,0.0,0.0,nan,0.0,0.0,0.0,-0.419785978386789,0.1,0.0,1.0
1779977945.4248273,-1.2820223569869995,-0.46003758907318115,0.0,0.0,nan,0.0,0.0,0.0,-0.419785978386789,0.1,0.0,1.0
1779977945.4353426,-1.2820223569869995,-0.46003758907318115,0.0,0.0,nan,0.0,0.0,0.0,-0.419785978386789,0.1,0.0,1.0
1779977945.4459548,-1.2820223569869995,-0.46003758907318115,0.0,0.0,nan,0.0,0.0,0.0,-0.419785978386789,0.1,0.0,1.0
1779977945.4566772,-1.2820223569869995,-0.46003758907318115,0.0,0.0,nan,0.0,0.0,0.0,-0.419785978386789,0.1,0.0,1.0
1779977945.4668884,-1.2820223569869995,-0.46003758907318115,0.0,0.0,nan,0.0,0.0,0.0,-0.419785978386789,0.1,0.0,1.0
1779977945.4771357,-1.2820223569869995,-0.46003758907318115,0.0,0.0,nan,0.0,0.0,0.0,-0.419785978386789,0.1,0.0,1.0
1779977945.4873528,-1.2820223569869995,-0.46003758907318115,0.0,0.0,nan,0.0,0.0,0.0,-0.419785978386789,0.1,0.0,1.0
1779977945.4975715,-1.2820223569869995,-0.46003758907318115,0.0,0.0,nan,0.0,0.0,0.0,-0.419785978386789,0.1,0.0,1.0
1779977945.5083146,-1.2820223569869995,-0.46003758907318115,0.0,0.0,nan,0.0,0.0,0.0,-0.419785978386789,0.1,0.0,1.0
1779977945.5185025,-1.2820223569869995,-0.46003758907318115,0.0,0.0,nan,0.0,0.0,0.0,-0.419785978386789,0.1,0.0,1.0
1779977945.5287628,-1.2820223569869995,-0.46003758907318115,0.0,0.0,nan,0.0,0.0,0.0,-0.419785978386789,0.1,0.0,1.0
1779977945.538902,-1.2820223569869995,-0.46003758907318115,0.0,0.0,nan,0.0,0.0,0.0,-0.419785978386789,0.1,0.0,1.0
1779977945.5492268,-1.2820223569869995,-0.46003758907318115,0.0,0.0,nan,0.0,0.0,0.0,-0.419785978386789,0.1,0.0,1.0
1779977945.559597,-1.2820223569869995,-0.46003758907318115,0.0,0.0,nan,0.0,0.0,0.0,-0.419785978386789,0.1,0.0,1.0
1779977945.5702224,-1.2820223569869995,-0.46003758907318115,0.0,0.0,nan,0.0,0.0,0.0,-0.419785978386789,0.1,0.0,1.0
1779977945.5805209,-1.2820223569869995,-0.46003758907318115,0.0,0.0,nan,0.0,0.0,0.0,-0.419785978386789,0.1,0.0,1.0
1779977945.590751,-1.2820223569869995,-0.46003758907318115,0.0,0.0,nan,0.0,0.0,0.0,-0.419785978386789,0.1,0.0,1.0
1779977945.6011674,-1.2820223569869995,-0.46003758907318115,0.0,0.0,nan,0.0,0.0,0.0,-0.419785978386789,0.1,0.0,1.0
1779977945.6113796,-1.2820223569869995,-0.46003758907318115,0.0,0.0,nan,0.0,0.0,0.0,-0.419785978386789,0.1,0.0,1.0
1779977945.6216433,-1.2820223569869995,-0.46003758907318115,0.0,0.0,nan,0.0,0.0,0.0,-0.419785978386789,0.1,0.0,1.0
1779977945.63215,-1.2820223569869995,-0.46003758907318115,0.0,0.0,nan,0.0,0.0,0.0,-0.419785978386789,0.1,0.0,1.0
1779977945.6427753,-1.2820223569869995,-0.46003758907318115,0.0,0.0,nan,0.0,0.0,0.0,-0.419785978386789,0.1,0.0,1.0
1779977945.6531549,-1.2820223569869995,-0.46003758907318115,0.0,0.0,nan,0.0,0.0,0.0,-0.419785978386789,0.1,0.0,1.0
1779977945.663761,-1.2820223569869995,-0.46003758907318115,0.0,0.0,nan,0.0,0.0,0.0,-0.419785978386789,0.1,0.0,1.0
1779977945.6737933,-1.2820223569869995,-0.46003758907318115,0.0,0.0,nan,0.0,0.0,0.0,-0.419785978386789,0.1,0.0,1.0
1779977945.6838431,-1.2820223569869995,-0.46003758907318115,0.0,0.0,nan,0.0,0.0,0.0,-0.419785978386789,0.1,0.0,1.0
1779977945.6940773,-1.2820223569869995,-0.46003758907318115,0.0,0.0,nan,0.0,0.0,0.0,-0.419785978386789,0.1,0.0,1.0
1779977945.7042806,-1.2820223569869995,-0.46003758907318115,0.0,0.0,nan,0.0,0.0,0.0,-0.419785978386789,0.1,0.0,1.0
1779977945.7148964,-1.2820223569869995,-0.46003758907318115,0.0,0.0,nan,0.0,0.0,0.0,-0.419785978386789,0.1,0.0,1.0
1779977945.7252254,-1.2820223569869995,-0.46003758907318115,0.0,0.0,nan,0.0,0.0,0.0,-0.419785978386789,0.1,0.0,1.0
1779977945.735585,-1.2820223569869995,-0.46003758907318115,0.0,0.0,nan,0.0,0.0,0.0,-0.419785978386789,0.1,0.0,1.0
1779977945.745856,-1.2820223569869995,-0.46003758907318115,0.0,0.0,nan,0.0,0.0,0.0,-0.419785978386789,0.1,0.0,1.0
1779977945.7564158,-1.2820223569869995,-0.46003758907318115,0.0,0.0,nan,0.0,0.0,0.0,-0.419785978386789,0.1,0.0,1.0
1779977945.7670286,-1.2820223569869995,-0.46003758907318115,0.0,0.0,nan,0.0,0.0,0.0,-0.419785978386789,0.1,0.0,1.0
1779977945.7772174,-1.2820223569869995,-0.46003758907318115,0.0,0.0,nan,0.0,0.0,0.0,-0.419785978386789,0.1,0.0,1.0
1779977945.787337,-1.2820223569869995,-0.46003758907318115,0.0,0.0,nan,0.0,0.0,0.0,-0.419785978386789,0.1,0.0,1.0
1779977945.7976978,-1.2820223569869995,-0.46003758907318115,0.0,0.0,nan,0.0,0.0,0.0,-0.419785978386789,0.1,0.0,1.0
1779977945.8080006,-1.2820223569869995,-0.46003758907318115,0.0,0.0,nan,0.0,0.0,0.0,-0.419785978386789,0.1,0.0,1.0
1779977945.8187764,-1.2820223569869995,-0.46003758907318115,0.0,0.0,nan,0.0,0.0,0.0,-0.419785978386789,0.1,0.0,1.0
1779977945.828861,-1.2820223569869995,-0.46003758907318115,0.0,0.0,nan,0.0,0.0,0.0,-0.419785978386789,0.1,0.0,1.0
1779977945.8389232,-1.2820223569869995,-0.46003758907318115,0.0,0.0,nan,0.0,0.0,0.0,-0.419785978386789,0.1,0.0,1.0
1779977945.8492472,-1.2820223569869995,-0.46003758907318115,0.0,0.0,nan,0.0,0.0,0.0,-0.419785978386789,0.1,0.0,1.0
1779977945.859415,-1.2820223569869995,-0.46003758907318115,0.0,0.0,nan,0.0,0.0,0.0,-0.419785978386789,0.1,0.0,1.0
1779977945.8696687,-1.2820223569869995,-0.46003758907318115,0.0,0.0,nan,0.0,0.0,0.0,-0.419785978386789,0.1,0.0,1.0
1779977945.8800762,-1.2820223569869995,-0.46003758907318115,0.0,0.0,nan,0.0,0.0,0.0,-0.419785978386789,0.1,0.0,1.0
1779977945.89034,-1.2820223569869995,-0.46003758907318115,0.0,0.0,nan,0.0,0.0,0.0,-0.419785978386789,0.1,0.0,1.0
1779977945.9003665,-1.2820223569869995,-0.46003758907318115,0.0,0.0,nan,0.0,0.0,0.0,-0.419785978386789,0.1,0.0,1.0
1779977945.9107397,-1.2820223569869995,-0.46003758907318115,0.0,0.0,nan,0.0,0.0,0.0,-0.419785978386789,0.1,0.0,1.0
1779977945.9210377,-1.2820223569869995,-0.46003758907318115,0.0,0.0,nan,0.0,0.0,0.0,-0.419785978386789,0.1,0.0,1.0
1779977945.9313788,-1.2820223569869995,-0.46003758907318115,0.0,0.0,nan,0.0,0.0,0.0,-0.419785978386789,0.1,0.0,1.0
1779977945.9417565,-1.2820223569869995,-0.46003758907318115,0.0,0.0,nan,0.0,0.0,0.0,-0.419785978386789,0.1,0.0,1.0
1779977945.9521906,-1.2820223569869995,-0.46003758907318115,0.0,0.0,nan,0.0,0.0,0.0,-0.419785978386789,0.1,0.0,1.0
1779977945.9624088,-1.2820223569869995,-0.46003758907318115,0.0,0.0,nan,0.0,0.0,0.0,-0.419785978386789,0.1,0.0,1.0
1779977945.9730313,-1.2820223569869995,-0.46003758907318115,0.0,0.0,nan,0.0,0.0,0.0,-0.419785978386789,0.1,0.0,1.0
1779977945.9829957,-1.2820223569869995,-0.46003758907318115,0.0,0.0,nan,0.0,0.0,0.0,-0.419785978386789,0.1,0.0,1.0
1779977945.9933412,-1.2820223569869995,-0.46003758907318115,0.0,0.0,nan,0.0,0.0,0.0,-0.419785978386789,0.1,0.0,1.0
1779977946.003471,-1.2820223569869995,-0.46003758907318115,0.0,0.0,nan,0.0,0.0,0.0,-0.419785978386789,0.1,0.0,1.0
1779977946.0140147,-1.2820223569869995,-0.46003758907318115,0.0,0.0,nan,0.0,0.0,0.0,-0.419785978386789,0.1,0.0,1.0
1779977946.02453,-1.2820223569869995,-0.46003758907318115,0.0,0.0,nan,0.0,0.0,0.0,-0.419785978386789,0.1,0.0,1.0
1779977946.03498,-1.2820223569869995,-0.46003758907318115,0.0,0.0,nan,0.0,0.0,0.0,-0.419785978386789,0.1,0.0,1.0
1779977946.045478,-1.2820223569869995,-0.46003758907318115,0.0,0.0,nan,0.0,0.0,0.0,-0.419785978386789,0.1,0.0,1.0
1779977946.0558183,-1.2820223569869995,-0.46003758907318115,0.0,0.0,nan,0.0,0.0,0.0,-0.419785978386789,0.1,0.0,1.0
1779977946.0662975,-1.2820223569869995,-0.46003758907318115,0.0,0.0,nan,0.0,0.0,0.0,-0.419785978386789,0.1,0.0,1.0
1779977946.07634,-1.2820223569869995,-0.46003758907318115,0.0,0.0,nan,0.0,0.0,0.0,-0.419785978386789,0.1,0.0,1.0
1779977946.0864892,-1.2820223569869995,-0.46003758907318115,0.0,0.0,nan,0.0,0.0,0.0,-0.419785978386789,0.1,0.0,1.0
1779977946.0969684,-1.2820223569869995,-0.46003758907318115,0.0,0.0,nan,0.0,0.0,0.0,-0.419785978386789,0.1,0.0,1.0
1779977946.1074655,-1.2820223569869995,-0.46003758907318115,0.0,0.0,nan,0.0,0.0,0.0,-0.419785978386789,0.1,0.0,1.0
1779977946.1175725,-1.2820223569869995,-0.46003758907318115,0.0,0.0,nan,0.0,0.0,0.0,-0.419785978386789,0.1,0.0,1.0
1779977946.1280591,-1.2820223569869995,-0.46003758907318115,0.0,0.0,nan,0.0,0.0,0.0,-0.419785978386789,0.1,0.0,1.0
1779977946.1384416,-1.2820223569869995,-0.46003758907318115,0.0,0.0,nan,0.0,0.0,0.0,-0.419785978386789,0.1,0.0,1.0
1779977946.1488407,-1.2820223569869995,-0.46003758907318115,0.0,0.0,nan,0.0,0.0,0.0,-0.419785978386789,0.1,0.0,1.0
1779977946.1591368,-1.2820223569869995,-0.46003758907318115,0.0,0.0,nan,0.0,0.0,0.0,-0.419785978386789,0.1,0.0,1.0
1779977946.1695938,-1.2820223569869995,-0.46003758907318115,0.0,0.0,nan,0.0,0.0,0.0,-0.419785978386789,0.1,0.0,1.0
1779977946.1799932,-1.2820223569869995,-0.46003758907318115,0.0,0.0,nan,0.0,0.0,0.0,-0.419785978386789,0.1,0.0,1.0
1779977946.1904151,-1.2820223569869995,-0.46003758907318115,0.0,0.0,nan,0.0,0.0,0.0,-0.419785978386789,0.1,0.0,1.0
1779977946.2007754,-1.2820223569869995,-0.46003758907318115,0.0,0.0,nan,0.0,0.0,0.0,-0.419785978386789,0.1,0.0,1.0
1779977946.2110796,-1.2820223569869995,-0.46003758907318115,0.0,0.0,nan,0.0,0.0,0.0,-0.419785978386789,0.1,0.0,1.0
1779977946.2215738,-1.2820223569869995,-0.46003758907318115,0.0,0.0,nan,0.0,0.0,0.0,-0.419785978386789,0.1,0.0,1.0
1779977946.2319765,-1.2820223569869995,-0.46003758907318115,0.0,0.0,nan,0.0,0.0,0.0,-0.419785978386789,0.1,0.0,1.0
1779977946.2421184,-1.2820223569869995,-0.46003758907318115,0.0,0.0,nan,0.0,0.0,0.0,-0.419785978386789,0.1,0.0,1.0
1779977946.2521918,-1.2820223569869995,-0.46003758907318115,0.0,0.0,nan,0.0,0.0,0.0,-0.419785978386789,0.1,0.0,1.0
1779977946.2628582,-1.2820223569869995,-0.46003758907318115,0.0,0.0,nan,0.0,0.0,0.0,-0.419785978386789,0.1,0.0,1.0
1779977946.2732499,-1.2820223569869995,-0.46003758907318115,0.0,0.0,nan,0.0,0.0,0.0,-0.419785978386789,0.1,0.0,1.0
1779977946.2834477,-1.2820223569869995,-0.46003758907318115,0.0,0.0,nan,0.0,0.0,0.0,-0.419785978386789,0.1,0.0,1.0
1779977946.2938166,-1.2820223569869995,-0.46003758907318115,0.0,0.0,nan,0.0,0.0,0.0,-0.419785978386789,0.1,0.0,1.0
1779977946.3038251,-1.2820223569869995,-0.46003758907318115,0.0,0.0,nan,0.0,0.0,0.0,-0.419785978386789,0.1,0.0,1.0
1779977946.3145666,-1.2820223569869995,-0.46003758907318115,0.0,0.0,nan,0.0,0.0,0.0,-0.419785978386789,0.1,0.0,1.0
1779977946.3248835,-1.2820223569869995,-0.46003758907318115,0.0,0.0,nan,0.0,0.0,0.0,-0.419785978386789,0.1,0.0,1.0
1779977946.3348827,-1.2820223569869995,-0.46003758907318115,0.0,0.0,nan,0.0,0.0,0.0,-0.419785978386789,0.1,0.0,1.0
1779977946.3451328,-1.2820223569869995,-0.46003758907318115,0.0,0.0,nan,0.0,0.0,0.0,-0.419785978386789,0.1,0.0,1.0
1779977946.3553777,-1.2820223569869995,-0.46003758907318115,0.0,0.0,nan,0.0,0.0,0.0,-0.419785978386789,0.1,0.0,1.0
1779977946.3656175,-1.2820223569869995,-0.46003758907318115,0.0,0.0,nan,0.0,0.0,0.0,-0.419785978386789,0.1,0.0,1.0
1779977946.375971,-1.2820223569869995,-0.46003758907318115,0.0,0.0,nan,0.0,0.0,0.0,-0.419785978386789,0.1,0.0,1.0
1779977946.386283,-1.2820223569869995,-0.46003758907318115,0.0,0.0,nan,0.0,0.0,0.0,-0.419785978386789,0.1,0.0,1.0
1779977946.396794,-1.2820223569869995,-0.46003758907318115,0.0,0.0,nan,0.0,0.0,0.0,-0.419785978386789,0.1,0.0,1.0
1779977946.4072704,-1.2820223569869995,-0.46003758907318115,0.0,0.0,nan,0.0,0.0,0.0,-0.419785978386789,0.1,0.0,1.0
1779977946.4173994,-1.2820223569869995,-0.46003758907318115,0.0,0.0,nan,0.0,0.0,0.0,-0.419785978386789,0.1,0.0,1.0
1779977946.427651,-1.2820223569869995,-0.46003758907318115,0.0,0.0,nan,0.0,0.0,0.0,-0.419785978386789,0.1,0.0,1.0
1779977946.4382038,-1.2820223569869995,-0.46003758907318115,0.0,0.0,nan,0.0,0.0,0.0,-0.419785978386789,0.1,0.0,1.0
1779977946.4486454,-1.2820223569869995,-0.46003758907318115,0.0,0.0,nan,0.0,0.0,0.0,-0.419785978386789,0.1,0.0,1.0
1779977946.458852,-1.2820223569869995,-0.46003758907318115,0.0,0.0,nan,0.0,0.0,0.0,-0.419785978386789,0.1,0.0,1.0
1779977946.469298,-1.2820223569869995,-0.46003758907318115,0.0,0.0,nan,0.0,0.0,0.0,-0.419785978386789,0.1,0.0,1.0
1779977946.4794507,-1.2820223569869995,-0.46003758907318115,0.0,0.0,nan,0.0,0.0,0.0,-0.419785978386789,0.1,0.0,1.0
1779977946.4900894,-1.2820223569869995,-0.46003758907318115,0.0,0.0,nan,0.0,0.0,0.0,-0.419785978386789,0.1,0.0,1.0
1779977946.500194,-1.2820223569869995,-0.46003758907318115,0.0,0.0,nan,0.0,0.0,0.0,-0.419785978386789,0.1,0.0,1.0
1779977946.5108657,-1.2820223569869995,-0.46003758907318115,0.0,0.0,nan,0.0,0.0,0.0,-0.419785978386789,0.1,0.0,1.0
1779977946.5209043,-1.2820223569869995,-0.46003758907318115,0.0,0.0,nan,0.0,0.0,0.0,-0.419785978386789,0.1,0.0,1.0
1779977946.531483,-1.2820223569869995,-0.46003758907318115,0.0,0.0,nan,0.0,0.0,0.0,-0.419785978386789,0.1,0.0,1.0
1779977946.5420635,-1.2820223569869995,-0.46003758907318115,0.0,0.0,nan,0.0,0.0,0.0,-0.419785978386789,0.1,0.0,1.0
1779977946.552117,-1.2820223569869995,-0.46003758907318115,0.0,0.0,nan,0.0,0.0,0.0,-0.419785978386789,0.1,0.0,1.0
1779977946.562377,-1.2820223569869995,-0.46003758907318115,0.0,0.0,nan,0.0,0.0,0.0,-0.419785978386789,0.1,0.0,1.0
1779977946.5725796,-1.2820223569869995,-0.46003758907318115,0.0,0.0,nan,0.0,0.0,0.0,-0.419785978386789,0.1,0.0,1.0
1779977946.5826485,-1.2820223569869995,-0.46003758907318115,0.0,0.0,nan,0.0,0.0,0.0,-0.419785978386789,0.1,0.0,1.0
1779977946.593207,-1.2820223569869995,-0.46003758907318115,0.0,0.0,nan,0.0,0.0,0.0,-0.419785978386789,0.1,0.0,1.0
1779977946.603323,-1.2820223569869995,-0.46003758907318115,0.0,0.0,nan,0.0,0.0,0.0,-0.419785978386789,0.1,0.0,1.0
1779977946.6134315,-1.2820223569869995,-0.46003758907318115,0.0,0.0,nan,0.0,0.0,0.0,-0.419785978386789,0.1,0.0,1.0
1779977946.6242683,-1.2820223569869995,-0.46003758907318115,0.0,0.0,nan,0.0,0.0,0.0,-0.419785978386789,0.1,0.0,1.0
1779977946.634807,-1.2820223569869995,-0.46003758907318115,0.0,0.0,nan,0.0,0.0,0.0,-0.419785978386789,0.1,0.0,1.0
1779977946.6452045,-1.2820223569869995,-0.46003758907318115,0.0,0.0,nan,0.0,0.0,0.0,-0.419785978386789,0.1,0.0,1.0
1779977946.6557684,-1.2820223569869995,-0.46003758907318115,0.0,0.0,nan,0.0,0.0,0.0,-0.419785978386789,0.1,0.0,1.0
1779977946.6664155,-1.2820223569869995,-0.46003758907318115,0.0,0.0,nan,0.0,0.0,0.0,-0.419785978386789,0.1,0.0,1.0
1779977946.6769397,-1.2820223569869995,-0.46003758907318115,0.0,0.0,nan,0.0,0.0,0.0,-0.419785978386789,0.1,0.0,1.0
1779977946.6876042,-1.2820223569869995,-0.46003758907318115,0.0,0.0,nan,0.0,0.0,0.0,-0.419785978386789,0.1,0.0,1.0
1779977946.6977046,-1.2820223569869995,-0.46003758907318115,0.0,0.0,nan,0.0,0.0,0.0,-0.419785978386789,0.1,0.0,1.0
1779977946.707684,-1.2820223569869995,-0.46003758907318115,0.0,0.0,nan,0.0,0.0,0.0,-0.419785978386789,0.1,0.0,1.0
1779977946.7177448,-1.2820223569869995,-0.46003758907318115,0.0,0.0,nan,0.0,0.0,0.0,-0.419785978386789,0.1,0.0,1.0
1779977946.727831,-1.2820223569869995,-0.46003758907318115,0.0,0.0,nan,0.0,0.0,0.0,-0.419785978386789,0.1,0.0,1.0
1779977946.7380533,-1.2820223569869995,-0.46003758907318115,0.0,0.0,nan,0.0,0.0,0.0,-0.419785978386789,0.1,0.0,1.0
1779977946.7485292,-1.2820223569869995,-0.46003758907318115,0.0,0.0,nan,0.0,0.0,0.0,-0.419785978386789,0.1,0.0,1.0
1779977946.758827,-1.2820223569869995,-0.46003758907318115,0.0,0.0,nan,0.0,0.0,0.0,-0.419785978386789,0.1,0.0,1.0
1779977946.7693794,-1.2820223569869995,-0.46003758907318115,0.0,0.0,nan,0.0,0.0,0.0,-0.419785978386789,0.1,0.0,1.0
1779977946.7794452,-1.2820223569869995,-0.46003758907318115,0.0,0.0,nan,0.0,0.0,0.0,-0.419785978386789,0.1,0.0,1.0
1779977946.7902098,-1.2820223569869995,-0.46003758907318115,0.0,0.0,nan,0.0,0.0,0.0,-0.419785978386789,0.1,0.0,1.0
1779977946.8006275,-1.2820223569869995,-0.46003758907318115,0.0,0.0,nan,0.0,0.0,0.0,-0.419785978386789,0.1,0.0,1.0
1779977946.810759,-1.2820223569869995,-0.46003758907318115,0.0,0.0,nan,0.0,0.0,0.0,-0.419785978386789,0.1,0.0,1.0
1779977946.8214476,-1.2820223569869995,-0.46003758907318115,0.0,0.0,nan,0.0,0.0,0.0,-0.419785978386789,0.1,0.0,1.0
1779977946.831696,-1.2820223569869995,-0.46003758907318115,0.0,0.0,nan,0.0,0.0,0.0,-0.419785978386789,0.1,0.0,1.0
1779977946.84219,-1.2820223569869995,-0.46003758907318115,0.0,0.0,nan,0.0,0.0,0.0,-0.419785978386789,0.1,0.0,1.0
1779977946.852286,-1.2820223569869995,-0.46003758907318115,0.0,0.0,nan,0.0,0.0,0.0,-0.419785978386789,0.1,0.0,1.0
1779977946.862798,-1.2820223569869995,-0.46003758907318115,0.0,0.0,nan,0.0,0.0,0.0,-0.419785978386789,0.1,0.0,1.0
1779977946.8731146,-1.2820223569869995,-0.46003758907318115,0.0,0.0,nan,0.0,0.0,0.0,-0.419785978386789,0.1,0.0,1.0
1779977946.8831859,-1.2820223569869995,-0.46003758907318115,0.0,0.0,nan,0.0,0.0,0.0,-0.419785978386789,0.1,0.0,1.0
1779977946.8933558,-1.2820223569869995,-0.46003758907318115,0.0,0.0,nan,0.0,0.0,0.0,-0.419785978386789,0.1,0.0,1.0
1779977946.9036233,-1.2820223569869995,-0.46003758907318115,0.0,0.0,nan,0.0,0.0,0.0,-0.419785978386789,0.1,0.0,1.0
1779977946.9141884,-1.2820223569869995,-0.46003758907318115,0.0,0.0,nan,0.0,0.0,0.0,-0.419785978386789,0.1,0.0,1.0
1779977946.9248862,-1.2820223569869995,-0.46003758907318115,0.0,0.0,nan,0.0,0.0,0.0,-0.419785978386789,0.1,0.0,1.0
1779977946.9352572,-1.2820223569869995,-0.46003758907318115,0.0,0.0,nan,0.0,0.0,0.0,-0.419785978386789,0.1,0.0,1.0
1779977946.945306,-1.2820223569869995,-0.46003758907318115,0.0,0.0,nan,0.0,0.0,0.0,-0.419785978386789,0.1,0.0,1.0
1779977946.9559479,-1.2820223569869995,-0.46003758907318115,0.0,0.0,nan,0.0,0.0,0.0,-0.419785978386789,0.1,0.0,1.0
1779977946.9665828,-1.2820223569869995,-0.46003758907318115,0.0,0.0,nan,0.0,0.0,0.0,-0.419785978386789,0.1,0.0,1.0
1779977946.9768634,-1.2820223569869995,-0.46003758907318115,0.0,0.0,nan,0.0,0.0,0.0,-0.419785978386789,0.1,0.0,1.0
1779977946.987175,-1.2820223569869995,-0.46003758907318115,0.0,0.0,nan,0.0,0.0,0.0,-0.419785978386789,0.1,0.0,1.0
1779977946.997628,-1.2820223569869995,-0.46003758907318115,0.0,0.0,nan,0.0,0.0,0.0,-0.419785978386789,0.1,0.0,1.0
1779977947.0081015,-1.2820223569869995,-0.46003758907318115,0.0,0.0,nan,0.0,0.0,0.0,-0.419785978386789,0.1,0.0,1.0
1779977947.0183194,-1.2820223569869995,-0.46003758907318115,0.0,0.0,nan,0.0,0.0,0.0,-0.419785978386789,0.1,0.0,1.0
1779977947.0288563,-1.2820223569869995,-0.46003758907318115,0.0,0.0,nan,0.0,0.0,0.0,-0.419785978386789,0.1,0.0,1.0
1779977947.0394309,-1.2820223569869995,-0.46003758907318115,0.0,0.0,nan,0.0,0.0,0.0,-0.419785978386789,0.1,0.0,1.0
1779977947.0495043,-1.2820223569869995,-0.46003758907318115,0.0,0.0,nan,0.0,0.0,0.0,-0.419785978386789,0.1,0.0,1.0
1779977947.0595722,-1.2820223569869995,-0.46003758907318115,0.0,0.0,nan,0.0,0.0,0.0,-0.419785978386789,0.1,0.0,1.0
1779977947.0697057,-1.2820223569869995,-0.46003758907318115,0.0,0.0,nan,0.0,0.0,0.0,-0.419785978386789,0.1,0.0,1.0
1779977947.0802696,-1.2820223569869995,-0.46003758907318115,0.0,0.0,nan,0.0,0.0,0.0,-0.419785978386789,0.1,0.0,1.0
1779977947.0908012,-1.2820223569869995,-0.46003758907318115,0.0,0.0,nan,0.0,0.0,0.0,-0.419785978386789,0.1,0.0,1.0
1779977947.1013668,-1.2820223569869995,-0.46003758907318115,0.0,0.0,nan,0.0,0.0,0.0,-0.419785978386789,0.1,0.0,1.0
1779977947.1119542,-1.2820223569869995,-0.46003758907318115,0.0,0.0,nan,0.0,0.0,0.0,-0.419785978386789,0.1,0.0,1.0
1779977947.1220295,-1.2820223569869995,-0.46003758907318115,0.0,0.0,nan,0.0,0.0,0.0,-0.419785978386789,0.1,0.0,1.0
1779977947.132269,-1.2820223569869995,-0.46003758907318115,0.0,0.0,nan,0.0,0.0,0.0,-0.419785978386789,0.1,0.0,1.0
1779977947.1426966,-1.2820223569869995,-0.46003758907318115,0.0,0.0,nan,0.0,0.0,0.0,-0.419785978386789,0.1,0.0,1.0
1779977947.1524844,-1.2820223569869995,-0.46003758907318115,0.0,0.0,nan,0.0,0.0,0.0,-0.419785978386789,0.1,0.0,1.0
1779977947.1630197,-1.2820223569869995,-0.46003758907318115,0.0,0.0,nan,0.0,0.0,0.0,-0.419785978386789,0.1,0.0,1.0
1779977947.1735587,-1.2820223569869995,-0.46003758907318115,0.0,0.0,nan,0.0,0.0,0.0,-0.419785978386789,0.1,0.0,1.0
1779977947.1837647,-1.2820223569869995,-0.46003758907318115,0.0,0.0,nan,0.0,0.0,0.0,-0.419785978386789,0.1,0.0,1.0
1779977947.19394,-1.2820223569869995,-0.46003758907318115,0.0,0.0,nan,0.0,0.0,0.0,-0.419785978386789,0.1,0.0,1.0
1779977947.2042112,-1.2820223569869995,-0.46003758907318115,0.0,0.0,nan,0.0,0.0,0.0,-0.419785978386789,0.1,0.0,1.0
1779977947.2144723,-1.2820223569869995,-0.46003758907318115,0.0,0.0,nan,0.0,0.0,0.0,-0.419785978386789,0.1,0.0,1.0
1779977947.2246788,-1.2820223569869995,-0.46003758907318115,0.0,0.0,nan,0.0,0.0,0.0,-0.419785978386789,0.1,0.0,1.0
1779977947.2350414,-1.2820223569869995,-0.46003758907318115,0.0,0.0,nan,0.0,0.0,0.0,-0.419785978386789,0.1,0.0,1.0
1779977947.2451932,-1.2820223569869995,-0.46003758907318115,0.0,0.0,nan,0.0,0.0,0.0,-0.419785978386789,0.1,0.0,1.0
1779977947.2555656,-1.2820223569869995,-0.46003758907318115,0.0,0.0,nan,0.0,0.0,0.0,-0.419785978386789,0.1,0.0,1.0
1779977947.2660522,-1.2820223569869995,-0.46003758907318115,0.0,0.0,nan,0.0,0.0,0.0,-0.419785978386789,0.1,0.0,1.0
1779977947.2763572,-1.2820223569869995,-0.46003758907318115,0.0,0.0,nan,0.0,0.0,0.0,-0.419785978386789,0.1,0.0,1.0
1779977947.2867913,-1.2820223569869995,-0.46003758907318115,0.0,0.0,nan,0.0,0.0,0.0,-0.419785978386789,0.1,0.0,1.0
1779977947.296883,-1.2820223569869995,-0.46003758907318115,0.0,0.0,nan,0.0,0.0,0.0,-0.419785978386789,0.1,0.0,1.0
1779977947.3071141,-1.2820223569869995,-0.46003758907318115,0.0,0.0,nan,0.0,0.0,0.0,-0.419785978386789,0.1,0.0,1.0
1779977947.3176696,-1.2820223569869995,-0.46003758907318115,0.0,0.0,nan,0.0,0.0,0.0,-0.419785978386789,0.1,0.0,1.0
1779977947.3280864,-1.2820223569869995,-0.46003758907318115,0.0,0.0,nan,0.0,0.0,0.0,-0.419785978386789,0.1,0.0,1.0
1779977947.3382576,-1.2820223569869995,-0.46003758907318115,0.0,0.0,nan,0.0,0.0,0.0,-0.419785978386789,0.1,0.0,1.0
1779977947.3487716,-1.2820223569869995,-0.46003758907318115,0.0,0.0,nan,0.0,0.0,0.0,-0.419785978386789,0.1,0.0,1.0
1779977947.3588855,-1.2820223569869995,-0.46003758907318115,0.0,0.0,nan,0.0,0.0,0.0,-0.419785978386789,0.1,0.0,1.0
1779977947.369456,-1.2820223569869995,-0.46003758907318115,0.0,0.0,nan,0.0,0.0,0.0,-0.419785978386789,0.1,0.0,1.0
1779977947.379499,-1.2820223569869995,-0.46003758907318115,0.0,0.0,nan,0.0,0.0,0.0,-0.419785978386789,0.1,0.0,1.0
1779977947.3898509,-1.2820223569869995,-0.46003758907318115,0.0,0.0,nan,0.0,0.0,0.0,-0.419785978386789,0.1,0.0,1.0
1779977947.4003596,-1.2820223569869995,-0.46003758907318115,0.0,0.0,nan,0.0,0.0,0.0,-0.419785978386789,0.1,0.0,1.0
1779977947.4107068,-1.2820223569869995,-0.46003758907318115,0.0,0.0,nan,0.0,0.0,0.0,-0.419785978386789,0.1,0.0,1.0
1779977947.4208877,-1.2820223569869995,-0.46003758907318115,0.0,0.0,nan,0.0,0.0,0.0,-0.419785978386789,0.1,0.0,1.0
1779977947.4310482,-1.2820223569869995,-0.46003758907318115,0.0,0.0,nan,0.0,0.0,0.0,-0.419785978386789,0.1,0.0,1.0
1779977947.4415593,-1.2820223569869995,-0.46003758907318115,0.0,0.0,nan,0.0,0.0,0.0,-0.419785978386789,0.1,0.0,1.0
1779977947.4520795,-1.2820223569869995,-0.46003758907318115,0.0,0.0,nan,0.0,0.0,0.0,-0.419785978386789,0.1,0.0,1.0
1779977947.462649,-1.2820223569869995,-0.46003758907318115,0.0,0.0,nan,0.0,0.0,0.0,-0.419785978386789,0.1,0.0,1.0
1779977947.47271,-1.2820223569869995,-0.46003758907318115,0.0,0.0,nan,0.0,0.0,0.0,-0.419785978386789,0.1,0.0,1.0
1779977947.4828908,-1.2820223569869995,-0.46003758907318115,0.0,0.0,nan,0.0,0.0,0.0,-0.419785978386789,0.1,0.0,1.0
1779977947.4936385,-1.2820223569869995,-0.46003758907318115,0.0,0.0,nan,0.0,0.0,0.0,-0.419785978386789,0.1,0.0,1.0
1779977947.5036252,-1.2820223569869995,-0.46003758907318115,0.0,0.0,nan,0.0,0.0,0.0,-0.419785978386789,0.1,0.0,1.0
1779977947.5138595,-1.2820223569869995,-0.46003758907318115,0.0,0.0,nan,0.0,0.0,0.0,-0.419785978386789,0.1,0.0,1.0
1779977947.524317,-1.2820223569869995,-0.46003758907318115,0.0,0.0,nan,0.0,0.0,0.0,-0.419785978386789,0.1,0.0,1.0
1779977947.5343754,-1.2820223569869995,-0.46003758907318115,0.0,0.0,nan,0.0,0.0,0.0,-0.419785978386789,0.1,0.0,1.0
1779977947.5449467,-1.2820223569869995,-0.46003758907318115,0.0,0.0,nan,0.0,0.0,0.0,-0.419785978386789,0.1,0.0,1.0
1779977947.5554106,-1.2820223569869995,-0.46003758907318115,0.0,0.0,nan,0.0,0.0,0.0,-0.419785978386789,0.1,0.0,1.0
1779977947.5655944,-1.2820223569869995,-0.46003758907318115,0.0,0.0,nan,0.0,0.0,0.0,-0.419785978386789,0.1,0.0,1.0
1779977947.5761385,-1.2820223569869995,-0.46003758907318115,0.0,0.0,nan,0.0,0.0,0.0,-0.419785978386789,0.1,0.0,1.0
1779977947.586508,-1.2820223569869995,-0.46003758907318115,0.0,0.0,nan,0.0,0.0,0.0,-0.419785978386789,0.1,0.0,1.0
1779977947.5970893,-1.2820223569869995,-0.46003758907318115,0.0,0.0,nan,0.0,0.0,0.0,-0.419785978386789,0.1,0.0,1.0
1779977947.6075215,-1.2820223569869995,-0.46003758907318115,0.0,0.0,nan,0.0,0.0,0.0,-0.419785978386789,0.1,0.0,1.0
1779977947.6177335,-1.2820223569869995,-0.46003758907318115,0.0,0.0,nan,0.0,0.0,0.0,-0.419785978386789,0.1,0.0,1.0
1779977947.6282344,-1.2820223569869995,-0.46003758907318115,0.0,0.0,nan,0.0,0.0,0.0,-0.419785978386789,0.1,0.0,1.0
1779977947.6388397,-1.2820223569869995,-0.46003758907318115,0.0,0.0,nan,0.0,0.0,0.0,-0.419785978386789,0.1,0.0,1.0
1779977947.6488545,-1.2820223569869995,-0.46003758907318115,0.0,0.0,nan,0.0,0.0,0.0,-0.419785978386789,0.1,0.0,1.0
1779977947.659164,-1.2820223569869995,-0.46003758907318115,0.0,0.0,nan,0.0,0.0,0.0,-0.419785978386789,0.1,0.0,1.0
1779977947.6692355,-1.2820223569869995,-0.46003758907318115,0.0,0.0,nan,0.0,0.0,0.0,-0.419785978386789,0.1,0.0,1.0
1779977947.6796517,-1.2820223569869995,-0.46003758907318115,0.0,0.0,nan,0.0,0.0,0.0,-0.419785978386789,0.1,0.0,1.0
1779977947.689806,-1.2820223569869995,-0.46003758907318115,0.0,0.0,nan,0.0,0.0,0.0,-0.419785978386789,0.1,0.0,1.0
1779977947.6999605,-1.2820223569869995,-0.46003758907318115,0.0,0.0,nan,0.0,0.0,0.0,-0.419785978386789,0.1,0.0,1.0
1779977947.7104983,-1.2820223569869995,-0.46003758907318115,0.0,0.0,nan,0.0,0.0,0.0,-0.419785978386789,0.1,0.0,1.0
1779977947.7206101,-1.2820223569869995,-0.46003758907318115,0.0,0.0,nan,0.0,0.0,0.0,-0.419785978386789,0.1,0.0,1.0
1779977947.731131,-1.2820223569869995,-0.46003758907318115,0.0,0.0,nan,0.0,0.0,0.0,-0.419785978386789,0.1,0.0,1.0
1779977947.7415519,-1.2820223569869995,-0.46003758907318115,0.0,0.0,nan,0.0,0.0,0.0,-0.419785978386789,0.1,0.0,1.0
1779977947.7516532,-1.2820223569869995,-0.46003758907318115,0.0,0.0,nan,0.0,0.0,0.0,-0.419785978386789,0.1,0.0,1.0
1779977947.7622256,-1.2820223569869995,-0.46003758907318115,0.0,0.0,nan,0.0,0.0,0.0,-0.419785978386789,0.1,0.0,1.0
1779977947.7726474,-1.2820223569869995,-0.46003758907318115,0.0,0.0,nan,0.0,0.0,0.0,-0.419785978386789,0.1,0.0,1.0
1779977947.7829125,-1.2820223569869995,-0.46003758907318115,0.0,0.0,nan,0.0,0.0,0.0,-0.419785978386789,0.1,0.0,1.0
1779977947.7932312,-1.2820223569869995,-0.46003758907318115,0.0,0.0,nan,0.0,0.0,0.0,-0.419785978386789,0.1,0.0,1.0
1779977947.8033154,-1.2820223569869995,-0.46003758907318115,0.0,0.0,nan,0.0,0.0,0.0,-0.419785978386789,0.1,0.0,1.0
1779977947.8139045,-1.2820223569869995,-0.46003758907318115,0.0,0.0,nan,0.0,0.0,0.0,-0.419785978386789,0.1,0.0,1.0
1779977947.8240836,-1.2820223569869995,-0.46003758907318115,0.0,0.0,nan,0.0,0.0,0.0,-0.419785978386789,0.1,0.0,1.0
1779977947.8342974,-1.2820223569869995,-0.46003758907318115,0.0,0.0,nan,0.0,0.0,0.0,-0.419785978386789,0.1,0.0,1.0
1779977947.8449287,-1.2820223569869995,-0.46003758907318115,0.0,0.0,nan,0.0,0.0,0.0,-0.419785978386789,0.1,0.0,1.0
1779977947.8556767,-1.2820223569869995,-0.46003758907318115,0.0,0.0,nan,0.0,0.0,0.0,-0.419785978386789,0.1,0.0,1.0
1779977947.8659573,-1.2820223569869995,-0.46003758907318115,0.0,0.0,nan,0.0,0.0,0.0,-0.419785978386789,0.1,0.0,1.0
1779977947.8764737,-1.2820223569869995,-0.46003758907318115,0.0,0.0,nan,0.0,0.0,0.0,-0.419785978386789,0.1,0.0,1.0
1779977947.8871539,-1.2820223569869995,-0.46003758907318115,0.0,0.0,nan,0.0,0.0,0.0,-0.419785978386789,0.1,0.0,1.0
1779977947.8970366,-1.2820223569869995,-0.46003758907318115,0.0,0.0,nan,0.0,0.0,0.0,-0.419785978386789,0.1,0.0,1.0
1779977947.9073396,-1.2820223569869995,-0.46003758907318115,0.0,0.0,nan,0.0,0.0,0.0,-0.419785978386789,0.1,0.0,1.0
1779977947.9176447,-1.2820223569869995,-0.46003758907318115,0.0,0.0,nan,0.0,0.0,0.0,-0.419785978386789,0.1,0.0,1.0
1779977947.9277077,-1.2820223569869995,-0.46003758907318115,0.0,0.0,nan,0.0,0.0,0.0,-0.419785978386789,0.1,0.0,1.0
1779977947.937908,-1.2820223569869995,-0.46003758907318115,0.0,0.0,nan,0.0,0.0,0.0,-0.419785978386789,0.1,0.0,1.0
1779977947.948149,-1.2820223569869995,-0.46003758907318115,0.0,0.0,nan,0.0,0.0,0.0,-0.419785978386789,0.1,0.0,1.0
1779977947.9583187,-1.2820223569869995,-0.46003758907318115,0.0,0.0,nan,0.0,0.0,0.0,-0.419785978386789,0.1,0.0,1.0
1779977947.9686487,-1.2820223569869995,-0.46003758907318115,0.0,0.0,nan,0.0,0.0,0.0,-0.419785978386789,0.1,0.0,1.0
1779977947.9792027,-1.2820223569869995,-0.46003758907318115,0.0,0.0,nan,0.0,0.0,0.0,-0.419785978386789,0.1,0.0,1.0
1779977947.989535,-1.2820223569869995,-0.46003758907318115,0.0,0.0,nan,0.0,0.0,0.0,-0.419785978386789,0.1,0.0,1.0
1779977947.999511,-1.2820223569869995,-0.46003758907318115,0.0,0.0,nan,0.0,0.0,0.0,-0.419785978386789,0.1,0.0,1.0
1779977948.009999,-1.2820223569869995,-0.46003758907318115,0.0,0.0,nan,0.0,0.0,0.0,-0.419785978386789,0.1,0.0,1.0
1779977948.0204127,-1.2820223569869995,-0.46003758907318115,0.0,0.0,nan,0.0,0.0,0.0,-0.419785978386789,0.1,0.0,1.0
1779977948.0305812,-1.2820223569869995,-0.46003758907318115,0.0,0.0,nan,0.0,0.0,0.0,-0.419785978386789,0.1,0.0,1.0
1779977948.041139,-1.2820223569869995,-0.46003758907318115,0.0,0.0,nan,0.0,0.0,0.0,-0.419785978386789,0.1,0.0,1.0
1779977948.0516472,-1.2820223569869995,-0.46003758907318115,0.0,0.0,nan,0.0,0.0,0.0,-0.419785978386789,0.1,0.0,1.0
1779977948.0617924,-1.2820223569869995,-0.46003758907318115,0.0,0.0,nan,0.0,0.0,0.0,-0.419785978386789,0.1,0.0,1.0
1779977948.0721574,-1.2820223569869995,-0.46003758907318115,0.0,0.0,nan,0.0,0.0,0.0,-0.419785978386789,0.1,0.0,1.0
1779977948.082253,-1.2820223569869995,-0.46003758907318115,0.0,0.0,nan,0.0,0.0,0.0,-0.419785978386789,0.1,0.0,1.0
1779977948.092593,-1.2820223569869995,-0.46003758907318115,0.0,0.0,nan,0.0,0.0,0.0,-0.419785978386789,0.1,0.0,1.0
1779977948.1030946,-1.2820223569869995,-0.46003758907318115,0.0,0.0,nan,0.0,0.0,0.0,-0.419785978386789,0.1,0.0,1.0
1779977948.1137314,-1.2820223569869995,-0.46003758907318115,0.0,0.0,nan,0.0,0.0,0.0,-0.419785978386789,0.1,0.0,1.0
1779977948.1242921,-1.2820223569869995,-0.46003758907318115,0.0,0.0,nan,0.0,0.0,0.0,-0.419785978386789,0.1,0.0,1.0
1779977948.134449,-1.2820223569869995,-0.46003758907318115,0.0,0.0,nan,0.0,0.0,0.0,-0.419785978386789,0.1,0.0,1.0
1779977948.1444964,-1.2820223569869995,-0.46003758907318115,0.0,0.0,nan,0.0,0.0,0.0,-0.419785978386789,0.1,0.0,1.0
1779977948.154558,-1.2820223569869995,-0.46003758907318115,0.0,0.0,nan,0.0,0.0,0.0,-0.419785978386789,0.1,0.0,1.0
1779977948.1648967,-1.2820223569869995,-0.46003758907318115,0.0,0.0,nan,0.0,0.0,0.0,-0.419785978386789,0.1,0.0,1.0
1779977948.1753926,-1.2820223569869995,-0.46003758907318115,0.0,0.0,nan,0.0,0.0,0.0,-0.419785978386789,0.1,0.0,1.0
1779977948.1862369,-1.2820223569869995,-0.46003758907318115,0.0,0.0,nan,0.0,0.0,0.0,-0.419785978386789,0.1,0.0,1.0
1779977948.1963959,-1.2820223569869995,-0.46003758907318115,0.0,0.0,nan,0.0,0.0,0.0,-0.419785978386789,0.1,0.0,1.0
1779977948.2069216,-1.2820223569869995,-0.46003758907318115,0.0,0.0,nan,0.0,0.0,0.0,-0.419785978386789,0.1,0.0,1.0
1779977948.2171073,-1.2820223569869995,-0.46003758907318115,0.0,0.0,nan,0.0,0.0,0.0,-0.419785978386789,0.1,0.0,1.0
1779977948.227182,-1.2820223569869995,-0.46003758907318115,0.0,0.0,nan,0.0,0.0,0.0,-0.419785978386789,0.1,0.0,1.0
1779977948.237307,-1.2820223569869995,-0.46003758907318115,0.0,0.0,nan,0.0,0.0,0.0,-0.419785978386789,0.1,0.0,1.0
1779977948.247442,-1.2820223569869995,-0.46003758907318115,0.0,0.0,nan,0.0,0.0,0.0,-0.419785978386789,0.1,0.0,1.0
1779977948.2578437,-1.2820223569869995,-0.46003758907318115,0.0,0.0,nan,0.0,0.0,0.0,-0.419785978386789,0.1,0.0,1.0
1779977948.2683294,-1.2820223569869995,-0.46003758907318115,0.0,0.0,nan,0.0,0.0,0.0,-0.419785978386789,0.1,0.0,1.0
1779977948.2786355,-1.2820223569869995,-0.46003758907318115,0.0,0.0,nan,0.0,0.0,0.0,-0.419785978386789,0.1,0.0,1.0
1779977948.2888174,-1.2820223569869995,-0.46003758907318115,0.0,0.0,nan,0.0,0.0,0.0,-0.419785978386789,0.1,0.0,1.0
1779977948.2993128,-1.2820223569869995,-0.46003758907318115,0.0,0.0,nan,0.0,0.0,0.0,-0.419785978386789,0.1,0.0,1.0
1779977948.309763,-1.2820223569869995,-0.46003758907318115,0.0,0.0,nan,0.0,0.0,0.0,-0.419785978386789,0.1,0.0,1.0
1779977948.3197484,-1.2820223569869995,-0.46003758907318115,0.0,0.0,nan,0.0,0.0,0.0,-0.419785978386789,0.1,0.0,1.0
1779977948.3301144,-1.2820223569869995,-0.46003758907318115,0.0,0.0,nan,0.0,0.0,0.0,-0.419785978386789,0.1,0.0,1.0
1779977948.340252,-1.2820223569869995,-0.46003758907318115,0.0,0.0,nan,0.0,0.0,0.0,-0.419785978386789,0.1,0.0,1.0
1779977948.3510222,-1.2820223569869995,-0.46003758907318115,0.0,0.0,nan,0.0,0.0,0.0,-0.419785978386789,0.1,0.0,1.0
1779977948.3609967,-1.2820223569869995,-0.46003758907318115,0.0,0.0,nan,0.0,0.0,0.0,-0.419785978386789,0.1,0.0,1.0
1779977948.3713486,-1.2820223569869995,-0.46003758907318115,0.0,0.0,nan,0.0,0.0,0.0,-0.419785978386789,0.1,0.0,1.0
1779977948.3819556,-1.2820223569869995,-0.46003758907318115,0.0,0.0,nan,0.0,0.0,0.0,-0.419785978386789,0.1,0.0,1.0
1779977948.3922503,-1.2820223569869995,-0.46003758907318115,0.0,0.0,nan,0.0,0.0,0.0,-0.419785978386789,0.1,0.0,1.0
1779977948.4027603,-1.2820223569869995,-0.46003758907318115,0.0,0.0,nan,0.0,0.0,0.0,-0.419785978386789,0.1,0.0,1.0
1779977948.4129572,-1.2820223569869995,-0.46003758907318115,0.0,0.0,nan,0.0,0.0,0.0,-0.419785978386789,0.1,0.0,1.0
1779977948.4234626,-1.2820223569869995,-0.46003758907318115,0.0,0.0,nan,0.0,0.0,0.0,-0.419785978386789,0.1,0.0,1.0
1779977948.4340222,-1.2820223569869995,-0.46003758907318115,0.0,0.0,nan,0.0,0.0,0.0,-0.419785978386789,0.1,0.0,1.0
1779977948.4443922,-1.2820223569869995,-0.46003758907318115,0.0,0.0,nan,0.0,0.0,0.0,-0.419785978386789,0.1,0.0,1.0
1779977948.454918,-1.2820223569869995,-0.46003758907318115,0.0,0.0,nan,0.0,0.0,0.0,-0.419785978386789,0.1,0.0,1.0
1779977948.4651256,-1.2820223569869995,-0.46003758907318115,0.0,0.0,nan,0.0,0.0,0.0,-0.419785978386789,0.1,0.0,1.0
1779977948.4756825,-1.2820223569869995,-0.46003758907318115,0.0,0.0,nan,0.0,0.0,0.0,-0.419785978386789,0.1,0.0,1.0
1779977948.4861887,-1.2820223569869995,-0.46003758907318115,0.0,0.0,nan,0.0,0.0,0.0,-0.419785978386789,0.1,0.0,1.0
1779977948.4964855,-1.2820223569869995,-0.46003758907318115,0.0,0.0,nan,0.0,0.0,0.0,-0.419785978386789,0.1,0.0,1.0
1779977948.5069826,-1.2820223569869995,-0.46003758907318115,0.0,0.0,nan,0.0,0.0,0.0,-0.419785978386789,0.1,0.0,1.0
1779977948.517183,-1.2820223569869995,-0.46003758907318115,0.0,0.0,nan,0.0,0.0,0.0,-0.419785978386789,0.1,0.0,1.0
1779977948.5273445,-1.2820223569869995,-0.46003758907318115,0.0,0.0,nan,0.0,0.0,0.0,-0.419785978386789,0.1,0.0,1.0
1779977948.5374777,-1.2820223569869995,-0.46003758907318115,0.0,0.0,nan,0.0,0.0,0.0,-0.419785978386789,0.1,0.0,1.0
1779977948.5476158,-1.2820223569869995,-0.46003758907318115,0.0,0.0,nan,0.0,0.0,0.0,-0.419785978386789,0.1,0.0,1.0
1779977948.5578897,-1.2820223569869995,-0.46003758907318115,0.0,0.0,nan,0.0,0.0,0.0,-0.419785978386789,0.1,0.0,1.0
1779977948.56823,-1.2820223569869995,-0.46003758907318115,0.0,0.0,nan,0.0,0.0,0.0,-0.419785978386789,0.1,0.0,1.0
1779977948.5784893,-1.2820223569869995,-0.46003758907318115,0.0,0.0,nan,0.0,0.0,0.0,-0.419785978386789,0.1,0.0,1.0
1779977948.5888631,-1.2820223569869995,-0.46003758907318115,0.0,0.0,nan,0.0,0.0,0.0,-0.419785978386789,0.1,0.0,1.0
1779977948.5995748,-1.2820223569869995,-0.46003758907318115,0.0,0.0,nan,0.0,0.0,0.0,-0.419785978386789,0.1,0.0,1.0
1779977948.6099107,-1.2820223569869995,-0.46003758907318115,0.0,0.0,nan,0.0,0.0,0.0,-0.419785978386789,0.1,0.0,1.0
1779977948.6204107,-1.2820223569869995,-0.46003758907318115,0.0,0.0,nan,0.0,0.0,0.0,-0.419785978386789,0.1,0.0,1.0
1779977948.630559,-1.2820223569869995,-0.46003758907318115,0.0,0.0,nan,0.0,0.0,0.0,-0.419785978386789,0.1,0.0,1.0
1779977948.6406457,-1.2820223569869995,-0.46003758907318115,0.0,0.0,nan,0.0,0.0,0.0,-0.419785978386789,0.1,0.0,1.0
1779977948.6510022,-1.2820223569869995,-0.46003758907318115,0.0,0.0,nan,0.0,0.0,0.0,-0.419785978386789,0.1,0.0,1.0
1779977948.6611512,-1.2820223569869995,-0.46003758907318115,0.0,0.0,nan,0.0,0.0,0.0,-0.419785978386789,0.1,0.0,1.0
1779977948.6716225,-1.2820223569869995,-0.46003758907318115,0.0,0.0,nan,0.0,0.0,0.0,-0.419785978386789,0.1,0.0,1.0
1779977948.6823423,-1.2820223569869995,-0.46003758907318115,0.0,0.0,nan,0.0,0.0,0.0,-0.419785978386789,0.1,0.0,1.0
1779977948.6927407,-1.2820223569869995,-0.46003758907318115,0.0,0.0,nan,0.0,0.0,0.0,-0.419785978386789,0.1,0.0,1.0
1779977948.7029305,-1.2820223569869995,-0.46003758907318115,0.0,0.0,nan,0.0,0.0,0.0,-0.419785978386789,0.1,0.0,1.0
1779977948.7134645,-1.2820223569869995,-0.46003758907318115,0.0,0.0,nan,0.0,0.0,0.0,-0.419785978386789,0.1,0.0,1.0
1779977948.723647,-1.2820223569869995,-0.46003758907318115,0.0,0.0,nan,0.0,0.0,0.0,-0.419785978386789,0.1,0.0,1.0
1779977948.7339354,-1.2820223569869995,-0.46003758907318115,0.0,0.0,nan,0.0,0.0,0.0,-0.419785978386789,0.1,0.0,1.0
1779977948.7447538,-1.2820223569869995,-0.46003758907318115,0.0,0.0,nan,0.0,0.0,0.0,-0.419785978386789,0.1,0.0,1.0
1779977948.7552295,-1.2820223569869995,-0.46003758907318115,0.0,0.0,nan,0.0,0.0,0.0,-0.419785978386789,0.1,0.0,1.0
1779977948.765796,-1.2820223569869995,-0.46003758907318115,0.0,0.0,nan,0.0,0.0,0.0,-0.419785978386789,0.1,0.0,1.0
1779977948.775999,-1.2820223569869995,-0.46003758907318115,0.0,0.0,nan,0.0,0.0,0.0,-0.419785978386789,0.1,0.0,1.0
1779977948.7865841,-1.2820223569869995,-0.46003758907318115,0.0,0.0,nan,0.0,0.0,0.0,-0.419785978386789,0.1,0.0,1.0
1779977948.796612,-1.2820223569869995,-0.46003758907318115,0.0,0.0,nan,0.0,0.0,0.0,-0.419785978386789,0.1,0.0,1.0
1779977948.8069017,-1.2820223569869995,-0.46003758907318115,0.0,0.0,nan,0.0,0.0,0.0,-0.419785978386789,0.1,0.0,1.0
1779977948.8169415,-1.2820223569869995,-0.46003758907318115,0.0,0.0,nan,0.0,0.0,0.0,-0.419785978386789,0.1,0.0,1.0
1779977948.8271809,-1.2820223569869995,-0.46003758907318115,0.0,0.0,nan,0.0,0.0,0.0,-0.419785978386789,0.1,0.0,1.0
1779977948.8377466,-1.2820223569869995,-0.46003758907318115,0.0,0.0,nan,0.0,0.0,0.0,-0.419785978386789,0.1,0.0,1.0
1779977948.8480506,-1.2820223569869995,-0.46003758907318115,0.0,0.0,nan,0.0,0.0,0.0,-0.419785978386789,0.1,0.0,1.0
1779977948.8582883,-1.2820223569869995,-0.46003758907318115,0.0,0.0,nan,0.0,0.0,0.0,-0.419785978386789,0.1,0.0,1.0
1779977948.8683977,-1.2820223569869995,-0.46003758907318115,0.0,0.0,nan,0.0,0.0,0.0,-0.419785978386789,0.1,0.0,1.0
1779977948.8786528,-1.2820223569869995,-0.46003758907318115,0.0,0.0,nan,0.0,0.0,0.0,-0.419785978386789,0.1,0.0,1.0
1779977948.8891416,-1.2820223569869995,-0.46003758907318115,0.0,0.0,nan,0.0,0.0,0.0,-0.419785978386789,0.1,0.0,1.0
1779977948.899439,-1.2820223569869995,-0.46003758907318115,0.0,0.0,nan,0.0,0.0,0.0,-0.419785978386789,0.1,0.0,1.0
1779977948.9094021,-1.2820223569869995,-0.46003758907318115,0.0,0.0,nan,0.0,0.0,0.0,-0.419785978386789,0.1,0.0,1.0
1779977948.9199736,-1.2820223569869995,-0.46003758907318115,0.0,0.0,nan,0.0,0.0,0.0,-0.419785978386789,0.1,0.0,1.0
1779977948.9304552,-1.2820223569869995,-0.46003758907318115,0.0,0.0,nan,0.0,0.0,0.0,-0.419785978386789,0.1,0.0,1.0
1779977948.9410949,-1.2820223569869995,-0.46003758907318115,0.0,0.0,nan,0.0,0.0,0.0,-0.419785978386789,0.1,0.0,1.0
1779977948.951262,-1.2820223569869995,-0.46003758907318115,0.0,0.0,nan,0.0,0.0,0.0,-0.419785978386789,0.1,0.0,1.0
1779977948.9615881,-1.2820223569869995,-0.46003758907318115,0.0,0.0,nan,0.0,0.0,0.0,-0.419785978386789,0.1,0.0,1.0
1779977948.9718554,-1.2820223569869995,-0.46003758907318115,0.0,0.0,nan,0.0,0.0,0.0,-0.419785978386789,0.1,0.0,1.0
1779977948.9822621,-1.2820223569869995,-0.46003758907318115,0.0,0.0,nan,0.0,0.0,0.0,-0.419785978386789,0.1,0.0,1.0
1779977948.9922655,-1.2820223569869995,-0.46003758907318115,0.0,0.0,nan,0.0,0.0,0.0,-0.419785978386789,0.1,0.0,1.0
1779977949.00262,-1.2820223569869995,-0.46003758907318115,0.0,0.0,nan,0.0,0.0,0.0,-0.419785978386789,0.1,0.0,1.0
1779977949.0129452,-1.2820223569869995,-0.46003758907318115,0.0,0.0,nan,0.0,0.0,0.0,-0.419785978386789,0.1,0.0,1.0
1779977949.0232413,-1.2820223569869995,-0.46003758907318115,0.0,0.0,nan,0.0,0.0,0.0,-0.419785978386789,0.1,0.0,1.0
1779977949.0333886,-1.2820223569869995,-0.46003758907318115,0.0,0.0,nan,0.0,0.0,0.0,-0.419785978386789,0.1,0.0,1.0
1779977949.0436237,-1.2820223569869995,-0.46003758907318115,0.0,0.0,nan,0.0,0.0,0.0,-0.419785978386789,0.1,0.0,1.0
1779977949.0539782,-1.2820223569869995,-0.46003758907318115,0.0,0.0,nan,0.0,0.0,0.0,-0.419785978386789,0.1,0.0,1.0
1779977949.0640464,-1.2820223569869995,-0.46003758907318115,0.0,0.0,nan,0.0,0.0,0.0,-0.419785978386789,0.1,0.0,1.0
1779977949.0742157,-1.2820223569869995,-0.46003758907318115,0.0,0.0,nan,0.0,0.0,0.0,-0.419785978386789,0.1,0.0,1.0
1779977949.084727,-1.2820223569869995,-0.46003758907318115,0.0,0.0,nan,0.0,0.0,0.0,-0.419785978386789,0.1,0.0,1.0
1779977949.0948164,-1.2820223569869995,-0.46003758907318115,0.0,0.0,nan,0.0,0.0,0.0,-0.419785978386789,0.1,0.0,1.0
1779977949.1050243,-1.2820223569869995,-0.46003758907318115,0.0,0.0,nan,0.0,0.0,0.0,-0.419785978386789,0.1,0.0,1.0
1779977949.1154013,-1.2820223569869995,-0.46003758907318115,0.0,0.0,nan,0.0,0.0,0.0,-0.419785978386789,0.1,0.0,1.0
1779977949.1260324,-1.2820223569869995,-0.46003758907318115,0.0,0.0,nan,0.0,0.0,0.0,-0.419785978386789,0.1,0.0,1.0
1779977949.1367393,-1.2820223569869995,-0.46003758907318115,0.0,0.0,nan,0.0,0.0,0.0,-0.419785978386789,0.1,0.0,1.0
1779977949.1470773,-1.2820223569869995,-0.46003758907318115,0.0,0.0,nan,0.0,0.0,0.0,-0.419785978386789,0.1,0.0,1.0
1779977949.1571958,-1.2820223569869995,-0.46003758907318115,0.0,0.0,nan,0.0,0.0,0.0,-0.419785978386789,0.1,0.0,1.0
1779977949.167657,-1.2820223569869995,-0.46003758907318115,0.0,0.0,nan,0.0,0.0,0.0,-0.419785978386789,0.1,0.0,1.0
1779977949.1779542,-1.2820223569869995,-0.46003758907318115,0.0,0.0,nan,0.0,0.0,0.0,-0.419785978386789,0.1,0.0,1.0
1779977949.1884968,-1.2820223569869995,-0.46003758907318115,0.0,0.0,nan,0.0,0.0,0.0,-0.419785978386789,0.1,0.0,1.0
1779977949.1984198,-1.2820223569869995,-0.46003758907318115,0.0,0.0,nan,0.0,0.0,0.0,-0.419785978386789,0.1,0.0,1.0
1779977949.2086163,-1.2820223569869995,-0.46003758907318115,0.0,0.0,nan,0.0,0.0,0.0,-0.419785978386789,0.1,0.0,1.0
1779977949.2190557,-1.2820223569869995,-0.46003758907318115,0.0,0.0,nan,0.0,0.0,0.0,-0.419785978386789,0.1,0.0,1.0
1779977949.2294424,-1.2820223569869995,-0.46003758907318115,0.0,0.0,nan,0.0,0.0,0.0,-0.419785978386789,0.1,0.0,1.0
1779977949.240059,-1.2820223569869995,-0.46003758907318115,0.0,0.0,nan,0.0,0.0,0.0,-0.419785978386789,0.1,0.0,1.0
1779977949.2503755,-1.2820223569869995,-0.46003758907318115,0.0,0.0,nan,0.0,0.0,0.0,-0.419785978386789,0.1,0.0,1.0
1779977949.260391,-1.2820223569869995,-0.46003758907318115,0.0,0.0,nan,0.0,0.0,0.0,-0.419785978386789,0.1,0.0,1.0
1779977949.2707462,-1.2820223569869995,-0.46003758907318115,0.0,0.0,nan,0.0,0.0,0.0,-0.419785978386789,0.1,0.0,1.0
1779977949.2810678,-1.2820223569869995,-0.46003758907318115,0.0,0.0,nan,0.0,0.0,0.0,-0.419785978386789,0.1,0.0,1.0
1779977949.2912357,-1.2820223569869995,-0.46003758907318115,0.0,0.0,nan,0.0,0.0,0.0,-0.419785978386789,0.1,0.0,1.0
1779977949.301432,-1.2820223569869995,-0.46003758907318115,0.0,0.0,nan,0.0,0.0,0.0,-0.419785978386789,0.1,0.0,1.0
1779977949.312045,-1.2820223569869995,-0.46003758907318115,0.0,0.0,nan,0.0,0.0,0.0,-0.419785978386789,0.1,0.0,1.0
1779977949.3226156,-1.2820223569869995,-0.46003758907318115,0.0,0.0,nan,0.0,0.0,0.0,-0.419785978386789,0.1,0.0,1.0
1779977949.3330522,-1.2820223569869995,-0.46003758907318115,0.0,0.0,nan,0.0,0.0,0.0,-0.419785978386789,0.1,0.0,1.0
1779977949.343185,-1.2820223569869995,-0.46003758907318115,0.0,0.0,nan,0.0,0.0,0.0,-0.419785978386789,0.1,0.0,1.0
1779977949.353585,-1.2820223569869995,-0.46003758907318115,0.0,0.0,nan,0.0,0.0,0.0,-0.419785978386789,0.1,0.0,1.0
1779977949.3636813,-1.2820223569869995,-0.46003758907318115,0.0,0.0,nan,0.0,0.0,0.0,-0.419785978386789,0.1,0.0,1.0
1779977949.373926,-1.2820223569869995,-0.46003758907318115,0.0,0.0,nan,0.0,0.0,0.0,-0.419785978386789,0.1,0.0,1.0
1779977949.384191,-1.2820223569869995,-0.46003758907318115,0.0,0.0,nan,0.0,0.0,0.0,-0.419785978386789,0.1,0.0,1.0
1779977949.394378,-1.2820223569869995,-0.46003758907318115,0.0,0.0,nan,0.0,0.0,0.0,-0.419785978386789,0.1,0.0,1.0
1779977949.4047604,-1.2820223569869995,-0.46003758907318115,0.0,0.0,nan,0.0,0.0,0.0,-0.419785978386789,0.1,0.0,1.0
1779977949.4150786,-1.2820223569869995,-0.46003758907318115,0.0,0.0,nan,0.0,0.0,0.0,-0.419785978386789,0.1,0.0,1.0
1779977949.4254067,-1.2820223569869995,-0.46003758907318115,0.0,0.0,nan,0.0,0.0,0.0,-0.419785978386789,0.1,0.0,1.0
1779977949.4359381,-1.2820223569869995,-0.46003758907318115,0.0,0.0,nan,0.0,0.0,0.0,-0.419785978386789,0.1,0.0,1.0
1779977949.4464796,-1.2820223569869995,-0.46003758907318115,0.0,0.0,nan,0.0,0.0,0.0,-0.419785978386789,0.1,0.0,1.0
1779977949.456998,-1.2820223569869995,-0.46003758907318115,0.0,0.0,nan,0.0,0.0,0.0,-0.419785978386789,0.1,0.0,1.0
1779977949.4672637,-1.2820223569869995,-0.46003758907318115,0.0,0.0,nan,0.0,0.0,0.0,-0.419785978386789,0.1,0.0,1.0
1779977949.4778244,-1.2820223569869995,-0.46003758907318115,0.0,0.0,nan,0.0,0.0,0.0,-0.419785978386789,0.1,0.0,1.0
1779977949.487974,-1.2820223569869995,-0.46003758907318115,0.0,0.0,nan,0.0,0.0,0.0,-0.419785978386789,0.1,0.0,1.0
1779977949.498087,-1.2820223569869995,-0.46003758907318115,0.0,0.0,nan,0.0,0.0,0.0,-0.419785978386789,0.1,0.0,1.0
1779977949.5085323,-1.2820223569869995,-0.46003758907318115,0.0,0.0,nan,0.0,0.0,0.0,-0.419785978386789,0.1,0.0,1.0
1779977949.5189161,-1.2820223569869995,-0.46003758907318115,0.0,0.0,nan,0.0,0.0,0.0,-0.419785978386789,0.1,0.0,1.0
1779977949.529055,-1.2820223569869995,-0.46003758907318115,0.0,0.0,nan,0.0,0.0,0.0,-0.419785978386789,0.1,0.0,1.0
1779977949.5395687,-1.2820223569869995,-0.46003758907318115,0.0,0.0,nan,0.0,0.0,0.0,-0.419785978386789,0.1,0.0,1.0
1779977949.5503843,-1.2820223569869995,-0.46003758907318115,0.0,0.0,nan,0.0,0.0,0.0,-0.419785978386789,0.1,0.0,1.0
1779977949.560662,-1.2820223569869995,-0.46003758907318115,0.0,0.0,nan,0.0,0.0,0.0,-0.419785978386789,0.1,0.0,1.0
1779977949.5707898,-1.2820223569869995,-0.46003758907318115,0.0,0.0,nan,0.0,0.0,0.0,-0.419785978386789,0.1,0.0,1.0
1779977949.5807567,-1.2820223569869995,-0.46003758907318115,0.0,0.0,nan,0.0,0.0,0.0,-0.419785978386789,0.1,0.0,1.0
1779977949.5909348,-1.2820223569869995,-0.46003758907318115,0.0,0.0,nan,0.0,0.0,0.0,-0.419785978386789,0.1,0.0,1.0
1779977949.6016219,-1.2820223569869995,-0.46003758907318115,0.0,0.0,nan,0.0,0.0,0.0,-0.419785978386789,0.1,0.0,1.0
1779977949.612511,-1.2820223569869995,-0.46003758907318115,0.0,0.0,nan,0.0,0.0,0.0,-0.419785978386789,0.1,0.0,1.0
1779977949.6223888,-1.2820223569869995,-0.46003758907318115,0.0,0.0,nan,0.0,0.0,0.0,-0.419785978386789,0.1,0.0,1.0
1779977949.632974,-1.2820223569869995,-0.46003758907318115,0.0,0.0,nan,0.0,0.0,0.0,-0.419785978386789,0.1,0.0,1.0
1779977949.6433058,-1.2820223569869995,-0.46003758907318115,0.0,0.0,nan,0.0,0.0,0.0,-0.419785978386789,0.1,0.0,1.0
1779977949.6534715,-1.2820223569869995,-0.46003758907318115,0.0,0.0,nan,0.0,0.0,0.0,-0.419785978386789,0.1,0.0,1.0
1779977949.6640534,-1.2820223569869995,-0.46003758907318115,0.0,0.0,nan,0.0,0.0,0.0,-0.419785978386789,0.1,0.0,1.0
1779977949.6741683,-1.2820223569869995,-0.46003758907318115,0.0,0.0,nan,0.0,0.0,0.0,-0.419785978386789,0.1,0.0,1.0
1779977949.6841416,-1.2820223569869995,-0.46003758907318115,0.0,0.0,nan,0.0,0.0,0.0,-0.419785978386789,0.1,0.0,1.0
1779977949.6947196,-1.2820223569869995,-0.46003758907318115,0.0,0.0,nan,0.0,0.0,0.0,-0.419785978386789,0.1,0.0,1.0
1779977949.7050672,-1.2820223569869995,-0.46003758907318115,0.0,0.0,nan,0.0,0.0,0.0,-0.419785978386789,0.1,0.0,1.0
1779977949.7149181,-1.2820223569869995,-0.46003758907318115,0.0,0.0,nan,0.0,0.0,0.0,-0.419785978386789,0.1,0.0,1.0
1779977949.725288,-1.2820223569869995,-0.46003758907318115,0.0,0.0,nan,0.0,0.0,0.0,-0.419785978386789,0.1,0.0,1.0
1779977949.7354848,-1.2820223569869995,-0.46003758907318115,0.0,0.0,nan,0.0,0.0,0.0,-0.419785978386789,0.1,0.0,1.0
1779977949.745663,-1.2820223569869995,-0.46003758907318115,0.0,0.0,nan,0.0,0.0,0.0,-0.419785978386789,0.1,0.0,1.0
1779977949.7558262,-1.2820223569869995,-0.46003758907318115,0.0,0.0,nan,0.0,0.0,0.0,-0.419785978386789,0.1,0.0,1.0
1779977949.7663436,-1.2820223569869995,-0.46003758907318115,0.0,0.0,nan,0.0,0.0,0.0,-0.419785978386789,0.1,0.0,1.0
1779977949.776405,-1.2820223569869995,-0.46003758907318115,0.0,0.0,nan,0.0,0.0,0.0,-0.419785978386789,0.1,0.0,1.0
1779977949.7864947,-1.2820223569869995,-0.46003758907318115,0.0,0.0,nan,0.0,0.0,0.0,-0.419785978386789,0.1,0.0,1.0
1779977949.7971601,-1.2820223569869995,-0.46003758907318115,0.0,0.0,nan,0.0,0.0,0.0,-0.419785978386789,0.1,0.0,1.0
1779977949.8076355,-1.2820223569869995,-0.46003758907318115,0.0,0.0,nan,0.0,0.0,0.0,-0.419785978386789,0.1,0.0,1.0
1779977949.8175194,-1.2820223569869995,-0.46003758907318115,0.0,0.0,nan,0.0,0.0,0.0,-0.419785978386789,0.1,0.0,1.0
1779977949.8275359,-1.2820223569869995,-0.46003758907318115,0.0,0.0,nan,0.0,0.0,0.0,-0.419785978386789,0.1,0.0,1.0
1779977949.8377955,-1.2820223569869995,-0.46003758907318115,0.0,0.0,nan,0.0,0.0,0.0,-0.419785978386789,0.1,0.0,1.0
1779977949.848185,-1.2820223569869995,-0.46003758907318115,0.0,0.0,nan,0.0,0.0,0.0,-0.419785978386789,0.1,0.0,1.0
1779977949.8585656,-1.2820223569869995,-0.46003758907318115,0.0,0.0,nan,0.0,0.0,0.0,-0.419785978386789,0.1,0.0,1.0
1779977949.8686528,-1.2820223569869995,-0.46003758907318115,0.0,0.0,nan,0.0,0.0,0.0,-0.419785978386789,0.1,0.0,1.0
1779977949.8790634,-1.2820223569869995,-0.46003758907318115,0.0,0.0,nan,0.0,0.0,0.0,-0.419785978386789,0.1,0.0,1.0
1779977949.8892713,-1.2820223569869995,-0.46003758907318115,0.0,0.0,nan,0.0,0.0,0.0,-0.419785978386789,0.1,0.0,1.0
1779977949.8995922,-1.2820223569869995,-0.46003758907318115,0.0,0.0,nan,0.0,0.0,0.0,-0.419785978386789,0.1,0.0,1.0
1779977949.909776,-1.2820223569869995,-0.46003758907318115,0.0,0.0,nan,0.0,0.0,0.0,-0.419785978386789,0.1,0.0,1.0
1779977949.920098,-1.2820223569869995,-0.46003758907318115,0.0,0.0,nan,0.0,0.0,0.0,-0.419785978386789,0.1,0.0,1.0
1779977949.9304087,-1.2820223569869995,-0.46003758907318115,0.0,0.0,nan,0.0,0.0,0.0,-0.419785978386789,0.1,0.0,1.0
1779977949.9412093,-1.2820223569869995,-0.46003758907318115,0.0,0.0,nan,0.0,0.0,0.0,-0.419785978386789,0.1,0.0,1.0
1779977949.9514446,-1.2820223569869995,-0.46003758907318115,0.0,0.0,nan,0.0,0.0,0.0,-0.419785978386789,0.1,0.0,1.0
1779977949.9620862,-1.2820223569869995,-0.46003758907318115,0.0,0.0,nan,0.0,0.0,0.0,-0.419785978386789,0.1,0.0,1.0
1779977949.9722838,-1.2820223569869995,-0.46003758907318115,0.0,0.0,nan,0.0,0.0,0.0,-0.419785978386789,0.1,0.0,1.0
1779977949.982486,-1.2820223569869995,-0.46003758907318115,0.0,0.0,nan,0.0,0.0,0.0,-0.419785978386789,0.1,0.0,1.0
1779977949.9929192,-1.2820223569869995,-0.46003758907318115,0.0,0.0,nan,0.0,0.0,0.0,-0.419785978386789,0.1,0.0,1.0
1779977950.0030885,-1.2820223569869995,-0.46003758907318115,0.0,0.0,nan,0.0,0.0,0.0,-0.419785978386789,0.1,0.0,1.0
1779977950.0133586,-1.2820223569869995,-0.46003758907318115,0.0,0.0,nan,0.0,0.0,0.0,-0.419785978386789,0.1,0.0,1.0
1779977950.0234783,-1.2820223569869995,-0.46003758907318115,0.0,0.0,nan,0.0,0.0,0.0,-0.419785978386789,0.1,0.0,1.0
1779977950.033788,-1.2820223569869995,-0.46003758907318115,0.0,0.0,nan,0.0,0.0,0.0,-0.419785978386789,0.1,0.0,1.0
1779977950.0441012,-1.2820223569869995,-0.46003758907318115,0.0,0.0,nan,0.0,0.0,0.0,-0.419785978386789,0.1,0.0,1.0
1779977950.0546048,-1.2820223569869995,-0.46003758907318115,0.0,0.0,nan,0.0,0.0,0.0,-0.419785978386789,0.1,0.0,1.0
1779977950.0648413,-1.2820223569869995,-0.46003758907318115,0.0,0.0,nan,0.0,0.0,0.0,-0.419785978386789,0.1,0.0,1.0
1779977950.0753393,-1.2820223569869995,-0.46003758907318115,0.0,0.0,nan,0.0,0.0,0.0,-0.419785978386789,0.1,0.0,1.0
1779977950.0854814,-1.2820223569869995,-0.46003758907318115,0.0,0.0,nan,0.0,0.0,0.0,-0.419785978386789,0.1,0.0,1.0
1779977950.0958908,-1.2820223569869995,-0.46003758907318115,0.0,0.0,nan,0.0,0.0,0.0,-0.419785978386789,0.1,0.0,1.0
1779977950.106465,-1.2820223569869995,-0.46003758907318115,0.0,0.0,nan,0.0,0.0,0.0,-0.419785978386789,0.1,0.0,1.0
1779977950.1168842,-1.2820223569869995,-0.46003758907318115,0.0,0.0,nan,0.0,0.0,0.0,-0.419785978386789,0.1,0.0,1.0
1779977950.1276543,-1.2820223569869995,-0.46003758907318115,0.0,0.0,nan,0.0,0.0,0.0,-0.419785978386789,0.1,0.0,1.0
1779977950.1380012,-1.2820223569869995,-0.46003758907318115,0.0,0.0,nan,0.0,0.0,0.0,-0.419785978386789,0.1,0.0,1.0
1779977950.148738,-1.2820223569869995,-0.46003758907318115,0.0,0.0,nan,0.0,0.0,0.0,-0.419785978386789,0.1,0.0,1.0
1779977950.159002,-1.2820223569869995,-0.46003758907318115,0.0,0.0,nan,0.0,0.0,0.0,-0.419785978386789,0.1,0.0,1.0
1779977950.169442,-1.2820223569869995,-0.46003758907318115,0.0,0.0,nan,0.0,0.0,0.0,-0.419785978386789,0.1,0.0,1.0
1779977950.1799953,-1.2820223569869995,-0.46003758907318115,0.0,0.0,nan,0.0,0.0,0.0,-0.419785978386789,0.1,0.0,1.0
1779977950.1902783,-1.2820223569869995,-0.46003758907318115,0.0,0.0,nan,0.0,0.0,0.0,-0.419785978386789,0.1,0.0,1.0
1779977950.200604,-1.2820223569869995,-0.46003758907318115,0.0,0.0,nan,0.0,0.0,0.0,-0.419785978386789,0.1,0.0,1.0
1779977950.2106717,-1.2820223569869995,-0.46003758907318115,0.0,0.0,nan,0.0,0.0,0.0,-0.419785978386789,0.1,0.0,1.0
1779977950.2214189,-1.2820223569869995,-0.46003758907318115,0.0,0.0,nan,0.0,0.0,0.0,-0.419785978386789,0.1,0.0,1.0
1779977950.231685,-1.2820223569869995,-0.46003758907318115,0.0,0.0,nan,0.0,0.0,0.0,-0.419785978386789,0.1,0.0,1.0
1779977950.2419171,-1.2820223569869995,-0.46003758907318115,0.0,0.0,nan,0.0,0.0,0.0,-0.419785978386789,0.1,0.0,1.0
1779977950.2524796,-1.2820223569869995,-0.46003758907318115,0.0,0.0,nan,0.0,0.0,0.0,-0.419785978386789,0.1,0.0,1.0
1779977950.2625315,-1.2820223569869995,-0.46003758907318115,0.0,0.0,nan,0.0,0.0,0.0,-0.419785978386789,0.1,0.0,1.0
1779977950.2734444,-1.2820223569869995,-0.46003758907318115,0.0,0.0,nan,0.0,0.0,0.0,-0.419785978386789,0.1,0.0,1.0
1779977950.2836144,-1.2820223569869995,-0.46003758907318115,0.0,0.0,nan,0.0,0.0,0.0,-0.419785978386789,0.1,0.0,1.0
1779977950.2938514,-1.2820223569869995,-0.46003758907318115,0.0,0.0,nan,0.0,0.0,0.0,-0.419785978386789,0.1,0.0,1.0
1779977950.304414,-1.2820223569869995,-0.46003758907318115,0.0,0.0,nan,0.0,0.0,0.0,-0.419785978386789,0.1,0.0,1.0
1779977950.3146465,-1.2820223569869995,-0.46003758907318115,0.0,0.0,nan,0.0,0.0,0.0,-0.419785978386789,0.1,0.0,1.0
1779977950.3251252,-1.2820223569869995,-0.46003758907318115,0.0,0.0,nan,0.0,0.0,0.0,-0.419785978386789,0.1,0.0,1.0
1779977950.3352585,-1.2820223569869995,-0.46003758907318115,0.0,0.0,nan,0.0,0.0,0.0,-0.419785978386789,0.1,0.0,1.0
1779977950.345532,-1.2820223569869995,-0.46003758907318115,0.0,0.0,nan,0.0,0.0,0.0,-0.419785978386789,0.1,0.0,1.0
1779977950.355818,-1.2820223569869995,-0.46003758907318115,0.0,0.0,nan,0.0,0.0,0.0,-0.419785978386789,0.1,0.0,1.0
1779977950.366346,-1.2820223569869995,-0.46003758907318115,0.0,0.0,nan,0.0,0.0,0.0,-0.419785978386789,0.1,0.0,1.0
1779977950.3764095,-1.2820223569869995,-0.46003758907318115,0.0,0.0,nan,0.0,0.0,0.0,-0.419785978386789,0.1,0.0,1.0
1779977950.3867679,-1.2820223569869995,-0.46003758907318115,0.0,0.0,nan,0.0,0.0,0.0,-0.419785978386789,0.1,0.0,1.0
1779977950.3971207,-1.2820223569869995,-0.46003758907318115,0.0,0.0,nan,0.0,0.0,0.0,-0.419785978386789,0.1,0.0,1.0
1779977950.4073865,-1.2820223569869995,-0.46003758907318115,0.0,0.0,nan,0.0,0.0,0.0,-0.419785978386789,0.1,0.0,1.0
1779977950.4176564,-1.2820223569869995,-0.46003758907318115,0.0,0.0,nan,0.0,0.0,0.0,-0.419785978386789,0.1,0.0,1.0
1779977950.428161,-1.2820223569869995,-0.46003758907318115,0.0,0.0,nan,0.0,0.0,0.0,-0.419785978386789,0.1,0.0,1.0
1779977950.4383786,-1.2820223569869995,-0.46003758907318115,0.0,0.0,nan,0.0,0.0,0.0,-0.419785978386789,0.1,0.0,1.0
1779977950.448766,-1.2820223569869995,-0.46003758907318115,0.0,0.0,nan,0.0,0.0,0.0,-0.419785978386789,0.1,0.0,1.0
1779977950.4588597,-1.2820223569869995,-0.46003758907318115,0.0,0.0,nan,0.0,0.0,0.0,-0.419785978386789,0.1,0.0,1.0
1779977950.4695158,-1.2820223569869995,-0.46003758907318115,0.0,0.0,nan,0.0,0.0,0.0,-0.419785978386789,0.1,0.0,1.0
1779977950.4796371,-1.2820223569869995,-0.46003758907318115,0.0,0.0,nan,0.0,0.0,0.0,-0.419785978386789,0.1,0.0,1.0
1779977950.489872,-1.2820223569869995,-0.46003758907318115,0.0,0.0,nan,0.0,0.0,0.0,-0.419785978386789,0.1,0.0,1.0
1779977950.5001323,-1.2820223569869995,-0.46003758907318115,0.0,0.0,nan,0.0,0.0,0.0,-0.419785978386789,0.1,0.0,1.0
1779977950.5102763,-1.2820223569869995,-0.46003758907318115,0.0,0.0,nan,0.0,0.0,0.0,-0.419785978386789,0.1,0.0,1.0
1779977950.5205324,-1.2820223569869995,-0.46003758907318115,0.0,0.0,nan,0.0,0.0,0.0,-0.419785978386789,0.1,0.0,1.0
1779977950.5304067,-1.2820223569869995,-0.46003758907318115,0.0,0.0,nan,0.0,0.0,0.0,-0.419785978386789,0.1,0.0,1.0
1779977950.5406487,-1.2820223569869995,-0.46003758907318115,0.0,0.0,nan,0.0,0.0,0.0,-0.419785978386789,0.1,0.0,1.0
1779977950.5511777,-1.2820223569869995,-0.46003758907318115,0.0,0.0,nan,0.0,0.0,0.0,-0.419785978386789,0.1,0.0,1.0
1779977950.5610485,-1.2820223569869995,-0.46003758907318115,0.0,0.0,nan,0.0,0.0,0.0,-0.419785978386789,0.1,0.0,1.0
1779977950.571502,-1.2820223569869995,-0.46003758907318115,0.0,0.0,nan,0.0,0.0,0.0,-0.419785978386789,0.1,0.0,1.0
1779977950.5820675,-1.2820223569869995,-0.46003758907318115,0.0,0.0,nan,0.0,0.0,0.0,-0.419785978386789,0.1,0.0,1.0
1779977950.5926068,-1.2820223569869995,-0.46003758907318115,0.0,0.0,nan,0.0,0.0,0.0,-0.419785978386789,0.1,0.0,1.0
1779977950.6031916,-1.2820223569869995,-0.46003758907318115,0.0,0.0,nan,0.0,0.0,0.0,-0.419785978386789,0.1,0.0,1.0
1779977950.6134033,-1.2820223569869995,-0.46003758907318115,0.0,0.0,nan,0.0,0.0,0.0,-0.419785978386789,0.1,0.0,1.0
1779977950.623843,-1.2820223569869995,-0.46003758907318115,0.0,0.0,nan,0.0,0.0,0.0,-0.419785978386789,0.1,0.0,1.0
1779977950.6340108,-1.2820223569869995,-0.46003758907318115,0.0,0.0,nan,0.0,0.0,0.0,-0.419785978386789,0.1,0.0,1.0
1779977950.6441822,-1.2820223569869995,-0.46003758907318115,0.0,0.0,nan,0.0,0.0,0.0,-0.419785978386789,0.1,0.0,1.0
1779977950.6542618,-1.2820223569869995,-0.46003758907318115,0.0,0.0,nan,0.0,0.0,0.0,-0.419785978386789,0.1,0.0,1.0
1779977950.664809,-1.2820223569869995,-0.46003758907318115,0.0,0.0,nan,0.0,0.0,0.0,-0.419785978386789,0.1,0.0,1.0
1779977950.6752203,-1.2820223569869995,-0.46003758907318115,0.0,0.0,nan,0.0,0.0,0.0,-0.419785978386789,0.1,0.0,1.0
1779977950.685902,-1.2820223569869995,-0.46003758907318115,0.0,0.0,nan,0.0,0.0,0.0,-0.419785978386789,0.1,0.0,1.0
1779977950.696614,-1.2820223569869995,-0.46003758907318115,0.0,0.0,nan,0.0,0.0,0.0,-0.419785978386789,0.1,0.0,1.0
1779977950.706986,-1.2820223569869995,-0.46003758907318115,0.0,0.0,nan,0.0,0.0,0.0,-0.419785978386789,0.1,0.0,1.0
1779977950.717104,-1.2820223569869995,-0.46003758907318115,0.0,0.0,nan,0.0,0.0,0.0,-0.419785978386789,0.1,0.0,1.0
1779977950.7277892,-1.2820223569869995,-0.46003758907318115,0.0,0.0,nan,0.0,0.0,0.0,-0.419785978386789,0.1,0.0,1.0
1779977950.7382817,-1.2820223569869995,-0.46003758907318115,0.0,0.0,nan,0.0,0.0,0.0,-0.419785978386789,0.1,0.0,1.0
1779977950.7487483,-1.2820223569869995,-0.46003758907318115,0.0,0.0,nan,0.0,0.0,0.0,-0.419785978386789,0.1,0.0,1.0
1779977950.759126,-1.2820223569869995,-0.46003758907318115,0.0,0.0,nan,0.0,0.0,0.0,-0.419785978386789,0.1,0.0,1.0
1779977950.7696476,-1.2820223569869995,-0.46003758907318115,0.0,0.0,nan,0.0,0.0,0.0,-0.419785978386789,0.1,0.0,1.0
1779977950.7800934,-1.2820223569869995,-0.46003758907318115,0.0,0.0,nan,0.0,0.0,0.0,-0.419785978386789,0.1,0.0,1.0
1779977950.7906241,-1.2820223569869995,-0.46003758907318115,0.0,0.0,nan,0.0,0.0,0.0,-0.419785978386789,0.1,0.0,1.0
1779977950.8009527,-1.2820223569869995,-0.46003758907318115,0.0,0.0,nan,0.0,0.0,0.0,-0.419785978386789,0.1,0.0,1.0
1779977950.811313,-1.2820223569869995,-0.46003758907318115,0.0,0.0,nan,0.0,0.0,0.0,-0.419785978386789,0.1,0.0,1.0
1779977950.8219268,-1.2820223569869995,-0.46003758907318115,0.0,0.0,nan,0.0,0.0,0.0,-0.419785978386789,0.1,0.0,1.0
1779977950.8318934,-1.2820223569869995,-0.46003758907318115,0.0,0.0,nan,0.0,0.0,0.0,-0.419785978386789,0.1,0.0,1.0
1779977950.842368,-1.2820223569869995,-0.46003758907318115,0.0,0.0,nan,0.0,0.0,0.0,-0.419785978386789,0.1,0.0,1.0
1779977950.8529115,-1.2820223569869995,-0.46003758907318115,0.0,0.0,nan,0.0,0.0,0.0,-0.419785978386789,0.1,0.0,1.0
1779977950.8632607,-1.2820223569869995,-0.46003758907318115,0.0,0.0,nan,0.0,0.0,0.0,-0.419785978386789,0.1,0.0,1.0
1779977950.8733523,-1.2820223569869995,-0.46003758907318115,0.0,0.0,nan,0.0,0.0,0.0,-0.419785978386789,0.1,0.0,1.0
1779977950.8836167,-1.2820223569869995,-0.46003758907318115,0.0,0.0,nan,0.0,0.0,0.0,-0.419785978386789,0.1,0.0,1.0
1779977950.8941824,-1.2820223569869995,-0.46003758907318115,0.0,0.0,nan,0.0,0.0,0.0,-0.419785978386789,0.1,0.0,1.0
1779977950.9045038,-1.2820223569869995,-0.46003758907318115,0.0,0.0,nan,0.0,0.0,0.0,-0.419785978386789,0.1,0.0,1.0
1779977950.914619,-1.2820223569869995,-0.46003758907318115,0.0,0.0,nan,0.0,0.0,0.0,-0.419785978386789,0.1,0.0,1.0
1779977950.9250877,-1.2820223569869995,-0.46003758907318115,0.0,0.0,nan,0.0,0.0,0.0,-0.419785978386789,0.1,0.0,1.0
1779977950.9351935,-1.2820223569869995,-0.46003758907318115,0.0,0.0,nan,0.0,0.0,0.0,-0.419785978386789,0.1,0.0,1.0
1779977950.945899,-1.2820223569869995,-0.46003758907318115,0.0,0.0,nan,0.0,0.0,0.0,-0.419785978386789,0.1,0.0,1.0
1779977950.956361,-1.2820223569869995,-0.46003758907318115,0.0,0.0,nan,0.0,0.0,0.0,-0.419785978386789,0.1,0.0,1.0
1779977950.9669538,-1.2820223569869995,-0.46003758907318115,0.0,0.0,nan,0.0,0.0,0.0,-0.419785978386789,0.1,0.0,1.0
1779977950.9768593,-1.2820223569869995,-0.46003758907318115,0.0,0.0,nan,0.0,0.0,0.0,-0.419785978386789,0.1,0.0,1.0
1779977950.987177,-1.2820223569869995,-0.46003758907318115,0.0,0.0,nan,0.0,0.0,0.0,-0.419785978386789,0.1,0.0,1.0
1779977950.9975858,-1.2820223569869995,-0.46003758907318115,0.0,0.0,nan,0.0,0.0,0.0,-0.419785978386789,0.1,0.0,1.0
1779977951.0078244,-1.2820223569869995,-0.46003758907318115,0.0,0.0,nan,0.0,0.0,0.0,-0.419785978386789,0.1,0.0,1.0
1779977951.0178304,-1.2820223569869995,-0.46003758907318115,0.0,0.0,nan,0.0,0.0,0.0,-0.419785978386789,0.1,0.0,1.0
1779977951.0280201,-1.2820223569869995,-0.46003758907318115,0.0,0.0,nan,0.0,0.0,0.0,-0.419785978386789,0.1,0.0,1.0
1779977951.0386996,-1.2820223569869995,-0.46003758907318115,0.0,0.0,nan,0.0,0.0,0.0,-0.419785978386789,0.1,0.0,1.0
1779977951.0491395,-1.2820223569869995,-0.46003758907318115,0.0,0.0,nan,0.0,0.0,0.0,-0.419785978386789,0.1,0.0,1.0
1779977951.0594497,-1.2820223569869995,-0.46003758907318115,0.0,0.0,nan,0.0,0.0,0.0,-0.419785978386789,0.1,0.0,1.0
1779977951.0699856,-1.2820223569869995,-0.46003758907318115,0.0,0.0,nan,0.0,0.0,0.0,-0.419785978386789,0.1,0.0,1.0
1779977951.0800629,-1.2820223569869995,-0.46003758907318115,0.0,0.0,nan,0.0,0.0,0.0,-0.419785978386789,0.1,0.0,1.0
1779977951.090459,-1.2820223569869995,-0.46003758907318115,0.0,0.0,nan,0.0,0.0,0.0,-0.419785978386789,0.1,0.0,1.0
1779977951.1010492,-1.2820223569869995,-0.46003758907318115,0.0,0.0,nan,0.0,0.0,0.0,-0.419785978386789,0.1,0.0,1.0
1779977951.1111522,-1.2820223569869995,-0.46003758907318115,0.0,0.0,nan,0.0,0.0,0.0,-0.419785978386789,0.1,0.0,1.0
1779977951.1214738,-1.2820223569869995,-0.46003758907318115,0.0,0.0,nan,0.0,0.0,0.0,-0.419785978386789,0.1,0.0,1.0
1779977951.131821,-1.2820223569869995,-0.46003758907318115,0.0,0.0,nan,0.0,0.0,0.0,-0.419785978386789,0.1,0.0,1.0
1779977951.1423833,-1.2820223569869995,-0.46003758907318115,0.0,0.0,nan,0.0,0.0,0.0,-0.419785978386789,0.1,0.0,1.0
1779977951.1526163,-1.2820223569869995,-0.46003758907318115,0.0,0.0,nan,0.0,0.0,0.0,-0.419785978386789,0.1,0.0,1.0
1779977951.162771,-1.2820223569869995,-0.46003758907318115,0.0,0.0,nan,0.0,0.0,0.0,-0.419785978386789,0.1,0.0,1.0
1779977951.173336,-1.2820223569869995,-0.46003758907318115,0.0,0.0,nan,0.0,0.0,0.0,-0.419785978386789,0.1,0.0,1.0
1779977951.1835938,-1.2820223569869995,-0.46003758907318115,0.0,0.0,nan,0.0,0.0,0.0,-0.419785978386789,0.1,0.0,1.0
1779977951.1941879,-1.2820223569869995,-0.46003758907318115,0.0,0.0,nan,0.0,0.0,0.0,-0.419785978386789,0.1,0.0,1.0
1779977951.204353,-1.2820223569869995,-0.46003758907318115,0.0,0.0,nan,0.0,0.0,0.0,-0.419785978386789,0.1,0.0,1.0
1779977951.214902,-1.2820223569869995,-0.46003758907318115,0.0,0.0,nan,0.0,0.0,0.0,-0.419785978386789,0.1,0.0,1.0
1779977951.225365,-1.2820223569869995,-0.46003758907318115,0.0,0.0,nan,0.0,0.0,0.0,-0.419785978386789,0.1,0.0,1.0
1779977951.2356093,-1.2820223569869995,-0.46003758907318115,0.0,0.0,nan,0.0,0.0,0.0,-0.419785978386789,0.1,0.0,1.0
1779977951.2456503,-1.2820223569869995,-0.46003758907318115,0.0,0.0,nan,0.0,0.0,0.0,-0.419785978386789,0.1,0.0,1.0
1779977951.2564034,-1.2820223569869995,-0.46003758907318115,0.0,0.0,nan,0.0,0.0,0.0,-0.419785978386789,0.1,0.0,1.0
1779977951.2664478,-1.2820223569869995,-0.46003758907318115,0.0,0.0,nan,0.0,0.0,0.0,-0.419785978386789,0.1,0.0,1.0
1779977951.2770903,-1.2820223569869995,-0.46003758907318115,0.0,0.0,nan,0.0,0.0,0.0,-0.419785978386789,0.1,0.0,1.0
1779977951.2874103,-1.2820223569869995,-0.46003758907318115,0.0,0.0,nan,0.0,0.0,0.0,-0.419785978386789,0.1,0.0,1.0
1779977951.297958,-1.2820223569869995,-0.46003758907318115,0.0,0.0,nan,0.0,0.0,0.0,-0.419785978386789,0.1,0.0,1.0
1779977951.3084598,-1.2820223569869995,-0.46003758907318115,0.0,0.0,nan,0.0,0.0,0.0,-0.419785978386789,0.1,0.0,1.0
1779977951.3186095,-1.2820223569869995,-0.46003758907318115,0.0,0.0,nan,0.0,0.0,0.0,-0.419785978386789,0.1,0.0,1.0
1779977951.3289077,-1.2820223569869995,-0.46003758907318115,0.0,0.0,nan,0.0,0.0,0.0,-0.419785978386789,0.1,0.0,1.0
1779977951.3391438,-1.2820223569869995,-0.46003758907318115,0.0,0.0,nan,0.0,0.0,0.0,-0.419785978386789,0.1,0.0,1.0
1779977951.3492029,-1.2820223569869995,-0.46003758907318115,0.0,0.0,nan,0.0,0.0,0.0,-0.419785978386789,0.1,0.0,1.0
1779977951.3593376,-1.2820223569869995,-0.46003758907318115,0.0,0.0,nan,0.0,0.0,0.0,-0.419785978386789,0.1,0.0,1.0
1779977951.369538,-1.2820223569869995,-0.46003758907318115,0.0,0.0,nan,0.0,0.0,0.0,-0.419785978386789,0.1,0.0,1.0
1779977951.3804321,-1.2820223569869995,-0.46003758907318115,0.0,0.0,nan,0.0,0.0,0.0,-0.419785978386789,0.1,0.0,1.0
1779977951.390841,-1.2820223569869995,-0.46003758907318115,0.0,0.0,nan,0.0,0.0,0.0,-0.419785978386789,0.1,0.0,1.0
1779977951.4007478,-1.2820223569869995,-0.46003758907318115,0.0,0.0,nan,0.0,0.0,0.0,-0.419785978386789,0.1,0.0,1.0
1779977951.410873,-1.2820223569869995,-0.46003758907318115,0.0,0.0,nan,0.0,0.0,0.0,-0.419785978386789,0.1,0.0,1.0
1779977951.4210358,-1.2820223569869995,-0.46003758907318115,0.0,0.0,nan,0.0,0.0,0.0,-0.419785978386789,0.1,0.0,1.0
1779977951.4314437,-1.2820223569869995,-0.46003758907318115,0.0,0.0,nan,0.0,0.0,0.0,-0.419785978386789,0.1,0.0,1.0
1779977951.441901,-1.2820223569869995,-0.46003758907318115,0.0,0.0,nan,0.0,0.0,0.0,-0.419785978386789,0.1,0.0,1.0
1779977951.4523218,-1.2820223569869995,-0.46003758907318115,0.0,0.0,nan,0.0,0.0,0.0,-0.419785978386789,0.1,0.0,1.0
1779977951.462531,-1.2820223569869995,-0.46003758907318115,0.0,0.0,nan,0.0,0.0,0.0,-0.419785978386789,0.1,0.0,1.0
1779977951.4729407,-1.2820223569869995,-0.46003758907318115,0.0,0.0,nan,0.0,0.0,0.0,-0.419785978386789,0.1,0.0,1.0
1779977951.483492,-1.2820223569869995,-0.46003758907318115,0.0,0.0,nan,0.0,0.0,0.0,-0.419785978386789,0.1,0.0,1.0
1779977951.4934938,-1.2820223569869995,-0.46003758907318115,0.0,0.0,nan,0.0,0.0,0.0,-0.419785978386789,0.1,0.0,1.0
1779977951.5035653,-1.2820223569869995,-0.46003758907318115,0.0,0.0,nan,0.0,0.0,0.0,-0.419785978386789,0.1,0.0,1.0
1779977951.514076,-1.2820223569869995,-0.46003758907318115,0.0,0.0,nan,0.0,0.0,0.0,-0.419785978386789,0.1,0.0,1.0
1779977951.5245404,-1.2820223569869995,-0.46003758907318115,0.0,0.0,nan,0.0,0.0,0.0,-0.419785978386789,0.1,0.0,1.0
1779977951.5349684,-1.2820223569869995,-0.46003758907318115,0.0,0.0,nan,0.0,0.0,0.0,-0.419785978386789,0.1,0.0,1.0
1779977951.5454602,-1.2820223569869995,-0.46003758907318115,0.0,0.0,nan,0.0,0.0,0.0,-0.419785978386789,0.1,0.0,1.0
1779977951.5558822,-1.2820223569869995,-0.46003758907318115,0.0,0.0,nan,0.0,0.0,0.0,-0.419785978386789,0.1,0.0,1.0
1779977951.566258,-1.2820223569869995,-0.46003758907318115,0.0,0.0,nan,0.0,0.0,0.0,-0.419785978386789,0.1,0.0,1.0
1779977951.5764425,-1.2820223569869995,-0.46003758907318115,0.0,0.0,nan,0.0,0.0,0.0,-0.419785978386789,0.1,0.0,1.0
1779977951.5865083,-1.2820223569869995,-0.46003758907318115,0.0,0.0,nan,0.0,0.0,0.0,-0.419785978386789,0.1,0.0,1.0
1779977951.5971391,-1.2820223569869995,-0.46003758907318115,0.0,0.0,nan,0.0,0.0,0.0,-0.419785978386789,0.1,0.0,1.0
1779977951.6076474,-1.2820223569869995,-0.46003758907318115,0.0,0.0,nan,0.0,0.0,0.0,-0.419785978386789,0.1,0.0,1.0
1779977951.617876,-1.2820223569869995,-0.46003758907318115,0.0,0.0,nan,0.0,0.0,0.0,-0.419785978386789,0.1,0.0,1.0
1779977951.628222,-1.2820223569869995,-0.46003758907318115,0.0,0.0,nan,0.0,0.0,0.0,-0.419785978386789,0.1,0.0,1.0
1779977951.6385345,-1.2820223569869995,-0.46003758907318115,0.0,0.0,nan,0.0,0.0,0.0,-0.419785978386789,0.1,0.0,1.0
1779977951.6485274,-1.2820223569869995,-0.46003758907318115,0.0,0.0,nan,0.0,0.0,0.0,-0.419785978386789,0.1,0.0,1.0
1779977951.659061,-1.2820223569869995,-0.46003758907318115,0.0,0.0,nan,0.0,0.0,0.0,-0.419785978386789,0.1,0.0,1.0
1779977951.6694782,-1.2820223569869995,-0.46003758907318115,0.0,0.0,nan,0.0,0.0,0.0,-0.419785978386789,0.1,0.0,1.0
1779977951.6799686,-1.2820223569869995,-0.46003758907318115,0.0,0.0,nan,0.0,0.0,0.0,-0.419785978386789,0.1,0.0,1.0
1779977951.690476,-1.2820223569869995,-0.46003758907318115,0.0,0.0,nan,0.0,0.0,0.0,-0.419785978386789,0.1,0.0,1.0
1779977951.7006743,-1.2820223569869995,-0.46003758907318115,0.0,0.0,nan,0.0,0.0,0.0,-0.419785978386789,0.1,0.0,1.0
1779977951.7109888,-1.2820223569869995,-0.46003758907318115,0.0,0.0,nan,0.0,0.0,0.0,-0.419785978386789,0.1,0.0,1.0
1779977951.7215607,-1.2820223569869995,-0.46003758907318115,0.0,0.0,nan,0.0,0.0,0.0,-0.419785978386789,0.1,0.0,1.0
1779977951.7316403,-1.2820223569869995,-0.46003758907318115,0.0,0.0,nan,0.0,0.0,0.0,-0.419785978386789,0.1,0.0,1.0
1779977951.7419097,-1.2820223569869995,-0.46003758907318115,0.0,0.0,nan,0.0,0.0,0.0,-0.419785978386789,0.1,0.0,1.0
1779977951.7524765,-1.2820223569869995,-0.46003758907318115,0.0,0.0,nan,0.0,0.0,0.0,-0.419785978386789,0.1,0.0,1.0
1779977951.7630575,-1.2820223569869995,-0.46003758907318115,0.0,0.0,nan,0.0,0.0,0.0,-0.419785978386789,0.1,0.0,1.0
1779977951.7733078,-1.2820223569869995,-0.46003758907318115,0.0,0.0,nan,0.0,0.0,0.0,-0.419785978386789,0.1,0.0,1.0
1779977951.7839038,-1.2820223569869995,-0.46003758907318115,0.0,0.0,nan,0.0,0.0,0.0,-0.419785978386789,0.1,0.0,1.0
1779977951.7939677,-1.2820223569869995,-0.46003758907318115,0.0,0.0,nan,0.0,0.0,0.0,-0.419785978386789,0.1,0.0,1.0
1779977951.8046136,-1.2820223569869995,-0.46003758907318115,0.0,0.0,nan,0.0,0.0,0.0,-0.419785978386789,0.1,0.0,1.0
1779977951.8154309,-1.2820223569869995,-0.46003758907318115,0.0,0.0,nan,0.0,0.0,0.0,-0.419785978386789,0.1,0.0,1.0
1779977951.8260753,-1.2820223569869995,-0.46003758907318115,0.0,0.0,nan,0.0,0.0,0.0,-0.419785978386789,0.1,0.0,1.0
1779977951.8366044,-1.2820223569869995,-0.46003758907318115,0.0,0.0,nan,0.0,0.0,0.0,-0.419785978386789,0.1,0.0,1.0
1779977951.8470392,-1.2820223569869995,-0.46003758907318115,0.0,0.0,nan,0.0,0.0,0.0,-0.419785978386789,0.1,0.0,1.0
1779977951.857596,-1.2820223569869995,-0.46003758907318115,0.0,0.0,nan,0.0,0.0,0.0,-0.419785978386789,0.1,0.0,1.0
1779977951.8678086,-1.2820223569869995,-0.46003758907318115,0.0,0.0,nan,0.0,0.0,0.0,-0.419785978386789,0.1,0.0,1.0
1779977951.8780787,-1.2820223569869995,-0.46003758907318115,0.0,0.0,nan,0.0,0.0,0.0,-0.419785978386789,0.1,0.0,1.0
1779977951.8882902,-1.2820223569869995,-0.46003758907318115,0.0,0.0,nan,0.0,0.0,0.0,-0.419785978386789,0.1,0.0,1.0
1779977951.8983257,-1.2820223569869995,-0.46003758907318115,0.0,0.0,nan,0.0,0.0,0.0,-0.419785978386789,0.1,0.0,1.0
1779977951.9084303,-1.2820223569869995,-0.46003758907318115,0.0,0.0,nan,0.0,0.0,0.0,-0.419785978386789,0.1,0.0,1.0
1779977951.9186058,-1.2820223569869995,-0.46003758907318115,0.0,0.0,nan,0.0,0.0,0.0,-0.419785978386789,0.1,0.0,1.0
1779977951.9290514,-1.2820223569869995,-0.46003758907318115,0.0,0.0,nan,0.0,0.0,0.0,-0.419785978386789,0.1,0.0,1.0
1779977951.9393423,-1.2820223569869995,-0.46003758907318115,0.0,0.0,nan,0.0,0.0,0.0,-0.419785978386789,0.1,0.0,1.0
1779977951.9496384,-1.2820223569869995,-0.46003758907318115,0.0,0.0,nan,0.0,0.0,0.0,-0.419785978386789,0.1,0.0,1.0
1779977951.9601994,-1.2820223569869995,-0.46003758907318115,0.0,0.0,nan,0.0,0.0,0.0,-0.419785978386789,0.1,0.0,1.0
1779977951.970636,-1.2820223569869995,-0.46003758907318115,0.0,0.0,nan,0.0,0.0,0.0,-0.419785978386789,0.1,0.0,1.0
1779977951.981153,-1.2820223569869995,-0.46003758907318115,0.0,0.0,nan,0.0,0.0,0.0,-0.419785978386789,0.1,0.0,1.0
1779977951.991707,-1.2820223569869995,-0.46003758907318115,0.0,0.0,nan,0.0,0.0,0.0,-0.419785978386789,0.1,0.0,1.0
1779977952.0018797,-1.2820223569869995,-0.46003758907318115,0.0,0.0,nan,0.0,0.0,0.0,-0.419785978386789,0.1,0.0,1.0
1779977952.012013,-1.2820223569869995,-0.46003758907318115,0.0,0.0,nan,0.0,0.0,0.0,-0.419785978386789,0.1,0.0,1.0
1779977952.0226297,-1.2820223569869995,-0.46003758907318115,0.0,0.0,nan,0.0,0.0,0.0,-0.419785978386789,0.1,0.0,1.0
1779977952.032635,-1.2820223569869995,-0.46003758907318115,0.0,0.0,nan,0.0,0.0,0.0,-0.419785978386789,0.1,0.0,1.0
1779977952.0430024,-1.2820223569869995,-0.46003758907318115,0.0,0.0,nan,0.0,0.0,0.0,-0.419785978386789,0.1,0.0,1.0
1779977952.0534935,-1.2820223569869995,-0.46003758907318115,0.0,0.0,nan,0.0,0.0,0.0,-0.419785978386789,0.1,0.0,1.0
1779977952.0642204,-1.2820223569869995,-0.46003758907318115,0.0,0.0,nan,0.0,0.0,0.0,-0.419785978386789,0.1,0.0,1.0
1779977952.0744648,-1.2820223569869995,-0.46003758907318115,0.0,0.0,nan,0.0,0.0,0.0,-0.419785978386789,0.1,0.0,1.0
1779977952.08482,-1.2820223569869995,-0.46003758907318115,0.0,0.0,nan,0.0,0.0,0.0,-0.419785978386789,0.1,0.0,1.0
1779977952.0952728,-1.2820223569869995,-0.46003758907318115,0.0,0.0,nan,0.0,0.0,0.0,-0.419785978386789,0.1,0.0,1.0
1779977952.1052096,-1.2820223569869995,-0.46003758907318115,0.0,0.0,nan,0.0,0.0,0.0,-0.419785978386789,0.1,0.0,1.0
1779977952.1157258,-1.2820223569869995,-0.46003758907318115,0.0,0.0,nan,0.0,0.0,0.0,-0.419785978386789,0.1,0.0,1.0
1779977952.1260748,-1.2820223569869995,-0.46003758907318115,0.0,0.0,nan,0.0,0.0,0.0,-0.419785978386789,0.1,0.0,1.0
1779977952.1365123,-1.2820223569869995,-0.46003758907318115,0.0,0.0,nan,0.0,0.0,0.0,-0.419785978386789,0.1,0.0,1.0
1779977952.1467156,-1.2820223569869995,-0.46003758907318115,0.0,0.0,nan,0.0,0.0,0.0,-0.419785978386789,0.1,0.0,1.0
1779977952.1572838,-1.2820223569869995,-0.46003758907318115,0.0,0.0,nan,0.0,0.0,0.0,-0.419785978386789,0.1,0.0,1.0
1779977952.167754,-1.2820223569869995,-0.46003758907318115,0.0,0.0,nan,0.0,0.0,0.0,-0.419785978386789,0.1,0.0,1.0
1779977952.1782815,-1.2820223569869995,-0.46003758907318115,0.0,0.0,nan,0.0,0.0,0.0,-0.419785978386789,0.1,0.0,1.0
1779977952.1887846,-1.2820223569869995,-0.46003758907318115,0.0,0.0,nan,0.0,0.0,0.0,-0.419785978386789,0.1,0.0,1.0
1779977952.198853,-1.2820223569869995,-0.46003758907318115,0.0,0.0,nan,0.0,0.0,0.0,-0.419785978386789,0.1,0.0,1.0
1779977952.2091901,-1.2820223569869995,-0.46003758907318115,0.0,0.0,nan,0.0,0.0,0.0,-0.419785978386789,0.1,0.0,1.0
1779977952.2192948,-1.2820223569869995,-0.46003758907318115,0.0,0.0,nan,0.0,0.0,0.0,-0.419785978386789,0.1,0.0,1.0
1779977952.2295668,-1.2820223569869995,-0.46003758907318115,0.0,0.0,nan,0.0,0.0,0.0,-0.419785978386789,0.1,0.0,1.0
1779977952.2404246,-1.2820223569869995,-0.46003758907318115,0.0,0.0,nan,0.0,0.0,0.0,-0.419785978386789,0.1,0.0,1.0
1779977952.2503269,-1.2820223569869995,-0.46003758907318115,0.0,0.0,nan,0.0,0.0,0.0,-0.419785978386789,0.1,0.0,1.0
1779977952.2613003,-1.2820223569869995,-0.46003758907318115,0.0,0.0,nan,0.0,0.0,0.0,-0.419785978386789,0.1,0.0,1.0
1779977952.27142,-1.2820223569869995,-0.46003758907318115,0.0,0.0,nan,0.0,0.0,0.0,-0.419785978386789,0.1,0.0,1.0
1779977952.281438,-1.2820223569869995,-0.46003758907318115,0.0,0.0,nan,0.0,0.0,0.0,-0.419785978386789,0.1,0.0,1.0
1779977952.2920015,-1.2820223569869995,-0.46003758907318115,0.0,0.0,nan,0.0,0.0,0.0,-0.419785978386789,0.1,0.0,1.0
1779977952.3021722,-1.2820223569869995,-0.46003758907318115,0.0,0.0,nan,0.0,0.0,0.0,-0.419785978386789,0.1,0.0,1.0
1779977952.3128057,-1.2820223569869995,-0.46003758907318115,0.0,0.0,nan,0.0,0.0,0.0,-0.419785978386789,0.1,0.0,1.0
1779977952.3233175,-1.2820223569869995,-0.46003758907318115,0.0,0.0,nan,0.0,0.0,0.0,-0.419785978386789,0.1,0.0,1.0
1779977952.3334517,-1.2820223569869995,-0.46003758907318115,0.0,0.0,nan,0.0,0.0,0.0,-0.419785978386789,0.1,0.0,1.0
1779977952.3437696,-1.2820223569869995,-0.46003758907318115,0.0,0.0,nan,0.0,0.0,0.0,-0.419785978386789,0.1,0.0,1.0
1779977952.3543174,-1.2820223569869995,-0.46003758907318115,0.0,0.0,nan,0.0,0.0,0.0,-0.419785978386789,0.1,0.0,1.0
1779977952.3645313,-1.2820223569869995,-0.46003758907318115,0.0,0.0,nan,0.0,0.0,0.0,-0.419785978386789,0.1,0.0,1.0
1779977952.3751118,-1.2820223569869995,-0.46003758907318115,0.0,0.0,nan,0.0,0.0,0.0,-0.419785978386789,0.1,0.0,1.0
1779977952.3857417,-1.2820223569869995,-0.46003758907318115,0.0,0.0,nan,0.0,0.0,0.0,-0.419785978386789,0.1,0.0,1.0
1779977952.3957684,-1.2820223569869995,-0.46003758907318115,0.0,0.0,nan,0.0,0.0,0.0,-0.419785978386789,0.1,0.0,1.0
1779977952.4062576,-1.2820223569869995,-0.46003758907318115,0.0,0.0,nan,0.0,0.0,0.0,-0.419785978386789,0.1,0.0,1.0
1779977952.4163003,-1.2820223569869995,-0.46003758907318115,0.0,0.0,nan,0.0,0.0,0.0,-0.419785978386789,0.1,0.0,1.0
1779977952.4270196,-1.2820223569869995,-0.46003758907318115,0.0,0.0,nan,0.0,0.0,0.0,-0.419785978386789,0.1,0.0,1.0
1779977952.4373512,-1.2820223569869995,-0.46003758907318115,0.0,0.0,nan,0.0,0.0,0.0,-0.419785978386789,0.1,0.0,1.0
1779977952.4476204,-1.2820223569869995,-0.46003758907318115,0.0,0.0,nan,0.0,0.0,0.0,-0.419785978386789,0.1,0.0,1.0
1779977952.4582617,-1.2820223569869995,-0.46003758907318115,0.0,0.0,nan,0.0,0.0,0.0,-0.419785978386789,0.1,0.0,1.0
1779977952.4685462,-1.2820223569869995,-0.46003758907318115,0.0,0.0,nan,0.0,0.0,0.0,-0.419785978386789,0.1,0.0,1.0
1779977952.478798,-1.2820223569869995,-0.46003758907318115,0.0,0.0,nan,0.0,0.0,0.0,-0.419785978386789,0.1,0.0,1.0
1779977952.4891922,-1.2820223569869995,-0.46003758907318115,0.0,0.0,nan,0.0,0.0,0.0,-0.419785978386789,0.1,0.0,1.0
1779977952.4997535,-1.2820223569869995,-0.46003758907318115,0.0,0.0,nan,0.0,0.0,0.0,-0.419785978386789,0.1,0.0,1.0
1779977952.5106585,-1.2820223569869995,-0.46003758907318115,0.0,0.0,nan,0.0,0.0,0.0,-0.419785978386789,0.1,0.0,1.0
1779977952.5206409,-1.2820223569869995,-0.46003758907318115,0.0,0.0,nan,0.0,0.0,0.0,-0.419785978386789,0.1,0.0,1.0
1779977952.531143,-1.2820223569869995,-0.46003758907318115,0.0,0.0,nan,0.0,0.0,0.0,-0.419785978386789,0.1,0.0,1.0
1779977952.5413232,-1.2820223569869995,-0.46003758907318115,0.0,0.0,nan,0.0,0.0,0.0,-0.419785978386789,0.1,0.0,1.0
1779977952.5518255,-1.2820223569869995,-0.46003758907318115,0.0,0.0,nan,0.0,0.0,0.0,-0.419785978386789,0.1,0.0,1.0
1779977952.5622654,-1.2820223569869995,-0.46003758907318115,0.0,0.0,nan,0.0,0.0,0.0,-0.419785978386789,0.1,0.0,1.0
1779977952.5728927,-1.2820223569869995,-0.46003758907318115,0.0,0.0,nan,0.0,0.0,0.0,-0.419785978386789,0.1,0.0,1.0
1779977952.5832956,-1.2820223569869995,-0.46003758907318115,0.0,0.0,nan,0.0,0.0,0.0,-0.419785978386789,0.1,0.0,1.0
1779977952.5936096,-1.2820223569869995,-0.46003758907318115,0.0,0.0,nan,0.0,0.0,0.0,-0.419785978386789,0.1,0.0,1.0
1779977952.6036596,-1.2820223569869995,-0.46003758907318115,0.0,0.0,nan,0.0,0.0,0.0,-0.419785978386789,0.1,0.0,1.0
1779977952.6138463,-1.2820223569869995,-0.46003758907318115,0.0,0.0,nan,0.0,0.0,0.0,-0.419785978386789,0.1,0.0,1.0
1779977952.6240354,-1.2820223569869995,-0.46003758907318115,0.0,0.0,nan,0.0,0.0,0.0,-0.419785978386789,0.1,0.0,1.0
1779977952.6344745,-1.2820223569869995,-0.46003758907318115,0.0,0.0,nan,0.0,0.0,0.0,-0.419785978386789,0.1,0.0,1.0
1779977952.645104,-1.2820223569869995,-0.46003758907318115,0.0,0.0,nan,0.0,0.0,0.0,-0.419785978386789,0.1,0.0,1.0
1779977952.6557558,-1.2820223569869995,-0.46003758907318115,0.0,0.0,nan,0.0,0.0,0.0,-0.419785978386789,0.1,0.0,1.0
1779977952.666277,-1.2820223569869995,-0.46003758907318115,0.0,0.0,nan,0.0,0.0,0.0,-0.419785978386789,0.1,0.0,1.0
1779977952.6767762,-1.2820223569869995,-0.46003758907318115,0.0,0.0,nan,0.0,0.0,0.0,-0.419785978386789,0.1,0.0,1.0
1779977952.687362,-1.2820223569869995,-0.46003758907318115,0.0,0.0,nan,0.0,0.0,0.0,-0.419785978386789,0.1,0.0,1.0
1779977952.6973543,-1.2820223569869995,-0.46003758907318115,0.0,0.0,nan,0.0,0.0,0.0,-0.419785978386789,0.1,0.0,1.0
1779977952.708089,-1.2820223569869995,-0.46003758907318115,0.0,0.0,nan,0.0,0.0,0.0,-0.419785978386789,0.1,0.0,1.0
1779977952.7185793,-1.2820223569869995,-0.46003758907318115,0.0,0.0,nan,0.0,0.0,0.0,-0.419785978386789,0.1,0.0,1.0
1779977952.7287428,-1.2820223569869995,-0.46003758907318115,0.0,0.0,nan,0.0,0.0,0.0,-0.419785978386789,0.1,0.0,1.0
1779977952.7389846,-1.2820223569869995,-0.46003758907318115,0.0,0.0,nan,0.0,0.0,0.0,-0.419785978386789,0.1,0.0,1.0
1779977952.7492108,-1.2820223569869995,-0.46003758907318115,0.0,0.0,nan,0.0,0.0,0.0,-0.419785978386789,0.1,0.0,1.0
1779977952.7597296,-1.2820223569869995,-0.46003758907318115,0.0,0.0,nan,0.0,0.0,0.0,-0.419785978386789,0.1,0.0,1.0
1779977952.7702377,-1.2820223569869995,-0.46003758907318115,0.0,0.0,nan,0.0,0.0,0.0,-0.419785978386789,0.1,0.0,1.0
1779977952.7808006,-1.2820223569869995,-0.46003758907318115,0.0,0.0,nan,0.0,0.0,0.0,-0.419785978386789,0.1,0.0,1.0
1779977952.791322,-1.2820223569869995,-0.46003758907318115,0.0,0.0,nan,0.0,0.0,0.0,-0.419785978386789,0.1,0.0,1.0
1779977952.8018875,-1.2820223569869995,-0.46003758907318115,0.0,0.0,nan,0.0,0.0,0.0,-0.419785978386789,0.1,0.0,1.0
1779977952.812437,-1.2820223569869995,-0.46003758907318115,0.0,0.0,nan,0.0,0.0,0.0,-0.419785978386789,0.1,0.0,1.0
1779977952.822805,-1.2820223569869995,-0.46003758907318115,0.0,0.0,nan,0.0,0.0,0.0,-0.419785978386789,0.1,0.0,1.0
1779977952.833316,-1.2820223569869995,-0.46003758907318115,0.0,0.0,nan,0.0,0.0,0.0,-0.419785978386789,0.1,0.0,1.0
1779977952.8438485,-1.2820223569869995,-0.46003758907318115,0.0,0.0,nan,0.0,0.0,0.0,-0.419785978386789,0.1,0.0,1.0
1779977952.85431,-1.2820223569869995,-0.46003758907318115,0.0,0.0,nan,0.0,0.0,0.0,-0.419785978386789,0.1,0.0,1.0
1779977952.8648963,-1.2820223569869995,-0.46003758907318115,0.0,0.0,nan,0.0,0.0,0.0,-0.419785978386789,0.1,0.0,1.0
1779977952.8754885,-1.2820223569869995,-0.46003758907318115,0.0,0.0,nan,0.0,0.0,0.0,-0.419785978386789,0.1,0.0,1.0
1779977952.886027,-1.2820223569869995,-0.46003758907318115,0.0,0.0,nan,0.0,0.0,0.0,-0.419785978386789,0.1,0.0,1.0
1779977952.8963666,-1.2820223569869995,-0.46003758907318115,0.0,0.0,nan,0.0,0.0,0.0,-0.419785978386789,0.1,0.0,1.0
1779977952.906682,-1.2820223569869995,-0.46003758907318115,0.0,0.0,nan,0.0,0.0,0.0,-0.419785978386789,0.1,0.0,1.0
1779977952.9168122,-1.2820223569869995,-0.46003758907318115,0.0,0.0,nan,0.0,0.0,0.0,-0.419785978386789,0.1,0.0,1.0
1779977952.9273221,-1.2820223569869995,-0.46003758907318115,0.0,0.0,nan,0.0,0.0,0.0,-0.419785978386789,0.1,0.0,1.0
1779977952.937975,-1.2820223569869995,-0.46003758907318115,0.0,0.0,nan,0.0,0.0,0.0,-0.419785978386789,0.1,0.0,1.0
1779977952.9481742,-1.2820223569869995,-0.46003758907318115,0.0,0.0,nan,0.0,0.0,0.0,-0.419785978386789,0.1,0.0,1.0
1779977952.9585888,-1.2820223569869995,-0.46003758907318115,0.0,0.0,nan,0.0,0.0,0.0,-0.419785978386789,0.1,0.0,1.0
1779977952.9686897,-1.2820223569869995,-0.46003758907318115,0.0,0.0,nan,0.0,0.0,0.0,-0.419785978386789,0.1,0.0,1.0
1779977952.9792776,-1.2820223569869995,-0.46003758907318115,0.0,0.0,nan,0.0,0.0,0.0,-0.419785978386789,0.1,0.0,1.0
1779977952.9893878,-1.2820223569869995,-0.46003758907318115,0.0,0.0,nan,0.0,0.0,0.0,-0.419785978386789,0.1,0.0,1.0
1779977952.9998116,-1.2820223569869995,-0.46003758907318115,0.0,0.0,nan,0.0,0.0,0.0,-0.419785978386789,0.1,0.0,1.0
1779977953.0103734,-1.2820223569869995,-0.46003758907318115,0.0,0.0,nan,0.0,0.0,0.0,-0.419785978386789,0.1,0.0,1.0
1779977953.0207145,-1.2820223569869995,-0.46003758907318115,0.0,0.0,nan,0.0,0.0,0.0,-0.419785978386789,0.1,0.0,1.0
1779977953.030917,-1.2820223569869995,-0.46003758907318115,0.0,0.0,nan,0.0,0.0,0.0,-0.419785978386789,0.1,0.0,1.0
1779977953.0416226,-1.2820223569869995,-0.46003758907318115,0.0,0.0,nan,0.0,0.0,0.0,-0.419785978386789,0.1,0.0,1.0
1779977953.0518353,-1.2820223569869995,-0.46003758907318115,0.0,0.0,nan,0.0,0.0,0.0,-0.419785978386789,0.1,0.0,1.0
1779977953.0622604,-1.2820223569869995,-0.46003758907318115,0.0,0.0,nan,0.0,0.0,0.0,-0.419785978386789,0.1,0.0,1.0
1779977953.072845,-1.2820223569869995,-0.46003758907318115,0.0,0.0,nan,0.0,0.0,0.0,-0.419785978386789,0.1,0.0,1.0
1779977953.0830855,-1.2820223569869995,-0.46003758907318115,0.0,0.0,nan,0.0,0.0,0.0,-0.419785978386789,0.1,0.0,1.0
1779977953.0932553,-1.2820223569869995,-0.46003758907318115,0.0,0.0,nan,0.0,0.0,0.0,-0.419785978386789,0.1,0.0,1.0
1779977953.1036253,-1.2820223569869995,-0.46003758907318115,0.0,0.0,nan,0.0,0.0,0.0,-0.419785978386789,0.1,0.0,1.0
1779977953.1140254,-1.2820223569869995,-0.46003758907318115,0.0,0.0,nan,0.0,0.0,0.0,-0.419785978386789,0.1,0.0,1.0
1779977953.1244621,-1.2820223569869995,-0.46003758907318115,0.0,0.0,nan,0.0,0.0,0.0,-0.419785978386789,0.1,0.0,1.0
1779977953.1348455,-1.2820223569869995,-0.46003758907318115,0.0,0.0,nan,0.0,0.0,0.0,-0.419785978386789,0.1,0.0,1.0
1779977953.1451323,-1.2820223569869995,-0.46003758907318115,0.0,0.0,nan,0.0,0.0,0.0,-0.419785978386789,0.1,0.0,1.0
1779977953.1558518,-1.2820223569869995,-0.46003758907318115,0.0,0.0,nan,0.0,0.0,0.0,-0.419785978386789,0.1,0.0,1.0
1779977953.1660085,-1.2820223569869995,-0.46003758907318115,0.0,0.0,nan,0.0,0.0,0.0,-0.419785978386789,0.1,0.0,1.0
1779977953.1762927,-1.2820223569869995,-0.46003758907318115,0.0,0.0,nan,0.0,0.0,0.0,-0.419785978386789,0.1,0.0,1.0
1779977953.1868143,-1.2820223569869995,-0.46003758907318115,0.0,0.0,nan,0.0,0.0,0.0,-0.419785978386789,0.1,0.0,1.0
1779977953.1973276,-1.2820223569869995,-0.46003758907318115,0.0,0.0,nan,0.0,0.0,0.0,-0.419785978386789,0.1,0.0,1.0
1779977953.2073839,-1.2820223569869995,-0.46003758907318115,0.0,0.0,nan,0.0,0.0,0.0,-0.419785978386789,0.1,0.0,1.0
1779977953.2179093,-1.2820223569869995,-0.46003758907318115,0.0,0.0,nan,0.0,0.0,0.0,-0.419785978386789,0.1,0.0,1.0
1779977953.2278562,-1.2820223569869995,-0.46003758907318115,0.0,0.0,nan,0.0,0.0,0.0,-0.419785978386789,0.1,0.0,1.0
1779977953.2381089,-1.2820223569869995,-0.46003758907318115,0.0,0.0,nan,0.0,0.0,0.0,-0.419785978386789,0.1,0.0,1.0
1779977953.2483542,-1.2820223569869995,-0.46003758907318115,0.0,0.0,nan,0.0,0.0,0.0,-0.419785978386789,0.1,0.0,1.0
1779977953.2585049,-1.2820223569869995,-0.46003758907318115,0.0,0.0,nan,0.0,0.0,0.0,-0.419785978386789,0.1,0.0,1.0
1779977953.2687113,-1.2820223569869995,-0.46003758907318115,0.0,0.0,nan,0.0,0.0,0.0,-0.419785978386789,0.1,0.0,1.0
1779977953.278954,-1.2820223569869995,-0.46003758907318115,0.0,0.0,nan,0.0,0.0,0.0,-0.419785978386789,0.1,0.0,1.0
1779977953.2892935,-1.2820223569869995,-0.46003758907318115,0.0,0.0,nan,0.0,0.0,0.0,-0.419785978386789,0.1,0.0,1.0
1779977953.2997124,-1.2820223569869995,-0.46003758907318115,0.0,0.0,nan,0.0,0.0,0.0,-0.419785978386789,0.1,0.0,1.0
1779977953.3100348,-1.2820223569869995,-0.46003758907318115,0.0,0.0,nan,0.0,0.0,0.0,-0.419785978386789,0.1,0.0,1.0
1779977953.3203104,-1.2820223569869995,-0.46003758907318115,0.0,0.0,nan,0.0,0.0,0.0,-0.419785978386789,0.1,0.0,1.0
1779977953.330817,-1.2820223569869995,-0.46003758907318115,0.0,0.0,nan,0.0,0.0,0.0,-0.419785978386789,0.1,0.0,1.0
1779977953.3412914,-1.2820223569869995,-0.46003758907318115,0.0,0.0,nan,0.0,0.0,0.0,-0.419785978386789,0.1,0.0,1.0
1779977953.351553,-1.2820223569869995,-0.46003758907318115,0.0,0.0,nan,0.0,0.0,0.0,-0.419785978386789,0.1,0.0,1.0
1779977953.3618045,-1.2820223569869995,-0.46003758907318115,0.0,0.0,nan,0.0,0.0,0.0,-0.419785978386789,0.1,0.0,1.0
1779977953.3721583,-1.2820223569869995,-0.46003758907318115,0.0,0.0,nan,0.0,0.0,0.0,-0.419785978386789,0.1,0.0,1.0
1779977953.382258,-1.2820223569869995,-0.46003758907318115,0.0,0.0,nan,0.0,0.0,0.0,-0.419785978386789,0.1,0.0,1.0
1779977953.392367,-1.2820223569869995,-0.46003758907318115,0.0,0.0,nan,0.0,0.0,0.0,-0.419785978386789,0.1,0.0,1.0
1779977953.4024825,-1.2820223569869995,-0.46003758907318115,0.0,0.0,nan,0.0,0.0,0.0,-0.419785978386789,0.1,0.0,1.0
1779977953.4131634,-1.2820223569869995,-0.46003758907318115,0.0,0.0,nan,0.0,0.0,0.0,-0.419785978386789,0.1,0.0,1.0
1779977953.4238856,-1.2820223569869995,-0.46003758907318115,0.0,0.0,nan,0.0,0.0,0.0,-0.419785978386789,0.1,0.0,1.0
1779977953.4338505,-1.2820223569869995,-0.46003758907318115,0.0,0.0,nan,0.0,0.0,0.0,-0.419785978386789,0.1,0.0,1.0
1779977953.4440534,-1.2820223569869995,-0.46003758907318115,0.0,0.0,nan,0.0,0.0,0.0,-0.419785978386789,0.1,0.0,1.0
1779977953.4543812,-1.2820223569869995,-0.46003758907318115,0.0,0.0,nan,0.0,0.0,0.0,-0.419785978386789,0.1,0.0,1.0
1779977953.464884,-1.2820223569869995,-0.46003758907318115,0.0,0.0,nan,0.0,0.0,0.0,-0.419785978386789,0.1,0.0,1.0
1779977953.4750662,-1.2820223569869995,-0.46003758907318115,0.0,0.0,nan,0.0,0.0,0.0,-0.419785978386789,0.1,0.0,1.0
1779977953.4858158,-1.2820223569869995,-0.46003758907318115,0.0,0.0,nan,0.0,0.0,0.0,-0.419785978386789,0.1,0.0,1.0
1779977953.49607,-1.2820223569869995,-0.46003758907318115,0.0,0.0,nan,0.0,0.0,0.0,-0.419785978386789,0.1,0.0,1.0
1779977953.5062587,-1.2820223569869995,-0.46003758907318115,0.0,0.0,nan,0.0,0.0,0.0,-0.419785978386789,0.1,0.0,1.0
1779977953.5163815,-1.2820223569869995,-0.46003758907318115,0.0,0.0,nan,0.0,0.0,0.0,-0.419785978386789,0.1,0.0,1.0
1779977953.5269823,-1.2820223569869995,-0.46003758907318115,0.0,0.0,nan,0.0,0.0,0.0,-0.419785978386789,0.1,0.0,1.0
1779977953.5372024,-1.2820223569869995,-0.46003758907318115,0.0,0.0,nan,0.0,0.0,0.0,-0.419785978386789,0.1,0.0,1.0
1779977953.5476983,-1.2820223569869995,-0.46003758907318115,0.0,0.0,nan,0.0,0.0,0.0,-0.419785978386789,0.1,0.0,1.0
1779977953.5579095,-1.2820223569869995,-0.46003758907318115,0.0,0.0,nan,0.0,0.0,0.0,-0.419785978386789,0.1,0.0,1.0
1779977953.568075,-1.2820223569869995,-0.46003758907318115,0.0,0.0,nan,0.0,0.0,0.0,-0.419785978386789,0.1,0.0,1.0
1779977953.5783563,-1.2820223569869995,-0.46003758907318115,0.0,0.0,nan,0.0,0.0,0.0,-0.419785978386789,0.1,0.0,1.0
1779977953.5886953,-1.2820223569869995,-0.46003758907318115,0.0,0.0,nan,0.0,0.0,0.0,-0.419785978386789,0.1,0.0,1.0
1779977953.5993767,-1.2820223569869995,-0.46003758907318115,0.0,0.0,nan,0.0,0.0,0.0,-0.419785978386789,0.1,0.0,1.0
1779977953.609664,-1.2820223569869995,-0.46003758907318115,0.0,0.0,nan,0.0,0.0,0.0,-0.419785978386789,0.1,0.0,1.0
1779977953.6200032,-1.2820223569869995,-0.46003758907318115,0.0,0.0,nan,0.0,0.0,0.0,-0.419785978386789,0.1,0.0,1.0
1779977953.6300285,-1.2820223569869995,-0.46003758907318115,0.0,0.0,nan,0.0,0.0,0.0,-0.419785978386789,0.1,0.0,1.0
1779977953.640569,-1.2820223569869995,-0.46003758907318115,0.0,0.0,nan,0.0,0.0,0.0,-0.419785978386789,0.1,0.0,1.0
1779977953.6508825,-1.2820223569869995,-0.46003758907318115,0.0,0.0,nan,0.0,0.0,0.0,-0.419785978386789,0.1,0.0,1.0
1779977953.6608593,-1.2820223569869995,-0.46003758907318115,0.0,0.0,nan,0.0,0.0,0.0,-0.419785978386789,0.1,0.0,1.0
1779977953.6715357,-1.2820223569869995,-0.46003758907318115,0.0,0.0,nan,0.0,0.0,0.0,-0.419785978386789,0.1,0.0,1.0
1779977953.681579,-1.2820223569869995,-0.46003758907318115,0.0,0.0,nan,0.0,0.0,0.0,-0.419785978386789,0.1,0.0,1.0
1779977953.6918862,-1.2820223569869995,-0.46003758907318115,0.0,0.0,nan,0.0,0.0,0.0,-0.419785978386789,0.1,0.0,1.0
1779977953.702048,-1.2820223569869995,-0.46003758907318115,0.0,0.0,nan,0.0,0.0,0.0,-0.419785978386789,0.1,0.0,1.0
1779977953.712031,-1.2820223569869995,-0.46003758907318115,0.0,0.0,nan,0.0,0.0,0.0,-0.419785978386789,0.1,0.0,1.0
1779977953.7222762,-1.2820223569869995,-0.46003758907318115,0.0,0.0,nan,0.0,0.0,0.0,-0.419785978386789,0.1,0.0,1.0
1779977953.7323017,-1.2820223569869995,-0.46003758907318115,0.0,0.0,nan,0.0,0.0,0.0,-0.419785978386789,0.1,0.0,1.0
1779977953.742801,-1.2820223569869995,-0.46003758907318115,0.0,0.0,nan,0.0,0.0,0.0,-0.419785978386789,0.1,0.0,1.0
1779977953.7528217,-1.2820223569869995,-0.46003758907318115,0.0,0.0,nan,0.0,0.0,0.0,-0.419785978386789,0.1,0.0,1.0
1779977953.7632275,-1.2820223569869995,-0.46003758907318115,0.0,0.0,nan,0.0,0.0,0.0,-0.419785978386789,0.1,0.0,1.0
1779977953.7736015,-1.2820223569869995,-0.46003758907318115,0.0,0.0,nan,0.0,0.0,0.0,-0.419785978386789,0.1,0.0,1.0
1779977953.7840812,-1.2820223569869995,-0.46003758907318115,0.0,0.0,nan,0.0,0.0,0.0,-0.419785978386789,0.1,0.0,1.0
1779977953.7945955,-1.2820223569869995,-0.46003758907318115,0.0,0.0,nan,0.0,0.0,0.0,-0.419785978386789,0.1,0.0,1.0
1779977953.805098,-1.2820223569869995,-0.46003758907318115,0.0,0.0,nan,0.0,0.0,0.0,-0.419785978386789,0.1,0.0,1.0
1779977953.8153076,-1.2820223569869995,-0.46003758907318115,0.0,0.0,nan,0.0,0.0,0.0,-0.419785978386789,0.1,0.0,1.0
1779977953.825976,-1.2820223569869995,-0.46003758907318115,0.0,0.0,nan,0.0,0.0,0.0,-0.419785978386789,0.1,0.0,1.0
1779977953.8364704,-1.2820223569869995,-0.46003758907318115,0.0,0.0,nan,0.0,0.0,0.0,-0.419785978386789,0.1,0.0,1.0
1779977953.8465176,-1.2820223569869995,-0.46003758907318115,0.0,0.0,nan,0.0,0.0,0.0,-0.419785978386789,0.1,0.0,1.0
1779977953.8566108,-1.2820223569869995,-0.46003758907318115,0.0,0.0,nan,0.0,0.0,0.0,-0.419785978386789,0.1,0.0,1.0
1779977953.8671432,-1.2820223569869995,-0.46003758907318115,0.0,0.0,nan,0.0,0.0,0.0,-0.419785978386789,0.1,0.0,1.0
1779977953.8772745,-1.2820223569869995,-0.46003758907318115,0.0,0.0,nan,0.0,0.0,0.0,-0.419785978386789,0.1,0.0,1.0
1779977953.8875895,-1.2820223569869995,-0.46003758907318115,0.0,0.0,nan,0.0,0.0,0.0,-0.419785978386789,0.1,0.0,1.0
1779977953.8980682,-1.2820223569869995,-0.46003758907318115,0.0,0.0,nan,0.0,0.0,0.0,-0.419785978386789,0.1,0.0,1.0
1779977953.908281,-1.2820223569869995,-0.46003758907318115,0.0,0.0,nan,0.0,0.0,0.0,-0.419785978386789,0.1,0.0,1.0
1779977953.9188428,-1.2820223569869995,-0.46003758907318115,0.0,0.0,nan,0.0,0.0,0.0,-0.419785978386789,0.1,0.0,1.0
1779977953.9294295,-1.2820223569869995,-0.46003758907318115,0.0,0.0,nan,0.0,0.0,0.0,-0.419785978386789,0.1,0.0,1.0
1779977953.939768,-1.2820223569869995,-0.46003758907318115,0.0,0.0,nan,0.0,0.0,0.0,-0.419785978386789,0.1,0.0,1.0
1779977953.9500098,-1.2820223569869995,-0.46003758907318115,0.0,0.0,nan,0.0,0.0,0.0,-0.419785978386789,0.1,0.0,1.0
1779977953.9602547,-1.2820223569869995,-0.46003758907318115,0.0,0.0,nan,0.0,0.0,0.0,-0.419785978386789,0.1,0.0,1.0
1779977953.9705534,-1.2820223569869995,-0.46003758907318115,0.0,0.0,nan,0.0,0.0,0.0,-0.419785978386789,0.1,0.0,1.0
1779977953.9807146,-1.2820223569869995,-0.46003758907318115,0.0,0.0,nan,0.0,0.0,0.0,-0.419785978386789,0.1,0.0,1.0
1779977953.9909637,-1.2820223569869995,-0.46003758907318115,0.0,0.0,nan,0.0,0.0,0.0,-0.419785978386789,0.1,0.0,1.0
1779977954.0012698,-1.2820223569869995,-0.46003758907318115,0.0,0.0,nan,0.0,0.0,0.0,-0.419785978386789,0.1,0.0,1.0
1779977954.0112634,-1.2820223569869995,-0.46003758907318115,0.0,0.0,nan,0.0,0.0,0.0,-0.419785978386789,0.1,0.0,1.0
1779977954.0216513,-1.2820223569869995,-0.46003758907318115,0.0,0.0,nan,0.0,0.0,0.0,-0.419785978386789,0.1,0.0,1.0
1779977954.031994,-1.2820223569869995,-0.46003758907318115,0.0,0.0,nan,0.0,0.0,0.0,-0.419785978386789,0.1,0.0,1.0
1779977954.042521,-1.2820223569869995,-0.46003758907318115,0.0,0.0,nan,0.0,0.0,0.0,-0.419785978386789,0.1,0.0,1.0
1779977954.0530043,-1.2820223569869995,-0.46003758907318115,0.0,0.0,nan,0.0,0.0,0.0,-0.419785978386789,0.1,0.0,1.0
1779977954.0630367,-1.2820223569869995,-0.46003758907318115,0.0,0.0,nan,0.0,0.0,0.0,-0.419785978386789,0.1,0.0,1.0
1779977954.0731559,-1.2820223569869995,-0.46003758907318115,0.0,0.0,nan,0.0,0.0,0.0,-0.419785978386789,0.1,0.0,1.0
1779977954.08351,-1.2820223569869995,-0.46003758907318115,0.0,0.0,nan,0.0,0.0,0.0,-0.419785978386789,0.1,0.0,1.0
1779977954.0936484,-1.2820223569869995,-0.46003758907318115,0.0,0.0,nan,0.0,0.0,0.0,-0.419785978386789,0.1,0.0,1.0
1779977954.1041253,-1.2820223569869995,-0.46003758907318115,0.0,0.0,nan,0.0,0.0,0.0,-0.419785978386789,0.1,0.0,1.0
1779977954.114365,-1.2820223569869995,-0.46003758907318115,0.0,0.0,nan,0.0,0.0,0.0,-0.419785978386789,0.1,0.0,1.0
1779977954.1247616,-1.2820223569869995,-0.46003758907318115,0.0,0.0,nan,0.0,0.0,0.0,-0.419785978386789,0.1,0.0,1.0
1779977954.1348295,-1.2820223569869995,-0.46003758907318115,0.0,0.0,nan,0.0,0.0,0.0,-0.419785978386789,0.1,0.0,1.0
1779977954.145452,-1.2820223569869995,-0.46003758907318115,0.0,0.0,nan,0.0,0.0,0.0,-0.419785978386789,0.1,0.0,1.0
1779977954.1560707,-1.2820223569869995,-0.46003758907318115,0.0,0.0,nan,0.0,0.0,0.0,-0.419785978386789,0.1,0.0,1.0
1779977954.1668022,-1.2820223569869995,-0.46003758907318115,0.0,0.0,nan,0.0,0.0,0.0,-0.419785978386789,0.1,0.0,1.0
1779977954.1768627,-1.2820223569869995,-0.46003758907318115,0.0,0.0,nan,0.0,0.0,0.0,-0.419785978386789,0.1,0.0,1.0
1779977954.1871235,-1.2820223569869995,-0.46003758907318115,0.0,0.0,nan,0.0,0.0,0.0,-0.419785978386789,0.1,0.0,1.0
1779977954.1971328,-1.2820223569869995,-0.46003758907318115,0.0,0.0,nan,0.0,0.0,0.0,-0.419785978386789,0.1,0.0,1.0
1779977954.2075684,-1.2820223569869995,-0.46003758907318115,0.0,0.0,nan,0.0,0.0,0.0,-0.419785978386789,0.1,0.0,1.0
1779977954.2178469,-1.2820223569869995,-0.46003758907318115,0.0,0.0,nan,0.0,0.0,0.0,-0.419785978386789,0.1,0.0,1.0
1779977954.228165,-1.2820223569869995,-0.46003758907318115,0.0,0.0,nan,0.0,0.0,0.0,-0.419785978386789,0.1,0.0,1.0
1779977954.2384272,-1.2820223569869995,-0.46003758907318115,0.0,0.0,nan,0.0,0.0,0.0,-0.419785978386789,0.1,0.0,1.0
1779977954.2487447,-1.2820223569869995,-0.46003758907318115,0.0,0.0,nan,0.0,0.0,0.0,-0.419785978386789,0.1,0.0,1.0
1779977954.2593327,-1.2820223569869995,-0.46003758907318115,0.0,0.0,nan,0.0,0.0,0.0,-0.419785978386789,0.1,0.0,1.0
1779977954.2696497,-1.2820223569869995,-0.46003758907318115,0.0,0.0,nan,0.0,0.0,0.0,-0.419785978386789,0.1,0.0,1.0
1779977954.2797682,-1.2820223569869995,-0.46003758907318115,0.0,0.0,nan,0.0,0.0,0.0,-0.419785978386789,0.1,0.0,1.0
1779977954.2899585,-1.2820223569869995,-0.46003758907318115,0.0,0.0,nan,0.0,0.0,0.0,-0.419785978386789,0.1,0.0,1.0
1779977954.3005197,-1.2820223569869995,-0.46003758907318115,0.0,0.0,nan,0.0,0.0,0.0,-0.419785978386789,0.1,0.0,1.0
1779977954.3106813,-1.2820223569869995,-0.46003758907318115,0.0,0.0,nan,0.0,0.0,0.0,-0.419785978386789,0.1,0.0,1.0
1779977954.3208258,-1.2820223569869995,-0.46003758907318115,0.0,0.0,nan,0.0,0.0,0.0,-0.419785978386789,0.1,0.0,1.0
1779977954.3310251,-1.2820223569869995,-0.46003758907318115,0.0,0.0,nan,0.0,0.0,0.0,-0.419785978386789,0.1,0.0,1.0
1779977954.3415487,-1.2820223569869995,-0.46003758907318115,0.0,0.0,nan,0.0,0.0,0.0,-0.419785978386789,0.1,0.0,1.0
1779977954.352223,-1.2820223569869995,-0.46003758907318115,0.0,0.0,nan,0.0,0.0,0.0,-0.419785978386789,0.1,0.0,1.0
1779977954.3625429,-1.2820223569869995,-0.46003758907318115,0.0,0.0,nan,0.0,0.0,0.0,-0.419785978386789,0.1,0.0,1.0
1779977954.3731103,-1.2820223569869995,-0.46003758907318115,0.0,0.0,nan,0.0,0.0,0.0,-0.419785978386789,0.1,0.0,1.0
1779977954.3832586,-1.2820223569869995,-0.46003758907318115,0.0,0.0,nan,0.0,0.0,0.0,-0.419785978386789,0.1,0.0,1.0
1779977954.3934143,-1.2820223569869995,-0.46003758907318115,0.0,0.0,nan,0.0,0.0,0.0,-0.419785978386789,0.1,0.0,1.0
1779977954.4037492,-1.2820223569869995,-0.46003758907318115,0.0,0.0,nan,0.0,0.0,0.0,-0.419785978386789,0.1,0.0,1.0
1779977954.4140906,-1.2820223569869995,-0.46003758907318115,0.0,0.0,nan,0.0,0.0,0.0,-0.419785978386789,0.1,0.0,1.0
1779977954.4241385,-1.2820223569869995,-0.46003758907318115,0.0,0.0,nan,0.0,0.0,0.0,-0.419785978386789,0.1,0.0,1.0
1779977954.4345956,-1.2820223569869995,-0.46003758907318115,0.0,0.0,nan,0.0,0.0,0.0,-0.419785978386789,0.1,0.0,1.0
1779977954.4450557,-1.2820223569869995,-0.46003758907318115,0.0,0.0,nan,0.0,0.0,0.0,-0.419785978386789,0.1,0.0,1.0
1779977954.455428,-1.2820223569869995,-0.46003758907318115,0.0,0.0,nan,0.0,0.0,0.0,-0.419785978386789,0.1,0.0,1.0
1779977954.4661198,-1.2820223569869995,-0.46003758907318115,0.0,0.0,nan,0.0,0.0,0.0,-0.419785978386789,0.1,0.0,1.0
1779977954.4768589,-1.2820223569869995,-0.46003758907318115,0.0,0.0,nan,0.0,0.0,0.0,-0.419785978386789,0.1,0.0,1.0
1779977954.4870925,-1.2820223569869995,-0.46003758907318115,0.0,0.0,nan,0.0,0.0,0.0,-0.419785978386789,0.1,0.0,1.0
1779977954.4972572,-1.2820223569869995,-0.46003758907318115,0.0,0.0,nan,0.0,0.0,0.0,-0.419785978386789,0.1,0.0,1.0
1779977954.507343,-1.2820223569869995,-0.46003758907318115,0.0,0.0,nan,0.0,0.0,0.0,-0.419785978386789,0.1,0.0,1.0
1779977954.517777,-1.2820223569869995,-0.46003758907318115,0.0,0.0,nan,0.0,0.0,0.0,-0.419785978386789,0.1,0.0,1.0
1779977954.5282295,-1.2820223569869995,-0.46003758907318115,0.0,0.0,nan,0.0,0.0,0.0,-0.419785978386789,0.1,0.0,1.0
1779977954.5385118,-1.2820223569869995,-0.46003758907318115,0.0,0.0,nan,0.0,0.0,0.0,-0.419785978386789,0.1,0.0,1.0
1779977954.5488243,-1.2820223569869995,-0.46003758907318115,0.0,0.0,nan,0.0,0.0,0.0,-0.419785978386789,0.1,0.0,1.0
1779977954.5593472,-1.2820223569869995,-0.46003758907318115,0.0,0.0,nan,0.0,0.0,0.0,-0.419785978386789,0.1,0.0,1.0
1779977954.569566,-1.2820223569869995,-0.46003758907318115,0.0,0.0,nan,0.0,0.0,0.0,-0.419785978386789,0.1,0.0,1.0
1779977954.5797515,-1.2820223569869995,-0.46003758907318115,0.0,0.0,nan,0.0,0.0,0.0,-0.419785978386789,0.1,0.0,1.0
1779977954.5898864,-1.2820223569869995,-0.46003758907318115,0.0,0.0,nan,0.0,0.0,0.0,-0.419785978386789,0.1,0.0,1.0
1779977954.6002843,-1.2820223569869995,-0.46003758907318115,0.0,0.0,nan,0.0,0.0,0.0,-0.419785978386789,0.1,0.0,1.0
1779977954.6104338,-1.2820223569869995,-0.46003758907318115,0.0,0.0,nan,0.0,0.0,0.0,-0.419785978386789,0.1,0.0,1.0
1779977954.6210573,-1.2820223569869995,-0.46003758907318115,0.0,0.0,nan,0.0,0.0,0.0,-0.419785978386789,0.1,0.0,1.0
1779977954.6313028,-1.2820223569869995,-0.46003758907318115,0.0,0.0,nan,0.0,0.0,0.0,-0.419785978386789,0.1,0.0,1.0
1779977954.6415136,-1.2820223569869995,-0.46003758907318115,0.0,0.0,nan,0.0,0.0,0.0,-0.419785978386789,0.1,0.0,1.0
1779977954.651889,-1.2820223569869995,-0.46003758907318115,0.0,0.0,nan,0.0,0.0,0.0,-0.419785978386789,0.1,0.0,1.0
1779977954.6620054,-1.2820223569869995,-0.46003758907318115,0.0,0.0,nan,0.0,0.0,0.0,-0.419785978386789,0.1,0.0,1.0
1779977954.672377,-1.2820223569869995,-0.46003758907318115,0.0,0.0,nan,0.0,0.0,0.0,-0.419785978386789,0.1,0.0,1.0
1779977954.682488,-1.2820223569869995,-0.46003758907318115,0.0,0.0,nan,0.0,0.0,0.0,-0.419785978386789,0.1,0.0,1.0
1779977954.6926897,-1.2820223569869995,-0.46003758907318115,0.0,0.0,nan,0.0,0.0,0.0,-0.419785978386789,0.1,0.0,1.0
1779977954.7032619,-1.2820223569869995,-0.46003758907318115,0.0,0.0,nan,0.0,0.0,0.0,-0.419785978386789,0.1,0.0,1.0
1779977954.7142406,-1.2820223569869995,-0.46003758907318115,0.0,0.0,nan,0.0,0.0,0.0,-0.419785978386789,0.1,0.0,1.0
1779977954.7242959,-1.2820223569869995,-0.46003758907318115,0.0,0.0,nan,0.0,0.0,0.0,-0.419785978386789,0.1,0.0,1.0
1779977954.7349496,-1.2820223569869995,-0.46003758907318115,0.0,0.0,nan,0.0,0.0,0.0,-0.419785978386789,0.1,0.0,1.0
1779977954.745412,-1.2820223569869995,-0.46003758907318115,0.0,0.0,nan,0.0,0.0,0.0,-0.419785978386789,0.1,0.0,1.0
1779977954.7559636,-1.2820223569869995,-0.46003758907318115,0.0,0.0,nan,0.0,0.0,0.0,-0.419785978386789,0.1,0.0,1.0
1779977954.766132,-1.2820223569869995,-0.46003758907318115,0.0,0.0,nan,0.0,0.0,0.0,-0.419785978386789,0.1,0.0,1.0
1779977954.7767458,-1.2820223569869995,-0.46003758907318115,0.0,0.0,nan,0.0,0.0,0.0,-0.419785978386789,0.1,0.0,1.0
1779977954.786628,-1.2820223569869995,-0.46003758907318115,0.0,0.0,nan,0.0,0.0,0.0,-0.419785978386789,0.1,0.0,1.0
1779977954.7968118,-1.2820223569869995,-0.46003758907318115,0.0,0.0,nan,0.0,0.0,0.0,-0.419785978386789,0.1,0.0,1.0
1779977954.8068798,-1.2820223569869995,-0.46003758907318115,0.0,0.0,nan,0.0,0.0,0.0,-0.419785978386789,0.1,0.0,1.0
1779977954.8170712,-1.2820223569869995,-0.46003758907318115,0.0,0.0,nan,0.0,0.0,0.0,-0.419785978386789,0.1,0.0,1.0
1779977954.8274212,-1.2820223569869995,-0.46003758907318115,0.0,0.0,nan,0.0,0.0,0.0,-0.419785978386789,0.1,0.0,1.0
1779977954.8376222,-1.2820223569869995,-0.46003758907318115,0.0,0.0,nan,0.0,0.0,0.0,-0.419785978386789,0.1,0.0,1.0
1779977954.8480785,-1.2820223569869995,-0.46003758907318115,0.0,0.0,nan,0.0,0.0,0.0,-0.419785978386789,0.1,0.0,1.0
1779977954.8586576,-1.2820223569869995,-0.46003758907318115,0.0,0.0,nan,0.0,0.0,0.0,-0.419785978386789,0.1,0.0,1.0
1779977954.8690894,-1.2820223569869995,-0.46003758907318115,0.0,0.0,nan,0.0,0.0,0.0,-0.419785978386789,0.1,0.0,1.0
1779977954.879253,-1.2820223569869995,-0.46003758907318115,0.0,0.0,nan,0.0,0.0,0.0,-0.419785978386789,0.1,0.0,1.0
1779977954.889758,-1.2820223569869995,-0.46003758907318115,0.0,0.0,nan,0.0,0.0,0.0,-0.419785978386789,0.1,0.0,1.0
1779977954.8999462,-1.2820223569869995,-0.46003758907318115,0.0,0.0,nan,0.0,0.0,0.0,-0.419785978386789,0.1,0.0,1.0
1779977954.910492,-1.2820223569869995,-0.46003758907318115,0.0,0.0,nan,0.0,0.0,0.0,-0.419785978386789,0.1,0.0,1.0
1779977954.9207501,-1.2820223569869995,-0.46003758907318115,0.0,0.0,nan,0.0,0.0,0.0,-0.419785978386789,0.1,0.0,1.0
1779977954.9312172,-1.2820223569869995,-0.46003758907318115,0.0,0.0,nan,0.0,0.0,0.0,-0.419785978386789,0.1,0.0,1.0
1779977954.9416752,-1.2820223569869995,-0.46003758907318115,0.0,0.0,nan,0.0,0.0,0.0,-0.419785978386789,0.1,0.0,1.0
1779977954.9518898,-1.2820223569869995,-0.46003758907318115,0.0,0.0,nan,0.0,0.0,0.0,-0.419785978386789,0.1,0.0,1.0
1779977954.9624138,-1.2820223569869995,-0.46003758907318115,0.0,0.0,nan,0.0,0.0,0.0,-0.419785978386789,0.1,0.0,1.0
1779977954.973081,-1.2820223569869995,-0.46003758907318115,0.0,0.0,nan,0.0,0.0,0.0,-0.419785978386789,0.1,0.0,1.0
1779977954.9835606,-1.2820223569869995,-0.46003758907318115,0.0,0.0,nan,0.0,0.0,0.0,-0.419785978386789,0.1,0.0,1.0
1779977954.9937248,-1.2820223569869995,-0.46003758907318115,0.0,0.0,nan,0.0,0.0,0.0,-0.419785978386789,0.1,0.0,1.0
1779977955.0042732,-1.2820223569869995,-0.46003758907318115,0.0,0.0,nan,0.0,0.0,0.0,-0.419785978386789,0.1,0.0,1.0
1779977955.0142822,-1.2820223569869995,-0.46003758907318115,0.0,0.0,nan,0.0,0.0,0.0,-0.419785978386789,0.1,0.0,1.0
1779977955.0248032,-1.2820223569869995,-0.46003758907318115,0.0,0.0,nan,0.0,0.0,0.0,-0.419785978386789,0.1,0.0,1.0
1779977955.0349371,-1.2820223569869995,-0.46003758907318115,0.0,0.0,nan,0.0,0.0,0.0,-0.419785978386789,0.1,0.0,1.0
1779977955.0454607,-1.2820223569869995,-0.46003758907318115,0.0,0.0,nan,0.0,0.0,0.0,-0.419785978386789,0.1,0.0,1.0
1779977955.05606,-1.2820223569869995,-0.46003758907318115,0.0,0.0,nan,0.0,0.0,0.0,-0.419785978386789,0.1,0.0,1.0
1779977955.0661721,-1.2820223569869995,-0.46003758907318115,0.0,0.0,nan,0.0,0.0,0.0,-0.419785978386789,0.1,0.0,1.0
1779977955.076497,-1.2820223569869995,-0.46003758907318115,0.0,0.0,nan,0.0,0.0,0.0,-0.419785978386789,0.1,0.0,1.0
1779977955.0869818,-1.2820223569869995,-0.46003758907318115,0.0,0.0,nan,0.0,0.0,0.0,-0.419785978386789,0.1,0.0,1.0
1779977955.0977285,-1.2820223569869995,-0.46003758907318115,0.0,0.0,nan,0.0,0.0,0.0,-0.419785978386789,0.1,0.0,1.0
1779977955.107659,-1.2820223569869995,-0.46003758907318115,0.0,0.0,nan,0.0,0.0,0.0,-0.419785978386789,0.1,0.0,1.0
1779977955.118381,-1.2820223569869995,-0.46003758907318115,0.0,0.0,nan,0.0,0.0,0.0,-0.419785978386789,0.1,0.0,1.0
1779977955.1284847,-1.2820223569869995,-0.46003758907318115,0.0,0.0,nan,0.0,0.0,0.0,-0.419785978386789,0.1,0.0,1.0
1779977955.138922,-1.2820223569869995,-0.46003758907318115,0.0,0.0,nan,0.0,0.0,0.0,-0.419785978386789,0.1,0.0,1.0
1779977955.14903,-1.2820223569869995,-0.46003758907318115,0.0,0.0,nan,0.0,0.0,0.0,-0.419785978386789,0.1,0.0,1.0
1779977955.1592202,-1.2820223569869995,-0.46003758907318115,0.0,0.0,nan,0.0,0.0,0.0,-0.419785978386789,0.1,0.0,1.0
1779977955.169317,-1.2820223569869995,-0.46003758907318115,0.0,0.0,nan,0.0,0.0,0.0,-0.419785978386789,0.1,0.0,1.0
1779977955.1800077,-1.2820223569869995,-0.46003758907318115,0.0,0.0,nan,0.0,0.0,0.0,-0.419785978386789,0.1,0.0,1.0
1779977955.1905217,-1.2820223569869995,-0.46003758907318115,0.0,0.0,nan,0.0,0.0,0.0,-0.419785978386789,0.1,0.0,1.0
1779977955.200598,-1.2820223569869995,-0.46003758907318115,0.0,0.0,nan,0.0,0.0,0.0,-0.419785978386789,0.1,0.0,1.0
1779977955.2109377,-1.2820223569869995,-0.46003758907318115,0.0,0.0,nan,0.0,0.0,0.0,-0.419785978386789,0.1,0.0,1.0
1779977955.2213569,-1.2820223569869995,-0.46003758907318115,0.0,0.0,nan,0.0,0.0,0.0,-0.419785978386789,0.1,0.0,1.0
1779977955.2316859,-1.2820223569869995,-0.46003758907318115,0.0,0.0,nan,0.0,0.0,0.0,-0.419785978386789,0.1,0.0,1.0
1779977955.2423546,-1.2820223569869995,-0.46003758907318115,0.0,0.0,nan,0.0,0.0,0.0,-0.419785978386789,0.1,0.0,1.0
1779977955.2528386,-1.2820223569869995,-0.46003758907318115,0.0,0.0,nan,0.0,0.0,0.0,-0.419785978386789,0.1,0.0,1.0
1779977955.2631552,-1.2820223569869995,-0.46003758907318115,0.0,0.0,nan,0.0,0.0,0.0,-0.419785978386789,0.1,0.0,1.0
1779977955.2734094,-1.2820223569869995,-0.46003758907318115,0.0,0.0,nan,0.0,0.0,0.0,-0.419785978386789,0.1,0.0,1.0
1779977955.283296,-1.2820223569869995,-0.46003758907318115,0.0,0.0,nan,0.0,0.0,0.0,-0.419785978386789,0.1,0.0,1.0
1779977955.2938204,-1.2820223569869995,-0.46003758907318115,0.0,0.0,nan,0.0,0.0,0.0,-0.419785978386789,0.1,0.0,1.0
1779977955.3043928,-1.2820223569869995,-0.46003758907318115,0.0,0.0,nan,0.0,0.0,0.0,-0.419785978386789,0.1,0.0,1.0
1779977955.314889,-1.2820223569869995,-0.46003758907318115,0.0,0.0,nan,0.0,0.0,0.0,-0.419785978386789,0.1,0.0,1.0
1779977955.3250246,-1.2820223569869995,-0.46003758907318115,0.0,0.0,nan,0.0,0.0,0.0,-0.419785978386789,0.1,0.0,1.0
1779977955.335045,-1.2820223569869995,-0.46003758907318115,0.0,0.0,nan,0.0,0.0,0.0,-0.419785978386789,0.1,0.0,1.0
1779977955.3453667,-1.2820223569869995,-0.46003758907318115,0.0,0.0,nan,0.0,0.0,0.0,-0.419785978386789,0.1,0.0,1.0
1779977955.3554966,-1.2820223569869995,-0.46003758907318115,0.0,0.0,nan,0.0,0.0,0.0,-0.419785978386789,0.1,0.0,1.0
1779977955.3660376,-1.2820223569869995,-0.46003758907318115,0.0,0.0,nan,0.0,0.0,0.0,-0.419785978386789,0.1,0.0,1.0
1779977955.376573,-1.2820223569869995,-0.46003758907318115,0.0,0.0,nan,0.0,0.0,0.0,-0.419785978386789,0.1,0.0,1.0
1779977955.3874404,-1.2820223569869995,-0.46003758907318115,0.0,0.0,nan,0.0,0.0,0.0,-0.419785978386789,0.1,0.0,1.0
1779977955.3977368,-1.2820223569869995,-0.46003758907318115,0.0,0.0,nan,0.0,0.0,0.0,-0.419785978386789,0.1,0.0,1.0
1779977955.408301,-1.2820223569869995,-0.46003758907318115,0.0,0.0,nan,0.0,0.0,0.0,-0.419785978386789,0.1,0.0,1.0
1779977955.4187484,-1.2820223569869995,-0.46003758907318115,0.0,0.0,nan,0.0,0.0,0.0,-0.419785978386789,0.1,0.0,1.0
1779977955.4289412,-1.2820223569869995,-0.46003758907318115,0.0,0.0,nan,0.0,0.0,0.0,-0.419785978386789,0.1,0.0,1.0
1779977955.4392767,-1.2820223569869995,-0.46003758907318115,0.0,0.0,nan,0.0,0.0,0.0,-0.419785978386789,0.1,0.0,1.0
1779977955.4495347,-1.2820223569869995,-0.46003758907318115,0.0,0.0,nan,0.0,0.0,0.0,-0.419785978386789,0.1,0.0,1.0
1779977955.4596434,-1.2820223569869995,-0.46003758907318115,0.0,0.0,nan,0.0,0.0,0.0,-0.419785978386789,0.1,0.0,1.0
1779977955.4697936,-1.2820223569869995,-0.46003758907318115,0.0,0.0,nan,0.0,0.0,0.0,-0.419785978386789,0.1,0.0,1.0
1779977955.4799616,-1.2820223569869995,-0.46003758907318115,0.0,0.0,nan,0.0,0.0,0.0,-0.419785978386789,0.1,0.0,1.0
1779977955.4905412,-1.2820223569869995,-0.46003758907318115,0.0,0.0,nan,0.0,0.0,0.0,-0.419785978386789,0.1,0.0,1.0
1779977955.5005958,-1.2820223569869995,-0.46003758907318115,0.0,0.0,nan,0.0,0.0,0.0,-0.419785978386789,0.1,0.0,1.0
1779977955.510928,-1.2820223569869995,-0.46003758907318115,0.0,0.0,nan,0.0,0.0,0.0,-0.419785978386789,0.1,0.0,1.0
1779977955.5211024,-1.2820223569869995,-0.46003758907318115,0.0,0.0,nan,0.0,0.0,0.0,-0.419785978386789,0.1,0.0,1.0
1779977955.5313463,-1.2820223569869995,-0.46003758907318115,0.0,0.0,nan,0.0,0.0,0.0,-0.419785978386789,0.1,0.0,1.0
1779977955.541627,-1.2820223569869995,-0.46003758907318115,0.0,0.0,nan,0.0,0.0,0.0,-0.419785978386789,0.1,0.0,1.0
1779977955.5518806,-1.2820223569869995,-0.46003758907318115,0.0,0.0,nan,0.0,0.0,0.0,-0.419785978386789,0.1,0.0,1.0
1779977955.562023,-1.2820223569869995,-0.46003758907318115,0.0,0.0,nan,0.0,0.0,0.0,-0.419785978386789,0.1,0.0,1.0
1779977955.5724401,-1.2820223569869995,-0.46003758907318115,0.0,0.0,nan,0.0,0.0,0.0,-0.419785978386789,0.1,0.0,1.0
1779977955.5824466,-1.2820223569869995,-0.46003758907318115,0.0,0.0,nan,0.0,0.0,0.0,-0.419785978386789,0.1,0.0,1.0
1779977955.5930355,-1.2820223569869995,-0.46003758907318115,0.0,0.0,nan,0.0,0.0,0.0,-0.419785978386789,0.1,0.0,1.0
1779977955.6032753,-1.2820223569869995,-0.46003758907318115,0.0,0.0,nan,0.0,0.0,0.0,-0.419785978386789,0.1,0.0,1.0
1779977955.6134639,-1.2820223569869995,-0.46003758907318115,0.0,0.0,nan,0.0,0.0,0.0,-0.419785978386789,0.1,0.0,1.0
1779977955.6240263,-1.2820223569869995,-0.46003758907318115,0.0,0.0,nan,0.0,0.0,0.0,-0.419785978386789,0.1,0.0,1.0
1779977955.6344929,-1.2820223569869995,-0.46003758907318115,0.0,0.0,nan,0.0,0.0,0.0,-0.419785978386789,0.1,0.0,1.0
1779977955.6450634,-1.2820223569869995,-0.46003758907318115,0.0,0.0,nan,0.0,0.0,0.0,-0.419785978386789,0.1,0.0,1.0
1779977955.6552896,-1.2820223569869995,-0.46003758907318115,0.0,0.0,nan,0.0,0.0,0.0,-0.419785978386789,0.1,0.0,1.0
1779977955.6652749,-1.2820223569869995,-0.46003758907318115,0.0,0.0,nan,0.0,0.0,0.0,-0.419785978386789,0.1,0.0,1.0
1779977955.6758282,-1.2820223569869995,-0.46003758907318115,0.0,0.0,nan,0.0,0.0,0.0,-0.419785978386789,0.1,0.0,1.0
1779977955.6864274,-1.2820223569869995,-0.46003758907318115,0.0,0.0,nan,0.0,0.0,0.0,-0.419785978386789,0.1,0.0,1.0
1779977955.6965916,-1.2820223569869995,-0.46003758907318115,0.0,0.0,nan,0.0,0.0,0.0,-0.419785978386789,0.1,0.0,1.0
1779977955.707115,-1.2820223569869995,-0.46003758907318115,0.0,0.0,nan,0.0,0.0,0.0,-0.419785978386789,0.1,0.0,1.0
1779977955.7175624,-1.2820223569869995,-0.46003758907318115,0.0,0.0,nan,0.0,0.0,0.0,-0.419785978386789,0.1,0.0,1.0
1779977955.7280762,-1.2820223569869995,-0.46003758907318115,0.0,0.0,nan,0.0,0.0,0.0,-0.419785978386789,0.1,0.0,1.0
1779977955.738124,-1.2820223569869995,-0.46003758907318115,0.0,0.0,nan,0.0,0.0,0.0,-0.419785978386789,0.1,0.0,1.0
1779977955.7487257,-1.2820223569869995,-0.46003758907318115,0.0,0.0,nan,0.0,0.0,0.0,-0.419785978386789,0.1,0.0,1.0
1779977955.7589445,-1.2820223569869995,-0.46003758907318115,0.0,0.0,nan,0.0,0.0,0.0,-0.419785978386789,0.1,0.0,1.0
1779977955.7695968,-1.2820223569869995,-0.46003758907318115,0.0,0.0,nan,0.0,0.0,0.0,-0.419785978386789,0.1,0.0,1.0
1779977955.779946,-1.2820223569869995,-0.46003758907318115,0.0,0.0,nan,0.0,0.0,0.0,-0.419785978386789,0.1,0.0,1.0
1779977955.7901223,-1.2820223569869995,-0.46003758907318115,0.0,0.0,nan,0.0,0.0,0.0,-0.419785978386789,0.1,0.0,1.0
1779977955.8002012,-1.2820223569869995,-0.46003758907318115,0.0,0.0,nan,0.0,0.0,0.0,-0.419785978386789,0.1,0.0,1.0
1779977955.810576,-1.2820223569869995,-0.46003758907318115,0.0,0.0,nan,0.0,0.0,0.0,-0.419785978386789,0.1,0.0,1.0
1779977955.8211892,-1.2820223569869995,-0.46003758907318115,0.0,0.0,nan,0.0,0.0,0.0,-0.419785978386789,0.1,0.0,1.0
1779977955.831465,-1.2820223569869995,-0.46003758907318115,0.0,0.0,nan,0.0,0.0,0.0,-0.419785978386789,0.1,0.0,1.0
1779977955.8416336,-1.2820223569869995,-0.46003758907318115,0.0,0.0,nan,0.0,0.0,0.0,-0.419785978386789,0.1,0.0,1.0
1779977955.8520808,-1.2820223569869995,-0.46003758907318115,0.0,0.0,nan,0.0,0.0,0.0,-0.419785978386789,0.1,0.0,1.0
1779977955.8620324,-1.2820223569869995,-0.46003758907318115,0.0,0.0,nan,0.0,0.0,0.0,-0.419785978386789,0.1,0.0,1.0
1779977955.8732116,-1.2820223569869995,-0.46003758907318115,0.0,0.0,nan,0.0,0.0,0.0,-0.419785978386789,0.1,0.0,1.0
1779977955.8836303,-1.2820223569869995,-0.46003758907318115,0.0,0.0,nan,0.0,0.0,0.0,-0.419785978386789,0.1,0.0,1.0
1779977955.893942,-1.2820223569869995,-0.46003758907318115,0.0,0.0,nan,0.0,0.0,0.0,-0.419785978386789,0.1,0.0,1.0
1779977955.904212,-1.2820223569869995,-0.46003758907318115,0.0,0.0,nan,0.0,0.0,0.0,-0.419785978386789,0.1,0.0,1.0
1779977955.914863,-1.2820223569869995,-0.46003758907318115,0.0,0.0,nan,0.0,0.0,0.0,-0.419785978386789,0.1,0.0,1.0
1779977955.9253273,-1.2820223569869995,-0.46003758907318115,0.0,0.0,nan,0.0,0.0,0.0,-0.419785978386789,0.1,0.0,1.0
1779977955.9357586,-1.2820223569869995,-0.46003758907318115,0.0,0.0,nan,0.0,0.0,0.0,-0.419785978386789,0.1,0.0,1.0
1779977955.945867,-1.2820223569869995,-0.46003758907318115,0.0,0.0,nan,0.0,0.0,0.0,-0.419785978386789,0.1,0.0,1.0
1779977955.9560993,-1.2820223569869995,-0.46003758907318115,0.0,0.0,nan,0.0,0.0,0.0,-0.419785978386789,0.1,0.0,1.0
1779977955.966594,-1.2820223569869995,-0.46003758907318115,0.0,0.0,nan,0.0,0.0,0.0,-0.419785978386789,0.1,0.0,1.0
1779977955.9771476,-1.2820223569869995,-0.46003758907318115,0.0,0.0,nan,0.0,0.0,0.0,-0.419785978386789,0.1,0.0,1.0
1779977955.9879029,-1.2820223569869995,-0.46003758907318115,0.0,0.0,nan,0.0,0.0,0.0,-0.419785978386789,0.1,0.0,1.0
1779977955.9982605,-1.2820223569869995,-0.46003758907318115,0.0,0.0,nan,0.0,0.0,0.0,-0.419785978386789,0.1,0.0,1.0
1779977956.008385,-1.2820223569869995,-0.46003758907318115,0.0,0.0,nan,0.0,0.0,0.0,-0.419785978386789,0.1,0.0,1.0
1779977956.0188553,-1.2820223569869995,-0.46003758907318115,0.0,0.0,nan,0.0,0.0,0.0,-0.419785978386789,0.1,0.0,1.0
1779977956.0289917,-1.2820223569869995,-0.46003758907318115,0.0,0.0,nan,0.0,0.0,0.0,-0.419785978386789,0.1,0.0,1.0
1779977956.0392334,-1.2820223569869995,-0.46003758907318115,0.0,0.0,nan,0.0,0.0,0.0,-0.419785978386789,0.1,0.0,1.0
1779977956.0492883,-1.2820223569869995,-0.46003758907318115,0.0,0.0,nan,0.0,0.0,0.0,-0.419785978386789,0.1,0.0,1.0
1779977956.0593398,-1.2820223569869995,-0.46003758907318115,0.0,0.0,nan,0.0,0.0,0.0,-0.419785978386789,0.1,0.0,1.0
1779977956.0695426,-1.2820223569869995,-0.46003758907318115,0.0,0.0,nan,0.0,0.0,0.0,-0.419785978386789,0.1,0.0,1.0
1779977956.0799603,-1.2820223569869995,-0.46003758907318115,0.0,0.0,nan,0.0,0.0,0.0,-0.419785978386789,0.1,0.0,1.0
1779977956.0904095,-1.2820223569869995,-0.46003758907318115,0.0,0.0,nan,0.0,0.0,0.0,-0.419785978386789,0.1,0.0,1.0
1779977956.1005285,-1.2820223569869995,-0.46003758907318115,0.0,0.0,nan,0.0,0.0,0.0,-0.419785978386789,0.1,0.0,1.0
1779977956.1106486,-1.2820223569869995,-0.46003758907318115,0.0,0.0,nan,0.0,0.0,0.0,-0.419785978386789,0.1,0.0,1.0
1779977956.1213634,-1.2820223569869995,-0.46003758907318115,0.0,0.0,nan,0.0,0.0,0.0,-0.419785978386789,0.1,0.0,1.0
1779977956.1314037,-1.2820223569869995,-0.46003758907318115,0.0,0.0,nan,0.0,0.0,0.0,-0.419785978386789,0.1,0.0,1.0
1779977956.1413705,-1.2820223569869995,-0.46003758907318115,0.0,0.0,nan,0.0,0.0,0.0,-0.419785978386789,0.1,0.0,1.0
1779977956.1514513,-1.2820223569869995,-0.46003758907318115,0.0,0.0,nan,0.0,0.0,0.0,-0.419785978386789,0.1,0.0,1.0
1779977956.1618295,-1.2820223569869995,-0.46003758907318115,0.0,0.0,nan,0.0,0.0,0.0,-0.419785978386789,0.1,0.0,1.0
1779977956.1719587,-1.2820223569869995,-0.46003758907318115,0.0,0.0,nan,0.0,0.0,0.0,-0.419785978386789,0.1,0.0,1.0
1779977956.181945,-1.2820223569869995,-0.46003758907318115,0.0,0.0,nan,0.0,0.0,0.0,-0.419785978386789,0.1,0.0,1.0
1779977956.1922703,-1.2820223569869995,-0.46003758907318115,0.0,0.0,nan,0.0,0.0,0.0,-0.419785978386789,0.1,0.0,1.0
1779977956.2027547,-1.2820223569869995,-0.46003758907318115,0.0,0.0,nan,0.0,0.0,0.0,-0.419785978386789,0.1,0.0,1.0
1779977956.2129507,-1.2820223569869995,-0.46003758907318115,0.0,0.0,nan,0.0,0.0,0.0,-0.419785978386789,0.1,0.0,1.0
1779977956.2232845,-1.2820223569869995,-0.46003758907318115,0.0,0.0,nan,0.0,0.0,0.0,-0.419785978386789,0.1,0.0,1.0
1779977956.2334707,-1.2820223569869995,-0.46003758907318115,0.0,0.0,nan,0.0,0.0,0.0,-0.419785978386789,0.1,0.0,1.0
1779977956.2439904,-1.2820223569869995,-0.46003758907318115,0.0,0.0,nan,0.0,0.0,0.0,-0.419785978386789,0.1,0.0,1.0
1779977956.254081,-1.2820223569869995,-0.46003758907318115,0.0,0.0,nan,0.0,0.0,0.0,-0.419785978386789,0.1,0.0,1.0
1779977956.2643213,-1.2820223569869995,-0.46003758907318115,0.0,0.0,nan,0.0,0.0,0.0,-0.419785978386789,0.1,0.0,1.0
1779977956.2746875,-1.2820223569869995,-0.46003758907318115,0.0,0.0,nan,0.0,0.0,0.0,-0.419785978386789,0.1,0.0,1.0
1779977956.284965,-1.2820223569869995,-0.46003758907318115,0.0,0.0,nan,0.0,0.0,0.0,-0.419785978386789,0.1,0.0,1.0
1779977956.2957122,-1.2820223569869995,-0.46003758907318115,0.0,0.0,nan,0.0,0.0,0.0,-0.419785978386789,0.1,0.0,1.0
1779977956.3058386,-1.2820223569869995,-0.46003758907318115,0.0,0.0,nan,0.0,0.0,0.0,-0.419785978386789,0.1,0.0,1.0
1779977956.3161633,-1.2820223569869995,-0.46003758907318115,0.0,0.0,nan,0.0,0.0,0.0,-0.419785978386789,0.1,0.0,1.0
1779977956.3263977,-1.2820223569869995,-0.46003758907318115,0.0,0.0,nan,0.0,0.0,0.0,-0.419785978386789,0.1,0.0,1.0
1779977956.336681,-1.2820223569869995,-0.46003758907318115,0.0,0.0,nan,0.0,0.0,0.0,-0.419785978386789,0.1,0.0,1.0
1779977956.3473892,-1.2820223569869995,-0.46003758907318115,0.0,0.0,nan,0.0,0.0,0.0,-0.419785978386789,0.1,0.0,1.0
1779977956.3573065,-1.2820223569869995,-0.46003758907318115,0.0,0.0,nan,0.0,0.0,0.0,-0.419785978386789,0.1,0.0,1.0
1779977956.3675284,-1.2820223569869995,-0.46003758907318115,0.0,0.0,nan,0.0,0.0,0.0,-0.419785978386789,0.1,0.0,1.0
1779977956.3780978,-1.2820223569869995,-0.46003758907318115,0.0,0.0,nan,0.0,0.0,0.0,-0.419785978386789,0.1,0.0,1.0
1779977956.3882923,-1.2820223569869995,-0.46003758907318115,0.0,0.0,nan,0.0,0.0,0.0,-0.419785978386789,0.1,0.0,1.0
1779977956.3984601,-1.2820223569869995,-0.46003758907318115,0.0,0.0,nan,0.0,0.0,0.0,-0.419785978386789,0.1,0.0,1.0
1779977956.4087694,-1.2820223569869995,-0.46003758907318115,0.0,0.0,nan,0.0,0.0,0.0,-0.419785978386789,0.1,0.0,1.0
1779977956.419223,-1.2820223569869995,-0.46003758907318115,0.0,0.0,nan,0.0,0.0,0.0,-0.419785978386789,0.1,0.0,1.0
1779977956.4292817,-1.2820223569869995,-0.46003758907318115,0.0,0.0,nan,0.0,0.0,0.0,-0.419785978386789,0.1,0.0,1.0
1779977956.4396534,-1.2820223569869995,-0.46003758907318115,0.0,0.0,nan,0.0,0.0,0.0,-0.419785978386789,0.1,0.0,1.0
1779977956.4495707,-1.2820223569869995,-0.46003758907318115,0.0,0.0,nan,0.0,0.0,0.0,-0.419785978386789,0.1,0.0,1.0
1779977956.4598064,-1.2820223569869995,-0.46003758907318115,0.0,0.0,nan,0.0,0.0,0.0,-0.419785978386789,0.1,0.0,1.0
1779977956.4703941,-1.2820223569869995,-0.46003758907318115,0.0,0.0,nan,0.0,0.0,0.0,-0.419785978386789,0.1,0.0,1.0
1779977956.4809206,-1.2820223569869995,-0.46003758907318115,0.0,0.0,nan,0.0,0.0,0.0,-0.419785978386789,0.1,0.0,1.0
1779977956.4908128,-1.2820223569869995,-0.46003758907318115,0.0,0.0,nan,0.0,0.0,0.0,-0.419785978386789,0.1,0.0,1.0
1779977956.5009394,-1.2820223569869995,-0.46003758907318115,0.0,0.0,nan,0.0,0.0,0.0,-0.419785978386789,0.1,0.0,1.0
1779977956.511227,-1.2820223569869995,-0.46003758907318115,0.0,0.0,nan,0.0,0.0,0.0,-0.419785978386789,0.1,0.0,1.0
1779977956.5217395,-1.2820223569869995,-0.46003758907318115,0.0,0.0,nan,0.0,0.0,0.0,-0.419785978386789,0.1,0.0,1.0
1779977956.5324183,-1.2820223569869995,-0.46003758907318115,0.0,0.0,nan,0.0,0.0,0.0,-0.419785978386789,0.1,0.0,1.0
1779977956.5429745,-1.2820223569869995,-0.46003758907318115,0.0,0.0,nan,0.0,0.0,0.0,-0.419785978386789,0.1,0.0,1.0
1779977956.5532823,-1.2820223569869995,-0.46003758907318115,0.0,0.0,nan,0.0,0.0,0.0,-0.419785978386789,0.1,0.0,1.0
1779977956.5635865,-1.2820223569869995,-0.46003758907318115,0.0,0.0,nan,0.0,0.0,0.0,-0.419785978386789,0.1,0.0,1.0
1779977956.573809,-1.2820223569869995,-0.46003758907318115,0.0,0.0,nan,0.0,0.0,0.0,-0.419785978386789,0.1,0.0,1.0
1779977956.5842893,-1.2820223569869995,-0.46003758907318115,0.0,0.0,nan,0.0,0.0,0.0,-0.419785978386789,0.1,0.0,1.0
1779977956.5945134,-1.2820223569869995,-0.46003758907318115,0.0,0.0,nan,0.0,0.0,0.0,-0.419785978386789,0.1,0.0,1.0
1779977956.6050718,-1.2820223569869995,-0.46003758907318115,0.0,0.0,nan,0.0,0.0,0.0,-0.419785978386789,0.1,0.0,1.0
1779977956.615513,-1.2820223569869995,-0.46003758907318115,0.0,0.0,nan,0.0,0.0,0.0,-0.419785978386789,0.1,0.0,1.0
1779977956.6260924,-1.2820223569869995,-0.46003758907318115,0.0,0.0,nan,0.0,0.0,0.0,-0.419785978386789,0.1,0.0,1.0
1779977956.6363447,-1.2820223569869995,-0.46003758907318115,0.0,0.0,nan,0.0,0.0,0.0,-0.419785978386789,0.1,0.0,1.0
1779977956.646333,-1.2820223569869995,-0.46003758907318115,0.0,0.0,nan,0.0,0.0,0.0,-0.419785978386789,0.1,0.0,1.0
1779977956.656896,-1.2820223569869995,-0.46003758907318115,0.0,0.0,nan,0.0,0.0,0.0,-0.419785978386789,0.1,0.0,1.0
1779977956.6673086,-1.2820223569869995,-0.46003758907318115,0.0,0.0,nan,0.0,0.0,0.0,-0.419785978386789,0.1,0.0,1.0
1779977956.6773336,-1.2820223569869995,-0.46003758907318115,0.0,0.0,nan,0.0,0.0,0.0,-0.419785978386789,0.1,0.0,1.0
1779977956.687866,-1.2820223569869995,-0.46003758907318115,0.0,0.0,nan,0.0,0.0,0.0,-0.419785978386789,0.1,0.0,1.0
1779977956.69781,-1.2820223569869995,-0.46003758907318115,0.0,0.0,nan,0.0,0.0,0.0,-0.419785978386789,0.1,0.0,1.0
1779977956.7080302,-1.2820223569869995,-0.46003758907318115,0.0,0.0,nan,0.0,0.0,0.0,-0.419785978386789,0.1,0.0,1.0
1779977956.7184868,-1.2820223569869995,-0.46003758907318115,0.0,0.0,nan,0.0,0.0,0.0,-0.419785978386789,0.1,0.0,1.0
1779977956.7287877,-1.2820223569869995,-0.46003758907318115,0.0,0.0,nan,0.0,0.0,0.0,-0.419785978386789,0.1,0.0,1.0
1779977956.7387037,-1.2820223569869995,-0.46003758907318115,0.0,0.0,nan,0.0,0.0,0.0,-0.419785978386789,0.1,0.0,1.0
1779977956.749204,-1.2820223569869995,-0.46003758907318115,0.0,0.0,nan,0.0,0.0,0.0,-0.419785978386789,0.1,0.0,1.0
1779977956.7593756,-1.2820223569869995,-0.46003758907318115,0.0,0.0,nan,0.0,0.0,0.0,-0.419785978386789,0.1,0.0,1.0
1779977956.769973,-1.2820223569869995,-0.46003758907318115,0.0,0.0,nan,0.0,0.0,0.0,-0.419785978386789,0.1,0.0,1.0
1779977956.7801273,-1.2820223569869995,-0.46003758907318115,0.0,0.0,nan,0.0,0.0,0.0,-0.419785978386789,0.1,0.0,1.0
1779977956.7904894,-1.2820223569869995,-0.46003758907318115,0.0,0.0,nan,0.0,0.0,0.0,-0.419785978386789,0.1,0.0,1.0
1779977956.800878,-1.2820223569869995,-0.46003758907318115,0.0,0.0,nan,0.0,0.0,0.0,-0.419785978386789,0.1,0.0,1.0
1779977956.8111897,-1.2820223569869995,-0.46003758907318115,0.0,0.0,nan,0.0,0.0,0.0,-0.419785978386789,0.1,0.0,1.0
1779977956.8216584,-1.2820223569869995,-0.46003758907318115,0.0,0.0,nan,0.0,0.0,0.0,-0.419785978386789,0.1,0.0,1.0
1779977956.8319662,-1.2820223569869995,-0.46003758907318115,0.0,0.0,nan,0.0,0.0,0.0,-0.419785978386789,0.1,0.0,1.0
1779977956.8420277,-1.2820223569869995,-0.46003758907318115,0.0,0.0,nan,0.0,0.0,0.0,-0.419785978386789,0.1,0.0,1.0
1779977956.852409,-1.2820223569869995,-0.46003758907318115,0.0,0.0,nan,0.0,0.0,0.0,-0.419785978386789,0.1,0.0,1.0
1779977956.8629556,-1.2820223569869995,-0.46003758907318115,0.0,0.0,nan,0.0,0.0,0.0,-0.419785978386789,0.1,0.0,1.0
1779977956.8732364,-1.2820223569869995,-0.46003758907318115,0.0,0.0,nan,0.0,0.0,0.0,-0.419785978386789,0.1,0.0,1.0
1779977956.883452,-1.2820223569869995,-0.46003758907318115,0.0,0.0,nan,0.0,0.0,0.0,-0.419785978386789,0.1,0.0,1.0
1779977956.8936346,-1.2820223569869995,-0.46003758907318115,0.0,0.0,nan,0.0,0.0,0.0,-0.419785978386789,0.1,0.0,1.0
1779977956.9043546,-1.2820223569869995,-0.46003758907318115,0.0,0.0,nan,0.0,0.0,0.0,-0.419785978386789,0.1,0.0,1.0
1779977956.9146712,-1.2820223569869995,-0.46003758907318115,0.0,0.0,nan,0.0,0.0,0.0,-0.419785978386789,0.1,0.0,1.0
1779977956.924741,-1.2820223569869995,-0.46003758907318115,0.0,0.0,nan,0.0,0.0,0.0,-0.419785978386789,0.1,0.0,1.0
1779977956.9352586,-1.2820223569869995,-0.46003758907318115,0.0,0.0,nan,0.0,0.0,0.0,-0.419785978386789,0.1,0.0,1.0
1779977956.9459972,-1.2820223569869995,-0.46003758907318115,0.0,0.0,nan,0.0,0.0,0.0,-0.419785978386789,0.1,0.0,1.0
1779977956.956505,-1.2820223569869995,-0.46003758907318115,0.0,0.0,nan,0.0,0.0,0.0,-0.419785978386789,0.1,0.0,1.0
1779977956.9670885,-1.2820223569869995,-0.46003758907318115,0.0,0.0,nan,0.0,0.0,0.0,-0.419785978386789,0.1,0.0,1.0
1779977956.977266,-1.2820223569869995,-0.46003758907318115,0.0,0.0,nan,0.0,0.0,0.0,-0.419785978386789,0.1,0.0,1.0
1779977956.9876478,-1.2820223569869995,-0.46003758907318115,0.0,0.0,nan,0.0,0.0,0.0,-0.419785978386789,0.1,0.0,1.0
1779977956.9979737,-1.2820223569869995,-0.46003758907318115,0.0,0.0,nan,0.0,0.0,0.0,-0.419785978386789,0.1,0.0,1.0
1779977957.0081708,-1.2820223569869995,-0.46003758907318115,0.0,0.0,nan,0.0,0.0,0.0,-0.419785978386789,0.1,0.0,1.0
1779977957.0189476,-1.2820223569869995,-0.46003758907318115,0.0,0.0,nan,0.0,0.0,0.0,-0.419785978386789,0.1,0.0,1.0
1779977957.0294592,-1.2820223569869995,-0.46003758907318115,0.0,0.0,nan,0.0,0.0,0.0,-0.419785978386789,0.1,0.0,1.0
1779977957.0398862,-1.2820223569869995,-0.46003758907318115,0.0,0.0,nan,0.0,0.0,0.0,-0.419785978386789,0.1,0.0,1.0
1779977957.0502605,-1.2820223569869995,-0.46003758907318115,0.0,0.0,nan,0.0,0.0,0.0,-0.419785978386789,0.1,0.0,1.0
1779977957.0608778,-1.2820223569869995,-0.46003758907318115,0.0,0.0,nan,0.0,0.0,0.0,-0.419785978386789,0.1,0.0,1.0
1779977957.07122,-1.2820223569869995,-0.46003758907318115,0.0,0.0,nan,0.0,0.0,0.0,-0.419785978386789,0.1,0.0,1.0
1779977957.0818057,-1.2820223569869995,-0.46003758907318115,0.0,0.0,nan,0.0,0.0,0.0,-0.419785978386789,0.1,0.0,1.0
1779977957.092269,-1.2820223569869995,-0.46003758907318115,0.0,0.0,nan,0.0,0.0,0.0,-0.419785978386789,0.1,0.0,1.0
1779977957.1029537,-1.2820223569869995,-0.46003758907318115,0.0,0.0,nan,0.0,0.0,0.0,-0.419785978386789,0.1,0.0,1.0
1779977957.1133177,-1.2820223569869995,-0.46003758907318115,0.0,0.0,nan,0.0,0.0,0.0,-0.419785978386789,0.1,0.0,1.0
1779977957.1236694,-1.2820223569869995,-0.46003758907318115,0.0,0.0,nan,0.0,0.0,0.0,-0.419785978386789,0.1,0.0,1.0
1779977957.1336505,-1.2820223569869995,-0.46003758907318115,0.0,0.0,nan,0.0,0.0,0.0,-0.419785978386789,0.1,0.0,1.0
1779977957.1438143,-1.2820223569869995,-0.46003758907318115,0.0,0.0,nan,0.0,0.0,0.0,-0.419785978386789,0.1,0.0,1.0
1779977957.1543214,-1.2820223569869995,-0.46003758907318115,0.0,0.0,nan,0.0,0.0,0.0,-0.419785978386789,0.1,0.0,1.0
1779977957.1648998,-1.2820223569869995,-0.46003758907318115,0.0,0.0,nan,0.0,0.0,0.0,-0.419785978386789,0.1,0.0,1.0
1779977957.175127,-1.2820223569869995,-0.46003758907318115,0.0,0.0,nan,0.0,0.0,0.0,-0.419785978386789,0.1,0.0,1.0
1779977957.1851635,-1.2820223569869995,-0.46003758907318115,0.0,0.0,nan,0.0,0.0,0.0,-0.419785978386789,0.1,0.0,1.0
1779977957.1955707,-1.2820223569869995,-0.46003758907318115,0.0,0.0,nan,0.0,0.0,0.0,-0.419785978386789,0.1,0.0,1.0
1779977957.2059867,-1.2820223569869995,-0.46003758907318115,0.0,0.0,nan,0.0,0.0,0.0,-0.419785978386789,0.1,0.0,1.0
1779977957.2166479,-1.2820223569869995,-0.46003758907318115,0.0,0.0,nan,0.0,0.0,0.0,-0.419785978386789,0.1,0.0,1.0
1779977957.2267916,-1.2820223569869995,-0.46003758907318115,0.0,0.0,nan,0.0,0.0,0.0,-0.419785978386789,0.1,0.0,1.0
1779977957.2373075,-1.2820223569869995,-0.46003758907318115,0.0,0.0,nan,0.0,0.0,0.0,-0.419785978386789,0.1,0.0,1.0
1779977957.2475586,-1.2820223569869995,-0.46003758907318115,0.0,0.0,nan,0.0,0.0,0.0,-0.419785978386789,0.1,0.0,1.0
1779977957.2579563,-1.2820223569869995,-0.46003758907318115,0.0,0.0,nan,0.0,0.0,0.0,-0.419785978386789,0.1,0.0,1.0
1779977957.268053,-1.2820223569869995,-0.46003758907318115,0.0,0.0,nan,0.0,0.0,0.0,-0.419785978386789,0.1,0.0,1.0
1779977957.278497,-1.2820223569869995,-0.46003758907318115,0.0,0.0,nan,0.0,0.0,0.0,-0.419785978386789,0.1,0.0,1.0
1779977957.2891245,-1.2820223569869995,-0.46003758907318115,0.0,0.0,nan,0.0,0.0,0.0,-0.419785978386789,0.1,0.0,1.0
1779977957.2991536,-1.2820223569869995,-0.46003758907318115,0.0,0.0,nan,0.0,0.0,0.0,-0.419785978386789,0.1,0.0,1.0
1779977957.3093996,-1.2820223569869995,-0.46003758907318115,0.0,0.0,nan,0.0,0.0,0.0,-0.419785978386789,0.1,0.0,1.0
1779977957.3196974,-1.2820223569869995,-0.46003758907318115,0.0,0.0,nan,0.0,0.0,0.0,-0.419785978386789,0.1,0.0,1.0
1779977957.3298628,-1.2820223569869995,-0.46003758907318115,0.0,0.0,nan,0.0,0.0,0.0,-0.419785978386789,0.1,0.0,1.0
1779977957.3401296,-1.2820223569869995,-0.46003758907318115,0.0,0.0,nan,0.0,0.0,0.0,-0.419785978386789,0.1,0.0,1.0
1779977957.350171,-1.2820223569869995,-0.46003758907318115,0.0,0.0,nan,0.0,0.0,0.0,-0.419785978386789,0.1,0.0,1.0
1779977957.3602319,-1.2820223569869995,-0.46003758907318115,0.0,0.0,nan,0.0,0.0,0.0,-0.419785978386789,0.1,0.0,1.0
1779977957.3704305,-1.2820223569869995,-0.46003758907318115,0.0,0.0,nan,0.0,0.0,0.0,-0.419785978386789,0.1,0.0,1.0
1779977957.3804612,-1.2820223569869995,-0.46003758907318115,0.0,0.0,nan,0.0,0.0,0.0,-0.419785978386789,0.1,0.0,1.0
1779977957.3906205,-1.2820223569869995,-0.46003758907318115,0.0,0.0,nan,0.0,0.0,0.0,-0.419785978386789,0.1,0.0,1.0
1779977957.4006672,-1.2820223569869995,-0.46003758907318115,0.0,0.0,nan,0.0,0.0,0.0,-0.419785978386789,0.1,0.0,1.0
1779977957.4112043,-1.2820223569869995,-0.46003758907318115,0.0,0.0,nan,0.0,0.0,0.0,-0.419785978386789,0.1,0.0,1.0
1779977957.4213433,-1.2820223569869995,-0.46003758907318115,0.0,0.0,nan,0.0,0.0,0.0,-0.419785978386789,0.1,0.0,1.0
1779977957.4318833,-1.2820223569869995,-0.46003758907318115,0.0,0.0,nan,0.0,0.0,0.0,-0.419785978386789,0.1,0.0,1.0
1779977957.4423697,-1.2820223569869995,-0.46003758907318115,0.0,0.0,nan,0.0,0.0,0.0,-0.419785978386789,0.1,0.0,1.0
1779977957.4526775,-1.2820223569869995,-0.46003758907318115,0.0,0.0,nan,0.0,0.0,0.0,-0.419785978386789,0.1,0.0,1.0
1779977957.4632115,-1.2820223569869995,-0.46003758907318115,0.0,0.0,nan,0.0,0.0,0.0,-0.419785978386789,0.1,0.0,1.0
1779977957.4734006,-1.2820223569869995,-0.46003758907318115,0.0,0.0,nan,0.0,0.0,0.0,-0.419785978386789,0.1,0.0,1.0
1779977957.4838877,-1.2820223569869995,-0.46003758907318115,0.0,0.0,nan,0.0,0.0,0.0,-0.419785978386789,0.1,0.0,1.0
1779977957.4944634,-1.2820223569869995,-0.46003758907318115,0.0,0.0,nan,0.0,0.0,0.0,-0.419785978386789,0.1,0.0,1.0
1779977957.5049107,-1.2820223569869995,-0.46003758907318115,0.0,0.0,nan,0.0,0.0,0.0,-0.419785978386789,0.1,0.0,1.0
1779977957.515528,-1.2820223569869995,-0.46003758907318115,0.0,0.0,nan,0.0,0.0,0.0,-0.419785978386789,0.1,0.0,1.0
1779977957.5261447,-1.2820223569869995,-0.46003758907318115,0.0,0.0,nan,0.0,0.0,0.0,-0.419785978386789,0.1,0.0,1.0
1779977957.5363617,-1.2820223569869995,-0.46003758907318115,0.0,0.0,nan,0.0,0.0,0.0,-0.419785978386789,0.1,0.0,1.0
1779977957.5466745,-1.2820223569869995,-0.46003758907318115,0.0,0.0,nan,0.0,0.0,0.0,-0.419785978386789,0.1,0.0,1.0
1779977957.557007,-1.2820223569869995,-0.46003758907318115,0.0,0.0,nan,0.0,0.0,0.0,-0.419785978386789,0.1,0.0,1.0
1779977957.5671427,-1.2820223569869995,-0.46003758907318115,0.0,0.0,nan,0.0,0.0,0.0,-0.419785978386789,0.1,0.0,1.0
1779977957.577329,-1.2820223569869995,-0.46003758907318115,0.0,0.0,nan,0.0,0.0,0.0,-0.419785978386789,0.1,0.0,1.0
1779977957.5874395,-1.2820223569869995,-0.46003758907318115,0.0,0.0,nan,0.0,0.0,0.0,-0.419785978386789,0.1,0.0,1.0
1779977957.5975406,-1.2820223569869995,-0.46003758907318115,0.0,0.0,nan,0.0,0.0,0.0,-0.419785978386789,0.1,0.0,1.0
1779977957.6078274,-1.2820223569869995,-0.46003758907318115,0.0,0.0,nan,0.0,0.0,0.0,-0.419785978386789,0.1,0.0,1.0
1779977957.6183639,-1.2820223569869995,-0.46003758907318115,0.0,0.0,nan,0.0,0.0,0.0,-0.419785978386789,0.1,0.0,1.0
1779977957.6286385,-1.2820223569869995,-0.46003758907318115,0.0,0.0,nan,0.0,0.0,0.0,-0.419785978386789,0.1,0.0,1.0
1779977957.6388905,-1.2820223569869995,-0.46003758907318115,0.0,0.0,nan,0.0,0.0,0.0,-0.419785978386789,0.1,0.0,1.0
1779977957.6491315,-1.2820223569869995,-0.46003758907318115,0.0,0.0,nan,0.0,0.0,0.0,-0.419785978386789,0.1,0.0,1.0
1779977957.6592915,-1.2820223569869995,-0.46003758907318115,0.0,0.0,nan,0.0,0.0,0.0,-0.419785978386789,0.1,0.0,1.0
1779977957.6694615,-1.2820223569869995,-0.46003758907318115,0.0,0.0,nan,0.0,0.0,0.0,-0.419785978386789,0.1,0.0,1.0
1779977957.679506,-1.2820223569869995,-0.46003758907318115,0.0,0.0,nan,0.0,0.0,0.0,-0.419785978386789,0.1,0.0,1.0
1779977957.6902416,-1.2820223569869995,-0.46003758907318115,0.0,0.0,nan,0.0,0.0,0.0,-0.419785978386789,0.1,0.0,1.0
1779977957.7004182,-1.2820223569869995,-0.46003758907318115,0.0,0.0,nan,0.0,0.0,0.0,-0.419785978386789,0.1,0.0,1.0
1779977957.710929,-1.2820223569869995,-0.46003758907318115,0.0,0.0,nan,0.0,0.0,0.0,-0.419785978386789,0.1,0.0,1.0
1779977957.7210689,-1.2820223569869995,-0.46003758907318115,0.0,0.0,nan,0.0,0.0,0.0,-0.419785978386789,0.1,0.0,1.0
1779977957.7311513,-1.2820223569869995,-0.46003758907318115,0.0,0.0,nan,0.0,0.0,0.0,-0.419785978386789,0.1,0.0,1.0
1779977957.7413113,-1.2820223569869995,-0.46003758907318115,0.0,0.0,nan,0.0,0.0,0.0,-0.419785978386789,0.1,0.0,1.0
1779977957.7514086,-1.2820223569869995,-0.46003758907318115,0.0,0.0,nan,0.0,0.0,0.0,-0.419785978386789,0.1,0.0,1.0
1779977957.7615497,-1.2820223569869995,-0.46003758907318115,0.0,0.0,nan,0.0,0.0,0.0,-0.419785978386789,0.1,0.0,1.0
1779977957.7722652,-1.2820223569869995,-0.46003758907318115,0.0,0.0,nan,0.0,0.0,0.0,-0.419785978386789,0.1,0.0,1.0
1779977957.7821958,-1.2820223569869995,-0.46003758907318115,0.0,0.0,nan,0.0,0.0,0.0,-0.419785978386789,0.1,0.0,1.0
1779977957.79279,-1.2820223569869995,-0.46003758907318115,0.0,0.0,nan,0.0,0.0,0.0,-0.419785978386789,0.1,0.0,1.0
1779977957.8031297,-1.2820223569869995,-0.46003758907318115,0.0,0.0,nan,0.0,0.0,0.0,-0.419785978386789,0.1,0.0,1.0
1779977957.8135087,-1.2820223569869995,-0.46003758907318115,0.0,0.0,nan,0.0,0.0,0.0,-0.419785978386789,0.1,0.0,1.0
1779977957.8240256,-1.2820223569869995,-0.46003758907318115,0.0,0.0,nan,0.0,0.0,0.0,-0.419785978386789,0.1,0.0,1.0
1779977957.8345478,-1.2820223569869995,-0.46003758907318115,0.0,0.0,nan,0.0,0.0,0.0,-0.419785978386789,0.1,0.0,1.0
1779977957.8447297,-1.2820223569869995,-0.46003758907318115,0.0,0.0,nan,0.0,0.0,0.0,-0.419785978386789,0.1,0.0,1.0
1779977957.8548846,-1.2820223569869995,-0.46003758907318115,0.0,0.0,nan,0.0,0.0,0.0,-0.419785978386789,0.1,0.0,1.0
1779977957.8651612,-1.2820223569869995,-0.46003758907318115,0.0,0.0,nan,0.0,0.0,0.0,-0.419785978386789,0.1,0.0,1.0
1779977957.8752635,-1.2820223569869995,-0.46003758907318115,0.0,0.0,nan,0.0,0.0,0.0,-0.419785978386789,0.1,0.0,1.0
1779977957.8854616,-1.2820223569869995,-0.46003758907318115,0.0,0.0,nan,0.0,0.0,0.0,-0.419785978386789,0.1,0.0,1.0
1779977957.8959122,-1.2820223569869995,-0.46003758907318115,0.0,0.0,nan,0.0,0.0,0.0,-0.419785978386789,0.1,0.0,1.0
1779977957.9064348,-1.2820223569869995,-0.46003758907318115,0.0,0.0,nan,0.0,0.0,0.0,-0.419785978386789,0.1,0.0,1.0
1779977957.916633,-1.2820223569869995,-0.46003758907318115,0.0,0.0,nan,0.0,0.0,0.0,-0.419785978386789,0.1,0.0,1.0
1779977957.9267836,-1.2820223569869995,-0.46003758907318115,0.0,0.0,nan,0.0,0.0,0.0,-0.419785978386789,0.1,0.0,1.0
1779977957.9370887,-1.2820223569869995,-0.46003758907318115,0.0,0.0,nan,0.0,0.0,0.0,-0.419785978386789,0.1,0.0,1.0
1779977957.9473093,-1.2820223569869995,-0.46003758907318115,0.0,0.0,nan,0.0,0.0,0.0,-0.419785978386789,0.1,0.0,1.0
1779977957.9575138,-1.2820223569869995,-0.46003758907318115,0.0,0.0,nan,0.0,0.0,0.0,-0.419785978386789,0.1,0.0,1.0
1779977957.9677923,-1.2820223569869995,-0.46003758907318115,0.0,0.0,nan,0.0,0.0,0.0,-0.419785978386789,0.1,0.0,1.0
1779977957.9785922,-1.2820223569869995,-0.46003758907318115,0.0,0.0,nan,0.0,0.0,0.0,-0.419785978386789,0.1,0.0,1.0
1779977957.988433,-1.2820223569869995,-0.46003758907318115,0.0,0.0,nan,0.0,0.0,0.0,-0.419785978386789,0.1,0.0,1.0
1779977957.9989598,-1.2820223569869995,-0.46003758907318115,0.0,0.0,nan,0.0,0.0,0.0,-0.419785978386789,0.1,0.0,1.0
1779977958.0092826,-1.2820223569869995,-0.46003758907318115,0.0,0.0,nan,0.0,0.0,0.0,-0.419785978386789,0.1,0.0,1.0
1779977958.0201445,-1.2820223569869995,-0.46003758907318115,0.0,0.0,nan,0.0,0.0,0.0,-0.419785978386789,0.1,0.0,1.0
1779977958.0303533,-1.2820223569869995,-0.46003758907318115,0.0,0.0,nan,0.0,0.0,0.0,-0.419785978386789,0.1,0.0,1.0
1779977958.0405688,-1.2820223569869995,-0.46003758907318115,0.0,0.0,nan,0.0,0.0,0.0,-0.419785978386789,0.1,0.0,1.0
1779977958.0505977,-1.2820223569869995,-0.46003758907318115,0.0,0.0,nan,0.0,0.0,0.0,-0.419785978386789,0.1,0.0,1.0
1779977958.0612545,-1.2820223569869995,-0.46003758907318115,0.0,0.0,nan,0.0,0.0,0.0,-0.419785978386789,0.1,0.0,1.0
1779977958.0718474,-1.2820223569869995,-0.46003758907318115,0.0,0.0,nan,0.0,0.0,0.0,-0.419785978386789,0.1,0.0,1.0
1779977958.0819879,-1.2820223569869995,-0.46003758907318115,0.0,0.0,nan,0.0,0.0,0.0,-0.419785978386789,0.1,0.0,1.0
1779977958.092482,-1.2820223569869995,-0.46003758907318115,0.0,0.0,nan,0.0,0.0,0.0,-0.419785978386789,0.1,0.0,1.0
1779977958.1030884,-1.2820223569869995,-0.46003758907318115,0.0,0.0,nan,0.0,0.0,0.0,-0.419785978386789,0.1,0.0,1.0
1779977958.113201,-1.2820223569869995,-0.46003758907318115,0.0,0.0,nan,0.0,0.0,0.0,-0.419785978386789,0.1,0.0,1.0
1779977958.1234324,-1.2820223569869995,-0.46003758907318115,0.0,0.0,nan,0.0,0.0,0.0,-0.419785978386789,0.1,0.0,1.0
1779977958.1337142,-1.2820223569869995,-0.46003758907318115,0.0,0.0,nan,0.0,0.0,0.0,-0.419785978386789,0.1,0.0,1.0
1779977958.143753,-1.2820223569869995,-0.46003758907318115,0.0,0.0,nan,0.0,0.0,0.0,-0.419785978386789,0.1,0.0,1.0
1779977958.1542373,-1.2820223569869995,-0.46003758907318115,0.0,0.0,nan,0.0,0.0,0.0,-0.419785978386789,0.1,0.0,1.0
1779977958.1646578,-1.2820223569869995,-0.46003758907318115,0.0,0.0,nan,0.0,0.0,0.0,-0.419785978386789,0.1,0.0,1.0
1779977958.175081,-1.2820223569869995,-0.46003758907318115,0.0,0.0,nan,0.0,0.0,0.0,-0.419785978386789,0.1,0.0,1.0
1779977958.18561,-1.2820223569869995,-0.46003758907318115,0.0,0.0,nan,0.0,0.0,0.0,-0.419785978386789,0.1,0.0,1.0
1779977958.1959822,-1.2820223569869995,-0.46003758907318115,0.0,0.0,nan,0.0,0.0,0.0,-0.419785978386789,0.1,0.0,1.0
1779977958.206462,-1.2820223569869995,-0.46003758907318115,0.0,0.0,nan,0.0,0.0,0.0,-0.419785978386789,0.1,0.0,1.0
1779977958.2165458,-1.2820223569869995,-0.46003758907318115,0.0,0.0,nan,0.0,0.0,0.0,-0.419785978386789,0.1,0.0,1.0
1779977958.2272394,-1.2820223569869995,-0.46003758907318115,0.0,0.0,nan,0.0,0.0,0.0,-0.419785978386789,0.1,0.0,1.0
1779977958.2377954,-1.2820223569869995,-0.46003758907318115,0.0,0.0,nan,0.0,0.0,0.0,-0.419785978386789,0.1,0.0,1.0
1779977958.2482414,-1.2820223569869995,-0.46003758907318115,0.0,0.0,nan,0.0,0.0,0.0,-0.419785978386789,0.1,0.0,1.0
1779977958.2584815,-1.2820223569869995,-0.46003758907318115,0.0,0.0,nan,0.0,0.0,0.0,-0.419785978386789,0.1,0.0,1.0
1779977958.2687619,-1.2820223569869995,-0.46003758907318115,0.0,0.0,nan,0.0,0.0,0.0,-0.419785978386789,0.1,0.0,1.0
1779977958.2789063,-1.2820223569869995,-0.46003758907318115,0.0,0.0,nan,0.0,0.0,0.0,-0.419785978386789,0.1,0.0,1.0
1779977958.289358,-1.2820223569869995,-0.46003758907318115,0.0,0.0,nan,0.0,0.0,0.0,-0.419785978386789,0.1,0.0,1.0
1779977958.299873,-1.2820223569869995,-0.46003758907318115,0.0,0.0,nan,0.0,0.0,0.0,-0.419785978386789,0.1,0.0,1.0
1779977958.3098903,-1.2820223569869995,-0.46003758907318115,0.0,0.0,nan,0.0,0.0,0.0,-0.419785978386789,0.1,0.0,1.0
1779977958.320102,-1.2820223569869995,-0.46003758907318115,0.0,0.0,nan,0.0,0.0,0.0,-0.419785978386789,0.1,0.0,1.0
1779977958.3305633,-1.2820223569869995,-0.46003758907318115,0.0,0.0,nan,0.0,0.0,0.0,-0.419785978386789,0.1,0.0,1.0
1779977958.3409083,-1.2820223569869995,-0.46003758907318115,0.0,0.0,nan,0.0,0.0,0.0,-0.419785978386789,0.1,0.0,1.0
1779977958.3511949,-1.2820223569869995,-0.46003758907318115,0.0,0.0,nan,0.0,0.0,0.0,-0.419785978386789,0.1,0.0,1.0
1779977958.3619092,-1.2820223569869995,-0.46003758907318115,0.0,0.0,nan,0.0,0.0,0.0,-0.419785978386789,0.1,0.0,1.0
1779977958.3725026,-1.2820223569869995,-0.46003758907318115,0.0,0.0,nan,0.0,0.0,0.0,-0.419785978386789,0.1,0.0,1.0
1779977958.382576,-1.2820223569869995,-0.46003758907318115,0.0,0.0,nan,0.0,0.0,0.0,-0.419785978386789,0.1,0.0,1.0
1779977958.3927956,-1.2820223569869995,-0.46003758907318115,0.0,0.0,nan,0.0,0.0,0.0,-0.419785978386789,0.1,0.0,1.0
1779977958.4033377,-1.2820223569869995,-0.46003758907318115,0.0,0.0,nan,0.0,0.0,0.0,-0.419785978386789,0.1,0.0,1.0
1779977958.4133644,-1.2820223569869995,-0.46003758907318115,0.0,0.0,nan,0.0,0.0,0.0,-0.419785978386789,0.1,0.0,1.0
1779977958.4234405,-1.2820223569869995,-0.46003758907318115,0.0,0.0,nan,0.0,0.0,0.0,-0.419785978386789,0.1,0.0,1.0
1779977958.4336157,-1.2820223569869995,-0.46003758907318115,0.0,0.0,nan,0.0,0.0,0.0,-0.419785978386789,0.1,0.0,1.0
1779977958.4439743,-1.2820223569869995,-0.46003758907318115,0.0,0.0,nan,0.0,0.0,0.0,-0.419785978386789,0.1,0.0,1.0
1779977958.4541254,-1.2820223569869995,-0.46003758907318115,0.0,0.0,nan,0.0,0.0,0.0,-0.419785978386789,0.1,0.0,1.0
1779977958.4643543,-1.2820223569869995,-0.46003758907318115,0.0,0.0,nan,0.0,0.0,0.0,-0.419785978386789,0.1,0.0,1.0
1779977958.4746118,-1.2820223569869995,-0.46003758907318115,0.0,0.0,nan,0.0,0.0,0.0,-0.419785978386789,0.1,0.0,1.0
1779977958.485144,-1.2820223569869995,-0.46003758907318115,0.0,0.0,nan,0.0,0.0,0.0,-0.419785978386789,0.1,0.0,1.0
1779977958.4959247,-1.2820223569869995,-0.46003758907318115,0.0,0.0,nan,0.0,0.0,0.0,-0.419785978386789,0.1,0.0,1.0
1779977958.5061498,-1.2820223569869995,-0.46003758907318115,0.0,0.0,nan,0.0,0.0,0.0,-0.419785978386789,0.1,0.0,1.0
1779977958.5166116,-1.2820223569869995,-0.46003758907318115,0.0,0.0,nan,0.0,0.0,0.0,-0.419785978386789,0.1,0.0,1.0
1779977958.5269506,-1.2820223569869995,-0.46003758907318115,0.0,0.0,nan,0.0,0.0,0.0,-0.419785978386789,0.1,0.0,1.0
1779977958.5371253,-1.2820223569869995,-0.46003758907318115,0.0,0.0,nan,0.0,0.0,0.0,-0.419785978386789,0.1,0.0,1.0
1779977958.5472453,-1.2820223569869995,-0.46003758907318115,0.0,0.0,nan,0.0,0.0,0.0,-0.419785978386789,0.1,0.0,1.0
1779977958.557458,-1.2820223569869995,-0.46003758907318115,0.0,0.0,nan,0.0,0.0,0.0,-0.419785978386789,0.1,0.0,1.0
1779977958.5678434,-1.2820223569869995,-0.46003758907318115,0.0,0.0,nan,0.0,0.0,0.0,-0.419785978386789,0.1,0.0,1.0
1779977958.578396,-1.2820223569869995,-0.46003758907318115,0.0,0.0,nan,0.0,0.0,0.0,-0.419785978386789,0.1,0.0,1.0
1779977958.5888276,-1.2820223569869995,-0.46003758907318115,0.0,0.0,nan,0.0,0.0,0.0,-0.419785978386789,0.1,0.0,1.0
1779977958.5988905,-1.2820223569869995,-0.46003758907318115,0.0,0.0,nan,0.0,0.0,0.0,-0.419785978386789,0.1,0.0,1.0
1779977958.609375,-1.2820223569869995,-0.46003758907318115,0.0,0.0,nan,0.0,0.0,0.0,-0.419785978386789,0.1,0.0,1.0
1779977958.6199389,-1.2820223569869995,-0.46003758907318115,0.0,0.0,nan,0.0,0.0,0.0,-0.419785978386789,0.1,0.0,1.0
1779977958.630217,-1.2820223569869995,-0.46003758907318115,0.0,0.0,nan,0.0,0.0,0.0,-0.419785978386789,0.1,0.0,1.0
1779977958.6410248,-1.2820223569869995,-0.46003758907318115,0.0,0.0,nan,0.0,0.0,0.0,-0.419785978386789,0.1,0.0,1.0
1779977958.6513894,-1.2820223569869995,-0.46003758907318115,0.0,0.0,nan,0.0,0.0,0.0,-0.419785978386789,0.1,0.0,1.0
1779977958.6620247,-1.2820223569869995,-0.46003758907318115,0.0,0.0,nan,0.0,0.0,0.0,-0.419785978386789,0.1,0.0,1.0
1779977958.672015,-1.2820223569869995,-0.46003758907318115,0.0,0.0,nan,0.0,0.0,0.0,-0.419785978386789,0.1,0.0,1.0
1779977958.6822934,-1.2820223569869995,-0.46003758907318115,0.0,0.0,nan,0.0,0.0,0.0,-0.419785978386789,0.1,0.0,1.0
1779977958.6926248,-1.2820223569869995,-0.46003758907318115,0.0,0.0,nan,0.0,0.0,0.0,-0.419785978386789,0.1,0.0,1.0
1779977958.702839,-1.2820223569869995,-0.46003758907318115,0.0,0.0,nan,0.0,0.0,0.0,-0.419785978386789,0.1,0.0,1.0
1779977958.7132382,-1.2820223569869995,-0.46003758907318115,0.0,0.0,nan,0.0,0.0,0.0,-0.419785978386789,0.1,0.0,1.0
1779977958.7236006,-1.2820223569869995,-0.46003758907318115,0.0,0.0,nan,0.0,0.0,0.0,-0.419785978386789,0.1,0.0,1.0
1779977958.7337193,-1.2820223569869995,-0.46003758907318115,0.0,0.0,nan,0.0,0.0,0.0,-0.419785978386789,0.1,0.0,1.0
1779977958.7444036,-1.2820223569869995,-0.46003758907318115,0.0,0.0,nan,0.0,0.0,0.0,-0.419785978386789,0.1,0.0,1.0
1779977958.7550192,-1.2820223569869995,-0.46003758907318115,0.0,0.0,nan,0.0,0.0,0.0,-0.419785978386789,0.1,0.0,1.0
1779977958.7650454,-1.2820223569869995,-0.46003758907318115,0.0,0.0,nan,0.0,0.0,0.0,-0.419785978386789,0.1,0.0,1.0
1779977958.7757282,-1.2820223569869995,-0.46003758907318115,0.0,0.0,nan,0.0,0.0,0.0,-0.419785978386789,0.1,0.0,1.0
1779977958.7859511,-1.2820223569869995,-0.46003758907318115,0.0,0.0,nan,0.0,0.0,0.0,-0.419785978386789,0.1,0.0,1.0
1779977958.7963579,-1.2820223569869995,-0.46003758907318115,0.0,0.0,nan,0.0,0.0,0.0,-0.419785978386789,0.1,0.0,1.0
1779977958.8071308,-1.2820223569869995,-0.46003758907318115,0.0,0.0,nan,0.0,0.0,0.0,-0.419785978386789,0.1,0.0,1.0
1779977958.8172545,-1.2820223569869995,-0.46003758907318115,0.0,0.0,nan,0.0,0.0,0.0,-0.419785978386789,0.1,0.0,1.0
1779977958.827573,-1.2820223569869995,-0.46003758907318115,0.0,0.0,nan,0.0,0.0,0.0,-0.419785978386789,0.1,0.0,1.0
1779977958.8376029,-1.2820223569869995,-0.46003758907318115,0.0,0.0,nan,0.0,0.0,0.0,-0.419785978386789,0.1,0.0,1.0
1779977958.848075,-1.2820223569869995,-0.46003758907318115,0.0,0.0,nan,0.0,0.0,0.0,-0.419785978386789,0.1,0.0,1.0
1779977958.8585806,-1.2820223569869995,-0.46003758907318115,0.0,0.0,nan,0.0,0.0,0.0,-0.419785978386789,0.1,0.0,1.0
1779977958.868938,-1.2820223569869995,-0.46003758907318115,0.0,0.0,nan,0.0,0.0,0.0,-0.419785978386789,0.1,0.0,1.0
1779977958.879606,-1.2820223569869995,-0.46003758907318115,0.0,0.0,nan,0.0,0.0,0.0,-0.419785978386789,0.1,0.0,1.0
1779977958.8902633,-1.2820223569869995,-0.46003758907318115,0.0,0.0,nan,0.0,0.0,0.0,-0.419785978386789,0.1,0.0,1.0
1779977958.9005938,-1.2820223569869995,-0.46003758907318115,0.0,0.0,nan,0.0,0.0,0.0,-0.419785978386789,0.1,0.0,1.0
1779977958.9106138,-1.2820223569869995,-0.46003758907318115,0.0,0.0,nan,0.0,0.0,0.0,-0.419785978386789,0.1,0.0,1.0
1779977958.9211407,-1.2820223569869995,-0.46003758907318115,0.0,0.0,nan,0.0,0.0,0.0,-0.419785978386789,0.1,0.0,1.0
1779977958.9315197,-1.2820223569869995,-0.46003758907318115,0.0,0.0,nan,0.0,0.0,0.0,-0.419785978386789,0.1,0.0,1.0
1779977958.9415596,-1.2820223569869995,-0.46003758907318115,0.0,0.0,nan,0.0,0.0,0.0,-0.419785978386789,0.1,0.0,1.0
1779977958.9520426,-1.2820223569869995,-0.46003758907318115,0.0,0.0,nan,0.0,0.0,0.0,-0.419785978386789,0.1,0.0,1.0
1779977958.9620771,-1.2820223569869995,-0.46003758907318115,0.0,0.0,nan,0.0,0.0,0.0,-0.419785978386789,0.1,0.0,1.0
1779977958.9725645,-1.2820223569869995,-0.46003758907318115,0.0,0.0,nan,0.0,0.0,0.0,-0.419785978386789,0.1,0.0,1.0
1779977958.982921,-1.2820223569869995,-0.46003758907318115,0.0,0.0,nan,0.0,0.0,0.0,-0.419785978386789,0.1,0.0,1.0
1779977958.9929104,-1.2820223569869995,-0.46003758907318115,0.0,0.0,nan,0.0,0.0,0.0,-0.419785978386789,0.1,0.0,1.0
1779977959.0035381,-1.2820223569869995,-0.46003758907318115,0.0,0.0,nan,0.0,0.0,0.0,-0.419785978386789,0.1,0.0,1.0
1779977959.013973,-1.2820223569869995,-0.46003758907318115,0.0,0.0,nan,0.0,0.0,0.0,-0.419785978386789,0.1,0.0,1.0
1779977959.0246756,-1.2820223569869995,-0.46003758907318115,0.0,0.0,nan,0.0,0.0,0.0,-0.419785978386789,0.1,0.0,1.0
1779977959.0346265,-1.2820223569869995,-0.46003758907318115,0.0,0.0,nan,0.0,0.0,0.0,-0.419785978386789,0.1,0.0,1.0
1779977959.0453942,-1.2820223569869995,-0.46003758907318115,0.0,0.0,nan,0.0,0.0,0.0,-0.419785978386789,0.1,0.0,1.0
1779977959.0555327,-1.2820223569869995,-0.46003758907318115,0.0,0.0,nan,0.0,0.0,0.0,-0.419785978386789,0.1,0.0,1.0
1779977959.065919,-1.2820223569869995,-0.46003758907318115,0.0,0.0,nan,0.0,0.0,0.0,-0.419785978386789,0.1,0.0,1.0
1779977959.0761387,-1.2820223569869995,-0.46003758907318115,0.0,0.0,nan,0.0,0.0,0.0,-0.419785978386789,0.1,0.0,1.0
1779977959.086621,-1.2820223569869995,-0.46003758907318115,0.0,0.0,nan,0.0,0.0,0.0,-0.419785978386789,0.1,0.0,1.0
1779977959.0968714,-1.2820223569869995,-0.46003758907318115,0.0,0.0,nan,0.0,0.0,0.0,-0.419785978386789,0.1,0.0,1.0
1779977959.1071186,-1.2820223569869995,-0.46003758907318115,0.0,0.0,nan,0.0,0.0,0.0,-0.419785978386789,0.1,0.0,1.0
1779977959.1175828,-1.2820223569869995,-0.46003758907318115,0.0,0.0,nan,0.0,0.0,0.0,-0.419785978386789,0.1,0.0,1.0
1779977959.127384,-1.2820223569869995,-0.46003758907318115,0.0,0.0,nan,0.0,0.0,0.0,-0.419785978386789,0.1,0.0,1.0
1779977959.138033,-1.2820223569869995,-0.46003758907318115,0.0,0.0,nan,0.0,0.0,0.0,-0.419785978386789,0.1,0.0,1.0
1779977959.1484063,-1.2820223569869995,-0.46003758907318115,0.0,0.0,nan,0.0,0.0,0.0,-0.419785978386789,0.1,0.0,1.0
1779977959.1587584,-1.2820223569869995,-0.46003758907318115,0.0,0.0,nan,0.0,0.0,0.0,-0.419785978386789,0.1,0.0,1.0
1779977959.1687386,-1.2820223569869995,-0.46003758907318115,0.0,0.0,nan,0.0,0.0,0.0,-0.419785978386789,0.1,0.0,1.0
1779977959.1795478,-1.2820223569869995,-0.46003758907318115,0.0,0.0,nan,0.0,0.0,0.0,-0.419785978386789,0.1,0.0,1.0
1779977959.1899846,-1.2820223569869995,-0.46003758907318115,0.0,0.0,nan,0.0,0.0,0.0,-0.419785978386789,0.1,0.0,1.0
1779977959.2006528,-1.2820223569869995,-0.46003758907318115,0.0,0.0,nan,0.0,0.0,0.0,-0.419785978386789,0.1,0.0,1.0
1779977959.2107625,-1.2820223569869995,-0.46003758907318115,0.0,0.0,nan,0.0,0.0,0.0,-0.419785978386789,0.1,0.0,1.0
1779977959.2208858,-1.2820223569869995,-0.46003758907318115,0.0,0.0,nan,0.0,0.0,0.0,-0.419785978386789,0.1,0.0,1.0
1779977959.2310977,-1.2820223569869995,-0.46003758907318115,0.0,0.0,nan,0.0,0.0,0.0,-0.419785978386789,0.1,0.0,1.0
1779977959.2410903,-1.2820223569869995,-0.46003758907318115,0.0,0.0,nan,0.0,0.0,0.0,-0.419785978386789,0.1,0.0,1.0
1779977959.2515576,-1.2820223569869995,-0.46003758907318115,0.0,0.0,nan,0.0,0.0,0.0,-0.419785978386789,0.1,0.0,1.0
1779977959.2615387,-1.2820223569869995,-0.46003758907318115,0.0,0.0,nan,0.0,0.0,0.0,-0.419785978386789,0.1,0.0,1.0
1779977959.2719712,-1.2820223569869995,-0.46003758907318115,0.0,0.0,nan,0.0,0.0,0.0,-0.419785978386789,0.1,0.0,1.0
1779977959.282105,-1.2820223569869995,-0.46003758907318115,0.0,0.0,nan,0.0,0.0,0.0,-0.419785978386789,0.1,0.0,1.0
1779977959.2925894,-1.2820223569869995,-0.46003758907318115,0.0,0.0,nan,0.0,0.0,0.0,-0.419785978386789,0.1,0.0,1.0
1779977959.303278,-1.2820223569869995,-0.46003758907318115,0.0,0.0,nan,0.0,0.0,0.0,-0.419785978386789,0.1,0.0,1.0
1779977959.313382,-1.2820223569869995,-0.46003758907318115,0.0,0.0,nan,0.0,0.0,0.0,-0.419785978386789,0.1,0.0,1.0
1779977959.3240552,-1.2820223569869995,-0.46003758907318115,0.0,0.0,nan,0.0,0.0,0.0,-0.419785978386789,0.1,0.0,1.0
1779977959.3342104,-1.2820223569869995,-0.46003758907318115,0.0,0.0,nan,0.0,0.0,0.0,-0.419785978386789,0.1,0.0,1.0
1779977959.3442292,-1.2820223569869995,-0.46003758907318115,0.0,0.0,nan,0.0,0.0,0.0,-0.419785978386789,0.1,0.0,1.0
1779977959.3544128,-1.2820223569869995,-0.46003758907318115,0.0,0.0,nan,0.0,0.0,0.0,-0.419785978386789,0.1,0.0,1.0
1779977959.3651128,-1.2820223569869995,-0.46003758907318115,0.0,0.0,nan,0.0,0.0,0.0,-0.419785978386789,0.1,0.0,1.0
1779977959.3751903,-1.2820223569869995,-0.46003758907318115,0.0,0.0,nan,0.0,0.0,0.0,-0.419785978386789,0.1,0.0,1.0
1779977959.3855722,-1.2820223569869995,-0.46003758907318115,0.0,0.0,nan,0.0,0.0,0.0,-0.419785978386789,0.1,0.0,1.0
1779977959.3955905,-1.2820223569869995,-0.46003758907318115,0.0,0.0,nan,0.0,0.0,0.0,-0.419785978386789,0.1,0.0,1.0
1779977959.4057941,-1.2820223569869995,-0.46003758907318115,0.0,0.0,nan,0.0,0.0,0.0,-0.419785978386789,0.1,0.0,1.0
1779977959.4169266,-1.2820223569869995,-0.46003758907318115,0.0,0.0,nan,0.0,0.0,0.0,-0.419785978386789,0.1,0.0,1.0
1779977959.4263859,-1.2820223569869995,-0.46003758907318115,0.0,0.0,nan,0.0,0.0,0.0,-0.419785978386789,0.1,0.0,1.0
1779977959.4369802,-1.2820223569869995,-0.46003758907318115,0.0,0.0,nan,0.0,0.0,0.0,-0.419785978386789,0.1,0.0,1.0
1779977959.4472885,-1.2820223569869995,-0.46003758907318115,0.0,0.0,nan,0.0,0.0,0.0,-0.419785978386789,0.1,0.0,1.0
1779977959.4582427,-1.2820223569869995,-0.46003758907318115,0.0,0.0,nan,0.0,0.0,0.0,-0.419785978386789,0.1,0.0,1.0
1779977959.4681032,-1.2820223569869995,-0.46003758907318115,0.0,0.0,nan,0.0,0.0,0.0,-0.419785978386789,0.1,0.0,1.0
1779977959.4781592,-1.2820223569869995,-0.46003758907318115,0.0,0.0,nan,0.0,0.0,0.0,-0.419785978386789,0.1,0.0,1.0
1779977959.488728,-1.2820223569869995,-0.46003758907318115,0.0,0.0,nan,0.0,0.0,0.0,-0.419785978386789,0.1,0.0,1.0
1779977959.499224,-1.2820223569869995,-0.46003758907318115,0.0,0.0,nan,0.0,0.0,0.0,-0.419785978386789,0.1,0.0,1.0
1779977959.5100114,-1.2820223569869995,-0.46003758907318115,0.0,0.0,nan,0.0,0.0,0.0,-0.419785978386789,0.1,0.0,1.0
1779977959.5198486,-1.2820223569869995,-0.46003758907318115,0.0,0.0,nan,0.0,0.0,0.0,-0.419785978386789,0.1,0.0,1.0
1779977959.5302672,-1.2820223569869995,-0.46003758907318115,0.0,0.0,nan,0.0,0.0,0.0,-0.419785978386789,0.1,0.0,1.0
1779977959.5406764,-1.2820223569869995,-0.46003758907318115,0.0,0.0,nan,0.0,0.0,0.0,-0.419785978386789,0.1,0.0,1.0
1779977959.5506291,-1.2820223569869995,-0.46003758907318115,0.0,0.0,nan,0.0,0.0,0.0,-0.419785978386789,0.1,0.0,1.0
1779977959.561228,-1.2820223569869995,-0.46003758907318115,0.0,0.0,nan,0.0,0.0,0.0,-0.419785978386789,0.1,0.0,1.0
1779977959.571761,-1.2820223569869995,-0.46003758907318115,0.0,0.0,nan,0.0,0.0,0.0,-0.419785978386789,0.1,0.0,1.0
1779977959.581749,-1.2820223569869995,-0.46003758907318115,0.0,0.0,nan,0.0,0.0,0.0,-0.419785978386789,0.1,0.0,1.0
1779977959.5920436,-1.2820223569869995,-0.46003758907318115,0.0,0.0,nan,0.0,0.0,0.0,-0.419785978386789,0.1,0.0,1.0
1779977959.6032257,-1.2820223569869995,-0.46003758907318115,0.0,0.0,nan,0.0,0.0,0.0,-0.419785978386789,0.1,0.0,1.0
1779977959.6126127,-1.2820223569869995,-0.46003758907318115,0.0,0.0,nan,0.0,0.0,0.0,-0.419785978386789,0.1,0.0,1.0
1779977959.6227236,-1.2820223569869995,-0.46003758907318115,0.0,0.0,nan,0.0,0.0,0.0,-0.419785978386789,0.1,0.0,1.0
1779977959.63321,-1.2820223569869995,-0.46003758907318115,0.0,0.0,nan,0.0,0.0,0.0,-0.419785978386789,0.1,0.0,1.0
1779977959.6435935,-1.2820223569869995,-0.46003758907318115,0.0,0.0,nan,0.0,0.0,0.0,-0.419785978386789,0.1,0.0,1.0
1779977959.6541662,-1.2820223569869995,-0.46003758907318115,0.0,0.0,nan,0.0,0.0,0.0,-0.419785978386789,0.1,0.0,1.0
1779977959.6644938,-1.2820223569869995,-0.46003758907318115,0.0,0.0,nan,0.0,0.0,0.0,-0.419785978386789,0.1,0.0,1.0
1779977959.6747637,-1.2820223569869995,-0.46003758907318115,0.0,0.0,nan,0.0,0.0,0.0,-0.419785978386789,0.1,0.0,1.0
1779977959.6848757,-1.2820223569869995,-0.46003758907318115,0.0,0.0,nan,0.0,0.0,0.0,-0.419785978386789,0.1,0.0,1.0
1779977959.6954453,-1.2820223569869995,-0.46003758907318115,0.0,0.0,nan,0.0,0.0,0.0,-0.419785978386789,0.1,0.0,1.0
1779977959.7056284,-1.2820223569869995,-0.46003758907318115,0.0,0.0,nan,0.0,0.0,0.0,-0.419785978386789,0.1,0.0,1.0
1779977959.716207,-1.2820223569869995,-0.46003758907318115,0.0,0.0,nan,0.0,0.0,0.0,-0.419785978386789,0.1,0.0,1.0
1779977959.7264051,-1.2820223569869995,-0.46003758907318115,0.0,0.0,nan,0.0,0.0,0.0,-0.419785978386789,0.1,0.0,1.0
1779977959.7365751,-1.2820223569869995,-0.46003758907318115,0.0,0.0,nan,0.0,0.0,0.0,-0.419785978386789,0.1,0.0,1.0
1779977959.7466784,-1.2820223569869995,-0.46003758907318115,0.0,0.0,nan,0.0,0.0,0.0,-0.419785978386789,0.1,0.0,1.0
1779977959.7570245,-1.2820223569869995,-0.46003758907318115,0.0,0.0,nan,0.0,0.0,0.0,-0.419785978386789,0.1,0.0,1.0
1779977959.7670994,-1.2820223569869995,-0.46003758907318115,0.0,0.0,nan,0.0,0.0,0.0,-0.419785978386789,0.1,0.0,1.0
1779977959.7771854,-1.2820223569869995,-0.46003758907318115,0.0,0.0,nan,0.0,0.0,0.0,-0.419785978386789,0.1,0.0,1.0
1779977959.7878182,-1.2820223569869995,-0.46003758907318115,0.0,0.0,nan,0.0,0.0,0.0,-0.419785978386789,0.1,0.0,1.0
1779977959.7980714,-1.2820223569869995,-0.46003758907318115,0.0,0.0,nan,0.0,0.0,0.0,-0.419785978386789,0.1,0.0,1.0
1779977959.808302,-1.2820223569869995,-0.46003758907318115,0.0,0.0,nan,0.0,0.0,0.0,-0.419785978386789,0.1,0.0,1.0
1779977959.8188124,-1.2820223569869995,-0.46003758907318115,0.0,0.0,nan,0.0,0.0,0.0,-0.419785978386789,0.1,0.0,1.0
1779977959.8293827,-1.2820223569869995,-0.46003758907318115,0.0,0.0,nan,0.0,0.0,0.0,-0.419785978386789,0.1,0.0,1.0
1779977959.839515,-1.2820223569869995,-0.46003758907318115,0.0,0.0,nan,0.0,0.0,0.0,-0.419785978386789,0.1,0.0,1.0
1779977959.8496673,-1.2820223569869995,-0.46003758907318115,0.0,0.0,nan,0.0,0.0,0.0,-0.419785978386789,0.1,0.0,1.0
1779977959.8597171,-1.2820223569869995,-0.46003758907318115,0.0,0.0,nan,0.0,0.0,0.0,-0.419785978386789,0.1,0.0,1.0
1779977959.8698165,-1.2820223569869995,-0.46003758907318115,0.0,0.0,nan,0.0,0.0,0.0,-0.419785978386789,0.1,0.0,1.0
1779977959.8803077,-1.2820223569869995,-0.46003758907318115,0.0,0.0,nan,0.0,0.0,0.0,-0.419785978386789,0.1,0.0,1.0
1779977959.8903153,-1.2820223569869995,-0.46003758907318115,0.0,0.0,nan,0.0,0.0,0.0,-0.419785978386789,0.1,0.0,1.0
1779977959.9006808,-1.2820223569869995,-0.46003758907318115,0.0,0.0,nan,0.0,0.0,0.0,-0.419785978386789,0.1,0.0,1.0
1779977959.9111328,-1.2820223569869995,-0.46003758907318115,0.0,0.0,nan,0.0,0.0,0.0,-0.419785978386789,0.1,0.0,1.0
1779977959.9214027,-1.2820223569869995,-0.46003758907318115,0.0,0.0,nan,0.0,0.0,0.0,-0.419785978386789,0.1,0.0,1.0
1779977959.9319813,-1.2820223569869995,-0.46003758907318115,0.0,0.0,nan,0.0,0.0,0.0,-0.419785978386789,0.1,0.0,1.0
1779977959.9423602,-1.2820223569869995,-0.46003758907318115,0.0,0.0,nan,0.0,0.0,0.0,-0.419785978386789,0.1,0.0,1.0
1779977959.9525466,-1.2820223569869995,-0.46003758907318115,0.0,0.0,nan,0.0,0.0,0.0,-0.419785978386789,0.1,0.0,1.0
1779977959.9628024,-1.2820223569869995,-0.46003758907318115,0.0,0.0,nan,0.0,0.0,0.0,-0.419785978386789,0.1,0.0,1.0
1779977959.9733033,-1.2820223569869995,-0.46003758907318115,0.0,0.0,nan,0.0,0.0,0.0,-0.419785978386789,0.1,0.0,1.0
1779977959.9837599,-1.2820223569869995,-0.46003758907318115,0.0,0.0,nan,0.0,0.0,0.0,-0.419785978386789,0.1,0.0,1.0
1779977959.993823,-1.2820223569869995,-0.46003758907318115,0.0,0.0,nan,0.0,0.0,0.0,-0.419785978386789,0.1,0.0,1.0
1779977960.0042808,-1.2820223569869995,-0.46003758907318115,0.0,0.0,nan,0.0,0.0,0.0,-0.419785978386789,0.1,0.0,1.0
1779977960.014339,-1.2820223569869995,-0.46003758907318115,0.0,0.0,nan,0.0,0.0,0.0,-0.419785978386789,0.1,0.0,1.0
1779977960.0249653,-1.2820223569869995,-0.46003758907318115,0.0,0.0,nan,0.0,0.0,0.0,-0.419785978386789,0.1,0.0,1.0
1779977960.0351684,-1.2820223569869995,-0.46003758907318115,0.0,0.0,nan,0.0,0.0,0.0,-0.419785978386789,0.1,0.0,1.0
1779977960.0450532,-1.2820223569869995,-0.46003758907318115,0.0,0.0,nan,0.0,0.0,0.0,-0.419785978386789,0.1,0.0,1.0
1779977960.0551462,-1.2820223569869995,-0.46003758907318115,0.0,0.0,nan,0.0,0.0,0.0,-0.419785978386789,0.1,0.0,1.0
1779977960.0653543,-1.2820223569869995,-0.46003758907318115,0.0,0.0,nan,0.0,0.0,0.0,-0.419785978386789,0.1,0.0,1.0
1779977960.0761418,-1.2820223569869995,-0.46003758907318115,0.0,0.0,nan,0.0,0.0,0.0,-0.419785978386789,0.1,0.0,1.0
1779977960.0867558,-1.2820223569869995,-0.46003758907318115,0.0,0.0,nan,0.0,0.0,0.0,-0.419785978386789,0.1,0.0,1.0
1779977960.0971284,-1.2820223569869995,-0.46003758907318115,0.0,0.0,nan,0.0,0.0,0.0,-0.419785978386789,0.1,0.0,1.0
1779977960.1074586,-1.2820223569869995,-0.46003758907318115,0.0,0.0,nan,0.0,0.0,0.0,-0.419785978386789,0.1,0.0,1.0
1779977960.1175742,-1.2820223569869995,-0.46003758907318115,0.0,0.0,nan,0.0,0.0,0.0,-0.419785978386789,0.1,0.0,1.0
1779977960.127731,-1.2820223569869995,-0.46003758907318115,0.0,0.0,nan,0.0,0.0,0.0,-0.419785978386789,0.1,0.0,1.0
1779977960.137892,-1.2820223569869995,-0.46003758907318115,0.0,0.0,nan,0.0,0.0,0.0,-0.419785978386789,0.1,0.0,1.0
1779977960.148302,-1.2820223569869995,-0.46003758907318115,0.0,0.0,nan,0.0,0.0,0.0,-0.419785978386789,0.1,0.0,1.0
1779977960.1582575,-1.2820223569869995,-0.46003758907318115,0.0,0.0,nan,0.0,0.0,0.0,-0.419785978386789,0.1,0.0,1.0
1779977960.1689959,-1.2820223569869995,-0.46003758907318115,0.0,0.0,nan,0.0,0.0,0.0,-0.419785978386789,0.1,0.0,1.0
1779977960.1795883,-1.2820223569869995,-0.46003758907318115,0.0,0.0,nan,0.0,0.0,0.0,-0.419785978386789,0.1,0.0,1.0
1779977960.1897755,-1.2820223569869995,-0.46003758907318115,0.0,0.0,nan,0.0,0.0,0.0,-0.419785978386789,0.1,0.0,1.0
1779977960.1999435,-1.2820223569869995,-0.46003758907318115,0.0,0.0,nan,0.0,0.0,0.0,-0.419785978386789,0.1,0.0,1.0
1779977960.2106977,-1.2820223569869995,-0.46003758907318115,0.0,0.0,nan,0.0,0.0,0.0,-0.419785978386789,0.1,0.0,1.0
1779977960.2210176,-1.2820223569869995,-0.46003758907318115,0.0,0.0,nan,0.0,0.0,0.0,-0.419785978386789,0.1,0.0,1.0
1779977960.2316775,-1.2820223569869995,-0.46003758907318115,0.0,0.0,nan,0.0,0.0,0.0,-0.419785978386789,0.1,0.0,1.0
1779977960.2422452,-1.2820223569869995,-0.46003758907318115,0.0,0.0,nan,0.0,0.0,0.0,-0.419785978386789,0.1,0.0,1.0
1779977960.252379,-1.2820223569869995,-0.46003758907318115,0.0,0.0,nan,0.0,0.0,0.0,-0.419785978386789,0.1,0.0,1.0
1779977960.2625868,-1.2820223569869995,-0.46003758907318115,0.0,0.0,nan,0.0,0.0,0.0,-0.419785978386789,0.1,0.0,1.0
1779977960.27279,-1.2820223569869995,-0.46003758907318115,0.0,0.0,nan,0.0,0.0,0.0,-0.419785978386789,0.1,0.0,1.0
1779977960.283294,-1.2820223569869995,-0.46003758907318115,0.0,0.0,nan,0.0,0.0,0.0,-0.419785978386789,0.1,0.0,1.0
1779977960.2934709,-1.2820223569869995,-0.46003758907318115,0.0,0.0,nan,0.0,0.0,0.0,-0.419785978386789,0.1,0.0,1.0
1779977960.304203,-1.2820223569869995,-0.46003758907318115,0.0,0.0,nan,0.0,0.0,0.0,-0.419785978386789,0.1,0.0,1.0
1779977960.3141458,-1.2820223569869995,-0.46003758907318115,0.0,0.0,nan,0.0,0.0,0.0,-0.419785978386789,0.1,0.0,1.0
1779977960.3242278,-1.2820223569869995,-0.46003758907318115,0.0,0.0,nan,0.0,0.0,0.0,-0.419785978386789,0.1,0.0,1.0
1779977960.3344455,-1.2820223569869995,-0.46003758907318115,0.0,0.0,nan,0.0,0.0,0.0,-0.419785978386789,0.1,0.0,1.0
1779977960.3446283,-1.2820223569869995,-0.46003758907318115,0.0,0.0,nan,0.0,0.0,0.0,-0.419785978386789,0.1,0.0,1.0
1779977960.3547938,-1.2820223569869995,-0.46003758907318115,0.0,0.0,nan,0.0,0.0,0.0,-0.419785978386789,0.1,0.0,1.0
1779977960.364967,-1.2820223569869995,-0.46003758907318115,0.0,0.0,nan,0.0,0.0,0.0,-0.419785978386789,0.1,0.0,1.0
1779977960.3752923,-1.2820223569869995,-0.46003758907318115,0.0,0.0,nan,0.0,0.0,0.0,-0.419785978386789,0.1,0.0,1.0
1779977960.3861485,-1.2820223569869995,-0.46003758907318115,0.0,0.0,nan,0.0,0.0,0.0,-0.419785978386789,0.1,0.0,1.0
1779977960.396389,-1.2820223569869995,-0.46003758907318115,0.0,0.0,nan,0.0,0.0,0.0,-0.419785978386789,0.1,0.0,1.0
1779977960.406849,-1.2820223569869995,-0.46003758907318115,0.0,0.0,nan,0.0,0.0,0.0,-0.419785978386789,0.1,0.0,1.0
1779977960.4170222,-1.2820223569869995,-0.46003758907318115,0.0,0.0,nan,0.0,0.0,0.0,-0.419785978386789,0.1,0.0,1.0
1779977960.427812,-1.2820223569869995,-0.46003758907318115,0.0,0.0,nan,0.0,0.0,0.0,-0.419785978386789,0.1,0.0,1.0
1779977960.4377866,-1.2820223569869995,-0.46003758907318115,0.0,0.0,nan,0.0,0.0,0.0,-0.419785978386789,0.1,0.0,1.0
1779977960.4478707,-1.2820223569869995,-0.46003758907318115,0.0,0.0,nan,0.0,0.0,0.0,-0.419785978386789,0.1,0.0,1.0
1779977960.4581997,-1.2820223569869995,-0.46003758907318115,0.0,0.0,nan,0.0,0.0,0.0,-0.419785978386789,0.1,0.0,1.0
1779977960.4686966,-1.2820223569869995,-0.46003758907318115,0.0,0.0,nan,0.0,0.0,0.0,-0.419785978386789,0.1,0.0,1.0
1779977960.4791608,-1.2820223569869995,-0.46003758907318115,0.0,0.0,nan,0.0,0.0,0.0,-0.419785978386789,0.1,0.0,1.0
1779977960.4891047,-1.2820223569869995,-0.46003758907318115,0.0,0.0,nan,0.0,0.0,0.0,-0.419785978386789,0.1,0.0,1.0
1779977960.4993834,-1.2820223569869995,-0.46003758907318115,0.0,0.0,nan,0.0,0.0,0.0,-0.419785978386789,0.1,0.0,1.0
1779977960.5093489,-1.2820223569869995,-0.46003758907318115,0.0,0.0,nan,0.0,0.0,0.0,-0.419785978386789,0.1,0.0,1.0
1779977960.5196097,-1.2820223569869995,-0.46003758907318115,0.0,0.0,nan,0.0,0.0,0.0,-0.419785978386789,0.1,0.0,1.0
1779977960.5298674,-1.2820223569869995,-0.46003758907318115,0.0,0.0,nan,0.0,0.0,0.0,-0.419785978386789,0.1,0.0,1.0
1779977960.5404427,-1.2820223569869995,-0.46003758907318115,0.0,0.0,nan,0.0,0.0,0.0,-0.419785978386789,0.1,0.0,1.0
1779977960.5506382,-1.2820223569869995,-0.46003758907318115,0.0,0.0,nan,0.0,0.0,0.0,-0.419785978386789,0.1,0.0,1.0
1779977960.5607417,-1.2820223569869995,-0.46003758907318115,0.0,0.0,nan,0.0,0.0,0.0,-0.419785978386789,0.1,0.0,1.0
1779977960.5709715,-1.2820223569869995,-0.46003758907318115,0.0,0.0,nan,0.0,0.0,0.0,-0.419785978386789,0.1,0.0,1.0
1779977960.581571,-1.2820223569869995,-0.46003758907318115,0.0,0.0,nan,0.0,0.0,0.0,-0.419785978386789,0.1,0.0,1.0
1779977960.5916789,-1.2820223569869995,-0.46003758907318115,0.0,0.0,nan,0.0,0.0,0.0,-0.419785978386789,0.1,0.0,1.0
1779977960.6021662,-1.2820223569869995,-0.46003758907318115,0.0,0.0,nan,0.0,0.0,0.0,-0.419785978386789,0.1,0.0,1.0
1779977960.6122484,-1.2820223569869995,-0.46003758907318115,0.0,0.0,nan,0.0,0.0,0.0,-0.419785978386789,0.1,0.0,1.0
1779977960.6223686,-1.2820223569869995,-0.46003758907318115,0.0,0.0,nan,0.0,0.0,0.0,-0.419785978386789,0.1,0.0,1.0
1779977960.6327035,-1.2820223569869995,-0.46003758907318115,0.0,0.0,nan,0.0,0.0,0.0,-0.419785978386789,0.1,0.0,1.0
1779977960.6427977,-1.2820223569869995,-0.46003758907318115,0.0,0.0,nan,0.0,0.0,0.0,-0.419785978386789,0.1,0.0,1.0
1779977960.6530507,-1.2820223569869995,-0.46003758907318115,0.0,0.0,nan,0.0,0.0,0.0,-0.419785978386789,0.1,0.0,1.0
1779977960.663872,-1.2820223569869995,-0.46003758907318115,0.0,0.0,nan,0.0,0.0,0.0,-0.419785978386789,0.1,0.0,1.0
1779977960.6738768,-1.2820223569869995,-0.46003758907318115,0.0,0.0,nan,0.0,0.0,0.0,-0.419785978386789,0.1,0.0,1.0
1779977960.710955,-1.2820223569869995,-0.46003758907318115,0.0,0.0,nan,0.0,0.0,0.0,-0.419785978386789,0.1,0.0,1.0
1779977960.721843,-1.2820223569869995,-0.46003758907318115,0.0,0.0,nan,0.0,0.0,0.0,-0.419785978386789,0.1,0.0,1.0
1779977960.731717,-1.2820223569869995,-0.46003758907318115,0.0,0.0,nan,0.0,0.0,0.0,-0.419785978386789,0.1,0.0,1.0
1779977960.7421458,-1.2820223569869995,-0.46003758907318115,0.0,0.0,nan,0.0,0.0,0.0,-0.419785978386789,0.1,0.0,1.0
1779977960.7524314,-1.2820223569869995,-0.46003758907318115,0.0,0.0,nan,0.0,0.0,0.0,-0.419785978386789,0.1,0.0,1.0
1779977960.7627282,-1.2820223569869995,-0.46003758907318115,0.0,0.0,nan,0.0,0.0,0.0,-0.419785978386789,0.1,0.0,1.0
1779977960.7729154,-1.2820223569869995,-0.46003758907318115,0.0,0.0,nan,0.0,0.0,0.0,-0.419785978386789,0.1,0.0,1.0
1779977960.782972,-1.2820223569869995,-0.46003758907318115,0.0,0.0,nan,0.0,0.0,0.0,-0.419785978386789,0.1,0.0,1.0
1779977960.7932014,-1.2820223569869995,-0.46003758907318115,0.0,0.0,nan,0.0,0.0,0.0,-0.419785978386789,0.1,0.0,1.0
1779977960.8033485,-1.2820223569869995,-0.46003758907318115,0.0,0.0,nan,0.0,0.0,0.0,-0.419785978386789,0.1,0.0,1.0
1779977960.8137076,-1.2820223569869995,-0.46003758907318115,0.0,0.0,nan,0.0,0.0,0.0,-0.419785978386789,0.1,0.0,1.0
1779977960.8240883,-1.2820223569869995,-0.46003758907318115,0.0,0.0,nan,0.0,0.0,0.0,-0.419785978386789,0.1,0.0,1.0
1779977960.8343246,-1.2820223569869995,-0.46003758907318115,0.0,0.0,nan,0.0,0.0,0.0,-0.419785978386789,0.1,0.0,1.0
1779977960.8447826,-1.2820223569869995,-0.46003758907318115,0.0,0.0,nan,0.0,0.0,0.0,-0.419785978386789,0.1,0.0,1.0
1779977960.8551173,-1.2820223569869995,-0.46003758907318115,0.0,0.0,nan,0.0,0.0,0.0,-0.419785978386789,0.1,0.0,1.0
1779977960.8655322,-1.2820223569869995,-0.46003758907318115,0.0,0.0,nan,0.0,0.0,0.0,-0.419785978386789,0.1,0.0,1.0
1779977960.8760774,-1.2820223569869995,-0.46003758907318115,0.0,0.0,nan,0.0,0.0,0.0,-0.419785978386789,0.1,0.0,1.0
1779977960.8867657,-1.2820223569869995,-0.46003758907318115,0.0,0.0,nan,0.0,0.0,0.0,-0.419785978386789,0.1,0.0,1.0
1779977960.8967888,-1.2820223569869995,-0.46003758907318115,0.0,0.0,nan,0.0,0.0,0.0,-0.419785978386789,0.1,0.0,1.0
1779977960.9071307,-1.2820223569869995,-0.46003758907318115,0.0,0.0,nan,0.0,0.0,0.0,-0.419785978386789,0.1,0.0,1.0
1779977960.917364,-1.2820223569869995,-0.46003758907318115,0.0,0.0,nan,0.0,0.0,0.0,-0.419785978386789,0.1,0.0,1.0
1779977960.927754,-1.2820223569869995,-0.46003758907318115,0.0,0.0,nan,0.0,0.0,0.0,-0.419785978386789,0.1,0.0,1.0
1779977960.9380639,-1.2820223569869995,-0.46003758907318115,0.0,0.0,nan,0.0,0.0,0.0,-0.419785978386789,0.1,0.0,1.0
1779977960.948254,-1.2820223569869995,-0.46003758907318115,0.0,0.0,nan,0.0,0.0,0.0,-0.419785978386789,0.1,0.0,1.0
1779977960.9586663,-1.2820223569869995,-0.46003758907318115,0.0,0.0,nan,0.0,0.0,0.0,-0.419785978386789,0.1,0.0,1.0
1779977960.968808,-1.2820223569869995,-0.46003758907318115,0.0,0.0,nan,0.0,0.0,0.0,-0.419785978386789,0.1,0.0,1.0
1779977960.9790967,-1.2820223569869995,-0.46003758907318115,0.0,0.0,nan,0.0,0.0,0.0,-0.419785978386789,0.1,0.0,1.0
1779977960.9892874,-1.2820223569869995,-0.46003758907318115,0.0,0.0,nan,0.0,0.0,0.0,-0.419785978386789,0.1,0.0,1.0
1779977960.999466,-1.2820223569869995,-0.46003758907318115,0.0,0.0,nan,0.0,0.0,0.0,-0.419785978386789,0.1,0.0,1.0
1779977961.0098975,-1.2820223569869995,-0.46003758907318115,0.0,0.0,nan,0.0,0.0,0.0,-0.419785978386789,0.1,0.0,1.0
1779977961.0203817,-1.2820223569869995,-0.46003758907318115,0.0,0.0,nan,0.0,0.0,0.0,-0.419785978386789,0.1,0.0,1.0
1779977961.0305002,-1.2820223569869995,-0.46003758907318115,0.0,0.0,nan,0.0,0.0,0.0,-0.419785978386789,0.1,0.0,1.0
1779977961.040659,-1.2820223569869995,-0.46003758907318115,0.0,0.0,nan,0.0,0.0,0.0,-0.419785978386789,0.1,0.0,1.0
1779977961.0508344,-1.2820223569869995,-0.46003758907318115,0.0,0.0,nan,0.0,0.0,0.0,-0.419785978386789,0.1,0.0,1.0
1779977961.0613673,-1.2820223569869995,-0.46003758907318115,0.0,0.0,nan,0.0,0.0,0.0,-0.419785978386789,0.1,0.0,1.0
1779977961.0719178,-1.2820223569869995,-0.46003758907318115,0.0,0.0,nan,0.0,0.0,0.0,-0.419785978386789,0.1,0.0,1.0
1779977961.0821052,-1.2820223569869995,-0.46003758907318115,0.0,0.0,nan,0.0,0.0,0.0,-0.419785978386789,0.1,0.0,1.0
1779977961.092219,-1.2820223569869995,-0.46003758907318115,0.0,0.0,nan,0.0,0.0,0.0,-0.419785978386789,0.1,0.0,1.0
1779977961.1025476,-1.2820223569869995,-0.46003758907318115,0.0,0.0,nan,0.0,0.0,0.0,-0.419785978386789,0.1,0.0,1.0
1779977961.112958,-1.2820223569869995,-0.46003758907318115,0.0,0.0,nan,0.0,0.0,0.0,-0.419785978386789,0.1,0.0,1.0
1779977961.1235178,-1.2820223569869995,-0.46003758907318115,0.0,0.0,nan,0.0,0.0,0.0,-0.419785978386789,0.1,0.0,1.0
1779977961.134267,-1.2820223569869995,-0.46003758907318115,0.0,0.0,nan,0.0,0.0,0.0,-0.419785978386789,0.1,0.0,1.0
1779977961.1447124,-1.2820223569869995,-0.46003758907318115,0.0,0.0,nan,0.0,0.0,0.0,-0.419785978386789,0.1,0.0,1.0
1779977961.1548908,-1.2820223569869995,-0.46003758907318115,0.0,0.0,nan,0.0,0.0,0.0,-0.419785978386789,0.1,0.0,1.0
1779977961.1652682,-1.2820223569869995,-0.46003758907318115,0.0,0.0,nan,0.0,0.0,0.0,-0.419785978386789,0.1,0.0,1.0
1779977961.175594,-1.2820223569869995,-0.46003758907318115,0.0,0.0,nan,0.0,0.0,0.0,-0.419785978386789,0.1,0.0,1.0
1779977961.1861782,-1.2820223569869995,-0.46003758907318115,0.0,0.0,nan,0.0,0.0,0.0,-0.419785978386789,0.1,0.0,1.0
1779977961.1961908,-1.2820223569869995,-0.46003758907318115,0.0,0.0,nan,0.0,0.0,0.0,-0.419785978386789,0.1,0.0,1.0
1779977961.2070587,-1.2820223569869995,-0.46003758907318115,0.0,0.0,nan,0.0,0.0,0.0,-0.419785978386789,0.1,0.0,1.0
1779977961.216842,-1.2820223569869995,-0.46003758907318115,0.0,0.0,nan,0.0,0.0,0.0,-0.419785978386789,0.1,0.0,1.0
1779977961.2274125,-1.2820223569869995,-0.46003758907318115,0.0,0.0,nan,0.0,0.0,0.0,-0.419785978386789,0.1,0.0,1.0
1779977961.2380376,-1.2820223569869995,-0.46003758907318115,0.0,0.0,nan,0.0,0.0,0.0,-0.419785978386789,0.1,0.0,1.0
1779977961.2481537,-1.2820223569869995,-0.46003758907318115,0.0,0.0,nan,0.0,0.0,0.0,-0.419785978386789,0.1,0.0,1.0
1779977961.2582436,-1.2820223569869995,-0.46003758907318115,0.0,0.0,nan,0.0,0.0,0.0,-0.419785978386789,0.1,0.0,1.0
1779977961.2687411,-1.2820223569869995,-0.46003758907318115,0.0,0.0,nan,0.0,0.0,0.0,-0.419785978386789,0.1,0.0,1.0
1779977961.2790713,-1.2820223569869995,-0.46003758907318115,0.0,0.0,nan,0.0,0.0,0.0,-0.419785978386789,0.1,0.0,1.0
1779977961.2896469,-1.2820223569869995,-0.46003758907318115,0.0,0.0,nan,0.0,0.0,0.0,-0.419785978386789,0.1,0.0,1.0
1779977961.3004782,-1.2820223569869995,-0.46003758907318115,0.0,0.0,nan,0.0,0.0,0.0,-0.419785978386789,0.1,0.0,1.0
1779977961.3106217,-1.2820223569869995,-0.46003758907318115,0.0,0.0,nan,0.0,0.0,0.0,-0.419785978386789,0.1,0.0,1.0
1779977961.3210444,-1.2820223569869995,-0.46003758907318115,0.0,0.0,nan,0.0,0.0,0.0,-0.419785978386789,0.1,0.0,1.0
1779977961.3314507,-1.2820223569869995,-0.46003758907318115,0.0,0.0,nan,0.0,0.0,0.0,-0.419785978386789,0.1,0.0,1.0
1779977961.3420315,-1.2820223569869995,-0.46003758907318115,0.0,0.0,nan,0.0,0.0,0.0,-0.419785978386789,0.1,0.0,1.0
1779977961.3520947,-1.2820223569869995,-0.46003758907318115,0.0,0.0,nan,0.0,0.0,0.0,-0.419785978386789,0.1,0.0,1.0
1779977961.3624856,-1.2820223569869995,-0.46003758907318115,0.0,0.0,nan,0.0,0.0,0.0,-0.419785978386789,0.1,0.0,1.0
1779977961.3725808,-1.2820223569869995,-0.46003758907318115,0.0,0.0,nan,0.0,0.0,0.0,-0.419785978386789,0.1,0.0,1.0
1779977961.3827574,-1.2820223569869995,-0.46003758907318115,0.0,0.0,nan,0.0,0.0,0.0,-0.419785978386789,0.1,0.0,1.0
1779977961.3930697,-1.2820223569869995,-0.46003758907318115,0.0,0.0,nan,0.0,0.0,0.0,-0.419785978386789,0.1,0.0,1.0
1779977961.4036038,-1.2820223569869995,-0.46003758907318115,0.0,0.0,nan,0.0,0.0,0.0,-0.419785978386789,0.1,0.0,1.0
1779977961.4139452,-1.2820223569869995,-0.46003758907318115,0.0,0.0,nan,0.0,0.0,0.0,-0.419785978386789,0.1,0.0,1.0
1779977961.4240808,-1.2820223569869995,-0.46003758907318115,0.0,0.0,nan,0.0,0.0,0.0,-0.419785978386789,0.1,0.0,1.0
1779977961.4340487,-1.2820223569869995,-0.46003758907318115,0.0,0.0,nan,0.0,0.0,0.0,-0.419785978386789,0.1,0.0,1.0
1779977961.4442418,-1.2820223569869995,-0.46003758907318115,0.0,0.0,nan,0.0,0.0,0.0,-0.419785978386789,0.1,0.0,1.0
1779977961.4549825,-1.2820223569869995,-0.46003758907318115,0.0,0.0,nan,0.0,0.0,0.0,-0.419785978386789,0.1,0.0,1.0
1779977961.4654138,-1.2820223569869995,-0.46003758907318115,0.0,0.0,nan,0.0,0.0,0.0,-0.419785978386789,0.1,0.0,1.0
1779977961.4760802,-1.2820223569869995,-0.46003758907318115,0.0,0.0,nan,0.0,0.0,0.0,-0.419785978386789,0.1,0.0,1.0
1779977961.4864993,-1.2820223569869995,-0.46003758907318115,0.0,0.0,nan,0.0,0.0,0.0,-0.419785978386789,0.1,0.0,1.0
1779977961.4967864,-1.2820223569869995,-0.46003758907318115,0.0,0.0,nan,0.0,0.0,0.0,-0.419785978386789,0.1,0.0,1.0
1779977961.5068731,-1.2820223569869995,-0.46003758907318115,0.0,0.0,nan,0.0,0.0,0.0,-0.419785978386789,0.1,0.0,1.0
1779977961.5172923,-1.2820223569869995,-0.46003758907318115,0.0,0.0,nan,0.0,0.0,0.0,-0.419785978386789,0.1,0.0,1.0
1779977961.5274892,-1.2820223569869995,-0.46003758907318115,0.0,0.0,nan,0.0,0.0,0.0,-0.419785978386789,0.1,0.0,1.0
1779977961.5376394,-1.2820223569869995,-0.46003758907318115,0.0,0.0,nan,0.0,0.0,0.0,-0.419785978386789,0.1,0.0,1.0
1779977961.547841,-1.2820223569869995,-0.46003758907318115,0.0,0.0,nan,0.0,0.0,0.0,-0.419785978386789,0.1,0.0,1.0
1779977961.558363,-1.2820223569869995,-0.46003758907318115,0.0,0.0,nan,0.0,0.0,0.0,-0.419785978386789,0.1,0.0,1.0
1779977961.5687811,-1.2820223569869995,-0.46003758907318115,0.0,0.0,nan,0.0,0.0,0.0,-0.419785978386789,0.1,0.0,1.0
1779977961.5790777,-1.2820223569869995,-0.46003758907318115,0.0,0.0,nan,0.0,0.0,0.0,-0.419785978386789,0.1,0.0,1.0
1779977961.5892339,-1.2820223569869995,-0.46003758907318115,0.0,0.0,nan,0.0,0.0,0.0,-0.419785978386789,0.1,0.0,1.0
1779977961.5996652,-1.2820223569869995,-0.46003758907318115,0.0,0.0,nan,0.0,0.0,0.0,-0.419785978386789,0.1,0.0,1.0
1779977961.6102722,nan,nan,nan,nan,nan,0.0,0.0,0.0,-0.419785978386789,0.1,0.0,1.0
1779977961.6204646,nan,nan,nan,nan,nan,0.0,0.0,0.0,0.0,nan,0.0,1.0
1779977961.6310441,nan,nan,nan,nan,nan,0.0,0.0,0.0,0.0,nan,0.0,1.0
1779977961.6411705,nan,nan,nan,nan,nan,0.0,0.0,0.0,0.0,nan,0.0,1.0
1779977961.6514914,nan,nan,nan,nan,nan,0.0,0.0,0.0,0.0,nan,0.0,1.0
1779977961.6620204,nan,nan,nan,nan,nan,0.0,0.0,0.0,0.0,nan,0.0,1.0
1779977961.6721005,nan,nan,nan,nan,nan,0.0,0.0,0.0,0.0,nan,0.0,1.0
1779977961.6824062,nan,nan,nan,nan,nan,0.0,0.0,0.0,0.0,nan,0.0,1.0
1779977961.6926122,nan,nan,nan,nan,nan,0.0,0.0,0.0,0.0,nan,0.0,1.0
1779977961.7030594,nan,nan,nan,nan,nan,0.0,0.0,0.0,0.0,nan,0.0,1.0
1779977961.7132092,nan,nan,nan,nan,nan,0.0,0.0,0.0,0.0,nan,0.0,1.0
1779977961.7234607,nan,nan,nan,nan,nan,0.0,0.0,0.0,0.0,nan,0.0,1.0
1779977961.733466,nan,nan,nan,nan,nan,0.0,0.0,0.0,0.0,nan,0.0,1.0
1779977961.7436512,nan,nan,nan,nan,nan,0.0,0.0,0.0,0.0,nan,0.0,1.0
1779977961.7537649,nan,nan,nan,nan,nan,0.0,0.0,0.0,0.0,nan,0.0,1.0
1779977961.7639985,nan,nan,nan,nan,nan,0.0,0.0,0.0,0.0,nan,0.0,1.0
1779977961.7739265,nan,nan,nan,nan,nan,0.0,0.0,0.0,0.0,nan,0.0,1.0
1779977961.7841036,nan,nan,nan,nan,nan,0.0,0.0,0.0,0.0,nan,0.0,1.0
1779977961.7947526,nan,nan,nan,nan,nan,0.0,0.0,0.0,0.0,nan,0.0,1.0
1779977961.8056827,nan,nan,nan,nan,nan,0.0,0.0,0.0,0.0,nan,0.0,1.0
1779977961.815811,nan,nan,nan,nan,nan,0.0,0.0,0.0,0.0,nan,0.0,1.0
1779977961.8261852,nan,nan,nan,nan,nan,0.0,0.0,0.0,0.0,nan,0.0,1.0
1779977961.836803,nan,nan,nan,nan,nan,0.0,0.0,0.0,0.0,nan,0.0,1.0
1779977961.8468857,nan,nan,nan,nan,nan,0.0,0.0,0.0,0.0,nan,0.0,1.0
1779977961.8573108,nan,nan,nan,nan,nan,0.0,0.0,0.0,0.0,nan,0.0,1.0
1779977961.867709,nan,nan,nan,nan,nan,0.0,0.0,0.0,0.0,nan,0.0,1.0
1779977961.8783433,nan,nan,nan,nan,nan,0.0,0.0,0.0,0.0,nan,0.0,1.0
1779977961.8885498,nan,nan,nan,nan,nan,0.0,0.0,0.0,0.0,nan,0.0,1.0
1779977961.8989916,nan,nan,nan,nan,nan,0.0,0.0,0.0,0.0,nan,0.0,1.0
1779977961.9091496,nan,nan,nan,nan,nan,0.0,0.0,0.0,0.0,nan,0.0,1.0
1779977961.9192293,nan,nan,nan,nan,nan,0.0,0.0,0.0,0.0,nan,0.0,1.0
1779977961.9302855,nan,nan,nan,nan,nan,0.0,0.0,0.0,0.0,nan,0.0,1.0
1779977961.9405682,nan,nan,nan,nan,nan,0.0,0.0,0.0,0.0,nan,0.0,1.0
1779977961.9510427,nan,nan,nan,nan,nan,0.0,0.0,0.0,0.0,nan,0.0,1.0
1779977961.961624,nan,nan,nan,nan,nan,0.0,0.0,0.0,0.0,nan,0.0,1.0
1779977961.9717262,nan,nan,nan,nan,nan,0.0,0.0,0.0,0.0,nan,0.0,1.0
1779977961.9822257,nan,nan,nan,nan,nan,0.0,0.0,0.0,0.0,nan,0.0,1.0
1779977961.9923222,nan,nan,nan,nan,nan,0.0,0.0,0.0,0.0,nan,0.0,1.0
1779977962.0028117,nan,nan,nan,nan,nan,0.0,0.0,0.0,0.0,nan,0.0,1.0
1779977962.01296,nan,nan,nan,nan,nan,0.0,0.0,0.0,0.0,nan,0.0,1.0
1779977962.023337,nan,nan,nan,nan,nan,0.0,0.0,0.0,0.0,nan,0.0,1.0
1779977962.033873,nan,nan,nan,nan,nan,0.0,0.0,0.0,0.0,nan,0.0,1.0
1779977962.0438237,nan,nan,nan,nan,nan,0.0,0.0,0.0,0.0,nan,0.0,1.0
1779977962.054218,nan,nan,nan,nan,nan,0.0,0.0,0.0,0.0,nan,0.0,1.0
1779977962.0649366,nan,nan,nan,nan,nan,0.0,0.0,0.0,0.0,nan,0.0,1.0
1779977962.0753734,nan,nan,nan,nan,nan,0.0,0.0,0.0,0.0,nan,0.0,1.0
1779977962.085666,nan,nan,nan,nan,nan,0.0,0.0,0.0,0.0,nan,0.0,1.0
1779977962.0957055,nan,nan,nan,nan,nan,0.0,0.0,0.0,0.0,nan,0.0,1.0
1779977962.105708,nan,nan,nan,nan,nan,0.0,0.0,0.0,0.0,nan,0.0,1.0
1779977962.1158025,nan,nan,nan,nan,nan,0.0,0.0,0.0,0.0,nan,0.0,1.0
1779977962.1261075,nan,nan,nan,nan,nan,0.0,0.0,0.0,0.0,nan,0.0,1.0
1779977962.13655,nan,nan,nan,nan,nan,0.0,0.0,0.0,0.0,nan,0.0,1.0
1779977962.1468513,nan,nan,nan,nan,nan,0.0,0.0,0.0,0.0,nan,0.0,1.0
1779977962.1571982,nan,nan,nan,nan,nan,0.0,0.0,0.0,0.0,nan,0.0,1.0
1779977962.1677675,nan,nan,nan,nan,nan,0.0,0.0,0.0,0.0,nan,0.0,1.0
1779977962.1777933,nan,nan,nan,nan,nan,0.0,0.0,0.0,0.0,nan,0.0,1.0
1779977962.1887162,nan,nan,nan,nan,nan,0.0,0.0,0.0,0.0,nan,0.0,1.0
1779977962.1991093,nan,nan,nan,nan,nan,0.0,0.0,0.0,0.0,nan,0.0,1.0
1779977962.2094872,nan,nan,nan,nan,nan,0.0,0.0,0.0,0.0,nan,0.0,1.0
1779977962.2196395,nan,nan,nan,nan,nan,0.0,0.0,0.0,0.0,nan,0.0,1.0
1779977962.2301898,nan,nan,nan,nan,nan,0.0,0.0,0.0,0.0,nan,0.0,1.0
1779977962.2405844,nan,nan,nan,nan,nan,0.0,0.0,0.0,0.0,nan,0.0,1.0
1779977962.2510958,nan,nan,nan,nan,nan,0.0,0.0,0.0,0.0,nan,0.0,1.0
1779977962.2616947,nan,nan,nan,nan,nan,0.0,0.0,0.0,0.0,nan,0.0,1.0
1779977962.2722125,nan,nan,nan,nan,nan,0.0,0.0,0.0,0.0,nan,0.0,1.0
1779977962.2824764,nan,nan,nan,nan,nan,0.0,0.0,0.0,0.0,nan,0.0,1.0
1779977962.292951,nan,nan,nan,nan,nan,0.0,0.0,0.0,0.0,nan,0.0,1.0
1779977962.3033535,nan,nan,nan,nan,nan,0.0,0.0,0.0,0.0,nan,0.0,1.0
1779977962.3133636,nan,nan,nan,nan,nan,0.0,0.0,0.0,0.0,nan,0.0,1.0
1779977962.3235662,nan,nan,nan,nan,nan,0.0,0.0,0.0,0.0,nan,0.0,1.0
1779977962.3337336,nan,nan,nan,nan,nan,0.0,0.0,0.0,0.0,nan,0.0,1.0
1779977962.344331,nan,nan,nan,nan,nan,0.0,0.0,0.0,0.0,nan,0.0,1.0
1779977962.3543777,nan,nan,nan,nan,nan,0.0,0.0,0.0,0.0,nan,0.0,1.0
1779977962.3646495,nan,nan,nan,nan,nan,0.0,0.0,0.0,0.0,nan,0.0,1.0
1779977962.375087,nan,nan,nan,nan,nan,0.0,0.0,0.0,0.0,nan,0.0,1.0
1779977962.3857207,nan,nan,nan,nan,nan,0.0,0.0,0.0,0.0,nan,0.0,1.0
1779977962.3961124,nan,nan,nan,nan,nan,0.0,0.0,0.0,0.0,nan,0.0,1.0
1779977962.4063237,nan,nan,nan,nan,nan,0.0,0.0,0.0,0.0,nan,0.0,1.0
1779977962.4166436,nan,nan,nan,nan,nan,0.0,0.0,0.0,0.0,nan,0.0,1.0
1779977962.4271555,nan,nan,nan,nan,nan,0.0,0.0,0.0,0.0,nan,0.0,1.0
1779977962.4373422,nan,nan,nan,nan,nan,0.0,0.0,0.0,0.0,nan,0.0,1.0
1779977962.4477005,nan,nan,nan,nan,nan,0.0,0.0,0.0,0.0,nan,0.0,1.0
1779977962.4578676,nan,nan,nan,nan,nan,0.0,0.0,0.0,0.0,nan,0.0,1.0
1779977962.4679096,nan,nan,nan,nan,nan,0.0,0.0,0.0,0.0,nan,0.0,1.0
1779977962.4785948,nan,nan,nan,nan,nan,0.0,0.0,0.0,0.0,nan,0.0,1.0
1779977962.4890816,nan,nan,nan,nan,nan,0.0,0.0,0.0,0.0,nan,0.0,1.0
1779977962.4993396,nan,nan,nan,nan,nan,0.0,0.0,0.0,0.0,nan,0.0,1.0
1779977962.5096257,nan,nan,nan,nan,nan,0.0,0.0,0.0,0.0,nan,0.0,1.0
1779977962.5200055,nan,nan,nan,nan,nan,0.0,0.0,0.0,0.0,nan,0.0,1.0
1779977962.5299492,nan,nan,nan,nan,nan,0.0,0.0,0.0,0.0,nan,0.0,1.0
1779977962.540371,nan,nan,nan,nan,nan,0.0,0.0,0.0,0.0,nan,0.0,1.0
1779977962.550774,nan,nan,nan,nan,nan,0.0,0.0,0.0,0.0,nan,0.0,1.0
1779977962.5614321,nan,nan,nan,nan,nan,0.0,0.0,0.0,0.0,nan,0.0,1.0
1779977962.5717127,nan,nan,nan,nan,nan,0.0,0.0,0.0,0.0,nan,0.0,1.0
1779977962.581885,nan,nan,nan,nan,nan,0.0,0.0,0.0,0.0,nan,0.0,1.0
1779977962.5920424,nan,nan,nan,nan,nan,0.0,0.0,0.0,0.0,nan,0.0,1.0
1779977962.602355,nan,nan,nan,nan,nan,0.0,0.0,0.0,0.0,nan,0.0,1.0
1779977962.6126244,nan,nan,nan,nan,nan,0.0,0.0,0.0,0.0,nan,0.0,1.0
1779977962.6230469,nan,nan,nan,nan,nan,0.0,0.0,0.0,0.0,nan,0.0,1.0
1779977962.6336668,nan,nan,nan,nan,nan,0.0,0.0,0.0,0.0,nan,0.0,1.0
1779977962.6438148,nan,nan,nan,nan,nan,0.0,0.0,0.0,0.0,nan,0.0,1.0
1779977962.6540923,nan,nan,nan,nan,nan,0.0,0.0,0.0,0.0,nan,0.0,1.0
1779977962.6643085,nan,nan,nan,nan,nan,0.0,0.0,0.0,0.0,nan,0.0,1.0
1779977962.6742592,nan,nan,nan,nan,nan,0.0,0.0,0.0,0.0,nan,0.0,1.0
1779977962.6850362,nan,nan,nan,nan,nan,0.0,0.0,0.0,0.0,nan,0.0,1.0
1779977962.6950219,nan,nan,nan,nan,nan,0.0,0.0,0.0,0.0,nan,0.0,1.0
1779977962.7055273,nan,nan,nan,nan,nan,0.0,0.0,0.0,0.0,nan,0.0,1.0
1779977962.7160578,nan,nan,nan,nan,nan,0.0,0.0,0.0,0.0,nan,0.0,1.0
1779977962.7262182,nan,nan,nan,nan,nan,0.0,0.0,0.0,0.0,nan,0.0,1.0
1779977962.7369854,nan,nan,nan,nan,nan,0.0,0.0,0.0,0.0,nan,0.0,1.0
1779977962.7481596,nan,nan,nan,nan,nan,0.0,0.0,0.0,0.0,nan,0.0,1.0
1779977962.7579036,nan,nan,nan,nan,nan,0.0,0.0,0.0,0.0,nan,0.0,1.0
1779977962.7682061,nan,nan,nan,nan,nan,0.0,0.0,0.0,0.0,nan,0.0,1.0
1779977962.77883,nan,nan,nan,nan,nan,0.0,0.0,0.0,0.0,nan,0.0,1.0
1779977962.7890425,nan,nan,nan,nan,nan,0.0,0.0,0.0,0.0,nan,0.0,1.0
1779977962.7996547,nan,nan,nan,nan,nan,0.0,0.0,0.0,0.0,nan,0.0,1.0
1779977962.8101423,nan,nan,nan,nan,nan,0.0,0.0,0.0,0.0,nan,0.0,1.0
1779977962.8206925,nan,nan,nan,nan,nan,0.0,0.0,0.0,0.0,nan,0.0,1.0
1779977962.8310688,nan,nan,nan,nan,nan,0.0,0.0,0.0,0.0,nan,0.0,1.0
1779977962.8412316,nan,nan,nan,nan,nan,0.0,0.0,0.0,0.0,nan,0.0,1.0
1779977962.8514054,nan,nan,nan,nan,nan,0.0,0.0,0.0,0.0,nan,0.0,1.0
1779977962.8616812,nan,nan,nan,nan,nan,0.0,0.0,0.0,0.0,nan,0.0,1.0
1779977962.8723722,nan,nan,nan,nan,nan,0.0,0.0,0.0,0.0,nan,0.0,1.0
1779977962.8830442,nan,nan,nan,nan,nan,0.0,0.0,0.0,0.0,nan,0.0,1.0
1779977962.8934927,nan,nan,nan,nan,nan,0.0,0.0,0.0,0.0,nan,0.0,1.0
1779977962.9038243,nan,nan,nan,nan,nan,0.0,0.0,0.0,0.0,nan,0.0,1.0
1779977962.9138253,nan,nan,nan,nan,nan,0.0,0.0,0.0,0.0,nan,0.0,1.0
1779977962.9244611,nan,nan,nan,nan,nan,0.0,0.0,0.0,0.0,nan,0.0,1.0
1779977962.934436,nan,nan,nan,nan,nan,0.0,0.0,0.0,0.0,nan,0.0,1.0
1779977962.944786,nan,nan,nan,nan,nan,0.0,0.0,0.0,0.0,nan,0.0,1.0
1779977962.9549482,nan,nan,nan,nan,nan,0.0,0.0,0.0,0.0,nan,0.0,1.0
1779977962.965067,nan,nan,nan,nan,nan,0.0,0.0,0.0,0.0,nan,0.0,1.0
1779977962.9756484,nan,nan,nan,nan,nan,0.0,0.0,0.0,0.0,nan,0.0,1.0
1779977962.985753,nan,nan,nan,nan,nan,0.0,0.0,0.0,0.0,nan,0.0,1.0
1779977962.996091,nan,nan,nan,nan,nan,0.0,0.0,0.0,0.0,nan,0.0,1.0
1779977963.005903,nan,nan,nan,nan,nan,0.0,0.0,0.0,0.0,nan,0.0,1.0
1779977963.0165453,nan,nan,nan,nan,nan,0.0,0.0,0.0,0.0,nan,0.0,1.0
1779977963.0267947,nan,nan,nan,nan,nan,0.0,0.0,0.0,0.0,nan,0.0,1.0
1779977963.036784,nan,nan,nan,nan,nan,0.0,0.0,0.0,0.0,nan,0.0,1.0
1779977963.0472791,nan,nan,nan,nan,nan,0.0,0.0,0.0,0.0,nan,0.0,1.0
1779977963.057669,nan,nan,nan,nan,nan,0.0,0.0,0.0,0.0,nan,0.0,1.0
1779977963.0675995,nan,nan,nan,nan,nan,0.0,0.0,0.0,0.0,nan,0.0,1.0
1779977963.0780764,nan,nan,nan,nan,nan,0.0,0.0,0.0,0.0,nan,0.0,1.0
1779977963.0882971,nan,nan,nan,nan,nan,0.0,0.0,0.0,0.0,nan,0.0,1.0
1779977963.0985236,nan,nan,nan,nan,nan,0.0,0.0,0.0,0.0,nan,0.0,1.0
1779977963.1090891,nan,nan,nan,nan,nan,0.0,0.0,0.0,0.0,nan,0.0,1.0
1779977963.119467,nan,nan,nan,nan,nan,0.0,0.0,0.0,0.0,nan,0.0,1.0
1779977963.1295536,nan,nan,nan,nan,nan,0.0,0.0,0.0,0.0,nan,0.0,1.0
1779977963.1397226,nan,nan,nan,nan,nan,0.0,0.0,0.0,0.0,nan,0.0,1.0
1779977963.149931,nan,nan,nan,nan,nan,0.0,0.0,0.0,0.0,nan,0.0,1.0
1779977963.1605754,nan,nan,nan,nan,nan,0.0,0.0,0.0,0.0,nan,0.0,1.0
1779977963.1707978,nan,nan,nan,nan,nan,0.0,0.0,0.0,0.0,nan,0.0,1.0
1779977963.1806424,nan,nan,nan,nan,nan,0.0,0.0,0.0,0.0,nan,0.0,1.0
1779977963.190866,nan,nan,nan,nan,nan,0.0,0.0,0.0,0.0,nan,0.0,1.0
1779977963.2010505,nan,nan,nan,nan,nan,0.0,0.0,0.0,0.0,nan,0.0,1.0
1779977963.2110078,nan,nan,nan,nan,nan,0.0,0.0,0.0,0.0,nan,0.0,1.0
1779977963.221946,nan,nan,nan,nan,nan,0.0,0.0,0.0,0.0,nan,0.0,1.0
1779977963.2314582,nan,nan,nan,nan,nan,0.0,0.0,0.0,0.0,nan,0.0,1.0
1779977963.2422912,nan,nan,nan,nan,nan,0.0,0.0,0.0,0.0,nan,0.0,1.0
1779977963.2525756,nan,nan,nan,nan,nan,0.0,0.0,0.0,0.0,nan,0.0,1.0
1779977963.2631037,nan,nan,nan,nan,nan,0.0,0.0,0.0,0.0,nan,0.0,1.0
1779977963.2734566,nan,nan,nan,nan,nan,0.0,0.0,0.0,0.0,nan,0.0,1.0
1779977963.283665,nan,nan,nan,nan,nan,0.0,0.0,0.0,0.0,nan,0.0,1.0
1779977963.2939658,nan,nan,nan,nan,nan,0.0,0.0,0.0,0.0,nan,0.0,1.0
1779977963.3044486,nan,nan,nan,nan,nan,0.0,0.0,0.0,0.0,nan,0.0,1.0
1779977963.314641,nan,nan,nan,nan,nan,0.0,0.0,0.0,0.0,nan,0.0,1.0
1779977963.3251348,nan,nan,nan,nan,nan,0.0,0.0,0.0,0.0,nan,0.0,1.0
1779977963.3352797,nan,nan,nan,nan,nan,0.0,0.0,0.0,0.0,nan,0.0,1.0
1779977963.3457596,nan,nan,nan,nan,nan,0.0,0.0,0.0,0.0,nan,0.0,1.0
1779977963.3559353,nan,nan,nan,nan,nan,0.0,0.0,0.0,0.0,nan,0.0,1.0
1779977963.3663118,nan,nan,nan,nan,nan,0.0,0.0,0.0,0.0,nan,0.0,1.0
1779977963.3767195,nan,nan,nan,nan,nan,0.0,0.0,0.0,0.0,nan,0.0,1.0
1779977963.3869936,nan,nan,nan,nan,nan,0.0,0.0,0.0,0.0,nan,0.0,1.0
1779977963.3977644,nan,nan,nan,nan,nan,0.0,0.0,0.0,0.0,nan,0.0,1.0
1779977963.4076557,nan,nan,nan,nan,nan,0.0,0.0,0.0,0.0,nan,0.0,1.0
1779977963.4180584,nan,nan,nan,nan,nan,0.0,0.0,0.0,0.0,nan,0.0,1.0
1779977963.428134,nan,nan,nan,nan,nan,0.0,0.0,0.0,0.0,nan,0.0,1.0
1779977963.438717,nan,nan,nan,nan,nan,0.0,0.0,0.0,0.0,nan,0.0,1.0
1779977963.4490461,nan,nan,nan,nan,nan,0.0,0.0,0.0,0.0,nan,0.0,1.0
1779977963.459315,nan,nan,nan,nan,nan,0.0,0.0,0.0,0.0,nan,0.0,1.0
1779977963.4691377,nan,nan,nan,nan,nan,0.0,0.0,0.0,0.0,nan,0.0,1.0
1779977963.4794555,nan,nan,nan,nan,nan,0.0,0.0,0.0,0.0,nan,0.0,1.0
1779977963.4902232,nan,nan,nan,nan,nan,0.0,0.0,0.0,0.0,nan,0.0,1.0
1779977963.5001585,nan,nan,nan,nan,nan,0.0,0.0,0.0,0.0,nan,0.0,1.0
1779977963.510598,nan,nan,nan,nan,nan,0.0,0.0,0.0,0.0,nan,0.0,1.0
1779977963.5209525,nan,nan,nan,nan,nan,0.0,0.0,0.0,0.0,nan,0.0,1.0
1779977963.5313652,nan,nan,nan,nan,nan,0.0,0.0,0.0,0.0,nan,0.0,1.0
1779977963.5420227,nan,nan,nan,nan,nan,0.0,0.0,0.0,0.0,nan,0.0,1.0
1779977963.5521307,nan,nan,nan,nan,nan,0.0,0.0,0.0,0.0,nan,0.0,1.0
1779977963.562302,nan,nan,nan,nan,nan,0.0,0.0,0.0,0.0,nan,0.0,1.0
1779977963.5728872,nan,nan,nan,nan,nan,0.0,0.0,0.0,0.0,nan,0.0,1.0
1779977963.583269,nan,nan,nan,nan,nan,0.0,0.0,0.0,0.0,nan,0.0,1.0
1779977963.5939038,nan,nan,nan,nan,nan,0.0,0.0,0.0,0.0,nan,0.0,1.0
1779977963.6043463,nan,nan,nan,nan,nan,0.0,0.0,0.0,0.0,nan,0.0,1.0
1779977963.6148727,nan,nan,nan,nan,nan,0.0,0.0,0.0,0.0,nan,0.0,1.0
1779977963.6254818,nan,nan,nan,nan,nan,0.0,0.0,0.0,0.0,nan,0.0,1.0
1779977963.635974,nan,nan,nan,nan,nan,0.0,0.0,0.0,0.0,nan,0.0,1.0
1779977963.6462777,nan,nan,nan,nan,nan,0.0,0.0,0.0,0.0,nan,0.0,1.0
1779977963.6567054,nan,nan,nan,nan,nan,0.0,0.0,0.0,0.0,nan,0.0,1.0
1779977963.6670098,nan,nan,nan,nan,nan,0.0,0.0,0.0,0.0,nan,0.0,1.0
1779977963.6777453,nan,nan,nan,nan,nan,0.0,0.0,0.0,0.0,nan,0.0,1.0
1779977963.6874542,nan,nan,nan,nan,nan,0.0,0.0,0.0,0.0,nan,0.0,1.0
1779977963.698221,nan,nan,nan,nan,nan,0.0,0.0,0.0,0.0,nan,0.0,1.0
1779977963.7081878,nan,nan,nan,nan,nan,0.0,0.0,0.0,0.0,nan,0.0,1.0
1779977963.718759,nan,nan,nan,nan,nan,0.0,0.0,0.0,0.0,nan,0.0,1.0
1779977963.7286935,nan,nan,nan,nan,nan,0.0,0.0,0.0,0.0,nan,0.0,1.0
1779977963.739146,nan,nan,nan,nan,nan,0.0,0.0,0.0,0.0,nan,0.0,1.0
1779977963.7494378,nan,nan,nan,nan,nan,0.0,0.0,0.0,0.0,nan,0.0,1.0
1779977963.7594898,nan,nan,nan,nan,nan,0.0,0.0,0.0,0.0,nan,0.0,1.0
1779977963.7696626,nan,nan,nan,nan,nan,0.0,0.0,0.0,0.0,nan,0.0,1.0
1779977963.780451,nan,nan,nan,nan,nan,0.0,0.0,0.0,0.0,nan,0.0,1.0
1779977963.7904708,nan,nan,nan,nan,nan,0.0,0.0,0.0,0.0,nan,0.0,1.0
1779977963.80117,nan,nan,nan,nan,nan,0.0,0.0,0.0,0.0,nan,0.0,1.0
1779977963.8116944,nan,nan,nan,nan,nan,0.0,0.0,0.0,0.0,nan,0.0,1.0
1779977963.822194,nan,nan,nan,nan,nan,0.0,0.0,0.0,0.0,nan,0.0,1.0
1779977963.8325493,nan,nan,nan,nan,nan,0.0,0.0,0.0,0.0,nan,0.0,1.0
1779977963.8426516,nan,nan,nan,nan,nan,0.0,0.0,0.0,0.0,nan,0.0,1.0
1779977963.8530836,nan,nan,nan,nan,nan,0.0,0.0,0.0,0.0,nan,0.0,1.0
1779977963.863678,nan,nan,nan,nan,nan,0.0,0.0,0.0,0.0,nan,0.0,1.0
1779977963.873747,nan,nan,nan,nan,nan,0.0,0.0,0.0,0.0,nan,0.0,1.0
1779977963.883889,nan,nan,nan,nan,nan,0.0,0.0,0.0,0.0,nan,0.0,1.0
1779977963.8943338,nan,nan,nan,nan,nan,0.0,0.0,0.0,0.0,nan,0.0,1.0
1779977963.9043057,nan,nan,nan,nan,nan,0.0,0.0,0.0,0.0,nan,0.0,1.0
1779977963.9149094,nan,nan,nan,nan,nan,0.0,0.0,0.0,0.0,nan,0.0,1.0
1779977963.9257717,nan,nan,nan,nan,nan,0.0,0.0,0.0,0.0,nan,0.0,1.0
1779977963.9357216,nan,nan,nan,nan,nan,0.0,0.0,0.0,0.0,nan,0.0,1.0
1779977963.9460905,nan,nan,nan,nan,nan,0.0,0.0,0.0,0.0,nan,0.0,1.0
1779977963.9570558,nan,nan,nan,nan,nan,0.0,0.0,0.0,0.0,nan,0.0,1.0
1779977963.967356,nan,nan,nan,nan,nan,0.0,0.0,0.0,0.0,nan,0.0,1.0
1779977963.977523,nan,nan,nan,nan,nan,0.0,0.0,0.0,0.0,nan,0.0,1.0
1779977963.9874022,nan,nan,nan,nan,nan,0.0,0.0,0.0,0.0,nan,0.0,1.0
1779977963.9980335,nan,nan,nan,nan,nan,0.0,0.0,0.0,0.0,nan,0.0,1.0
1779977964.008309,nan,nan,nan,nan,nan,0.0,0.0,0.0,0.0,nan,0.0,1.0
1779977964.018963,nan,nan,nan,nan,nan,0.0,0.0,0.0,0.0,nan,0.0,1.0
1779977964.0296006,nan,nan,nan,nan,nan,0.0,0.0,0.0,0.0,nan,0.0,1.0
1779977964.0394843,nan,nan,nan,nan,nan,0.0,0.0,0.0,0.0,nan,0.0,1.0
1779977964.050131,nan,nan,nan,nan,nan,0.0,0.0,0.0,0.0,nan,0.0,1.0
1779977964.060545,nan,nan,nan,nan,nan,0.0,0.0,0.0,0.0,nan,0.0,1.0
1779977964.071303,nan,nan,nan,nan,nan,0.0,0.0,0.0,0.0,nan,0.0,1.0
1779977964.0816827,nan,nan,nan,nan,nan,0.0,0.0,0.0,0.0,nan,0.0,1.0
1779977964.0925674,nan,nan,nan,nan,nan,0.0,0.0,0.0,0.0,nan,0.0,1.0
1779977964.1026294,nan,nan,nan,nan,nan,0.0,0.0,0.0,0.0,nan,0.0,1.0
1779977964.112735,nan,nan,nan,nan,nan,0.0,0.0,0.0,0.0,nan,0.0,1.0
1779977964.1228921,nan,nan,nan,nan,nan,0.0,0.0,0.0,0.0,nan,0.0,1.0
1779977964.1330876,nan,nan,nan,nan,nan,0.0,0.0,0.0,0.0,nan,0.0,1.0
1779977964.143604,nan,nan,nan,nan,nan,0.0,0.0,0.0,0.0,0.0,0.0,1.0
1779977964.154006,nan,nan,nan,nan,nan,0.0,0.0,0.0,0.0,0.0,0.0,1.0
1779977964.1640084,nan,nan,nan,nan,nan,0.0,0.0,0.0,0.0,0.0,0.0,1.0
1779977964.174802,nan,nan,nan,nan,nan,0.0,0.0,0.0,0.0,0.0,0.0,1.0
1779977964.1852612,nan,nan,nan,nan,nan,0.0,0.0,0.0,0.0,0.0,0.0,1.0
1779977964.1955564,nan,nan,nan,nan,nan,0.0,0.0,0.0,0.0,0.0,0.0,1.0
1779977964.2060266,nan,nan,nan,nan,nan,0.0,0.0,0.0,0.0,0.0,0.0,1.0
1779977964.216154,nan,nan,nan,nan,nan,0.0,0.0,0.0,0.0,0.0,0.0,1.0
1779977964.2266479,nan,nan,nan,nan,nan,0.0,0.0,0.0,0.0,0.0,0.0,1.0
1779977964.236795,nan,nan,nan,nan,nan,0.0,0.0,0.0,0.0,0.0,0.0,1.0
1779977964.2472467,nan,nan,nan,nan,nan,0.0,0.0,0.0,0.0,0.0,0.0,1.0
1779977964.2573223,nan,nan,nan,nan,nan,0.0,0.0,0.0,0.0,0.0,0.0,1.0
1779977964.2679374,nan,nan,nan,nan,nan,0.0,0.0,0.0,0.0,0.0,0.0,1.0
1779977964.277918,nan,nan,nan,nan,nan,0.0,0.0,0.0,0.0,0.0,0.0,1.0
1779977964.2882462,nan,nan,nan,nan,nan,0.0,0.0,0.0,0.0,0.0,0.0,1.0
1779977964.298847,nan,nan,nan,nan,nan,0.0,0.0,0.0,0.0,0.0,0.0,1.0
1779977964.3087244,nan,nan,nan,nan,nan,0.0,0.0,0.0,0.0,0.0,0.0,1.0
1779977964.318664,nan,nan,nan,nan,nan,0.0,0.0,0.0,0.0,0.0,0.0,1.0
1779977964.328805,nan,nan,nan,nan,nan,0.0,0.0,0.0,0.0,0.0,0.0,1.0
1779977964.3394876,nan,nan,nan,nan,nan,0.0,0.0,0.0,0.0,0.0,0.0,1.0
1779977964.3500123,nan,nan,nan,nan,nan,0.0,0.0,0.0,0.0,0.0,0.0,1.0
1779977964.3603253,nan,nan,nan,nan,nan,0.0,0.0,0.0,0.0,0.0,0.0,1.0
1779977964.3706853,nan,nan,nan,nan,nan,0.0,0.0,0.0,0.0,0.0,0.0,1.0
1779977964.3809242,nan,nan,nan,nan,nan,0.0,0.0,0.0,0.0,0.0,0.0,1.0
1779977964.3912592,nan,nan,nan,nan,nan,0.0,0.0,0.0,0.0,0.0,0.0,1.0
1779977964.4022667,nan,nan,nan,nan,nan,0.0,0.0,0.0,0.0,0.0,0.0,1.0
1779977964.4128225,nan,nan,nan,nan,nan,0.0,0.0,0.0,0.0,0.0,0.0,1.0
1779977964.423648,nan,nan,nan,nan,nan,0.0,0.0,0.0,0.0,0.0,0.0,1.0
1779977964.4334974,nan,nan,nan,nan,nan,0.0,0.0,0.0,0.0,0.0,0.0,1.0
1779977964.4436593,nan,nan,nan,nan,nan,0.0,0.0,0.0,0.0,0.0,0.0,1.0
1779977964.4538748,nan,nan,nan,nan,nan,0.0,0.0,0.0,0.0,0.0,0.0,1.0
1779977964.4640374,nan,nan,nan,nan,nan,0.0,0.0,0.0,0.0,0.0,0.0,1.0
1779977964.474131,nan,nan,nan,nan,nan,0.0,0.0,0.0,0.0,0.0,0.0,1.0
1779977964.484254,nan,nan,nan,nan,nan,0.0,0.0,0.0,0.0,0.0,0.0,1.0
1779977964.494551,nan,nan,nan,nan,nan,0.0,0.0,0.0,0.0,0.0,0.0,1.0
1779977964.5050845,nan,nan,nan,nan,nan,0.0,0.0,0.0,0.0,0.0,0.0,1.0
1779977964.5155387,nan,nan,nan,nan,nan,0.0,0.0,0.0,0.0,0.0,0.0,1.0
1779977964.5258062,nan,nan,nan,nan,nan,0.0,0.0,0.0,0.0,0.0,0.0,1.0
1779977964.5363264,nan,nan,nan,nan,nan,0.0,0.0,0.0,0.0,0.0,0.0,1.0
1779977964.5465083,nan,nan,nan,nan,nan,0.0,0.0,0.0,0.0,0.0,0.0,1.0
1779977964.5570571,nan,nan,nan,nan,nan,0.0,0.0,0.0,0.0,0.0,0.0,1.0
1779977964.5667272,nan,nan,nan,nan,nan,0.0,0.0,0.0,0.0,0.0,0.0,1.0
1779977964.5771217,nan,nan,nan,nan,nan,0.0,0.0,0.0,0.0,0.0,0.0,1.0
1779977964.5876648,nan,nan,nan,nan,nan,0.0,0.0,0.0,0.0,0.0,0.0,1.0
1779977964.597871,nan,nan,nan,nan,nan,0.0,0.0,0.0,0.0,0.0,0.0,1.0
1779977964.6083326,nan,nan,nan,nan,nan,0.0,0.0,0.0,0.0,0.0,0.0,1.0
1779977964.6185734,nan,nan,nan,nan,nan,0.0,0.0,0.0,0.0,0.0,0.0,1.0
1779977964.6289155,nan,nan,nan,nan,nan,0.0,0.0,0.0,0.0,0.0,0.0,1.0
1779977964.6389837,nan,nan,nan,nan,nan,0.0,0.0,0.0,0.0,0.0,0.0,1.0
1779977964.6491606,nan,nan,nan,nan,nan,0.0,0.0,0.0,0.0,0.0,0.0,1.0
1779977964.6597638,nan,nan,nan,nan,nan,0.0,0.0,0.0,0.0,0.0,0.0,1.0
1779977964.669776,nan,nan,nan,nan,nan,0.0,0.0,0.0,0.0,0.0,0.0,1.0
1779977964.6803215,nan,nan,nan,nan,nan,0.0,0.0,0.0,0.0,0.0,0.0,1.0
1779977964.6904724,nan,nan,nan,nan,nan,0.0,0.0,0.0,0.0,0.0,0.0,1.0
1779977964.7005675,nan,nan,nan,nan,nan,0.0,0.0,0.0,0.0,0.0,0.0,1.0
1779977964.7108696,nan,nan,nan,nan,nan,0.0,0.0,0.0,0.0,0.0,0.0,1.0
1779977964.721551,nan,nan,nan,nan,nan,0.0,0.0,0.0,0.0,0.0,0.0,1.0
1779977964.7317584,nan,nan,nan,nan,nan,0.0,0.0,0.0,0.0,0.0,0.0,1.0
1779977964.7421134,nan,nan,nan,nan,nan,0.0,0.0,0.0,0.0,0.0,0.0,1.0
1779977964.7522488,nan,nan,nan,nan,nan,0.0,0.0,0.0,0.0,0.0,0.0,1.0
1779977964.762656,nan,nan,nan,nan,nan,0.0,0.0,0.0,0.0,0.0,0.0,1.0
1779977964.7732265,nan,nan,nan,nan,nan,0.0,0.0,0.0,0.0,0.0,0.0,1.0
1779977964.7835703,nan,nan,nan,nan,nan,0.0,0.0,0.0,0.0,0.0,0.0,1.0
1779977964.7939641,nan,nan,nan,nan,nan,0.0,0.0,0.0,0.0,0.0,0.0,1.0
1779977964.8040302,nan,nan,nan,nan,nan,0.0,0.0,0.0,0.0,0.0,0.0,1.0
1779977964.8142917,nan,nan,nan,nan,nan,0.0,0.0,0.0,0.0,0.0,0.0,1.0
1779977964.8244977,nan,nan,nan,nan,nan,0.0,0.0,0.0,0.0,0.0,0.0,1.0
1779977964.8351653,nan,nan,nan,nan,nan,0.0,0.0,0.0,0.0,0.0,0.0,1.0
1779977964.8454423,nan,nan,nan,nan,nan,0.0,0.0,0.0,0.0,0.0,0.0,1.0
1779977964.8558714,nan,nan,nan,nan,nan,0.0,0.0,0.0,0.0,0.0,0.0,1.0
1779977964.8665693,nan,nan,nan,nan,nan,0.0,0.0,0.0,0.0,0.0,0.0,1.0
1779977964.8770835,nan,nan,nan,nan,nan,0.0,0.0,0.0,0.0,0.0,0.0,1.0
1779977964.8872933,nan,nan,nan,nan,nan,0.0,0.0,0.0,0.0,0.0,0.0,1.0
1779977964.8975468,nan,nan,nan,nan,nan,0.0,0.0,0.0,0.0,0.0,0.0,1.0
1779977964.907933,nan,nan,nan,nan,nan,0.0,0.0,0.0,0.0,0.0,0.0,1.0
1779977964.9178967,nan,nan,nan,nan,nan,0.0,0.0,0.0,0.0,0.0,0.0,1.0
1779977964.9281533,nan,nan,nan,nan,nan,0.0,0.0,0.0,0.0,0.0,0.0,1.0
1779977964.9384923,nan,nan,nan,nan,nan,0.0,0.0,0.0,0.0,0.0,0.0,1.0
1779977964.9488523,nan,nan,nan,nan,nan,0.0,0.0,0.0,0.0,0.0,0.0,1.0
1779977964.9595706,nan,nan,nan,nan,nan,0.0,0.0,0.0,0.0,0.0,0.0,1.0
1779977964.9695313,nan,nan,nan,nan,nan,0.0,0.0,0.0,0.0,0.0,0.0,1.0
1779977964.9797883,nan,nan,nan,nan,nan,0.0,0.0,0.0,0.0,0.0,0.0,1.0
1779977964.9902444,nan,nan,nan,nan,nan,0.0,0.0,0.0,0.0,0.0,0.0,1.0
1779977965.0002067,nan,nan,nan,nan,nan,0.0,0.0,0.0,0.0,0.0,0.0,1.0
1779977965.010404,nan,nan,nan,nan,nan,0.0,0.0,0.0,0.0,0.0,0.0,1.0
1779977965.0211031,nan,nan,nan,nan,nan,0.0,0.0,0.0,0.0,0.0,0.0,1.0
1779977965.0313947,nan,nan,nan,nan,nan,0.0,0.0,0.0,0.0,0.0,0.0,1.0
1779977965.041654,nan,nan,nan,nan,nan,0.0,0.0,0.0,0.0,0.0,0.0,1.0
1779977965.0513937,nan,nan,nan,nan,nan,0.0,0.0,0.0,0.0,0.0,0.0,1.0
1779977965.061616,nan,nan,nan,nan,nan,0.0,0.0,0.0,0.0,0.0,0.0,1.0
1779977965.0719028,nan,nan,nan,nan,nan,0.0,0.0,0.0,0.0,0.0,0.0,1.0
1779977965.082242,nan,nan,nan,nan,nan,0.0,0.0,0.0,0.0,0.0,0.0,1.0
1779977965.0926294,nan,nan,nan,nan,nan,0.0,0.0,0.0,0.0,0.0,0.0,1.0
1779977965.1031923,nan,nan,nan,nan,nan,0.0,0.0,0.0,0.0,0.0,0.0,1.0
1779977965.113499,nan,nan,nan,nan,nan,0.0,0.0,0.0,0.0,0.0,0.0,1.0
1779977965.1238117,nan,nan,nan,nan,nan,0.0,0.0,0.0,0.0,0.0,0.0,1.0
1779977965.1340413,nan,nan,nan,nan,nan,0.0,0.0,0.0,0.0,0.0,0.0,1.0
1779977965.1441567,nan,nan,nan,nan,nan,0.0,0.0,0.0,0.0,0.0,0.0,1.0
1779977965.15473,nan,nan,nan,nan,nan,0.0,0.0,0.0,0.0,0.0,0.0,1.0
1779977965.1651855,nan,nan,nan,nan,nan,0.0,0.0,0.0,0.0,0.0,0.0,1.0
1779977965.1759782,nan,nan,nan,nan,nan,0.0,0.0,0.0,0.0,0.0,0.0,1.0
1779977965.1858296,nan,nan,nan,nan,nan,0.0,0.0,0.0,0.0,0.0,0.0,1.0
1779977965.1963265,nan,nan,nan,nan,nan,0.0,0.0,0.0,0.0,0.0,0.0,1.0
1779977965.2066724,nan,nan,nan,nan,nan,0.0,0.0,0.0,0.0,0.0,0.0,1.0
1779977965.2172105,nan,nan,nan,nan,nan,0.0,0.0,0.0,0.0,0.0,0.0,1.0
1779977965.227539,nan,nan,nan,nan,nan,0.0,0.0,0.0,0.0,0.0,0.0,1.0
1779977965.2376397,nan,nan,nan,nan,nan,0.0,0.0,0.0,0.0,0.0,0.0,1.0
1779977965.2477098,nan,nan,nan,nan,nan,0.0,0.0,0.0,0.0,0.0,0.0,1.0
1779977965.2586257,nan,nan,nan,nan,nan,0.0,0.0,0.0,0.0,0.0,0.0,1.0
1779977965.2686048,nan,nan,nan,nan,nan,0.0,0.0,0.0,0.0,0.0,0.0,1.0
1779977965.279024,nan,nan,nan,nan,nan,0.0,0.0,0.0,0.0,0.0,0.0,1.0
1779977965.2894685,nan,nan,nan,nan,nan,0.0,0.0,0.0,0.0,0.0,0.0,1.0
1779977965.299242,nan,nan,nan,nan,nan,0.0,0.0,0.0,0.0,0.0,0.0,1.0
1779977965.3098404,nan,nan,nan,nan,nan,0.0,0.0,0.0,0.0,0.0,0.0,1.0
1779977965.320559,nan,nan,nan,nan,nan,0.0,0.0,0.0,0.0,0.0,0.0,1.0
1779977965.3307614,nan,nan,nan,nan,nan,0.0,0.0,0.0,0.0,0.0,0.0,1.0
1779977965.3413203,nan,nan,nan,nan,nan,0.0,0.0,0.0,0.0,0.0,0.0,1.0
1779977965.3514876,nan,nan,nan,nan,nan,0.0,0.0,0.0,0.0,0.0,0.0,1.0
1779977965.361852,nan,nan,nan,nan,nan,0.0,0.0,0.0,0.0,0.0,0.0,1.0
1779977965.3721936,nan,nan,nan,nan,nan,0.0,0.0,0.0,0.0,0.0,0.0,1.0
1779977965.382095,nan,nan,nan,nan,nan,0.0,0.0,0.0,0.0,0.0,0.0,1.0
1779977965.392489,nan,nan,nan,nan,nan,0.0,0.0,0.0,0.0,0.0,0.0,1.0
1779977965.4029107,nan,nan,nan,nan,nan,0.0,0.0,0.0,0.0,0.0,0.0,1.0
1779977965.4126058,nan,nan,nan,nan,nan,0.0,0.0,0.0,0.0,0.0,0.0,1.0
1779977965.4230475,nan,nan,nan,nan,nan,0.0,0.0,0.0,0.0,0.0,0.0,1.0
1779977965.4329495,nan,nan,nan,nan,nan,0.0,0.0,0.0,0.0,0.0,0.0,1.0
1779977965.4432952,nan,nan,nan,nan,nan,0.0,0.0,0.0,0.0,0.0,0.0,1.0
1779977965.4535608,nan,nan,nan,nan,nan,0.0,0.0,0.0,0.0,0.0,0.0,1.0
1779977965.4638946,nan,nan,nan,nan,nan,0.0,0.0,0.0,0.0,0.0,0.0,1.0
1779977965.473922,nan,nan,nan,nan,nan,0.0,0.0,0.0,0.0,0.0,0.0,1.0
1779977965.4840662,nan,nan,nan,nan,nan,0.0,0.0,0.0,0.0,0.0,0.0,1.0
1779977965.4944155,nan,nan,nan,nan,nan,0.0,0.0,0.0,0.0,0.0,0.0,1.0
1779977965.504941,nan,nan,nan,nan,nan,0.0,0.0,0.0,0.0,0.0,0.0,1.0
1779977965.5151107,nan,nan,nan,nan,nan,0.0,0.0,0.0,0.0,0.0,0.0,1.0
1779977965.5256379,nan,nan,nan,nan,nan,0.0,0.0,0.0,0.0,0.0,0.0,1.0
1779977965.5357683,nan,nan,nan,nan,nan,0.0,0.0,0.0,0.0,0.0,0.0,1.0
1779977965.5464056,nan,nan,nan,nan,nan,0.0,0.0,0.0,0.0,0.0,0.0,1.0
1779977965.556927,nan,nan,nan,nan,nan,0.0,0.0,0.0,0.0,0.0,0.0,1.0
1779977965.5675216,nan,nan,nan,nan,nan,0.0,0.0,0.0,0.0,0.0,0.0,1.0
1779977965.5777183,nan,nan,nan,nan,nan,0.0,0.0,0.0,0.0,0.0,0.0,1.0
1779977965.5883577,nan,nan,nan,nan,nan,0.0,0.0,0.0,0.0,0.0,0.0,1.0
1779977965.5981278,nan,nan,nan,nan,nan,0.0,0.0,0.0,0.0,0.0,0.0,1.0
1779977965.6086175,nan,nan,nan,nan,nan,0.0,0.0,0.0,0.0,0.0,0.0,1.0
1779977965.618691,nan,nan,nan,nan,nan,0.0,0.0,0.0,0.0,0.0,0.0,1.0
1779977965.6286395,nan,nan,nan,nan,nan,0.0,0.0,0.0,0.0,0.0,0.0,1.0
1779977965.6391075,nan,nan,nan,nan,nan,0.0,0.0,0.0,0.0,0.0,0.0,1.0
1779977965.6496344,nan,nan,nan,nan,nan,0.0,0.0,0.0,0.0,0.0,0.0,1.0
1779977965.660055,nan,nan,nan,nan,nan,0.0,0.0,0.0,0.0,0.0,0.0,1.0
1779977965.6703744,nan,nan,nan,nan,nan,0.0,0.0,0.0,0.0,0.0,0.0,1.0
1779977965.6810222,nan,nan,nan,nan,nan,0.0,0.0,0.0,0.0,0.0,0.0,1.0
1779977965.6908941,nan,nan,nan,nan,nan,0.0,0.0,0.0,0.0,0.0,0.0,1.0
1779977965.7010672,nan,nan,nan,nan,nan,0.0,0.0,0.0,0.0,0.0,0.0,1.0
1779977965.7112327,nan,nan,nan,nan,nan,0.0,0.0,0.0,0.0,0.0,0.0,1.0
1779977965.721497,nan,nan,nan,nan,nan,0.0,0.0,0.0,0.0,0.0,0.0,1.0
1779977965.7318382,nan,nan,nan,nan,nan,0.0,0.0,0.0,0.0,0.0,0.0,1.0
1779977965.7418363,nan,nan,nan,nan,nan,0.0,0.0,0.0,0.0,0.0,0.0,1.0
1779977965.7520564,nan,nan,nan,nan,nan,0.0,0.0,0.0,0.0,0.0,0.0,1.0
1779977965.7621613,nan,nan,nan,nan,nan,0.0,0.0,0.0,0.0,0.0,0.0,1.0
1779977965.7724874,nan,nan,nan,nan,nan,0.0,0.0,0.0,0.0,0.0,0.0,1.0
1779977965.782568,nan,nan,nan,nan,nan,0.0,0.0,0.0,0.0,0.0,0.0,1.0
1779977965.7932062,nan,nan,nan,nan,nan,0.0,0.0,0.0,0.0,0.0,0.0,1.0
1779977965.8034468,nan,nan,nan,nan,nan,0.0,0.0,0.0,0.0,0.0,0.0,1.0
1779977965.813492,nan,nan,nan,nan,nan,0.0,0.0,0.0,0.0,0.0,0.0,1.0
1779977965.824175,nan,nan,nan,nan,nan,0.0,0.0,0.0,0.0,0.0,0.0,1.0
1779977965.8343666,nan,nan,nan,nan,nan,0.0,0.0,0.0,0.0,0.0,0.0,1.0
1779977965.8444116,nan,nan,nan,nan,nan,0.0,0.0,0.0,0.0,0.0,0.0,1.0
1779977965.8546398,nan,nan,nan,nan,nan,0.0,0.0,0.0,0.0,0.0,0.0,1.0
1779977965.8646107,nan,nan,nan,nan,nan,0.0,0.0,0.0,0.0,0.0,0.0,1.0
1779977965.8749719,nan,nan,nan,nan,nan,0.0,0.0,0.0,0.0,0.0,0.0,1.0
1779977965.8850088,nan,nan,nan,nan,nan,0.0,0.0,0.0,0.0,0.0,0.0,1.0
1779977965.8955293,nan,nan,nan,nan,nan,0.0,0.0,0.0,0.0,0.0,0.0,1.0
1779977965.9060585,nan,nan,nan,nan,nan,0.0,0.0,0.0,0.0,0.0,0.0,1.0
1779977965.916556,nan,nan,nan,nan,nan,0.0,0.0,0.0,0.0,0.0,0.0,1.0
1779977965.9270737,nan,nan,nan,nan,nan,0.0,0.0,0.0,0.0,0.0,0.0,1.0
1779977965.9374647,nan,nan,nan,nan,nan,0.0,0.0,0.0,0.0,0.0,0.0,1.0
1779977965.9475262,nan,nan,nan,nan,nan,0.0,0.0,0.0,0.0,0.0,0.0,1.0
1779977965.9577568,nan,nan,nan,nan,nan,0.0,0.0,0.0,0.0,0.0,0.0,1.0
1779977965.9683802,nan,nan,nan,nan,nan,0.0,0.0,0.0,0.0,0.0,0.0,1.0
1779977965.978498,nan,nan,nan,nan,nan,0.0,0.0,0.0,0.0,0.0,0.0,1.0
1779977965.9894028,nan,nan,nan,nan,nan,0.0,0.0,0.0,0.0,0.0,0.0,1.0
1779977965.9995575,nan,nan,nan,nan,nan,0.0,0.0,0.0,0.0,0.0,0.0,1.0
1779977966.0100741,nan,nan,nan,nan,nan,0.0,0.0,0.0,0.0,0.0,0.0,1.0
1779977966.020283,nan,nan,nan,nan,nan,0.0,0.0,0.0,0.0,0.0,0.0,1.0
1779977966.030397,nan,nan,nan,nan,nan,0.0,0.0,0.0,0.0,0.0,0.0,1.0
1779977966.040893,nan,nan,nan,nan,nan,0.0,0.0,0.0,0.0,0.0,0.0,1.0
1779977966.051314,nan,nan,nan,nan,nan,0.0,0.0,0.0,0.0,0.0,0.0,1.0
1779977966.0616493,nan,nan,nan,nan,nan,0.0,0.0,0.0,0.0,0.0,0.0,1.0
1779977966.072041,nan,nan,nan,nan,nan,0.0,0.0,0.0,0.0,0.0,0.0,1.0
1779977966.0819154,nan,nan,nan,nan,nan,0.0,0.0,0.0,0.0,0.0,0.0,1.0
1779977966.0923655,nan,nan,nan,nan,nan,0.0,0.0,0.0,0.0,0.0,0.0,1.0
1779977966.102897,nan,nan,nan,nan,nan,0.0,0.0,0.0,0.0,0.0,0.0,1.0
1779977966.113431,nan,nan,nan,nan,nan,0.0,0.0,0.0,0.0,0.0,0.0,1.0
1779977966.1237857,nan,nan,nan,nan,nan,0.0,0.0,0.0,0.0,0.0,0.0,1.0
1779977966.1340542,nan,nan,nan,nan,nan,0.0,0.0,0.0,0.0,0.0,0.0,1.0
1779977966.1443639,nan,nan,nan,nan,nan,0.0,0.0,0.0,0.0,0.0,0.0,1.0
1779977966.1549017,nan,nan,nan,nan,nan,0.0,0.0,0.0,0.0,0.0,0.0,1.0
1779977966.1653888,nan,nan,nan,nan,nan,0.0,0.0,0.0,0.0,0.0,0.0,1.0
1779977966.1760068,nan,nan,nan,nan,nan,0.0,0.0,0.0,0.0,0.0,0.0,1.0
1779977966.1866684,nan,nan,nan,nan,nan,0.0,0.0,0.0,0.0,0.0,0.0,1.0
1779977966.1966033,nan,nan,nan,nan,nan,0.0,0.0,0.0,0.0,0.0,0.0,1.0
1779977966.2067916,nan,nan,nan,nan,nan,0.0,0.0,0.0,0.0,0.0,0.0,1.0
1779977966.2168627,nan,nan,nan,nan,nan,0.0,0.0,0.0,0.0,0.0,0.0,1.0
1779977966.2270992,nan,nan,nan,nan,nan,0.0,0.0,0.0,0.0,0.0,0.0,1.0
1779977966.2376156,nan,nan,nan,nan,nan,0.0,0.0,0.0,0.0,0.0,0.0,1.0
1779977966.2480266,nan,nan,nan,nan,nan,0.0,0.0,0.0,0.0,0.0,0.0,1.0
1779977966.2579591,nan,nan,nan,nan,nan,0.0,0.0,0.0,0.0,0.0,0.0,1.0
1779977966.2680824,nan,nan,nan,nan,nan,0.0,0.0,0.0,0.0,0.0,0.0,1.0
1779977966.2784789,nan,nan,nan,nan,nan,0.0,0.0,0.0,0.0,0.0,0.0,1.0
1779977966.2887564,nan,nan,nan,nan,nan,0.0,0.0,0.0,0.0,0.0,0.0,1.0
